P0_x,P0_y,P1_x,P1_y,P2_x,P2_y,P3_x,P3_y,P4_x,P4_y,P5_x,P5_y,P6_x,P6_y,P7_x,P7_y,P8_x,P8_y,P9_x,P9_y,P10_x,P10_y,P11_x,P11_y,P12_x,P12_y,P13_x,P13_y,P14_x,P14_y,P15_x,P15_y,P16_x,P16_y,P17_x,P17_y,P18_x,P18_y,P19_x,P19_y,P20_x,P20_y,frame_number,timestamp
270.6101417541504,511.22328758239746,297.9525947570801,479.1469430923462,312.5544738769531,436.0771894454956,301.36898040771484,399.0566110610962,281.0426902770996,377.8763008117676,333.7851333618164,415.72497367858887,331.0116195678711,372.5558280944824,321.4656448364258,394.4212818145752,320.84144592285156,415.60657024383545,307.52685546875,413.8482427597046,303.9164924621582,377.60318756103516,298.4016990661621,400.85553646087646,300.6349563598633,417.92288303375244,283.789005279541,415.4831027984619,280.1492691040039,387.6019477844238,278.9536666870117,407.8780746459961,279.97974395751953,421.6987466812134,261.4604377746582,419.6467924118042,262.97937393188477,397.1565771102905,263.02486419677734,412.02545642852783,263.20289611816406,424.3673515319824,1,1787749209.1054974
277.52222061157227,510.8874320983887,306.9367027282715,482.1256971359253,321.3045883178711,438.34805488586426,312.6028060913086,400.72601795196533,294.46325302124023,377.55452156066895,335.4641342163086,410.3187131881714,331.92493438720703,369.5364761352539,324.15489196777344,393.0233573913574,323.6489486694336,413.36883544921875,309.7151184082031,408.81521701812744,303.59100341796875,375.56243419647217,300.607967376709,402.9113960266113,303.0446243286133,419.14215087890625,286.3191795349121,412.19162464141846,280.7335090637207,388.14456939697266,282.3516273498535,411.03243827819824,284.46720123291016,424.52914237976074,266.0469055175781,418.9185619354248,266.7272758483887,397.1743869781494,267.6301574707031,412.12815284729004,267.2079086303711,424.27868843078613,2,1787749209.1406202
277.19947814941406,513.3953189849854,306.12401962280273,482.018837928772,318.5150337219238,439.00496006011963,310.7423210144043,401.6635465621948,293.9262390136719,378.13555240631104,335.96492767333984,410.93841075897217,330.56751251220703,370.52687644958496,324.45640563964844,396.84539794921875,326.6600799560547,417.50664710998535,310.29197692871094,409.697470664978,304.72490310668945,375.1692867279053,301.3278007507324,406.52568340301514,304.6881294250488,422.20351696014404,286.81041717529297,411.66526794433594,282.1329116821289,385.03071784973145,282.55054473876953,412.1624422073364,285.23365020751953,425.84333896636963,265.36306381225586,415.6319332122803,267.08879470825195,392.1096467971802,267.3223876953125,410.50891399383545,267.4982452392578,423.51513862609863,3,1787749209.2135184
277.7703857421875,514.6715784072876,306.2566375732422,483.898229598999,318.59737396240234,441.03601455688477,311.04333877563477,403.292441368103,294.3406105041504,379.0149736404419,335.7207489013672,410.0806188583374,330.10929107666016,370.94826221466064,323.6137008666992,396.35762214660645,325.33958435058594,416.2928295135498,309.9199867248535,408.9388132095337,303.8152885437012,375.72946071624756,300.51565170288086,406.0553312301636,303.82543563842773,422.0650291442871,286.3414001464844,411.3919401168823,280.99313735961914,386.1932945251465,281.8759346008301,411.83534145355225,284.6695137023926,425.8114528656006,265.10684967041016,416.2878084182739,266.4297866821289,393.01151275634766,266.8908500671387,409.3658208847046,267.3967170715332,421.7030382156372,4,1787749209.2576098
280.36563873291016,519.4330787658691,307.2372055053711,487.90085792541504,319.04239654541016,442.7089834213257,312.56832122802734,404.6755599975586,295.43956756591797,380.45276641845703,333.0671691894531,414.83203411102295,330.49190521240234,373.2061243057251,322.82745361328125,395.2051305770874,322.9526138305664,414.26331996917725,307.4698066711426,414.79405403137207,303.4770393371582,380.77609062194824,298.87651443481445,405.7771110534668,301.0917854309082,419.87913608551025,283.914737701416,418.78530979156494,279.6083450317383,391.9183301925659,279.24718856811523,411.99889183044434,281.3671875,423.1165409088135,262.52119064331055,425.35290241241455,262.8222465515137,400.4903268814087,263.3835983276367,412.73149967193604,263.99030685424805,422.8141164779663,5,1787749209.310241
283.75232696533203,520.2351236343384,310.1003837585449,485.6650114059448,321.20723724365234,440.76762199401855,314.2682647705078,402.8409719467163,294.0227508544922,381.44561290740967,331.74854278564453,415.2151393890381,330.5255126953125,372.80126094818115,323.9912414550781,394.18009757995605,323.1336975097656,413.94201278686523,305.83545684814453,416.2880229949951,301.16540908813477,382.73290157318115,297.7456474304199,406.2563896179199,299.54442977905273,420.2922821044922,282.030029296875,421.7299461364746,277.31842041015625,396.0400915145874,277.5543975830078,414.42309379577637,279.4572639465332,425.07802963256836,260.68920135498047,429.5915651321411,260.40151596069336,405.47236919403076,260.87467193603516,416.6151237487793,261.1353874206543,426.3085412979126,6,1787749209.3667653
287.77074813842773,520.9190654754639,315.3342819213867,486.25046253204346,326.3601303100586,439.61392879486084,315.6401062011719,402.1619653701782,292.42862701416016,382.09659576416016,335.3451919555664,413.3593940734863,332.5584411621094,371.0635757446289,327.8908157348633,395.76045513153076,328.24764251708984,417.287220954895,309.0199089050293,415.62854290008545,304.1957092285156,378.35437774658203,303.7384033203125,406.2970304489136,305.49095153808594,423.94969940185547,285.10046005249023,421.19389057159424,279.97447967529297,392.6073360443115,283.682861328125,416.00945949554443,285.277099609375,430.8128070831299,263.751277923584,429.44316387176514,263.1474304199219,405.61493396759033,266.3007354736328,421.5232229232788,267.26186752319336,434.6970748901367,7,1787749209.4265392
291.3812255859375,526.8533134460449,315.74243545532227,493.97719860076904,325.5894088745117,445.0510883331299,317.25887298583984,406.2623119354248,296.2626075744629,382.36262798309326,335.1339340209961,414.6194314956665,333.6300277709961,371.8217611312866,327.44266510009766,395.8144426345825,327.3571014404297,416.08838081359863,310.191593170166,416.0592842102051,307.87668228149414,378.2387638092041,304.82385635375977,406.29286766052246,305.7598686218262,421.64613246917725,286.74938201904297,421.6442012786865,283.5480499267578,392.5543785095215,285.528507232666,415.8954334259033,286.4955711364746,428.6617612838745,265.2123832702637,430.6132936477661,265.45867919921875,405.3935766220093,267.92932510375977,421.10913276672363,268.3479690551758,432.8929567337036,8,1787749209.480945
292.64373779296875,529.8835229873657,312.2472953796387,495.13827323913574,322.6499557495117,444.5167064666748,317.12976455688477,405.7325220108032,293.7514114379883,384.38299655914307,332.65098571777344,414.7621250152588,332.5232696533203,371.49633407592773,327.2975540161133,395.6509780883789,326.29703521728516,416.141037940979,308.4502983093262,416.74893379211426,305.07551193237305,381.00388526916504,302.5690460205078,407.84640312194824,302.98004150390625,422.3880100250244,285.2519989013672,423.69495391845703,280.8047103881836,396.08262062072754,282.94776916503906,418.9295482635498,283.3841323852539,431.26736640930176,263.59241485595703,434.2998933792114,263.3177185058594,412.8480577468872,265.7145118713379,428.0075168609619,265.5352592468262,438.8602066040039,9,1787749209.539547
289.23004150390625,529.2440843582153,308.07899475097656,493.7003517150879,318.2706642150879,445.3408098220825,314.9308395385742,407.01560497283936,294.58608627319336,383.8518762588501,334.1543197631836,413.3905076980591,330.5186462402344,371.04186058044434,321.79901123046875,396.14068508148193,322.60730743408203,417.0883512496948,311.3877296447754,415.36791801452637,305.9940528869629,378.3644199371338,299.23227310180664,407.3534345626831,301.6748237609863,423.81988048553467,289.19336318969727,420.97764015197754,282.07305908203125,394.04839038848877,280.4932403564453,419.4691228866577,283.78868103027344,433.9468288421631,268.32563400268555,429.27459239959717,265.9001922607422,407.1983814239502,265.0602149963379,424.0804624557495,266.8048095703125,436.9104337692261,10,1787749209.6068678
289.4294738769531,530.8412647247314,306.8712615966797,494.37562465667725,318.2725524902344,443.72045516967773,316.12096786499023,405.3123378753662,293.53641510009766,384.5492935180664,333.36952209472656,414.18113708496094,330.30155181884766,370.4070997238159,321.79649353027344,395.24800300598145,321.9715118408203,416.3802909851074,311.00170135498047,416.4306306838989,303.3928680419922,378.71907234191895,296.5224075317383,406.9582271575928,298.3012580871582,424.2062044143677,288.8602066040039,422.9316186904907,279.75610733032227,395.0212812423706,277.6897430419922,420.22730827331543,280.27618408203125,435.313982963562,268.2687187194824,432.5027275085449,265.3364372253418,410.1828861236572,264.0858268737793,425.98015308380127,264.97217178344727,438.6416816711426,11,1787749209.6638136
290.0177001953125,524.4170522689819,305.50065994262695,486.38959407806396,315.25156021118164,437.8936243057251,312.1920967102051,400.97522735595703,291.82106018066406,380.90380668640137,335.5123519897461,408.94829750061035,329.68238830566406,366.6522216796875,318.4715270996094,392.7757787704468,319.700984954834,413.0211353302002,313.78135681152344,411.4195775985718,304.65709686279297,374.63215827941895,297.2353744506836,404.15083408355713,300.9051322937012,420.4338598251343,292.0918846130371,416.6745185852051,281.3323211669922,389.9479150772095,279.13068771362305,416.1869144439697,282.76567459106445,430.2691984176636,272.0710754394531,423.820481300354,267.3901176452637,401.88735008239746,265.7532501220703,419.03876781463623,267.36576080322266,431.2489128112793,12,1787749209.707419
292.0915412902832,525.7034397125244,313.54021072387695,488.8629341125488,322.91603088378906,438.53538036346436,315.1169204711914,400.3645849227905,294.3038749694824,379.5083713531494,337.845458984375,407.4379348754883,328.01342010498047,368.0129814147949,319.7003173828125,396.3730716705322,322.98133850097656,414.5687484741211,313.17060470581055,410.2921485900879,301.55542373657227,376.5091896057129,298.82286071777344,408.38104248046875,304.4704055786133,422.6377773284912,289.24665451049805,417.4083709716797,277.8902816772461,391.98999881744385,280.3741264343262,419.87544536590576,285.5957794189453,432.703914642334,267.36427307128906,426.9476795196533,263.43488693237305,406.33882999420166,264.9808120727539,425.28831481933594,267.28458404541016,437.392201423645,13,1787749209.7572956
293.41466903686523,523.4505987167358,316.08489990234375,486.7405128479004,324.4123077392578,437.97765254974365,314.991397857666,400.1672601699829,293.5397720336914,379.26246643066406,337.97447204589844,408.99181365966797,329.5660400390625,366.2531089782715,325.4743957519531,392.3572254180908,327.8063201904297,411.33331775665283,312.8916931152344,412.652792930603,301.8998908996582,376.6474199295044,303.5360908508301,406.85462951660156,308.11620712280273,421.2165927886963,288.5375213623047,420.29258251190186,278.41217041015625,392.56587982177734,284.345645904541,418.3230686187744,288.23205947875977,431.20749950408936,265.99157333374023,430.567889213562,262.88089752197266,409.8430395126343,267.0315933227539,427.80096530914307,268.5491943359375,439.84901905059814,14,1787749209.82454
293.2971954345703,523.0991220474243,316.59610748291016,486.0886287689209,324.98348236083984,437.6766872406006,314.9557876586914,400.0180435180664,294.3847465515137,378.92064571380615,339.08573150634766,408.116512298584,328.43944549560547,366.59475803375244,324.0605163574219,392.492880821228,327.7275848388672,411.85521125793457,313.89516830444336,412.0995283126831,301.51540756225586,376.8395519256592,302.3411750793457,406.7013359069824,307.76317596435547,421.106858253479,289.4087791442871,420.0471067428589,278.27978134155273,392.67282485961914,283.60599517822266,418.61210346221924,288.4676742553711,431.7014980316162,266.79296493530273,430.7645273208618,262.2752571105957,409.777250289917,266.2022590637207,428.59867572784424,268.70513916015625,441.4803171157837,15,1787749209.8771026
293.09003829956055,522.1570444107056,316.8339729309082,485.3363227844238,325.3175735473633,437.47060775756836,315.1443672180176,400.0330638885498,294.87525939941406,378.53333473205566,338.9448547363281,408.11681270599365,328.8140869140625,366.50553703308105,324.1188049316406,392.4839115142822,327.28343963623047,411.919584274292,313.8884162902832,411.847186088562,301.32612228393555,376.92100524902344,302.1893119812012,406.84922218322754,307.5640296936035,421.30959033966064,289.52587127685547,419.63147163391113,278.30711364746094,392.83637523651123,283.76440048217773,418.6951017379761,288.6260223388672,431.7806339263916,266.9724655151367,430.18933296203613,262.40991592407227,409.53765392303467,266.4148712158203,428.1917953491211,268.9255905151367,440.9623718261719,16,1787749209.9310791
293.84613037109375,519.5038890838623,319.42819595336914,481.33184909820557,328.50196838378906,433.62268924713135,317.0644187927246,397.1936559677124,294.5816230773926,377.44701862335205,336.92481994628906,405.6396961212158,328.96175384521484,364.1107749938965,325.5705261230469,390.3509330749512,327.4516296386719,410.1973485946655,312.1071243286133,409.6295356750488,300.6729316711426,374.4619131088257,303.5383415222168,404.52990531921387,308.22364807128906,420.16087532043457,288.3465576171875,417.8937005996704,277.836971282959,390.26214122772217,284.7396469116211,416.49139881134033,288.86335372924805,430.7155179977417,266.4165687561035,428.8613176345825,262.81097412109375,408.8751697540283,267.9054641723633,426.55152797698975,269.5717430114746,438.6682891845703,17,1787749209.98128
294.3672180175781,513.9208173751831,319.94794845581055,469.84057903289795,329.0103530883789,423.345365524292,320.10807037353516,389.8134183883667,296.12905502319336,373.33487033843994,334.65431213378906,400.83635330200195,329.28722381591797,360.8887767791748,320.85479736328125,384.4557809829712,319.95067596435547,405.47515869140625,311.71607971191406,404.09165382385254,302.82644271850586,369.94434356689453,300.2407455444336,395.9629726409912,303.21176528930664,414.6897268295288,289.4997787475586,411.8289041519165,279.7644233703613,385.06547927856445,281.32740020751953,408.10076236724854,284.2692565917969,424.73844051361084,268.6511421203613,422.2736406326294,265.93236923217773,401.38588428497314,267.56988525390625,415.42194843292236,268.73159408569336,427.66801357269287,18,1787749210.0041344
293.73666763305664,513.7019491195679,319.6998596191406,470.06275177001953,329.02549743652344,422.69837379455566,319.67493057250977,388.55106353759766,295.78760147094727,372.4675941467285,334.13848876953125,401.54364109039307,327.8009033203125,361.9197750091553,321.4271926879883,385.7908344268799,321.5913391113281,407.12478160858154,310.70064544677734,405.5802583694458,300.6193733215332,372.19624042510986,300.5073547363281,398.08517932891846,304.260311126709,416.27888202667236,288.1493949890137,413.7979459762573,278.0150032043457,387.20678329467773,281.8539047241211,410.42664527893066,285.4084777832031,426.9109010696411,267.17424392700195,424.36748027801514,264.4270896911621,402.8098154067993,267.61646270751953,417.43244647979736,269.1037368774414,430.3860139846802,19,1787749210.0584064
301.5856742858887,506.5354299545288,323.56773376464844,464.21266078948975,330.70228576660156,419.4526433944702,324.4876480102539,387.3751401901245,304.8512840270996,371.13460063934326,329.98252868652344,398.6110210418701,330.2777099609375,358.77978801727295,321.004638671875,372.2269678115845,314.8887825012207,393.5285997390747,308.98704528808594,400.3170347213745,304.87138748168945,365.60766220092773,298.36774826049805,379.13487911224365,296.82464599609375,396.5291976928711,289.61835861206055,406.81046962738037,286.0821533203125,372.93545722961426,283.2428550720215,384.96042251586914,283.28502655029297,401.4608573913574,271.9393539428711,416.4135932922363,269.48041915893555,387.95295238494873,269.0864944458008,393.1150245666504,270.4963493347168,403.9466857910156,20,1787749210.1489477
298.0055809020996,502.0172166824341,323.3143615722656,460.45692443847656,331.70886993408203,415.334529876709,324.6152114868164,381.8552827835083,302.5666618347168,367.9745292663574,331.7268371582031,398.0069875717163,331.93809509277344,358.3224391937256,322.68428802490234,372.55908966064453,317.07860946655273,392.81800746917725,309.21226501464844,400.43320655822754,305.23143768310547,365.8012104034424,298.75431060791016,380.16690731048584,298.0973434448242,397.36613273620605,288.1405258178711,407.5709295272827,283.9083671569824,375.5595588684082,281.16222381591797,387.0170545578003,281.74022674560547,402.48743534088135,268.29925537109375,417.51020908355713,266.9641876220703,391.53711318969727,266.5774345397949,395.1600694656372,267.70458221435547,404.22027111053467,21,1787749210.2070963
302.70498275756836,487.1507406234741,273.60185623168945,448.06262969970703,262.6149559020996,412.0660972595215,267.5091743469238,385.9793186187744,276.7066955566406,368.7743854522705,290.720157623291,382.7622985839844,291.2329864501953,351.10832691192627,282.2598648071289,347.30019092559814,273.6326789855957,356.57981872558594,305.98161697387695,380.6333541870117,307.1025085449219,347.1332287788391,296.03742599487305,344.9796724319458,284.56579208374023,355.78442573547363,321.4357376098633,381.5779638290405,323.3331298828125,346.9722318649292,311.25064849853516,343.0410146713257,300.09233474731445,352.6202344894409,337.7059555053711,386.4425039291382,339.1798400878906,353.0792570114136,329.5132827758789,341.70872926712036,318.7568473815918,342.6495409011841,22,1787749210.2745454
301.5277290344238,466.3655948638916,272.9140090942383,428.9683485031128,260.7660102844238,393.9685249328613,265.3896903991699,368.18687438964844,272.1956253051758,351.8301200866699,282.4983787536621,365.2097511291504,284.056339263916,337.1898937225342,282.6673889160156,334.282443523407,279.70197677612305,341.3871216773987,299.80167388916016,362.2742557525635,300.65967559814453,333.44205379486084,298.2261657714844,329.74491834640503,291.9135284423828,335.97543239593506,317.2048568725586,362.520546913147,317.7746772766113,333.31099033355713,312.76756286621094,326.4050102233887,304.4754219055176,329.6276092529297,336.219482421875,366.2080907821655,336.9847869873047,337.0407199859619,329.83043670654297,324.83763456344604,319.63390350341797,320.87279319763184,23,1787749210.3382235
302.8810691833496,457.03442573547363,272.3715591430664,423.5832452774048,260.2836227416992,390.3545808792114,266.2736511230469,367.1645450592041,275.42510986328125,354.1404676437378,284.72665786743164,363.9364957809448,285.5900764465332,338.5140037536621,281.44479751586914,336.565260887146,276.1679267883301,343.8901162147522,302.1240234375,361.17806911468506,302.59090423583984,334.1888236999512,296.81684494018555,333.21043968200684,288.3361053466797,340.9738254547119,319.79923248291016,361.1054992675781,320.7343292236328,332.608745098114,312.6220512390137,328.39684009552,302.9897117614746,332.88769483566284,338.87550354003906,363.8141441345215,339.64656829833984,333.86805295944214,332.38311767578125,324.7822093963623,323.1631088256836,324.0793204307556,24,1787749210.3795063
296.9107437133789,433.0191707611084,272.1876335144043,394.6262454986572,261.71478271484375,365.1829719543457,262.8781509399414,341.6961121559143,261.8224906921387,322.7339458465576,290.7804870605469,347.36992835998535,290.4448890686035,323.070809841156,282.4949264526367,313.2124900817871,272.08507537841797,310.26066541671753,305.111026763916,342.1648979187012,303.7042808532715,317.1754002571106,293.6264419555664,307.71374702453613,279.34051513671875,307.1496033668518,319.7133445739746,339.24171924591064,318.2611846923828,311.6055679321289,306.4409637451172,302.8282642364502,291.25083923339844,305.12067317962646,335.4069519042969,339.25609588623047,336.4635467529297,309.5620036125183,325.93994140625,299.613196849823,311.49892807006836,300.2726340293884,25,1787749210.423434
286.20012283325195,411.1930274963379,265.7401657104492,375.54707050323486,260.0552749633789,344.15992498397827,265.53836822509766,321.9084906578064,271.3623809814453,305.9537672996521,294.3337631225586,328.04240226745605,295.6966018676758,305.26988983154297,286.1000061035156,300.53274393081665,275.8868217468262,303.2511520385742,308.1586265563965,324.3079090118408,306.7178153991699,299.04722929000854,294.85559463500977,292.6720905303955,281.0323715209961,297.51656770706177,321.97338104248047,322.86434412002563,320.74241638183594,294.50092792510986,306.5769386291504,288.3696985244751,291.1204147338867,293.3755159378052,336.4995574951172,323.6157488822937,335.5071258544922,293.3986258506775,322.7698516845703,285.682897567749,307.71358489990234,288.92300605773926,26,1787749210.4764094
288.4748840332031,407.0462894439697,265.10772705078125,375.31957626342773,257.7134323120117,343.51673126220703,263.1899642944336,321.82493448257446,269.8348045349121,308.02024841308594,288.7953758239746,323.7427568435669,287.67860412597656,301.8403959274292,280.05054473876953,299.26257848739624,273.8549041748047,304.24211025238037,304.1183280944824,320.2143859863281,301.18675231933594,295.6049680709839,290.73741912841797,293.71808767318726,281.3340187072754,301.26086711883545,319.9191665649414,320.07351636886597,316.59191131591797,292.3262572288513,303.4758758544922,288.20584774017334,292.72377014160156,295.1054549217224,336.14288330078125,323.2346820831299,335.54080963134766,293.73581171035767,323.03611755371094,286.6114568710327,310.73558807373047,291.75825119018555,27,1787749210.5422254
285.34046173095703,392.73247718811035,263.1452941894531,361.2982749938965,257.3761749267578,333.4342861175537,262.3457145690918,314.4134759902954,270.11173248291016,302.1953272819519,293.57654571533203,321.1529016494751,292.4089241027832,302.7421760559082,281.67877197265625,295.8376979827881,271.7296028137207,295.4276418685913,307.95642852783203,316.427321434021,305.2031898498535,294.70786571502686,292.01820373535156,287.95080184936523,278.26751708984375,289.5989441871643,324.0975570678711,314.7857666015625,320.39817810058594,288.2496643066406,304.73644256591797,281.2588834762573,289.8773765563965,283.8329029083252,340.78243255615234,315.08804082870483,338.04744720458984,286.49893283843994,322.59944915771484,279.24832105636597,306.76761627197266,282.3452425003052,28,1787749210.5850403
286.03105545043945,390.3706741333008,263.51722717285156,362.20786571502686,258.21699142456055,333.5857129096985,263.3437156677246,313.757643699646,270.5901336669922,301.71658515930176,292.90998458862305,322.26775646209717,291.7773628234863,305.0871777534485,282.62596130371094,298.46810817718506,274.17919158935547,296.60412311553955,307.1219062805176,317.81033277511597,305.1792907714844,296.8385696411133,293.6023712158203,289.3404221534729,281.18064880371094,289.04765367507935,322.75169372558594,316.2699294090271,320.6077194213867,290.0518727302551,306.29085540771484,282.1484327316284,291.9685745239258,283.6219310760498,338.53515625,316.93601846694946,336.35913848876953,288.43229055404663,321.6749954223633,278.700635433197,305.83593368530273,279.3588709831238,29,1787749210.619725
288.77843856811523,378.96557807922363,267.26497650146484,356.1151099205017,261.7955207824707,329.13049936294556,266.4657783508301,307.8395962715149,273.3760070800781,293.11598539352417,296.6041374206543,315.4226517677307,296.2620544433594,296.74110889434814,287.59952545166016,287.5594997406006,278.5607147216797,284.7875761985779,311.5737533569336,310.1336359977722,309.4994926452637,289.2349362373352,298.19366455078125,279.84347105026245,284.6168899536133,278.55616092681885,327.4238586425781,307.72891759872437,324.07718658447266,283.7122678756714,310.3105163574219,273.9342212677002,295.2008056640625,273.36488485336304,343.29978942871094,307.4995994567871,340.54149627685547,280.7456588745117,327.37789154052734,270.9755516052246,312.5772285461426,270.5691432952881,30,1787749210.6719196
288.9881706237793,377.7322769165039,265.43712615966797,356.1075782775879,259.74584579467773,328.62512826919556,265.39087295532227,307.4757170677185,272.2615051269531,293.60373973846436,291.68737411499023,316.7686915397644,291.85455322265625,300.1778769493103,285.49049377441406,293.2267928123474,278.5271453857422,291.12284660339355,307.6657295227051,311.90664052963257,305.86997985839844,291.72258853912354,296.6576385498047,282.900652885437,284.40738677978516,282.1228337287903,324.1658401489258,309.71473932266235,321.5262985229492,285.3387379646301,308.84632110595703,276.02303981781006,294.53718185424805,276.3487243652344,341.2870407104492,309.7475051879883,339.53067779541016,282.2670078277588,326.3641357421875,271.78444147109985,311.1956214904785,271.7353677749634,31,1787749210.7209182
294.24266815185547,366.21160984039307,320.18299102783203,340.55020809173584,336.5629577636719,311.79205656051636,333.87939453125,286.05553150177,318.7221336364746,276.7471718788147,320.50487518310547,295.38219451904297,321.94828033447266,278.1494951248169,319.47105407714844,285.1599311828613,313.8688278198242,298.5218811035156,306.6501998901367,293.5922169685364,307.8742980957031,274.0012550354004,308.01034927368164,284.85031843185425,304.012393951416,302.1230149269104,295.25442123413086,294.9021005630493,296.002197265625,273.173246383667,299.3473815917969,288.5516166687012,297.84618377685547,309.51810121536255,285.387020111084,299.9092698097229,289.57014083862305,279.2512607574463,291.51966094970703,289.40608263015747,288.7240791320801,306.9343829154968,32,1787749210.786123
291.8936347961426,356.18027687072754,279.23160552978516,332.54621744155884,283.0257987976074,310.76032876968384,291.4500617980957,293.377103805542,297.4435615539551,279.64133977890015,305.69040298461914,294.28130865097046,309.5431327819824,276.78860664367676,304.1194534301758,274.52585220336914,296.88791275024414,280.4936385154724,312.6796531677246,291.3926124572754,313.71694564819336,272.70188570022583,307.9697799682617,281.2758779525757,299.2697334289551,297.01767683029175,320.5801010131836,291.3266086578369,316.81230545043945,270.7261919975281,309.53857421875,283.89695405960083,301.1761474609375,302.43088960647583,329.3946075439453,294.0656590461731,330.3986358642578,270.17101764678955,320.9044647216797,272.24642515182495,307.99718856811523,283.8465929031372,33,1787749210.852142
296.77764892578125,357.41883516311646,289.8078155517578,332.07470655441284,294.3560600280762,308.75410079956055,302.5516128540039,290.4547190666199,306.77879333496094,276.82381868362427,305.1849937438965,293.43993186950684,307.65981674194336,277.7440094947815,303.24134826660156,281.07336044311523,296.4264678955078,292.64992475509644,309.79248046875,290.69783449172974,309.52816009521484,271.57739639282227,305.72580337524414,283.24498414993286,299.4865417480469,301.54653310775757,315.8141899108887,290.87013959884644,310.8591079711914,269.4738578796387,306.32055282592773,285.2824330329895,301.08572006225586,306.078200340271,322.61077880859375,294.9371838569641,322.2825241088867,272.03105449676514,314.00794982910156,274.86239433288574,303.1626510620117,286.20397567749023,34,1787749210.9012258
295.46886444091797,352.58482933044434,297.7742385864258,330.2403974533081,307.45574951171875,308.25993061065674,314.2848587036133,290.89962244033813,315.67989349365234,277.69296169281006,312.12940216064453,293.8705015182495,314.09393310546875,276.12009286880493,310.5803871154785,273.44674587249756,304.50366973876953,277.96918630599976,310.1548194885254,291.51790380477905,311.6978073120117,270.47247648239136,310.91604232788086,281.5450429916382,306.0785484313965,298.32168102264404,310.03435134887695,291.7847514152527,307.6057815551758,268.2908320426941,306.89449310302734,284.87016677856445,302.4520683288574,304.8708415031433,310.777530670166,294.9172282218933,310.13187408447266,271.39597177505493,305.34765243530273,278.5861587524414,296.87938690185547,293.17469358444214,35,1787749210.9469516
297.5063705444336,350.09498834609985,303.5876655578613,329.12841796875,313.75038146972656,305.4563784599304,318.62356185913086,288.49230766296387,319.84960556030273,275.7515573501587,315.7590103149414,289.581778049469,318.26250076293945,272.82812118530273,316.20866775512695,274.1682815551758,311.1392021179199,283.34632873535156,310.4206085205078,288.3330702781677,311.781063079834,268.69661808013916,311.7116165161133,283.6656403541565,307.6698684692383,302.6752495765686,306.41271591186523,289.7273254394531,304.42636489868164,267.79011726379395,305.0030708312988,288.03749084472656,301.84247970581055,309.3538427352905,302.69065856933594,294.8949980735779,302.4642753601074,271.5977168083191,300.24011611938477,282.42109537124634,294.5220375061035,299.00227546691895,36,1787749211.0018928
292.6618957519531,345.995135307312,313.6901092529297,331.62113428115845,330.3644561767578,307.9467558860779,329.63661193847656,289.25302505493164,320.2851104736328,279.3293881416321,324.2837905883789,290.2207016944885,327.82196044921875,273.95570039749146,324.95628356933594,271.694598197937,318.75232696533203,277.61030673980713,312.5629234313965,288.188316822052,315.2031707763672,268.4203290939331,315.7447814941406,278.40840339660645,311.5705680847168,294.3368411064148,301.8209457397461,289.084689617157,303.71015548706055,268.6242628097534,305.6420707702637,285.19638776779175,302.0794105529785,304.0034794807434,291.8035888671875,293.631591796875,297.0856475830078,274.3397068977356,296.41143798828125,285.5945563316345,290.507869720459,301.930947303772,37,1787749211.0510285
292.00883865356445,346.0316562652588,287.8190803527832,328.4305715560913,294.71282958984375,305.52197456359863,301.80248260498047,289.4827079772949,304.84169006347656,277.21795320510864,306.98463439941406,293.17435026168823,311.3834762573242,275.34255266189575,308.72310638427734,271.73343658447266,303.6603546142578,278.8704299926758,308.5898208618164,289.92868423461914,309.2779350280762,268.8813257217407,306.4674758911133,280.2770233154297,302.5665092468262,299.3291401863098,312.1791458129883,289.03520822525024,309.00293350219727,265.5540347099304,304.0527534484863,281.7785668373108,300.0779342651367,303.1635618209839,316.4512825012207,291.34055614471436,314.89280700683594,268.16455364227295,307.4449348449707,275.39478063583374,298.7942314147949,291.76764965057373,38,1787749211.092139
289.33271408081055,344.68984365463257,300.1228141784668,327.44720935821533,313.6391830444336,303.73178243637085,318.0961799621582,285.98133087158203,314.8805809020996,274.00335788726807,318.20255279541016,286.82425260543823,323.61316680908203,273.2300877571106,320.66619873046875,273.16783905029297,314.4065284729004,281.3982939720154,309.89490509033203,284.8372507095337,313.6541938781738,269.18256998062134,310.8195686340332,281.5228772163391,305.2571487426758,300.3582286834717,302.3717498779297,285.7679343223572,303.3184623718262,267.8930068016052,301.7394828796387,285.1477646827698,298.54801177978516,306.29013776779175,295.5054473876953,290.35479068756104,297.09699630737305,271.85068130493164,294.92238998413086,282.0509719848633,290.77051162719727,298.9072608947754,39,1787749211.1370578
292.85400390625,344.05104875564575,272.86216735839844,329.056921005249,268.40343475341797,307.69248247146606,271.21910095214844,291.76039695739746,276.95045471191406,280.6332850456238,299.98252868652344,300.67007303237915,301.59069061279297,281.4636754989624,294.2289733886719,270.81045627593994,286.6233253479004,266.66358947753906,314.4240188598633,295.8796262741089,314.4295883178711,274.9693179130554,303.15439224243164,264.5025444030762,292.0234489440918,261.8704605102539,328.34667205810547,293.7856149673462,327.8091812133789,270.8341670036316,313.6851692199707,259.0512013435364,301.1316108703613,256.6332221031189,340.3612518310547,293.3148765563965,340.5803680419922,268.64893913269043,327.4905776977539,257.552490234375,314.0163993835449,256.8611454963684,40,1787749211.1859567
298.6541938781738,350.00718355178833,272.97119140625,335.5427384376526,264.1215515136719,311.9529461860657,265.8020782470703,294.22335147857666,272.49948501586914,283.2756471633911,293.86959075927734,300.5591154098511,291.7600440979004,283.9227247238159,285.08068084716797,274.3688893318176,279.0786933898926,271.5813660621643,310.6519317626953,295.53632497787476,306.54720306396484,274.7236704826355,296.1854934692383,264.4761300086975,285.6143569946289,263.23662757873535,326.8380355834961,293.2422637939453,322.6494598388672,268.63035678863525,308.98855209350586,258.0658221244812,297.0171928405762,257.96074390411377,341.91410064697266,293.2936978340149,339.29481506347656,267.2415089607239,325.8115768432617,256.82769298553467,311.85298919677734,257.35701084136963,41,1787749211.2556074
290.9385871887207,342.6550769805908,316.7692565917969,317.51704931259155,330.15628814697266,285.4134964942932,328.79085540771484,260.4961609840393,320.7979965209961,243.54219675064087,325.7967758178711,287.7467393875122,324.2775344848633,259.840350151062,318.55737686157227,242.5444793701172,310.1839065551758,233.75063180923462,306.4409828186035,290.11738300323486,306.95281982421875,263.2971382141113,301.91341400146484,245.96328735351562,295.45116424560547,236.8424892425537,287.274169921875,293.69418382644653,288.4646987915039,268.7428379058838,285.13309478759766,252.04404830932617,281.32680892944336,242.61505365371704,268.2854461669922,298.6936283111572,268.0305862426758,276.43758058547974,267.28382110595703,262.0796298980713,265.89799880981445,252.88870811462402,42,1787749211.3017414
288.31615447998047,331.1613392829895,275.9647750854492,310.29825925827026,271.94040298461914,281.67346715927124,272.5235939025879,257.38990545272827,274.8638153076172,238.02510738372803,295.26784896850586,272.8933525085449,300.80060958862305,248.1703805923462,298.4360122680664,231.29724740982056,291.8828582763672,218.9015793800354,303.7191390991211,271.58612966537476,308.2241439819336,248.24479579925537,303.9609909057617,230.77861547470093,296.07500076293945,217.90319681167603,311.2110900878906,272.75883436203003,314.04754638671875,250.30290842056274,309.79198455810547,234.52325820922852,301.5385437011719,222.98342943191528,317.0909881591797,276.5093779563904,320.64159393310547,256.326162815094,318.4456253051758,242.7185869216919,312.35036849975586,232.81338214874268,43,1787749211.3612058
291.1642074584961,325.1497149467468,311.2786865234375,308.6576271057129,320.6468963623047,278.9395022392273,315.52202224731445,255.26456594467163,309.88941192626953,237.80572414398193,318.5645294189453,269.9708819389343,319.53121185302734,246.4550757408142,315.8840560913086,230.10836362838745,308.05376052856445,218.57349157333374,302.6744842529297,268.2959175109863,305.69738388061523,245.49821376800537,302.74335861206055,230.39692640304565,297.0469284057617,218.94644737243652,287.1138000488281,268.7055015563965,290.46457290649414,246.16634130477905,289.8649597167969,232.54275798797607,286.5087699890137,222.08025455474854,270.7339286804199,271.14184856414795,273.0313491821289,251.91388607025146,273.67908477783203,241.4951777458191,272.4971008300781,233.738272190094,44,1787749211.4272664
291.5699768066406,315.857834815979,278.4489631652832,297.4174976348877,271.497859954834,273.82036685943604,270.1890563964844,252.87652015686035,271.6575241088867,236.1498785018921,288.841495513916,261.4665412902832,292.8465270996094,240.34189224243164,293.2708168029785,226.50441884994507,291.88629150390625,215.69709062576294,298.16612243652344,259.926974773407,300.8399200439453,239.6971321105957,300.1044273376465,225.70007801055908,297.8490447998047,214.45679426193237,307.3468780517578,259.63959217071533,309.94470596313477,240.06940126419067,309.415283203125,225.82785844802856,307.1754837036133,215.11882781982422,317.0267868041992,261.4711117744446,320.50235748291016,242.29089260101318,321.2760925292969,229.83091592788696,319.8689842224121,220.70975303649902,45,1787749211.4713004
288.66695404052734,309.59399700164795,308.6940383911133,302.585985660553,318.0482482910156,285.75008153915405,313.7898826599121,268.0158305168152,308.98935317993164,251.19037628173828,319.7220039367676,261.5468144416809,322.00035095214844,240.93923091888428,320.6479263305664,226.08286142349243,317.0759582519531,214.29017543792725,303.87887954711914,257.3983597755432,305.9268569946289,237.50450134277344,304.52342987060547,223.82575035095215,301.95011138916016,212.4023938179016,288.0767631530762,256.01009130477905,289.9946975708008,237.09148406982422,290.3710746765137,224.17439460754395,289.257755279541,214.26560640335083,272.1186065673828,257.7556085586548,273.6878204345703,240.59601545333862,275.72044372558594,230.19408702850342,276.67797088623047,222.60440111160278,46,1787749211.523167
308.2512664794922,294.0963649749756,340.7636260986328,263.5972023010254,354.476318359375,220.0464105606079,341.5346145629883,184.92414951324463,319.2737579345703,169.25047874450684,346.30210876464844,195.94242811203003,346.8592071533203,156.79919242858887,346.6432189941406,182.38214492797852,345.22274017333984,204.68848943710327,322.96741485595703,195.93843698501587,318.71509552001953,157.60868310928345,323.50231170654297,186.06125593185425,325.58605194091797,207.00737714767456,300.0966453552246,201.181640625,295.34467697143555,167.6301348209381,303.7959671020508,194.54978227615356,306.17027282714844,213.69702100753784,277.4731254577637,209.99632358551025,277.4708938598633,185.94823837280273,286.23790740966797,202.5863242149353,288.5647773742676,216.62951231002808,47,1787749211.80144
312.4477005004883,296.38710021972656,343.9394760131836,265.06484270095825,355.0248336791992,223.24944019317627,343.44966888427734,190.94085931777954,323.49212646484375,174.34941172599792,347.0301818847656,197.83870697021484,348.38069915771484,158.04536819458008,349.2534637451172,182.34807014465332,348.4871292114258,206.0762643814087,323.93089294433594,198.94965648651123,320.5042266845703,161.16126894950867,325.1093292236328,187.30653047561646,326.8125534057617,208.56329441070557,300.88510513305664,204.56920623779297,298.0660820007324,169.6297538280487,305.92145919799805,194.0011739730835,307.8860664367676,213.43579530715942,277.8025436401367,214.10832166671753,279.6000289916992,188.44730615615845,288.2102966308594,203.99163007736206,290.0522232055664,218.83727073669434,48,1787749211.8271222
311.50304794311523,295.17109394073486,342.56046295166016,263.627028465271,353.76922607421875,222.52346277236938,343.30814361572266,190.93227624893188,323.11065673828125,175.88319540023804,346.9502639770508,197.14184761047363,347.90943145751953,158.6863088607788,347.6787567138672,179.8434019088745,347.5492858886719,203.75787019729614,323.7140655517578,197.68850326538086,319.1570854187012,159.04769897460938,322.19852447509766,180.47460079193115,324.96021270751953,201.85268640518188,300.706787109375,203.38929176330566,296.59414291381836,168.86661171913147,303.1371879577637,189.22967433929443,306.16416931152344,208.12407732009888,278.38287353515625,213.62247705459595,278.56945037841797,189.1323208808899,286.07566833496094,201.86781406402588,288.7876510620117,215.87066173553467,49,1787749211.8797941
312.44457244873047,295.8926296234131,343.63155364990234,265.21403789520264,354.7834014892578,223.2573366165161,341.9808578491211,191.46406173706055,319.6056938171387,177.74385452270508,346.9083023071289,198.40898752212524,348.48533630371094,160.3789758682251,347.1432876586914,179.35896277427673,346.8785858154297,202.62653589248657,323.26786041259766,198.80078315734863,320.2922058105469,159.37946677207947,322.3370361328125,176.560378074646,324.50550079345703,196.86126708984375,299.873046875,204.70035552978516,296.7660140991211,168.67560625076294,303.0721092224121,186.82323932647705,305.9957504272461,206.10439538955688,277.1368217468262,215.43936252593994,278.3009719848633,190.11478185653687,285.9627914428711,201.78133964538574,288.92845153808594,216.31513595581055,50,1787749211.9451878
311.84778213500977,295.4054117202759,342.99163818359375,265.3119492530823,354.6285629272461,223.58124017715454,342.3798370361328,191.7675805091858,319.9235153198242,178.34956169128418,346.51424407958984,199.63821172714233,347.94849395751953,160.4855990409851,346.5412902832031,177.3814558982849,346.3231658935547,200.7033920288086,322.9146194458008,199.81643915176392,319.7086715698242,159.3598437309265,321.2567138671875,173.9105486869812,323.5434341430664,194.31936979293823,299.5276069641113,205.62893629074097,295.9706687927246,168.24678540229797,301.63110733032227,183.95947694778442,304.7596549987793,203.1938338279724,276.92041397094727,216.44531965255737,277.30703353881836,190.41767835617065,284.26408767700195,200.4248285293579,287.1829414367676,214.85080003738403,51,1787749212.0076604
315.0985336303711,295.79113483428955,346.0186767578125,265.2636694908142,356.57588958740234,223.2794165611267,341.1720657348633,191.2761354446411,318.28075408935547,178.50656747817993,345.87711334228516,198.19507598876953,347.39601135253906,160.05491137504578,347.6523208618164,179.9977469444275,347.4586486816406,202.57359981536865,322.5553512573242,199.4036364555359,318.6036682128906,158.8596224784851,323.53065490722656,180.07495164871216,326.1869430541992,200.7375955581665,299.8668098449707,206.34111642837524,296.56286239624023,170.87297916412354,306.40289306640625,193.82940530776978,309.7529602050781,213.8674807548523,277.6035690307617,218.26478004455566,279.87274169921875,193.03727388381958,290.2277374267578,208.52943420410156,293.2605743408203,224.20143127441406,52,1787749212.0330071
313.8133430480957,296.8214678764343,345.74581146240234,267.61098861694336,357.20287322998047,223.3762550354004,340.0416946411133,190.7463026046753,315.2692413330078,178.75369548797607,346.2703323364258,197.9648995399475,347.43961334228516,160.40364146232605,347.2651672363281,183.17631483078003,346.66419982910156,204.42198514938354,321.79515838623047,199.35250282287598,318.70513916015625,161.25309705734253,322.93861389160156,185.9863042831421,324.58473205566406,204.97089385986328,298.33911895751953,205.8943247795105,295.24694442749023,170.92340469360352,304.2475891113281,196.14292860031128,306.1518096923828,214.64098691940308,275.1746940612793,216.99055910110474,278.39014053344727,192.31148958206177,287.6467514038086,209.12572145462036,288.9662551879883,223.32791090011597,53,1787749212.096301
313.06222915649414,296.97237968444824,345.3859329223633,267.5760340690613,357.2719192504883,223.6314082145691,339.88441467285156,191.10284328460693,315.3356170654297,179.52481985092163,346.7882537841797,198.58541250228882,347.4210739135742,160.73482990264893,346.8574905395508,182.62309312820435,346.7536163330078,203.8964867591858,322.0909881591797,199.71153259277344,318.66943359375,161.2910556793213,322.5459289550781,184.76836681365967,324.6854782104492,203.9369773864746,298.5664939880371,206.06396913528442,294.8553276062012,170.20870327949524,303.4151840209961,194.349045753479,305.7966423034668,212.99393892288208,275.43575286865234,217.13685750961304,278.1016540527344,192.45639324188232,287.1021842956543,208.60247611999512,288.8241195678711,222.9481315612793,54,1787749212.1390185
314.62032318115234,296.1922216415405,345.11619567871094,266.57947540283203,356.3553237915039,223.00224781036377,340.77503204345703,190.61277151107788,315.8970069885254,178.6060130596161,345.78880310058594,197.28185892105103,347.07054138183594,160.46896934509277,348.0398178100586,185.08257150650024,347.34691619873047,206.10257148742676,321.5516662597656,198.87129306793213,318.31995010375977,160.85488557815552,324.1532516479492,187.20902681350708,325.6822204589844,206.2915277481079,298.26282501220703,205.86467027664185,295.3693389892578,170.5615210533142,305.5649185180664,196.8457317352295,307.2146224975586,215.50476551055908,275.4020309448242,217.30510711669922,278.7499237060547,192.4427032470703,288.8453483581543,209.674072265625,290.0740432739258,224.48276281356812,55,1787749212.2088296
314.57143783569336,295.6286144256592,345.29762268066406,265.90415954589844,356.6905975341797,223.11481475830078,341.7633056640625,190.938241481781,318.35779190063477,178.44769835472107,345.60401916503906,197.44152545928955,347.3751449584961,161.06454849243164,346.85245513916016,184.1811990737915,345.82141876220703,205.9649419784546,321.28421783447266,199.15867567062378,317.9469108581543,161.27903938293457,322.6762390136719,186.19109630584717,324.9285888671875,206.1941957473755,298.09614181518555,206.08495473861694,295.30921936035156,170.71344137191772,304.43634033203125,195.50299644470215,306.59793853759766,214.66495513916016,275.48648834228516,217.63360261917114,278.548526763916,192.86447525024414,288.07971954345703,209.13700819015503,289.7719192504883,223.94898176193237,56,1787749212.2532723
315.1539421081543,297.5328326225281,345.5161666870117,265.4565954208374,356.91402435302734,223.57887983322144,345.7417297363281,191.5074920654297,322.18040466308594,178.43475937843323,347.21961975097656,198.9348292350769,349.1431427001953,162.64578580856323,350.5230712890625,184.23527240753174,349.5914840698242,204.30686473846436,323.7647247314453,200.94884634017944,321.8954849243164,163.8797092437744,327.6136016845703,187.58228302001953,328.2352066040039,206.5854549407959,300.2025032043457,207.5598907470703,298.8371467590332,173.84817123413086,308.8441848754883,197.93033123016357,309.94590759277344,216.79907083511353,276.36730194091797,218.08876276016235,280.42470932006836,191.8897819519043,291.12396240234375,208.0596399307251,292.5970458984375,223.55062007904053,57,1787749212.2834215
316.27384185791016,297.0702910423279,347.47180938720703,266.53956413269043,358.23097229003906,223.5550832748413,345.5118942260742,191.42058849334717,321.80896759033203,178.34517359733582,348.20167541503906,198.71720552444458,349.3765640258789,161.87618494033813,350.2616500854492,184.63942766189575,349.5611572265625,204.6774387359619,324.11659240722656,200.65657138824463,321.07654571533203,164.12523865699768,326.6715621948242,188.88530015945435,328.25389862060547,207.71741151809692,300.2027702331543,207.33617305755615,298.1475830078125,173.18188905715942,308.0494499206543,197.97168016433716,309.7781181335449,216.4548897743225,276.1812210083008,218.09625148773193,279.7597122192383,193.76286506652832,289.98668670654297,210.31503438949585,291.7108726501465,224.93069171905518,58,1787749212.3515933
315.46470642089844,297.3163032531738,347.16907501220703,267.03094482421875,357.7533721923828,224.00251865386963,345.17162322998047,191.25487089157104,321.35597229003906,178.00235509872437,348.73409271240234,199.13691759109497,350.2021026611328,162.4638032913208,350.45753479003906,185.02313375473022,349.4422912597656,205.19392490386963,324.5753860473633,200.793879032135,321.5019226074219,163.82147312164307,326.6754913330078,188.2746148109436,328.20613861083984,207.3687243461609,300.5397605895996,207.39131927490234,298.41556549072266,172.94647693634033,308.1927299499512,197.73019552230835,309.8782730102539,216.36965990066528,276.5123748779297,218.17124605178833,280.11749267578125,193.94918203353882,290.2440643310547,210.63576221466064,291.9281768798828,225.32001972198486,59,1787749212.3990643
315.5958938598633,297.88098335266113,346.72794342041016,267.9489469528198,357.5530242919922,226.24606847763062,345.82740783691406,194.36273574829102,324.80602264404297,177.61554837226868,348.9640426635742,201.04581356048584,351.17671966552734,163.83713722229004,352.1354675292969,186.89507961273193,351.1137008666992,208.53119373321533,325.18821716308594,202.07957983016968,323.06983947753906,163.97412300109863,328.5364532470703,189.45809125900269,329.6268081665039,209.5315718650818,301.261043548584,208.04052114486694,299.82887268066406,173.17415356636047,309.79516983032227,198.92030239105225,311.2886428833008,217.97229051589966,277.662410736084,218.25469493865967,282.24721908569336,194.07410860061646,292.4644470214844,211.3761591911316,293.70723724365234,226.32387399673462,60,1787749212.4404154
316.17876052856445,298.17370891571045,347.4309539794922,267.70132541656494,358.08528900146484,225.73715686798096,346.30271911621094,193.85272979736328,324.35237884521484,178.16184997558594,347.98988342285156,201.07124090194702,349.80308532714844,163.92492055892944,352.09705352783203,186.93848848342896,351.20330810546875,208.4148073196411,324.59190368652344,202.65565395355225,322.4849319458008,164.9886417388916,329.15184020996094,190.73752641677856,329.78343963623047,211.0027313232422,300.7626152038574,208.87809991836548,299.2196273803711,173.219633102417,310.1158905029297,198.85359048843384,311.2367057800293,218.37698221206665,276.97845458984375,219.16926383972168,281.3017272949219,193.9759397506714,292.18997955322266,210.89269638061523,293.1739807128906,226.29003524780273,61,1787749212.5032403
313.0621337890625,298.01944971084595,345.15506744384766,268.3936357498169,356.85874938964844,227.71121978759766,346.37901306152344,196.23347997665405,325.7145690917969,179.70799326896667,349.0038299560547,200.6699824333191,351.5412139892578,164.12024974822998,351.68487548828125,185.56596994400024,350.0662612915039,206.70930862426758,324.83226776123047,201.55938148498535,323.0192184448242,164.33195114135742,327.26314544677734,188.36209774017334,328.0873489379883,208.25801610946655,300.8484077453613,207.496075630188,299.6469497680664,173.35140466690063,307.9018974304199,197.69983291625977,309.07569885253906,216.76079034805298,276.9522476196289,217.74966716766357,280.2153968811035,193.55032682418823,289.7808647155762,209.51738834381104,291.7011260986328,223.90578746795654,62,1787749212.546453
314.0377998352051,298.0256724357605,345.8135986328125,267.367422580719,357.85449981689453,227.09092140197754,347.84229278564453,196.11915349960327,327.16636657714844,180.15020370483398,348.6146926879883,199.92364168167114,351.15352630615234,164.16199564933777,350.95123291015625,184.593186378479,349.6678924560547,205.92586755752563,324.8088836669922,200.8004879951477,322.63477325439453,164.4078254699707,326.77616119384766,187.36618280410767,328.08040618896484,207.74813890457153,301.2669563293457,206.9021701812744,299.1202735900879,173.16015243530273,307.50986099243164,196.34954452514648,309.4213676452637,215.7553267478943,277.94336318969727,217.76973009109497,280.50804138183594,193.7542176246643,289.9375534057617,209.05175685882568,292.286319732666,223.86231422424316,63,1787749212.5962868
313.6283874511719,299.17964458465576,344.6001434326172,268.5676145553589,356.72943115234375,227.22211360931396,346.27845764160156,195.1203417778015,323.7101364135742,182.14630365371704,346.9361877441406,201.56457424163818,348.9042663574219,164.898122549057,348.1467056274414,182.75784730911255,347.57389068603516,203.91648530960083,323.2789993286133,202.1153712272644,321.29638671875,165.1328158378601,323.9967346191406,183.4508228302002,325.7229995727539,202.61638641357422,299.92340087890625,208.3664846420288,297.0789909362793,172.21666932106018,304.5652198791504,191.53435707092285,307.2437858581543,210.04747867584229,276.69958114624023,219.83256340026855,279.455509185791,195.22194385528564,288.68581771850586,208.98470163345337,291.9139099121094,224.2993426322937,64,1787749212.6185637
311.4992141723633,299.7947931289673,344.0711212158203,270.1299047470093,357.9190444946289,229.21480178833008,346.38195037841797,197.09826707839966,323.1624984741211,184.24428462982178,346.5603256225586,201.87240600585938,349.0365982055664,164.86056089401245,348.1093215942383,184.0798544883728,347.09503173828125,205.28833866119385,322.5027847290039,202.57126092910767,321.54083251953125,165.73221445083618,324.0867233276367,186.12906217575073,324.9243927001953,205.2038812637329,298.9485168457031,208.47280740737915,297.3052215576172,172.03890323638916,304.4342613220215,193.47099781036377,306.13609313964844,212.48155117034912,275.4960060119629,219.1042685508728,279.00634765625,193.63540649414062,287.7777862548828,208.27773571014404,289.7146987915039,223.60907077789307,65,1787749212.6874154
311.0391426086426,300.1917815208435,343.9446258544922,269.6134829521179,357.8236389160156,228.75940561294556,346.43646240234375,197.0680332183838,323.06468963623047,184.3851113319397,346.93031311035156,202.17864990234375,349.5097351074219,165.25853633880615,348.4940719604492,183.8846755027771,347.6490783691406,205.0385284423828,322.8919982910156,202.6173734664917,322.1681594848633,165.79778909683228,324.4590377807617,185.63448429107666,325.4319763183594,205.11476755142212,299.2898750305176,208.35815906524658,297.5168800354004,171.89256191253662,304.25214767456055,192.74542808532715,306.04244232177734,212.04126119613647,275.8148193359375,218.95745515823364,278.94847869873047,193.53041410446167,287.42958068847656,207.61203289031982,289.5768737792969,223.01544427871704,66,1787749212.7609413
312.321834564209,301.2343454360962,345.1797103881836,269.1172742843628,358.35289001464844,228.55828285217285,347.04681396484375,196.65767669677734,324.9259567260742,182.0721673965454,346.9095993041992,202.66970872879028,349.87510681152344,166.34774923324585,349.7317123413086,187.81190156936646,348.53443145751953,209.88399267196655,322.9794692993164,203.70890378952026,321.8798828125,166.3855791091919,325.7174301147461,190.05643844604492,326.4527893066406,210.93406677246094,299.3181037902832,209.72561359405518,297.02898025512695,173.0612325668335,305.8601188659668,197.65024423599243,307.8187942504883,218.41395378112793,275.4930305480957,220.51302909851074,278.0102348327637,194.62702989578247,287.8007698059082,211.02144241333008,290.05929946899414,227.58416891098022,67,1787749212.7873116
312.49643325805664,301.3337802886963,345.45787811279297,269.385666847229,358.6485290527344,228.7242579460144,347.04357147216797,197.03046083450317,324.97276306152344,182.22511768341064,347.05894470214844,203.31547737121582,349.9213409423828,166.43994212150574,349.66075897216797,188.39514255523682,348.35155487060547,211.0325574874878,323.0234909057617,204.39926147460938,322.04254150390625,166.56565189361572,325.6243133544922,190.7671594619751,326.49879455566406,212.11155652999878,299.1107177734375,210.3219437599182,297.08974838256836,173.76238346099854,305.68071365356445,198.92884254455566,307.87109375,219.7697353363037,274.98424530029297,220.9223985671997,277.8953742980957,195.6661820411682,287.55395889282227,212.48554229736328,289.85595703125,228.7346649169922,68,1787749212.8279588
314.7944450378418,301.57241106033325,347.3213195800781,270.4955863952637,360.41698455810547,230.55547714233398,348.6949920654297,198.61414432525635,325.7086944580078,184.4787311553955,348.0366897583008,204.0792417526245,350.3813171386719,168.34659576416016,350.18787384033203,186.09653234481812,350.02723693847656,208.2745599746704,323.91441345214844,204.83139753341675,323.04248809814453,167.87128686904907,326.35143280029297,185.73928356170654,327.9029846191406,206.34047269821167,299.7610855102539,211.03249311447144,297.4382019042969,175.26699542999268,305.5569648742676,193.9765191078186,308.52453231811523,213.53153944015503,275.5256652832031,222.25906133651733,277.1773338317871,196.34739875793457,286.35446548461914,209.2950439453125,289.2926216125488,224.91195917129517,69,1787749212.8705842
314.39863204956055,300.8006000518799,346.86134338378906,270.91776609420776,360.35675048828125,231.42178773880005,348.7472915649414,199.39269304275513,327.1867370605469,183.58235836029053,348.013916015625,204.2457103729248,350.0498962402344,168.2655394077301,349.98355865478516,185.71801900863647,350.0315856933594,207.9269027709961,323.7373733520508,204.76462125778198,322.5410842895508,167.90782928466797,326.08306884765625,185.73080778121948,328.28556060791016,206.1472463607788,299.54044342041016,210.8278727531433,297.08242416381836,175.20241856575012,305.0369071960449,193.72464895248413,308.2406997680664,213.0365753173828,275.1628875732422,221.8627381324768,276.93653106689453,196.072998046875,285.8930015563965,209.00382041931152,288.7474250793457,224.44757223129272,70,1787749212.9337907
312.5797462463379,303.47978353500366,346.7906188964844,272.4808931350708,360.6360626220703,230.91866970062256,346.2933349609375,199.068124294281,322.7457809448242,187.78338432312012,346.9310760498047,205.85168838500977,347.7817916870117,169.42221522331238,349.45865631103516,192.26559162139893,350.41786193847656,213.18323850631714,322.3164367675781,207.78897285461426,321.3251495361328,172.38932847976685,326.2595748901367,198.2266402244568,327.5168991088867,217.9190754890442,298.232421875,214.73340511322021,295.6781768798828,177.27293372154236,305.4347610473633,202.9953932762146,307.9880905151367,223.17498207092285,273.62571716308594,226.22416019439697,275.4861068725586,200.6306505203247,286.5800094604492,216.3265299797058,290.27095794677734,231.4652180671692,71,1787749212.975318
307.6702117919922,301.470787525177,341.9963836669922,271.5190100669861,357.3550796508789,231.8547821044922,347.1446990966797,200.14716625213623,327.4095916748047,183.8405156135559,342.14351654052734,203.09667348861694,342.78194427490234,168.03932189941406,345.16212463378906,185.31040906906128,346.7218780517578,205.6139373779297,318.1985664367676,204.89553451538086,316.4366340637207,169.36128616333008,321.71619415283203,188.4985899925232,324.2416000366211,208.29513788223267,294.9275207519531,212.12698459625244,291.38832092285156,177.59305000305176,300.89107513427734,198.06673765182495,305.3003120422363,217.47170448303223,271.92604064941406,224.50014352798462,273.3534049987793,200.31007289886475,284.02793884277344,213.72654676437378,288.7770080566406,228.5513734817505,72,1787749213.0064385
307.43080139160156,300.81916093826294,341.91246032714844,271.4079236984253,358.0016326904297,230.92178106307983,345.74893951416016,199.37342405319214,322.8091812133789,186.62033557891846,343.5329818725586,202.70442724227905,344.5737075805664,167.6746702194214,345.61241149902344,187.55475282669067,346.92562103271484,209.34285163879395,319.18222427368164,204.14990186691284,317.81999588012695,169.67990040779114,321.9340133666992,190.76864004135132,324.5426559448242,211.40422582626343,295.62156677246094,211.02006912231445,292.3225402832031,176.5272581577301,301.00988388061523,197.81295776367188,305.2599906921387,217.8006076812744,272.3063278198242,223.06526899337769,273.57105255126953,198.8699197769165,283.85900497436523,212.81618356704712,288.6710739135742,228.18964004516602,73,1787749213.050918
305.6974983215332,299.6390962600708,338.62125396728516,269.72302436828613,352.3626708984375,229.3158459663391,344.18094635009766,196.06008052825928,329.7900390625,175.5137050151825,337.9225158691406,202.56003856658936,338.16986083984375,166.34766340255737,340.39485931396484,184.5289421081543,341.76483154296875,205.70232152938843,314.52213287353516,204.06668901443481,310.99313735961914,167.9328489303589,316.86328887939453,187.57951498031616,320.0438690185547,207.6952886581421,291.7889404296875,210.99607944488525,286.7442321777344,175.51427364349365,296.0820198059082,196.03503942489624,300.37635803222656,215.1879644393921,269.8578643798828,223.11185359954834,270.06818771362305,198.41885805130005,279.9783134460449,211.96935653686523,283.8403511047363,226.82634830474854,74,1787749213.0805285
305.1605033874512,299.0705108642578,337.3896789550781,269.4881057739258,352.87315368652344,228.31838607788086,340.38761138916016,196.61029815673828,317.2973823547363,183.7255883216858,339.5289993286133,201.53425455093384,340.2654266357422,165.3786027431488,341.18358612060547,186.30846977233887,342.72525787353516,208.05041313171387,314.84153747558594,202.9378867149353,312.73529052734375,168.09399604797363,317.39501953125,189.57037925720215,320.2048110961914,209.21985626220703,291.45647048950195,209.70853328704834,287.01427459716797,174.21539783477783,296.36547088623047,195.32734394073486,300.6073760986328,214.10789251327515,268.69001388549805,221.48332357406616,269.8318099975586,196.28819704055786,279.66283798217773,210.09056568145752,283.44308853149414,225.26253461837769,75,1787749213.1144998
302.6436233520508,300.63958168029785,336.07006072998047,268.3740448951721,350.20862579345703,227.10692882537842,336.9131088256836,195.19316911697388,314.3453788757324,180.80084323883057,337.1234130859375,201.9050645828247,337.27832794189453,166.41228318214417,339.9459457397461,187.42860317230225,340.90274810791016,207.28244304656982,313.2966995239258,203.71920347213745,311.23456954956055,167.9956340789795,317.3317337036133,191.33213996887207,318.4737968444824,211.00301027297974,290.01428604125977,210.47045230865479,287.31903076171875,175.1237976551056,297.95108795166016,199.13309812545776,300.4563903808594,219.25678968429565,266.5171432495117,221.74459218978882,269.0101432800293,197.0383358001709,280.4922103881836,212.01890230178833,283.75585556030273,227.29661464691162,76,1787749213.147776
303.11275482177734,301.3090181350708,335.78502655029297,268.730263710022,349.8832321166992,227.33373641967773,336.93328857421875,195.6398105621338,314.6893310546875,181.50898933410645,336.85909271240234,202.5296115875244,337.2667694091797,166.8212127685547,340.20336151123047,186.3930344581604,341.32301330566406,206.7959761619568,313.32265853881836,204.15541648864746,311.1145782470703,168.29447507858276,317.20306396484375,189.94314193725586,318.5885238647461,209.4985270500183,290.1564025878906,210.8035397529602,287.48329162597656,175.00180006027222,297.86251068115234,197.3858642578125,300.4631805419922,216.9317650794983,266.8029022216797,222.1534252166748,269.2570686340332,197.86921977996826,280.28284072875977,211.97864770889282,283.3820152282715,226.79577112197876,77,1787749213.205209
301.7634963989258,301.04395151138306,333.59458923339844,270.1269006729126,347.83626556396484,227.14606761932373,335.9176254272461,195.43072700500488,313.41739654541016,181.42266511917114,334.5391845703125,200.5990433692932,336.9292449951172,166.02277278900146,339.2681121826172,188.1832480430603,339.36519622802734,208.2246494293213,310.9267234802246,202.51158714294434,311.1022186279297,169.66235876083374,316.5976333618164,195.11950492858887,316.6178894042969,213.9413595199585,287.87364959716797,209.5730495452881,287.150936126709,175.64465045928955,297.20436096191406,201.7283821105957,298.29437255859375,220.8152174949646,264.5759963989258,221.4368462562561,269.5269775390625,198.5121774673462,279.92944717407227,215.23163080215454,281.2922668457031,229.41933631896973,78,1787749213.2456229
301.4472961425781,301.07409954071045,333.8525390625,269.94592666625977,348.6522674560547,227.1130657196045,335.69610595703125,195.50179481506348,312.4867630004883,182.2360396385193,334.4573211669922,199.55137252807617,335.95130920410156,165.5395781993866,338.56128692626953,188.58105182647705,339.5225143432617,208.71145963668823,310.7723808288574,201.84661388397217,310.8168601989746,169.16160106658936,316.4826011657715,196.05799913406372,316.6204833984375,215.2016544342041,287.8147888183594,209.07544612884521,286.5656280517578,175.65634489059448,297.17185974121094,202.61263132095337,298.7302780151367,222.05379724502563,264.7306823730469,221.074640750885,268.8909721374512,197.50227212905884,279.5843696594238,214.9063754081726,281.26209259033203,229.8038363456726,79,1787749213.269116
301.50691986083984,302.61669158935547,334.94606018066406,272.2308039665222,349.3280029296875,227.55829095840454,336.24549865722656,195.44379472732544,311.90160751342773,184.1466522216797,336.4510726928711,200.8782935142517,338.482666015625,165.8950138092041,339.3463897705078,190.8761215209961,338.4914779663086,211.82449579238892,312.401065826416,202.70687341690063,311.8973922729492,170.07261872291565,316.18064880371094,198.79868030548096,315.8042526245117,218.14354419708252,289.2819595336914,209.3720555305481,288.57444763183594,178.01175355911255,297.57728576660156,206.39888048171997,298.12219619750977,225.16651153564453,266.05106353759766,220.46180963516235,271.03254318237305,198.0258822441101,280.40740966796875,216.9508194923401,281.1854553222656,231.30756855010986,80,1787749213.3054116
302.0891571044922,302.59976148605347,334.9840545654297,271.611750125885,348.8933563232422,227.21404552459717,335.7635498046875,195.48638820648193,312.485294342041,183.58840942382812,336.5700912475586,199.8760485649109,338.0320739746094,166.04294300079346,339.09912109375,191.04389905929565,338.35357666015625,211.68708086013794,312.6874351501465,201.81612253189087,311.32410049438477,169.79745626449585,316.3392639160156,198.40639114379883,316.4874458312988,217.3323154449463,289.89246368408203,208.74969720840454,288.824520111084,178.39165091514587,298.2726287841797,206.8189573287964,298.98998260498047,225.0312852859497,267.2723388671875,220.16831159591675,272.5221061706543,198.6780023574829,281.69755935668945,217.8990340232849,282.19234466552734,231.8805956840515,81,1787749213.3512502
300.42484283447266,302.08876848220825,333.8645935058594,271.19197368621826,348.0762481689453,228.1262969970703,334.8077392578125,196.08121633529663,311.59305572509766,183.48858833312988,335.7337188720703,201.1160659790039,337.0269012451172,165.68586587905884,338.73348236083984,190.69210052490234,338.2466125488281,211.07856273651123,312.10073471069336,203.29745292663574,310.3405952453613,170.46895265579224,315.90065002441406,198.50258588790894,316.026554107666,216.7720341682434,289.19898986816406,210.1827049255371,287.1529197692871,176.9387412071228,296.9517135620117,204.26176071166992,297.8407287597656,222.5189995765686,265.9431838989258,221.04247570037842,269.9738883972168,197.22306489944458,280.07904052734375,215.25800228118896,281.1927795410156,229.79950189590454,82,1787749213.4185138
299.79021072387695,301.9954490661621,333.6107635498047,271.57971382141113,348.40335845947266,228.4851336479187,334.6192932128906,195.92890977859497,310.9688186645508,184.03005123138428,335.933837890625,201.1422872543335,337.4739074707031,165.31617164611816,338.6431121826172,191.3245439529419,337.9998779296875,211.41242265701294,312.23995208740234,203.22494745254517,310.91407775878906,170.82045078277588,315.9988784790039,200.06509065628052,315.96160888671875,218.20163011550903,289.3937301635742,209.96696949005127,287.55056381225586,177.19053626060486,297.0317077636719,205.28696537017822,297.95799255371094,223.64848852157593,266.28028869628906,220.69657802581787,270.0704002380371,197.23021030426025,279.73093032836914,215.83216667175293,280.81520080566406,230.63660860061646,83,1787749213.4761484
297.0807075500488,303.5429549217224,331.70169830322266,274.3847894668579,348.4764099121094,230.05978345870972,332.31666564941406,195.97000122070312,307.44279861450195,184.72678184509277,335.84983825683594,202.4378800392151,335.14286041259766,165.8119833469391,336.8239974975586,193.4128475189209,336.22303009033203,213.62706899642944,311.15299224853516,203.85485887527466,306.2480354309082,170.84336757659912,312.0944023132324,200.92118740081787,312.4394989013672,217.59088039398193,287.8655242919922,210.70637941360474,283.2543754577637,179.68390703201294,293.0891418457031,208.3011245727539,294.2744445800781,224.51108694076538,264.30280685424805,221.20980262756348,265.3318786621094,198.77374649047852,274.8928451538086,217.75402307510376,276.11852645874023,230.8944010734558,84,1787749213.5354753
298.1559371948242,304.99799966812134,331.06468200683594,272.64427185058594,344.46117401123047,230.2367877960205,331.22867584228516,197.59149312973022,309.0106391906738,182.77981996536255,333.26892852783203,203.27423572540283,332.69237518310547,166.1237096786499,334.0413284301758,189.35818433761597,334.5597457885742,208.89567375183105,309.3105125427246,204.72885131835938,303.9695930480957,170.45294523239136,309.8044967651367,195.9707522392273,311.8596076965332,213.2061767578125,286.12951278686523,211.53138399124146,280.8658218383789,178.4555733203888,290.94961166381836,203.23513984680176,293.97571563720703,220.83141803741455,262.76622772216797,222.03416347503662,262.05944061279297,196.9863224029541,272.459659576416,212.79045581817627,275.77245712280273,227.1796703338623,85,1787749213.577863
298.2389259338379,305.3351640701294,330.7422637939453,272.3398733139038,344.5302200317383,229.88681316375732,330.93406677246094,197.71620512008667,308.10020446777344,183.68396043777466,333.28163146972656,205.04159688949585,334.25437927246094,166.6875958442688,334.7665023803711,187.97581672668457,335.03108978271484,208.20565938949585,309.4065475463867,206.34967803955078,306.6567802429199,170.34095764160156,310.69114685058594,192.27807998657227,312.18563079833984,209.45185661315918,286.1306571960449,212.7663803100586,282.79502868652344,177.6857578754425,291.6012382507324,199.20654773712158,294.3070411682129,216.09079599380493,262.26905822753906,223.1956672668457,263.1629180908203,198.1049108505249,272.7598571777344,212.14698314666748,275.4383659362793,225.91785192489624,86,1787749213.6064913
294.0215301513672,307.0095491409302,326.3526153564453,271.82074785232544,339.3289566040039,228.2063341140747,327.8207778930664,193.80041599273682,304.59054946899414,180.12782335281372,332.8529357910156,206.4388132095337,334.8371887207031,169.98582243919373,335.5170440673828,192.17448234558105,333.2350540161133,212.1096897125244,309.6979331970215,208.326895236969,307.1401786804199,173.67598414421082,312.08385467529297,199.09258604049683,311.5761375427246,217.41559267044067,286.8619155883789,214.64905500411987,285.3729438781738,182.99806594848633,294.64452743530273,207.64409065246582,294.7814178466797,225.31308889389038,263.27402114868164,224.59198236465454,266.75182342529297,203.28689575195312,275.9309196472168,218.49371194839478,276.00719451904297,231.89887762069702,87,1787749213.6580672
293.6028480529785,304.70227003097534,324.5759582519531,271.0525631904602,338.30211639404297,228.0757212638855,328.72188568115234,193.0959391593933,304.94903564453125,180.2259063720703,333.1127166748047,205.37073612213135,335.9680938720703,168.41719150543213,335.55736541748047,191.5133500099182,333.02757263183594,210.4637360572815,309.7003364562988,207.0711064338684,307.10561752319336,171.9144594669342,311.339168548584,198.5646629333496,311.0439682006836,216.48653984069824,286.49200439453125,213.28672885894775,284.62650299072266,183.03935050964355,293.8787078857422,208.07457447052002,294.70813751220703,224.82529163360596,263.4559631347656,223.11142444610596,267.0135688781738,203.2308268547058,275.4862594604492,218.67022275924683,275.42043685913086,231.46809339523315,88,1787749213.7091658
287.9899024963379,306.694872379303,320.16685485839844,272.94806957244873,337.6279067993164,231.3238763809204,330.21984100341797,197.97178745269775,307.17247009277344,181.2997341156006,345.172119140625,209.42851066589355,342.5354766845703,171.83853149414062,330.0649642944336,188.3263921737671,327.19688415527344,208.67347955703735,321.12998962402344,209.64012622833252,313.2925033569336,175.50108790397644,305.1983451843262,196.53493881225586,305.1309585571289,218.09653043746948,297.2775650024414,213.36876153945923,287.6531982421875,186.2096357345581,285.4408264160156,208.3431601524353,287.2837448120117,228.8281774520874,274.02191162109375,220.1357388496399,271.75859451293945,198.555006980896,271.72367095947266,213.65183115005493,272.9798889160156,229.47596311569214,89,1787749213.75961
288.37060928344727,302.58999824523926,322.94551849365234,269.96397256851196,340.6819152832031,227.40630626678467,330.39188385009766,192.3660135269165,306.40600204467773,177.96094179153442,344.4889831542969,206.3407301902771,342.78148651123047,169.57618474960327,334.3915557861328,190.29650688171387,333.1492233276367,210.43384552001953,320.45166015625,206.43559455871582,314.4138526916504,172.27083921432495,310.62408447265625,197.83156156539917,310.9316062927246,219.32547569274902,296.58212661743164,210.1722550392151,289.06816482543945,183.06737422943115,291.151065826416,208.7290334701538,292.68075942993164,229.4782590866089,273.6648750305176,216.97800636291504,272.44678497314453,196.88158750534058,275.37525177001953,213.67461919784546,276.1585235595703,229.37227964401245,90,1787749213.828348
285.97320556640625,289.15650844573975,319.0643882751465,259.9483251571655,337.7100372314453,223.7207794189453,328.6664581298828,189.1203474998474,310.9324264526367,170.90319156646729,352.8765869140625,206.05420589447021,343.52535247802734,163.31964254379272,331.5856170654297,184.38753604888916,332.64408111572266,206.3566517829895,329.4285583496094,204.86010789871216,316.60696029663086,168.36721658706665,308.45041275024414,194.6132755279541,311.9565200805664,215.78435897827148,307.2520446777344,205.98453283309937,292.62630462646484,180.7668972015381,289.9546813964844,205.4821014404297,294.9415588378906,224.528489112854,286.3213539123535,209.285409450531,277.31746673583984,187.53389596939087,275.9861373901367,206.31182670593262,278.9874839782715,223.22991371154785,91,1787749213.8864996
281.7826461791992,288.748984336853,315.51280975341797,260.7492971420288,330.6957244873047,222.34195232391357,322.4468994140625,188.215069770813,306.02294921875,169.78011846542358,345.86151123046875,210.85254907608032,339.27093505859375,165.2859377861023,330.74268341064453,181.0944700241089,330.59425354003906,202.135112285614,322.81726837158203,206.99321508407593,314.8970031738281,168.2443070411682,310.17053604125977,186.85892343521118,311.53553009033203,204.3625259399414,300.34936904907227,207.2937297821045,293.9847946166992,178.31878066062927,293.523006439209,195.73126316070557,295.8988952636719,210.40934085845947,280.58732986450195,211.04732036590576,279.10614013671875,187.4083685874939,279.57014083862305,200.7150650024414,279.9937057495117,214.21224117279053,92,1787749213.9515293
281.99026107788086,287.06035137176514,314.3601608276367,259.30596828460693,329.4542694091797,221.61312103271484,320.7111358642578,187.1587085723877,303.942813873291,168.9858841896057,345.95874786376953,211.1784052848816,339.54803466796875,165.7051134109497,330.37723541259766,181.91848754882812,330.0479507446289,203.2629919052124,322.8538513183594,206.8510365486145,314.593563079834,168.83647441864014,309.2344284057617,188.587167263031,310.7608985900879,206.01556062698364,300.98316192626953,206.2064266204834,294.3395233154297,178.24681162834167,292.8439712524414,197.07161664962769,295.07930755615234,211.93922996520996,281.8394470214844,208.78432989120483,280.1162338256836,186.3176965713501,279.8291206359863,199.3894100189209,280.0105285644531,212.1619176864624,93,1787749213.9954638
270.9465980529785,300.45448780059814,272.141170501709,276.5361785888672,281.0591506958008,246.29324197769165,283.4436798095703,223.37059020996094,279.47778701782227,206.27835273742676,327.3727035522461,223.27879428863525,310.97925186157227,176.13049507141113,296.2990188598633,180.4476499557495,291.9563102722168,199.02791261672974,325.89759826660156,220.50247192382812,313.0371284484863,172.39773988723755,298.54907989501953,176.73964619636536,294.61130142211914,191.99065446853638,316.4606475830078,218.51707935333252,305.9807014465332,171.41793966293335,291.2812042236328,175.98116040229797,288.3938789367676,189.82405185699463,300.3357124328613,216.26692056655884,289.89498138427734,178.24654340744019,279.16202545166016,178.8257610797882,276.87963485717773,189.66429948806763,94,1787749214.051066
248.57206344604492,293.8381862640381,263.39344024658203,263.32093477249146,277.7340888977051,231.88267707824707,280.9645080566406,207.05512046813965,276.00399017333984,188.33654165267944,303.5539436340332,218.7749147415161,296.15299224853516,174.8223066329956,284.9372673034668,179.9419891834259,281.11854553222656,198.762845993042,295.53003311157227,216.72126531600952,287.0836067199707,174.12572622299194,276.1431694030762,180.70844650268555,274.0789985656738,196.5493369102478,284.864444732666,215.72459936141968,277.60799407958984,176.3209319114685,267.1651268005371,182.6978302001953,265.2523612976074,197.12425231933594,272.2598648071289,215.8224892616272,267.7231216430664,182.4622678756714,260.99597930908203,187.44360208511353,258.9817237854004,200.37800788879395,95,1787749214.1078923
252.99551010131836,289.9889588356018,258.13053131103516,263.1130313873291,270.22472381591797,231.99397802352905,276.25598907470703,207.93806076049805,275.03124237060547,189.3032956123352,303.2757568359375,218.6629056930542,295.5913543701172,175.1892864704132,283.8206100463867,177.9193890094757,278.60010147094727,194.56398725509644,301.4158630371094,218.00694465637207,293.7196922302246,174.50771570205688,281.8752861022949,178.427152633667,277.35849380493164,191.97938919067383,294.61536407470703,217.84702062606812,287.4743461608887,176.86696529388428,276.2897300720215,180.19691705703735,272.784423828125,192.03826904296875,283.11100006103516,217.75762796401978,277.26802825927734,183.03325653076172,269.3803024291992,183.80062580108643,266.58775329589844,192.94451236724854,96,1787749214.1502013
244.35842514038086,289.5774006843567,263.49164962768555,262.31995582580566,275.75550079345703,227.28567123413086,275.4302406311035,196.80052042007446,267.6163101196289,179.03077840805054,293.96728515625,220.75230360031128,285.76953887939453,175.39788722991943,277.6288414001465,184.0437412261963,276.42011642456055,202.71459817886353,278.47124099731445,220.8264183998108,270.82481384277344,180.6249761581421,265.1939392089844,188.3354902267456,266.1613082885742,202.02752351760864,263.00716400146484,222.75391817092896,258.1612205505371,188.38752508163452,253.77197265625,194.48107481002808,255.08119583129883,206.25987768173218,248.74700546264648,226.14719152450562,248.3588409423828,195.12714385986328,246.7572021484375,201.19275569915771,246.6191864013672,213.31518173217773,97,1787749214.2018907
246.89693450927734,285.5931615829468,265.79172134399414,258.87200832366943,278.00256729125977,224.8100781440735,275.8236312866211,196.36370658874512,266.90210342407227,179.78901743888855,294.77500915527344,217.57489442825317,287.38271713256836,173.86274099349976,278.0129051208496,179.95517492294312,276.01449966430664,196.6664958000183,280.52900314331055,216.97777032852173,273.9912223815918,177.13387727737427,266.4580535888672,183.24079513549805,265.97700119018555,196.8756866455078,266.3991165161133,218.4084177017212,262.3045349121094,183.33205461502075,256.1309623718262,188.68527173995972,256.27845764160156,201.0235834121704,253.0402946472168,221.41478776931763,252.5739288330078,191.25596523284912,250.27959823608398,194.91778135299683,250.3708267211914,205.92578172683716,98,1787749214.2548535
233.60021591186523,291.27274990081787,241.58077239990234,263.0882692337036,249.06517028808594,231.86782836914062,246.5363311767578,207.67037630081177,239.65152740478516,189.02368068695068,280.48023223876953,222.88450956344604,270.6658935546875,177.73511052131653,254.8818016052246,184.1698694229126,250.9949493408203,201.7629075050354,275.0583267211914,222.69806385040283,265.6635093688965,178.21879863739014,249.6097755432129,184.18622016906738,245.35558700561523,198.71875047683716,264.3890953063965,223.83980512619019,255.33855438232422,180.0817108154297,239.53889846801758,185.4328465461731,235.3879737854004,199.42833423614502,249.50607299804688,224.74795818328857,240.15914916992188,187.16310739517212,228.87054443359375,191.00486755371094,225.50270080566406,205.13957262039185,99,1787749214.2958703
203.66594314575195,288.552303314209,222.6663589477539,263.5037112236023,237.59611129760742,230.99971532821655,234.00609970092773,202.73084163665771,222.9403305053711,183.61862182617188,265.1333236694336,224.14401054382324,255.44828414916992,180.09284734725952,242.2500991821289,186.77019596099854,239.2019271850586,205.3315544128418,253.03707122802734,221.47398948669434,244.9678611755371,180.65714120864868,232.02951431274414,187.323739528656,228.48068237304688,201.69467210769653,238.09967041015625,221.73259735107422,231.79473876953125,183.3364963531494,219.8208999633789,189.86610889434814,215.82712173461914,203.20348978042603,220.9846305847168,223.8872480392456,215.45204162597656,192.7994155883789,208.1674575805664,197.75590181350708,205.53525924682617,210.05453824996948,100,1787749214.3539293
194.08103942871094,288.314208984375,220.7947540283203,267.12555170059204,238.2288360595703,232.43377447128296,235.52640914916992,201.6677212715149,222.51869201660156,182.46831893920898,257.5691223144531,222.32154607772827,251.58702850341797,177.484130859375,240.4794692993164,189.7355604171753,238.41407775878906,209.7927975654602,238.3382797241211,217.29000091552734,233.21550369262695,178.93112897872925,223.76249313354492,191.53759717941284,222.60967254638672,205.92509508132935,217.70879745483398,216.8727993965149,212.23997116088867,184.78647708892822,204.8606300354004,197.18459129333496,204.60134506225586,209.7455906867981,197.2365379333496,220.10342359542847,195.96609115600586,193.83118629455566,192.45487213134766,204.03345108032227,191.33062362670898,216.18008136749268,101,1787749214.432417
188.74956130981445,292.7563762664795,217.09245681762695,267.651629447937,232.09999084472656,232.31009244918823,227.27691650390625,200.61972856521606,214.06579971313477,184.07476902008057,248.4321403503418,221.88857316970825,241.3352394104004,177.4242639541626,232.47772216796875,192.59013891220093,233.18178176879883,211.5484857559204,225.97539901733398,218.22160720825195,216.77242279052734,182.7149534225464,210.40342330932617,198.92781257629395,211.96552276611328,212.83427238464355,205.27069091796875,218.89132261276245,198.27802658081055,191.34265422821045,194.29079055786133,205.6609296798706,195.58380126953125,217.71009922027588,187.30087280273438,223.49759817123413,185.64952850341797,200.94337463378906,183.4921646118164,212.18022108078003,182.72932052612305,224.3414855003357,102,1787749214.4751773
185.27225494384766,293.5352039337158,213.97937774658203,269.0212297439575,229.5466423034668,233.13473224639893,225.75550079345703,200.91464281082153,212.49238967895508,182.00588464736938,246.70202255249023,221.2229561805725,239.35243606567383,175.80256819725037,230.60956954956055,193.41748237609863,232.39849090576172,213.814115524292,223.66064071655273,217.5290608406067,213.58671188354492,182.13948011398315,207.49683380126953,201.79436445236206,210.17547607421875,217.18629598617554,202.3804473876953,217.40525007247925,194.44446563720703,191.35497093200684,190.77375411987305,209.09160375595093,193.00674438476562,222.10832118988037,183.9779281616211,220.8322548866272,181.97694778442383,201.0852313041687,180.44105529785156,213.9624309539795,180.90764999389648,225.91637134552002,103,1787749214.5168133
184.6845817565918,297.33922004699707,217.3820686340332,269.62672233581543,232.50604629516602,230.4910182952881,222.51914978027344,196.52528285980225,205.41988372802734,181.22903108596802,245.1380157470703,221.617112159729,238.51011276245117,176.70699834823608,230.3451156616211,196.48030757904053,231.95823669433594,216.58159732818604,220.30187606811523,218.5431718826294,211.2810516357422,182.58281707763672,207.05772399902344,204.581458568573,209.66081619262695,220.14586687088013,197.58869171142578,218.8957643508911,190.9485626220703,192.26374626159668,190.52814483642578,212.35229015350342,193.05898666381836,225.86214780807495,177.81316757202148,222.85476922988892,177.14344024658203,202.46654748916626,177.28126525878906,215.90080976486206,177.1974754333496,227.85569429397583,104,1787749214.571386
187.8606414794922,299.3063521385193,215.5467987060547,269.19424295425415,229.15449142456055,229.35912609100342,221.14551544189453,195.99167346954346,204.68231201171875,178.761967420578,244.7327423095703,219.9250030517578,237.87105560302734,175.37213802337646,228.88822555541992,192.05107927322388,229.76202011108398,212.77249574661255,221.77478790283203,218.34964513778687,213.58760833740234,182.04285621643066,208.69359970092773,201.89706087112427,212.0777130126953,217.371346950531,200.56262969970703,220.95093727111816,193.12082290649414,195.9496808052063,192.48092651367188,214.5596408843994,196.0659408569336,227.2626256942749,182.53541946411133,227.73748397827148,179.94413375854492,208.99703979492188,180.4175567626953,222.0528531074524,181.18606567382812,233.80861043930054,105,1787749214.6239011
187.29482650756836,301.56174659729004,214.2959213256836,271.47761821746826,228.32691192626953,231.23875379562378,221.2017822265625,197.64129638671875,205.27061462402344,179.36473488807678,244.3756103515625,220.43558835983276,237.21702575683594,176.4839780330658,228.27394485473633,193.52592945098877,229.1809844970703,214.2785882949829,221.13250732421875,218.77716779708862,212.2553253173828,182.90058374404907,207.5882339477539,203.2421350479126,210.80547332763672,219.24129724502563,199.71885681152344,220.9529972076416,192.32711791992188,195.1039481163025,192.03941345214844,213.94324779510498,195.3387451171875,226.90524816513062,181.5185546875,226.9699001312256,179.09854888916016,206.6898250579834,179.60636138916016,219.84264850616455,180.25787353515625,231.89776182174683,106,1787749214.6895099
187.9332733154297,305.0201654434204,179.0243911743164,275.3994369506836,186.72250747680664,238.24393272399902,192.97950744628906,209.27446603775024,192.70444869995117,187.32781648635864,236.10137939453125,223.16566944122314,228.31958770751953,178.20563435554504,208.73125076293945,185.46666383743286,204.0811538696289,204.12983894348145,239.1327667236328,222.53989934921265,230.13761520385742,175.4128110408783,208.43778610229492,186.72828912734985,204.88855361938477,205.4470181465149,235.67113876342773,223.79536628723145,224.51135635375977,175.9238040447235,203.46097946166992,188.16157579421997,199.46687698364258,207.68209218978882,225.42476654052734,225.80193758010864,210.94663619995117,186.55315160751343,195.51095962524414,194.27306413650513,192.32934951782227,212.0721173286438,107,1787749214.731463
186.5113067626953,308.339581489563,170.5904769897461,277.17784881591797,177.62054443359375,241.7496657371521,183.78829956054688,213.5931658744812,187.70442962646484,189.21010494232178,233.44974517822266,225.7581639289856,226.91621780395508,181.72528266906738,208.82972717285156,185.8050298690796,201.85373306274414,203.59622955322266,240.16706466674805,225.75730562210083,232.0499610900879,177.86088466644287,210.2723503112793,184.51855659484863,203.57580184936523,201.6268014907837,239.77134704589844,227.1301031112671,229.9515724182129,176.84673070907593,207.96875,183.95334005355835,200.85357666015625,201.93686485290527,231.1850357055664,227.87667989730835,216.70644760131836,186.75369501113892,199.6451187133789,187.2124171257019,192.48544692993164,200.48791408538818,108,1787749214.7928586
182.80433654785156,321.65544033050537,179.92565155029297,307.3188829421997,176.24874114990234,279.43697690963745,160.60832977294922,250.44740438461304,146.1932373046875,224.2882490158081,214.3458366394043,229.2648196220398,214.60626602172852,192.07695722579956,200.1468849182129,174.87268924713135,186.08713150024414,171.13723039627075,204.5810317993164,221.31799221038818,203.79497528076172,186.16358757019043,188.34623336791992,173.30085039138794,175.05306243896484,171.8113660812378,194.7596549987793,220.5598282814026,191.3092041015625,187.28286266326904,176.67272567749023,176.80761337280273,163.95965576171875,176.63041591644287,183.1621551513672,225.6530213356018,175.90736389160156,198.1717085838318,164.0209197998047,187.31607913970947,153.6704444885254,185.99291324615479,109,1787749214.8229668
184.4804573059082,312.20573902130127,200.4524803161621,279.46836948394775,202.50490188598633,239.6909523010254,193.32191467285156,204.6335792541504,178.76005172729492,178.42273235321045,195.89828491210938,217.0910882949829,186.11974716186523,186.74242973327637,172.2104263305664,172.21030712127686,156.22076988220215,166.75031661987305,180.37227630615234,216.2241554260254,172.1687889099121,185.70834159851074,161.42059326171875,171.95180654525757,148.09268951416016,167.45758295059204,167.25946426391602,219.26241159439087,160.6420135498047,189.14461612701416,151.58028602600098,176.25958442687988,140.23113250732422,172.24380254745483,155.24765014648438,226.36142492294312,150.22642135620117,199.9448847770691,144.37026977539062,187.26685523986816,136.76735877990723,181.56525135040283,110,1787749214.896357
179.4607925415039,294.3061566352844,205.64849853515625,250.10326623916626,210.75653076171875,205.85100173950195,202.22906112670898,174.00350332260132,188.34081649780273,153.46075415611267,199.84704971313477,203.45746278762817,193.37854385375977,172.63216495513916,183.09646606445312,160.02947330474854,171.29764556884766,156.9386887550354,177.95087814331055,209.8980689048767,174.02063369750977,180.56227684020996,163.7006950378418,167.24223375320435,152.9190444946289,163.13920497894287,157.1649932861328,217.97286987304688,155.11459350585938,189.2720103263855,147.81766891479492,176.39957427978516,140.62169075012207,173.00204157829285,137.31194496154785,227.5694489479065,135.77659606933594,202.069194316864,132.6498794555664,189.96275424957275,128.59615325927734,185.02100944519043,111,1787749214.9587243
170.166015625,274.73392724990845,196.90967559814453,234.88548517227173,202.47312545776367,191.63812637329102,188.17028045654297,160.85893034934998,171.95301055908203,142.01462030410767,189.59348678588867,180.94879388809204,185.0508689880371,150.74433088302612,176.54285430908203,140.0064718723297,166.39646530151367,138.77291321754456,166.96565628051758,186.5795660018921,162.5113868713379,157.0532727241516,153.40465545654297,147.92632699012756,143.3167552947998,148.304443359375,146.24272346496582,194.80233907699585,142.4005889892578,166.16273045539856,135.86488723754883,157.0829701423645,128.57537269592285,157.24300146102905,125.72488784790039,206.22153282165527,122.86271095275879,180.8782196044922,121.00116729736328,172.26678371429443,118.06697845458984,170.85875272750854,112,1787749215.0092864
167.38555908203125,264.4745421409607,195.95596313476562,231.64767265319824,204.57155227661133,189.70470428466797,189.46462631225586,160.05136013031006,169.5090103149414,145.72113275527954,183.3652687072754,169.70439434051514,177.75856018066406,138.83346676826477,176.7742156982422,143.64596128463745,176.9511604309082,155.94461917877197,159.92834091186523,174.16428565979004,153.8552951812744,143.7216854095459,153.6092472076416,150.8229410648346,153.93966674804688,164.12458419799805,138.3697509765625,182.17445611953735,132.72332191467285,152.9812502861023,134.87464904785156,160.07419109344482,136.7546272277832,173.09412717819214,117.69647598266602,193.4964895248413,112.1681022644043,168.4826374053955,117.10237503051758,172.2779095172882,121.16116523742676,181.75268411636353,113,1787749215.0717664
144.127197265625,248.9903211593628,171.4073371887207,214.24324750900269,179.0506935119629,173.29952001571655,161.98333740234375,145.43298840522766,141.2501335144043,132.12016582489014,157.27625846862793,154.32839512825012,148.2575225830078,121.78025007247925,142.51751899719238,115.19450426101685,139.284029006958,121.56862378120422,133.1117820739746,159.39992666244507,122.76836395263672,127.28368163108826,118.51648330688477,125.66674947738647,116.32518768310547,135.54139852523804,111.6525936126709,167.5481879711151,102.06350326538086,137.31324434280396,101.79619789123535,139.30885076522827,103.16505432128906,150.39050459861755,91.75287246704102,179.56478476524353,82.29291915893555,154.10651206970215,85.30439376831055,156.24462962150574,89.08121109008789,165.87674260139465,114,1787749215.1133468
128.67433547973633,245.41109561920166,157.92123794555664,209.2855167388916,163.82049560546875,164.17718768119812,143.6843490600586,135.29091238975525,122.1156120300293,122.19191551208496,139.9994945526123,146.68196439743042,131.82642936706543,119.56045389175415,126.06503486633301,108.59558343887329,120.95963478088379,106.297048330307,114.51924324035645,153.7470531463623,104.72772598266602,123.3389139175415,102.95631408691406,119.2581582069397,101.02474212646484,124.16454076766968,91.42984390258789,164.0669059753418,83.54925155639648,137.2461462020874,85.74590682983398,139.2163896560669,87.42437362670898,147.91406393051147,70.87687969207764,177.35803484916687,63.151559829711914,153.9095950126648,66.95322513580322,155.0257158279419,70.35453796386719,161.77661061286926,115,1787749215.1636353
128.8664150238037,242.08052158355713,157.68423080444336,207.2264814376831,163.60218048095703,162.94275999069214,144.20766830444336,134.34873819351196,123.30070495605469,122.53437995910645,140.11446952819824,145.841166973114,130.3781509399414,117.42481470108032,125.88418960571289,108.21713447570801,124.11092758178711,109.42323803901672,115.23140907287598,151.860773563385,104.1168212890625,121.47209644317627,103.23872566223145,119.81608986854553,104.02121543884277,127.776939868927,92.55889892578125,161.1922001838684,83.38356971740723,133.54986906051636,85.13294219970703,135.609472990036,88.05379867553711,144.682195186615,71.85835361480713,173.4380078315735,63.14156532287598,149.05795097351074,66.63768768310547,150.53426027297974,70.35476684570312,157.30939149856567,116,1787749215.2135086
128.15733909606934,237.04768896102905,155.0379180908203,203.25904369354248,159.82669830322266,158.9138674736023,138.28206062316895,129.97913002967834,114.4566535949707,119.00409936904907,133.64886283874512,140.5399525165558,124.68330383300781,112.07682251930237,117.8266716003418,97.90457725524902,113.91195297241211,97.06405878067017,106.70772552490234,147.51864194869995,94.10738945007324,116.59311532974243,91.32440567016602,107.30273723602295,91.41557693481445,111.76881909370422,83.54001998901367,158.7860119342804,73.33786487579346,131.43375635147095,73.81876945495605,127.6917314529419,76.45873069763184,135.73041915893555,63.32257270812988,173.22035193443298,52.57169246673584,148.1463646888733,53.55943202972412,143.630028963089,55.94195365905762,147.4583351612091,117,1787749215.2552092
127.81413078308105,237.5955033302307,155.85424423217773,205.8388352394104,160.66022872924805,161.20720982551575,141.36749267578125,132.60752320289612,120.29382705688477,119.07345056533813,133.23725700378418,140.9130585193634,123.60870361328125,111.8333637714386,116.20692253112793,100.3123426437378,111.58822059631348,101.6086220741272,106.18005752563477,147.18948125839233,92.80272483825684,116.72730088233948,89.61705207824707,112.28660345077515,88.51773262023926,119.45157766342163,82.57752418518066,157.05933451652527,71.24653816223145,128.57669949531555,70.97696304321289,127.50416994094849,71.86790466308594,135.5148983001709,61.99936389923096,170.1926851272583,50.68596839904785,144.83954429626465,52.349653244018555,143.0389666557312,54.527955055236816,148.20876359939575,118,1787749215.29663
128.02983283996582,232.27837800979614,155.85158348083496,205.29921770095825,165.40672302246094,160.11969208717346,145.61566352844238,130.90936303138733,119.8775863647461,121.59413695335388,130.7963752746582,131.38455390930176,123.41329574584961,102.2193717956543,122.52431869506836,94.96044516563416,125.34832000732422,104.63936805725098,102.74077415466309,136.95604920387268,89.59317207336426,105.06125807762146,96.34552001953125,111.17142677307129,103.75996589660645,129.11166071891785,78.17241191864014,147.54355430603027,67.86442756652832,122.02276468276978,78.69394302368164,133.08492422103882,87.0006275177002,150.9392523765564,55.307512283325195,163.33391189575195,46.76990032196045,137.49237298965454,59.00250434875488,145.21439909934998,67.85647392272949,159.47003960609436,119,1787749215.3443706
128.89923095703125,235.1738977432251,156.89943313598633,205.53441524505615,166.0397720336914,159.18105840682983,144.08740997314453,130.4809820652008,118.74287605285645,120.16759872436523,130.83273887634277,130.57807803153992,122.95635223388672,100.67090034484863,121.21490478515625,94.50645446777344,123.86533737182617,105.3903865814209,103.05169105529785,136.52770042419434,88.6260986328125,102.08026170730591,94.14529800415039,106.00800275802612,101.77053451538086,123.31750988960266,78.77305030822754,147.66931772232056,66.36236190795898,119.9948000907898,77.54485130310059,130.31471729278564,87.33640670776367,148.37123036384583,55.99471092224121,164.43596720695496,47.119479179382324,138.54888439178467,59.87210750579834,146.2221908569336,69.72290515899658,160.7610297203064,120,1787749215.405084
135.05903244018555,239.02666568756104,165.35690307617188,206.36924743652344,175.2406120300293,157.82140374183655,148.42230796813965,130.00892400741577,117.50697135925293,127.5808596611023,136.98699951171875,129.50833797454834,126.85556411743164,94.81456518173218,133.64914894104004,105.45738816261292,141.8227195739746,125.69675803184509,108.35783958435059,135.81228017807007,93.45890045166016,98.72485041618347,105.16744613647461,113.98683428764343,114.77900505065918,134.9945068359375,83.34567070007324,147.353675365448,68.63112926483154,115.13382196426392,84.20538902282715,130.69546222686768,93.94926071166992,149.7513234615326,59.83591079711914,164.66995239257812,52.2871208190918,136.25187277793884,67.19724178314209,147.02834486961365,75.82299709320068,162.55526661872864,121,1787749215.4458923
136.12590789794922,241.45093202590942,164.65553283691406,206.95637226104736,172.44056701660156,160.14456152915955,147.4645709991455,133.2936429977417,116.4264965057373,131.71764135360718,137.1985626220703,129.002183675766,125.76316833496094,94.19435262680054,130.5932903289795,98.46219778060913,138.8537883758545,116.36014938354492,109.11346435546875,135.59401273727417,93.18887710571289,98.47675681114197,102.46475219726562,107.74231910705566,112.07963943481445,127.16490268707275,84.04524803161621,147.84648299217224,66.58484935760498,113.3583927154541,80.12781143188477,123.6375081539154,90.892333984375,142.29878425598145,60.3114652633667,165.88998198509216,49.57446575164795,137.38137245178223,63.554420471191406,144.59559202194214,74.00066375732422,160.31888365745544,122,1787749215.4904773
136.72395706176758,242.76381969451904,164.74241256713867,206.9518232345581,172.41212844848633,159.71635222434998,146.86450958251953,133.22215676307678,115.5107593536377,131.03597402572632,135.8597469329834,128.77211451530457,124.20323371887207,94.16504144668579,129.99515533447266,100.11510372161865,138.5671043395996,118.02291512489319,107.7083969116211,135.4290783405304,91.19647026062012,97.55060076713562,100.9650707244873,107.03985929489136,110.73654174804688,126.46739959716797,82.54984855651855,147.98576474189758,64.59400653839111,112.87664651870728,79.21677589416504,124.20716643333435,90.22674560546875,143.3413052558899,58.89307498931885,166.53196334838867,48.07093620300293,137.1420979499817,63.0129337310791,145.54043769836426,73.66873264312744,162.1105670928955,123,1787749215.5347066
138.91035079956055,247.01733112335205,165.79322814941406,208.1119966506958,172.4637794494629,160.52311778068542,148.98024559020996,135.64283967018127,120.45109748840332,133.2541286945343,136.9826316833496,130.82160115242004,124.84323501586914,96.6761040687561,132.72489547729492,106.5454638004303,142.06406593322754,124.30791020393372,109.6590805053711,138.20335149765015,92.73517608642578,100.2204179763794,102.99601554870605,113.13269019126892,112.40324020385742,132.46915340423584,84.73791122436523,151.070294380188,66.7601203918457,115.41533589363098,80.69222450256348,129.08865809440613,91.08026504516602,147.60982632637024,61.09488487243652,169.59041118621826,49.329824447631836,139.67000484466553,63.42503547668457,147.94371843338013,73.81174087524414,162.92631268501282,124,1787749215.6126332
139.37728881835938,248.99117946624756,165.9615135192871,209.88165378570557,172.77084350585938,161.1026680469513,147.96154022216797,134.7080898284912,118.3407974243164,131.63824796676636,136.68787956237793,130.98020553588867,125.01935958862305,96.7650032043457,132.23142623901367,107.51315116882324,141.30996704101562,125.72808623313904,108.83682250976562,138.20388793945312,92.20942497253418,99.59477663040161,102.12655067443848,113.51156830787659,111.67335510253906,133.42127323150635,83.90566825866699,150.924414396286,66.29194736480713,115.692880153656,80.2733039855957,129.63779211044312,91.00775718688965,148.77283215522766,60.42953014373779,169.29478883743286,49.026055335998535,139.7078776359558,63.473663330078125,148.06477189064026,74.41717147827148,163.31493258476257,125,1787749215.657328
150.89980125427246,259.50061082839966,178.1751823425293,217.64426708221436,189.06538009643555,173.63439917564392,169.0473175048828,143.85501265525818,142.1603298187256,133.08348655700684,144.87516403198242,139.81686115264893,135.3038215637207,105.41017055511475,145.85926055908203,117.39013910293579,154.6388816833496,132.42831945419312,118.30401420593262,147.41403579711914,105.8334732055664,109.53246831893921,119.47769165039062,123.40412378311157,127.81131744384766,140.02605199813843,93.62936973571777,160.15016198158264,77.9575777053833,122.66666650772095,94.75631713867188,135.29667377471924,105.02084732055664,152.27608680725098,69.74932670593262,179.15305495262146,58.5497522354126,147.3349964618683,74.6314525604248,153.64633083343506,85.09819030761719,167.46623039245605,126,1787749215.7109876
162.9419708251953,267.0944380760193,191.47409439086914,224.32822465896606,201.49003982543945,180.1151418685913,181.7780876159668,149.656480550766,154.60908889770508,136.4378035068512,156.06634140014648,146.69934511184692,148.55145454406738,115.80030798912048,161.18515014648438,128.99598240852356,170.68553924560547,144.7433066368103,130.2285671234131,154.1011905670166,120.83154678344727,117.65109658241272,137.07682609558105,135.45107245445251,145.6382942199707,155.2524483203888,105.19037246704102,167.5902557373047,93.85089874267578,131.7102599143982,113.36797714233398,148.77455949783325,123.79484176635742,168.2723307609558,80.60474395751953,188.1445598602295,74.9711561203003,158.93415570259094,93.74652862548828,167.7504587173462,104.70163345336914,182.15173244476318,127,1787749215.7612343
162.5261116027832,267.0777225494385,190.04409790039062,225.37437200546265,198.95565032958984,181.64790630340576,180.7147216796875,151.92855834960938,155.52087783813477,136.41036987304688,158.62491607666016,144.38519954681396,149.40485954284668,115.07627248764038,161.57611846923828,133.35236191749573,169.4457244873047,150.12070655822754,132.42545127868652,151.68611884117126,120.18806457519531,116.93126678466797,136.06167793273926,138.78323435783386,144.53100204467773,157.31431603431702,107.1717357635498,165.18276929855347,93.64712715148926,130.99523663520813,112.62359619140625,151.4770781993866,122.53317832946777,169.64545011520386,82.47123718261719,185.46773672103882,75.45828819274902,157.50222086906433,93.99824142456055,169.32154655456543,104.86580848693848,182.892644405365,128,1787749215.8129976
170.17593383789062,285.77439308166504,202.7606964111328,247.58681774139404,215.55980682373047,202.8133249282837,196.92424774169922,174.30210828781128,172.16064453125,162.13263630867004,174.16423797607422,158.0020558834076,163.98990631103516,131.4001750946045,177.0981216430664,160.60961365699768,184.43994522094727,173.75898241996765,146.18135452270508,163.9055871963501,134.6686840057373,134.46769952774048,150.7479190826416,166.93748116493225,156.94053649902344,181.6245174407959,119.23233985900879,175.51897287368774,108.0472183227539,147.3782229423523,127.01810836791992,176.94470643997192,133.62287521362305,191.22789859771729,92.65928268432617,193.48209142684937,87.43034362792969,170.56972861289978,105.1756763458252,188.78105878829956,112.47039794921875,200.1863694190979,129,1787749215.834493
169.6744155883789,286.480393409729,199.92950439453125,246.63830280303955,213.07445526123047,203.2666826248169,196.84768676757812,175.78255891799927,173.21866989135742,163.6728036403656,176.82832717895508,162.86176800727844,166.49864196777344,131.5037727355957,177.4405860900879,158.0865454673767,184.9199104309082,174.0135133266449,149.9069881439209,167.9477620124817,138.3749771118164,136.10520958900452,151.44530296325684,166.1694574356079,157.98179626464844,182.62476682662964,123.1183910369873,178.4308111667633,111.84953689575195,147.798171043396,128.10362815856934,175.7708215713501,135.8052921295166,192.66614198684692,96.08345031738281,194.48967933654785,90.80743789672852,169.93077278137207,106.51177406311035,187.67330646514893,114.27181243896484,200.4452347755432,130,1787749215.8819313
173.50641250610352,314.26475286483765,209.40696716308594,281.7435908317566,223.95309448242188,232.95850038528442,210.30654907226562,202.6206350326538,186.0611343383789,190.43115377426147,189.000244140625,191.4249873161316,180.73543548583984,162.1554136276245,188.30244064331055,191.46193742752075,194.75860595703125,207.78043270111084,159.7789192199707,197.86473512649536,151.83192253112793,168.82469415664673,163.30570220947266,202.25542545318604,168.2135009765625,218.25677633285522,132.94439315795898,209.37555313110352,124.41668510437012,181.5896701812744,138.9863681793213,212.55669593811035,144.58035469055176,228.34235429763794,107.9310417175293,225.09939193725586,103.97200584411621,201.24223709106445,117.216796875,221.2832736968994,122.89460182189941,233.63366603851318,131,1787749215.9392285
172.77851104736328,319.0372610092163,207.0317268371582,283.7152290344238,222.6073455810547,236.78669929504395,209.56344604492188,205.73543071746826,187.35580444335938,188.76560926437378,190.11356353759766,196.87251091003418,181.7759895324707,166.9059705734253,189.43635940551758,193.94325971603394,195.34912109375,211.64259910583496,161.61914825439453,202.04998970031738,153.1958770751953,171.133131980896,163.89938354492188,201.85624837875366,168.80775451660156,219.78310346603394,134.29101943969727,211.8225860595703,125.96010208129883,183.30988883972168,139.32348251342773,211.3691210746765,145.08925437927246,229.20433044433594,108.5280704498291,225.74241399765015,105.43259620666504,201.11960649490356,117.85916328430176,219.51059103012085,123.49465370178223,232.7341389656067,132,1787749216.000583
175.87682723999023,356.10036849975586,213.36286544799805,332.78064250946045,229.61105346679688,294.7863793373108,209.7296905517578,271.5891122817993,183.6568260192871,268.8309860229492,194.8648452758789,256.3765025138855,187.10699081420898,230.1732301712036,194.5402717590332,257.46397733688354,202.52840042114258,275.37418127059937,165.04261016845703,264.6992039680481,158.17086219787598,239.56325769424438,168.33026885986328,268.05827379226685,175.11255264282227,284.91295337677,140.0624656677246,277.5107002258301,132.03187942504883,257.83459424972534,144.05855178833008,282.04565048217773,151.34511947631836,296.22387170791626,118.37882995605469,293.5480570793152,112.68125534057617,279.0205478668213,124.06611442565918,296.3056683540344,131.40233993530273,307.2007369995117,133,1787749216.049219
181.30420684814453,385.888466835022,216.79244995117188,364.12811279296875,229.3437957763672,322.8448820114136,210.97177505493164,295.7479190826416,187.26709365844727,287.4176859855652,195.1866340637207,290.44246673583984,184.5055389404297,268.00447940826416,189.05105590820312,288.1410026550293,197.57863998413086,305.7922124862671,166.73336029052734,298.8801598548889,156.73901557922363,276.46629095077515,163.61364364624023,299.3828058242798,171.96727752685547,316.02020502090454,143.77581596374512,312.822904586792,134.1347312927246,293.7184739112854,142.3952865600586,313.9279317855835,150.20553588867188,327.4835157394409,126.2448501586914,331.1178231239319,119.37260627746582,317.9404950141907,128.07710647583008,332.79600620269775,135.68659782409668,342.19560384750366,134,1787749216.0962367
188.7084197998047,402.17187881469727,215.42753219604492,374.47152614593506,225.5088996887207,330.1250624656677,209.0189552307129,302.43282079696655,187.9364776611328,292.3459553718567,191.57541275024414,303.97470474243164,182.13254928588867,281.86819553375244,184.67121124267578,297.7441477775574,191.2806510925293,311.8637251853943,166.11186981201172,311.94640159606934,156.67421340942383,288.44980001449585,160.99676132202148,306.6130328178406,167.65419006347656,321.6447329521179,145.53112030029297,324.1525983810425,136.21822357177734,301.85704708099365,141.67695999145508,317.4915146827698,147.8373622894287,331.2225580215454,130.15491485595703,340.15663146972656,122.62674331665039,322.0052433013916,129.47174072265625,333.7905693054199,136.1044979095459,343.7962603569031,135,1787749216.148363
199.925537109375,419.2945861816406,220.84356307983398,383.87972831726074,226.27435684204102,339.65754747390747,206.37365341186523,314.35455322265625,185.1156997680664,306.92230224609375,188.2816505432129,323.52478981018066,174.47086334228516,298.7243127822876,177.83588409423828,304.6008610725403,187.01303482055664,317.8102684020996,164.50698852539062,336.2597894668579,151.17274284362793,309.88603591918945,155.7038974761963,318.4052038192749,164.2311668395996,333.96504163742065,146.3102626800537,352.436363697052,132.8247356414795,327.09051847457886,139.16189193725586,332.42976665496826,148.91733169555664,345.0552248954773,132.95087814331055,372.71615982055664,121.32424354553223,350.762300491333,127.9867935180664,352.5528144836426,136.6215419769287,360.2358627319336,136,1787749216.1981876
197.3179817199707,429.4763374328613,216.87091827392578,389.5131826400757,222.59342193603516,345.84495306015015,205.81865310668945,320.21073818206787,184.37152862548828,315.66493034362793,191.79197311401367,335.26458263397217,179.85881805419922,310.02604722976685,176.7823600769043,305.8600616455078,177.5429344177246,308.4074091911316,169.67683792114258,346.6824674606323,159.27249908447266,321.76989555358887,157.8457260131836,318.7683963775635,159.0425682067871,322.98856258392334,151.9757843017578,361.36402130126953,141.31305694580078,336.9568419456482,141.35287284851074,331.7309546470642,144.0774440765381,333.59787940979004,138.55026245117188,379.7741889953613,128.54873657226562,358.0398631095886,129.69622611999512,352.5347685813904,133.04014205932617,352.4415135383606,137,1787749216.2388024
202.3645782470703,427.2304916381836,223.0168914794922,387.63593673706055,224.18292999267578,344.4652462005615,199.2289161682129,321.58151865005493,172.16880798339844,323.5944414138794,192.33901977539062,330.9972953796387,178.4764862060547,304.8985433578491,179.3381118774414,306.4800810813904,185.83051681518555,314.977662563324,167.81940460205078,343.2501196861267,152.89889335632324,317.0943546295166,153.37823867797852,315.1019883155823,159.73215103149414,321.3448190689087,148.70664596557617,360.48781871795654,131.67186737060547,335.36097049713135,133.90605926513672,331.2726402282715,141.9557762145996,334.8127269744873,133.76399993896484,382.73706436157227,119.82671737670898,364.63103771209717,122.16999053955078,359.2488741874695,129.75818634033203,360.49760341644287,138,1787749216.2868397
203.948974609375,429.11155700683594,223.56891632080078,389.4088554382324,225.2462387084961,346.048800945282,202.7098274230957,322.8692579269409,176.8113136291504,322.9429221153259,192.25204467773438,333.9517593383789,180.8047866821289,308.28426361083984,178.79114151000977,303.9155888557434,182.99406051635742,308.0553102493286,168.1046485900879,346.0520839691162,153.56770515441895,319.2975425720215,152.14662551879883,312.9670572280884,157.5231647491455,316.86671018600464,148.76442909240723,363.1508445739746,131.52334213256836,337.43414640426636,133.37434768676758,332.04277753829956,141.82907104492188,335.8308935165405,133.00142288208008,385.7750415802002,119.38102722167969,365.78335762023926,121.79468154907227,359.57483768463135,129.36141967773438,360.8807945251465,139,1787749216.3544743
199.44738388061523,437.89366722106934,213.79791259765625,393.8729524612427,212.45403289794922,350.74923276901245,192.2723388671875,326.336088180542,169.01453018188477,319.8179340362549,187.59088516235352,341.684889793396,175.4209327697754,317.76681661605835,165.48707962036133,307.868070602417,157.58633613586426,305.0112819671631,164.75765228271484,354.80923891067505,153.42994689941406,330.6974458694458,144.6140480041504,319.89535331726074,138.06818008422852,316.38479232788086,147.84754753112793,371.80137634277344,132.7774143218994,348.05567264556885,122.64371871948242,335.71027994155884,115.96260070800781,330.8499026298523,135.90041160583496,392.05256938934326,123.58034133911133,372.1497631072998,115.65925598144531,363.08775901794434,110.00263214111328,358.4091067314148,140,1787749216.4144766
198.3530044555664,431.8180561065674,217.40182876586914,387.31767654418945,215.24303436279297,343.7821412086487,189.02793884277344,324.3306541442871,163.29647064208984,329.9390459060669,183.36362838745117,335.6102657318115,170.09410858154297,310.12357234954834,166.56606674194336,303.2000184059143,165.59392929077148,303.5083866119385,158.68250846862793,349.848096370697,146.76422119140625,324.87911224365234,141.5194034576416,314.99141693115234,139.40780639648438,312.67714262008667,139.96621131896973,368.2818031311035,124.79269027709961,346.45493030548096,117.58040428161621,334.5017194747925,114.13612365722656,328.6052370071411,126.4178466796875,390.9332084655762,115.19529342651367,372.29498863220215,109.1238021850586,362.8056764602661,105.63078880310059,357.6482391357422,141,1787749216.4546852
197.5687599182129,429.4617033004761,217.73361206054688,386.60948753356934,216.37542724609375,342.48459577560425,189.05023574829102,320.339720249176,162.3357391357422,327.17819452285767,182.64005661010742,331.48191690444946,167.66321182250977,303.8691544532776,170.79524993896484,309.7180652618408,177.97256469726562,321.082284450531,158.02440643310547,344.4624137878418,142.41140365600586,317.9555153846741,143.74448776245117,319.0855407714844,149.46795463562012,326.5877652168274,138.2632064819336,361.8696069717407,121.04318618774414,338.24187755584717,120.73003768920898,334.7158885002136,124.8238754272461,337.5738787651062,122.65390396118164,384.3065643310547,109.73869323730469,363.72363567352295,109.23839569091797,357.8684592247009,112.05605506896973,358.363573551178,142,1787749216.5117867
197.36923217773438,433.20791244506836,216.2832260131836,388.72929096221924,214.1465950012207,344.1429305076599,189.5566749572754,320.89365005493164,163.34678649902344,322.88153171539307,182.7288818359375,336.32418394088745,170.58826446533203,310.2524256706238,165.11863708496094,304.431517124176,163.76474380493164,307.02070713043213,157.96893119812012,350.5248713493347,145.02105712890625,324.66914892196655,138.30918312072754,315.92370986938477,136.61118507385254,316.39309644699097,139.50421333312988,368.8311195373535,124.10101890563965,345.36176919937134,117.37283706665039,334.1529679298401,116.2814998626709,331.7892336845398,126.2772274017334,390.68936347961426,113.35470199584961,371.804895401001,107.50711441040039,361.84711933135986,105.64033508300781,357.42029428482056,143,1787749216.5597816
196.58441543579102,432.44178771972656,215.57373046875,387.37449645996094,214.03709411621094,343.807954788208,189.05147552490234,320.57551860809326,162.3367691040039,322.3632001876831,184.16770935058594,336.42868280410767,170.89031219482422,311.32309913635254,164.9724578857422,304.477801322937,162.7708625793457,305.1498556137085,159.06270027160645,350.7489538192749,146.1491584777832,325.67437648773193,139.4297695159912,317.34440088272095,137.5324821472168,317.7082586288452,140.23018836975098,369.09148693084717,125.71741104125977,346.701865196228,118.17296981811523,335.1407718658447,115.54410934448242,331.8196392059326,126.9373607635498,391.09057903289795,114.88670349121094,371.32896423339844,107.99205780029297,361.07460021972656,104.14323806762695,356.16939783096313,144,1787749216.6129205
194.99439239501953,435.52456855773926,214.73554611206055,392.4370050430298,210.8935546875,347.8823161125183,183.85751724243164,327.770791053772,158.4782314300537,332.51261472702026,179.68599319458008,339.2004346847534,165.30105590820312,313.7539529800415,166.73568725585938,317.7320122718811,171.17361068725586,324.71948862075806,156.44356727600098,354.9698281288147,142.65783309936523,329.49450731277466,139.84689712524414,329.10818338394165,139.93173599243164,333.01470279693604,138.75699996948242,374.5333242416382,124.0728759765625,351.6123676300049,119.80096817016602,345.27175426483154,117.37131118774414,342.89982318878174,126.89608573913574,397.3858308792114,114.17365074157715,378.6697196960449,109.93523597717285,372.1936225891113,107.01833724975586,368.74932289123535,145,1787749216.6527884
182.2035789489746,449.6422576904297,202.31876373291016,412.75428771972656,205.35844802856445,365.59375762939453,186.30346298217773,340.6732249259949,162.0199203491211,342.18549728393555,172.09218978881836,349.8749613761902,160.13111114501953,324.9250316619873,161.81446075439453,337.7917170524597,164.59117889404297,349.47185754776,148.07615280151367,362.2442150115967,136.32694244384766,336.79211139678955,140.9412956237793,350.92299699783325,145.0090503692627,363.1235933303833,128.91176223754883,378.15319061279297,116.08221054077148,353.38627338409424,122.97491073608398,364.7659635543823,128.03747177124023,375.5178451538086,115.32751083374023,396.6612911224365,104.16910171508789,375.6099843978882,110.9543228149414,382.4983263015747,116.57081604003906,390.61370372772217,146,1787749216.684765
179.2479133605957,450.95902919769287,190.94982147216797,417.26301670074463,191.08400344848633,372.03234672546387,176.26693725585938,346.8724751472473,157.19003677368164,345.2588367462158,164.65686798095703,354.81260776519775,154.59254264831543,328.6236047744751,157.5927734375,343.05418968200684,160.55553436279297,354.07549381256104,146.3575267791748,363.4502649307251,134.55656051635742,338.6589503288269,139.47734832763672,354.72484588623047,143.7265682220459,366.91821098327637,131.81543350219727,374.78394985198975,118.47875595092773,350.75270891189575,124.9993896484375,364.9350070953369,129.75818634033203,376.71720027923584,122.01099395751953,388.00307750701904,109.69051361083984,366.25152111053467,114.5197582244873,375.55835723876953,119.33218002319336,385.1940965652466,147,1787749216.7295332
186.84553146362305,466.49301052093506,210.63207626342773,429.505090713501,212.08049774169922,379.54742431640625,186.12659454345703,356.91760540008545,158.86856079101562,359.79278326034546,168.6759376525879,361.52332305908203,155.5934715270996,339.9591135978699,167.47217178344727,360.86358547210693,177.17166900634766,373.15707206726074,143.60411643981934,377.24857807159424,131.81373596191406,357.6306653022766,146.30718231201172,379.60887908935547,155.11557579040527,392.4121141433716,125.31709671020508,396.4316511154175,113.0134105682373,378.7997102737427,128.8236141204834,396.67858600616455,138.3140754699707,409.2793035507202,112.80428886413574,417.56595611572266,102.90340423583984,402.53901958465576,116.80479049682617,413.9820957183838,126.21746063232422,422.9466390609741,148,1787749216.755473
192.62386322021484,470.4494619369507,212.78818130493164,431.522798538208,211.8058204650879,381.519513130188,186.31412506103516,357.9521870613098,158.62774848937988,363.0517101287842,172.2279930114746,368.0208349227905,158.0525779724121,342.79669761657715,166.62567138671875,359.29758310317993,174.39424514770508,371.69880867004395,148.16420555114746,383.99701595306396,136.42486572265625,361.30969047546387,146.4773464202881,378.2853698730469,152.58609771728516,390.1259708404541,130.2208137512207,403.0431032180786,117.6649284362793,381.7497968673706,129.84174728393555,395.61068058013916,137.00488090515137,406.8080234527588,117.44254112243652,424.0078926086426,106.3005542755127,405.93705654144287,117.84953117370605,415.0297021865845,125.90526580810547,423.62234115600586,149,1787749216.8134005
191.93275451660156,492.94517040252686,204.04743194580078,465.1267147064209,200.526123046875,419.0193700790405,183.22265625,389.9601459503174,162.7501678466797,376.5788412094116,161.38525009155273,395.38421630859375,149.51931953430176,373.10081005096436,160.0313377380371,398.7144470214844,169.05488967895508,413.50492000579834,144.16057586669922,403.34346771240234,132.6793098449707,381.3149356842041,146.292724609375,408.91143321990967,156.9831085205078,425.2553987503052,132.33099937438965,414.1642713546753,121.34597778320312,395.3552055358887,136.50596618652344,418.90573024749756,147.60934829711914,434.3015670776367,125.43268203735352,427.36709117889404,117.0113468170166,412.17265605926514,130.29003143310547,428.94847869873047,141.02683067321777,440.3461503982544,150,1787749216.8613818
195.67705154418945,494.56475257873535,168.31537246704102,486.3177537918091,140.52180290222168,454.16059970855713,126.06622695922852,425.0589323043823,120.15762329101562,404.49986457824707,140.07740020751953,413.9832544326782,130.45053482055664,388.8653326034546,136.96005821228027,414.0100336074829,144.54483032226562,431.4409589767456,148.49112510681152,408.5940742492676,139.09743309020996,385.1565885543823,145.28922080993652,411.8909168243408,152.1378993988037,429.58632946014404,160.56079864501953,405.7061290740967,148.32895278930664,385.0917863845825,152.52734184265137,410.52161693573,158.05301666259766,427.9413843154907,174.06400680541992,406.842999458313,160.26403427124023,389.679479598999,162.07277297973633,407.9107332229614,167.28887557983398,422.3730754852295,151,1787749216.9225185
210.54798126220703,521.9775724411011,234.92671966552734,495.7451391220093,240.7522964477539,456.4470434188843,218.21853637695312,440.9437036514282,191.76830291748047,449.6329879760742,191.5560531616211,426.88446521759033,179.28932189941406,404.1059446334839,193.42201232910156,426.5591239929199,202.88202285766602,440.87143421173096,163.66809844970703,445.2450656890869,150.0497055053711,424.04788970947266,170.78237533569336,448.33587169647217,181.83855056762695,462.69710540771484,144.76179122924805,468.7441349029541,129.85675811767578,453.5736894607544,151.4422607421875,473.89564990997314,163.34064483642578,486.8803310394287,133.60812187194824,495.1993417739868,125.2978515625,489.60532665252686,143.2309055328369,501.56776428222656,153.68711471557617,508.99280548095703,152,1787749216.980579
226.2812042236328,544.1616725921631,248.64587783813477,509.83248710632324,250.91693878173828,466.2703227996826,223.51102828979492,451.6745138168335,197.35315322875977,463.83084297180176,208.67570877075195,447.67879486083984,195.09428024291992,421.75590991973877,201.6767120361328,431.59562587738037,210.76683044433594,444.1984462738037,180.94039916992188,464.10090923309326,165.63261032104492,439.76370334625244,175.64430236816406,450.7167720794678,185.62877655029297,464.2263078689575,161.3787841796875,485.76367378234863,144.29676055908203,466.701021194458,158.28001022338867,476.0510301589966,170.1161766052246,487.4387454986572,149.17230606079102,512.6072216033936,136.96749687194824,500.54994106292725,149.59867477416992,505.2133369445801,160.66936492919922,512.4793338775635,153,1787749217.044945
230.90948104858398,558.2921075820923,251.98488235473633,519.8396587371826,251.8228530883789,471.83884620666504,224.86621856689453,452.86309719085693,198.5158920288086,460.24367809295654,215.10366439819336,455.3360080718994,198.6953353881836,427.59724617004395,196.52225494384766,429.7408676147461,201.88560485839844,440.2611780166626,188.3027458190918,473.29689502716064,169.83346939086914,445.6443929672241,169.88336563110352,449.44141387939453,176.58864974975586,461.25746726989746,169.09257888793945,495.15556812286377,151.1235237121582,471.67696952819824,154.03806686401367,475.3634834289551,161.24940872192383,485.0274181365967,156.9644260406494,521.2892961502075,141.36661529541016,502.11514949798584,144.29149627685547,503.3336877822876,150.33924102783203,509.29484367370605,154,1787749217.1017854
236.8069839477539,568.4002590179443,257.01473236083984,522.8166961669922,252.5345230102539,473.13175678253174,223.58257293701172,449.83121395111084,196.31145477294922,459.1712236404419,213.71828079223633,462.03646659851074,197.8421974182129,433.98279190063477,198.5817527770996,435.6447744369507,203.46155166625977,444.8857355117798,187.89825439453125,480.0980758666992,169.09595489501953,450.38726806640625,172.06199645996094,449.98806953430176,179.49220657348633,461.35810375213623,169.80701446533203,502.4595880508423,148.08473587036133,477.7378177642822,161.16073608398438,484.3198299407959,177.8075408935547,501.3976049423218,158.577299118042,527.8013134002686,141.58329010009766,507.6228618621826,151.59093856811523,508.33229541778564,165.8953094482422,517.7304553985596,155,1787749217.1614797
241.61062240600586,568.1067180633545,261.99424743652344,521.2762928009033,254.57576751708984,468.88948917388916,220.2391815185547,447.6048517227173,191.94128036499023,467.0007848739624,213.1318473815918,459.23529624938965,196.38803482055664,428.34362983703613,205.3510284423828,436.28352642059326,217.52317428588867,451.5910005569458,186.77556991577148,475.880184173584,165.04560470581055,443.5983180999756,176.4456558227539,448.5942220687866,190.9861183166504,464.8860454559326,166.42261505126953,498.00827980041504,143.67728233337402,469.73341941833496,162.86945343017578,476.52442932128906,180.39203643798828,493.37196350097656,151.8531608581543,525.9636354446411,137.7569580078125,502.2368574142456,154.89734649658203,505.34276962280273,171.10136032104492,518.5104846954346,156,1787749217.2182934
254.1680145263672,566.2138080596924,270.0804138183594,518.0004787445068,264.4728088378906,466.4308261871338,230.50018310546875,443.01724433898926,199.32369232177734,458.47140312194824,220.7305145263672,455.21880626678467,202.6408576965332,422.9428195953369,210.2899932861328,428.2944059371948,221.51433944702148,440.6008529663086,193.66714477539062,473.21157932281494,172.35910415649414,441.8263006210327,183.46689224243164,445.8359670639038,197.29522705078125,459.46948528289795,173.05009841918945,496.00756645202637,149.78588104248047,468.27064990997314,165.98491668701172,471.38729095458984,182.952880859375,484.228720664978,158.22237014770508,523.9550685882568,141.9461727142334,501.6755676269531,154.50462341308594,500.0196361541748,169.16187286376953,507.349534034729,157,1787749217.2755363
257.1607208251953,566.6851043701172,275.23746490478516,517.6656532287598,269.90779876708984,465.05388736724854,237.26430892944336,438.6125421524048,208.15946578979492,456.8421220779419,226.03376388549805,452.5737190246582,209.0238380432129,419.52362537384033,215.6818389892578,425.6095790863037,222.78541564941406,438.68257999420166,199.38491821289062,468.8622808456421,180.18325805664062,436.9174289703369,189.31446075439453,440.0810194015503,198.0518341064453,453.1977081298828,178.70412826538086,490.0600576400757,156.18194580078125,462.09105491638184,172.79644012451172,467.124981880188,187.6681137084961,482.46687412261963,163.36828231811523,516.1982488632202,149.40919876098633,492.0994806289673,163.23593139648438,492.5331401824951,177.1919059753418,502.59507179260254,158,1787749217.3239684
255.98876953125,567.950119972229,273.2018280029297,517.6066875457764,267.96695709228516,465.1961088180542,236.51403427124023,439.9966049194336,207.21092224121094,455.7142639160156,225.52019119262695,454.19291496276855,209.79904174804688,420.0630283355713,215.5422592163086,424.88319396972656,222.51943588256836,437.8761577606201,199.1800308227539,470.1734733581543,179.87707138061523,437.4464464187622,188.63637924194336,439.1464948654175,198.09314727783203,451.47993564605713,179.05214309692383,491.26288890838623,155.00157356262207,461.618857383728,172.66719818115234,464.74159240722656,189.9150848388672,479.235520362854,163.94420623779297,518.1063508987427,149.15390014648438,493.1857109069824,164.04464721679688,492.5615072250366,179.8255729675293,502.8294324874878,159,1787749217.3725703
259.46577072143555,563.3686065673828,276.8971633911133,513.7929725646973,271.42425537109375,461.2239933013916,238.17731857299805,437.37529277801514,207.88145065307617,457.284836769104,226.33529663085938,449.85052585601807,212.59357452392578,414.7119998931885,223.67731094360352,428.5872173309326,232.22551345825195,447.1249723434448,199.93648529052734,466.1496877670288,181.0839080810547,433.2347774505615,195.29438018798828,444.2546224594116,205.21442413330078,462.1386909484863,179.1459846496582,487.6305341720581,158.68513107299805,458.3502960205078,179.29021835327148,467.6620674133301,192.4797821044922,484.7603130340576,162.79321670532227,514.4922351837158,150.99359512329102,488.5960006713867,167.59510040283203,492.29517459869385,179.59087371826172,505.46881198883057,160,1787749217.4288685
260.6552505493164,563.7969875335693,276.6754150390625,515.2758693695068,272.1841621398926,462.4251079559326,240.29918670654297,436.59101486206055,208.7157440185547,452.90257930755615,226.61413192749023,449.2429304122925,212.3569679260254,414.25100326538086,225.56903839111328,429.51998233795166,234.21825408935547,446.3706064224243,201.09590530395508,465.7249116897583,182.59315490722656,432.12528705596924,200.83688735961914,446.11083984375,211.2535858154297,463.20178985595703,180.73251724243164,487.74035453796387,159.70195770263672,456.42391204833984,184.55562591552734,467.60331630706787,198.79026412963867,484.3555784225464,164.05696868896484,515.9082698822021,153.23307991027832,487.65469551086426,173.11748504638672,491.54304027557373,185.85365295410156,504.29615020751953,161,1787749217.4539328
267.6466369628906,562.919454574585,284.6788215637207,512.8399515151978,280.7694625854492,460.145959854126,249.36901092529297,433.2338333129883,220.19540786743164,450.02437591552734,236.31513595581055,447.0073413848877,218.77471923828125,412.6987552642822,227.23636627197266,419.97522354125977,237.48292922973633,434.36572551727295,210.82963943481445,462.32078075408936,190.27523040771484,429.79562759399414,202.41876602172852,435.72936058044434,214.37191009521484,450.1578426361084,190.2107810974121,482.93237686157227,167.88482666015625,453.53957176208496,184.53378677368164,457.9515266418457,199.27989959716797,471.3983631134033,173.47858428955078,509.1786289215088,157.5904655456543,485.60840606689453,170.69293975830078,485.58051109313965,183.8686752319336,494.89545822143555,162,1787749217.4910722
270.54012298583984,564.6316051483154,291.9912528991699,514.5478963851929,289.10179138183594,461.9504642486572,259.5841598510742,431.03352069854736,229.84655380249023,442.8175163269043,250.28263092041016,446.83722496032715,232.28092193603516,411.1558198928833,233.79077911376953,412.52211570739746,240.8184814453125,424.725136756897,223.58549118041992,459.89044189453125,203.74048233032227,425.9314012527466,209.37339782714844,429.0900135040283,219.6451759338379,443.6908435821533,201.3490867614746,477.4774503707886,182.06483840942383,447.2425603866577,191.25587463378906,450.1996421813965,203.4959602355957,464.11447048187256,183.3327865600586,499.54885482788086,169.82046127319336,474.6782112121582,177.24197387695312,474.2222785949707,187.9724884033203,482.6269483566284,163,1787749217.5821087
267.11814880371094,565.7068490982056,288.9841079711914,512.6348161697388,286.2245559692383,461.74635887145996,254.15939331054688,437.3971366882324,222.54146575927734,448.4713125228882,249.33124542236328,447.0518445968628,232.7812385559082,412.28535175323486,232.87996292114258,414.8355960845947,237.81429290771484,427.415714263916,221.04928970336914,460.61184883117676,203.58718872070312,428.158278465271,208.09810638427734,432.9031276702881,216.9430923461914,447.16814517974854,199.24188613891602,478.5753107070923,180.83635330200195,449.4719696044922,189.59529876708984,454.2512798309326,201.36302947998047,467.95058727264404,182.98076629638672,500.82764625549316,169.5292854309082,477.2292709350586,176.99176788330078,478.6859464645386,187.36074447631836,487.8775978088379,164,1787749217.6405678
278.0232048034668,565.1260757446289,301.9470977783203,518.5982894897461,304.6973991394043,465.00951290130615,276.33995056152344,432.9917907714844,243.2581901550293,438.9921283721924,261.9337844848633,445.4283571243286,244.29115295410156,407.9766511917114,253.1109619140625,411.99811935424805,265.09496688842773,426.28729820251465,234.33969497680664,457.1689224243164,214.82622146606445,419.9308490753174,228.14552307128906,424.5414161682129,241.51079177856445,440.9385108947754,210.7568359375,474.5547866821289,188.67103576660156,439.4006395339966,206.50901794433594,443.3870458602905,222.43906021118164,459.5090961456299,189.98811721801758,498.5569953918457,177.34207153320312,470.1920557022095,193.13779830932617,470.1223611831665,208.24132919311523,481.31030559539795,165,1787749217.6988196
279.68910217285156,567.4349212646484,301.5165138244629,518.7873315811157,303.1010627746582,464.6112585067749,276.21917724609375,434.14801597595215,244.13475036621094,440.24542808532715,258.618221282959,446.01638317108154,241.52971267700195,408.02767753601074,249.7207260131836,408.9785099029541,260.98052978515625,423.06529998779297,231.95053100585938,458.64293575286865,212.147216796875,420.4543733596802,225.71613311767578,422.9070281982422,239.72686767578125,439.5163822174072,209.53920364379883,477.01319217681885,186.91192626953125,440.9403133392334,205.61622619628906,443.27842712402344,223.1216812133789,459.26881313323975,190.21583557128906,502.04227924346924,177.05671310424805,473.7546730041504,192.90313720703125,471.42552852630615,208.92454147338867,480.93488216400146,166,1787749217.7396712
284.43511962890625,597.2549057006836,322.84847259521484,556.4905643463135,336.47640228271484,506.0243511199951,318.8617706298828,474.8517608642578,291.3801574707031,461.51092529296875,295.3712463378906,459.265079498291,283.44226837158203,432.49852180480957,294.4942092895508,459.81297969818115,308.8100242614746,487.0525074005127,260.3666114807129,467.8361749649048,249.62480545043945,443.14762115478516,264.239559173584,475.46682357788086,279.36073303222656,503.4051847457886,228.00556182861328,485.49596786499023,219.54866409301758,466.4421558380127,235.6197738647461,493.3864688873291,250.3936767578125,517.382025718689,200.08073806762695,507.8181266784668,197.15648651123047,492.11480140686035,212.63648986816406,511.07874870300293,224.59854125976562,528.1079006195068,167,1787749217.7911808
