P0_x,P0_y,P1_x,P1_y,P2_x,P2_y,P3_x,P3_y,P4_x,P4_y,P5_x,P5_y,P6_x,P6_y,P7_x,P7_y,P8_x,P8_y,P9_x,P9_y,P10_x,P10_y,P11_x,P11_y,P12_x,P12_y,P13_x,P13_y,P14_x,P14_y,P15_x,P15_y,P16_x,P16_y,P17_x,P17_y,P18_x,P18_y,P19_x,P19_y,P20_x,P20_y,frame_number,timestamp
771.3871765136719,734.5409202575684,744.7052001953125,712.2438669204712,726.8529510498047,676.8133020401001,724.1853332519531,645.866961479187,732.1635437011719,623.2338809967041,756.8315887451172,652.9210424423218,756.76025390625,627.9416942596436,749.9314880371094,647.6074361801147,748.1742858886719,665.8886861801147,776.6165161132812,658.21937084198,775.8811187744141,635.3810691833496,767.1412658691406,658.8532304763794,765.8348083496094,676.5893268585205,796.1894989013672,666.963586807251,794.8789215087891,644.6912097930908,785.1515197753906,667.7788496017456,783.0211639404297,684.6922159194946,815.8055877685547,679.7081995010376,811.5242004394531,658.3842945098877,801.7390441894531,675.0614976882935,799.8549652099609,689.6081686019897,1,1787747479.6756353
787.5648498535156,717.5722789764404,757.0436096191406,692.6233577728271,736.37939453125,658.15993309021,729.188232421875,625.8612012863159,735.7782745361328,601.4621543884277,746.3542175292969,632.9143810272217,744.3217468261719,610.8672666549683,743.9284515380859,615.4532432556152,746.6913604736328,615.4415702819824,766.2891387939453,632.9951477050781,764.7939300537109,609.345531463623,763.4952545166016,633.8245725631714,766.8062591552734,646.6741132736206,786.9709014892578,636.8725490570068,783.5154724121094,615.2510690689087,780.6761932373047,639.4563961029053,783.260498046875,651.602725982666,808.2221221923828,644.1784572601318,801.353759765625,624.4576549530029,796.3226318359375,640.8949613571167,798.7442016601562,651.6232395172119,2,1787747479.7287362
791.444091796875,697.5605964660645,757.8127288818359,667.0347833633423,738.5064697265625,635.935320854187,731.5194702148438,607.7016162872314,734.7716522216797,583.5559844970703,748.4159851074219,623.1528997421265,744.7314453125,602.4177932739258,745.1356506347656,590.4521369934082,745.8042144775391,577.9784059524536,766.6053771972656,622.8454113006592,763.6077880859375,603.8697052001953,762.2508239746094,602.8414964675903,761.466064453125,598.8796806335449,785.0216674804688,625.2923154830933,781.4627075195312,606.1549043655396,778.6302185058594,603.29026222229,777.1787261962891,599.2804670333862,805.0295257568359,629.2664051055908,801.0707855224609,611.4867925643921,796.1796569824219,604.4873857498169,793.369140625,598.380618095398,3,1787747479.7686496
791.4567565917969,691.2720394134521,759.3073272705078,664.7851610183716,738.3519744873047,634.391827583313,730.7259368896484,605.7931709289551,737.0781707763672,582.346887588501,746.6986083984375,620.7288265228271,742.3270416259766,600.4299974441528,742.9118347167969,587.6832818984985,744.8217010498047,574.259877204895,765.3703308105469,619.7974348068237,761.8705749511719,602.4528121948242,761.6429138183594,606.5796804428101,763.0091094970703,605.0024127960205,784.3972015380859,622.0206642150879,780.5650329589844,604.7053098678589,777.4337005615234,605.7245063781738,776.6077423095703,602.5464534759521,804.8763275146484,626.658525466919,800.3697967529297,610.184440612793,795.0064849853516,604.8224687576294,791.5311431884766,598.7092638015747,4,1787747479.8222523
792.9912567138672,673.2856607437134,762.5067901611328,641.9863414764404,742.5269317626953,614.6887063980103,734.3362426757812,588.4926652908325,735.8583831787109,564.7209548950195,745.7275390625,608.9093399047852,737.7291107177734,588.2147455215454,735.7369232177734,572.7072429656982,735.6482696533203,557.7087593078613,763.3393859863281,606.3336038589478,758.0542755126953,585.538501739502,754.1987609863281,569.2889928817749,751.9627380371094,553.564338684082,782.0164489746094,606.4714908599854,778.4197998046875,586.7160558700562,774.5852661132812,574.3613290786743,771.6675567626953,564.5039319992065,802.5860595703125,608.7418413162231,799.0037536621094,590.8276033401489,792.9923248291016,579.470100402832,787.1065521240234,571.3115501403809,5,1787747479.8643012
792.2940826416016,669.4194173812866,760.6048583984375,641.1001396179199,741.4151000976562,613.4610271453857,734.4666290283203,587.0477056503296,736.0956573486328,563.783597946167,747.1245574951172,607.0501613616943,741.6465759277344,583.9678859710693,741.1770629882812,567.5383043289185,740.9346008300781,552.1321678161621,765.7978820800781,606.1249494552612,762.1630096435547,587.5842761993408,759.2760467529297,576.5840005874634,757.8347015380859,567.1533966064453,784.1896057128906,607.0559120178223,780.02197265625,589.2943239212036,776.4125061035156,576.9211435317993,774.0016174316406,567.0261526107788,803.7924194335938,609.807858467102,800.0634002685547,592.6568698883057,794.1956329345703,580.6437921524048,788.5356903076172,571.750316619873,6,1787747479.9185228
793.9601898193359,652.4592304229736,769.3724822998047,619.3224906921387,752.642822265625,591.157751083374,747.017822265625,565.3866577148438,746.3893127441406,543.6195230484009,743.4388732910156,593.1111717224121,734.0831756591797,570.8311128616333,731.1956024169922,552.4900817871094,730.6854248046875,535.451488494873,755.7075500488281,590.3666925430298,747.5910186767578,566.406455039978,743.5243988037109,545.9402561187744,741.4964294433594,526.5239810943604,771.2858581542969,590.3371667861938,765.6468963623047,567.5836658477783,763.0402374267578,552.0679664611816,761.5249633789062,539.4765186309814,789.1475677490234,592.1352767944336,785.2976226806641,572.4292802810669,782.3328399658203,559.125394821167,780.5211639404297,547.666654586792,7,1787747479.9753203
789.3843078613281,644.9896860122681,759.0658569335938,617.5201749801636,739.9026489257812,589.3322610855103,731.0989379882812,566.3715648651123,728.0356597900391,546.562442779541,742.3632049560547,583.5154724121094,736.1160278320312,560.2620506286621,734.7023773193359,543.3219051361084,734.8444366455078,528.4012699127197,758.5371398925781,582.0879793167114,751.1774444580078,560.0199222564697,747.2613525390625,542.3369979858398,745.22216796875,526.1490726470947,775.9954833984375,583.8155794143677,770.3820037841797,563.3949565887451,767.3126983642578,549.7383069992065,765.6170654296875,538.7551975250244,794.4246673583984,586.7807292938232,791.7211151123047,569.0065670013428,787.2867584228516,557.0322418212891,783.3936309814453,546.6525650024414,8,1787747480.025553
803.4123229980469,636.2652111053467,787.4446868896484,609.1904783248901,772.2308349609375,572.6751852035522,760.2796936035156,540.4562759399414,753.2883453369141,514.5462226867676,755.1510620117188,587.1779108047485,732.7029418945312,556.4779472351074,722.9232788085938,524.8925113677979,718.7016296386719,499.7510290145874,762.7726745605469,583.1792306900024,745.0858306884766,546.3195419311523,737.3073577880859,512.7527475357056,733.9091491699219,486.6397476196289,776.2412261962891,579.0550661087036,762.0038604736328,542.4595212936401,755.5401611328125,510.75546741485596,752.8132629394531,487.78653144836426,793.5614776611328,576.4998435974121,784.59228515625,545.3874635696411,779.964599609375,522.0872211456299,777.2183990478516,505.3521251678467,9,1787747480.0726573
808.5558319091797,633.6637258529663,806.7616271972656,592.5798797607422,798.3248138427734,550.3594636917114,790.037841796875,518.1632566452026,778.4391021728516,493.5751247406006,776.6373443603516,565.0237655639648,751.08154296875,536.1282205581665,736.6558074951172,505.3749990463257,728.1023406982422,479.7415781021118,775.4338073730469,571.3678979873657,751.8417358398438,534.6872520446777,739.4467926025391,500.10130405426025,733.4153747558594,472.6247978210449,781.2905120849609,578.5797357559204,765.1773071289062,540.7051849365234,756.6109466552734,507.74139404296875,754.0306091308594,483.20724964141846,792.818603515625,587.2610378265381,784.5618438720703,558.1571388244629,780.4064178466797,532.9590940475464,779.2693328857422,513.7083005905151,10,1787747480.120378
808.8871002197266,625.5361604690552,810.2547454833984,586.5571403503418,801.0299682617188,548.7782049179077,790.8817291259766,517.5631284713745,778.0089569091797,493.77888679504395,764.3830108642578,563.2185745239258,737.1111297607422,536.8422889709473,725.3431701660156,508.43194484710693,720.272216796875,484.33781147003174,763.21533203125,567.7227115631104,735.0916290283203,529.7115182876587,726.4118194580078,494.58367824554443,725.2760314941406,468.14130306243896,770.7407379150391,572.9067993164062,752.4086761474609,530.9662771224976,751.8697357177734,498.8074493408203,756.8646240234375,477.99861431121826,785.7861328125,578.6802434921265,777.7679443359375,545.4935932159424,777.3747253417969,519.2305612564087,780.4404449462891,500.07731437683105,11,1787747480.1738281
808.4104919433594,606.0511350631714,815.5064392089844,571.453127861023,807.6145172119141,530.9425020217896,795.8866882324219,500.1863622665405,782.3949432373047,478.7252998352051,770.4676055908203,542.253999710083,741.6895294189453,510.05290031433105,734.4563293457031,480.79639434814453,734.4206237792969,457.05227851867676,760.5587768554688,546.1020469665527,731.2944030761719,509.02726650238037,728.687744140625,479.2664623260498,734.3238830566406,458.5368061065674,758.2497406005859,547.5197982788086,736.5380859375,510.05783557891846,739.0130615234375,484.8561429977417,746.9343566894531,469.0772008895874,761.5791320800781,548.1300973892212,745.5092620849609,518.7066507339478,746.2371826171875,496.4736270904541,751.1424255371094,481.66264057159424,12,1787747480.226075
813.1353759765625,603.1500577926636,815.2680969238281,571.8782901763916,805.9326171875,533.5477638244629,794.3008422851562,502.47718334198,782.6914215087891,478.9409923553467,764.2491912841797,540.4348182678223,740.1691436767578,508.7520503997803,736.3037109375,480.22703647613525,739.4007873535156,458.01212310791016,759.2235565185547,540.3137111663818,736.8833923339844,504.8463249206543,737.2595977783203,479.5025396347046,744.2810821533203,462.5574588775635,761.3443756103516,539.3152856826782,746.4969635009766,505.1096534729004,751.0288238525391,486.881103515625,759.1055297851562,475.95927715301514,766.8502807617188,539.3580293655396,755.5422210693359,513.4170341491699,758.1036376953125,496.6127586364746,763.4323120117188,486.2687015533447,13,1787747480.2852004
818.9761352539062,591.6106367111206,798.3107757568359,555.313310623169,777.7883911132812,514.2207527160645,765.9088897705078,480.6989336013794,769.0294647216797,452.0839262008667,764.5369720458984,524.1600322723389,745.1720428466797,491.09453201293945,739.0338897705078,463.7806749343872,737.9574584960938,443.59514236450195,776.4850616455078,521.5092372894287,763.3016204833984,484.132719039917,759.039306640625,458.32098484039307,757.5131988525391,438.27552795410156,791.97021484375,519.0639209747314,781.89453125,484.79970932006836,777.3868560791016,465.2855443954468,774.5941925048828,451.0886335372925,807.3802185058594,517.6579713821411,799.2708587646484,490.848069190979,795.1930236816406,472.89735317230225,792.9361724853516,460.74840545654297,14,1787747480.3284602
820.1271820068359,560.2127408981323,782.073974609375,526.0909223556519,762.9347991943359,492.726731300354,761.9064331054688,460.3325128555298,770.0579071044922,436.1314344406128,752.3750305175781,484.1295003890991,742.2283935546875,460.0994396209717,747.1144866943359,459.27074432373047,750.9590911865234,456.9645166397095,771.8708038330078,479.9770975112915,766.5644836425781,452.2603940963745,770.0983428955078,460.65094470977783,770.3831481933594,461.72786235809326,792.5696563720703,477.3384475708008,787.9258728027344,454.4877862930298,787.4182891845703,466.68625831604004,786.1782073974609,470.9353494644165,811.4228057861328,476.93066596984863,804.893798828125,458.2236957550049,801.7831420898438,466.9170141220093,800.3935241699219,472.04174995422363,15,1787747480.3843815
810.0381469726562,542.8212976455688,777.4578857421875,515.5386829376221,759.9070739746094,485.0858688354492,756.6743469238281,453.2595491409302,765.0853729248047,430.37322521209717,749.522705078125,468.6234140396118,740.3485870361328,440.2550411224365,746.8011474609375,454.5279550552368,750.9244537353516,466.470308303833,768.7619018554688,465.40480613708496,766.0987854003906,436.96789741516113,771.1366271972656,458.71915340423584,772.0252990722656,469.45910453796387,788.3432769775391,464.5577001571655,786.1631774902344,441.5007019042969,786.6583251953125,464.0552043914795,786.0050201416016,475.5592632293701,805.3048706054688,466.8496370315552,801.3307189941406,449.20422077178955,799.2299652099609,464.80515003204346,798.87451171875,473.95216941833496,16,1787747480.4326088
815.2466583251953,532.980637550354,782.8650665283203,509.23802375793457,763.8372802734375,478.7398052215576,761.9113159179688,446.6511869430542,775.2035522460938,425.86329460144043,751.8346405029297,466.1424779891968,739.9169158935547,434.40718173980713,749.8011779785156,449.4150638580322,757.1533966064453,462.73130893707275,771.3239288330078,461.3265609741211,765.8620452880859,430.95524311065674,772.9074096679688,452.19902515411377,775.6227111816406,461.81751251220703,791.9608306884766,459.5441150665283,787.9737854003906,435.85415840148926,789.8646545410156,458.30798149108887,790.9192657470703,468.5712718963623,811.0162353515625,460.71690559387207,805.6697845458984,444.0629196166992,804.6990203857422,459.0571117401123,805.9413909912109,467.79961109161377,17,1787747480.4954612
816.1575317382812,533.9150762557983,783.0651092529297,509.5056438446045,764.2024993896484,479.24444675445557,760.8506011962891,445.8463954925537,775.3094482421875,424.04308319091797,752.4557495117188,466.8092107772827,741.7558288574219,435.1469564437866,751.3446044921875,448.3914041519165,758.4468078613281,461.6661500930786,771.2648010253906,462.90666103363037,765.260009765625,432.0297145843506,772.6466369628906,450.36932945251465,776.7549133300781,461.4573669433594,791.2252044677734,461.28055572509766,787.4898529052734,438.4539270401001,789.7349548339844,458.0861520767212,791.8490600585938,469.84796047210693,809.920654296875,462.16495513916016,803.5271453857422,445.0008773803711,802.8888702392578,458.43531131744385,805.1557159423828,468.75383377075195,18,1787747480.548067
831.4613342285156,529.7893667221069,812.738037109375,497.2933530807495,795.2377319335938,467.74712562561035,790.3922271728516,440.2959394454956,801.6281890869141,423.4963846206665,765.1456451416016,460.79582691192627,755.9950256347656,426.8867826461792,773.9481353759766,430.9194087982178,784.1944885253906,440.8175754547119,779.8433685302734,457.2665548324585,779.334716796875,426.5324306488037,792.6390838623047,435.28522968292236,795.3688812255859,445.16987800598145,797.5738525390625,454.61666107177734,799.6353912353516,429.77275371551514,806.6872406005859,441.8800735473633,805.5517578125,453.41691970825195,813.8619995117188,454.00949478149414,814.0747833251953,435.76927185058594,816.998291015625,443.5035181045532,816.3465881347656,452.44471549987793,19,1787747480.601042
840.6725311279297,525.6145620346069,821.5602874755859,492.31727600097656,803.8981628417969,459.81971740722656,799.0613555908203,432.63988494873047,810.4624938964844,418.2598114013672,775.7576751708984,453.2807493209839,772.7843475341797,418.11471462249756,792.6713562011719,425.71412086486816,803.0194854736328,440.6525659561157,787.6908874511719,450.3285598754883,793.2655334472656,415.56562900543213,810.4880523681641,429.9342441558838,813.0028533935547,445.9783172607422,803.0847930908203,447.405424118042,809.7751617431641,418.5583734512329,821.7618560791016,434.8252201080322,821.6996002197266,450.55352210998535,819.0713500976562,447.4250793457031,822.3415374755859,424.58398818969727,829.1580963134766,437.20543384552,828.80126953125,450.1016664505005,20,1787747480.6415007
840.2767181396484,525.0037479400635,819.7521209716797,492.7690887451172,801.2314605712891,459.7196388244629,795.7666778564453,430.9031867980957,809.1843414306641,418.5834789276123,777.1991729736328,451.15159034729004,772.8330993652344,418.37602615356445,790.1789855957031,424.5352792739868,801.7786407470703,437.78929710388184,790.5040740966797,448.94359588623047,793.2023620605469,416.6192436218262,806.3875579833984,429.1932249069214,810.7546997070312,444.4006633758545,806.5894317626953,447.2908401489258,810.6064605712891,420.62912464141846,818.5683441162109,433.96013259887695,820.3186798095703,449.0142774581909,822.9763031005859,448.00636768341064,823.2686614990234,426.7209577560425,827.2376251220703,436.40493392944336,829.0822601318359,448.2234764099121,21,1787747480.7109544
846.8674468994141,514.5417165756226,811.5277099609375,486.7482376098633,796.9790649414062,455.5433750152588,796.6871643066406,424.3289852142334,809.7686767578125,405.42760848999023,784.7331237792969,443.63449573516846,774.8130035400391,418.2962894439697,784.3624877929688,419.3700313568115,793.6154174804688,422.72704124450684,806.2458038330078,442.1316862106323,801.1232757568359,415.68986892700195,807.2261810302734,423.9281988143921,811.6143035888672,429.10237312316895,827.4510955810547,443.0234670639038,823.3561706542969,422.72146224975586,824.3915557861328,432.8172540664673,825.7888031005859,438.2690477371216,846.0024261474609,445.2660942077637,839.9293518066406,429.7906494140625,838.1851959228516,435.7766103744507,838.3160400390625,440.02222537994385,22,1787747480.7546725
845.7486724853516,511.89826011657715,813.5686492919922,485.3322458267212,797.0592498779297,454.6227979660034,793.5372161865234,423.2484197616577,806.3923645019531,403.55156421661377,784.2764282226562,440.104022026062,775.8462524414062,412.73780822753906,787.3506164550781,423.02998065948486,796.0995483398438,432.1529245376587,804.7121429443359,438.0703067779541,800.0212860107422,411.88645362854004,807.8749847412109,428.5827112197876,811.6709136962891,435.2117156982422,825.7221984863281,438.9174556732178,823.4727478027344,419.4335460662842,824.6419525146484,436.80220127105713,824.8548889160156,443.69122982025146,844.3489837646484,441.7381954193115,839.7960662841797,426.10713958740234,838.5166931152344,438.0442142486572,839.1574859619141,445.2990531921387,23,1787747480.8299391
824.2765045166016,525.3963804244995,833.39599609375,489.8597717285156,825.1809692382812,460.83457946777344,814.2263031005859,437.2882604598999,804.1988372802734,417.75250911712646,789.6128845214844,461.39453887939453,764.6797180175781,436.798939704895,762.7919006347656,414.68517780303955,767.0206451416016,398.68526458740234,777.0630645751953,465.3521919250488,751.4413452148438,439.32897090911865,751.9122314453125,417.12491512298584,758.9603424072266,401.7040157318115,767.4356842041016,468.6970567703247,743.9710235595703,443.1363773345947,743.6702728271484,422.50632762908936,749.8796844482422,409.2598628997803,760.9940338134766,472.90799617767334,739.5503997802734,450.38602352142334,736.1099243164062,432.19459533691406,738.2455444335938,420.0162076950073,24,1787747480.9568417
820.9322357177734,520.2420330047607,832.4936676025391,490.67718029022217,825.0616455078125,460.4705286026001,812.2862243652344,436.9521474838257,799.7296142578125,418.2099437713623,785.3675842285156,460.4071855545044,763.2212066650391,436.09203815460205,761.2994384765625,415.3634977340698,765.95458984375,400.93733310699463,771.3839721679688,466.3740062713623,749.3400573730469,441.7499542236328,748.8433074951172,420.5094337463379,754.6802520751953,404.8882055282593,762.1907806396484,470.5596685409546,742.5466918945312,446.2529754638672,742.8177642822266,425.81578731536865,748.4465026855469,410.42943477630615,757.4744415283203,474.19416904449463,738.6048126220703,452.42523193359375,736.1485290527344,434.0892219543457,739.6876525878906,420.74087619781494,25,1787747481.007014
827.8704833984375,497.6067638397217,850.1499176025391,483.9243221282959,856.7948913574219,460.8504581451416,855.1339721679688,438.44255447387695,851.7210388183594,414.6790409088135,811.2413787841797,444.09961223602295,788.57177734375,408.7502861022949,788.3548736572266,381.68529510498047,795.2133178710938,363.3049964904785,795.1898193359375,442.04413890838623,776.1022186279297,405.0336027145386,779.4989776611328,376.74367904663086,790.0531005859375,359.15446043014526,787.0133972167969,437.89255142211914,773.1005859375,403.787899017334,779.0092468261719,380.62507152557373,790.0467681884766,364.3548774719238,784.19677734375,435.2863883972168,773.6125183105469,406.9761657714844,778.8326263427734,385.7021713256836,788.6859130859375,371.33647441864014,26,1787747481.032402
855.8544158935547,459.0095615386963,816.9087219238281,430.93721866607666,798.9945220947266,402.35323905944824,798.4780120849609,374.6900939941406,807.3004150390625,354.8110628128052,786.9461059570312,392.99962520599365,776.7095184326172,373.2357358932495,782.2976684570312,365.80678939819336,788.9082336425781,361.57503604888916,807.3757934570312,390.14867305755615,803.0801391601562,366.2003231048584,808.2891082763672,360.3472709655762,811.61865234375,355.4609513282776,829.1483306884766,389.6517562866211,827.8632354736328,368.97265434265137,830.1573944091797,383.8670253753662,832.2554016113281,395.2337121963501,849.2744445800781,390.41590690612793,845.4166412353516,373.12132358551025,845.2565765380859,386.0602569580078,846.2443542480469,397.4934196472168,27,1787747481.112534
850.2957153320312,454.22475814819336,816.0443115234375,430.5711507797241,799.6546936035156,400.6612157821655,802.3912048339844,370.665922164917,818.3695220947266,353.3777976036072,786.1813354492188,388.0514430999756,776.7401123046875,360.46863555908203,786.4558410644531,371.64567947387695,793.3100128173828,384.00933265686035,807.1395874023438,385.11109828948975,802.3240661621094,355.6125497817993,808.8600158691406,372.2573947906494,812.1437835693359,385.0090026855469,828.5955047607422,385.1504945755005,829.1496276855469,363.26959133148193,831.3050842285156,386.22294902801514,832.3259735107422,402.368688583374,848.1816864013672,387.8197431564331,844.1746520996094,370.34916400909424,844.5222473144531,387.25592136383057,845.9932708740234,401.4868211746216,28,1787747481.1537914
852.7294921875,458.5152196884155,818.2095336914062,433.18246364593506,799.8426818847656,402.95594215393066,800.5247497558594,372.3893165588379,814.8695373535156,352.59536504745483,783.8709259033203,394.45162296295166,775.1596069335938,364.31779861450195,783.6260986328125,372.0579242706299,790.6708526611328,382.0125675201416,805.0977325439453,390.35470962524414,801.0566711425781,359.3762683868408,807.0680999755859,373.2736301422119,810.0656127929688,383.35495948791504,826.8331146240234,388.9872121810913,826.4846801757812,365.14130115509033,828.0268859863281,386.32354259490967,828.3666229248047,400.85673809051514,845.9893035888672,390.71030616760254,842.5758361816406,372.4761772155762,841.639404296875,387.2676372528076,841.8790435791016,400.0485134124756,29,1787747481.1943667
853.3245086669922,459.68878269195557,819.317626953125,434.0087556838989,800.01220703125,404.3368721008301,800.106201171875,373.3077049255371,813.0780029296875,352.60010719299316,784.8201751708984,394.7687244415283,773.7372589111328,365.18863677978516,783.3223724365234,372.607626914978,790.9852600097656,381.55174255371094,805.1142883300781,390.89797496795654,800.9796905517578,360.31169414520264,806.9981384277344,374.0555477142334,809.1614532470703,383.92075538635254,826.5350341796875,390.1287603378296,826.0130310058594,364.3789529800415,826.8114471435547,384.58916187286377,826.6230010986328,399.3109703063965,846.2575531005859,392.18942642211914,842.24365234375,373.27041149139404,841.1506652832031,387.78648376464844,841.6306304931641,400.8981943130493,30,1787747481.2550569
855.8560943603516,467.5270986557007,819.8716735839844,445.62782764434814,796.107177734375,411.97322845458984,799.0083312988281,379.443097114563,818.3734130859375,363.99962425231934,784.8409271240234,399.9272346496582,779.2389678955078,366.4296627044678,789.833984375,382.481632232666,793.9803314208984,396.85874462127686,805.3662872314453,396.69450759887695,807.4799346923828,365.51105976104736,814.4057464599609,388.8175678253174,812.5925445556641,400.41629791259766,825.5413055419922,395.38524627685547,829.83642578125,374.1506052017212,832.2333526611328,397.85489559173584,829.0226745605469,409.22999382019043,844.2378234863281,395.99992275238037,846.1965179443359,378.5844039916992,845.4421234130859,396.31758213043213,842.3429870605469,407.9037809371948,31,1787747481.314137
858.4577178955078,473.4591579437256,824.1275787353516,448.77184867858887,799.8888397216797,414.3723678588867,800.7305908203125,381.5272378921509,819.8727416992188,367.68871307373047,789.4886779785156,401.2533187866211,782.2000122070312,369.188175201416,793.3067321777344,385.0376272201538,799.4173431396484,400.35857677459717,809.1130065917969,398.0738067626953,811.9099426269531,368.2389736175537,819.6778869628906,391.2491512298584,818.9468383789062,403.7773847579956,828.7297058105469,397.377290725708,834.38720703125,376.46833419799805,836.9814300537109,400.16193866729736,834.4483184814453,412.8422212600708,847.2853851318359,399.1357898712158,849.8785400390625,382.31091499328613,849.5677947998047,400.14846324920654,847.1127319335938,412.2721338272095,32,1787747481.370372
857.5713348388672,473.97783279418945,824.2082214355469,450.45039653778076,801.0567474365234,416.7624521255493,798.4088897705078,383.65124702453613,815.1907348632812,368.12610626220703,788.8200378417969,398.80568504333496,783.7559509277344,366.72715187072754,793.8785552978516,384.4791269302368,799.5215606689453,398.31511974334717,808.5466766357422,396.8071174621582,812.3348236083984,366.904993057251,818.6209869384766,392.2883892059326,817.7165985107422,402.7681016921997,828.6114501953125,397.11421966552734,835.2717590332031,378.3832597732544,836.3295745849609,403.79716873168945,832.974853515625,413.4489583969116,848.094482421875,399.55734729766846,850.6048583984375,384.86793994903564,848.7941741943359,404.97403621673584,845.7267761230469,416.2109041213989,33,1787747481.4197488
857.1074676513672,475.49416065216064,824.4637298583984,449.69903469085693,803.3145904541016,415.54648876190186,804.2980194091797,382.49176025390625,823.6686706542969,369.0444087982178,787.1345520019531,400.29802322387695,782.5614929199219,364.92427825927734,794.3544006347656,381.4531660079956,798.8268280029297,397.2565269470215,808.0463409423828,398.16083908081055,812.0823669433594,366.209979057312,820.4083251953125,389.6141195297241,818.3073425292969,401.70483112335205,829.3088531494141,398.2930612564087,836.7096710205078,376.81921005249023,839.2317962646484,401.17366790771484,834.6231842041016,413.8577699661255,849.1831970214844,401.28803730010986,853.1136322021484,383.37324142456055,852.1294403076172,402.39272117614746,847.6409912109375,416.13906383514404,34,1787747481.4708939
857.8721618652344,479.05943870544434,826.129150390625,451.24218463897705,803.2083892822266,416.92535877227783,802.3090362548828,384.0825891494751,822.9401397705078,370.3449583053589,787.138671875,403.4251356124878,781.3393402099609,367.39654541015625,795.1822662353516,382.3736572265625,800.8749389648438,397.80077934265137,807.9204559326172,400.0316905975342,811.5452575683594,367.3002004623413,821.6188049316406,389.2801523208618,819.3711853027344,401.6744899749756,829.52880859375,399.2137670516968,836.9717407226562,376.47597312927246,840.6076812744141,399.70420360565186,835.2369689941406,412.5400972366333,849.5866394042969,401.5158748626709,853.7408447265625,383.8559103012085,853.3962249755859,402.1327829360962,848.0831146240234,415.14660358428955,35,1787747481.5254323
857.6116180419922,478.9391040802002,824.5436859130859,452.9174280166626,803.2077026367188,418.38902950286865,803.1346893310547,385.3589344024658,821.8064880371094,371.23030185699463,788.5323333740234,400.606369972229,781.7240905761719,366.2973976135254,794.3618011474609,383.8034248352051,800.3915405273438,399.4974374771118,808.8564300537109,397.69357681274414,811.0334777832031,366.60025119781494,819.8234558105469,391.53977394104004,818.1953430175781,403.4370231628418,829.8725128173828,397.56354331970215,836.0906982421875,376.33358001708984,839.1145324707031,401.7649555206299,835.0904083251953,413.33463191986084,849.8648071289062,400.4365110397339,852.8218078613281,383.85294914245605,852.2817230224609,403.86467456817627,848.3988952636719,415.7910633087158,36,1787747481.5656714
857.2260284423828,480.18467903137207,824.598388671875,453.229079246521,802.6693725585938,419.19540882110596,799.5729827880859,385.71770668029785,818.5330963134766,370.8300733566284,788.7188720703125,402.08488941192627,782.3196411132812,367.4752950668335,795.1949310302734,384.10778045654297,801.4823913574219,399.56854820251465,808.719482421875,398.96910667419434,811.7180633544922,366.79667472839355,820.3329467773438,390.82175731658936,818.1980895996094,403.05434703826904,829.6462249755859,398.50210189819336,836.9089508056641,376.59926891326904,839.2738342285156,401.3096237182617,834.3372344970703,413.46402168273926,849.5578765869141,401.17435455322266,853.2729339599609,384.5468044281006,852.1156311035156,403.90655994415283,847.2346496582031,416.2192726135254,37,1787747481.6316183
857.174072265625,478.38480949401855,824.6832275390625,453.7363815307617,804.2214965820312,419.83047008514404,802.0907592773438,387.0594120025635,816.2262725830078,370.1443290710449,788.4898376464844,400.11237144470215,782.5080108642578,365.5221748352051,795.1176452636719,385.1942253112793,800.8999633789062,400.92312812805176,809.4554901123047,397.60705947875977,811.0296630859375,366.2913465499878,819.7389984130859,393.3771514892578,818.3040618896484,404.5609760284424,830.9420013427734,397.753701210022,835.5885314941406,376.4292812347412,838.8799285888672,403.1618928909302,835.3439331054688,413.952054977417,851.1930847167969,401.2073564529419,852.3312377929688,383.6255407333374,852.5199890136719,404.7198486328125,849.6764373779297,416.6615152359009,38,1787747481.6897688
856.4810943603516,480.4335021972656,822.7587890625,455.64791679382324,802.2614288330078,420.05152702331543,801.4247894287109,385.9767007827759,818.1733703613281,370.3156042098999,790.7470703125,400.3975439071655,784.3529510498047,367.42143630981445,797.4917602539062,387.11812019348145,803.7361907958984,401.7446994781494,811.1632537841797,398.0431652069092,811.6726684570312,366.992883682251,821.4398193359375,393.98045539855957,820.9270477294922,404.57260608673096,832.0208740234375,398.32953929901123,836.3370513916016,376.72080516815186,840.2507019042969,403.8647174835205,837.2684478759766,415.00682830810547,851.9049072265625,401.58926010131836,853.7467193603516,383.9572334289551,853.6853790283203,405.28470039367676,850.6113433837891,417.6548767089844,39,1787747481.7467864
857.1607208251953,479.53734397888184,824.0543365478516,455.0599765777588,803.7107086181641,420.92966079711914,800.2944946289062,386.771879196167,816.1558532714844,369.1502380371094,789.9003601074219,401.3034439086914,785.8004760742188,366.7027759552002,798.3102416992188,386.3192081451416,803.4931945800781,401.36245250701904,811.0908508300781,399.3580913543701,814.4319152832031,367.6155424118042,822.9683685302734,394.82962131500244,820.6716918945312,405.52918910980225,832.1432495117188,399.4457674026489,838.1659698486328,378.8379907608032,840.6050109863281,405.399112701416,835.5145263671875,415.8659505844116,851.4033508300781,402.23809719085693,854.2523193359375,386.4803123474121,853.3439636230469,407.0456027984619,848.6693572998047,418.87049674987793,40,1787747481.805685
857.0249176025391,481.07577323913574,825.5685424804688,456.64711475372314,804.6638488769531,423.59642028808594,796.9290161132812,390.8924388885498,806.3721466064453,369.9271774291992,792.2216033935547,402.9031991958618,785.5817413330078,367.9619550704956,798.7598419189453,387.99346446990967,803.8556671142578,403.5891580581665,812.4629211425781,399.8471975326538,811.783447265625,368.9358329772949,821.8108367919922,395.69161891937256,819.5895385742188,405.42460441589355,833.3831787109375,399.3569326400757,835.2128601074219,378.06148052215576,839.8638916015625,403.40728282928467,835.9418487548828,413.07177543640137,852.6863861083984,402.18050479888916,852.6348114013672,385.64642429351807,853.4310913085938,405.79509258270264,850.3041076660156,416.9159173965454,41,1787747481.8665042
857.7308654785156,480.5540084838867,823.4789276123047,455.3277254104614,802.8008270263672,421.74805641174316,796.8158721923828,389.86448764801025,806.5775299072266,371.18322372436523,792.3533630371094,403.77910137176514,786.1061859130859,368.78386974334717,797.7046966552734,389.44026947021484,802.4607086181641,405.00399112701416,812.255859375,401.6465091705322,811.3193511962891,370.277624130249,820.1462554931641,397.3655319213867,819.3639373779297,407.0785188674927,832.9735565185547,401.0089588165283,834.4636535644531,379.45785999298096,838.2302093505859,405.3623342514038,835.5435943603516,414.7352600097656,852.4556732177734,403.28179836273193,851.2469482421875,385.4215478897095,851.5953063964844,405.7032108306885,849.9708557128906,416.9022274017334,42,1787747481.9198656
857.5032806396484,479.0965175628662,823.5443115234375,454.8347568511963,802.7961730957031,421.46777629852295,798.0020904541016,389.4841718673706,807.9167938232422,371.22283458709717,791.9774627685547,402.31178283691406,785.3598022460938,367.8111934661865,797.25830078125,388.2489824295044,802.1333312988281,404.25734996795654,812.0345306396484,400.2103900909424,811.4664459228516,369.0315341949463,820.3500366210938,396.27312183380127,819.1959381103516,407.03474521636963,832.6722717285156,400.1443862915039,834.9699401855469,378.2769584655762,838.6994934082031,404.971718788147,835.5062103271484,415.51498889923096,852.2035217285156,403.1779432296753,851.7856597900391,385.2868366241455,852.2000885009766,406.0488510131836,849.9479675292969,417.7453851699829,43,1787747481.962829
856.9890594482422,479.1991710662842,825.0682830810547,456.6560411453247,804.7704315185547,424.65054988861084,797.1803283691406,392.00690746307373,804.3344879150391,368.84193420410156,792.2660064697266,403.06782245635986,785.3140258789062,368.9875888824463,796.7425537109375,389.6140766143799,802.4312591552734,405.04132747650146,812.5190734863281,400.75833320617676,812.3265838623047,370.0994825363159,820.4175567626953,398.33829402923584,819.2555236816406,408.6843681335449,833.5547637939453,400.44642448425293,835.8531951904297,379.690203666687,839.2686462402344,406.55430793762207,836.9980621337891,416.7997455596924,853.1778717041016,403.09382915496826,852.811279296875,385.77216625213623,852.9168701171875,406.8146753311157,851.0929107666016,418.58309268951416,44,1787747482.0020504
856.8048095703125,478.30241203308105,824.4286346435547,455.9024906158447,804.4979858398438,423.83421421051025,798.7559509277344,390.9634208679199,808.2853698730469,369.03449535369873,791.8149566650391,402.10887908935547,786.0122680664062,368.70293140411377,796.5635681152344,389.0175533294678,802.0355987548828,404.37360763549805,812.3110961914062,399.96160984039307,812.9525756835938,369.2277431488037,819.9624633789062,396.9663333892822,819.0126800537109,407.2639560699463,833.5511016845703,399.93985176086426,836.5857696533203,379.55077171325684,838.8214874267578,406.47358417510986,836.2876129150391,416.64692401885986,853.4041595458984,402.9150438308716,853.1810760498047,386.0809850692749,852.3517608642578,407.120361328125,850.1352691650391,418.8929843902588,45,1787747482.0421867
857.7046203613281,478.427939414978,826.3198852539062,456.7786931991577,806.7570495605469,424.2108392715454,802.0764923095703,390.76952934265137,812.6354217529297,368.8550662994385,792.1034240722656,402.37812995910645,785.7742309570312,368.3811092376709,796.7865753173828,388.8512992858887,802.0474243164062,404.38940048217773,813.0084991455078,400.08885383605957,813.4791564941406,369.1422128677368,820.5770874023438,397.4033832550049,819.3643188476562,407.61590480804443,834.2587280273438,400.23626804351807,837.5836181640625,379.9373531341553,839.5313262939453,407.7744770050049,837.03369140625,418.4912109375,854.0875244140625,403.34179401397705,853.7088012695312,386.3282632827759,852.9845428466797,407.85279750823975,851.219482421875,420.3129243850708,46,1787747482.0851033
857.4877166748047,479.1910171508789,826.0567474365234,457.5414705276489,806.5666198730469,424.64471340179443,801.7720031738281,391.08105182647705,811.6102600097656,368.62993240356445,792.3576354980469,402.8681802749634,785.7763671875,368.25459480285645,796.8116760253906,388.83996963500977,802.0741271972656,404.7227668762207,813.2461547851562,400.52144050598145,813.3850860595703,369.160795211792,820.8382415771484,397.6482582092285,819.8326873779297,408.52643966674805,834.4730377197266,400.5116558074951,837.4936676025391,379.93696689605713,839.8426818847656,407.92343616485596,837.6018524169922,419.1585874557495,854.3629455566406,403.4469795227051,853.7822723388672,385.8937454223633,853.2450866699219,407.5364685058594,851.5867614746094,420.27361392974854,47,1787747482.132539
862.5324249267578,481.0307550430298,832.8752899169922,458.09237480163574,811.8287658691406,424.81993675231934,806.0076141357422,391.6012716293335,813.673095703125,368.8681125640869,794.7698974609375,403.76519680023193,787.6627349853516,370.24827003479004,802.7123260498047,388.7860679626465,809.8799896240234,404.6141481399536,814.0833282470703,400.3543281555176,815.2297210693359,370.36508560180664,827.4238586425781,397.3579788208008,826.9216918945312,409.09167766571045,834.6332550048828,399.35598850250244,839.1966247558594,379.0844535827637,846.0641479492188,406.33230686187744,843.7602233886719,418.4046936035156,853.9834594726562,401.82610988616943,855.8517456054688,385.1822090148926,859.4216156005859,406.2200403213501,857.9234313964844,418.8852596282959,48,1787747482.1775825
864.7521209716797,485.25731563568115,834.2951202392578,458.6207056045532,812.2651672363281,425.5778217315674,803.2984161376953,391.5117073059082,812.5883483886719,370.1064348220825,796.0800933837891,405.3340530395508,792.467041015625,372.58106231689453,808.1671142578125,389.6062231063843,814.94384765625,404.29859161376953,816.1730194091797,403.46478939056396,821.4273071289062,373.5840368270874,832.8544616699219,399.7789192199707,830.6899261474609,410.50801277160645,836.5675354003906,403.1774711608887,844.4622039794922,382.99176692962646,849.2979431152344,409.1045093536377,844.9468994140625,420.7826328277588,854.7411346435547,405.16161918640137,858.7771606445312,388.6594247817993,860.2802276611328,408.3437490463257,856.6803741455078,420.7713031768799,49,1787747482.2457385
866.2985229492188,485.9228467941284,835.8657836914062,458.38934898376465,812.8610229492188,426.72224521636963,800.5928039550781,391.47218227386475,810.767822265625,369.25370693206787,796.8601989746094,408.34954261779785,791.5638732910156,375.28369903564453,809.0460205078125,387.30960845947266,817.9444885253906,398.47171783447266,816.8531799316406,405.9131956100464,822.9680633544922,376.94121837615967,835.6114959716797,400.9566020965576,833.0361938476562,410.20309925079346,837.0423126220703,404.4410705566406,845.7777404785156,384.52345848083496,850.8621215820312,409.3719148635864,845.8281707763672,420.82327365875244,854.4693756103516,404.3395757675171,858.6238098144531,388.40892791748047,859.8552703857422,405.87435722351074,856.346435546875,418.03308963775635,50,1787747482.3087714
864.2025756835938,481.0154342651367,830.7117462158203,455.81979274749756,809.9167633056641,421.790714263916,807.5685119628906,387.77172088623047,823.8668823242188,370.71239948272705,797.5912475585938,402.83530712127686,788.1178283691406,372.3388481140137,801.6011810302734,387.31754779815674,810.1981353759766,399.7615385055542,818.1255340576172,399.9401521682739,817.3160552978516,370.87067127227783,826.539306640625,394.6859407424927,827.2563171386719,405.1907157897949,839.1272735595703,400.3237724304199,842.1913146972656,381.987247467041,845.4448699951172,406.3354825973511,843.543701171875,416.7587614059448,858.5470581054688,403.5746097564697,858.5060119628906,389.45541858673096,857.8749847412109,407.95506477355957,856.0126495361328,418.98632526397705,51,1787747482.365426
865.0650787353516,484.52775478363037,832.0951843261719,456.84508323669434,810.8109283447266,422.6564884185791,807.5222015380859,387.48114109039307,825.1932525634766,369.1686487197876,797.2802734375,406.41929626464844,790.1580810546875,373.3328104019165,802.9927825927734,388.46643447875977,811.4754486083984,401.18722915649414,818.14697265625,403.86733531951904,820.5846405029297,372.3796606063843,829.1028594970703,397.54985332489014,829.6555328369141,408.327054977417,839.2432403564453,403.69232654571533,844.6244812011719,382.91842460632324,846.5019226074219,408.6400365829468,844.1325378417969,420.2255916595459,858.2048034667969,405.7087469100952,859.2897033691406,389.747371673584,857.9388427734375,408.4131860733032,855.7524108886719,420.41836738586426,52,1787747482.4042346
864.8497009277344,481.80426120758057,830.3545379638672,457.09197521209717,809.9015045166016,422.6973009109497,809.3247222900391,387.52525806427,825.9363555908203,369.4796562194824,796.6432189941406,403.7982416152954,788.8837432861328,370.4209613800049,801.9938659667969,386.99559688568115,809.2056274414062,400.87669372558594,817.7634429931641,401.4362668991089,819.5388031005859,370.4114770889282,828.3372497558594,395.99297046661377,828.0465698242188,407.76670932769775,838.9102935791016,401.58878803253174,844.0414428710938,381.1734867095947,846.6545104980469,408.13955783843994,843.8066101074219,420.1946496963501,858.6888885498047,404.3600034713745,860.1438140869141,388.23469161987305,859.1597747802734,408.6649703979492,856.5609741210938,421.39851093292236,53,1787747482.453278
863.3010864257812,484.04221057891846,829.2118072509766,458.9022731781006,808.9252471923828,423.5546636581421,808.2236480712891,388.4200859069824,824.3382263183594,370.5239152908325,796.5838623046875,404.6096420288086,789.7955322265625,369.97644424438477,801.7376708984375,388.25129985809326,808.6598205566406,403.52208137512207,818.1981658935547,402.2849178314209,817.1537017822266,370.0591850280762,824.5185089111328,396.4415216445923,825.9879302978516,408.9564085006714,839.9372100830078,402.898907661438,841.9283294677734,381.4948797225952,843.720703125,408.50558280944824,842.8516387939453,420.60826778411865,860.6185150146484,406.2323999404907,859.1210174560547,388.43974113464355,857.6774597167969,408.5428762435913,856.4491271972656,420.66040992736816,54,1787747482.495819
862.2842407226562,483.1498718261719,827.5273895263672,457.23132133483887,808.2183837890625,421.1449670791626,811.7041015625,385.67599296569824,831.1251068115234,369.8423767089844,796.2432861328125,404.2404842376709,789.7544860839844,369.031662940979,800.4705810546875,389.0283679962158,806.9191741943359,404.46295738220215,817.9207611083984,402.1112823486328,817.0757293701172,368.71344566345215,823.2958221435547,396.3297700881958,824.8342132568359,407.9858350753784,839.8406219482422,402.81264781951904,842.2018432617188,380.68274974823,842.6564788818359,408.7892961502075,841.4315032958984,420.14491081237793,860.6351470947266,406.3910150527954,859.1191101074219,388.2609987258911,856.6050720214844,409.3520450592041,855.1973724365234,421.46193981170654,55,1787747482.547398
861.9943237304688,485.20955085754395,829.6132659912109,461.1156749725342,809.3399810791016,427.4827480316162,805.1039886474609,394.41484451293945,814.9183654785156,371.48547649383545,798.5951995849609,406.13017559051514,792.1305084228516,372.97008991241455,802.54638671875,395.10968685150146,807.6023101806641,409.42397117614746,818.7200927734375,404.49917793273926,817.5469970703125,372.4186706542969,824.5148468017578,402.57275104522705,824.2326354980469,412.03107833862305,839.8619079589844,404.50994968414307,840.9441375732422,383.17527294158936,843.4825134277344,411.8952512741089,841.6027069091797,420.19434928894043,860.3465270996094,406.84510231018066,859.2630004882812,388.6485242843628,858.0249786376953,410.47767162323,855.6050109863281,421.68269634246826,56,1787747482.6092923
861.160888671875,483.38324546813965,829.6257781982422,460.52584648132324,809.7761535644531,428.15913677215576,806.1952209472656,394.70529556274414,816.8372344970703,371.80429458618164,798.2266998291016,404.9937343597412,792.6303863525391,372.52402782440186,801.976318359375,395.39756298065186,806.2940216064453,409.14124488830566,818.3852386474609,403.2668209075928,818.0635070800781,373.320107460022,823.9942169189453,403.3459138870239,823.3891296386719,411.2920331954956,839.1848754882812,403.5110092163086,841.3994598388672,383.5736560821533,843.0018615722656,412.3960304260254,840.977783203125,419.50860500335693,859.5513916015625,406.0827112197876,859.0170288085938,389.32525634765625,857.138671875,411.310830116272,854.6933746337891,421.7486572265625,57,1787747482.6553786
857.0676422119141,487.5197696685791,822.8215026855469,461.3989591598511,806.5747833251953,426.79009437561035,803.2559204101562,393.2854413986206,810.7134246826172,369.5309829711914,807.0822143554688,405.5853223800659,798.8822937011719,376.5718460083008,802.4951934814453,395.64016342163086,807.9737091064453,408.9970064163208,824.9649810791016,407.1077013015747,818.6266326904297,377.90900230407715,820.675048828125,406.39732360839844,824.8579406738281,415.4514741897583,844.7970581054688,409.4316530227661,839.8323822021484,387.2658348083496,837.7305603027344,415.9336280822754,840.2888488769531,424.3705701828003,865.4269409179688,412.85865783691406,857.7942657470703,391.7655086517334,852.9790496826172,412.674765586853,854.9124145507812,424.2007541656494,58,1787747482.7129037
852.3475646972656,483.5961055755615,818.9913940429688,457.739782333374,802.884521484375,424.6299934387207,801.0401916503906,393.88501167297363,809.9491119384766,372.81962871551514,807.4467468261719,402.38821506500244,799.2575836181641,375.93360900878906,799.6543884277344,396.304407119751,803.9412689208984,407.0834541320801,825.0828552246094,404.24280166625977,819.1630554199219,377.11562633514404,819.3416595458984,407.0958137512207,824.9038696289062,411.8944787979126,844.5640563964844,407.36987113952637,839.3431854248047,386.66162967681885,836.1489105224609,415.58863162994385,840.4277801513672,420.45201301574707,864.7523498535156,411.5164804458618,857.2342681884766,391.835675239563,851.6340637207031,413.0420780181885,854.6097564697266,423.0053901672363,59,1787747482.773927
847.45361328125,486.35809421539307,817.6091766357422,455.78614711761475,804.9788665771484,421.28233909606934,806.6372680664062,390.85716247558594,821.5434265136719,370.39280891418457,822.3173522949219,402.8991222381592,813.8291931152344,376.1181449890137,810.2234649658203,399.56597328186035,816.0711669921875,413.462176322937,837.9060363769531,405.1407194137573,829.7341918945312,380.9553909301758,825.9052276611328,410.19657611846924,834.6141052246094,419.40333366394043,855.601806640625,409.4962406158447,844.5457458496094,389.1894292831421,839.5372009277344,416.6041374206543,847.9135894775391,425.20939350128174,874.9281311035156,415.8752202987671,862.0051574707031,396.9870185852051,855.2526092529297,416.4581823348999,861.9880676269531,426.0372734069824,60,1787747482.8212452
846.7617034912109,483.089017868042,818.4857940673828,451.126012802124,807.6036834716797,418.33465576171875,810.6031799316406,388.02178859710693,829.13818359375,370.15085220336914,828.7150573730469,401.5732526779175,822.4483489990234,375.1561975479126,817.2071838378906,397.12151527404785,820.9112548828125,411.6875410079956,842.4977874755859,403.9535093307495,833.8465881347656,381.04469776153564,828.133544921875,407.76615142822266,835.5617523193359,418.8305854797363,858.0001068115234,408.52206230163574,845.7431030273438,388.7291193008423,839.7347259521484,414.11375999450684,847.8626251220703,424.8109245300293,874.8387145996094,416.2062692642212,860.7675170898438,397.91913986206055,854.0634918212891,414.81654167175293,861.2797546386719,424.9322462081909,61,1787747482.864811
847.3513793945312,481.1953353881836,818.8614654541016,451.08704566955566,806.9438934326172,418.595495223999,811.1836242675781,388.02101612091064,830.2108001708984,369.35387134552,828.1865692138672,401.67590618133545,821.2897491455078,376.53347969055176,816.9057464599609,397.64752864837646,821.2111663818359,411.3040065765381,842.4193572998047,403.8752746582031,833.6631774902344,381.52530670166016,828.1649017333984,407.6547861099243,834.9140167236328,418.7747526168823,857.9801177978516,408.2428979873657,846.0778045654297,388.76315116882324,840.2877807617188,414.2671823501587,847.9669189453125,425.5389404296875,874.8191833496094,415.35903453826904,860.0205230712891,397.6470994949341,854.2584991455078,414.5709800720215,861.5982055664062,425.18909454345703,62,1787747482.9292626
846.0488891601562,479.8606252670288,820.6840515136719,450.2709674835205,810.1060485839844,418.82256031036377,813.7706756591797,389.57008838653564,831.2727355957031,370.81835746765137,830.7781982421875,402.29822158813477,822.8211212158203,376.4985466003418,817.6824188232422,397.7683353424072,822.6274871826172,411.19688987731934,844.4707489013672,404.6044921875,835.0315856933594,381.45342350006104,829.2044067382812,407.0147466659546,837.0599365234375,416.96908950805664,859.7499084472656,408.83564472198486,847.2464752197266,389.1737222671509,841.0521697998047,413.80927562713623,849.6208190917969,423.7416887283325,876.4613342285156,415.2364253997803,860.6932830810547,397.19112396240234,854.3149566650391,413.80897521972656,861.8270874023438,424.36164379119873,63,1787747482.9700377
847.5328063964844,479.0072965621948,820.8255767822266,449.9006509780884,809.5431518554688,418.477520942688,813.3087921142578,389.2645311355591,831.3516998291016,371.6315174102783,829.7109985351562,402.93023586273193,823.5691070556641,378.68255138397217,818.7612152099609,397.86755561828613,823.0606842041016,411.42906188964844,843.6105346679688,405.17754077911377,835.7557678222656,383.0595302581787,829.6658325195312,407.1681261062622,836.0749816894531,418.3981704711914,859.0509033203125,409.1749334335327,847.8279113769531,389.9574851989746,841.4841461181641,413.7678623199463,848.7096405029297,425.0854969024658,875.8158111572266,415.31139850616455,860.77392578125,397.4930763244629,854.5870208740234,413.61302375793457,861.4386749267578,424.6969413757324,64,1787747483.0159602
851.2002563476562,478.6843156814575,824.0242767333984,451.6582489013672,812.9931640625,418.6708116531372,818.6793518066406,387.8748035430908,838.6860656738281,372.12178230285645,829.8722076416016,403.4128189086914,823.6978149414062,379.41022396087646,820.4878234863281,397.4943208694458,825.9573364257812,410.0084352493286,845.6510925292969,405.7477140426636,839.8152160644531,382.8043556213379,833.0321502685547,408.42597484588623,839.4029235839844,419.64593410491943,862.4166107177734,410.3874635696411,853.8206481933594,389.7687005996704,845.6708526611328,414.8928451538086,852.3456573486328,426.4333391189575,881.1187744140625,417.4523591995239,867.7083587646484,399.6612024307251,859.7024536132812,416.9306802749634,865.2304840087891,428.55417251586914,65,1787747483.0436225
856.1244201660156,475.97532749176025,827.2164916992188,452.66156673431396,815.2555084228516,419.19978618621826,818.4589385986328,391.30717277526855,833.1588745117188,377.1935176849365,827.6755523681641,402.7140283584595,828.4322357177734,378.93609523773193,828.4041595458984,375.71890354156494,831.7182159423828,380.86084842681885,845.6415557861328,405.6344175338745,845.8190155029297,385.77620029449463,838.8815307617188,408.9295434951782,840.0852966308594,421.5708589553833,863.9502716064453,411.0350561141968,861.9642639160156,394.4368600845337,853.7077331542969,416.69331550598145,855.8231353759766,427.79903411865234,883.3035278320312,419.90256786346436,877.9497528076172,404.382963180542,870.1209259033203,419.784893989563,871.6889953613281,429.4779682159424,66,1787747483.1009321
856.4103698730469,475.42768478393555,827.6505279541016,452.31515407562256,815.9920501708984,419.08846378326416,819.8712158203125,392.0505094528198,832.9769134521484,377.0796203613281,826.158447265625,403.6069679260254,824.5829010009766,381.4822196960449,826.5328979492188,376.2076234817505,832.6663208007812,379.56570625305176,844.0795135498047,405.6506824493408,844.2396545410156,384.43445205688477,838.5572814941406,406.9482707977295,839.9423217773438,421.89791679382324,862.1504211425781,410.25811672210693,860.0696563720703,392.73462295532227,852.9051208496094,414.6894693374634,855.335693359375,427.52055644989014,881.4861297607422,418.37486743927,875.9804534912109,401.68993949890137,868.8565826416016,417.14409828186035,870.4413604736328,428.1453609466553,67,1787747483.1482596
861.4374542236328,480.47693252563477,831.7504119873047,453.59840869903564,819.0816497802734,423.0921220779419,824.7703552246094,399.3347454071045,837.6470184326172,387.76597023010254,821.9065856933594,413.0083894729614,813.6514282226562,386.7641544342041,816.5621948242188,399.08703804016113,822.2719573974609,411.9867467880249,838.8043212890625,411.8692445755005,835.0420379638672,384.0645217895508,834.9787139892578,405.0176811218262,838.8329315185547,419.58889961242676,857.8145599365234,413.22099208831787,853.9849090576172,388.34442615509033,850.6224060058594,412.29140281677246,853.5425567626953,429.6693706512451,878.4247589111328,418.1191349029541,872.9058837890625,396.21960639953613,866.6786956787109,412.02751636505127,866.9783020019531,426.79983615875244,68,1787747483.1725197
862.6121520996094,481.83516025543213,830.5446624755859,455.27897357940674,818.1732177734375,422.7044677734375,824.9796295166016,396.7857885360718,837.9007720947266,387.9737663269043,823.5853576660156,412.93912410736084,814.2424011230469,385.77375411987305,817.7711486816406,399.1490077972412,823.2832336425781,412.69094467163086,839.8390197753906,412.8329086303711,835.0714874267578,384.0891122817993,836.2261962890625,406.125111579895,839.8670959472656,420.40480613708496,858.2579803466797,414.3743848800659,853.7368011474609,387.55667209625244,852.0894622802734,413.078556060791,855.5622863769531,430.7187795639038,877.8867340087891,418.634033203125,872.2209167480469,396.5485954284668,866.900634765625,412.7423572540283,867.9217529296875,427.3153352737427,69,1787747483.2084355
868.900146484375,480.8940267562866,840.0079345703125,454.5479965209961,825.0717926025391,422.03322887420654,827.8587341308594,394.6198081970215,837.6680755615234,378.5473680496216,808.843994140625,413.8139533996582,806.5538787841797,381.46634101867676,819.5166015625,394.0107536315918,821.4981079101562,409.44976329803467,828.9726257324219,411.69994354248047,832.3583221435547,382.66642570495605,843.1658172607422,400.9459590911865,840.1749420166016,412.6062297821045,849.8096466064453,411.98095321655273,854.6268463134766,390.2066946029663,860.1488494873047,414.01926040649414,855.2858734130859,428.4334087371826,867.0963287353516,415.39873123168945,870.8443450927734,399.8609733581543,872.3983001708984,417.2024202346802,867.9702758789062,431.0602140426636,70,1787747483.2521806
872.3755645751953,484.8170471191406,841.1666870117188,457.9267644882202,826.6427612304688,425.14313220977783,831.7549133300781,395.78968048095703,846.5511322021484,380.4113531112671,811.3410949707031,417.2311735153198,804.4078826904297,384.7561025619507,815.9016418457031,396.425256729126,821.5079498291016,410.57148456573486,830.7758331298828,414.6834182739258,829.9820709228516,385.7987308502197,838.2345581054688,403.5727643966675,838.8788604736328,415.9448719024658,850.6874847412109,413.90270233154297,851.8138122558594,392.3083019256592,854.7432708740234,413.16503047943115,853.1658172607422,427.3999214172363,868.0702209472656,415.38538455963135,867.7711486816406,398.34558963775635,867.2061920166016,413.6404037475586,865.3252410888672,426.97608947753906,71,1787747483.2936833
875.80322265625,489.33332920074463,845.9584808349609,462.38399505615234,829.6573638916016,429.91175651550293,833.0499267578125,399.56902027130127,847.1245574951172,384.5598077774048,806.9339752197266,417.745041847229,801.8551635742188,385.41905879974365,816.0881042480469,396.3274097442627,823.4024047851562,410.6375741958618,826.7208099365234,414.6488285064697,825.5922698974609,386.5383768081665,837.4090576171875,404.0833282470703,840.4109191894531,417.8826713562012,847.9735565185547,413.87519359588623,849.6520233154297,393.96307468414307,855.5615234375,414.08002853393555,855.6829833984375,429.37201023101807,867.0843505859375,416.35668754577637,864.7100830078125,399.6842908859253,867.1595001220703,414.2057704925537,867.6677703857422,427.6476716995239,72,1787747483.3515358
877.3013305664062,492.4752902984619,848.6447906494141,463.6963891983032,831.754150390625,429.65855598449707,834.9200439453125,399.96843338012695,847.4795532226562,387.1319389343262,808.0940246582031,416.5469741821289,802.6658630371094,385.11796474456787,817.5624084472656,394.1703987121582,826.2162780761719,408.7047529220581,826.7427825927734,413.65885734558105,825.0874328613281,385.54686069488525,837.8452301025391,400.65932750701904,842.1723175048828,414.08698081970215,847.0999908447266,413.06984424591064,848.6675262451172,393.7420177459717,855.6599426269531,410.8024549484253,856.8712615966797,424.894437789917,866.0012817382812,415.5424976348877,864.1777038574219,399.1688346862793,866.4118194580078,411.50150299072266,866.4586639404297,423.53161811828613,73,1787747483.3904994
881.6689300537109,498.85178089141846,856.2842559814453,466.75891399383545,836.3562774658203,433.16057682037354,835.8457183837891,405.5716323852539,846.5327453613281,393.34277629852295,807.4790191650391,421.99902534484863,807.3417663574219,384.54508781433105,824.1532897949219,397.5012731552124,829.461669921875,416.0874366760254,826.3194274902344,419.9845361709595,832.6711273193359,387.79287815093994,847.8385162353516,406.4188241958618,848.6421966552734,423.3415460586548,847.3117065429688,418.87667655944824,854.1415405273438,395.56536197662354,863.0145263671875,413.96570205688477,860.9235382080078,430.1986885070801,866.6544342041016,420.73259353637695,868.6500549316406,400.83017349243164,872.4536895751953,415.15522956848145,869.8411560058594,429.53354358673096,74,1787747483.4475336
883.7895202636719,502.32200145721436,859.527587890625,469.21457290649414,839.7704315185547,436.55067443847656,837.2079467773438,407.6589059829712,847.4646759033203,393.31689834594727,807.8025054931641,422.6159334182739,806.9796752929688,384.69430446624756,824.6965789794922,398.34661960601807,830.7445526123047,416.9977569580078,825.8119201660156,419.72198009490967,830.4501342773438,386.9871425628662,847.0990753173828,404.9847650527954,849.4465637207031,422.309775352478,846.3550567626953,417.9161024093628,851.9944000244141,394.2476463317871,862.3587799072266,411.4428377151489,861.7684936523438,428.4913444519043,865.8270263671875,419.46993827819824,867.0604705810547,399.53949451446533,872.1170806884766,412.6883268356323,871.0470581054688,427.15375900268555,75,1787747483.4878142
895.5721282958984,505.6391429901123,875.3458404541016,473.550181388855,855.0815582275391,442.64697074890137,843.8195037841797,415.3810501098633,840.5587005615234,394.20756340026855,824.4097137451172,428.8520908355713,818.7535858154297,390.2717113494873,837.2304534912109,401.80181980133057,844.7564697265625,418.3973979949951,840.4598999023438,425.78089714050293,843.7696075439453,390.58645248413086,860.2436065673828,408.396577835083,861.4039611816406,424.79011058807373,858.8649749755859,423.8404369354248,864.7773742675781,399.4292449951172,875.7991790771484,417.5600337982178,874.7296142578125,433.8146924972534,876.2859344482422,426.0400199890137,878.1139373779297,405.5699157714844,884.4872283935547,418.7906742095947,883.0854797363281,433.3565282821655,76,1787747483.5508144
903.0043792724609,511.08226776123047,877.8629302978516,479.6323585510254,858.7612915039062,445.23141860961914,856.9245147705078,413.9522695541382,869.8873901367188,397.442307472229,832.5615692138672,430.3854990005493,825.9576416015625,391.8303108215332,842.3358154296875,405.884485244751,849.0663909912109,424.0830373764038,850.7621765136719,427.6054000854492,850.7295227050781,392.3149538040161,865.8609008789062,411.4582872390747,868.3676147460938,427.6567268371582,871.0255432128906,426.78091049194336,873.3567047119141,400.8203887939453,882.5325012207031,419.9154853820801,883.1411743164062,436.7174434661865,890.2292633056641,429.60383892059326,886.6459655761719,406.2714958190918,890.7768249511719,418.75089168548584,891.6672515869141,432.60778427124023,77,1787747483.6007626
903.0583190917969,510.6230306625366,880.2262115478516,477.44736671447754,862.4850463867188,444.2387008666992,861.2284088134766,415.2459526062012,870.4071807861328,399.6544647216797,829.1371917724609,429.8016357421875,825.0618743896484,390.6315565109253,843.4740447998047,403.6967468261719,850.9051513671875,423.36909770965576,846.2493133544922,426.702675819397,846.58447265625,390.84184169769287,864.4033050537109,408.30873012542725,868.3640289306641,426.5063810348511,866.1907958984375,425.36779403686523,869.0702056884766,399.85981464385986,881.1426544189453,416.637225151062,882.3511505126953,434.2439317703247,885.8543395996094,428.3145332336426,884.3614196777344,406.2638568878174,891.0230255126953,419.24145698547363,892.3810577392578,434.28972244262695,78,1787747483.6583831
909.5911407470703,511.7742347717285,880.46875,482.93349266052246,862.5637817382812,451.31415367126465,857.9651641845703,418.409628868103,864.9679565429688,395.4466152191162,837.6496887207031,430.91644763946533,830.0067901611328,393.34904193878174,845.2651977539062,406.7241668701172,853.4062194824219,425.0036144256592,857.7593231201172,428.7438154220581,857.1054840087891,394.6086072921753,872.7320098876953,416.0662794113159,877.0349884033203,434.7036409378052,878.4645080566406,427.5265645980835,879.1712188720703,403.3197355270386,888.6638641357422,423.7396717071533,890.7170867919922,442.79266834259033,896.9882965087891,429.27064418792725,892.9062652587891,409.4507932662964,897.1983337402344,422.8038167953491,898.4445953369141,437.96241760253906,79,1787747483.7107773
909.3344116210938,511.1875820159912,881.0602569580078,478.80842685699463,861.8138122558594,444.0230083465576,858.6463928222656,413.53959560394287,867.6061248779297,402.3835802078247,834.4224548339844,430.7032871246338,829.5427703857422,391.4637279510498,845.7502746582031,405.222430229187,852.3203277587891,424.93486404418945,854.2684936523438,428.432035446167,852.9003143310547,393.17720890045166,868.2878112792969,411.71629428863525,871.295166015625,429.6600151062012,876.0063934326172,427.7588653564453,876.2882995605469,402.3928499221802,886.1105346679688,420.1000642776489,886.7214202880859,437.54875659942627,896.5638732910156,431.09943866729736,892.5411987304688,408.25740337371826,897.3007202148438,421.91229343414307,898.1206512451172,437.19517707824707,80,1787747483.7817712
909.1966247558594,512.821798324585,879.8748016357422,479.05943870544434,861.2996673583984,444.10613536834717,860.1107788085938,413.0727195739746,873.5150909423828,403.4420871734619,834.8339080810547,430.56737422943115,829.9684906005859,391.9415044784546,845.4601287841797,404.8584222793579,852.7264404296875,424.0348434448242,855.1227569580078,428.717679977417,854.1103363037109,393.9850902557373,868.8926696777344,412.14072704315186,873.0247497558594,429.87768173217773,877.0893096923828,428.20170879364014,877.5691223144531,403.50354194641113,886.3346862792969,421.05926513671875,887.6304626464844,438.823299407959,897.6826477050781,430.9837818145752,892.9302978515625,409.04850482940674,896.4574432373047,421.1548376083374,897.6537322998047,435.70592880249023,81,1787747483.842605
908.6122131347656,517.6561689376831,885.05859375,490.5387783050537,869.2057037353516,457.62481212615967,863.36669921875,424.22367095947266,869.9577331542969,399.37817573547363,841.4487457275391,434.3738794326782,831.8229675292969,393.622841835022,849.3888092041016,405.401816368103,857.4032592773438,425.60906410217285,859.3340301513672,429.8865222930908,856.9570922851562,394.3098735809326,874.1973876953125,412.6378583908081,877.0690155029297,431.64098739624023,878.8579559326172,428.2246255874634,879.3123626708984,402.1020984649658,890.2384948730469,420.2600955963135,890.9268951416016,439.01543140411377,897.6762390136719,430.8424186706543,893.7017822265625,406.8386220932007,899.8847198486328,420.2961015701294,900.8692932128906,437.085657119751,82,1787747483.9055119
907.9572296142578,518.1549739837646,886.2077331542969,492.98576831817627,870.6416320800781,461.14391326904297,863.3733367919922,426.80150985717773,865.8057403564453,398.7147903442383,840.7075500488281,434.1383171081543,833.6358642578125,393.4948253631592,851.9075012207031,406.98590755462646,859.1225433349609,427.8706169128418,858.7793731689453,429.6623754501343,857.8012847900391,394.09388065338135,875.9902954101562,414.7977018356323,877.9974365234375,434.36516761779785,878.3650970458984,427.65531063079834,879.9005889892578,401.88610553741455,891.3506317138672,420.8874320983887,891.0030364990234,439.7818994522095,896.6365814208984,430.0510597229004,894.9312591552734,406.3246250152588,901.6176605224609,419.5479154586792,901.6014099121094,435.90672969818115,83,1787747483.9615755
343.8420867919922,548.0714321136475,351.2588882446289,509.7561836242676,371.43428802490234,479.18028831481934,389.5652389526367,460.3859853744507,405.30792236328125,447.28869438171387,405.6327819824219,489.3614387512207,423.66676330566406,467.69914627075195,428.36597442626953,445.6508731842041,428.7656021118164,427.120156288147,405.0642395019531,502.97242641448975,422.1399688720703,477.5845241546631,424.8541259765625,454.00983810424805,423.54427337646484,435.01391887664795,397.70503997802734,518.9554738998413,411.4893341064453,495.01214504241943,413.8888931274414,478.36034774780273,414.82887268066406,466.67359828948975,383.68419647216797,536.267352104187,391.2813186645508,517.5508546829224,394.96265411376953,505.2267265319824,396.85821533203125,497.2946834564209,84,1787747484.422695
346.07852935791016,541.0780763626099,351.9059371948242,502.5861883163452,374.17179107666016,471.9421863555908,394.3088912963867,454.00490283966064,411.7154312133789,440.2218246459961,412.6859664916992,475.79697132110596,426.5013885498047,455.3677225112915,426.56471252441406,434.79363441467285,421.7505645751953,418.06021213531494,413.6325454711914,490.69700717926025,426.11419677734375,468.1896686553955,424.3070983886719,446.0865068435669,418.08135986328125,428.13008308410645,405.8936309814453,508.01424980163574,416.4324951171875,486.7345905303955,415.47119140625,467.9893398284912,413.06739807128906,453.0217123031616,389.6841049194336,526.51780128479,397.0393371582031,511.93169116973877,398.4976577758789,502.53486156463623,398.1233215332031,495.86976528167725,85,1787747484.4685328
346.2887191772461,551.7835235595703,353.89556884765625,507.36193656921387,379.4446563720703,474.8285436630249,399.7128677368164,453.3163261413574,416.56532287597656,435.50349712371826,408.5919189453125,488.6058282852173,427.3221206665039,462.75572776794434,431.62609100341797,437.870192527771,429.68029022216797,417.6563358306885,406.796875,499.69176292419434,424.8680877685547,469.38297271728516,428.53275299072266,441.09442234039307,425.8218765258789,417.64912605285645,398.2384490966797,511.1630344390869,414.7959899902344,479.32225227355957,420.2566909790039,451.821026802063,421.7490005493164,429.5828104019165,382.5489044189453,521.3234567642212,397.3912811279297,495.7181453704834,405.9080505371094,475.727276802063,411.5557861328125,458.3008575439453,86,1787747484.5075765
348.4397888183594,547.2338533401489,364.92687225341797,503.71850967407227,392.14141845703125,470.60661792755127,410.0048828125,444.7165632247925,422.4351501464844,421.5309476852417,423.43738555908203,485.5305576324463,440.2471923828125,458.726749420166,445.3806686401367,437.61261463165283,444.04239654541016,423.09924602508545,413.7621307373047,498.47095012664795,429.42028045654297,469.5787525177002,431.27464294433594,444.8972797393799,427.45121002197266,425.8761692047119,396.4377975463867,513.5792970657349,407.3732376098633,489.369592666626,411.39244079589844,468.9115047454834,413.8357162475586,452.5956916809082,371.92901611328125,529.118127822876,377.51644134521484,510.8477783203125,381.6471862792969,499.32363510131836,384.5705795288086,489.5073080062866,87,1787747484.5718808
357.7787399291992,526.5052700042725,389.9362564086914,498.22624683380127,413.99585723876953,464.30827617645264,422.45567321777344,432.6134920120239,423.04309844970703,409.64515686035156,438.2843017578125,459.1267204284668,448.99646759033203,429.96668815612793,444.61570739746094,435.13026237487793,436.57718658447266,444.93367195129395,424.04991149902344,460.7145881652832,430.6321716308594,430.9385919570923,423.93077850341797,435.21703720092773,416.4506149291992,440.952844619751,405.85121154785156,465.92764377593994,407.62123107910156,443.6677551269531,403.9069366455078,453.3199739456177,400.8673858642578,463.60424995422363,384.65686798095703,474.5204544067383,389.71641540527344,456.9357633590698,389.78771209716797,464.75785732269287,388.36280822753906,474.14820671081543,88,1787747484.6109388
356.5702819824219,530.771312713623,373.3775329589844,489.6331787109375,398.5796356201172,453.7099027633667,415.8757019042969,428.30195903778076,421.55582427978516,406.6270065307617,427.3610305786133,458.29463481903076,442.1113967895508,430.917649269104,439.54090118408203,430.2164125442505,433.20125579833984,436.6600227355957,422.04578399658203,469.29113388061523,426.19842529296875,439.5298147201538,414.84363555908203,440.6932497024536,404.49737548828125,447.9086494445801,411.5713882446289,481.6190814971924,407.2833251953125,460.65141677856445,396.2445068359375,469.5612859725952,390.8034133911133,481.59358978271484,397.0481872558594,494.8941707611084,394.75353240966797,478.37133407592773,386.7703628540039,484.75902557373047,382.9552459716797,494.496431350708,89,1787747484.6728072
356.0825729370117,530.7143640518188,376.09554290771484,490.6546926498413,401.5318298339844,455.48415184020996,417.63763427734375,430.628399848938,423.5895538330078,409.76059913635254,428.2882308959961,458.0655527114868,442.0774841308594,432.04593658447266,438.39725494384766,433.2964897155762,431.32137298583984,439.5770215988159,420.45337677001953,468.1843900680542,427.2298812866211,439.7546911239624,418.96289825439453,435.77656745910645,409.1925811767578,436.2417268753052,407.4010467529297,480.89643001556396,405.8501434326172,463.2905387878418,398.7678909301758,472.04089164733887,394.8562240600586,482.52935886383057,389.7673797607422,494.9781131744385,390.7735061645508,481.42094135284424,386.44248962402344,487.91969776153564,383.70643615722656,496.4568901062012,90,1787747484.7133763
359.84764099121094,520.8358526229858,391.0404968261719,498.8556432723999,412.7145004272461,464.91969108581543,420.51342010498047,433.31005096435547,420.4881286621094,409.40435886383057,430.87268829345703,454.15725231170654,443.0610656738281,422.9133367538452,436.4899444580078,433.5769844055176,429.9372100830078,448.45534801483154,415.97827911376953,447.1670722961426,423.42689514160156,416.1262321472168,416.60789489746094,429.8401737213135,411.38790130615234,444.3395519256592,399.73438262939453,443.54875087738037,403.8081741333008,419.42131519317627,399.0130615234375,434.6390104293823,395.7814025878906,449.15096282958984,383.15235137939453,443.2577848434448,390.6254196166992,423.2599210739136,390.59730529785156,430.1691198348999,389.5197296142578,438.7361812591553,91,1787747484.762965
359.74952697753906,525.6153774261475,391.67301177978516,498.81513118743896,411.36940002441406,465.7995843887329,418.3531188964844,434.0866470336914,417.87208557128906,409.39101219177246,430.16700744628906,459.17675971984863,441.26182556152344,426.93750858306885,436.34849548339844,436.7082166671753,430.1239013671875,451.6418981552124,412.43350982666016,458.6261987686157,416.25598907470703,427.0856523513794,412.53368377685547,440.4693603515625,409.3482208251953,454.814715385437,392.1139144897461,462.39107608795166,393.9883804321289,440.3861474990845,394.2022705078125,453.39056968688965,394.2942810058594,465.8214282989502,370.22327423095703,470.582070350647,372.05657958984375,455.65911769866943,374.64324951171875,464.3451404571533,375.6971740722656,473.07841300964355,92,1787747484.8388474
353.30421447753906,528.9158248901367,384.2758560180664,497.785120010376,405.63053131103516,464.66275691986084,415.9114074707031,435.6570053100586,418.83949279785156,411.39923572540283,428.5107421875,465.64131259918213,440.41595458984375,433.91035079956055,437.52246856689453,432.9703760147095,432.29679107666016,441.35290145874023,412.31456756591797,467.7023220062256,418.2984161376953,437.2609233856201,414.33544158935547,440.96434593200684,410.56251525878906,449.94455337524414,392.66944885253906,473.160982131958,395.89611053466797,449.6923828125,395.3044891357422,455.57169914245605,394.74193572998047,465.25546073913574,369.80194091796875,481.83619022369385,371.50455474853516,463.74363899230957,372.9755401611328,468.17928314208984,373.01685333251953,475.68058490753174,93,1787747484.8813086
340.8903121948242,536.5862560272217,359.72591400146484,492.3548698425293,382.74696350097656,460.97795963287354,398.5090637207031,437.19427585601807,410.71582794189453,415.969033241272,415.90702056884766,473.15733432769775,439.09420013427734,454.4268035888672,442.52342224121094,432.5671863555908,438.0335998535156,414.2922019958496,407.36900329589844,486.4995861053467,424.61524963378906,463.8742733001709,425.8921432495117,437.55974292755127,418.1890869140625,416.6045665740967,389.8046875,503.76996517181396,403.8444519042969,486.73596382141113,407.72483825683594,471.58079624176025,406.0554504394531,459.3213415145874,364.2448043823242,523.5620069503784,368.62632751464844,514.1825580596924,371.3279342651367,505.9974002838135,370.89263916015625,499.14918422698975,94,1787747484.939818
342.48424530029297,540.5999565124512,362.4595260620117,493.9103364944458,388.29463958740234,460.1954412460327,406.23241424560547,433.54857444763184,415.82752227783203,409.323205947876,413.85692596435547,474.3902063369751,436.92596435546875,451.95123195648193,441.50787353515625,434.2517852783203,438.3188247680664,422.7043390274048,404.37461853027344,487.27051734924316,422.1083450317383,463.5693168640137,423.51612091064453,440.2504062652588,417.5829315185547,423.2755422592163,386.5517807006836,503.6896276473999,400.9394073486328,486.37401580810547,404.0385055541992,470.40907859802246,403.74847412109375,457.25616931915283,360.8676528930664,521.8202447891235,365.57708740234375,514.770884513855,369.5526885986328,506.6616439819336,372.0935821533203,498.30963134765625,95,1787747485.000387
342.5391387939453,541.8759155273438,359.5943832397461,497.9774236679077,382.4291229248047,464.82519149780273,398.5470962524414,439.0317392349243,407.6088333129883,416.43500804901123,413.33133697509766,470.2483606338501,430.74485778808594,442.08250522613525,430.0904846191406,426.8258857727051,425.6837844848633,419.56186294555664,404.9053192138672,481.0452175140381,419.0292739868164,451.6078233718872,417.2525405883789,433.3217239379883,411.9046401977539,422.19780921936035,389.06810760498047,496.1260986328125,400.12962341308594,470.3299856185913,400.8986282348633,451.922607421875,400.6562042236328,437.63226985931396,367.11597442626953,514.2730236053467,370.2267074584961,498.64381313323975,371.0670852661133,487.73919582366943,370.87886810302734,477.98792839050293,96,1787747485.0558197
339.14161682128906,541.3645362854004,356.53263092041016,497.17040061950684,379.95906829833984,463.7231254577637,396.69921875,439.3462657928467,403.4422302246094,418.0455780029297,412.7191162109375,468.5118341445923,427.11475372314453,440.7374954223633,421.9767379760742,434.573392868042,413.5423278808594,435.59228897094727,406.67789459228516,480.5021667480469,416.19712829589844,450.94422340393066,408.5424041748047,441.2944507598877,399.3525695800781,437.46970653533936,394.03011322021484,495.78513622283936,397.9301071166992,473.95899295806885,391.7158508300781,468.7291145324707,386.78009033203125,467.2226572036743,375.1913070678711,512.7845048904419,375.87642669677734,496.2469482421875,371.9635009765625,494.14907455444336,367.98912048339844,494.7734498977661,97,1787747485.1034837
338.16349029541016,542.4622249603271,356.28929138183594,497.1843481063843,378.88526916503906,464.6832275390625,393.6600875854492,441.2515354156494,401.002197265625,420.98738193511963,412.6375961303711,470.22724628448486,425.5162048339844,443.10028553009033,422.8070068359375,430.6904983520508,415.69446563720703,424.9173974990845,405.74398040771484,483.0643844604492,415.45860290527344,453.1574535369873,409.6915054321289,437.84873485565186,400.37147521972656,428.73510360717773,391.39110565185547,498.67668628692627,395.7269287109375,474.83845710754395,390.6782913208008,466.9349527359009,385.7365036010742,462.7723789215088,369.41436767578125,514.9948596954346,370.4657745361328,500.11847019195557,368.4506607055664,497.11233615875244,366.11000061035156,496.0612106323242,98,1787747485.15063
339.0589141845703,537.8817415237427,357.7576446533203,495.13840198516846,379.06829833984375,461.3962125778198,392.26856231689453,438.10845851898193,397.1799850463867,419.5184326171875,407.74173736572266,460.57318210601807,419.70245361328125,435.24888038635254,416.35494232177734,422.91136264801025,409.89551544189453,415.5161476135254,398.71620178222656,473.22157859802246,407.8788757324219,444.00790214538574,404.9409866333008,431.02510929107666,398.9604949951172,423.8956689834595,383.00113677978516,489.6136951446533,388.35914611816406,468.14276218414307,387.7021026611328,463.82118701934814,386.4591979980469,462.5711917877197,361.6672897338867,509.0796661376953,358.3463668823242,495.88221073150635,357.2761917114258,493.97161960601807,356.2957763671875,493.8833427429199,99,1787747485.194289
333.49456787109375,538.5048294067383,346.2798309326172,498.040509223938,362.5961685180664,467.1643352508545,371.01573944091797,444.5134449005127,376.51439666748047,426.471791267395,400.88504791259766,470.6622362136841,419.21836853027344,443.6066436767578,417.09747314453125,422.170729637146,408.23307037353516,406.5465831756592,395.3511428833008,484.06023502349854,411.3091278076172,454.5503568649292,409.53426361083984,432.2996520996094,400.5078887939453,416.04323387145996,381.16161346435547,500.95141410827637,391.54224395751953,477.26510524749756,392.18013763427734,460.3591203689575,388.6205291748047,447.3385190963745,360.93692779541016,521.0901689529419,361.27445220947266,508.8183116912842,360.8927536010742,500.9306859970093,357.57144927978516,494.6949577331543,100,1787747485.2374632
343.68778228759766,528.1714153289795,382.88707733154297,504.4493579864502,407.37060546875,469.7917413711548,410.47630310058594,438.33942890167236,402.9609680175781,415.57125091552734,410.0737762451172,450.96447944641113,421.93614959716797,425.87531089782715,419.39605712890625,430.65693855285645,413.07628631591797,436.581015586853,391.2213897705078,445.61070442199707,401.1488723754883,417.7566719055176,401.10118865966797,424.1359519958496,396.9676971435547,428.19814682006836,370.24871826171875,446.03711128234863,378.7923049926758,424.13788318634033,379.53540802001953,443.8543939590454,375.91407775878906,457.90101528167725,348.3010482788086,450.8460760116577,359.3070602416992,434.3761110305786,361.90025329589844,448.71588706970215,360.54866790771484,461.2735605239868,101,1787747485.2775168
343.3580017089844,516.9324016571045,378.21971893310547,497.1933174133301,399.8113250732422,468.48389625549316,404.09046173095703,436.83867931365967,402.19200134277344,410.71696758270264,408.81385803222656,450.24199962615967,420.0720977783203,425.3562927246094,416.59645080566406,431.2804985046387,407.742919921875,438.88827323913574,389.3505096435547,445.2473831176758,397.3959732055664,411.34893894195557,398.08666229248047,419.5773124694824,395.98400115966797,425.11592388153076,367.0484161376953,445.4482698440552,375.7316207885742,426.86420917510986,374.49317932128906,453.0198669433594,370.0623321533203,465.9025812149048,343.92791748046875,449.0986919403076,356.9157028198242,435.94003200531006,357.74829864501953,454.76579189300537,352.8676986694336,463.34611415863037,102,1787747485.323353
343.42674255371094,511.8894624710083,376.06449127197266,491.3005256652832,399.8363494873047,464.2022752761841,403.27747344970703,434.25676345825195,396.7815399169922,410.62663078308105,404.4313049316406,445.8831310272217,411.0036087036133,421.481294631958,405.6113815307617,413.0337953567505,395.45040130615234,406.3654375076294,384.6300506591797,443.09054374694824,392.4409866333008,419.0104007720947,391.0654067993164,436.23417377471924,386.72603607177734,446.1643981933594,363.9037322998047,444.1647148132324,370.46142578125,425.7067394256592,370.39520263671875,450.34645557403564,366.6958236694336,462.20988750457764,341.837158203125,448.00649642944336,351.74072265625,433.41618061065674,353.8865661621094,451.1833906173706,351.4868927001953,460.7545852661133,103,1787747485.374294
341.0715103149414,512.2150611877441,373.6008071899414,491.3024139404297,397.8993225097656,461.2216329574585,398.6543655395508,429.7249460220337,387.4067687988281,408.5574674606323,397.42687225341797,445.84948539733887,405.44788360595703,421.6849708557129,399.69818115234375,413.2394027709961,387.7901077270508,406.0112142562866,377.63477325439453,443.9760160446167,384.6410369873047,421.37718200683594,382.9429626464844,443.8757658004761,377.7538299560547,455.88120460510254,357.6455307006836,445.39072036743164,364.4261932373047,424.59978103637695,365.3933334350586,450.77672481536865,360.5148696899414,463.2080125808716,335.9636688232422,449.6865463256836,347.823486328125,433.4466505050659,350.4555130004883,451.4439296722412,345.8437728881836,461.24892711639404,104,1787747485.4555547
342.23365783691406,512.2134304046631,373.76373291015625,492.5444269180298,398.2902526855469,461.87918186187744,401.3253402709961,430.51265716552734,391.7313766479492,407.68105030059814,398.3945083618164,444.8634195327759,405.36632537841797,422.36762523651123,399.82784271240234,413.75807762145996,387.80784606933594,405.06351470947266,378.92017364501953,442.6237106323242,386.89388275146484,421.1268997192383,386.6676330566406,443.41747283935547,382.11212158203125,453.12273502349854,358.7260055541992,444.13235664367676,366.2040710449219,424.08634185791016,367.73876190185547,451.18613719940186,362.88265228271484,462.96124935150146,336.47193908691406,448.50882053375244,348.1791687011719,432.5476598739624,351.4191436767578,451.70382499694824,347.46002197265625,461.39140605926514,105,1787747485.5111127
335.27843475341797,512.5601863861084,366.65035247802734,496.143479347229,392.9368591308594,462.45201587677,396.26529693603516,427.8248691558838,383.26671600341797,405.58905601501465,392.9463577270508,444.2647075653076,401.1009979248047,421.2023448944092,393.09879302978516,431.2944459915161,382.21019744873047,434.090895652771,372.45784759521484,441.7048501968384,377.0241165161133,421.70969009399414,375.11322021484375,449.3237829208374,370.5423355102539,456.2424659729004,352.1332550048828,443.567419052124,357.2581481933594,426.0613489151001,358.4366226196289,454.91329193115234,353.27056884765625,463.04476261138916,330.5583190917969,448.22630882263184,342.1281051635742,433.61595153808594,342.91187286376953,453.54909896850586,336.7207336425781,460.78672885894775,106,1787747485.578512
336.09458923339844,514.5966482162476,368.5006332397461,496.3177156448364,392.3321533203125,461.8536901473999,395.3841018676758,428.1090545654297,383.9164352416992,404.4354486465454,394.9952697753906,446.01569652557373,402.8268051147461,422.9023504257202,395.6807327270508,422.22270011901855,383.54122161865234,420.0759029388428,374.3232727050781,443.2310485839844,380.26771545410156,422.05421447753906,378.72066497802734,446.31155490875244,374.76383209228516,455.1827573776245,353.13770294189453,444.34839248657227,358.79798889160156,426.4736795425415,360.2553176879883,453.1227779388428,356.15806579589844,462.7801036834717,330.5124282836914,448.1663131713867,341.8882751464844,433.5903310775757,343.3320617675781,452.9546356201172,338.91956329345703,461.19253635406494,107,1787747485.6303287
329.83306884765625,509.3379306793213,365.9803009033203,499.7184991836548,400.23929595947266,469.5635175704956,403.50391387939453,433.0706262588501,384.2703628540039,416.97883129119873,391.3949966430664,440.05823135375977,399.30992126464844,419.17510986328125,395.24749755859375,436.38128757476807,389.3080139160156,449.6141052246094,368.9971923828125,436.72847270965576,375.9994125366211,410.95686435699463,374.59598541259766,439.42965030670166,369.55936431884766,455.08752822875977,347.4320983886719,437.92396545410156,353.26812744140625,415.89290142059326,354.8775863647461,446.6990375518799,351.04129791259766,461.46745204925537,324.03018951416016,442.7951145172119,334.1697311401367,426.76687717437744,336.20513916015625,448.6322021484375,332.6254653930664,459.92923736572266,108,1787747485.6749287
323.6488342285156,505.58515548706055,361.11663818359375,500.841121673584,397.6002883911133,468.156795501709,402.65663146972656,431.0748052597046,381.3985824584961,419.1508197784424,386.8381881713867,435.07739067077637,391.7837905883789,412.85719871520996,387.6629638671875,437.6360034942627,387.1577835083008,449.741907119751,364.5414352416992,432.49478816986084,369.13665771484375,409.8940658569336,366.64100646972656,442.53577709198,363.7809371948242,453.163161277771,343.055419921875,433.8327169418335,346.77276611328125,414.50669288635254,347.4348449707031,447.0431327819824,345.49598693847656,458.29450607299805,320.39085388183594,437.39795207977295,327.2325134277344,423.1316900253296,329.01172637939453,446.7565441131592,327.2023010253906,456.740927696228,109,1787747485.7304075
324.43370819091797,506.32664680480957,361.39270782470703,496.9290018081665,396.2740707397461,467.98839569091797,401.83616638183594,433.2722854614258,382.5166320800781,418.97778511047363,388.2003402709961,435.94024658203125,391.8471908569336,413.33441734313965,387.69153594970703,436.7052984237671,386.9126892089844,447.96624183654785,366.5900421142578,432.7328824996948,369.0071105957031,409.2503356933594,367.1795654296875,440.2581310272217,365.5010223388672,450.5006504058838,344.88059997558594,433.6832857131958,346.95960998535156,414.22006130218506,347.8989791870117,445.6672239303589,346.7759323120117,456.42112255096436,321.73545837402344,437.5727891921997,327.89329528808594,423.27850341796875,330.5501937866211,445.487322807312,329.3186569213867,454.9740171432495,110,1787747485.771954
324.87728118896484,506.2486696243286,361.6903305053711,497.4575471878052,396.6766357421875,467.9315757751465,401.6489791870117,432.8012466430664,381.56005859375,419.1627073287964,388.1645965576172,435.8488368988037,392.23094940185547,413.432092666626,387.89234161376953,437.1814012527466,386.8619918823242,448.5922050476074,366.37603759765625,432.60332107543945,369.30416107177734,409.0358018875122,367.29164123535156,440.58767795562744,365.31158447265625,450.98623752593994,344.62642669677734,433.55239391326904,347.0335006713867,414.1070222854614,347.95886993408203,445.94419956207275,346.60743713378906,456.7266798019409,321.4976119995117,437.4022436141968,328.0158996582031,423.11418056488037,330.6249237060547,445.5773162841797,329.20047760009766,455.10568141937256,111,1787747485.8384018
323.17787170410156,503.52444648742676,359.6399688720703,500.646071434021,393.8284683227539,468.8578176498413,398.8483428955078,432.1255874633789,378.74813079833984,419.2292261123657,385.877685546875,434.5391035079956,388.74595642089844,409.12798404693604,385.1487731933594,433.0697250366211,385.7623291015625,446.25237464904785,363.8007354736328,432.65490531921387,366.14757537841797,406.6867446899414,365.07957458496094,438.65824699401855,363.85326385498047,452.1330213546753,342.28458404541016,434.0891361236572,343.81065368652344,411.9009590148926,345.9423828125,443.9434003829956,345.47119140625,457.85616874694824,319.87552642822266,437.72797107696533,324.90020751953125,421.4518117904663,327.5518035888672,443.92460346221924,327.0457458496094,454.9413585662842,112,1787747485.8942668
318.48438262939453,505.4365396499634,357.3440933227539,499.0960121154785,390.77964782714844,464.7639513015747,391.7079162597656,427.15152740478516,367.94078826904297,416.34711742401123,383.6195373535156,435.9249687194824,388.0355453491211,413.09932708740234,382.6629638671875,434.96726989746094,381.0764694213867,448.7230968475342,360.8867645263672,432.18390941619873,364.92984771728516,405.32233715057373,362.82047271728516,436.9174289703369,359.864501953125,453.20448875427246,339.07997131347656,432.41260528564453,341.92005157470703,409.37418937683105,343.6326217651367,443.1668472290039,341.5264129638672,459.49883937835693,316.27641677856445,435.676531791687,323.9522933959961,418.69123935699463,326.35616302490234,441.38641834259033,324.46163177490234,453.6428689956665,113,1787747485.9335742
318.77527236938477,501.75663471221924,357.5588607788086,496.50238037109375,389.5167541503906,461.2865209579468,386.9407272338867,424.2110538482666,360.4059600830078,416.4462947845459,384.1126251220703,434.0998649597168,386.99779510498047,407.7956771850586,382.8097152709961,431.24226093292236,382.60032653808594,445.7908630371094,361.74949645996094,431.382851600647,364.1153335571289,402.43555068969727,362.6504898071289,434.476318359375,360.26180267333984,450.66784858703613,340.20206451416016,432.1777296066284,341.1818313598633,407.46153831481934,343.7171936035156,439.5540189743042,342.2483444213867,455.72619438171387,317.7675247192383,435.60439109802246,323.3855438232422,417.0825147628784,325.9589385986328,439.7967481613159,324.0995407104492,453.3247375488281,114,1787747485.999941
320.00301361083984,501.57347202301025,358.3515167236328,493.4483528137207,389.3457794189453,460.74771881103516,386.6607666015625,425.0204801559448,362.1347427368164,415.6723165512085,383.80462646484375,432.9307222366333,386.400146484375,406.67627334594727,380.6684875488281,430.97219467163086,380.5671691894531,444.669828414917,361.5945053100586,429.9236869812012,363.7113952636719,402.66849517822266,361.09020233154297,435.1642942428589,359.58560943603516,448.96406650543213,340.21080017089844,430.6394290924072,341.23302459716797,407.0514392852783,342.84854888916016,440.25564193725586,342.1294403076172,454.85222339630127,318.01769256591797,434.10934925079346,323.84429931640625,415.996413230896,326.3811492919922,438.8623094558716,325.0645065307617,451.5686845779419,115,1787747486.056863
318.7928009033203,502.470703125,356.6383361816406,494.9271297454834,387.3521423339844,461.0633611679077,385.4561996459961,425.67626953125,362.4722671508789,415.49065589904785,381.45782470703125,431.6428756713867,383.4016799926758,406.70494079589844,378.3792495727539,431.1880159378052,379.01782989501953,444.07339096069336,359.92218017578125,429.12344455718994,361.94568634033203,402.70312786102295,359.6637725830078,434.8789930343628,358.4149169921875,448.061900138855,339.1122817993164,430.21748542785645,340.22998809814453,407.54685401916504,341.37184143066406,440.7054376602173,340.47008514404297,454.8025703430176,317.41830825805664,433.7757682800293,322.59288787841797,416.18446826934814,324.6304702758789,439.1803550720215,323.45069885253906,451.3701581954956,116,1787747486.1157155
317.1506690979004,502.0580291748047,353.53416442871094,498.2203674316406,385.3019714355469,462.6358222961426,383.2346725463867,425.1131772994995,358.21434020996094,415.4894542694092,380.32649993896484,433.09319972991943,383.24317932128906,405.88040828704834,376.3096618652344,430.0133800506592,375.47069549560547,444.38628673553467,358.4206008911133,430.3407382965088,360.6809997558594,401.1587333679199,357.50885009765625,433.338418006897,355.47069549560547,449.9465274810791,337.62908935546875,431.107120513916,337.90401458740234,406.2803363800049,339.0058898925781,438.7243366241455,337.91507720947266,455.1264524459839,316.1573028564453,434.3013095855713,320.30723571777344,416.1801767349243,321.7525100708008,439.4635534286499,320.7735824584961,453.026647567749,117,1787747486.157856
315.28799057006836,503.5801935195923,352.98301696777344,493.2521867752075,385.78235626220703,460.46070098876953,384.27196502685547,425.4866695404053,360.3732681274414,414.63629722595215,376.1338424682617,429.9781894683838,380.3439712524414,406.03177070617676,374.1862106323242,431.70827865600586,373.8760757446289,443.8138818740845,354.1258239746094,427.560338973999,358.2952117919922,402.71801948547363,355.23448944091797,435.17995834350586,353.4627914428711,448.01409244537354,333.08311462402344,429.26334857940674,335.9498977661133,407.12074756622314,336.5494918823242,440.1248788833618,335.3683090209961,454.0221977233887,311.0077095031738,433.5601615905762,316.4752769470215,416.18210792541504,318.99658203125,438.1294870376587,318.374080657959,449.5117521286011,118,1787747486.2036786
314.20494079589844,505.8656072616577,351.84730529785156,492.95976161956787,382.92789459228516,461.10318660736084,380.2438735961914,426.12585067749023,357.0221710205078,416.4538908004761,376.52366638183594,434.1115379333496,379.76341247558594,407.7858066558838,374.4935989379883,433.04715156555176,374.27276611328125,445.8469533920288,354.72782135009766,431.4447355270386,357.5060272216797,403.7187623977661,354.20936584472656,435.71828842163086,352.16148376464844,448.7516784667969,333.6383056640625,432.3957824707031,334.9452590942383,407.9023218154907,335.462646484375,439.80091094970703,334.39735412597656,453.6845827102661,311.11194610595703,435.8671188354492,315.3788375854492,417.0894241333008,317.9470634460449,438.92741203308105,317.43886947631836,451.00507736206055,119,1787747486.2389424
314.4053077697754,505.78089237213135,351.83738708496094,492.2541904449463,382.9732131958008,460.08605003356934,379.923095703125,425.7270812988281,355.1346206665039,417.92558670043945,376.441650390625,432.3624801635742,380.0120544433594,406.642541885376,374.3267822265625,431.6095733642578,373.7406921386719,444.23985958099365,354.47376251220703,429.82489585876465,357.64827728271484,403.3571147918701,354.2620086669922,435.68824768066406,351.83685302734375,448.50736141204834,333.11817169189453,431.1987018585205,335.0295639038086,407.20571994781494,336.0818862915039,439.2387628555298,334.58587646484375,453.17723751068115,310.3019332885742,435.6009578704834,315.6749153137207,416.60937309265137,318.7883949279785,438.32149028778076,317.63816833496094,450.8024311065674,120,1787747486.2645693
311.8493843078613,505.4995393753052,349.60052490234375,491.4146375656128,381.55941009521484,461.00074768066406,377.7467727661133,425.8772850036621,354.60628509521484,416.47740840911865,376.78524017333984,434.1743230819702,379.76768493652344,408.2277488708496,373.0279541015625,432.03211784362793,372.6018524169922,445.26708126068115,354.9079132080078,430.76087951660156,358.0110549926758,404.2413854598999,353.42601776123047,435.27209758758545,351.88404083251953,448.7456703186035,333.9419174194336,431.1754846572876,334.8047637939453,408.2719945907593,334.4045639038086,439.6519947052002,333.57872009277344,454.1321897506714,311.52978897094727,434.5782423019409,315.85216522216797,416.1480760574341,317.4057388305664,437.8937530517578,316.3220977783203,450.7482719421387,121,1787747486.3079903
312.97618865966797,505.0843334197998,351.2629699707031,491.13603115081787,382.08065032958984,460.7329988479614,377.7562713623047,425.5801820755005,354.0924072265625,416.5534973144531,376.8655014038086,434.9603605270386,380.1011657714844,407.63723373413086,373.4107971191406,430.58127880096436,372.76702880859375,444.6405601501465,354.84790802001953,431.6046380996704,357.9235076904297,403.68618965148926,353.25660705566406,434.32268142700195,351.318359375,448.68112564086914,333.648681640625,432.1527099609375,334.78084564208984,408.1259536743164,334.51122283935547,439.3675947189331,333.47888946533203,454.42113876342773,311.0832977294922,435.9388303756714,315.8407783508301,416.8757486343384,317.59382247924805,438.28840255737305,316.2718200683594,451.3544511795044,122,1787747486.3356082
311.9173049926758,504.94636058807373,350.7096481323242,490.01495361328125,382.01011657714844,459.2243528366089,378.1351089477539,424.068660736084,353.30177307128906,417.288122177124,374.9845886230469,433.7008810043335,378.56475830078125,408.12767028808594,372.2920608520508,431.52305603027344,371.39434814453125,445.1002264022827,353.0370330810547,430.29404640197754,356.6259002685547,403.60198974609375,352.8599166870117,434.4888925552368,350.83187103271484,448.3052730560303,331.9186782836914,431.2156105041504,333.7002944946289,407.7751636505127,334.57115173339844,439.08491134643555,333.4290313720703,453.6244583129883,309.2285346984863,435.716872215271,314.56335067749023,417.92567253112793,317.6277160644531,438.8933801651001,316.8709182739258,451.14330768585205,123,1787747486.3846776
311.2919235229492,504.7783899307251,350.46531677246094,490.0655937194824,381.824951171875,458.8973379135132,376.4159393310547,423.8717222213745,351.00215911865234,417.1680450439453,375.5000305175781,435.282998085022,378.56884002685547,408.7630319595337,371.23252868652344,431.1340284347534,370.0841522216797,444.7237300872803,353.3293151855469,431.202392578125,357.15145111083984,403.92441272735596,352.2360610961914,434.0081977844238,349.77306365966797,448.1595754623413,331.9635009765625,431.3379192352295,333.72119903564453,407.8624963760376,333.6906051635742,438.73592376708984,332.36019134521484,453.3179569244385,309.20825958251953,435.0719404220581,314.84649658203125,417.8231906890869,316.9598197937012,438.7136936187744,315.5912399291992,450.75475215911865,124,1787747486.4121337
309.77731704711914,505.99534034729004,348.51783752441406,491.27477645874023,381.05640411376953,462.4268674850464,379.01302337646484,428.9326000213623,355.9107971191406,420.1555109024048,375.7341766357422,436.1213493347168,378.7816619873047,410.76091289520264,371.28150939941406,434.051456451416,369.6742630004883,449.30588722229004,352.8643798828125,432.0052099227905,356.4485549926758,405.47807693481445,351.2648010253906,436.1139249801636,348.42517852783203,452.33373641967773,331.5621566772461,432.35595703125,333.90384674072266,408.3152103424072,332.75054931640625,439.3306875228882,330.9416198730469,455.89189052581787,309.35115814208984,436.72834396362305,314.5420837402344,418.25281620025635,316.0130310058594,439.5368528366089,315.1805305480957,452.9312038421631,125,1787747486.4762516
305.5655288696289,506.1303949356079,347.6960754394531,493.42668056488037,381.148681640625,465.86451530456543,382.79319763183594,430.72298526763916,360.7321548461914,420.0265073776245,372.94288635253906,439.44196701049805,376.6770935058594,413.9387083053589,370.21827697753906,431.3129425048828,366.7178726196289,450.42941093444824,349.9874496459961,434.3278741836548,353.385009765625,406.2673759460449,348.2155227661133,431.71724796295166,343.93638610839844,453.56029987335205,328.5845947265625,433.48647594451904,330.7054901123047,410.4923486709595,329.90692138671875,436.90210819244385,327.4818420410156,457.213339805603,306.7791748046875,436.4393091201782,311.434326171875,417.13233947753906,313.1107521057129,434.8719120025635,312.1927261352539,449.9163579940796,126,1787747486.5208616
304.27234649658203,509.5573568344116,344.7003936767578,494.7283458709717,377.48973846435547,468.4185791015625,378.97289276123047,437.01300144195557,359.454345703125,425.39998054504395,365.57273864746094,438.93938541412354,364.98016357421875,413.863263130188,358.35018157958984,430.3413391113281,355.62313079833984,450.3304052352905,342.9388427734375,435.52860260009766,341.33663177490234,411.0596036911011,336.7464065551758,433.506817817688,334.65023040771484,455.077486038208,323.175048828125,435.88316917419434,321.53541564941406,413.2641649246216,320.7295608520508,434.5082473754883,320.48778533935547,454.0855407714844,303.78185272216797,439.5374536514282,305.2089309692383,420.3652811050415,306.05987548828125,435.891752243042,306.7671585083008,451.06854915618896,127,1787747486.593067
291.87660217285156,507.92670249938965,331.3661575317383,492.77398109436035,363.2579040527344,469.85259532928467,363.9625930786133,443.5081100463867,346.87816619873047,431.6587543487549,353.80584716796875,443.5498237609863,357.50640869140625,417.2915983200073,346.348876953125,424.2068910598755,340.04920959472656,440.07612705230713,332.174072265625,438.30406665802,335.77415466308594,412.2754383087158,325.8139419555664,426.7663621902466,322.92469024658203,446.35279655456543,313.7070655822754,438.0434846878052,315.5891799926758,414.81388092041016,309.7566223144531,428.86080265045166,308.7390899658203,446.4722728729248,295.9901809692383,442.05748558044434,297.90340423583984,422.10309505462646,295.55057525634766,432.59761333465576,295.5973434448242,446.8638324737549,128,1787747486.6539853
292.41809844970703,506.2781524658203,331.4350128173828,491.2380838394165,363.56849670410156,468.57436180114746,364.9716567993164,441.2794303894043,347.46612548828125,428.01609992980957,354.1990280151367,440.85293769836426,356.6957092285156,415.6751489639282,348.06732177734375,423.6381769180298,342.87925720214844,439.84979152679443,332.0302200317383,436.300950050354,334.1764831542969,411.7956876754761,326.33914947509766,426.98235511779785,323.64078521728516,446.13568782806396,312.4352264404297,436.52084827423096,312.21086502075195,416.13009452819824,308.63264083862305,430.3248167037964,308.11248779296875,447.2099018096924,293.1522750854492,440.2996301651001,293.1331443786621,421.73011779785156,293.1427192687988,432.91887760162354,294.3254852294922,446.4558792114258,129,1787747486.696808
289.2441177368164,513.2571315765381,328.11817169189453,498.86130809783936,359.8796844482422,471.4629077911377,360.330810546875,440.72929859161377,340.16883850097656,429.0333652496338,345.5297088623047,444.1746711730957,347.2597885131836,417.9378604888916,341.74938201904297,429.89755153656006,339.6873092651367,447.4323320388794,321.9704055786133,439.2432689666748,324.50172424316406,414.5294380187988,318.1153678894043,432.6002311706543,316.0203170776367,450.70093631744385,300.4158020019531,438.87629985809326,301.4023208618164,416.5582609176636,298.6932563781738,433.7635803222656,298.98672103881836,449.77684020996094,279.3318176269531,442.4208927154541,280.264835357666,425.72004318237305,279.8783493041992,437.08406925201416,281.09018325805664,447.9628086090088,130,1787747486.7452033
287.99673080444336,515.8707618713379,327.64209747314453,500.48749923706055,359.1199493408203,472.10299015045166,358.42037200927734,439.29283618927,338.5919189453125,428.37985038757324,344.0800094604492,446.68989658355713,349.7060012817383,420.71722984313965,343.24459075927734,432.0634889602661,339.970703125,449.9657964706421,320.9751892089844,441.09776973724365,327.05810546875,414.114146232605,320.2031707763672,430.95292568206787,317.5139808654785,450.0077247619629,300.05680084228516,440.3323745727539,303.89089584350586,415.9395933151245,300.4852485656738,432.05443382263184,299.4720649719238,449.3974256515503,279.139404296875,443.8822889328003,282.26043701171875,425.84428310394287,282.52784729003906,436.1120367050171,282.84496307373047,447.9888153076172,131,1787747486.815222
289.29481506347656,520.5148029327393,328.54888916015625,503.71443271636963,358.3784866333008,475.4934310913086,359.3513870239258,442.3989200592041,337.96260833740234,431.2053966522217,341.18507385253906,448.5121250152588,346.258544921875,421.54669761657715,339.560546875,435.396466255188,334.72957611083984,455.40441513061523,319.3528747558594,444.6209907531738,326.29703521728516,415.0036096572876,318.6332702636719,436.11165046691895,313.1170463562012,460.0173854827881,299.2295837402344,444.776086807251,303.16925048828125,418.24689388275146,299.70346450805664,439.1679096221924,296.9099235534668,462.3303508758545,278.929500579834,448.7366580963135,282.68869400024414,427.11869716644287,284.17423248291016,437.9610872268677,283.9022636413574,453.3207035064697,132,1787747486.8759458
290.83927154541016,521.5726232528687,329.1710662841797,504.0098190307617,359.25331115722656,475.5288362503052,358.8711166381836,442.1961450576782,337.3452377319336,430.89842319488525,341.2606430053711,449.2610836029053,346.834716796875,420.2565336227417,340.51544189453125,434.01978492736816,336.3178253173828,453.7568521499634,319.14344787597656,445.750093460083,325.9803771972656,414.5017147064209,319.1243553161621,436.00088596343994,314.9232864379883,459.45974349975586,298.8172912597656,446.20598316192627,302.6861572265625,418.7793016433716,299.9066925048828,439.6994161605835,298.0669403076172,462.09354400634766,278.35643768310547,450.299334526062,282.303409576416,428.1905937194824,284.13829803466797,438.2881450653076,284.1421890258789,452.4711513519287,133,1787747486.9333243
288.16978454589844,522.0212173461914,328.68499755859375,504.81654167175293,358.5110855102539,474.9952268600464,360.15010833740234,442.6584720611572,340.51456451416016,431.33294105529785,341.84505462646484,449.0167236328125,346.8574905395508,422.0166206359863,340.1097869873047,435.5869674682617,335.2008819580078,455.24279594421387,319.2271614074707,445.4689121246338,325.4534149169922,415.39624214172363,318.46248626708984,436.9137382507324,313.9356231689453,460.94379901885986,298.7291717529297,446.12324237823486,302.8905487060547,418.85942459106445,299.6197509765625,439.8909902572632,297.56933212280273,462.25786685943604,278.3624458312988,451.0067081451416,281.79237365722656,430.6172847747803,282.90576934814453,439.76481914520264,282.8802490234375,452.3051977157593,134,1787747486.9890382
288.8014793395996,521.2418746948242,329.3495559692383,503.08825492858887,358.8691711425781,475.0664234161377,359.1255187988281,442.81434059143066,339.06063079833984,432.1712923049927,341.65210723876953,449.0852165222168,345.3235626220703,421.31195068359375,339.0278625488281,434.62064266204834,334.63382720947266,454.5606994628906,318.769474029541,445.5414819717407,324.1372299194336,415.76887607574463,317.35830307006836,437.431640625,313.2951354980469,461.20923042297363,298.55968475341797,446.13972187042236,302.1511459350586,419.8608112335205,299.110164642334,440.8060312271118,297.5631523132324,463.0498695373535,278.7099838256836,450.89924812316895,281.759033203125,430.90983867645264,283.2045555114746,438.8602066040039,283.78950119018555,450.493483543396,135,1787747487.0474308
292.14609146118164,519.7566175460815,331.5483093261719,502.23835945129395,360.2329635620117,473.5286808013916,359.6482849121094,441.69888496398926,338.73584747314453,432.2118902206421,341.7354202270508,446.09118461608887,345.5708312988281,420.40579319000244,339.5623779296875,435.0706958770752,335.3176498413086,454.98324394226074,319.0440559387207,442.79670238494873,324.9793243408203,414.35859203338623,318.9862060546875,436.51187896728516,314.70468521118164,460.0689697265625,298.6436653137207,443.8195037841797,302.5247001647949,417.94206619262695,300.55315017700195,439.4681453704834,298.88851165771484,461.4063835144043,278.63304138183594,448.8917541503906,282.3871421813965,429.11593437194824,284.3152618408203,439.21194076538086,284.5112991333008,451.8514108657837,136,1787747487.1067042
292.0557975769043,519.2439079284668,330.352783203125,503.30471992492676,360.25890350341797,474.28300380706787,359.5913314819336,441.3459062576294,338.7382507324219,430.69303035736084,342.50614166259766,445.0861072540283,346.25926971435547,420.4099130630493,340.52783966064453,436.87511444091797,336.5102005004883,455.7594108581543,320.5160140991211,441.3492965698242,325.1707077026367,413.71992588043213,320.09910583496094,438.7909412384033,316.1416816711426,461.0631036758423,300.2554130554199,442.23584175109863,303.2096481323242,416.2221908569336,301.6819381713867,440.97837924957275,299.47792053222656,462.410044670105,279.39279556274414,447.0191431045532,282.78980255126953,426.9313716888428,284.9255180358887,439.5589542388916,284.50632095336914,452.1028518676758,137,1787747487.1593575
292.0397758483887,520.2925872802734,330.20294189453125,502.52378940582275,359.4155502319336,474.0531921386719,359.4411849975586,441.2948799133301,339.26002502441406,429.25652503967285,341.3569641113281,444.6563529968262,344.3972396850586,420.3854513168335,338.9061737060547,437.2309684753418,335.04493713378906,456.6859531402588,319.7227668762207,440.9928846359253,324.0074157714844,413.8124942779541,318.98101806640625,438.82596015930176,315.21162033081055,461.6659355163574,299.69430923461914,441.9656038284302,302.35036849975586,416.6551637649536,301.0758399963379,441.07622623443604,299.21796798706055,463.35504055023193,279.2213249206543,446.85516357421875,281.65401458740234,426.2156295776367,284.47439193725586,438.6106538772583,285.0558090209961,452.3182439804077,138,1787747487.198169
291.5152359008789,519.8342514038086,329.95140075683594,502.36860752105713,359.8384094238281,474.0079593658447,359.0176010131836,440.53163051605225,337.46437072753906,430.3082513809204,342.2510528564453,445.1015567779541,345.2983093261719,420.024619102478,339.96036529541016,437.258563041687,336.42974853515625,456.66359424591064,320.22491455078125,441.209135055542,324.49047088623047,413.76558780670166,319.46170806884766,439.8151159286499,315.5735969543457,462.443904876709,300.1476860046387,441.9867181777954,302.37693786621094,416.6952896118164,301.07669830322266,442.35750675201416,299.0172576904297,464.47624683380127,279.6432685852051,446.67311668395996,281.7405700683594,426.044397354126,284.5552444458008,439.8326253890991,285.1070785522461,453.8950824737549,139,1787747487.2409317
291.1028861999512,521.1160469055176,328.16436767578125,503.1888484954834,358.0369186401367,475.37266731262207,358.1915283203125,442.9013729095459,338.15895080566406,431.33362770080566,341.96380615234375,446.68354511260986,344.7010803222656,422.95517921447754,340.2292251586914,441.77420139312744,337.4944305419922,461.4457368850708,320.1740264892578,442.8505611419678,324.65465545654297,416.49255752563477,320.3544616699219,443.1224298477173,317.05495834350586,464.8249340057373,299.93831634521484,443.37867736816406,302.40135192871094,418.42679500579834,301.60926818847656,443.89760971069336,299.66461181640625,464.4419574737549,278.9512062072754,447.65961170196533,281.43056869506836,426.8958377838135,284.248046875,442.52891063690186,284.0766716003418,457.2769832611084,140,1787747487.2896628
287.2199058532715,524.6214580535889,326.4960479736328,509.17008876800537,358.25939178466797,478.84228706359863,360.6127166748047,444.20084953308105,339.37450408935547,431.8917417526245,343.04065704345703,449.44523334503174,345.5693817138672,426.54212951660156,343.1135559082031,446.631875038147,342.73162841796875,465.39557933807373,321.3045120239258,447.17072010040283,323.35426330566406,422.9488706588745,321.861572265625,449.36249256134033,320.0235366821289,471.1018180847168,300.31171798706055,448.5457706451416,300.3144073486328,424.88632678985596,301.6861152648926,452.3242521286011,300.9703254699707,473.8887405395508,278.33593368530273,453.79504680633545,279.52627182006836,435.47607421875,283.3693313598633,456.0331678390503,284.70165252685547,473.05352210998535,141,1787747487.3343155
281.9924736022949,531.6425800323486,320.7176971435547,512.3044967651367,351.55696868896484,484.0720796585083,353.9031219482422,453.00244331359863,335.4766845703125,438.6679458618164,341.8738555908203,462.4967336654663,345.0498962402344,439.810094833374,338.71212005615234,456.9336175918579,336.3550567626953,470.56310176849365,317.73584365844727,459.19482707977295,319.33916091918945,436.9139528274536,316.2938117980957,462.0442771911621,316.3869857788086,475.4008197784424,294.7996139526367,460.8229923248291,295.1243782043457,440.25482654571533,296.09399795532227,464.55838680267334,297.8027153015137,476.9840955734253,271.93408966064453,466.0930824279785,274.3914031982422,453.06110858917236,276.82430267333984,468.5611867904663,278.27625274658203,477.1138286590576,142,1787747487.3832211
279.25634384155273,538.5960245132446,313.95084381103516,519.3646717071533,342.9355239868164,487.9496097564697,345.99998474121094,456.0481023788452,331.48033142089844,440.36752223968506,332.2571563720703,465.88597297668457,335.6256866455078,444.5269203186035,332.01473236083984,462.94215202331543,331.3334274291992,474.9484062194824,309.63281631469727,464.20459270477295,309.5294189453125,444.6006488800049,309.310359954834,469.8602342605591,310.4945945739746,480.07335662841797,287.5062561035156,468.2091522216797,287.7923583984375,448.5522937774658,290.4648017883301,474.66057300567627,291.9956588745117,486.0436964035034,265.12184143066406,475.5870294570923,267.8850555419922,461.14781856536865,271.5903663635254,477.7037000656128,272.93609619140625,486.318097114563,143,1787747487.4397345
279.18739318847656,537.6012897491455,313.74765396118164,519.5459461212158,341.722412109375,487.96836376190186,344.5292282104492,456.87920093536377,329.2213821411133,441.99886322021484,331.6905975341797,466.9264554977417,336.7654037475586,444.3968439102173,331.7443084716797,458.34553241729736,328.6888885498047,471.54444694519043,308.91592025756836,465.31524181365967,310.64687728881836,445.2792692184448,308.6179733276367,465.5865955352783,308.1728935241699,478.05230140686035,286.77377700805664,468.77031326293945,287.71520614624023,449.52381134033203,289.5691108703613,470.8892583847046,290.54264068603516,483.5402727127075,264.4825744628906,475.76298236846924,267.51819610595703,462.29485988616943,270.76053619384766,476.7321825027466,271.8006134033203,486.30887031555176,144,1787747487.4848995
276.72840118408203,546.8467140197754,309.213924407959,523.8907814025879,334.6919250488281,492.3296785354614,332.5543975830078,462.1262454986572,317.2240447998047,446.36155128479004,327.5480651855469,474.75841999053955,332.89634704589844,448.84064197540283,325.38684844970703,459.66286182403564,318.9857864379883,471.01611614227295,305.05083084106445,473.44164848327637,305.5991554260254,452.63641834259033,303.48493576049805,474.5034599304199,304.41837310791016,483.7824869155884,283.664608001709,476.88852310180664,283.22248458862305,456.42863273620605,284.8631286621094,480.2225732803345,285.9592056274414,491.83207511901855,261.2487602233887,483.24467182159424,263.72230529785156,466.77414894104004,267.1454048156738,482.1878385543823,268.14056396484375,491.5911054611206,145,1787747487.5566812
276.1094856262207,547.5125455856323,309.3688201904297,523.5309791564941,336.4360809326172,490.1694059371948,333.00365447998047,459.06917095184326,314.1670036315918,445.4741048812866,327.71289825439453,473.2474994659424,332.13836669921875,447.5658845901489,327.1086120605469,462.69440174102783,321.9643020629883,473.8539791107178,304.73812103271484,472.3832702636719,305.19296646118164,451.2723112106323,305.1009750366211,475.2464962005615,304.8655891418457,482.47992038726807,282.70469665527344,476.13214015960693,282.21405029296875,456.2059450149536,286.1764335632324,481.5436792373657,286.7746162414551,491.02758407592773,259.43904876708984,482.30207920074463,262.454891204834,466.26384258270264,267.6685333251953,482.63347148895264,268.57532501220703,491.13285541534424,146,1787747487.6209497
270.1669502258301,561.1073970794678,305.5612564086914,541.7745494842529,337.3249816894531,509.91286754608154,334.0676498413086,476.73205375671387,312.0521926879883,463.9132833480835,321.8696975708008,483.82166862487793,325.1979064941406,456.0687446594238,321.96250915527344,479.0000009536743,320.50621032714844,493.73717308044434,297.5082015991211,482.3394584655762,299.43105697631836,456.533260345459,299.5046615600586,485.16178607940674,298.674259185791,499.04258251190186,274.5736312866211,486.57893657684326,274.93261337280273,465.6610107421875,278.7357711791992,494.5688724517822,279.55150604248047,508.150634765625,250.7807159423828,494.0627717971802,252.36892700195312,478.54870319366455,258.69606018066406,498.1537628173828,260.94287872314453,509.1050720214844,147,1787747487.681497
269.8179817199707,565.4990100860596,306.53982162475586,544.539155960083,337.8571319580078,509.9797296524048,334.09664154052734,476.2626886367798,311.42581939697266,464.03417587280273,322.29759216308594,485.2887296676636,325.2591323852539,457.86247730255127,323.06446075439453,478.06899547576904,321.10774993896484,492.9137134552002,298.27009201049805,484.0480041503906,299.8158836364746,458.4120512008667,300.427188873291,485.0747537612915,299.27101135253906,498.60815048217773,275.14659881591797,488.1406259536743,275.1715850830078,466.17711067199707,279.02944564819336,493.87046813964844,278.8559913635254,507.35923290252686,250.54584503173828,495.4078674316406,252.80183792114258,479.12951946258545,259.02612686157227,498.1242799758911,260.36109924316406,508.96971702575684,148,1787747487.725761
262.7503204345703,582.0535182952881,302.4768829345703,571.321291923523,333.46790313720703,538.851113319397,337.1135711669922,510.42441844940186,330.1968002319336,490.58568477630615,316.73871994018555,491.70032501220703,320.37742614746094,475.3211259841919,317.0772361755371,502.2603750228882,316.87644958496094,515.7201290130615,291.3008689880371,488.3463191986084,295.17866134643555,472.92996883392334,294.39186096191406,504.2696285247803,294.1227722167969,518.361439704895,267.45405197143555,492.0482397079468,270.0127601623535,479.3446969985962,272.12886810302734,509.219913482666,272.5917434692383,523.694658279419,246.01757049560547,500.84691524505615,248.9495849609375,492.99413681030273,251.92832946777344,515.0049448013306,252.90218353271484,526.2709951400757,149,1787747487.7595112
260.5225944519043,579.519453048706,300.80291748046875,569.4021606445312,332.71080017089844,536.3597917556763,337.49820709228516,508.7406349182129,331.3102722167969,489.4304037094116,316.18419647216797,491.7184352874756,321.2801742553711,476.5780735015869,317.9619598388672,504.8540925979614,317.23865509033203,515.8185338973999,290.61336517333984,488.772554397583,295.7821846008301,474.17502880096436,295.1100730895996,507.2013473510742,294.20793533325195,517.6758670806885,266.30640029907227,493.0305290222168,270.71388244628906,480.334153175354,272.3963165283203,511.1449670791626,271.66954040527344,521.885175704956,244.23955917358398,501.911301612854,249.2028045654297,494.8590660095215,252.14323043823242,517.0987844467163,252.34472274780273,525.910120010376,150,1787747487.809469
823.1879425048828,503.0130672454834,790.5967712402344,487.72027015686035,766.9007873535156,462.6587390899658,758.3161163330078,438.23055267333984,758.1855773925781,420.464243888855,765.3647613525391,445.0795841217041,756.7718505859375,425.3186559677124,759.7921752929688,422.7867794036865,763.4215545654297,427.5427007675171,784.0421295166016,439.89219188690186,783.5389709472656,417.8454637527466,788.5550689697266,437.4419832229614,789.5266723632812,453.3770513534546,805.0672149658203,437.91418075561523,803.8968658447266,421.35924339294434,807.0061492919922,444.1884469985962,807.4327850341797,459.3434000015259,826.2029266357422,440.502233505249,823.0947875976562,426.1033630371094,822.9690551757812,443.72504711151123,822.9856872558594,456.47704124450684,151,1787747487.9078119
823.6721801757812,503.8609457015991,790.0749206542969,490.00049114227295,768.0574798583984,463.7173318862915,759.9415588378906,438.2073783874512,756.4762115478516,418.8666343688965,764.4089508056641,447.7465581893921,755.9035491943359,425.77600479125977,761.4285278320312,424.29765701293945,766.1322784423828,429.8321485519409,783.6856079101562,442.52195835113525,780.2153015136719,418.4182119369507,788.4104919433594,439.24700260162354,790.4364013671875,455.0802755355835,804.2156982421875,440.0455713272095,802.0672607421875,422.1212911605835,807.5159454345703,446.070499420166,808.5271453857422,461.24691009521484,825.0537872314453,441.7478942871094,821.9198608398438,426.75468921661377,823.641357421875,444.82080459594727,824.0217590332031,457.63927459716797,152,1787747487.9709303
822.5316619873047,491.2181282043457,785.6940460205078,476.3628959655762,764.1757965087891,451.1554527282715,754.3749237060547,423.9405584335327,747.9469299316406,403.8727855682373,762.8851318359375,436.93137645721436,753.9956665039062,414.5363473892212,759.8420715332031,419.62499141693115,764.9705505371094,428.8253116607666,781.7963409423828,432.402606010437,773.9794158935547,407.7422046661377,780.8811187744141,422.921404838562,784.0923309326172,435.69292545318604,801.9507598876953,430.28172969818115,796.0182189941406,409.8058319091797,801.0762786865234,431.3532829284668,803.60595703125,447.54425525665283,822.5768280029297,430.4744625091553,816.8281555175781,414.2093324661255,817.7723693847656,429.8151111602783,819.0534210205078,442.7038764953613,153,1787747488.0280788
819.9098205566406,487.1848154067993,782.8418731689453,472.9766607284546,761.4035797119141,448.09215545654297,751.8927001953125,420.62363147735596,747.3648071289062,399.67424869537354,762.1926879882812,430.4769515991211,753.8847351074219,407.11795806884766,762.4250030517578,416.0371398925781,769.5462799072266,429.0000629425049,780.4449462890625,426.1563205718994,773.8121032714844,400.2750635147095,781.7847442626953,419.442343711853,786.5255737304688,437.9300594329834,800.10986328125,424.44820404052734,794.3401336669922,402.5424528121948,800.5989074707031,426.75177097320557,804.5217895507812,447.2632026672363,820.7606506347656,425.8306360244751,813.8492584228516,408.0151033401489,815.9529113769531,425.7523584365845,818.4710693359375,442.0471429824829,154,1787747488.0759811
821.0836029052734,482.65514373779297,784.1665649414062,468.1507873535156,762.1942138671875,443.14144134521484,752.2557830810547,414.8779106140137,753.2763671875,394.1659355163574,761.3075256347656,425.67129135131836,751.9887542724609,399.90015506744385,762.0809173583984,412.17501640319824,768.6992645263672,426.33317470550537,780.5012512207031,422.13201999664307,774.4313812255859,393.43538761138916,782.5485992431641,414.0883541107178,785.8962249755859,432.4651765823364,800.6063842773438,421.00008487701416,794.8309326171875,396.77467346191406,801.2395477294922,422.9744052886963,805.2765655517578,443.9549446105957,820.8712768554688,422.96406269073486,814.4963073730469,404.9296188354492,816.4729309082031,422.20643520355225,819.2829132080078,437.94044494628906,155,1787747488.135154
825.2893829345703,481.7530632019043,789.1083526611328,460.88122844696045,771.4771270751953,434.3871831893921,772.4331665039062,404.4114589691162,785.3404998779297,385.83619594573975,758.1405639648438,423.8572597503662,745.1099395751953,403.28887939453125,751.4466094970703,404.4476366043091,759.2459106445312,409.2669868469238,778.6399078369141,420.56015968322754,771.7896270751953,395.4155445098877,777.7248382568359,396.46581172943115,782.7569580078125,401.1193799972534,800.3421783447266,419.848108291626,797.5005340576172,398.8310480117798,802.4461364746094,419.09339904785156,806.6073608398438,438.7068700790405,820.2869415283203,421.23852252960205,815.423583984375,404.7821617126465,816.9795227050781,417.937216758728,820.18310546875,432.53873348236084,156,1787747488.1889882
833.1045532226562,479.83543395996094,797.3460388183594,455.0362014770508,779.5841979980469,425.6486749649048,781.8345642089844,394.29232120513916,793.6035919189453,374.6533155441284,763.6454772949219,419.0797519683838,753.8369750976562,396.5866184234619,763.7684631347656,402.4396276473999,774.5870208740234,411.1828565597534,785.4228210449219,416.1411666870117,781.8179321289062,389.0783214569092,788.7944030761719,403.54156494140625,793.9105224609375,417.92726039886475,807.7516174316406,415.57597160339355,805.3319549560547,395.4145574569702,807.3970794677734,413.4434223175049,808.9791870117188,427.9325008392334,827.1170806884766,419.22308921813965,823.1114196777344,404.12014961242676,822.4856567382812,415.5755853652954,823.3438110351562,425.85153579711914,157,1787747488.260845
836.5234375,481.27923488616943,799.8429870605469,453.45816135406494,781.7328643798828,423.94017219543457,782.2272491455078,393.9291715621948,793.7530517578125,375.5606746673584,764.5532989501953,420.74323654174805,754.6207427978516,395.2755117416382,764.9533843994141,398.0984401702881,773.8943481445312,405.28783321380615,785.2188873291016,418.6676788330078,782.0580291748047,390.8543300628662,790.7548522949219,403.5628080368042,795.0228881835938,417.493257522583,806.5321350097656,417.22954273223877,804.7560882568359,395.7958173751831,808.2009887695312,413.00697326660156,808.5421752929688,428.3466339111328,823.6741638183594,419.35805797576904,820.662841796875,404.71461296081543,820.7855224609375,415.2651786804199,820.9717559814453,425.8649253845215,158,1787747488.31724
842.6943206787109,486.09631061553955,831.2458801269531,464.3665552139282,815.5519104003906,436.41098499298096,808.9881134033203,405.98490715026855,811.5365600585938,382.5190544128418,785.6654357910156,429.0077877044678,769.9766540527344,394.25159454345703,777.3646545410156,391.86005115509033,786.7236328125,399.2117500305176,794.0313720703125,423.0017423629761,788.6398315429688,387.5417375564575,795.521240234375,394.1206169128418,799.1579437255859,406.216778755188,804.0727996826172,418.1359577178955,802.2426605224609,387.79377937316895,806.2879180908203,399.15900707244873,808.3491516113281,412.36311435699463,813.5208129882812,417.59419441223145,811.9606018066406,397.1767044067383,813.1911468505859,403.7119388580322,814.7704315185547,412.3283529281616,159,1787747488.357025
843.7802124023438,482.3642635345459,815.5838012695312,457.7295684814453,797.3457336425781,429.31300163269043,793.4958648681641,398.1321716308594,797.3153686523438,375.19001483917236,777.8282165527344,421.68591499328613,766.6917419433594,392.41825103759766,774.9950408935547,396.7661762237549,782.9924774169922,407.00114250183105,794.0714263916016,417.85258769989014,792.1331024169922,386.7775869369507,798.7305450439453,399.27775382995605,801.2064361572266,413.4350538253784,810.3858184814453,415.4366683959961,809.8772430419922,390.06606101989746,812.0880126953125,404.1447401046753,812.55615234375,417.897047996521,823.7303161621094,416.81605339050293,822.1286773681641,399.2975378036499,822.1277618408203,406.98766708374023,822.8557586669922,415.1198673248291,160,1787747488.400156
846.4559173583984,475.7066774368286,810.0003051757812,451.18802547454834,792.8926849365234,420.863356590271,797.071533203125,388.9091920852661,806.0267639160156,367.16415882110596,779.1273498535156,413.42702865600586,771.8324279785156,387.6294994354248,780.8689880371094,394.6109676361084,789.3502807617188,405.30216693878174,800.7241058349609,410.6275749206543,797.4132537841797,381.761212348938,804.1835784912109,395.27100563049316,808.7389373779297,408.815860748291,821.9229888916016,409.7569513320923,821.1104583740234,388.8245630264282,823.9525604248047,409.0309524536133,824.9696350097656,424.0033435821533,840.2165985107422,412.09206104278564,837.2367858886719,396.24484062194824,837.5454711914062,410.2366590499878,838.2154083251953,421.6867733001709,161,1787747488.441378
846.4183807373047,471.38055324554443,812.8298950195312,449.71946239471436,797.5377655029297,419.0421152114868,803.3143615722656,385.0727319717407,809.9711608886719,362.2548580169678,780.1568603515625,411.04913234710693,773.3331298828125,385.6227779388428,782.8200531005859,395.1972770690918,790.6908416748047,407.25919246673584,801.3298797607422,407.99986839294434,798.0753326416016,379.83027935028076,805.4046630859375,393.9938020706177,809.3988800048828,407.9119348526001,822.3262023925781,407.4574613571167,823.0961608886719,387.0309591293335,826.5348052978516,408.7804126739502,827.1346282958984,425.734806060791,840.7923126220703,410.2654552459717,837.9151153564453,394.2282485961914,839.7922515869141,411.2928056716919,840.9980773925781,426.2739086151123,162,1787747488.4879425
848.2553100585938,472.27920055389404,816.6426849365234,450.4503536224365,801.4057922363281,420.2027177810669,804.8626708984375,386.1060905456543,811.4934539794922,362.852840423584,783.6471557617188,413.52264404296875,778.1224822998047,387.570104598999,789.1590118408203,397.38171100616455,797.6134490966797,409.92565155029297,805.9896850585938,411.859974861145,807.4888610839844,385.30850887298584,818.5386657714844,403.71116638183594,823.1910705566406,419.75390911102295,827.5559997558594,411.96855068206787,831.4930725097656,391.42420291900635,836.6257476806641,413.48440647125244,837.4901580810547,431.30345821380615,845.7492828369141,414.8797559738159,845.6968688964844,400.0735330581665,848.0110931396484,416.55564308166504,848.9181518554688,430.96657276153564,163,1787747488.5360534
850.2776336669922,470.5306577682495,816.9990539550781,450.4325866699219,800.5648803710938,419.5383882522583,805.2817535400391,386.74728870391846,811.2122344970703,364.889817237854,785.0471496582031,412.9138469696045,779.6369934082031,385.8374834060669,789.9889373779297,396.2605047225952,797.3057556152344,408.44245433807373,806.7096710205078,411.957950592041,806.1337280273438,383.38873386383057,816.3603210449219,401.81422233581543,820.4749298095703,417.42030143737793,827.5418090820312,411.8401908874512,830.8170318603516,391.75100326538086,836.5193939208984,415.0096607208252,837.2853851318359,432.67082691192627,845.125732421875,414.17208194732666,844.0660095214844,399.2521333694458,846.7682647705078,416.16987705230713,847.81982421875,430.2683401107788,164,1787747488.593573
851.3280487060547,470.3138065338135,817.7490234375,449.5017099380493,800.8882141113281,419.34651374816895,805.9420013427734,386.6227054595947,812.7687835693359,364.68189239501953,784.2934417724609,414.59269523620605,778.5895538330078,387.3269462585449,789.0411376953125,396.07691287994385,795.9737396240234,407.3352813720703,805.8181762695312,412.90371894836426,805.2740478515625,385.34687519073486,814.986572265625,402.3481321334839,818.1121826171875,417.93464183807373,826.8276977539062,412.00820446014404,830.4421997070312,391.8743848800659,835.4899597167969,414.762167930603,835.3593444824219,432.90510177612305,844.8135375976562,413.3829116821289,843.5134124755859,398.17028045654297,846.1008453369141,414.6392583847046,846.7943572998047,429.3829107284546,165,1787747488.6473992
849.9208068847656,472.2686433792114,815.9259033203125,450.18672466278076,800.7376861572266,419.7757959365845,805.9912872314453,386.32174015045166,812.8840637207031,364.33191776275635,784.4542694091797,415.14737606048584,779.615478515625,388.9782428741455,789.7162628173828,397.32776641845703,798.0647277832031,409.2690896987915,807.0693206787109,414.2201042175293,809.5310974121094,387.94424057006836,819.7676849365234,405.50464153289795,824.9375152587891,422.1757936477661,828.6558532714844,414.26525115966797,832.5924682617188,393.45444202423096,836.524658203125,414.9727964401245,837.3838806152344,433.6664628982544,846.2633514404297,416.9048881530762,845.528564453125,402.06759452819824,847.2657012939453,417.2485113143921,848.2985687255859,431.2048387527466,166,1787747488.7226746
849.2652130126953,472.82920360565186,816.2773895263672,450.5772542953491,800.9209442138672,419.13554191589355,806.0944366455078,386.68471813201904,811.4078521728516,365.46282291412354,784.8845672607422,414.838342666626,780.0234985351562,388.7716484069824,789.8814392089844,398.9666175842285,796.8917846679688,410.9566068649292,805.5987548828125,413.52431774139404,806.93359375,387.80643939971924,817.1968841552734,406.7469120025635,821.2519073486328,422.94676780700684,825.8589172363281,412.85754203796387,829.3724822998047,392.79200077056885,834.073486328125,415.4078722000122,834.6862030029297,433.95777225494385,842.9405212402344,414.1749143600464,841.3056182861328,397.6970958709717,843.3893585205078,413.29957008361816,844.5024108886719,427.8022527694702,167,1787747488.769918
851.1354064941406,477.6270532608032,815.5966186523438,457.45190620422363,797.7897644042969,427.45262145996094,802.9590606689453,394.1855478286743,817.1614074707031,373.4451198577881,783.9653015136719,419.64696407318115,775.6369781494141,392.68492698669434,785.5371856689453,402.70535945892334,793.2437896728516,414.5469045639038,804.1483306884766,416.6119909286499,799.5429992675781,388.6048364639282,808.218994140625,405.65364360809326,813.2228088378906,421.703896522522,824.8136138916016,415.3616523742676,824.1218566894531,393.22630405426025,827.5070953369141,415.5143880844116,829.2919921875,434.48760509490967,843.6574554443359,416.7404365539551,839.1096496582031,399.3431568145752,839.8458862304688,415.7841968536377,841.19140625,432.490496635437,168,1787747488.8299813
850.9091949462891,478.643159866333,814.7317504882812,456.9884204864502,797.2219085693359,426.659460067749,802.5252532958984,393.218150138855,817.3853302001953,373.2816553115845,783.5173797607422,417.73993492126465,774.2204284667969,392.9986810684204,783.0857086181641,403.64134311676025,790.9933471679688,415.63304901123047,803.6922454833984,414.5959997177124,799.3657684326172,387.64838218688965,807.8362274169922,404.11821842193604,813.2585906982422,420.1714324951172,824.1739654541016,413.4190893173218,823.2170104980469,391.5037679672241,826.8399810791016,413.87377738952637,829.1177368164062,433.85563373565674,842.3174285888672,415.0120210647583,837.3978424072266,398.53652000427246,838.4614562988281,414.8655939102173,840.687255859375,431.7040729522705,169,1787747488.887127
849.7248077392578,484.4061326980591,814.2024230957031,463.7005090713501,793.8927459716797,435.269136428833,796.1871337890625,405.1882266998291,811.3178253173828,388.3082914352417,778.3670806884766,425.88977336883545,767.0925903320312,398.9604377746582,776.807861328125,407.17906951904297,784.5633697509766,418.46726417541504,797.882080078125,421.5073871612549,792.6589965820312,394.6651268005371,800.5529022216797,410.99780559539795,804.4784545898438,424.7248363494873,819.0470123291016,419.0608263015747,817.3099517822266,398.44502449035645,821.4446258544922,419.11301136016846,823.4107208251953,434.39735412597656,839.4158935546875,419.5690727233887,835.5602264404297,401.6400718688965,836.2802124023438,418.1547975540161,837.2674560546875,433.36631298065186,170,1787747488.9445393
849.00634765625,492.3779582977295,808.1222534179688,468.55406284332275,785.4107666015625,439.9025344848633,787.4465179443359,410.563588142395,804.3046569824219,398.04548263549805,775.1895904541016,434.404821395874,759.8592376708984,411.16508960723877,766.2027740478516,412.99195289611816,775.4283905029297,421.55287742614746,794.0203094482422,428.9888620376587,786.0210418701172,404.6568489074707,793.5938262939453,417.0305013656616,800.9865570068359,431.1788749694824,813.88427734375,425.07545471191406,810.4960632324219,405.41808128356934,814.1400909423828,424.40460205078125,819.6487426757812,440.66526889801025,833.1129455566406,424.2250442504883,829.2858123779297,406.1126661300659,829.5994567871094,421.507043838501,833.2706451416016,437.10981845855713,171,1787747489.0018113
841.8932342529297,498.2805347442627,800.679931640625,480.1860523223877,773.4311676025391,452.32622623443604,766.3346862792969,422.88222312927246,776.9583129882812,408.3567953109741,771.5288543701172,438.6339998245239,760.2045440673828,412.2000789642334,770.6398010253906,427.3043918609619,778.4531402587891,442.07276344299316,788.9453125,432.5947380065918,782.1495056152344,408.4053325653076,793.3787536621094,430.83460807800293,799.2188262939453,445.8452367782593,808.2144165039062,427.96056747436523,803.1044769287109,407.0146179199219,810.6371307373047,431.167631149292,815.4556274414062,447.67119884490967,828.3052062988281,426.0563278198242,820.7656860351562,408.5237789154053,824.7633361816406,426.35849475860596,829.3055725097656,440.0098657608032,172,1787747489.0434082
839.609375,497.6935815811157,799.8795318603516,479.58600997924805,773.3145904541016,452.65774726867676,767.6226806640625,423.8936948776245,783.7071990966797,410.0852108001709,770.0928497314453,440.38734912872314,756.2200927734375,415.0565242767334,766.5785980224609,427.08616733551025,775.8654022216797,438.86338233947754,787.5476837158203,434.21552181243896,780.1958465576172,409.16879653930664,791.0057067871094,430.4540777206421,797.3849487304688,445.08121490478516,807.4611663818359,429.31403160095215,801.7261505126953,407.30257987976074,808.5787963867188,430.55994987487793,813.3432769775391,446.82868480682373,828.2247161865234,426.90454959869385,820.3850555419922,409.3695545196533,823.1234741210938,427.2498893737793,827.5315856933594,442.14001178741455,173,1787747489.0957448
836.1284637451172,495.6810235977173,796.9431304931641,482.6451015472412,768.3692932128906,458.0812168121338,762.3806762695312,429.68979835510254,776.5955352783203,412.92423248291016,763.0658721923828,442.6919889450073,745.8138275146484,421.0181522369385,748.2473754882812,418.5731792449951,754.671630859375,419.417667388916,780.3981018066406,435.6047773361206,773.3953094482422,409.9152660369873,784.2162322998047,431.3798475265503,790.7656097412109,447.6557922363281,799.4155120849609,430.58162212371826,795.3419494628906,409.30290699005127,803.9003753662109,434.9183464050293,809.67041015625,452.9991388320923,819.6710205078125,428.58657360076904,814.8790740966797,410.31103134155273,818.4956359863281,429.1632270812988,822.3114013671875,445.15395641326904,174,1787747489.1478121
836.5781402587891,496.72163486480713,794.6040344238281,482.22174167633057,766.700439453125,455.4966402053833,763.3600616455078,424.8571443557739,784.3035125732422,412.08030223846436,762.6139068603516,443.81993293762207,747.2972869873047,419.4101572036743,757.3188781738281,427.6746654510498,766.3897705078125,437.472882270813,781.1345672607422,437.64703273773193,771.9596862792969,410.2100086212158,784.332275390625,429.40930366516113,792.2824096679688,445.52882194519043,801.2152862548828,432.91990756988525,796.5660095214844,409.4422960281372,804.3531799316406,433.2104015350342,810.0494384765625,452.8091526031494,821.4266967773438,430.7562446594238,816.6010284423828,412.7989196777344,819.4618225097656,429.9671173095703,823.9213562011719,446.53565883636475,175,1787747489.2025723
836.8201446533203,496.9624328613281,794.2015838623047,481.5562963485718,766.1614990234375,454.1426181793213,762.9478454589844,423.65474224090576,781.9469451904297,411.87769889831543,762.5260925292969,441.94315910339355,747.5131988525391,415.6664800643921,757.9369354248047,428.10184478759766,767.0035552978516,440.94632148742676,781.488037109375,435.97453594207764,772.3276519775391,408.47888946533203,785.0257873535156,430.1787328720093,793.1735992431641,447.4070978164673,802.2982025146484,431.4095878601074,796.1455535888672,407.6428556442261,804.1462707519531,431.6865634918213,810.0272369384766,451.2803792953491,823.052978515625,429.8209476470947,816.8521118164062,411.38134002685547,819.3795776367188,428.6628770828247,823.868408203125,445.1956272125244,176,1787747489.2479148
837.1320343017578,497.6538419723511,794.9079895019531,481.2473487854004,766.9207763671875,453.85602951049805,762.3255157470703,423.9982795715332,781.4363861083984,411.6353988647461,762.1456909179688,441.821494102478,745.9131622314453,416.88982486724854,756.7378234863281,428.01258087158203,766.478271484375,439.07495498657227,781.1060333251953,435.80437660217285,769.5801544189453,408.50974559783936,782.4127960205078,429.2192316055298,791.2629699707031,445.3384065628052,802.04345703125,431.2773656845093,794.9128723144531,407.8313398361206,802.8856658935547,431.64626598358154,809.0167999267578,450.5789279937744,823.0611419677734,429.8927879333496,816.4423370361328,411.765775680542,819.37744140625,428.8829040527344,824.3558502197266,445.1420259475708,177,1787747489.270521
839.3598937988281,494.8967456817627,796.9718933105469,480.6328010559082,769.5013427734375,453.28946113586426,766.3664245605469,423.99046897888184,781.0330963134766,409.14995670318604,763.1838989257812,439.6976566314697,746.6259765625,414.7187376022339,754.1374969482422,420.7792854309082,763.3598327636719,430.87735176086426,782.3606872558594,433.2600975036621,773.3097839355469,406.3998556137085,785.6182098388672,427.33962535858154,793.5877227783203,445.4654359817505,802.7729034423828,427.9948139190674,797.4153900146484,406.14309310913086,806.0865020751953,430.3630542755127,812.1932983398438,449.5811462402344,823.23974609375,425.4700183868408,817.5822448730469,407.6310968399048,821.7640686035156,425.4694604873657,826.9757843017578,441.99461460113525,178,1787747489.3053255
839.7799682617188,495.00648021698,796.4711761474609,479.01999950408936,768.7909698486328,451.65318489074707,764.7251129150391,423.28712940216064,777.6151275634766,408.1119632720947,762.7265167236328,439.1353368759155,746.8557739257812,414.660587310791,755.0496673583984,421.45455837249756,763.729248046875,431.22488021850586,782.1163940429688,432.76386737823486,772.8101348876953,406.950159072876,785.3282165527344,427.19152450561523,793.0781555175781,443.6832046508789,802.7906036376953,427.470645904541,797.5414276123047,407.23284244537354,806.1759948730469,430.8220338821411,811.9341278076172,448.83145809173584,823.3172607421875,425.00794887542725,817.4179077148438,407.8525400161743,821.5683746337891,425.2704620361328,826.8722534179688,441.1680221557617,179,1787747489.3585844
844.4919586181641,492.402720451355,800.7570648193359,479.1416645050049,772.8498840332031,451.3966369628906,767.9824829101562,421.763334274292,779.7791290283203,407.26481437683105,767.49267578125,435.9332084655762,754.6360778808594,408.60368728637695,767.7733612060547,422.32359409332275,775.7180786132812,438.6940383911133,788.2076263427734,430.54269790649414,781.3397979736328,403.20231914520264,793.2180786132812,424.56523418426514,796.2419891357422,441.50696754455566,808.5858917236328,426.1528015136719,804.9965667724609,404.46364402770996,812.4221038818359,428.3152198791504,813.7457275390625,445.3104257583618,827.5703430175781,424.40842151641846,824.0406036376953,408.34855556488037,827.3435211181641,425.6585454940796,828.6087799072266,439.573974609375,180,1787747489.410439
851.4855194091797,493.2333040237427,808.1768798828125,478.58805656433105,779.2697143554688,448.11412811279297,778.3163452148438,418.0320167541504,794.4284820556641,405.1689147949219,773.1074523925781,437.29315280914307,758.7073516845703,408.1756067276001,771.5402221679688,419.0699243545532,780.3299713134766,434.0648889541626,793.3377838134766,430.34202575683594,784.6415710449219,401.7201519012451,794.2717742919922,419.99080181121826,796.7340850830078,434.4574785232544,813.1995391845703,425.19179821014404,808.7600708007812,403.9677143096924,814.4241333007812,426.32823944091797,815.0882720947266,440.88109016418457,831.6863250732422,422.4528121948242,829.1012573242188,408.74178886413574,831.1386108398438,424.9902677536011,831.5347290039062,436.4247179031372,181,1787747489.4793513
849.5008850097656,491.64127349853516,806.5813446044922,478.3668279647827,778.2410430908203,448.2481527328491,776.7855834960938,417.71920680999756,790.9634399414062,403.6667060852051,772.5165557861328,435.5213928222656,758.9162445068359,406.353120803833,772.7560424804688,421.0227870941162,780.5440521240234,436.0490369796753,792.9662322998047,429.09812450408936,782.8421020507812,399.8901557922363,794.7939300537109,421.1739778518677,798.2926940917969,435.77120304107666,813.3602905273438,424.42060947418213,806.8647003173828,403.03932666778564,814.9976348876953,426.4307641983032,816.9779205322266,440.6205081939697,833.0599975585938,422.0107841491699,827.4235534667969,407.2285509109497,830.3325653076172,423.6277484893799,831.9713592529297,434.6190547943115,182,1787747489.5315146
852.0366668701172,499.5105314254761,807.1049499511719,480.5137538909912,782.6393890380859,448.0891942977905,777.5130462646484,417.8902244567871,781.6667175292969,399.83222007751465,788.3097839355469,427.8366279602051,776.1959838867188,402.7158308029175,782.5962066650391,419.3311929702759,791.1752319335938,434.9668836593628,805.0442504882812,423.86558532714844,794.4306945800781,399.68849658966064,800.9014129638672,422.19746589660645,809.5008087158203,437.9614734649658,823.489990234375,421.89993381500244,813.4626007080078,401.1367607116699,817.2801208496094,424.8380470275879,824.7686004638672,441.05562686920166,842.4337005615234,423.275842666626,832.8388214111328,407.3115062713623,833.3136749267578,426.14031314849854,838.2656097412109,439.6407079696655,183,1787747489.5808287
846.2999725341797,509.03936862945557,810.4690551757812,486.9635009765625,792.4952697753906,453.9353370666504,794.3608093261719,423.3197021484375,795.0468444824219,400.5694627761841,792.4690246582031,427.72101402282715,784.5046234130859,400.6662368774414,791.4621734619141,423.16349029541016,797.5318908691406,439.6207094192505,811.0417938232422,425.69000244140625,805.4229736328125,398.23405265808105,810.43212890625,427.0792579650879,814.364013671875,441.8042850494385,831.2808227539062,425.84123611450195,824.9349975585938,402.7685308456421,828.1324005126953,431.3063335418701,831.3125610351562,446.06213092803955,851.6765594482422,429.01461124420166,842.3544311523438,408.56433391571045,842.1825408935547,430.2638339996338,844.4479370117188,443.8381290435791,184,1787747489.6058617
828.6041259765625,536.1679172515869,802.0550537109375,511.82384490966797,788.5752868652344,472.1813106536865,791.6644287109375,441.91256046295166,800.1960754394531,417.45326042175293,799.3998718261719,442.6310920715332,795.2571105957031,412.05888748168945,786.3970184326172,437.89851665496826,786.5391540527344,457.64330863952637,818.1529235839844,444.6822738647461,814.7257995605469,412.1054935455322,802.2863006591797,444.7265625,802.9786682128906,462.40978717803955,838.1339263916016,451.1522340774536,834.6842193603516,420.40334701538086,820.4730987548828,450.7194757461548,820.1934814453125,467.1110773086548,858.5112762451172,461.57001972198486,851.7034149169922,434.6197843551636,839.7265625,453.41636180877686,840.0617218017578,466.09806060791016,185,1787747489.6599655
829.6875762939453,538.6737012863159,802.9476928710938,511.76891326904297,788.6238861083984,473.4638786315918,787.3605346679688,442.3026180267334,790.9866333007812,416.53088092803955,801.5052795410156,444.37246799468994,799.1110229492188,411.53398990631104,790.7625579833984,437.0906352996826,790.2056121826172,456.2128973007202,820.2769470214844,446.57020568847656,818.7610626220703,413.59663009643555,806.6744232177734,442.2361421585083,807.855224609375,457.2044563293457,840.8205413818359,453.6405944824219,840.4281616210938,422.5729751586914,826.7597961425781,447.8610563278198,826.7908477783203,461.9529962539673,861.5878295898438,464.74481105804443,857.7262115478516,440.44039249420166,845.6766510009766,455.51899909973145,845.3760528564453,467.1326208114624,186,1787747489.7307281
