P0_x,P0_y,P1_x,P1_y,P2_x,P2_y,P3_x,P3_y,P4_x,P4_y,P5_x,P5_y,P6_x,P6_y,P7_x,P7_y,P8_x,P8_y,P9_x,P9_y,P10_x,P10_y,P11_x,P11_y,P12_x,P12_y,P13_x,P13_y,P14_x,P14_y,P15_x,P15_y,P16_x,P16_y,P17_x,P17_y,P18_x,P18_y,P19_x,P19_y,P20_x,P20_y,frame_number,timestamp
859.7782135009766,401.61449432373047,832.1645355224609,377.781286239624,812.3001098632812,347.9014992713928,808.9129638671875,314.6209931373596,813.4014892578125,287.84881353378296,804.5175933837891,320.4709768295288,793.7668609619141,296.94109439849854,792.9445648193359,298.8718342781067,796.3603210449219,299.29826259613037,825.6929016113281,316.5621614456177,823.6873626708984,286.2440800666809,822.7255249023438,309.15759086608887,825.3583526611328,319.5800757408142,847.8509521484375,317.7444791793823,847.8594970703125,300.53152084350586,844.3862152099609,327.34307527542114,845.8435821533203,336.9081115722656,870.0516510009766,323.4313416481018,866.5126037597656,307.84056186676025,861.9618988037109,327.1013116836548,862.4497985839844,336.25154972076416,1,1787749239.9203804
852.4346923828125,399.94916439056396,827.2512054443359,378.3126640319824,807.9099273681641,346.8324136734009,805.5903625488281,313.9840865135193,812.5965118408203,286.66149616241455,799.8904418945312,318.16949129104614,790.2835083007812,290.17220735549927,791.6101837158203,303.11622619628906,795.3578948974609,313.2348704338074,820.7392120361328,315.5842924118042,815.2826690673828,284.6737861633301,813.6039733886719,309.6799349784851,814.9856567382812,319.1550850868225,842.958984375,318.3137083053589,838.9379119873047,297.0345211029053,835.5908203125,326.7115116119385,836.9761657714844,337.1669125556946,865.6667327880859,324.76836919784546,859.4288635253906,304.87727880477905,854.0772247314453,325.7740259170532,853.7856292724609,337.3048424720764,2,1787749239.9585695
852.8990173339844,403.17978858947754,827.26806640625,379.4019842147827,808.5034942626953,348.29872369766235,804.2540740966797,315.52159309387207,809.5388031005859,286.77193880081177,800.0930786132812,322.05307245254517,790.3459930419922,297.2077703475952,788.7209320068359,295.6426692008972,791.5399169921875,298.1527018547058,820.5294799804688,318.82588148117065,816.0703277587891,286.82302951812744,814.2974853515625,302.05793380737305,814.9458312988281,310.03242015838623,842.7963256835938,320.53927659988403,840.1324462890625,299.82309579849243,838.1855010986328,326.5802335739136,839.3076324462891,339.0229797363281,865.3085327148438,326.4018130302429,860.8114624023438,306.65266513824463,856.6205596923828,326.03883504867554,855.9603881835938,337.9150986671448,3,1787749240.0094357
850.1988983154297,400.44397830963135,825.2739715576172,380.04438400268555,806.1553192138672,348.73637437820435,803.3753204345703,314.8189401626587,810.0701141357422,286.3310694694519,797.3933410644531,317.85236835479736,788.5802459716797,288.98980379104614,791.1745452880859,304.85095024108887,795.2568054199219,316.90057039260864,819.1912078857422,315.0233459472656,814.18212890625,284.73685026168823,813.6410522460938,309.93571043014526,814.4617462158203,318.5015916824341,841.7744445800781,317.9158616065979,839.1162872314453,296.6019558906555,836.0963439941406,326.59793615341187,835.9798431396484,337.2554683685303,864.5616912841797,324.5651435852051,860.0699615478516,305.63848972320557,855.0200653076172,326.5519952774048,853.3971405029297,337.54772186279297,4,1787749240.0595086
850.5435180664062,402.72321224212646,825.4031372070312,380.3592109680176,807.5212097167969,349.95617866516113,804.3666076660156,317.17265367507935,811.3823699951172,289.2256021499634,798.22265625,318.45322608947754,790.3493499755859,288.89251470565796,790.9327697753906,301.53844356536865,794.0387725830078,313.54538440704346,819.6912384033203,316.2411117553711,816.1461639404297,283.98879289627075,814.4257354736328,308.54482412338257,814.9019622802734,319.22857761383057,842.3390197753906,319.1212248802185,840.7501983642578,298.2818126678467,836.9944763183594,326.9879937171936,836.9913482666016,338.1347179412842,864.7653198242188,325.90015411376953,861.3919830322266,306.4750385284424,855.8570861816406,326.63806200027466,854.2776489257812,337.94973134994507,5,1787749240.1005006
847.8374481201172,405.0630855560303,820.9941864013672,380.266170501709,802.0204162597656,346.5568542480469,800.2601623535156,310.4779887199402,807.8034973144531,281.07908964157104,795.5702209472656,318.8057327270508,784.9617004394531,289.14586544036865,787.0082855224609,300.5694794654846,792.3682403564453,309.2274570465088,816.1277008056641,317.1003198623657,812.772216796875,288.12658309936523,814.0451812744141,318.3487272262573,816.7810821533203,326.5298295021057,838.1589508056641,319.5311737060547,835.8567810058594,296.7981004714966,833.6544799804688,327.6676654815674,835.6688690185547,336.6584515571594,860.9404754638672,324.55344915390015,856.8424224853516,303.52673292160034,851.6400146484375,324.65367794036865,851.6613006591797,335.45010566711426,6,1787749240.1559036
845.5301666259766,404.73538398742676,818.7387084960938,378.9902114868164,800.0128936767578,346.5095615386963,796.8869781494141,311.8899893760681,806.0869598388672,282.97257900238037,795.48583984375,317.36392736434937,785.9613037109375,288.8317036628723,787.5565338134766,304.6457505226135,791.4881134033203,314.16049003601074,816.0404968261719,316.2046766281128,812.3696899414062,287.8519034385681,813.2974243164062,318.74749660491943,816.4923858642578,329.03969049453735,837.9891204833984,319.2453145980835,835.8718872070312,297.3191571235657,832.9973602294922,328.17177057266235,834.7905731201172,338.59487771987915,860.404052734375,325.24434328079224,856.0888671875,304.0018057823181,850.2942657470703,325.21074056625366,849.9301910400391,336.9759178161621,7,1787749240.1806986
846.1756896972656,404.7759819030762,820.2690124511719,378.85828971862793,800.7904815673828,346.3804078102112,796.4349365234375,311.58029079437256,804.6572113037109,282.5685739517212,794.66064453125,317.93789863586426,785.3580474853516,291.61888360977173,786.866455078125,304.697527885437,790.0786590576172,311.51726961135864,815.4991912841797,316.1480712890625,812.7317810058594,289.22390699386597,814.3499755859375,318.97205114364624,816.4723205566406,328.475546836853,837.5890350341797,318.60368728637695,836.3813018798828,298.07910203933716,834.4722747802734,328.24856758117676,835.3253936767578,337.9530143737793,859.9876403808594,324.2501449584961,856.7490386962891,304.9128770828247,851.9741821289062,326.1472821235657,851.0129547119141,337.08136081695557,8,1787749240.219056
844.2980194091797,402.286376953125,816.7908477783203,377.1650218963623,798.10546875,344.91862535476685,794.9040985107422,309.6298098564148,803.1757354736328,281.3687467575073,792.6333618164062,317.248592376709,782.6912689208984,287.3542356491089,785.3363800048828,305.6114101409912,790.3184509277344,316.40002727508545,814.1242218017578,316.071081161499,809.5990753173828,286.25946521759033,811.036376953125,317.9612874984741,814.6580505371094,326.34771823883057,836.9065856933594,319.1801905632019,833.1130218505859,295.397686958313,830.8280944824219,327.3429465293884,833.6103820800781,337.5574851036072,860.0588226318359,325.06690979003906,853.9360809326172,303.62966537475586,849.0176391601562,325.150830745697,850.3706359863281,336.64504051208496,9,1787749240.2562983
843.77197265625,403.7824487686157,818.1354522705078,377.71820068359375,799.6745300292969,344.8073673248291,795.4266357421875,310.9286642074585,804.0561676025391,283.10417890548706,792.7037811279297,316.552677154541,784.3190765380859,286.95799827575684,786.7394256591797,307.2454333305359,790.6266021728516,319.1947817802429,814.2523956298828,316.0547089576721,810.9234619140625,286.945960521698,811.2982177734375,317.9530692100525,813.9014434814453,327.4147439002991,837.0259857177734,319.4300866127014,834.9437713623047,297.4486970901489,831.8193054199219,328.28935861587524,833.1617736816406,338.40911865234375,859.7589111328125,325.29133558273315,854.7708892822266,304.5393204689026,849.3314361572266,325.5338716506958,849.2574310302734,336.9869041442871,10,1787749240.2932673
844.7567749023438,405.1657819747925,817.9174041748047,380.53022861480713,798.5073852539062,347.5489926338196,794.6247100830078,311.4012908935547,804.6094512939453,282.8632950782776,791.8813323974609,318.39147090911865,783.2418060302734,286.1989116668701,788.0007934570312,307.94358015060425,792.9779815673828,320.55217266082764,813.1243133544922,316.66526556015015,809.4039154052734,287.4534344673157,812.6629638671875,320.0138854980469,815.858154296875,328.5965895652771,835.64697265625,319.15725231170654,833.1590270996094,296.0314393043518,832.4504852294922,328.419349193573,834.6015930175781,338.52166414260864,858.6032104492188,324.3842339515686,854.1195678710938,303.8375473022461,850.4129028320312,325.7476544380188,851.3359069824219,337.09571599960327,11,1787749240.350368
845.0477600097656,406.2788772583008,818.8337707519531,381.56530380249023,800.6105804443359,348.4984302520752,795.5720520019531,312.92744636535645,804.2131805419922,284.9940848350525,792.1932983398438,319.21789169311523,783.621826171875,286.3903784751892,787.0660400390625,308.7294673919678,791.4098358154297,321.32853269577026,813.5499572753906,317.74900674819946,808.6878967285156,286.55330657958984,810.3488922119141,318.1522607803345,813.3377075195312,326.1559724807739,836.2281799316406,320.16820907592773,833.0491638183594,297.4573016166687,831.4281463623047,329.60289001464844,833.6445617675781,339.31257247924805,858.8509368896484,324.901385307312,853.2804870605469,303.56263160705566,849.0414428710938,325.2941679954529,850.3931427001953,337.1476435661316,12,1787749240.3907897
844.9178314208984,407.0739269256592,816.8595123291016,380.891318321228,797.8167724609375,347.88527727127075,793.5953521728516,312.070791721344,803.1687164306641,283.16471099853516,792.3085784912109,319.56687927246094,782.4586486816406,288.36360454559326,784.0449523925781,306.04318141937256,788.9464569091797,317.5617241859436,812.9337310791016,318.39215755462646,808.4763336181641,288.3096170425415,809.0249633789062,319.56812381744385,812.9830932617188,329.76028203964233,834.8152160644531,320.92379808425903,831.5521240234375,298.05182933807373,829.0650939941406,329.4193196296692,832.4977111816406,341.02096796035767,857.2861480712891,325.7550358772278,851.7520141601562,303.6632037162781,846.4887237548828,324.7455382347107,847.8406524658203,337.9381227493286,13,1787749240.4404445
844.7118377685547,406.84677600860596,818.1500244140625,380.51881313323975,798.9767456054688,347.4851989746094,793.5813903808594,312.1666216850281,801.1505889892578,283.03577184677124,790.3562927246094,318.5321044921875,781.5111541748047,289.6630597114563,782.1717071533203,302.7505660057068,785.7863616943359,312.36298084259033,811.9144439697266,317.46771812438965,808.6085510253906,288.58815908432007,809.1606140136719,317.97083616256714,811.7294311523438,328.1805896759033,834.6194458007812,320.3377890586853,832.2676086425781,299.27255630493164,829.6749877929688,328.87476682662964,831.4860534667969,340.0335717201233,857.0236206054688,325.8938241004944,852.6861572265625,305.09835720062256,847.6347351074219,325.44033765792847,847.6876831054688,338.1141400337219,14,1787749240.4749694
843.6234283447266,406.0542154312134,816.6392517089844,380.7830858230591,797.5710296630859,347.574999332428,792.8273010253906,311.635479927063,801.8258666992188,283.08913707733154,790.5641174316406,318.8338851928711,781.3492584228516,287.9729461669922,783.1072235107422,306.0145568847656,787.3621368408203,317.7802276611328,811.6374969482422,317.9179644584656,807.8609466552734,289.1564440727234,809.1657257080078,321.2688374519348,812.3927307128906,329.89417791366577,834.21630859375,320.67731380462646,831.2301635742188,297.34336137771606,828.5887145996094,329.11818265914917,830.8769989013672,340.178861618042,856.9244384765625,325.7604646682739,851.9218444824219,304.0418028831482,846.6293334960938,325.0604295730591,847.1730041503906,337.58020877838135,15,1787749240.5173652
843.0059814453125,406.6653299331665,816.2823486328125,380.98126888275146,797.9663848876953,347.23294258117676,793.4063720703125,311.8055534362793,803.1920623779297,284.17869329452515,790.7700347900391,318.63664627075195,781.6407775878906,288.1954622268677,782.6902008056641,304.06474113464355,786.8314361572266,315.2794861793518,812.1713256835938,318.03293466567993,808.8368225097656,289.53150272369385,809.8468780517578,321.1510133743286,813.0519866943359,330.87419271469116,834.7655487060547,320.9605121612549,832.6513671875,298.63805294036865,829.8234558105469,330.4351258277893,831.8056488037109,342.30984449386597,857.16796875,326.31227016448975,852.8818511962891,304.64160919189453,847.7715301513672,325.9239077568054,848.1019592285156,339.07155990600586,16,1787749240.5637505
841.248779296875,408.6343288421631,813.8925170898438,382.85387992858887,795.2001953125,349.3366312980652,791.1033630371094,312.7872848510742,801.1347198486328,283.44408988952637,790.3216552734375,319.71746921539307,779.6952056884766,288.34867000579834,781.226806640625,305.3976273536682,786.4694976806641,316.84990882873535,811.0608673095703,318.5265040397644,806.4705657958984,289.5703411102295,807.7223968505859,322.1353840827942,811.4521026611328,331.948299407959,832.9994201660156,321.1236548423767,829.5743560791016,297.68694162368774,827.0768737792969,330.8796215057373,829.9771118164062,343.7915825843811,855.5511474609375,326.10870122909546,849.6068572998047,303.6432480812073,844.5147705078125,325.70345163345337,845.7196807861328,339.4253969192505,17,1787749240.6113384
841.3287353515625,407.9588842391968,814.9116516113281,381.97887897491455,797.1176147460938,347.5930881500244,791.6110992431641,311.78216457366943,800.1467132568359,284.2450189590454,788.1113433837891,319.8866844177246,779.6066284179688,287.89981842041016,782.5643920898438,303.72920751571655,785.9709167480469,313.6128902435303,810.4648590087891,319.35007095336914,807.59765625,289.24922704696655,809.1665649414062,319.39940214157104,810.2816009521484,328.3348488807678,833.6573028564453,322.2458267211914,831.9935607910156,299.58377838134766,829.9149322509766,331.4220714569092,829.9683380126953,343.23503494262695,856.0597229003906,327.5172257423401,852.1235656738281,306.41727447509766,847.6076507568359,328.5079050064087,847.0661163330078,341.8327331542969,18,1787749240.6616044
841.7753601074219,407.79640674591064,814.9851989746094,382.24873065948486,797.7076721191406,348.47866773605347,792.5116729736328,312.89809226989746,801.630859375,285.77229022979736,789.8175811767578,320.814471244812,780.4522705078125,287.1620178222656,783.3088684082031,305.94844579696655,787.4037933349609,317.86481380462646,811.6506958007812,319.8715567588806,807.4354553222656,289.0424180030823,808.5418701171875,320.31879901885986,810.5401611328125,329.9645805358887,834.3171691894531,322.5034475326538,831.2554168701172,298.91530752182007,828.7833404541016,331.0308337211609,829.8953247070312,343.2114315032959,856.7662811279297,327.40283489227295,851.2344360351562,305.21806955337524,846.2554931640625,327.10431575775146,846.5816497802734,340.7024073600769,19,1787749240.701815
843.2343292236328,409.0654134750366,815.7252502441406,383.04378032684326,797.9978942871094,349.4373106956482,792.2361755371094,313.50637435913086,800.7936096191406,285.34019708633423,790.7347106933594,322.506902217865,780.2289581298828,289.6782946586609,780.5242919921875,301.30468368530273,784.6395874023438,312.08900928497314,811.7543792724609,321.2822699546814,807.0915985107422,289.6921992301941,807.2124481201172,318.56040716171265,810.1033782958984,330.6239104270935,833.7101745605469,323.30650091171265,830.8548736572266,299.46921586990356,828.1971740722656,330.5250549316406,830.2042388916016,345.15684843063354,855.6504821777344,327.97019720077515,850.7342529296875,305.3596043586731,846.2801361083984,326.8332839012146,847.3722076416016,341.68102741241455,20,1787749240.7496786
842.6190948486328,408.5684108734131,815.1264953613281,382.68054485321045,797.3059844970703,348.59938859939575,792.0176696777344,312.4604630470276,801.6543579101562,284.51838970184326,789.1492462158203,320.7680583000183,779.8174285888672,288.8563370704651,781.0659027099609,301.40815258026123,785.1567840576172,312.62150287628174,810.7996368408203,319.8249936103821,807.6757049560547,288.7489414215088,808.2656860351562,318.7383556365967,810.654296875,332.00825214385986,833.2280731201172,322.4656820297241,831.1899566650391,299.27502393722534,828.6695098876953,330.90367555618286,830.2637481689453,345.7275366783142,855.5268859863281,327.86571979522705,851.2788391113281,306.341872215271,846.6999053955078,328.20168256759644,846.976318359375,342.7912473678589,21,1787749240.7924237
841.9205474853516,411.5264368057251,816.9497680664062,384.7576904296875,799.8611450195312,349.8620653152466,794.5701599121094,314.01183128356934,801.5058898925781,285.3032898902893,790.8972930908203,321.13908290863037,783.1819152832031,288.9045739173889,785.3943634033203,306.5199279785156,789.0531921386719,319.02316331863403,812.4586486816406,320.61519384384155,810.9162902832031,290.3683304786682,811.4385986328125,321.0136413574219,812.8096008300781,331.1688280105591,834.935302734375,323.72979640960693,833.7715148925781,300.31100034713745,831.0601806640625,331.04523181915283,832.2219085693359,343.20265531539917,856.7386627197266,329.38786268234253,853.7266540527344,307.6171875,848.8703918457031,328.6781930923462,849.1914367675781,341.4194369316101,22,1787749240.8390257
842.5694274902344,412.6839065551758,816.6322326660156,385.67127227783203,799.4283294677734,351.06860876083374,794.1844177246094,315.0371217727661,801.8830871582031,286.6148042678833,791.6533660888672,321.7052221298218,782.75634765625,289.8657488822937,784.4402313232422,306.39755487442017,789.0435791015625,319.058997631073,812.7410888671875,320.86618423461914,809.4863128662109,289.89877223968506,810.1116180419922,321.158652305603,813.0975341796875,331.51618480682373,835.025634765625,323.5504102706909,832.1529388427734,299.773850440979,829.4518280029297,330.83305835723877,831.7568206787109,343.22651624679565,857.1344757080078,328.73185873031616,852.3115539550781,306.29303455352783,847.2948455810547,327.04075813293457,848.1522369384766,340.0280785560608,23,1787749240.8940513
842.6171875,410.80511569976807,816.2097930908203,385.2211332321167,798.7886810302734,350.2952742576599,794.0182495117188,314.4833207130432,803.5189819335938,287.2252321243286,791.8899536132812,319.65054273605347,783.8014984130859,287.1435856819153,785.1219940185547,307.5452184677124,789.3763732910156,320.98849296569824,813.3689880371094,319.11937952041626,809.8052978515625,288.46582889556885,809.6379852294922,322.03792333602905,812.7344512939453,329.81613636016846,836.3003540039062,322.50291109085083,832.9346466064453,299.432008266449,829.9261474609375,332.6333999633789,832.9285430908203,342.2991371154785,859.0937805175781,328.397912979126,853.6528015136719,307.6052141189575,847.9911041259766,330.3984761238098,849.4101715087891,342.11960077285767,24,1787749240.9375126
842.9166412353516,412.4648666381836,815.8602142333984,386.75321102142334,798.7131500244141,351.9036340713501,794.9247741699219,315.60989141464233,804.6274566650391,288.0578541755676,792.7215576171875,321.29310607910156,784.5546722412109,287.41305112838745,786.7014312744141,310.50584077835083,790.8769226074219,323.7988471984863,813.9784240722656,320.8221101760864,809.8969268798828,289.9603343009949,810.0003051757812,324.5797348022461,812.5653076171875,331.94566011428833,836.6035461425781,323.70123624801636,833.3717346191406,299.4334888458252,830.3434753417969,333.5606074333191,832.5708770751953,343.6979842185974,859.3394470214844,328.8269376754761,853.9852905273438,306.2990212440491,848.3439636230469,329.4438672065735,849.4783782958984,341.85949087142944,25,1787749240.9900005
842.9956817626953,412.6130533218384,815.7955932617188,386.97710037231445,798.7989807128906,352.04358100891113,795.2123260498047,315.7017946243286,804.8908996582031,288.1369471549988,792.6461029052734,321.0671138763428,784.2375946044922,287.3499011993408,786.2349700927734,310.28379678726196,790.6362915039062,323.5978102684021,813.6986541748047,320.54880380630493,809.4528961181641,289.6175479888916,809.7031402587891,324.456524848938,812.6260375976562,331.248414516449,836.2843322753906,323.3159852027893,832.5128936767578,299.28375720977783,829.7235107421875,333.69596242904663,832.4288940429688,343.32899808883667,858.9054107666016,328.141450881958,852.9148864746094,305.7043647766113,847.4935150146484,329.143545627594,849.1020202636719,341.41199111938477,26,1787749241.0389686
841.9304656982422,415.4347801208496,813.9079284667969,387.3707628250122,796.7330932617188,351.19383573532104,791.9831848144531,315.5141043663025,799.6462249755859,287.29722261428833,794.4341278076172,321.3714909553528,785.5093383789062,288.8861417770386,786.4952087402344,311.235830783844,791.1869049072266,324.27085161209106,814.8188018798828,321.16584062576294,810.2281188964844,290.11356353759766,809.5391082763672,323.78002882003784,813.7934112548828,333.5327124595642,836.6764831542969,324.6296453475952,832.6741790771484,300.0985050201416,828.7883758544922,332.6525616645813,832.5118255615234,343.8707184791565,859.1855621337891,330.3724694252014,852.9017639160156,306.93431854248047,846.656494140625,329.034583568573,848.8945770263672,341.692271232605,27,1787749241.0906732
840.6854248046875,415.7988739013672,812.7409362792969,387.32608795166016,795.9795379638672,351.3592743873596,791.8370056152344,315.85487365722656,799.5079803466797,287.37513542175293,794.3688201904297,320.8286762237549,785.0387573242188,289.6110677719116,785.0957489013672,309.7552299499512,789.9129486083984,322.87914991378784,814.8213958740234,320.5604124069214,810.6753540039062,289.8791170120239,809.7982788085938,323.2129240036011,814.3433380126953,334.30626153945923,836.9673156738281,324.2643928527832,832.6545715332031,299.7557830810547,828.8442230224609,332.38713026046753,832.9282379150391,344.9433445930481,859.5848083496094,330.8908009529114,853.1110382080078,307.4040699005127,846.6207885742188,329.61278200149536,848.609619140625,342.9193067550659,28,1787749241.138466
838.6000823974609,411.37786388397217,810.0582122802734,382.81731605529785,790.693359375,346.89202308654785,788.0117034912109,311.80473804473877,794.8569488525391,282.4323606491089,788.2271575927734,318.5855984687805,777.7593231201172,292.82201528549194,777.6031494140625,298.6193633079529,783.3831024169922,303.90621185302734,808.6259460449219,316.3078022003174,805.5965423583984,287.68234491348267,804.7579193115234,315.31124353408813,808.8922882080078,326.41329288482666,830.2239990234375,319.2307662963867,827.5446319580078,296.8678379058838,824.4115447998047,325.0814151763916,827.4980163574219,335.66790103912354,851.8449401855469,325.81732749938965,846.5770721435547,305.1933717727661,841.1930847167969,325.5907344818115,842.601318359375,336.38585329055786,29,1787749241.167032
837.8061676025391,407.4925231933594,808.7660980224609,379.428334236145,790.1492309570312,344.0598249435425,788.8279724121094,310.9458303451538,796.7679595947266,285.6799793243408,787.095947265625,316.4886474609375,779.2356109619141,292.25375175476074,779.9456787109375,305.21214723587036,784.0619659423828,312.29605436325073,808.4851837158203,315.0145697593689,805.8623504638672,288.98332357406616,805.0473022460938,316.1262273788452,808.0440521240234,325.15995025634766,830.9090423583984,318.3693480491638,828.4268951416016,297.74391174316406,825.2648162841797,325.4131507873535,827.5325775146484,334.72307682037354,852.9071044921875,325.28011322021484,847.3529052734375,306.5612554550171,842.3168182373047,327.10249185562134,843.6185455322266,337.7176022529602,30,1787749241.2042093
832.1708679199219,392.16299057006836,802.1746063232422,365.55792331695557,781.8204498291016,333.48342418670654,778.1491088867188,301.70714378356934,778.0593872070312,276.18581771850586,774.5912933349609,310.2587556838989,768.7743377685547,289.95559215545654,766.8527984619141,288.65090131759644,767.0285797119141,286.45442962646484,795.7283020019531,307.2302842140198,795.7359313964844,282.09802865982056,798.2351684570312,304.4713854789734,800.1931762695312,316.2883186340332,818.0183410644531,308.600378036499,817.1804809570312,287.82681941986084,817.4408721923828,312.43947744369507,817.593994140625,324.04078245162964,840.3318023681641,314.6245765686035,837.7614593505859,295.3239154815674,834.5700836181641,314.59324836730957,832.8118896484375,326.36587142944336,31,1787749241.2712314
831.7757415771484,385.73259830474854,802.5469970703125,364.8456573486328,782.8837585449219,332.06183195114136,776.7516326904297,300.90089321136475,773.1067657470703,277.8244113922119,775.6044006347656,308.9219856262207,770.8042144775391,286.6157913208008,770.1345062255859,288.7940454483032,769.9382781982422,291.80005073547363,796.6239929199219,306.84359550476074,798.3001708984375,282.7324676513672,800.4981994628906,306.548810005188,799.2101287841797,318.0361533164978,818.505859375,308.6013865470886,819.6562194824219,288.71505975723267,819.881591796875,313.6540460586548,817.6070404052734,324.5484924316406,839.7611999511719,314.85297203063965,839.8442840576172,296.82273387908936,837.5084686279297,316.3238525390625,834.2404174804688,328.081111907959,32,1787749241.3336046
820.1313018798828,368.91905307769775,786.0240173339844,335.05401849746704,765.2944183349609,303.12395095825195,755.68115234375,272.1686840057373,751.8869781494141,246.76655530929565,766.7789459228516,292.86272048950195,756.0315704345703,275.8639097213745,746.8094635009766,263.32730770111084,738.3419799804688,250.76847553253174,784.8917388916016,289.1878366470337,777.8315734863281,269.8214077949524,770.2185821533203,256.761109828949,761.7755889892578,243.67757320404053,804.6727752685547,290.10538816452026,798.5464477539062,269.96150493621826,790.9244537353516,260.27997493743896,783.3781433105469,253.23814630508423,826.7247772216797,293.4084749221802,822.083740234375,274.9279260635376,814.8146820068359,263.1377935409546,807.1280670166016,253.50338459014893,33,1787749241.3888888
811.9756317138672,347.0623755455017,775.2025604248047,314.3234610557556,751.9826507568359,284.7443389892578,741.8701171875,255.98440647125244,741.0495758056641,232.78048753738403,756.2022399902344,275.34489154815674,744.1856384277344,256.5121793746948,735.6350708007812,241.37688159942627,729.6629333496094,225.9494161605835,773.0804443359375,270.1242399215698,763.7226104736328,249.3484926223755,754.38232421875,233.35965156555176,746.48681640625,216.40525817871094,792.4620819091797,269.49198961257935,785.2961730957031,248.45113277435303,777.4782562255859,238.04265975952148,771.1144256591797,229.93198156356812,814.7727203369141,272.07309007644653,810.7067108154297,250.55153846740723,803.1758117675781,237.06783771514893,795.3416442871094,226.19484901428223,34,1787749241.4325569
805.5165863037109,330.4818820953369,772.13134765625,306.4154291152954,749.9126434326172,278.63398790359497,738.4649658203125,252.41844177246094,734.7376251220703,229.86634254455566,756.2215423583984,260.9334468841553,750.4319763183594,240.04740715026855,747.5273132324219,228.08801651000977,746.031494140625,216.37165546417236,774.6272277832031,259.4427824020386,769.029541015625,237.69755601882935,766.0659027099609,241.4732265472412,765.4939270019531,244.97018337249756,793.2992553710938,261.11512899398804,787.1173095703125,241.33321523666382,782.7513122558594,242.08354711532593,780.5838012695312,243.55217456817627,813.7265014648438,265.9390068054199,811.3860321044922,246.7569637298584,804.1889953613281,235.5485701560974,797.1882629394531,226.3855218887329,35,1787749241.4601624
800.3863525390625,309.41675662994385,765.6599426269531,282.7599334716797,742.4420928955078,256.3480281829834,731.5020751953125,228.64660263061523,734.4486999511719,204.04091835021973,752.2245025634766,242.12363004684448,742.5421142578125,227.42231369018555,738.8018035888672,220.3268837928772,738.0821990966797,209.3807888031006,769.6705627441406,239.43361043930054,763.2732391357422,222.73394107818604,760.4397583007812,222.4970269203186,761.1212921142578,216.59215450286865,788.1474304199219,240.51252365112305,782.6230621337891,222.801833152771,777.4639129638672,220.35696744918823,775.8334350585938,215.69462299346924,808.1268310546875,244.74977016448975,804.4208526611328,227.79672861099243,797.3745727539062,219.30410385131836,791.4965057373047,211.5881609916687,36,1787749241.515718
796.8527221679688,296.8477749824524,764.9317169189453,278.12005519866943,741.3507843017578,252.68226385116577,732.9085540771484,223.69659662246704,738.6719512939453,198.35180282592773,745.2883148193359,233.1085968017578,736.0413360595703,218.14965963363647,735.8104705810547,222.5827717781067,738.41064453125,221.24280452728271,764.4304656982422,228.88113498687744,757.5147247314453,209.47975158691406,758.5980987548828,224.12802457809448,762.3433685302734,228.57484817504883,784.490966796875,229.4233274459839,777.6872253417969,210.40260314941406,776.2711334228516,224.15667057037354,778.5839080810547,229.65916872024536,805.2463531494141,233.69033575057983,799.8303985595703,217.03504085540771,794.1252899169922,220.37301778793335,791.2971496582031,221.25113010406494,37,1787749241.5755472
794.7242736816406,274.18649911880493,758.7291717529297,248.4688138961792,735.5431365966797,223.10818433761597,725.1605987548828,195.25322914123535,727.6461029052734,170.17920970916748,746.1428833007812,218.44601154327393,736.2234497070312,201.31686687469482,732.3230743408203,187.07131147384644,730.8399200439453,173.17540884017944,764.08203125,213.9749836921692,757.9763031005859,197.0577335357666,752.8997802734375,183.86311054229736,750.2162170410156,169.56537008285522,782.1018218994141,211.96465730667114,776.4144897460938,194.36196327209473,770.3255462646484,182.46628046035767,767.4988555908203,172.0122742652893,802.9599761962891,211.93420886993408,797.9756927490234,193.1028699874878,791.4315795898438,182.151517868042,785.6004333496094,174.55539464950562,38,1787749241.6170464
785.5252838134766,255.4100489616394,750.5757141113281,232.15003967285156,729.0199279785156,205.2234935760498,721.0986328125,178.74653935432434,723.7080383300781,155.05244135856628,736.5766906738281,187.52087116241455,728.6801910400391,171.5894615650177,726.3150787353516,162.77074456214905,727.7822875976562,152.64873147010803,755.6082153320312,183.79491806030273,748.8525390625,161.72666788101196,749.2259979248047,179.86571788787842,753.0540466308594,189.8070788383484,775.2501678466797,184.19366598129272,768.7278747558594,165.2181100845337,767.69775390625,184.1185426712036,771.3880157470703,195.18907070159912,796.35986328125,188.2659888267517,791.1732482910156,168.47021341323853,785.2500915527344,173.81729364395142,783.6270904541016,177.93505311012268,39,1787749241.6669202
782.7998352050781,247.87153959274292,750.7266998291016,230.65162897109985,728.857421875,203.60640048980713,721.1805725097656,176.51925444602966,721.573486328125,151.82693481445312,735.4283905029297,180.4291319847107,727.6310729980469,159.27390575408936,727.5169372558594,168.53435039520264,731.676025390625,177.74710536003113,754.6885681152344,177.6302468776703,748.8042449951172,154.0815567970276,749.7634124755859,179.2781639099121,754.6350860595703,195.53526878356934,775.13671875,179.40906643867493,768.4909057617188,160.79169273376465,767.6457977294922,185.16082763671875,771.7494201660156,200.75489044189453,796.0411071777344,185.023455619812,790.5470275878906,163.9102864265442,784.3802642822266,172.91606068611145,783.0146789550781,181.22302293777466,40,1787749241.7220623
783.9411163330078,241.39520645141602,750.5123138427734,225.44209241867065,726.2567138671875,199.25540685653687,716.1997222900391,170.81111669540405,717.2757720947266,145.37723064422607,728.8310241699219,178.12120914459229,718.4666442871094,158.1562614440918,719.6537780761719,166.8766486644745,725.6733703613281,172.9244077205658,748.3628845214844,172.8667402267456,740.4710388183594,149.82461214065552,744.4182586669922,177.22567319869995,751.8678283691406,191.96666479110718,770.0339508056641,171.1844265460968,760.6080627441406,151.04562878608704,762.6459503173828,179.70231771469116,769.4601440429688,195.03393173217773,792.9650115966797,172.9494595527649,781.3945770263672,155.25241613388062,779.7076416015625,174.881272315979,785.0167083740234,187.63054132461548,41,1787749241.767003
783.2032012939453,241.91261529922485,749.7937774658203,225.38248300552368,726.2046051025391,199.4418740272522,715.4039001464844,171.9342005252838,719.5273590087891,147.04970598220825,731.8156433105469,175.91019988059998,722.7381134033203,153.48756551742554,723.9372253417969,167.84974336624146,729.1091918945312,179.01820421218872,751.0774993896484,172.21401929855347,743.3483123779297,147.41548418998718,745.7820129394531,175.17783880233765,751.8100738525391,192.01183319091797,771.7453002929688,171.89555525779724,762.8895568847656,150.02384662628174,763.465576171875,177.89113998413086,769.4812774658203,195.5662965774536,793.4007263183594,174.76961731910706,783.5032653808594,154.3479323387146,779.8294830322266,171.51870489120483,782.8468322753906,185.51309823989868,42,1787749241.8288558
782.8022003173828,243.62873554229736,749.6334075927734,227.73864269256592,724.4259643554688,201.39325618743896,711.2298583984375,174.0637457370758,713.0502319335938,147.57938861846924,731.46484375,177.20641493797302,720.9536743164062,155.7686984539032,719.7017669677734,166.0600769519806,724.2758941650391,174.434974193573,748.524169921875,172.95980215072632,738.2203674316406,148.21346282958984,741.1769104003906,175.0262188911438,749.6257019042969,190.92639684677124,767.6564025878906,171.06420993804932,754.8555755615234,147.89687633514404,756.2679290771484,175.6073784828186,764.8329925537109,193.63858222961426,788.0968475341797,171.90825819969177,773.2640838623047,150.17607808113098,771.6800689697266,169.11297798156738,778.829345703125,185.18168449401855,43,1787749241.8716607
781.4830780029297,243.9017629623413,746.6411590576172,226.5378713607788,722.8520202636719,201.23037099838257,710.2685546875,174.2695140838623,712.4355316162109,147.94610023498535,733.0975341796875,177.7600872516632,722.9015350341797,156.03482723236084,721.6001129150391,168.3405876159668,726.5602111816406,177.85646438598633,749.1466522216797,173.85350346565247,737.8990173339844,149.64255452156067,740.1152801513672,176.59818649291992,748.8845062255859,192.51188278198242,767.6334381103516,172.1030294895172,753.941650390625,149.74897384643555,755.4385375976562,177.34931230545044,764.8857116699219,195.08015155792236,788.0063629150391,172.6548671722412,772.6795196533203,151.34051084518433,770.8005523681641,169.73992824554443,778.6509704589844,185.51369905471802,44,1787749241.9186194
781.5222930908203,242.3466396331787,746.6611480712891,226.3950490951538,722.0462799072266,201.05162858963013,709.0296173095703,174.08358335494995,711.0973358154297,147.70907878875732,732.2066497802734,177.67659544944763,722.3546600341797,156.31311178207397,719.6381378173828,164.60280060768127,723.2670593261719,171.87105059623718,748.4343719482422,173.4659993648529,737.7711486816406,149.86146569252014,739.79736328125,176.4311707019806,748.3158111572266,192.6567006111145,766.8817138671875,171.57653331756592,753.9785766601562,149.56974864006042,755.3132629394531,177.11994051933289,764.4886016845703,195.3383731842041,787.0281982421875,172.13583827018738,772.5822448730469,151.01658582687378,770.6395721435547,169.7453248500824,778.1047821044922,186.29598140716553,45,1787749241.9632127
780.3865051269531,242.125346660614,747.0775604248047,227.26253986358643,722.8218841552734,201.04429006576538,711.4649963378906,174.0491008758545,713.7014770507812,148.7013030052185,730.3195953369141,176.21760249137878,721.0565185546875,157.03341364860535,717.0552062988281,160.60301542282104,718.5954284667969,164.20963168144226,747.8031921386719,172.24823355674744,737.7996826171875,149.56166982650757,740.3900146484375,177.17599868774414,748.5259246826172,193.58534574508667,767.1576690673828,171.28198385238647,755.8991241455078,150.9349501132965,757.4193572998047,179.55376625061035,765.5242156982422,196.85837030410767,787.8892517089844,173.27857732772827,774.2483520507812,153.53643536567688,772.7777099609375,173.00784587860107,779.4114685058594,188.01167249679565,46,1787749242.0148113
779.8843383789062,241.48996353149414,747.0679473876953,227.0068073272705,722.6772308349609,200.23409128189087,711.0695648193359,172.99931645393372,713.2636260986328,147.64893293380737,730.0601959228516,175.15849471092224,721.2125396728516,156.20664954185486,716.9900512695312,158.9564609527588,718.1271362304688,161.70117616653442,747.8302001953125,171.52637600898743,738.3997344970703,149.126079082489,740.7464599609375,176.84581875801086,748.4241485595703,193.0286693572998,767.4724578857422,171.02706670761108,756.8232727050781,150.7823646068573,757.9341888427734,179.21090483665466,765.5590057373047,196.2151551246643,788.3560943603516,173.51961135864258,775.1976776123047,154.0701949596405,773.424072265625,173.38860154151917,779.7227478027344,188.0118441581726,47,1787749242.0614612
784.9463653564453,242.4620819091797,750.9178924560547,226.55542373657227,728.0539703369141,201.24672174453735,718.3771514892578,174.46629166603088,719.8412322998047,151.67485356330872,733.7934112548828,179.06415581703186,725.3603363037109,157.1687364578247,718.4627532958984,156.30503296852112,717.6193237304688,161.03180408477783,750.7456970214844,174.899640083313,742.6589965820312,151.92280769348145,743.2075500488281,175.23330688476562,749.5090484619141,191.4210820198059,769.5364379882812,173.04068684577942,760.0875854492188,152.05337762832642,760.0034332275391,176.0810887813568,766.3925933837891,192.69120454788208,790.0169372558594,174.41806554794312,778.3863067626953,154.9764060974121,776.3526916503906,172.32216596603394,781.6121673583984,187.1688151359558,48,1787749242.104232
785.0633239746094,243.2071352005005,750.0537109375,225.76370000839233,728.2027435302734,200.45147895812988,719.9303436279297,173.58022928237915,723.1706237792969,150.56700468063354,734.56298828125,181.63822889328003,722.9901123046875,161.38212203979492,715.4048919677734,161.3096809387207,715.1700592041016,166.14444851875305,750.8323669433594,176.48428916931152,740.9194183349609,153.3262038230896,741.6985321044922,175.838702917099,748.4687042236328,191.8289279937744,769.3142700195312,173.56322407722473,757.7623748779297,151.6996693611145,757.9364013671875,175.86893677711487,765.3269195556641,192.81922101974487,789.6929168701172,173.60424041748047,776.4488220214844,153.569233417511,774.4792938232422,171.05070233345032,780.3934478759766,186.68567419052124,49,1787749242.1618366
812.3146057128906,245.14407634735107,779.1507720947266,227.02556133270264,758.0581665039062,201.82346105575562,755.4935455322266,177.27304100990295,762.7574920654297,159.18988823890686,760.3221893310547,184.55185890197754,749.8549652099609,164.36158418655396,748.3053588867188,161.1794650554657,751.7896270751953,167.92398691177368,778.0940246582031,181.1733913421631,773.2176208496094,160.47659754753113,774.4692230224609,167.18757033348083,778.5294342041016,180.5239748954773,797.0484924316406,180.7244110107422,793.0350494384766,161.0118269920349,791.9384765625,171.23790979385376,794.8245239257812,185.81867694854736,815.5526733398438,184.7885799407959,810.3199005126953,166.53705954551697,807.5541687011719,175.05653858184814,808.7611389160156,187.9221510887146,50,1787749242.1854002
831.9997406005859,246.36746406555176,802.2495269775391,232.02605724334717,782.2296905517578,207.75088548660278,778.9586639404297,184.28104162216187,782.6405334472656,166.57228231430054,778.9437103271484,191.8097448348999,765.1103210449219,169.57403898239136,763.0728149414062,165.27364253997803,767.7046203613281,169.53363418579102,793.4222412109375,186.03336095809937,790.5361938476562,163.62609028816223,794.5095825195312,173.50754141807556,800.3768920898438,187.2188115119934,810.0361633300781,181.4893126487732,809.1064453125,161.70613288879395,811.0382843017578,176.58315539360046,815.4004669189453,191.06123685836792,827.5881958007812,180.56369304656982,824.1438293457031,162.3652482032776,823.890380859375,174.95951771736145,826.8278503417969,187.80235290527344,51,1787749242.2557468
833.8851165771484,246.78987979888916,804.2694854736328,232.02099323272705,785.24658203125,206.37898921966553,784.8606109619141,181.74489498138428,791.5788269042969,164.71328616142273,784.5054626464844,190.6287145614624,771.8617248535156,168.3548355102539,766.4820098876953,163.67742776870728,766.820068359375,166.97484970092773,798.4433746337891,185.8856463432312,794.9446868896484,163.88909697532654,797.0449066162109,176.16003155708313,801.6909027099609,190.51801443099976,814.1461944580078,182.53374338150024,811.9443511962891,162.3338770866394,812.7573394775391,179.3787682056427,816.8626403808594,194.41178798675537,830.8935546875,182.16110944747925,826.2291717529297,164.2837357521057,825.7109832763672,177.88865089416504,828.6618804931641,190.82473039627075,52,1787749242.3152046
852.9067993164062,250.91061115264893,824.1461944580078,232.36435890197754,806.7682647705078,207.1502423286438,804.4882965087891,183.4449863433838,811.2693023681641,166.7263162136078,809.0363311767578,193.07729244232178,798.7202453613281,169.5684278011322,796.4471435546875,169.46309208869934,799.0036773681641,176.89563274383545,821.773681640625,189.23184156417847,816.6838073730469,166.68886184692383,817.5067901611328,173.72026205062866,821.2948608398438,184.87529039382935,836.15478515625,186.45787954330444,832.2660064697266,165.89251399040222,831.3939666748047,176.5120768547058,834.3934631347656,188.6437726020813,850.8759307861328,186.5824842453003,845.1145172119141,166.69705867767334,842.9793548583984,175.3991425037384,845.1505279541016,186.71833276748657,53,1787749242.3728874
854.5126342773438,253.24739456176758,825.7436370849609,233.0517339706421,807.9271697998047,207.57877349853516,803.4218597412109,184.43873405456543,808.4246063232422,168.9769470691681,814.8031616210938,195.0850009918213,805.2833557128906,173.81346344947815,797.0352172851562,167.78915762901306,791.0482025146484,168.32013845443726,827.3728179931641,191.61312818527222,820.6107330322266,171.08534574508667,816.3943481445312,170.93859672546387,814.4411468505859,175.6682002544403,841.4293670654297,189.436354637146,835.3746032714844,169.85863208770752,831.6560363769531,173.62958192825317,831.6483306884766,181.06372117996216,856.1849212646484,189.54201221466064,848.2753753662109,170.6939148902893,844.9509429931641,173.8765275478363,845.6973266601562,181.90496921539307,54,1787749242.430152
1021.9447326660156,280.9678316116333,999.759521484375,243.38111400604248,990.6159973144531,207.6099944114685,992.5936126708984,179.3345010280609,1002.2225189208984,169.04006481170654,1003.3675384521484,190.51567554473877,1006.5090942382812,165.92270493507385,1002.9331207275391,176.97475790977478,1001.5215301513672,192.392578125,1020.3606414794922,196.36913537979126,1024.5104217529297,175.23862838745117,1019.5552062988281,191.6711926460266,1017.7792358398438,207.64694452285767,1037.8935241699219,204.8056697845459,1040.5445098876953,188.0248475074768,1033.895034790039,203.85215520858765,1032.0234680175781,219.12338733673096,1055.0861358642578,216.96341514587402,1055.9607696533203,199.9135136604309,1048.0240631103516,211.99808835983276,1045.150146484375,223.94293069839478,55,1787749242.984004
1045.3221130371094,277.7392244338989,1025.0212097167969,245.98809242248535,1015.0756072998047,213.664813041687,1019.2364501953125,187.02524185180664,1033.809585571289,168.98309469223022,1020.9548187255859,193.24303150177002,1017.0352935791016,170.79410076141357,1015.2617645263672,171.60762548446655,1017.1427154541016,175.9353804588318,1039.926528930664,196.51723623275757,1044.6419525146484,167.6578688621521,1039.3540954589844,183.3541989326477,1037.0297241210938,199.79740619659424,1059.2488861083984,203.9340376853943,1063.416748046875,184.2734456062317,1054.8828125,205.8315396308899,1051.466064453125,223.54783058166504,1077.7103424072266,216.36043310165405,1080.4762268066406,195.9784984588623,1071.5711975097656,211.41722917556763,1067.425308227539,225.41778087615967,56,1787749243.049546
1054.805679321289,282.233190536499,1034.836654663086,253.41854095458984,1028.371353149414,220.8887529373169,1037.0821380615234,194.68481540679932,1051.7167663574219,177.73958444595337,1024.728775024414,201.0914969444275,1019.9089050292969,181.3259768486023,1024.5528411865234,171.15302324295044,1030.9180450439453,166.2175977230072,1045.73974609375,201.6744589805603,1048.4664916992188,175.8518671989441,1050.2669525146484,178.98232698440552,1050.5509948730469,186.9983983039856,1066.0696411132812,207.4339771270752,1072.602767944336,189.41813707351685,1068.3466339111328,210.54823637008667,1064.4078826904297,228.47384691238403,1085.1499938964844,218.36277723312378,1091.31591796875,201.2215518951416,1085.2949523925781,216.32979154586792,1080.2864074707031,230.52974939346313,57,1787749243.0984724
1056.303482055664,280.59850215911865,1035.7901763916016,254.9868392944336,1028.0078125,223.11324834823608,1033.8137817382812,196.25712633132935,1046.2739562988281,178.5794162750244,1026.4643096923828,200.92438459396362,1022.7748870849609,182.37120151519775,1028.0782318115234,172.11269617080688,1035.8430480957031,166.2907361984253,1047.0770263671875,200.7987928390503,1048.846664428711,177.19140529632568,1050.9489440917969,178.97592186927795,1053.6084747314453,182.93847799301147,1067.1817016601562,206.43374919891357,1073.0188751220703,189.86655950546265,1068.1446075439453,210.5064582824707,1065.0003051757812,226.57771825790405,1085.9449768066406,217.15140581130981,1090.9733581542969,201.7652678489685,1084.4190979003906,216.54207229614258,1079.7718048095703,229.43918466567993,58,1787749243.1402783
1058.1056213378906,279.22473907470703,1038.6166381835938,255.11170148849487,1031.2918853759766,225.94227075576782,1042.1150207519531,205.16051530838013,1058.4263610839844,193.66167068481445,1030.8348846435547,203.8206124305725,1026.8504333496094,185.7414722442627,1030.6137084960938,175.52068948745728,1036.5196990966797,167.80212879180908,1051.1036682128906,202.94376611709595,1054.006118774414,180.8662247657776,1057.059555053711,178.49479794502258,1060.512466430664,177.371928691864,1070.4499053955078,208.44555616378784,1079.2145538330078,192.65262365341187,1075.1542663574219,215.3939151763916,1071.473159790039,232.10439920425415,1089.1464233398438,219.81016159057617,1096.9874572753906,206.09137058258057,1090.6648254394531,222.69381523132324,1084.9581146240234,235.54994344711304,59,1787749243.1904721
1055.7868957519531,275.6800603866577,1037.178726196289,252.2303009033203,1031.8059539794922,224.09210443496704,1043.3885955810547,204.21841621398926,1059.8479461669922,193.3599328994751,1032.987060546875,202.3381233215332,1029.560317993164,185.3187131881714,1032.4330139160156,175.3607439994812,1038.2734680175781,167.93896436691284,1052.5665283203125,202.9422640800476,1058.7779235839844,181.40661478042603,1059.984130859375,185.27890920639038,1061.8560791015625,189.93700504302979,1071.296615600586,208.84042024612427,1082.8895568847656,195.09916305541992,1076.9547271728516,217.10540056228638,1072.4694061279297,233.54369401931763,1088.8395690917969,220.30034065246582,1099.407730102539,207.100567817688,1092.3395538330078,222.3356008529663,1086.0494232177734,235.1605725288391,60,1787749243.2653077
1059.1033935546875,274.8917484283447,1039.3739318847656,250.90097665786743,1035.185546875,218.3888053894043,1050.533218383789,196.03763580322266,1070.8689880371094,185.0472092628479,1039.4605255126953,202.928466796875,1039.3278503417969,184.59561109542847,1046.1536407470703,175.16573667526245,1056.0025024414062,167.07969188690186,1060.5399322509766,206.42574548721313,1072.1247100830078,192.66391038894653,1066.375732421875,215.49989461898804,1062.934799194336,229.76662874221802,1079.3758392333984,214.28566932678223,1092.1615600585938,203.08703899383545,1082.5945281982422,225.2557110786438,1077.8504943847656,237.11407899856567,1095.9721374511719,225.94154119491577,1107.3114776611328,213.85183811187744,1098.0911254882812,229.0119194984436,1092.2554779052734,239.02040004730225,61,1787749243.3204093
1061.6337585449219,277.98377752304077,1042.5056457519531,254.4358491897583,1037.0301818847656,222.22833395004272,1048.926010131836,197.74429321289062,1066.239242553711,184.04256105422974,1038.3621215820312,206.1162829399109,1035.7820129394531,187.96907901763916,1039.1336059570312,179.18066024780273,1046.5338134765625,171.49475812911987,1058.8571166992188,209.75910902023315,1070.7470703125,191.35585069656372,1066.907958984375,212.17080116271973,1064.3580627441406,225.35415887832642,1078.3158111572266,217.10089445114136,1089.5419311523438,201.6356635093689,1081.1354064941406,223.61668825149536,1077.0479583740234,236.83725357055664,1095.583267211914,227.98062086105347,1105.4483032226562,212.71271467208862,1097.325668334961,227.95961380004883,1091.2116241455078,239.8037338256836,62,1787749243.363573
1061.9227600097656,277.99879789352417,1042.9072570800781,254.1126537322998,1037.5100708007812,221.83035850524902,1050.3231811523438,198.30429553985596,1068.4677124023438,186.095073223114,1036.5864562988281,205.99056243896484,1034.1614532470703,188.2893991470337,1039.0828704833984,179.49658155441284,1047.8407287597656,171.5656328201294,1057.6390075683594,209.23554182052612,1069.0899658203125,191.31332159042358,1065.5023193359375,212.79242992401123,1062.7445220947266,226.2490725517273,1077.4373626708984,216.27756357192993,1088.7632751464844,201.01967811584473,1081.0432434082031,223.11311960220337,1076.7700958251953,235.9201741218567,1095.0399017333984,227.22460269927979,1105.6534576416016,212.39999055862427,1097.1366119384766,227.8219199180603,1090.1957702636719,239.1054368019104,63,1787749243.4021819
1059.7652435302734,283.0176830291748,1040.229721069336,257.912700176239,1033.0244445800781,224.2011308670044,1044.3150329589844,198.69508266448975,1064.1719055175781,184.86846685409546,1036.7416381835938,211.6477918624878,1034.3732452392578,192.7667999267578,1037.5384521484375,182.00099229812622,1044.9732208251953,172.31392621994019,1056.9471740722656,214.1328263282776,1066.6079711914062,192.17793703079224,1060.4987335205078,213.78888130187988,1057.8617858886719,228.23208332061768,1076.2142944335938,220.99353075027466,1084.841079711914,201.25367403030396,1074.9699401855469,224.19143199920654,1071.589126586914,238.4584665298462,1094.1666412353516,231.72024250030518,1100.8621978759766,213.07451248168945,1091.636734008789,228.17092895507812,1086.2629699707031,241.20873928070068,64,1787749243.470952
1059.2113494873047,281.897656917572,1040.230712890625,257.4250531196594,1034.2658233642578,225.00298261642456,1045.7475280761719,201.54584169387817,1064.666748046875,188.9717960357666,1035.4483032226562,209.22916889190674,1034.0274047851562,192.33198165893555,1039.963607788086,181.43777132034302,1049.3971252441406,172.36313939094543,1055.8615112304688,212.20637798309326,1069.283447265625,193.26714992523193,1065.1898956298828,213.87677192687988,1061.4390563964844,228.883216381073,1075.6246948242188,219.5122218132019,1087.906723022461,204.01660680770874,1079.9502563476562,225.5434799194336,1075.2745056152344,239.51431274414062,1093.3946228027344,231.12558603286743,1103.464126586914,215.37230730056763,1095.0338745117188,229.83132362365723,1087.9769897460938,241.94795608520508,65,1787749243.5109935
1053.0657958984375,294.78118658065796,1035.8897399902344,268.9831209182739,1030.42724609375,238.1866192817688,1039.8602294921875,213.22471618652344,1053.506851196289,195.9255838394165,1033.3419799804688,225.0543737411499,1032.9753875732422,208.08693408966064,1029.820785522461,205.06734609603882,1029.1895294189453,204.80697870254517,1051.6065216064453,229.49100494384766,1058.9689636230469,210.5313277244568,1052.8470611572266,226.18592262268066,1048.8960266113281,239.3353772163391,1069.56298828125,237.2195863723755,1074.526138305664,222.6375961303711,1065.990219116211,238.8779640197754,1062.3172760009766,250.22677659988403,1085.8326721191406,248.37495803833008,1090.514907836914,233.8323211669922,1081.4151000976562,245.25853157043457,1076.1038208007812,254.38802003860474,66,1787749243.5641453
1048.2606506347656,308.0481433868408,1030.018539428711,281.4235496520996,1026.856918334961,249.79470491409302,1031.038589477539,226.02651357650757,1033.1480407714844,208.51430654525757,1050.321044921875,238.3871841430664,1056.3011169433594,227.95618057250977,1047.1492767333984,241.450674533844,1040.46142578125,252.8895878791809,1066.7201232910156,249.170823097229,1067.02392578125,243.61178398132324,1055.1146697998047,256.37341260910034,1050.687484741211,265.2180290222168,1079.5941925048828,263.90153646469116,1077.2533416748047,258.56093645095825,1064.892807006836,269.21765327453613,1060.9384155273438,277.4622917175293,1089.9993133544922,279.77678060531616,1085.9849548339844,274.91743326187134,1074.3890380859375,281.2819504737854,1070.0057983398438,286.6570544242859,67,1787749243.6081452
1047.7349090576172,302.4402666091919,1030.1754760742188,283.24172258377075,1024.9884796142578,251.42394304275513,1026.9200134277344,228.42767000198364,1024.0565490722656,211.56732559204102,1053.444595336914,237.99319982528687,1059.0484619140625,225.20865440368652,1054.2353820800781,227.04695463180542,1049.3143463134766,229.1491413116455,1069.6302795410156,246.8280529975891,1067.6815795898438,240.8501386642456,1056.4768981933594,252.23770380020142,1051.6213989257812,258.85185956954956,1081.974868774414,260.48588275909424,1077.4998474121094,255.64880847930908,1066.1656188964844,266.6796827316284,1061.9385528564453,272.7239227294922,1090.9623718261719,276.4705181121826,1083.9014434814453,272.78385400772095,1073.420639038086,280.96439838409424,1069.7563934326172,285.7826542854309,68,1787749243.6642318
1062.2193145751953,382.71998405456543,1040.7750701904297,344.77324962615967,1033.1204223632812,301.201171875,1036.4326477050781,267.3264813423157,1041.1547088623047,243.39141368865967,1052.5338745117188,279.03082609176636,1062.6830291748047,250.9134006500244,1054.346923828125,262.78719663619995,1046.6908264160156,278.830668926239,1068.6042022705078,287.72573232650757,1077.7375793457031,263.9969801902771,1066.3919067382812,278.43775749206543,1058.8690185546875,292.02394008636475,1083.7018585205078,298.49329948425293,1090.7510375976562,277.2719407081604,1077.7688598632812,292.15813636779785,1070.1582336425781,305.5108380317688,1097.6333618164062,311.8084931373596,1100.4251861572266,293.56460094451904,1089.2479705810547,305.1171112060547,1082.8207397460938,315.5601954460144,69,1787749243.8321934
1067.948226928711,408.52004528045654,1053.6152648925781,378.2501792907715,1051.2153625488281,341.8296217918396,1058.136215209961,317.42390155792236,1069.9418640136719,304.26292419433594,1074.8807525634766,315.55521726608276,1085.6890106201172,292.43393182754517,1078.517837524414,306.0389542579651,1072.4357604980469,321.7386531829834,1094.9931335449219,329.2156434059143,1102.0346069335938,314.9604535102844,1091.0585021972656,332.07483530044556,1087.1145629882812,342.8371024131775,1112.1400451660156,348.0694270133972,1114.2542266845703,339.8852562904358,1101.1332702636719,356.06000661849976,1096.3507080078125,364.31106090545654,1126.3240051269531,369.20401096343994,1129.3952178955078,362.0908784866333,1115.7925415039062,373.93723011016846,1108.8209533691406,381.26554012298584,70,1787749243.9042368
1068.6233520507812,434.2041492462158,1050.263671875,407.0915222167969,1046.8204498291016,370.7585334777832,1063.9057922363281,343.99317741394043,1084.2655944824219,329.9907159805298,1054.7401428222656,346.7078733444214,1058.6647033691406,316.3713598251343,1053.6853790283203,326.7643618583679,1052.8314971923828,339.3895196914673,1076.3455963134766,356.0588049888611,1091.1872100830078,328.7980341911316,1080.8460998535156,350.85559844970703,1074.5271301269531,366.0585308074951,1097.3649597167969,368.9986181259155,1108.4053802490234,348.3017921447754,1093.231201171875,371.19622707366943,1085.1297760009766,384.9955701828003,1116.2574768066406,385.4421901702881,1124.5557403564453,363.82800579071045,1111.3035583496094,379.5442485809326,1103.173599243164,391.6484785079956,71,1787749243.9620056
1062.8217315673828,437.64759063720703,1045.630874633789,404.8662757873535,1040.1891326904297,367.55953788757324,1050.6535339355469,337.1363568305969,1070.0144958496094,318.46232414245605,1047.5289916992188,348.26125860214233,1051.9013214111328,320.5146861076355,1047.9959869384766,337.4974250793457,1047.7493286132812,351.27466678619385,1069.2437744140625,356.28284454345703,1081.9463348388672,325.69626331329346,1070.2548217773438,348.664813041687,1066.191177368164,361.0845994949341,1090.7135772705078,369.0032958984375,1100.8709716796875,345.8940052986145,1084.4424438476562,369.1297245025635,1078.3000946044922,379.9619436264038,1110.3034210205078,385.57385444641113,1117.034683227539,362.60796546936035,1103.3551025390625,378.3891820907593,1095.9746551513672,390.05280017852783,72,1787749244.0037365
1061.586685180664,435.21132946014404,1043.5157775878906,403.0858039855957,1037.8575897216797,365.73426246643066,1047.170639038086,335.6161665916443,1065.8985900878906,319.6375608444214,1049.9043273925781,347.4299883842468,1053.888168334961,323.19831132888794,1048.8090515136719,341.6345715522766,1048.3574676513672,355.7502222061157,1070.6058502197266,355.9365391731262,1083.013687133789,326.95509910583496,1071.7028045654297,349.38952445983887,1068.00048828125,361.36170387268066,1090.9395599365234,368.5509252548218,1102.5276184082031,346.22318744659424,1085.8721923828125,369.5631694793701,1078.6308288574219,380.693736076355,1109.3184661865234,385.2526330947876,1117.1519470214844,363.18071365356445,1103.3948516845703,379.26976203918457,1095.69580078125,390.7192325592041,73,1787749244.0710797
1059.7404479980469,431.14819049835205,1043.1031799316406,402.26414680480957,1040.7011413574219,364.6461009979248,1060.0555419921875,336.4615988731384,1082.8266143798828,322.6127314567566,1039.7003173828125,340.26310443878174,1043.1607818603516,317.3439931869507,1042.0267486572266,326.66104316711426,1041.6785430908203,335.47003984451294,1063.0636596679688,349.1237497329712,1076.7156219482422,326.1682891845703,1068.7522888183594,348.94333362579346,1062.1745300292969,360.0399112701416,1085.0968170166016,362.1829319000244,1096.6544342041016,345.8228302001953,1083.460464477539,369.52656269073486,1075.3938293457031,378.740873336792,1103.8959503173828,379.1427755355835,1113.162612915039,361.40989780426025,1101.8724060058594,378.91146183013916,1093.5236358642578,389.4242191314697,74,1787749244.1103485
1059.0035247802734,432.34063625335693,1042.8010559082031,401.74933433532715,1041.036605834961,365.0891590118408,1060.7473754882812,338.04815769195557,1084.1392517089844,325.50614833831787,1039.1001892089844,343.3905816078186,1039.4979858398438,318.07859659194946,1037.9045104980469,323.55189085006714,1037.4674987792969,328.6360716819763,1062.3664093017578,351.57822847366333,1075.1345825195312,327.8807830810547,1066.3706970214844,349.2422819137573,1059.520263671875,357.6139712333679,1084.183120727539,363.9975643157959,1094.8914337158203,346.1891770362854,1081.8840789794922,369.5617961883545,1074.610595703125,377.70596981048584,1102.5897979736328,380.02983570098877,1111.4230346679688,361.43603324890137,1100.2958679199219,378.78833770751953,1092.3981475830078,389.02502059936523,75,1787749244.1799586
1061.8827056884766,438.8006401062012,1041.4070129394531,406.4913082122803,1035.7918548583984,370.620174407959,1052.6331329345703,342.923104763031,1075.1481628417969,327.6896381378174,1031.6565704345703,350.83590030670166,1030.1318359375,324.88542079925537,1032.8504943847656,317.4572253227234,1035.2938079833984,314.6924686431885,1055.3047943115234,356.86750173568726,1067.4439239501953,325.3990960121155,1066.504898071289,332.5458097457886,1063.7232208251953,339.12861585617065,1078.0072021484375,367.99830436706543,1087.303466796875,347.0167350769043,1077.2412109375,368.73730659484863,1069.9243927001953,382.67895698547363,1097.9981231689453,383.7363052368164,1106.5442657470703,362.34382152557373,1096.4141082763672,378.29172134399414,1086.9795227050781,391.7625904083252,76,1787749244.2382529
1057.3462677001953,445.78185081481934,1039.2640686035156,414.1789484024048,1034.7840118408203,379.3709993362427,1050.1971435546875,350.28083324432373,1071.950454711914,334.4227123260498,1029.9588012695312,356.03543758392334,1025.9158325195312,330.6575131416321,1029.6144104003906,321.3694095611572,1032.7149963378906,319.38249349594116,1054.9252319335938,362.4520540237427,1067.2228240966797,332.08423376083374,1063.8773345947266,344.8109292984009,1057.7906799316406,356.6999816894531,1077.721176147461,374.55267906188965,1088.2698822021484,356.9268751144409,1076.5364837646484,377.62829303741455,1067.9388427734375,389.3465852737427,1096.6915130615234,391.5251398086548,1105.3955078125,374.0718126296997,1094.3182373046875,388.4960460662842,1084.4481658935547,399.21046257019043,77,1787749244.2772243
1054.2581939697266,445.9172487258911,1037.1269989013672,414.43811416625977,1033.6676025390625,377.9026937484741,1048.9478302001953,349.1883373260498,1069.732437133789,333.7981653213501,1030.8839416503906,356.16907596588135,1027.3176574707031,330.96764087677,1028.8270568847656,322.30226039886475,1030.3079986572266,319.6714210510254,1055.572280883789,362.3086738586426,1066.6795349121094,328.3801245689392,1063.2003784179688,339.22356605529785,1060.0995635986328,349.2253518104553,1078.126449584961,374.45144176483154,1086.2083435058594,354.11454677581787,1074.3688201904297,376.61016941070557,1067.9415130615234,388.0268955230713,1097.742691040039,391.2666177749634,1104.3331909179688,370.48258781433105,1093.1121826171875,386.5847682952881,1084.6597290039062,398.01947593688965,78,1787749244.3486838
1052.9963684082031,452.23198413848877,1034.5867919921875,421.58068656921387,1027.7922058105469,384.800820350647,1040.2095031738281,354.51091289520264,1063.8736724853516,339.39756631851196,1029.1083526611328,359.7266721725464,1028.4989929199219,330.81443309783936,1029.6124267578125,333.320152759552,1031.3011932373047,338.67019414901733,1052.7467346191406,366.6129541397095,1065.0836181640625,333.21696281433105,1060.4965209960938,345.8435368537903,1057.897720336914,352.20378398895264,1075.2439880371094,379.03286933898926,1084.8733520507812,360.3383445739746,1070.5462646484375,383.8762950897217,1063.39599609375,393.7278985977173,1095.7876586914062,396.4137554168701,1104.0508270263672,376.6608953475952,1091.89453125,393.0698776245117,1082.5811004638672,403.3569002151489,79,1787749244.407292
1051.4099884033203,455.1669216156006,1034.1426849365234,424.12432193756104,1028.4740447998047,386.49035453796387,1041.2017822265625,355.8138656616211,1063.1991577148438,339.2148756980896,1028.9373016357422,359.31509256362915,1030.0895690917969,328.9158368110657,1029.8491668701172,336.45065546035767,1029.0027618408203,345.1490378379822,1053.1727600097656,366.2312650680542,1066.0979461669922,332.05612421035767,1060.1657104492188,348.34672451019287,1056.6947174072266,356.17130756378174,1075.9902954101562,378.7878656387329,1084.9919891357422,359.5030188560486,1070.6592559814453,383.96302700042725,1063.8290405273438,392.83628940582275,1096.658935546875,395.898814201355,1103.5810852050781,375.9343385696411,1091.0344696044922,393.30904483795166,1082.1739196777344,403.3756971359253,80,1787749244.4643373
1039.4811248779297,467.0221996307373,1023.5978698730469,432.15781688690186,1021.45263671875,394.78074073791504,1041.1000061035156,365.61294078826904,1063.8697814941406,346.6185235977173,1019.4545745849609,370.0050687789917,1016.7160797119141,344.46730613708496,1017.4560546875,336.52541399002075,1019.5694732666016,334.23463582992554,1044.603500366211,376.1540222167969,1057.4369049072266,343.33524227142334,1051.6712951660156,359.7293972969055,1047.094955444336,368.9719247817993,1068.2252502441406,388.2776069641113,1078.1593322753906,368.4260845184326,1064.1539764404297,392.93559551239014,1056.6146087646484,402.31929302215576,1088.4648895263672,405.07819175720215,1096.8061828613281,386.3364601135254,1084.7250366210938,403.34831714630127,1076.2603759765625,412.2623920440674,81,1787749244.5019584
1028.0912017822266,467.9961633682251,1011.0704040527344,430.88902473449707,1007.7333068847656,392.16500759124756,1019.9650573730469,364.68159198760986,1038.7348937988281,349.8462510108948,1022.6663970947266,373.0313301086426,1022.8939056396484,345.44474601745605,1013.6465454101562,341.9924211502075,1009.3814086914062,347.2432208061218,1043.9600372314453,379.3401861190796,1047.777328491211,348.9875364303589,1033.0497741699219,368.9118432998657,1030.7321166992188,386.7613220214844,1065.1513671875,391.3615894317627,1067.2801971435547,365.696325302124,1050.6641387939453,386.7925214767456,1049.0388488769531,403.5495901107788,1085.4602813720703,408.6733388900757,1087.1731567382812,383.3391237258911,1072.5152587890625,396.7837715148926,1069.4721984863281,410.2945947647095,82,1787749244.5705698
1032.0565795898438,465.09358406066895,1012.2918701171875,431.1870288848877,1005.7939147949219,392.8594207763672,1016.0328674316406,363.80212783813477,1034.4026184082031,348.59310150146484,1020.3098297119141,372.7565002441406,1017.9875183105469,344.4736361503601,1010.3089141845703,344.18936491012573,1008.1542205810547,351.54541969299316,1042.4165344238281,377.4645709991455,1047.3345947265625,343.7701678276062,1032.6322937011719,358.3497977256775,1027.1202850341797,376.044545173645,1064.62646484375,388.32090854644775,1064.5368957519531,364.6342134475708,1049.4163513183594,385.8532762527466,1046.9720458984375,403.6511707305908,1085.6210327148438,404.8640012741089,1083.8174438476562,382.4928331375122,1071.3098907470703,396.3901948928833,1069.343490600586,410.10186195373535,83,1787749244.6106386
1015.2879333496094,463.73531341552734,992.2756958007812,426.9475507736206,983.2254028320312,387.03962802886963,985.8238983154297,357.1153163909912,992.2035217285156,337.8413486480713,1006.4212799072266,370.9056043624878,1007.6764678955078,343.0844235420227,993.9017486572266,344.14870262145996,983.8311004638672,352.3640513420105,1026.6206359863281,376.66630268096924,1026.5180969238281,349.22895669937134,1009.5819091796875,361.8761730194092,1003.9881134033203,376.24603271484375,1047.1835327148438,387.7884578704834,1043.536376953125,362.3315906524658,1026.7920684814453,379.58227157592773,1023.6402130126953,394.314980506897,1068.014907836914,404.42338943481445,1062.3921966552734,380.44079303741455,1047.3020935058594,393.94535064697266,1044.2048645019531,407.2193241119385,84,1787749244.6812751
1011.5981292724609,461.4978790283203,988.5295867919922,427.0652675628662,979.1204071044922,385.5130863189697,981.3763427734375,354.2040467262268,988.3419036865234,333.4038805961609,1004.4966888427734,370.3662443161011,1007.6329803466797,342.0271396636963,994.4090270996094,352.9166507720947,987.2834777832031,368.49127292633057,1024.963607788086,376.61506175994873,1026.0810852050781,349.908607006073,1009.9027252197266,365.2306079864502,1006.5438842773438,381.63302421569824,1045.5187225341797,387.5515651702881,1044.1783905029297,363.1990385055542,1027.038803100586,379.8508358001709,1023.6073303222656,395.51090240478516,1065.6716918945312,403.0924987792969,1061.0798645019531,380.02206802368164,1045.8704376220703,392.54382133483887,1042.2885131835938,406.17176055908203,85,1787749244.737171
931.2089538574219,502.5106143951416,893.9958953857422,474.395956993103,869.6077728271484,432.80982971191406,861.7315673828125,395.87546825408936,859.7426605224609,364.54984188079834,896.3037109375,392.0723533630371,890.1926422119141,356.2502717971802,877.5206756591797,369.5210266113281,872.9254913330078,384.1943407058716,920.5278778076172,393.37998390197754,907.0140838623047,367.2977542877197,897.4536895751953,399.6209907531738,906.40625,410.8590602874756,946.1495971679688,399.76707458496094,930.6400299072266,383.8720893859863,921.3914489746094,413.55865001678467,929.9580383300781,421.8776607513428,971.9820404052734,410.0818634033203,954.7628021240234,394.324893951416,945.0818634033203,414.97597217559814,952.8225708007812,423.4915351867676,86,1787749244.8813827
899.0740203857422,530.12131690979,864.9787139892578,502.77209758758545,842.2042846679688,460.3440570831299,835.2396392822266,422.10944652557373,838.3534240722656,388.832802772522,859.0328216552734,412.47241973876953,842.41455078125,382.3740005493164,835.2219390869141,405.5672550201416,838.6819458007812,423.62680435180664,886.1850738525391,412.4042272567749,868.6153411865234,386.8704557418823,860.2859497070312,423.1692409515381,868.4902191162109,437.42116928100586,914.7841644287109,420.32318115234375,895.0567626953125,406.81840896606445,884.8628997802734,440.4239559173584,892.2012329101562,449.34403896331787,943.5215759277344,434.0573787689209,921.8086242675781,421.519832611084,911.1083221435547,445.10786533355713,916.793212890625,453.5237789154053,87,1787749244.9362066
896.2963104248047,533.7414836883545,862.2248840332031,503.62396717071533,841.0248565673828,459.36734676361084,835.3981781005859,421.0448455810547,837.5538635253906,387.5135850906372,857.5039672851562,415.6958770751953,843.2003784179688,386.62944316864014,835.8120727539062,409.5578670501709,839.3592071533203,424.5096158981323,885.0416564941406,415.74029445648193,869.0917205810547,388.9959239959717,860.2752685546875,425.82831859588623,868.9472961425781,438.0609941482544,913.4156799316406,423.10049057006836,894.2661285400391,410.24142265319824,883.8729858398438,444.2040681838989,891.6830444335938,451.76429271698,941.1022186279297,435.8149766921997,919.82177734375,423.48938941955566,908.460693359375,447.08643436431885,913.9345550537109,455.4658269882202,88,1787749244.9816053
889.6109008789062,543.8852548599243,857.3270416259766,511.95263385772705,837.2348022460938,468.33970069885254,834.0177917480469,432.192964553833,839.9021911621094,400.8031368255615,856.7469787597656,421.19032859802246,838.0606842041016,396.8043279647827,833.7421417236328,429.19296741485596,841.2916564941406,443.76328468322754,884.2963409423828,423.6783027648926,865.7750701904297,400.7838249206543,858.6090087890625,440.91705322265625,867.8852844238281,451.66876316070557,911.9261169433594,433.1830644607544,892.4694061279297,423.59341621398926,883.4415435791016,460.0829601287842,891.0706329345703,466.7694282531738,938.8643646240234,447.80234813690186,917.5064086914062,437.15153217315674,907.4272918701172,463.0051517486572,912.9857635498047,470.724892616272,89,1787749245.0441647
890.2589416503906,543.1243658065796,857.8676605224609,512.4953842163086,837.3808288574219,470.8906316757202,836.7803955078125,434.2012310028076,846.3772583007812,402.65424728393555,852.3918914794922,424.0042018890381,835.7205200195312,393.87617111206055,831.5753173828125,423.3037805557251,838.2349395751953,441.0050296783447,881.6988372802734,425.40045261383057,866.06201171875,399.80968952178955,859.1063690185547,439.7979497909546,868.3098602294922,452.14932918548584,910.8814239501953,434.8947858810425,893.3546447753906,422.494912147522,884.1387176513672,459.86533641815186,892.3353576660156,467.96058654785156,938.785400390625,449.45733547210693,918.6251831054688,437.591757774353,907.9951477050781,463.46134185791016,913.3531188964844,472.12191581726074,90,1787749245.085358
890.455322265625,566.4667081832886,856.9558715820312,534.3397665023804,835.9146118164062,488.7214422225952,831.6481781005859,450.54991722106934,833.9382934570312,416.6749048233032,856.2534332275391,443.3542585372925,839.9266052246094,415.7606363296509,837.4082946777344,449.70195293426514,844.1245269775391,468.31369400024414,885.0478363037109,447.19282150268555,868.7844848632812,423.3430480957031,861.9400787353516,464.5446968078613,868.7944030761719,479.16123390197754,912.5450897216797,457.49911308288574,893.6256408691406,445.4193449020386,884.7882080078125,482.1712303161621,891.9715118408203,492.9159450531006,938.4384155273438,472.20568656921387,917.1501159667969,458.10267448425293,907.8049468994141,483.4553003311157,913.9592742919922,494.02371883392334,91,1787749245.1349921
889.0245819091797,577.2259283065796,856.4501190185547,542.7926301956177,841.8402862548828,491.9360589981079,838.7863922119141,454.39178466796875,836.0518646240234,421.917142868042,868.1018829345703,449.00311946868896,853.3522796630859,425.6477737426758,848.2684326171875,457.3574924468994,853.623046875,475.64260482788086,895.3556823730469,454.0263605117798,877.8962707519531,435.7494878768921,869.7087860107422,474.24910068511963,876.9908905029297,486.75325870513916,921.1756896972656,465.9877681732178,902.0555114746094,457.03386783599854,892.6169586181641,491.512656211853,899.0505981445312,501.220064163208,944.9285888671875,482.6700782775879,926.7011260986328,471.11207485198975,916.0869598388672,495.3606605529785,920.1343536376953,505.27676582336426,92,1787749245.2013593
891.1432647705078,576.9894218444824,857.4000549316406,543.5803842544556,840.7588195800781,493.89166831970215,837.528076171875,455.49702644348145,836.3588714599609,423.5347509384155,866.4807891845703,446.8118619918823,850.3451538085938,424.2759418487549,846.8689727783203,458.14181327819824,852.7761077880859,476.2478828430176,895.2951812744141,451.382474899292,875.7112121582031,434.5521926879883,867.3426055908203,474.7437858581543,875.7632446289062,485.03814697265625,921.888427734375,463.97679805755615,901.3567352294922,455.451021194458,890.6490325927734,491.81087493896484,898.5131072998047,499.45409774780273,945.8738708496094,481.46424293518066,925.6916046142578,472.31091499328613,913.5417175292969,497.6391649246216,918.5848236083984,506.55160903930664,93,1787749245.2503955
897.5502014160156,588.6389636993408,863.7547302246094,551.7988443374634,848.7982940673828,500.4942798614502,846.1029052734375,463.92409801483154,842.6518249511719,432.47315883636475,885.9368896484375,456.4311647415161,863.8051605224609,437.3286008834839,856.2160491943359,468.2586336135864,862.3828125,483.2466459274292,911.3212585449219,462.6712703704834,884.5664215087891,447.4853324890137,874.2875671386719,483.5385990142822,884.0341186523438,493.9697313308716,934.6296691894531,475.9760570526123,907.4397277832031,463.8683080673218,895.7437133789062,497.0340585708618,903.7541198730469,507.29430198669434,955.1758575439453,494.10487174987793,930.965576171875,481.46098136901855,917.9697418212891,503.7453317642212,922.4777221679688,514.2922925949097,94,1787749245.3034163
896.5478515625,588.2917785644531,863.851318359375,553.9026403427124,846.7984008789062,503.8076448440552,846.746826171875,466.33727073669434,847.5447082519531,436.03307247161865,879.1932678222656,459.06028747558594,860.0813293457031,438.0297088623047,855.0477600097656,470.0024127960205,862.5273132324219,483.41856479644775,906.5959930419922,464.42444801330566,884.9433898925781,446.4471244812012,874.8219299316406,483.91655445098877,884.5582580566406,493.33728790283203,931.6696929931641,477.3134708404541,909.5753479003906,464.60258960723877,896.97998046875,498.77058506011963,904.8996734619141,507.6766347885132,954.0272521972656,494.9201774597168,932.9974365234375,483.4594202041626,920.2396392822266,506.21360778808594,925.9548187255859,515.1089715957642,95,1787749245.3315208
911.4710235595703,608.4182596206665,877.3258209228516,574.4262170791626,855.8683013916016,525.6888914108276,854.3156433105469,486.28307819366455,860.1565551757812,456.11741065979004,887.2171783447266,487.22858905792236,888.7813568115234,464.2126178741455,885.7345581054688,484.0138864517212,883.5446929931641,501.80821895599365,913.9115142822266,492.70883560180664,913.9667510986328,472.7689504623413,910.5386352539062,502.52546310424805,909.7891998291016,523.0403709411621,939.1262817382812,504.16757583618164,939.4815826416016,488.14796447753906,931.7950439453125,517.6642370223999,926.0658264160156,536.7011404037476,960.6861877441406,521.4635324478149,961.1954498291016,505.9526824951172,952.1460723876953,526.9159269332886,945.4718780517578,541.667947769165,96,1787749245.3699918
906.390380859375,608.7046766281128,875.3643035888672,573.4662437438965,855.9091949462891,525.2559614181519,853.2046508789062,486.98461532592773,854.2996215820312,456.3631010055542,885.3211975097656,489.43817138671875,890.6149291992188,470.8658266067505,889.3714904785156,497.36952781677246,887.1164703369141,516.4904594421387,912.2315979003906,495.1950931549072,916.8793487548828,478.7270164489746,912.5035858154297,509.16691303253174,909.5418548583984,527.0376348495483,937.3386383056641,506.59096240997314,941.7153167724609,491.39742851257324,933.7454223632812,519.4019222259521,927.0101165771484,535.9733390808105,958.5354614257812,523.0789089202881,962.5616455078125,507.710280418396,953.3525848388672,527.650637626648,945.6056213378906,541.1241245269775,97,1787749245.415604
368.9787292480469,430.91623306274414,399.39449310302734,391.48853302001953,409.0439987182617,354.52865839004517,405.487060546875,326.5589904785156,394.56459045410156,309.3707084655762,398.12671661376953,330.85301399230957,404.0519714355469,292.71597146987915,413.0609130859375,306.3329029083252,416.8867874145508,330.5082321166992,377.0817184448242,331.4169430732727,379.0938949584961,299.54017639160156,393.45863342285156,314.7624206542969,401.5195083618164,334.49214935302734,355.5543899536133,334.84102964401245,361.6905212402344,307.0178747177124,375.5926513671875,321.059947013855,382.5252151489258,338.2828617095947,335.3120803833008,341.2956690788269,344.4011688232422,319.00737047195435,356.50604248046875,326.8830871582031,362.70057678222656,338.96955013275146,98,1787749246.3670504
377.8147888183594,411.886625289917,409.44725036621094,380.62979221343994,421.78070068359375,341.4700770378113,417.2467041015625,311.64620876312256,402.9755401611328,293.8413190841675,419.5751190185547,321.0255718231201,432.24342346191406,281.336989402771,434.01084899902344,304.7765564918518,429.76497650146484,326.574912071228,399.22252655029297,319.14315462112427,407.2440719604492,282.33073711395264,412.3119354248047,311.8695402145386,410.90087890625,330.5189609527588,378.1752395629883,321.39893531799316,387.4021911621094,293.05914402008057,392.93426513671875,318.5939025878906,390.2288055419922,334.8041009902954,357.2037124633789,326.43839836120605,371.5685272216797,306.17645502090454,379.36092376708984,321.5999507904053,377.9452896118164,334.2640972137451,99,1787749246.4053128
379.1181945800781,406.6925382614136,409.0659713745117,375.81778049468994,421.0508346557617,338.8916802406311,418.57845306396484,308.1934118270874,401.18194580078125,292.30915546417236,421.03687286376953,317.013738155365,431.9599151611328,280.58077812194824,431.8415069580078,302.6469683647156,427.73643493652344,323.6025094985962,400.5268096923828,316.2142252922058,407.5813674926758,284.79540824890137,409.7942352294922,311.0777521133423,407.8472137451172,329.1299629211426,379.21756744384766,318.4787178039551,387.8260040283203,295.2808928489685,390.88077545166016,316.83387994766235,387.73380279541016,330.5745577812195,358.1250762939453,323.662805557251,371.01451873779297,310.32132625579834,374.5572280883789,323.2803010940552,370.68286895751953,332.1831965446472,100,1787749246.4474716
380.9273147583008,406.88767433166504,410.2125930786133,377.4969291687012,422.1278762817383,340.5671811103821,420.8491516113281,307.40381240844727,406.92901611328125,286.58021450042725,424.5885467529297,319.42991495132446,436.6575241088867,279.6448588371277,432.62073516845703,303.0607581138611,426.49723052978516,326.08009815216064,404.4268035888672,317.245888710022,407.97218322753906,284.54044818878174,406.5346908569336,311.87679290771484,405.8749008178711,331.24916553497314,383.45874786376953,318.39346647262573,386.4495086669922,295.00638484954834,385.6077194213867,317.9567813873291,383.4218978881836,333.4837031364441,362.0009994506836,322.39778995513916,367.7602767944336,307.49582290649414,369.2066192626953,321.7584156990051,367.1188735961914,332.8978443145752,101,1787749246.4948432
379.84561920166016,407.2407817840576,408.20262908935547,378.3818006515503,420.8669662475586,341.9416093826294,422.6062774658203,310.2169132232666,409.1550064086914,291.0037565231323,425.6894302368164,320.1187491416931,436.0650634765625,279.8513889312744,429.80628967285156,301.2838053703308,424.53723907470703,323.88092279434204,405.37464141845703,318.4233570098877,407.0188522338867,285.8121371269226,402.78141021728516,310.3707218170166,402.58052825927734,329.1333746910095,384.4303512573242,319.72843408584595,384.6427917480469,295.60492515563965,381.4044952392578,316.0337018966675,380.1274871826172,330.956289768219,363.70323181152344,323.7811875343323,366.24881744384766,307.64482498168945,365.9830856323242,320.44939041137695,364.9609375,331.80039167404175,102,1787749246.543915
385.86021423339844,404.22979831695557,417.2882843017578,372.5901174545288,427.4382781982422,336.8786287307739,423.1211853027344,306.20145320892334,409.7295379638672,286.2725329399109,430.52337646484375,317.58500576019287,442.67608642578125,280.40456771850586,441.35948181152344,302.4354815483093,436.5646743774414,323.18249702453613,410.1651382446289,315.993275642395,415.0379943847656,280.63223361968994,418.47103118896484,304.4649267196655,419.1685104370117,322.67502307891846,387.99266815185547,318.3070778846741,391.52915954589844,289.37007665634155,397.2406768798828,309.8376488685608,397.6338577270508,325.39482593536377,365.4429244995117,324.2248249053955,373.4620666503906,303.1703853607178,380.15026092529297,315.8834767341614,379.94144439697266,327.6821279525757,103,1787749246.6119788
386.89796447753906,402.96276569366455,416.71382904052734,371.93492889404297,427.39330291748047,337.292160987854,424.0185546875,305.9010887145996,409.85111236572266,287.1808362007141,431.1463928222656,317.7519679069519,442.8129196166992,280.4985523223877,441.0595703125,301.1152124404907,436.02909088134766,321.03806018829346,410.47542572021484,316.10071420669556,416.0512161254883,281.6243076324463,419.0549087524414,302.6207685470581,418.94092559814453,319.4641399383545,388.0861282348633,318.79809379577637,392.1952819824219,289.92769718170166,398.47747802734375,308.1672763824463,398.6906433105469,323.1296682357788,365.1940155029297,325.44467210769653,373.3610153198242,304.68435287475586,380.45326232910156,316.32807970046997,380.3379821777344,328.0395269393921,104,1787749246.673749
394.0802764892578,399.81024742126465,424.47093963623047,372.2314739227295,434.47731018066406,335.18576860427856,428.05774688720703,302.55163192749023,414.07020568847656,282.49239921569824,437.9721450805664,315.830819606781,451.0283660888672,277.88296937942505,447.40943908691406,300.3950071334839,441.8617248535156,320.57169914245605,417.91595458984375,314.332172870636,421.65443420410156,278.64272117614746,424.36695098876953,304.8261880874634,426.1534881591797,321.99588775634766,396.66622161865234,316.81954622268677,397.01488494873047,287.4236512184143,402.66265869140625,310.6120562553406,404.44995880126953,325.05279064178467,375.49816131591797,322.7681493759155,380.2553176879883,302.14412927627563,387.4555206298828,317.2072649002075,389.2667770385742,328.83957624435425,105,1787749246.697761
394.0680694580078,395.78307151794434,423.9237976074219,368.1236171722412,434.5289611816406,332.8533411026001,428.8388442993164,300.46571016311646,412.6637649536133,280.04446506500244,441.1770248413086,315.01004219055176,451.91192626953125,277.38221168518066,449.15637969970703,299.174644947052,444.1072082519531,320.0578737258911,421.14635467529297,313.21858406066895,426.7444610595703,277.96345710754395,428.2296371459961,303.2439851760864,428.1044387817383,320.1744532585144,399.8833465576172,314.75197076797485,403.11767578125,285.9155201911926,407.1287155151367,308.47944259643555,406.68575286865234,322.74566173553467,377.8792953491211,319.5298647880554,384.15401458740234,300.18903493881226,389.23412322998047,315.21509170532227,388.2918167114258,326.34334087371826,106,1787749246.7327936
393.2621383666992,393.1461811065674,421.45023345947266,367.4208354949951,434.39788818359375,332.31516122817993,430.36705017089844,299.10898447036743,413.8746643066406,278.744580745697,442.15579986572266,313.2849311828613,452.1044158935547,275.58684825897217,448.3132553100586,299.680552482605,443.0260467529297,319.1758131980896,422.152099609375,311.2011122703552,427.09888458251953,276.78871393203735,427.65758514404297,305.331130027771,426.76944732666016,321.2999725341797,400.87059020996094,312.820029258728,402.8744888305664,286.09748125076294,406.43970489501953,311.4895462989807,405.52085876464844,325.07787466049194,378.9962387084961,317.67263889312744,384.5330047607422,300.38777589797974,388.8268280029297,316.755108833313,387.50892639160156,327.1255588531494,107,1787749246.7742069
398.2610321044922,394.461407661438,427.64530181884766,367.1363067626953,439.0589141845703,329.9868965148926,433.3551025390625,296.7390489578247,417.8636932373047,276.8639016151428,443.1529998779297,311.4281129837036,454.44461822509766,274.983286857605,450.34645080566406,299.00126695632935,443.9827346801758,319.58593368530273,423.3723831176758,309.3096399307251,427.00111389160156,276.1420011520386,429.3199920654297,303.2257032394409,429.2068099975586,321.28209829330444,402.36328125,311.33284091949463,403.4672164916992,284.0820908546448,408.16837310791016,308.03280115127563,408.10585021972656,323.23665618896484,380.64693450927734,317.1446943283081,385.75916290283203,299.6212649345398,391.865234375,314.4522500038147,392.3591613769531,325.53168296813965,108,1787749246.8012319
398.2090759277344,393.98762226104736,427.22572326660156,366.0926055908203,438.40476989746094,329.55920219421387,432.90042877197266,296.1304020881653,417.22408294677734,276.23032093048096,443.2191467285156,310.2686905860901,454.0439987182617,274.1835379600525,450.38978576660156,297.808198928833,444.29718017578125,317.9160761833191,423.0297088623047,308.5590720176697,426.3561248779297,276.0949444770813,428.7739944458008,303.0433988571167,428.4641647338867,320.68325757980347,402.0071792602539,311.0978150367737,402.9459762573242,284.7450256347656,408.54576110839844,308.49796056747437,408.5630798339844,323.67276191711426,380.2716064453125,317.38847494125366,385.84571838378906,299.95965242385864,392.52330780029297,314.5743656158447,393.0796813964844,325.8215546607971,109,1787749246.8667762
399.97867584228516,395.7039785385132,430.3914260864258,367.2606325149536,441.40533447265625,330.6684350967407,437.3957061767578,297.2679376602173,424.6808624267578,275.5422592163086,444.17625427246094,313.2645893096924,455.4428482055664,275.5071973800659,451.73709869384766,294.6134090423584,445.91495513916016,316.3775396347046,424.88590240478516,310.7990598678589,427.16259002685547,277.0515489578247,428.4824752807617,297.56319522857666,429.2190170288086,316.46985054016113,403.9036560058594,312.29339361190796,405.3313446044922,282.8654408454895,409.1394805908203,301.0681128501892,409.5791244506836,317.0513319969177,382.2023391723633,317.49215841293335,387.7058410644531,298.0346417427063,392.5189971923828,310.7005047798157,392.56675720214844,323.22622776031494,110,1787749246.9100254
399.6311950683594,394.1607856750488,430.00816345214844,365.6638813018799,441.40026092529297,328.96615505218506,436.6069793701172,294.8106908798218,422.0492172241211,274.0399217605591,444.5294952392578,311.649706363678,455.67169189453125,275.01922845840454,451.87591552734375,295.48070669174194,445.80528259277344,317.2273278236389,424.9032974243164,309.64744806289673,427.1689224243164,276.99421405792236,428.29883575439453,299.97175455093384,428.13182830810547,319.0341067314148,403.84193420410156,311.73590183258057,405.28968811035156,283.25910329818726,409.06116485595703,304.5196223258972,408.67626190185547,321.45609855651855,381.73206329345703,317.3972511291504,387.2454071044922,298.439998626709,392.3484802246094,312.4142003059387,392.21485137939453,325.1081085205078,111,1787749246.9748838
407.32444763183594,389.9220371246338,438.92738342285156,361.8322277069092,449.51934814453125,324.653377532959,440.08655548095703,291.0139060020447,423.8426971435547,272.2971296310425,450.7572555541992,308.9388084411621,463.98414611816406,270.0226593017578,460.71372985839844,291.60130977630615,453.9009475708008,312.0555353164673,431.53202056884766,305.78478813171387,437.1162796020508,269.95678424835205,439.39380645751953,293.7572908401489,439.1150665283203,311.00183486938477,410.7145690917969,307.26903676986694,415.11775970458984,277.7730417251587,420.91197967529297,298.10877799987793,420.49659729003906,313.01467180252075,388.5200881958008,312.0388412475586,395.789794921875,292.3540449142456,401.57325744628906,305.45011281967163,400.05332946777344,316.9354820251465,112,1787749247.0167947
409.8014831542969,390.0964021682739,439.2863464355469,363.4883737564087,450.80005645751953,327.68648386001587,446.7643356323242,294.9029803276062,435.49278259277344,272.57657289505005,453.4492492675781,307.0248055458069,465.95306396484375,270.9601020812988,463.1470489501953,291.2882423400879,456.58546447753906,313.990159034729,434.9260711669922,304.2559289932251,441.46812438964844,269.6262288093567,443.1336975097656,290.7243776321411,442.9519271850586,310.5934739112854,414.6976089477539,305.50628900527954,418.6045455932617,273.7293004989624,424.81258392333984,287.1956419944763,426.5925598144531,300.31299591064453,392.4993133544922,310.6325697898865,397.61390686035156,291.8734359741211,403.5984802246094,303.85342597961426,404.1203308105469,316.7978096008301,113,1787749247.0753622
410.43811798095703,388.05745124816895,439.3459701538086,361.5507459640503,451.29268646240234,324.10279512405396,444.66583251953125,291.02459192276,429.656982421875,270.5115294456482,454.051513671875,306.0152006149292,466.1150360107422,268.45354557037354,463.3164978027344,291.1275243759155,456.19800567626953,313.6571788787842,434.7936248779297,304.13816928863525,441.25946044921875,268.6028480529785,442.6458740234375,291.97673320770264,441.13792419433594,310.6988310813904,414.09488677978516,306.35045528411865,417.7602005004883,275.417160987854,423.75450134277344,294.1114068031311,423.96236419677734,309.0355610847473,391.66221618652344,311.73821926116943,397.3588180541992,292.1247911453247,403.8814163208008,306.0126256942749,403.9180374145508,319.24943447113037,114,1787749247.1162286
411.1070251464844,386.7686176300049,441.67205810546875,360.36203384399414,454.0849304199219,323.5480499267578,449.33162689208984,290.8884000778198,436.0982131958008,270.31665086746216,456.0329818725586,306.042001247406,467.5642395019531,269.45688486099243,465.73184967041016,287.5027656555176,460.15716552734375,309.0867805480957,437.15667724609375,303.898229598999,442.27970123291016,268.6095643043518,444.6989059448242,287.68208742141724,444.1202163696289,307.006995677948,416.3774871826172,305.84853887557983,419.75902557373047,273.96042108535767,424.70630645751953,288.71132612228394,424.07108306884766,303.6706495285034,393.92818450927734,311.5349507331848,399.5829772949219,289.9278259277344,405.50357818603516,301.2112784385681,404.7119140625,314.3194913864136,115,1787749247.1456373
410.63995361328125,387.36926078796387,441.25965118408203,359.7673559188843,453.9053726196289,324.13798570632935,450.0548553466797,291.22509241104126,438.31825256347656,269.5372438430786,454.9631118774414,306.53745889663696,467.0032501220703,271.5592432022095,465.34984588623047,286.2692070007324,460.1224136352539,305.860276222229,436.37340545654297,304.6264171600342,442.04078674316406,270.05385875701904,444.57984924316406,284.6863603591919,444.12586212158203,302.3411750793457,415.72879791259766,306.57322883605957,420.39806365966797,274.07487630844116,425.88863372802734,286.15880727767944,425.56297302246094,301.06107473373413,393.0401611328125,312.15157985687256,399.08203125,289.588258266449,405.9043502807617,300.6074380874634,406.31336212158203,314.9439311027527,116,1787749247.179747
410.5220413208008,384.5183515548706,440.8454132080078,355.90954542160034,452.69161224365234,319.97953176498413,448.0593490600586,286.43852949142456,434.59983825683594,264.4346308708191,457.1514892578125,303.89726400375366,467.63500213623047,267.51245498657227,464.63111877441406,286.0841989517212,459.81719970703125,303.3826446533203,437.2101593017578,301.847026348114,442.1965026855469,266.54037952423096,443.2741165161133,287.49671459198,442.2325134277344,303.20611238479614,415.73482513427734,303.98534774780273,420.4907989501953,272.0587134361267,424.96009826660156,290.8347988128662,423.0097198486328,305.43004989624023,392.98362731933594,309.0395736694336,401.5133285522461,286.2686061859131,406.9812774658203,299.1683578491211,404.90650177001953,311.8114972114563,117,1787749247.2152815
410.4768753051758,385.5967712402344,440.9275436401367,356.4048957824707,452.74593353271484,320.70366382598877,448.5382080078125,287.36056566238403,436.47960662841797,264.7709584236145,457.40917205810547,304.063196182251,467.2911834716797,269.0076684951782,464.63321685791016,286.0320997238159,460.5918884277344,302.9010057449341,437.88570404052734,301.77396297454834,441.9845962524414,267.2283339500427,443.55751037597656,287.2341799736023,443.03951263427734,303.27192306518555,416.82727813720703,303.3362317085266,419.9312973022461,271.78128719329834,425.3093719482422,289.523606300354,424.51942443847656,304.1929292678833,394.27734375,308.11599254608154,401.72637939453125,285.7641577720642,407.72701263427734,298.51688146591187,406.6937255859375,311.4752125740051,118,1787749247.2581363
407.2540283203125,381.3549757003784,437.70130157470703,353.6463403701782,450.9563446044922,315.5132031440735,444.7275924682617,280.1399517059326,425.8588409423828,261.13778829574585,455.8020782470703,298.3843803405762,467.4479675292969,261.06090545654297,459.60262298583984,278.8483929634094,453.0628967285156,295.9148168563843,434.48997497558594,295.61277866363525,440.0777816772461,260.5200219154358,436.036376953125,279.0521764755249,434.18479919433594,295.1357960700989,412.8548812866211,297.46028423309326,417.63858795166016,267.11291313171387,418.5436248779297,283.11997175216675,415.95142364501953,298.6922335624695,391.45023345947266,302.6437282562256,397.6177215576172,280.338499546051,400.57472229003906,290.51771879196167,398.8523483276367,303.3332061767578,119,1787749247.3002903
406.2312316894531,384.58049297332764,436.9304656982422,355.41966676712036,450.79986572265625,317.32815742492676,445.88417053222656,282.3974061012268,429.7671890258789,261.95796489715576,454.8954772949219,299.1655898094177,465.9981155395508,262.94336557388306,458.88233184814453,277.65764236450195,452.4311828613281,295.75472116470337,434.4516372680664,296.38216495513916,438.12755584716797,262.4920678138733,435.2391815185547,276.4825987815857,433.65550994873047,291.31858348846436,413.21849822998047,298.2982921600342,416.298828125,269.210786819458,417.89772033691406,282.3623013496399,416.02821350097656,296.88079833984375,391.25438690185547,303.41084003448486,397.4102020263672,281.4366388320923,401.14856719970703,291.0459637641907,399.9455261230469,304.03873443603516,120,1787749247.3719594
388.08692932128906,372.8293704986572,420.3343200683594,342.56868839263916,435.45955657958984,303.5760426521301,431.06639862060547,271.3908004760742,413.1913757324219,254.06115531921387,437.7568817138672,284.7820830345154,446.1411666870117,250.21435260772705,433.9215087890625,261.6582655906677,427.21961975097656,277.2375011444092,416.9459915161133,283.6911964416504,417.1226501464844,252.7135705947876,409.5235824584961,267.3468017578125,408.07437896728516,283.308048248291,396.07067108154297,287.2395658493042,394.45037841796875,263.11792373657227,391.54571533203125,277.8308916091919,390.89141845703125,293.2990622520447,375.9785461425781,293.6719536781311,376.8482971191406,274.28473234176636,376.91184997558594,284.92228746414185,377.05780029296875,297.9932713508606,121,1787749247.415856
374.59022521972656,373.5705614089966,407.77637481689453,340.4315257072449,422.8971481323242,301.26198291778564,422.1400833129883,267.4322032928467,409.82154846191406,245.80492973327637,420.34114837646484,282.86941051483154,424.4367218017578,249.35817003250122,417.16880798339844,251.59122705459595,410.8259963989258,266.1638402938843,399.26326751708984,282.91359186172485,398.2724380493164,253.3012318611145,393.98677825927734,262.0079183578491,391.66831970214844,279.337842464447,379.51927185058594,287.54791259765625,379.8846435546875,263.0371356010437,378.6632537841797,271.75416469573975,378.10916900634766,288.3713722229004,361.7539978027344,295.6061053276062,366.4809799194336,274.95288133621216,367.1308135986328,280.74422121047974,367.14683532714844,293.7264347076416,122,1787749247.453175
376.5707015991211,371.96149349212646,406.4874267578125,340.1830244064331,422.1663284301758,300.2710461616516,419.3152618408203,266.5161323547363,401.42066955566406,248.05305004119873,421.9040298461914,279.148006439209,428.0729675292969,248.82769346237183,420.88165283203125,259.46885347366333,415.4039001464844,273.66973400115967,399.77001190185547,279.7035884857178,399.9386978149414,253.32047939300537,396.61537170410156,268.50459337234497,395.14671325683594,282.9664635658264,379.4760513305664,284.76208448410034,380.37322998046875,262.76288509368896,380.4743957519531,276.6258716583252,379.03648376464844,290.00670433044434,360.89317321777344,292.8532576560974,366.17053985595703,272.88530588150024,367.5516128540039,282.506046295166,366.6872024536133,294.3994975090027,123,1787749247.5034945
349.86175537109375,379.8919486999512,370.16910552978516,347.7540636062622,385.2505874633789,310.2854919433594,391.39015197753906,279.55175399780273,381.59461975097656,258.93142461776733,396.0426330566406,286.43694162368774,402.576904296875,256.2039828300476,391.19701385498047,247.47094631195068,380.7802200317383,250.19757270812988,377.5387954711914,287.186222076416,383.1830596923828,258.4206461906433,372.4932861328125,252.67194271087646,365.0457763671875,257.6754856109619,359.537353515625,291.8311643600464,365.2687072753906,265.0274848937988,357.87513732910156,259.9098300933838,352.9344177246094,265.65027236938477,341.86290740966797,300.57231187820435,347.6142883300781,276.35846614837646,346.3606643676758,268.52330446243286,346.8849182128906,268.3503556251526,124,1787749247.5634556
347.9164123535156,381.209921836853,352.9001998901367,343.9389967918396,361.7361831665039,307.5507116317749,371.51073455810547,280.84043741226196,370.36937713623047,263.13920974731445,379.1875457763672,287.42963790893555,387.59796142578125,258.39077711105347,377.28954315185547,246.1110019683838,365.08544921875,245.36152839660645,373.37596893310547,287.8155755996704,382.11585998535156,260.4048800468445,370.2872848510742,251.29249334335327,358.5828399658203,253.52595806121826,367.5109100341797,290.38946628570557,376.05113983154297,263.8071012496948,365.8081817626953,255.47298431396484,356.0423278808594,259.1643261909485,360.31272888183594,296.38023376464844,365.37418365478516,270.190908908844,360.44647216796875,258.8564085960388,356.0305404663086,256.2503957748413,125,1787749247.6232328
315.96460342407227,381.8099641799927,300.27055740356445,354.2875385284424,303.1366729736328,313.7643599510193,313.40015411376953,285.2756094932556,316.38561248779297,266.78508281707764,336.54136657714844,290.5933356285095,340.8707046508789,256.7167139053345,328.19007873535156,240.08980751037598,312.08688735961914,233.64250659942627,346.22447967529297,292.68314123153687,356.6215133666992,257.5360321998596,345.2926254272461,244.4243860244751,330.0407028198242,242.37899780273438,352.1592712402344,295.44506549835205,360.15480041503906,261.73227310180664,348.4096145629883,248.661847114563,334.7226333618164,246.1568784713745,354.2379379272461,299.9807024002075,356.9854736328125,265.96896171569824,349.15821075439453,249.59476232528687,338.65745544433594,244.07612800598145,126,1787749247.6650798
307.0269584655762,369.7227716445923,330.66593170166016,340.1333713531494,341.9785690307617,296.9063115119934,335.0251007080078,261.7658543586731,316.28747940063477,241.11286640167236,341.8166732788086,271.47997856140137,346.7652893066406,237.39485263824463,340.6658172607422,247.39509344100952,334.7357940673828,259.0770149230957,316.8733596801758,272.6689052581787,317.9982376098633,241.02330207824707,313.88980865478516,251.54833316802979,310.3794860839844,262.1808671951294,295.5487632751465,279.34764862060547,296.44235610961914,249.76462125778198,296.5635108947754,258.79119873046875,294.91418838500977,270.5369567871094,277.8407287597656,289.7069191932678,281.42934799194336,265.7368540763855,284.2550277709961,267.3917555809021,285.89290618896484,273.9090085029602,127,1787749247.7271478
307.79306411743164,368.1213855743408,335.7491683959961,336.8104577064514,343.19507598876953,289.66580629348755,327.31761932373047,255.71416854858398,302.9782295227051,240.96909999847412,345.6169891357422,268.8974618911743,347.8947448730469,231.5451693534851,345.50750732421875,249.228093624115,343.5233688354492,270.7989549636841,319.32804107666016,271.63398027420044,318.112735748291,237.7416729927063,318.2012939453125,252.85115718841553,318.86741638183594,271.26460790634155,295.6880187988281,280.24651050567627,292.6811218261719,247.970609664917,297.90821075439453,262.5313997268677,301.2832832336426,279.0586566925049,275.2477836608887,292.7255415916443,278.69848251342773,269.8722195625305,285.4769515991211,279.39067125320435,289.8865509033203,292.3082756996155,128,1787749247.7752516
308.15271377563477,370.07416248321533,335.8753967285156,339.70391750335693,341.9691467285156,293.17750453948975,328.3327865600586,258.6997675895691,307.9781150817871,240.80173015594482,345.2756881713867,271.88318967819214,347.07706451416016,230.54923295974731,346.1197280883789,251.94933414459229,344.2898178100586,274.70556020736694,319.83165740966797,273.69664192199707,315.89500427246094,235.28000593185425,320.28430938720703,256.721134185791,323.33423614501953,275.10568141937256,296.0335350036621,280.78009843826294,292.40827560424805,248.37405681610107,300.58849334716797,267.08544731140137,303.9791488647461,281.8733882904053,274.3519401550293,291.38593912124634,277.67311096191406,270.0515842437744,285.7828140258789,281.32394313812256,288.9154243469238,292.36992359161377,129,1787749247.7995617
308.18490982055664,370.7577610015869,336.3062286376953,337.6866388320923,341.40350341796875,291.7280173301697,326.7092514038086,256.92543268203735,306.51893615722656,237.85286664962769,346.53377532958984,272.315411567688,347.52685546875,229.788236618042,345.9246826171875,251.65592193603516,344.61151123046875,274.3540406227112,320.7027816772461,274.4113755226135,316.60173416137695,234.5856785774231,319.9951934814453,256.7029809951782,323.0311584472656,274.60344314575195,296.40995025634766,281.31868600845337,293.08643341064453,247.90741682052612,300.5006408691406,267.35594272613525,303.48987579345703,282.064790725708,273.8855171203613,291.68145418167114,277.7328872680664,269.53908920288086,285.27090072631836,281.3491988182068,287.7581787109375,292.4588871002197,130,1787749247.8643668
304.46781158447266,376.7011070251465,331.7827606201172,339.92827892303467,338.1220245361328,294.9970078468323,324.83192443847656,261.8275451660156,303.66567611694336,243.87599229812622,346.0179901123047,277.9980254173279,347.8079605102539,234.282546043396,344.9640655517578,258.9184856414795,343.68885040283203,280.8369183540344,321.7061233520508,278.68756771087646,319.605770111084,239.18238401412964,319.9489974975586,265.02010345458984,320.6484603881836,283.95358085632324,298.11676025390625,282.96358823776245,294.88019943237305,252.22115993499756,297.6971626281738,274.7798252105713,297.81288146972656,291.2032914161682,275.74268341064453,289.28834438323975,277.47642517089844,265.4453945159912,282.353515625,277.57185459136963,283.25674057006836,289.16032791137695,131,1787749247.9065404
303.1449890136719,377.48658657073975,330.09883880615234,341.3302159309387,337.6228332519531,296.4080214500427,325.9784698486328,263.0798149108887,303.3801078796387,246.57819986343384,344.9562454223633,277.19409227371216,347.4727249145508,233.2878541946411,346.1034393310547,258.5959982872009,344.02042388916016,280.92706203460693,320.8898162841797,277.545268535614,319.9168395996094,238.02772521972656,322.0145034790039,264.7341585159302,322.11944580078125,284.3467712402344,297.67642974853516,281.8098306655884,295.4283332824707,250.32610416412354,299.7050666809082,272.3687982559204,299.43567276000977,289.5294213294983,275.7601547241211,288.26011419296265,278.6905097961426,263.3648157119751,284.57082748413086,274.1021490097046,285.5080223083496,286.0532784461975,132,1787749247.9628742
292.42298126220703,396.7635154724121,319.9079895019531,360.9891986846924,330.36144256591797,315.59002161026,319.71364974975586,281.8534326553345,298.15868377685547,263.22452545166016,341.89456939697266,293.61736536026,342.4471664428711,248.54434490203857,333.56456756591797,273.05192470550537,332.2938537597656,295.35728216171265,317.9766273498535,293.81649255752563,319.5878219604492,251.68059825897217,311.6622543334961,277.5354838371277,310.94581604003906,299.1517496109009,294.8579788208008,296.573224067688,293.558292388916,262.0336675643921,289.5616912841797,283.4042000770569,288.5411071777344,303.4970998764038,272.5444793701172,301.11804485321045,276.1139488220215,268.3747100830078,276.2318229675293,275.70196866989136,275.8113670349121,289.09958124160767,133,1787749247.9947467
287.2377395629883,411.42683029174805,308.35826873779297,372.64410495758057,319.3724822998047,326.5914559364319,311.9143867492676,293.2082748413086,290.6588363647461,273.26356172561646,333.99417877197266,304.5672798156738,331.5011215209961,260.06865978240967,319.27114486694336,281.6022062301636,319.49316024780273,303.24816942214966,311.93796157836914,305.6128692626953,308.3247756958008,263.39614391326904,298.0415916442871,287.044837474823,299.42888259887695,307.810800075531,291.2155532836914,309.26653146743774,286.1240577697754,272.855007648468,279.2592430114746,293.4249544143677,280.1266288757324,312.440550327301,271.9641304016113,314.5736575126648,272.1845054626465,284.09530878067017,268.33032608032227,288.0729389190674,267.8582191467285,296.59950971603394,134,1787749248.0643244
289.10579681396484,417.3366165161133,304.0719795227051,375.9432649612427,314.4990348815918,328.9872694015503,312.1258544921875,293.5805654525757,294.71275329589844,271.3471984863281,336.08619689941406,306.56659841537476,334.0220260620117,261.93058490753174,320.2468490600586,281.62808418273926,317.89588928222656,304.33334827423096,316.36884689331055,307.21264600753784,313.254337310791,265.1736545562744,299.56790924072266,285.4023599624634,298.37406158447266,306.4156651496887,295.66566467285156,310.9674382209778,289.8364448547363,275.4700541496277,279.42378997802734,292.9497528076172,278.7195014953613,311.50853633880615,275.0027084350586,317.2133803367615,274.2163276672363,286.443829536438,268.4136772155762,292.3788285255432,267.50911712646484,303.4045100212097,135,1787749248.1172533
282.9579734802246,431.76218032836914,290.4787063598633,392.79882431030273,303.5388374328613,341.91779136657715,307.06443786621094,304.8537826538086,293.30739974975586,280.9961128234863,322.9606246948242,317.93879985809326,326.6393280029297,268.9253354072571,315.28350830078125,282.7590322494507,310.99802017211914,302.38507747650146,306.7163276672363,320.6933641433716,307.31067657470703,275.8933711051941,294.5680236816406,288.0876588821411,290.0628471374512,305.1795959472656,289.5768356323242,326.26864671707153,288.67116928100586,285.75872898101807,278.2563018798828,293.17233324050903,274.4470977783203,306.263165473938,272.2925567626953,335.19458770751953,273.6700439453125,302.1270704269409,268.4804344177246,293.86427879333496,266.4907455444336,292.54456758499146,136,1787749248.163021
287.89329528808594,434.2632865905762,292.528133392334,389.95654106140137,302.5908088684082,339.2038679122925,305.51143646240234,301.60245180130005,291.4254379272461,278.2646584510803,322.2360610961914,315.95038175582886,324.61254119873047,268.0175042152405,311.9742965698242,280.94982862472534,306.38614654541016,300.72185039520264,309.1315460205078,318.82847785949707,308.49462509155273,273.7584614753723,293.7720489501953,285.6506681442261,287.5599670410156,302.6033878326416,294.23046112060547,324.93191957473755,291.887149810791,281.87798023223877,278.0830383300781,289.4250297546387,271.53026580810547,303.43590259552,277.5868225097656,334.86984729766846,277.74099349975586,301.64581775665283,270.45583724975586,294.0114140510559,266.66025161743164,293.0540370941162,137,1787749248.21133
283.46412658691406,438.8210678100586,294.1229248046875,395.24847507476807,302.57015228271484,343.8864040374756,302.6772689819336,305.5571222305298,285.0610542297363,284.2057514190674,317.2215461730957,317.9128360748291,319.9405097961426,271.51752948760986,310.1748275756836,285.7734489440918,306.39060974121094,306.66749238967896,299.86764907836914,320.2524948120117,302.3604202270508,274.83224630355835,290.93807220458984,287.42603302001953,285.8618927001953,306.27050399780273,280.7738494873047,325.66328287124634,281.9485664367676,282.81078815460205,273.31722259521484,290.53799629211426,269.8862075805664,305.99766969680786,260.5367851257324,335.3618288040161,262.0895576477051,303.3438491821289,258.18777084350586,295.3768515586853,257.57495880126953,294.02604818344116,138,1787749248.273604
281.63835525512695,435.6653308868408,295.0770568847656,393.3065986633301,302.62155532836914,343.4562849998474,298.98916244506836,306.6905164718628,277.6674270629883,287.0148825645447,324.82666015625,317.38465547561646,324.22637939453125,269.17360067367554,311.9040298461914,287.193238735199,307.7547264099121,308.0550956726074,308.23436737060547,317.8898549079895,307.789306640625,271.8707871437073,295.162410736084,291.5273451805115,290.40531158447266,312.3863482475281,288.8238525390625,321.60160303115845,285.65921783447266,279.1201114654541,276.03979110717773,296.0324478149414,272.0497512817383,314.7282600402832,266.5468215942383,328.66145610809326,264.5210266113281,296.2213182449341,260.28730392456055,295.7224488258362,258.32149505615234,298.9760112762451,139,1787749248.3148398
269.34024810791016,444.9384355545044,261.22867584228516,395.27984619140625,268.86898040771484,347.4969148635864,275.4679298400879,310.78758001327515,266.15718841552734,285.0528144836426,293.38972091674805,319.3560576438904,298.1858253479004,273.8583254814148,282.9706382751465,285.8788061141968,276.297550201416,308.15229892730713,289.1843795776367,322.86797046661377,291.4423179626465,275.510995388031,273.8448905944824,290.07972478866577,266.9357681274414,313.8036918640137,281.82199478149414,329.2739224433899,281.93864822387695,283.3350419998169,264.6393585205078,293.7619471549988,257.85362243652344,315.1293897628784,269.5808792114258,339.1381859779358,266.0883331298828,302.4657154083252,255.80827713012695,294.01933193206787,252.93228149414062,295.71343660354614,140,1787749248.3502493
267.04179763793945,440.21637439727783,287.58583068847656,397.82970428466797,294.9573516845703,346.66218996047974,283.9328956604004,308.66891384124756,255.82147598266602,292.74714946746826,301.3444137573242,316.5660881996155,294.0550994873047,270.08703231811523,283.14151763916016,296.01993799209595,283.7616539001465,321.0992360115051,275.95149993896484,320.2970623970032,266.0870933532715,278.97108793258667,257.6381301879883,305.4820203781128,258.9699172973633,328.6036491394043,251.9222068786621,327.8843665122986,241.66297912597656,291.87998056411743,238.9864158630371,313.6673927307129,241.84795379638672,333.86773109436035,230.32459259033203,338.2189607620239,225.93324661254883,308.53963136672974,226.20323181152344,319.80154037475586,229.52869415283203,334.58014726638794,141,1787749248.4035969
265.99246978759766,441.0906457901001,285.20164489746094,396.3014888763428,290.7297897338867,347.71080493927,282.3063659667969,310.98175048828125,257.85741806030273,292.69700288772583,303.6471748352051,320.3990936279297,297.71862030029297,273.9079999923706,286.13237380981445,294.8046827316284,285.1336669921875,316.28984212875366,279.2044448852539,322.3055648803711,270.01392364501953,282.0966339111328,258.3445930480957,303.85810375213623,257.97393798828125,322.2374153137207,255.6121063232422,328.0690097808838,245.34404754638672,294.819016456604,238.84464263916016,314.2331886291504,240.6345558166504,331.07038021087646,233.5363006591797,336.9852304458618,229.05706405639648,309.8493218421936,227.30207443237305,321.4259934425354,230.14148712158203,335.4595470428467,142,1787749248.4516504
252.48092651367188,442.20829010009766,269.65837478637695,401.258339881897,277.41174697875977,354.46576595306396,269.2898941040039,318.7186574935913,249.03478622436523,297.2180485725403,300.27307510375977,322.9417419433594,289.04415130615234,275.95948219299316,273.29553604125977,291.4483165740967,270.9006881713867,315.24736404418945,277.42475509643555,325.0683259963989,266.78138732910156,281.6042232513428,252.05760955810547,298.2852244377136,251.6005516052246,319.41781282424927,254.08397674560547,330.1134753227234,242.95379638671875,293.06751251220703,232.1636199951172,307.153422832489,232.90016174316406,326.84027910232544,229.65656280517578,337.5175952911377,223.77614974975586,303.3868074417114,218.08286666870117,303.6531615257263,218.9459991455078,312.7757406234741,143,1787749248.4860852
250.56829452514648,442.45882987976074,250.39617538452148,403.28673362731934,257.0805549621582,356.3257598876953,256.9105529785156,320.00444412231445,243.32574844360352,296.31568908691406,295.2001762390137,322.9657316207886,286.18404388427734,276.133975982666,264.3628120422363,289.31907176971436,258.66703033447266,311.05474948883057,282.9432678222656,323.5513114929199,272.3596954345703,278.39102268218994,250.94877243041992,293.8701367378235,247.0399284362793,314.5856308937073,267.6774215698242,327.82201051712036,253.58564376831055,288.8398790359497,235.66116333007812,303.05959939956665,232.68062591552734,322.63242959976196,249.19782638549805,335.10382175445557,238.59426498413086,300.3403115272522,227.23133087158203,304.23075914382935,225.4517364501953,316.8545436859131,144,1787749248.5357995
243.6476707458496,451.425518989563,230.6447410583496,398.98863315582275,230.7320785522461,350.35606384277344,227.8025245666504,317.926869392395,214.71158981323242,302.42777824401855,280.4059600830078,328.90592336654663,271.37231826782227,283.83843898773193,251.18438720703125,293.6213994026184,244.71317291259766,311.9679665565491,276.56665802001953,332.34633922576904,260.3174591064453,286.0274004936218,238.86917114257812,300.1832842826843,233.76031875610352,321.1936283111572,266.95186614990234,338.1304693222046,248.40662002563477,292.7105212211609,227.94282913208008,306.6544461250305,222.53463745117188,328.3655118942261,251.14099502563477,346.41950368881226,236.09411239624023,309.48087215423584,218.92494201660156,302.62497425079346,211.81686401367188,305.4396414756775,145,1787749248.5708
242.23831176757812,447.186598777771,212.55451202392578,399.8898983001709,209.60098266601562,355.00643491744995,212.27983474731445,321.8011164665222,213.83563995361328,301.18070125579834,273.11567306518555,329.98292684555054,260.56800842285156,284.9385738372803,239.69619750976562,292.43749380111694,230.3077507019043,311.4910912513733,281.914005279541,332.8696060180664,265.4434394836426,283.55697870254517,240.2886962890625,294.9110698699951,228.78742218017578,316.5663456916809,282.72071838378906,337.7497458457947,265.67846298217773,285.55243492126465,240.03782272338867,295.2667307853699,227.85348892211914,316.94921493530273,273.13541412353516,344.9675917625427,250.10574340820312,304.71205472946167,226.533203125,296.57800912857056,212.30993270874023,300.06927967071533,146,1787749248.6172848
225.31518936157227,453.36503505706787,200.90232849121094,411.7205858230591,199.41423416137695,364.5603561401367,200.52902221679688,332.1073651313782,203.54948043823242,305.48609733581543,255.0208282470703,333.2891893386841,250.45873641967773,288.56828927993774,228.4117889404297,296.50704860687256,218.41777801513672,318.0324196815491,261.8998908996582,337.1178603172302,253.08076858520508,288.2865500450134,228.39811325073242,300.52544832229614,219.88616943359375,323.5800862312317,263.10922622680664,343.99399280548096,252.40877151489258,292.46397256851196,227.6957893371582,302.6186442375183,219.1606903076172,324.80750799179077,256.5057563781738,353.48607301712036,239.8332405090332,312.29586124420166,218.22891235351562,305.4172611236572,207.72464752197266,311.69609785079956,147,1787749248.66422
225.95279693603516,447.4998378753662,215.40924072265625,407.36446380615234,217.06388473510742,358.85355949401855,214.63401794433594,325.628457069397,208.14210891723633,302.52946615219116,263.8497734069824,327.5099301338196,255.4330062866211,279.8805284500122,237.35078811645508,296.94615840911865,234.52110290527344,319.03887033462524,257.6306343078613,332.85540103912354,244.3253517150879,286.0829973220825,225.76776504516602,307.24167823791504,223.40049743652344,329.35943126678467,248.54375839233398,340.5526328086853,232.9538345336914,296.40512466430664,216.53491973876953,315.34456729888916,213.8836669921875,336.496102809906,235.6751251220703,350.09623289108276,223.9556121826172,312.0118474960327,211.7641258239746,313.82832527160645,208.66315841674805,323.57993602752686,148,1787749248.6953614
213.62146377563477,448.38706970214844,241.5771484375,409.23046588897705,250.74172973632812,363.95331859588623,230.65509796142578,328.13097953796387,206.11412048339844,309.79175090789795,271.99567794799805,333.08465480804443,261.86485290527344,287.47371196746826,247.7058982849121,301.25189781188965,245.14989852905273,321.40854835510254,245.41574478149414,334.0385127067566,235.3709602355957,293.00723791122437,225.5428695678711,310.2275347709656,226.2765884399414,329.8422074317932,222.03893661499023,339.52802896499634,213.90804290771484,304.8044729232788,208.61541748046875,318.6535120010376,209.47250366210938,336.5449833869934,201.66250228881836,348.0979871749878,198.07611465454102,318.47017765045166,196.60125732421875,323.17814111709595,198.88093948364258,333.83228302001953,149,1787749248.7340224
204.9298858642578,464.2312431335449,214.78357315063477,428.48546504974365,221.5240478515625,382.53154277801514,215.51645278930664,345.30012130737305,203.21548461914062,318.038170337677,260.84856033325195,347.1797275543213,250.58876037597656,298.41809034347534,237.25421905517578,311.192421913147,237.3826026916504,332.6353096961975,240.52982330322266,348.8459587097168,226.49663925170898,304.51743364334106,216.78321838378906,320.05993366241455,218.64686965942383,340.0603938102722,221.43585205078125,355.00933170318604,207.8122901916504,315.0028967857361,200.24845123291016,328.6243987083435,200.73904037475586,347.18979120254517,203.5521697998047,364.9395990371704,193.62154006958008,331.38291120529175,189.60174560546875,341.2432909011841,190.76213836669922,358.0456781387329,150,1787749248.7827933
203.66037368774414,462.027325630188,215.6155776977539,425.4086494445801,225.11337280273438,379.8282194137573,219.95065689086914,342.3255944252014,206.20424270629883,315.74198484420776,262.81612396240234,343.23784589767456,252.87294387817383,294.7787833213806,237.1736717224121,308.3731412887573,235.59818267822266,332.14240550994873,241.71070098876953,345.3256130218506,230.08539199829102,301.6583275794983,217.84151077270508,317.17589378356934,218.68566513061523,337.4924039840698,221.94364547729492,352.4139618873596,208.8730812072754,315.1711678504944,199.70399856567383,329.0140700340271,199.8385238647461,348.03267002105713,202.9873275756836,363.0967712402344,192.23150253295898,329.6381449699402,187.20378875732422,339.93239879608154,188.47518920898438,357.5980067253113,151,1787749248.8343399
207.26116180419922,488.78886222839355,196.16497039794922,463.40529441833496,199.7156524658203,420.16748428344727,200.50573348999023,382.49154567718506,192.14588165283203,354.97390508651733,246.9601058959961,371.49770736694336,236.74814224243164,319.82686042785645,211.57514572143555,324.0645360946655,201.43583297729492,346.62453174591064,243.7881851196289,365.93201637268066,233.3655548095703,314.12306785583496,208.62834930419922,319.0921711921692,198.27861785888672,339.50828790664673,236.21814727783203,364.4684314727783,226.6243553161621,314.8816180229187,203.58200073242188,318.17846059799194,194.43964004516602,335.40738344192505,224.76774215698242,366.33649349212646,216.16666793823242,323.3701229095459,199.52733993530273,320.936758518219,191.85613632202148,332.52516746520996,152,1787749248.8792443
207.01387405395508,493.10636043548584,191.61718368530273,461.84502124786377,192.12921142578125,415.2834177017212,191.48700714111328,377.1927881240845,186.69015884399414,348.09513330459595,242.83382415771484,372.7227258682251,233.54185104370117,319.8929500579834,209.94123458862305,322.2939133644104,200.9912109375,343.1730651855469,241.72340393066406,369.7750425338745,231.3810920715332,316.28016471862793,207.60198593139648,320.6309652328491,199.01683807373047,340.5317759513855,237.00944900512695,370.0361394882202,228.00968170166016,318.80131244659424,205.19842147827148,320.6428098678589,196.3705825805664,336.86980962753296,227.96125411987305,373.5035276412964,219.6148681640625,329.29316997528076,203.42004776000977,326.60383701324463,195.97225189208984,338.0157136917114,153,1787749248.9029787
214.0318489074707,526.898717880249,202.48218536376953,502.0627498626709,201.14288330078125,458.277382850647,200.71277618408203,420.14636993408203,193.94941329956055,393.47705841064453,239.61359024047852,405.77685356140137,226.67922973632812,351.53881072998047,202.82405853271484,354.9674892425537,192.3181915283203,376.3134956359863,232.2113037109375,399.2561674118042,216.24189376831055,345.8239245414734,195.07598876953125,349.00646209716797,184.58242416381836,368.62276554107666,221.53400421142578,399.18986320495605,204.54578399658203,350.2624225616455,185.3690528869629,351.5803098678589,175.79708099365234,367.00138092041016,208.40736389160156,405.20745277404785,193.18927764892578,364.9884366989136,178.68667602539062,361.2772464752197,171.43400192260742,369.8239231109619,154,1787749248.9579942
218.73693466186523,531.2481021881104,199.9361228942871,504.8786401748657,194.85183715820312,460.1811933517456,195.79256057739258,419.5503616333008,190.5267333984375,390.12434005737305,232.4366569519043,413.2960081100464,217.9220962524414,358.32241773605347,193.96894454956055,362.9167413711548,186.33054733276367,382.98927783966064,230.47121047973633,406.28904819488525,214.61397171020508,353.3751583099365,192.81421661376953,359.39055919647217,185.7689094543457,376.9610023498535,225.16963958740234,404.17216300964355,209.5421600341797,355.61750650405884,188.9853286743164,360.13269424438477,180.83831787109375,375.3896999359131,217.25818634033203,406.65640354156494,202.99213409423828,366.60887718200684,186.84722900390625,365.3848457336426,179.79290008544922,375.0242757797241,155,1787749248.9927256
208.03022384643555,553.0134773254395,210.3620147705078,526.3862228393555,212.36873626708984,488.0764675140381,203.03617477416992,454.5102310180664,186.65557861328125,431.7268180847168,245.54590225219727,435.47234058380127,230.44057846069336,386.35212421417236,214.57422256469727,403.8531303405762,217.03420639038086,428.7543296813965,227.10237503051758,434.72256660461426,210.49970626831055,386.7047595977783,194.82580184936523,404.44201469421387,196.85598373413086,428.37255477905273,206.7469596862793,438.8576316833496,190.78800201416016,395.7702827453613,177.87019729614258,411.68814182281494,179.22399520874023,433.10667514801025,186.19234085083008,447.191104888916,173.75463485717773,412.03017711639404,166.01459503173828,422.9605007171631,167.82852172851562,442.1888065338135,156,1787749249.0308623
213.63107681274414,554.5505332946777,212.69813537597656,526.7812156677246,209.8989486694336,488.0798149108887,200.84312438964844,456.3241767883301,186.7007827758789,433.9209508895874,241.2000274658203,435.7723617553711,236.6227912902832,387.09112644195557,221.20746612548828,393.88938903808594,216.78295135498047,414.19122219085693,222.74133682250977,435.1413345336914,213.84084701538086,389.6727418899536,199.52423095703125,400.2854061126709,197.72579193115234,420.95905780792236,205.13259887695312,439.63109493255615,194.99223709106445,398.8685989379883,183.11988830566406,409.9120903015137,181.25486373901367,429.3904638290405,188.49515914916992,449.1443109512329,180.02166748046875,415.6513738632202,172.89560317993164,422.58670806884766,172.88339614868164,438.41877937316895,157,1787749249.0672178
210.78533172607422,573.4921646118164,222.4822235107422,538.8931703567505,224.4504165649414,495.393705368042,209.70888137817383,460.8262538909912,184.03934478759766,441.356463432312,241.3699722290039,451.71996116638184,242.11090087890625,412.84363746643066,223.65346908569336,409.9184846878052,209.33549880981445,417.3482894897461,217.81370162963867,452.9702138900757,213.37871551513672,413.6779546737671,196.39602661132812,416.93346977233887,184.97711181640625,429.1257619857788,196.58868789672852,460.53919315338135,189.92738723754883,423.9493989944458,177.0303726196289,426.40939235687256,168.6457061767578,436.9578981399536,177.51819610595703,472.9983329772949,168.88105392456055,443.55737686157227,161.2932586669922,440.98052501678467,158.82248878479004,444.6208620071411,158,1787749249.120385
211.90704345703125,575.7938003540039,213.8652229309082,540.5906438827515,211.34235382080078,497.6962423324585,199.82013702392578,463.73655796051025,178.9684295654297,444.20569896698,240.0383186340332,454.8800325393677,244.56615447998047,416.9982719421387,225.98628997802734,410.7546043395996,209.94274139404297,416.5430688858032,220.55238723754883,457.9150915145874,216.40743255615234,421.1511468887329,199.65011596679688,421.4636564254761,188.33093643188477,431.3509225845337,201.3313102722168,466.2977886199951,193.55886459350586,431.82955741882324,180.50559997558594,431.90478801727295,172.09413528442383,441.5112590789795,182.5959587097168,479.76852893829346,174.76844787597656,450.477089881897,167.3511505126953,445.0308322906494,164.67384338378906,446.5463447570801,159,1787749249.161654
208.74385833740234,577.9432582855225,228.98399353027344,540.0091409683228,231.09973907470703,492.3844814300537,213.36835861206055,457.57545948028564,186.4185333251953,442.3402976989746,238.35010528564453,457.3289108276367,243.32225799560547,420.18078804016113,230.9126091003418,418.31457138061523,219.5391082763672,424.3994092941284,211.5024185180664,459.69951152801514,207.81747817993164,427.35005378723145,199.4801902770996,437.0962142944336,195.4731559753418,449.94850158691406,188.09967041015625,468.30485343933105,182.50144958496094,439.1149091720581,179.91207122802734,448.57117652893066,179.64702606201172,462.3621940612793,168.27512741088867,481.3794422149658,164.94186401367188,454.9298572540283,163.12501907348633,456.97983741760254,164.25188064575195,463.48297119140625,160,1787749249.204867
211.20553970336914,564.0327644348145,234.60350036621094,527.7604579925537,241.34971618652344,482.370400428772,229.15151596069336,444.03146266937256,207.4947738647461,420.9407329559326,250.76038360595703,442.4513626098633,244.5914649963379,404.66405868530273,237.72705078125,424.9692392349243,238.17089080810547,444.84264850616455,221.40741348266602,446.51909351348877,210.30328750610352,414.1941833496094,205.9449577331543,433.98356437683105,208.18540573120117,451.03275775909424,195.71430206298828,455.8249855041504,185.58134078979492,429.5940113067627,185.86328506469727,444.8183584213257,189.38587188720703,459.29503440856934,174.0630340576172,468.76348972320557,169.01578903198242,444.61283683776855,170.05132675170898,454.80823516845703,173.75638961791992,466.6383218765259,161,1787749249.2802665
215.7561492919922,566.2557792663574,240.5237579345703,529.5743608474731,244.40338134765625,483.35535049438477,227.64629364013672,446.60775661468506,203.2220458984375,428.293719291687,249.1914939880371,445.1033592224121,243.7024688720703,404.9350690841675,239.26197052001953,423.16615104675293,240.58454513549805,443.60042095184326,219.88243103027344,449.0937566757202,209.6118927001953,414.67376232147217,209.9040412902832,436.0813093185425,214.07869338989258,453.9722442626953,194.4618797302246,458.84596824645996,185.46321868896484,430.9091091156006,189.61271286010742,447.77552604675293,193.83773803710938,463.66583347320557,173.32923889160156,472.1766757965088,169.21043395996094,445.32784938812256,173.11975479125977,455.5595541000366,177.5390625,468.628134727478,162,1787749249.320694
224.21457290649414,564.7330141067505,249.82025146484375,524.3416929244995,253.99995803833008,473.64575386047363,234.0760612487793,436.25236988067627,203.12623977661133,422.82257080078125,260.4307174682617,442.77005195617676,258.7112808227539,397.426815032959,250.08182525634766,420.1440095901489,248.55815887451172,441.1593961715698,232.0160675048828,445.6674385070801,224.4896697998047,408.4416389465332,220.59574127197266,431.38808727264404,224.7359275817871,448.69837760925293,206.73700332641602,453.4004831314087,198.7620735168457,422.5180435180664,199.04830932617188,439.6658992767334,202.76954650878906,455.0048303604126,184.6880340576172,463.94864559173584,180.53050994873047,435.9397315979004,182.88105010986328,443.1071090698242,187.6186752319336,453.70325088500977,163,1787749249.3803062
225.6876564025879,568.5456991195679,250.55980682373047,527.5760507583618,255.62013626098633,475.8851623535156,236.54687881469727,437.35645294189453,204.40485000610352,425.04056453704834,260.03246307373047,441.88294887542725,257.664737701416,397.4002504348755,247.4141502380371,418.2378387451172,244.51663970947266,440.1112747192383,231.2582778930664,446.1077928543091,223.7105369567871,408.4530544281006,217.60528564453125,428.93195629119873,218.81650924682617,448.38908672332764,205.6491470336914,455.27820110321045,197.65193939208984,423.18477630615234,195.9974479675293,438.88561248779297,197.59710311889648,456.67741298675537,184.02626037597656,467.6412105560303,180.31143188476562,438.3723020553589,179.75826263427734,442.2412919998169,181.88133239746094,451.49027824401855,164,1787749249.4085784
227.44451522827148,561.525821685791,254.97940063476562,517.0354843139648,258.5737609863281,464.86132621765137,237.79516220092773,429.47693824768066,207.6732063293457,419.4786071777344,265.3010940551758,442.8330087661743,265.57613372802734,392.1039390563965,258.0874824523926,419.78394985198975,257.4250793457031,445.416898727417,238.08364868164062,444.64588165283203,230.11041641235352,401.6311454772949,227.7053451538086,430.83984375,233.94342422485352,451.98646545410156,212.39700317382812,450.50652980804443,204.7823715209961,415.87629318237305,206.44475936889648,438.50229263305664,211.8344497680664,455.6925058364868,188.48506927490234,457.9530715942383,187.74578094482422,427.21452713012695,191.47045135498047,439.2893600463867,196.41651153564453,453.07153701782227,165,1787749249.4744663
227.6872444152832,560.9573650360107,255.95605850219727,515.5915546417236,257.4446487426758,467.68627166748047,237.92234420776367,431.2574529647827,214.79320526123047,412.0957088470459,265.55469512939453,441.9641447067261,264.43214416503906,392.4320697784424,258.67820739746094,418.9646530151367,258.41094970703125,443.86439323425293,236.73442840576172,444.90418910980225,229.17545318603516,402.9730224609375,230.02674102783203,433.02101612091064,235.64006805419922,452.7326774597168,209.84731674194336,451.0845136642456,203.17272186279297,416.4093017578125,208.79623413085938,439.1059398651123,214.0151596069336,456.831693649292,184.63233947753906,459.59887504577637,184.37816619873047,428.8581848144531,190.2389907836914,441.36290073394775,194.97547149658203,456.0782289505005,166,1787749249.5335772
213.56388092041016,565.7228994369507,239.4706153869629,527.4870872497559,244.8674774169922,476.2205457687378,234.83901977539062,432.52731800079346,217.66071319580078,405.55845737457275,254.9757957458496,446.05878353118896,254.89295959472656,393.6111259460449,248.35487365722656,419.1238260269165,247.8603172302246,445.19026279449463,226.9399070739746,448.2303857803345,219.77092742919922,406.57087326049805,219.93284225463867,434.54463958740234,224.68751907348633,456.6228246688843,200.55877685546875,454.14562225341797,194.08496856689453,423.9603853225708,199.67227935791016,446.3797903060913,204.90995407104492,465.23353099823,176.83452606201172,462.71753311157227,175.8724594116211,435.64395904541016,181.10124588012695,448.41681003570557,185.22396087646484,463.02579402923584,167,1787749249.5942836
217.16550827026367,583.6068391799927,188.91386032104492,545.5726861953735,182.93336868286133,492.98057556152344,184.52442169189453,458.185715675354,186.94772720336914,432.03113079071045,232.0136833190918,452.47153759002686,238.34884643554688,406.01683616638184,217.86357879638672,420.0628995895386,211.85544967651367,442.89763927459717,235.9885597229004,457.35461711883545,237.2624969482422,408.243670463562,214.08117294311523,424.57849502563477,209.26673889160156,446.1248731613159,235.64874649047852,467.21158504486084,226.73555374145508,421.48550033569336,203.61536026000977,437.1488285064697,198.2418441772461,458.01714420318604,229.82242584228516,480.94496726989746,216.2957763671875,441.6648530960083,198.54202270507812,441.58159732818604,194.0454864501953,450.6432580947876,168,1787749249.6581438
218.85047912597656,586.8926954269409,189.86209869384766,545.7307434082031,184.25861358642578,493.7907314300537,187.05821990966797,458.30896854400635,187.94843673706055,433.4648036956787,228.01803588867188,456.60956382751465,236.95444107055664,407.3437786102295,221.91572189331055,421.0850143432617,215.17654418945312,444.50511932373047,232.94471740722656,459.9836540222168,235.8268165588379,411.00050926208496,217.76409149169922,425.75141429901123,211.0222625732422,446.72513008117676,234.30511474609375,468.9145088195801,230.79900741577148,421.85813426971436,211.97343826293945,435.1833486557007,203.95423889160156,454.3548774719238,230.64605712890625,482.5842475891113,222.10203170776367,445.0337505340576,208.97743225097656,444.94654655456543,203.79396438598633,452.1830177307129,169,1787749249.714003
