P0_x,P0_y,P1_x,P1_y,P2_x,P2_y,P3_x,P3_y,P4_x,P4_y,P5_x,P5_y,P6_x,P6_y,P7_x,P7_y,P8_x,P8_y,P9_x,P9_y,P10_x,P10_y,P11_x,P11_y,P12_x,P12_y,P13_x,P13_y,P14_x,P14_y,P15_x,P15_y,P16_x,P16_y,P17_x,P17_y,P18_x,P18_y,P19_x,P19_y,P20_x,P20_y,frame_number,timestamp
881.495361328125,623.6008501052856,845.0408172607422,586.7917156219482,827.7517700195312,537.3629379272461,824.0225219726562,495.2014446258545,818.2891845703125,461.8884086608887,853.4462738037109,496.171932220459,850.3282165527344,460.24449348449707,837.5813293457031,454.8320531845093,829.4947814941406,453.3340072631836,877.032470703125,496.21574878692627,875.1080322265625,458.75661849975586,859.7898101806641,470.30436515808105,852.3728179931641,481.5926456451416,901.0224914550781,501.9601821899414,898.7288665771484,466.9161558151245,882.8662872314453,481.18306159973145,873.6581420898438,496.4686918258667,924.6715545654297,512.9704141616821,921.6249084472656,481.1142683029175,907.7081298828125,484.2142152786255,897.9335784912109,492.23745346069336,1,1787748075.3782754
879.9017333984375,589.6230125427246,842.4634552001953,537.2242784500122,819.7903442382812,489.6194887161255,811.7371368408203,449.6901512145996,809.9214172363281,419.01177406311035,821.0140228271484,464.5895004272461,816.4560699462891,433.56136322021484,814.1610717773438,419.65198516845703,811.9657897949219,404.76293563842773,847.6884460449219,462.9258871078491,846.2030792236328,433.87189865112305,844.7584533691406,433.5476303100586,843.1165313720703,426.6416931152344,875.2996063232422,465.9031820297241,872.4162292480469,438.36753845214844,867.7645111083984,437.66956329345703,863.9452362060547,433.5663414001465,903.8076019287109,473.6393165588379,901.8659973144531,446.1590337753296,894.8511505126953,439.1710424423218,889.0660858154297,431.95379734039307,2,1787748075.4337564
873.2575988769531,564.2304754257202,832.2808837890625,521.7837238311768,811.0650634765625,472.88087368011475,805.6310272216797,429.26158905029297,809.2718505859375,398.0647087097168,821.9145202636719,440.54308891296387,823.1959533691406,409.0121126174927,825.6465148925781,435.8875036239624,826.5620422363281,448.4241485595703,848.2550048828125,440.6824779510498,848.0854034423828,410.5659484863281,847.9399871826172,444.8526906967163,847.70751953125,459.4122791290283,875.0712585449219,445.46607971191406,871.7667388916016,417.5246286392212,869.4163513183594,446.94519996643066,869.0469360351562,462.7832365036011,902.70263671875,454.656400680542,898.9221954345703,430.72319984436035,892.2623443603516,446.5877151489258,889.8526000976562,455.97304344177246,3,1787748075.4750166
855.2139282226562,529.3651485443115,813.8137054443359,483.2521390914917,788.6381530761719,437.1845769882202,777.7973175048828,395.09252071380615,784.1531372070312,361.1921453475952,796.9780731201172,406.2090539932251,789.4305419921875,379.25178050994873,790.8423614501953,403.8230037689209,798.389892578125,415.838828086853,820.5076599121094,405.7379722595215,815.5988311767578,375.9703016281128,815.1449584960938,412.76312828063965,822.0108032226562,424.1338062286377,847.0992279052734,409.4679594039917,843.5414886474609,382.53737926483154,838.7188720703125,416.86360359191895,842.4058532714844,429.7104835510254,874.7184753417969,417.109637260437,868.88916015625,392.26993560791016,860.2865600585938,416.7714214324951,861.8388366699219,430.1822090148926,4,1787748075.5380588
850.1640319824219,501.46403789520264,810.7497406005859,468.5055685043335,783.6202239990234,427.36889362335205,770.4521179199219,386.6983652114868,776.7582702636719,352.8629207611084,787.3688507080078,391.8172216415405,775.6700134277344,363.2847833633423,778.0698394775391,375.3034830093384,785.5117034912109,382.4502182006836,813.2598876953125,390.3882694244385,807.1778869628906,359.86464500427246,811.3287353515625,399.58983421325684,817.8739929199219,417.54767417907715,840.5016326904297,393.97157192230225,835.5801391601562,368.05761337280273,835.3293609619141,407.85704612731934,839.4284820556641,426.9009017944336,868.0326080322266,402.39023208618164,861.7158508300781,379.66724395751953,856.6278839111328,406.929988861084,857.8071594238281,423.42355728149414,5,1787748075.5957265
849.2350769042969,499.58649158477783,811.9902801513672,469.5359230041504,784.9298095703125,427.8615617752075,770.7857513427734,386.6775941848755,779.3896484375,352.6060938835144,791.0493469238281,392.3083019256592,780.4592895507812,363.4791040420532,787.2793579101562,391.7585563659668,797.0500183105469,403.065505027771,816.3897705078125,391.23945236206055,809.1205596923828,361.137900352478,812.4957275390625,403.47307205200195,818.9875030517578,416.94085121154785,843.1131744384766,395.6698179244995,836.9178009033203,367.3348331451416,835.1119995117188,408.0877161026001,839.8472595214844,424.27062034606934,870.4082489013672,403.73528480529785,863.2011413574219,379.69518184661865,856.8669128417969,406.9506311416626,859.1687774658203,421.9551658630371,6,1787748075.6470633
847.0855712890625,485.9404420852661,810.2409362792969,454.99547481536865,783.4026336669922,417.4828290939331,770.3377532958984,377.50092029571533,779.1913604736328,343.24745893478394,786.5320587158203,381.119327545166,777.6548004150391,352.3448896408081,784.2751312255859,377.72515296936035,791.8679046630859,393.3958625793457,811.9583129882812,380.1957035064697,807.403564453125,350.12065172195435,811.9729614257812,389.96739864349365,816.2799835205078,409.0805196762085,838.7376403808594,384.81549739837646,835.4884338378906,357.241530418396,835.3256225585938,397.02014923095703,837.8672027587891,419.23574924468994,865.8219909667969,394.23447132110596,860.0398254394531,370.669527053833,855.6747436523438,397.1624565124512,856.2284851074219,415.8060836791992,7,1787748075.6975715
845.7821655273438,484.8196220397949,809.0196990966797,455.42561531066895,783.33740234375,416.152925491333,770.4604339599609,376.2558174133301,779.7174072265625,341.87509059906006,790.0930786132812,381.3746738433838,781.4104461669922,352.5387167930603,786.8665313720703,380.21557331085205,795.2540588378906,398.17543029785156,814.1309356689453,381.03216648101807,807.8622436523438,351.8924331665039,811.4888000488281,392.9879093170166,817.9170227050781,412.9435873031616,839.9828338623047,385.5347156524658,834.6572875976562,358.193199634552,833.5731506347656,398.25443744659424,838.3077239990234,420.7105779647827,866.5074157714844,394.0646553039551,859.451904296875,370.3724670410156,854.5281219482422,397.49457836151123,857.0511627197266,416.8942451477051,8,1787748075.7486706
848.3628845214844,477.45165824890137,811.8032073974609,449.3238687515259,786.4868927001953,410.09143352508545,774.0808868408203,370.1699924468994,782.5223541259766,336.16288661956787,788.8568115234375,376.32628440856934,779.0381622314453,347.63943672180176,781.9780731201172,362.53063201904297,788.2622528076172,373.4117317199707,813.0856323242188,375.20906925201416,807.1170806884766,345.8331513404846,810.7810211181641,383.8683557510376,815.9637451171875,401.92824840545654,839.0049743652344,378.99742126464844,835.3770446777344,351.60897731781006,833.919677734375,391.3426637649536,837.0163726806641,413.8946342468262,865.3012847900391,387.0833158493042,859.3350219726562,363.7326908111572,853.9984130859375,390.0184679031372,855.0130462646484,409.04674530029297,9,1787748075.8022876
849.9034881591797,475.20379543304443,813.0729675292969,446.811261177063,787.5612640380859,407.4085807800293,774.9821472167969,367.5423288345337,782.9079437255859,333.6946105957031,787.5837707519531,376.37057304382324,779.2137145996094,347.48888969421387,784.8123168945312,366.1946153640747,792.6837158203125,381.9853162765503,812.5716400146484,374.7019386291504,807.8725433349609,342.99221992492676,812.8089141845703,381.187047958374,817.8971099853516,402.89414405822754,839.2031097412109,377.87896156311035,836.0755157470703,348.71382236480713,835.9903717041016,387.8271675109863,838.6265563964844,412.49645233154297,865.8586120605469,385.2513027191162,860.5963134765625,362.659592628479,856.5048217773438,389.2764616012573,856.88232421875,409.40783500671387,10,1787748075.8451083
850.5155181884766,474.63709831237793,813.0650329589844,446.8235778808594,787.5225830078125,407.40875244140625,774.6734619140625,367.62279510498047,782.879638671875,333.88073444366455,788.7296295166016,376.7538070678711,780.7017517089844,347.7273917198181,786.2806701660156,368.24146270751953,793.5944366455078,383.1061792373657,813.7168884277344,374.9718761444092,808.0419921875,342.48717069625854,812.9145812988281,382.2606611251831,817.7512359619141,403.0053377151489,840.2079772949219,377.84613132476807,835.5193328857422,348.0188298225403,835.4220581054688,388.62045764923096,837.9838562011719,412.38658905029297,866.7855072021484,384.6013927459717,860.0053405761719,362.08744525909424,856.3211059570312,389.45464611053467,857.2270965576172,408.85345458984375,11,1787748075.8911161
851.0955810546875,472.69243240356445,814.9827575683594,444.9735403060913,789.1456604003906,406.1323642730713,775.9963226318359,366.4466142654419,783.2396697998047,333.33173990249634,786.6745758056641,375.86254119873047,778.3189392089844,345.48006534576416,785.7615661621094,362.9466962814331,793.6000823974609,378.6683464050293,811.9351959228516,373.8332462310791,807.5873565673828,341.9532608985901,814.0567016601562,378.6428117752075,817.7002716064453,400.07434844970703,838.5796356201172,376.56476497650146,836.0334014892578,348.72742652893066,837.633056640625,387.6192855834961,838.8126373291016,412.211709022522,865.1297760009766,383.8022232055664,860.5419921875,362.4986171722412,858.1121063232422,389.63733673095703,857.5373840332031,409.6909475326538,12,1787748075.9530265
852.49755859375,475.15178203582764,815.9018707275391,448.153395652771,790.428466796875,408.11264991760254,777.3157501220703,366.36743545532227,783.7533569335938,331.69522762298584,788.7923431396484,377.9853057861328,780.4400634765625,347.64896392822266,788.0268859863281,369.35593128204346,796.0565185546875,384.1977310180664,813.5576629638672,376.0133457183838,807.4729919433594,343.2670068740845,813.6088562011719,382.8089904785156,818.3632659912109,401.6168975830078,839.6251678466797,378.7336206436157,835.4726409912109,348.8885521888733,836.3455200195312,389.4495391845703,839.1195678710938,412.05541133880615,866.0809326171875,385.45214653015137,860.6813812255859,362.07087993621826,857.1125030517578,389.4145631790161,857.4835205078125,408.8297653198242,13,1787748076.018763
854.0522766113281,476.9208812713623,815.1071166992188,450.0266933441162,790.2852630615234,408.06432723999023,778.558349609375,367.1946716308594,786.4258575439453,334.32589530944824,793.3202362060547,378.4926509857178,786.11572265625,348.16240310668945,791.8779754638672,371.0774803161621,799.2588043212891,387.35557079315186,817.2138977050781,377.36629486083984,811.7298126220703,344.4170093536377,815.7408905029297,383.5132312774658,820.7601928710938,403.03765296936035,842.6328277587891,380.7600402832031,839.571533203125,350.5455780029297,838.4916687011719,391.25133991241455,841.3692474365234,415.3259468078613,868.7836456298828,388.1247854232788,864.2633056640625,363.830623626709,858.8571166992188,390.9343671798706,858.3775329589844,411.4884567260742,14,1787748076.0659723
856.1691284179688,479.7235107421875,817.5383758544922,453.1640625,792.6950836181641,410.619421005249,780.1296997070312,369.138822555542,786.0202789306641,335.41199684143066,794.1082763671875,382.28525161743164,785.9835815429688,351.45581245422363,793.3698272705078,372.48368740081787,802.4476623535156,387.16399669647217,818.5344696044922,380.2081489562988,812.2179412841797,346.7610025405884,817.1853637695312,385.955114364624,822.6856994628906,402.95680046081543,844.6950531005859,382.82315254211426,840.4279327392578,350.06473302841187,839.7488403320312,390.77858448028564,842.9363250732422,413.21794509887695,871.2027740478516,389.20886993408203,865.8184814453125,365.30364990234375,860.2821350097656,392.78955459594727,860.3379821777344,412.3209285736084,15,1787748076.1256475
855.2873229980469,478.83142948150635,815.9738922119141,451.98071479797363,792.4947357177734,409.5901393890381,780.9054565429688,369.72431659698486,786.0024261474609,336.86317920684814,792.7051544189453,382.2239685058594,783.5845184326172,352.7489161491394,787.9611206054688,358.9062166213989,796.0755920410156,366.50768280029297,817.5830841064453,380.3087854385376,812.0928955078125,346.0007572174072,816.9578552246094,382.6987838745117,821.3961029052734,401.1297655105591,843.9102935791016,382.6577138900757,840.0672912597656,350.8518648147583,839.8004913330078,390.2159643173218,842.0706939697266,413.14408779144287,870.2011108398438,388.9995288848877,865.5233001708984,365.7981204986572,861.0015106201172,393.1486701965332,860.2945709228516,412.9454755783081,16,1787748076.1908262
854.2988586425781,478.8212585449219,816.4009094238281,452.4717092514038,793.0609893798828,410.5319595336914,781.9454193115234,370.5413818359375,789.2410278320312,337.21218824386597,796.0661315917969,380.1444625854492,786.8080902099609,351.5992784500122,790.3471374511719,362.9056692123413,798.68896484375,372.9870843887329,820.4701995849609,378.9729595184326,814.4229888916016,346.87073707580566,818.018798828125,385.75469970703125,823.6334991455078,405.2599811553955,846.3467407226562,382.28559494018555,842.0536804199219,351.78317070007324,840.5886077880859,392.3727607727051,844.1548919677734,416.36741638183594,872.2259521484375,389.75621223449707,867.01904296875,365.6344413757324,861.7694854736328,392.9763650894165,862.166748046875,413.50861072540283,17,1787748076.2524517
855.6065368652344,479.3028974533081,817.5416564941406,451.65181159973145,793.5329437255859,409.6246004104614,780.9815979003906,369.2214345932007,789.7382354736328,336.44078493118286,795.17333984375,382.1156072616577,787.8665924072266,351.94247245788574,793.4049224853516,362.9925727844238,801.7046356201172,374.07546043395996,820.3470611572266,380.54696559906006,817.0939636230469,345.87233304977417,820.3560638427734,382.73526191711426,823.8074493408203,405.6127452850342,846.5876007080078,383.562970161438,844.2937469482422,352.6587724685669,842.8584289550781,392.1504592895508,844.4934844970703,418.2132911682129,872.7265167236328,391.07444286346436,868.8625335693359,367.03678607940674,863.5341644287109,393.7635612487793,862.1189880371094,415.4978656768799,18,1787748076.296768
855.6724548339844,478.7390327453613,818.2459259033203,452.0790767669678,794.0858459472656,409.44851875305176,782.1553039550781,369.1966724395752,790.2536010742188,336.72374725341797,794.7543334960938,381.54380321502686,786.5496063232422,351.8677353858948,791.7333984375,360.95430850982666,800.1136779785156,370.3180503845215,820.1763153076172,379.94911193847656,817.1511840820312,345.58239698410034,820.4680633544922,382.5293970108032,824.1143035888672,405.0813674926758,846.490478515625,382.99760341644287,844.5581817626953,352.05516815185547,842.982177734375,391.8952417373657,844.5909118652344,417.49956607818604,872.6502227783203,390.66267013549805,869.27490234375,366.97481632232666,864.4752502441406,393.8421392440796,863.4734344482422,414.69916820526123,19,1787748076.3585856
856.0243988037109,479.08029556274414,816.8915557861328,451.4995050430298,792.8191375732422,408.8740110397339,782.3878479003906,367.9640579223633,790.4657745361328,335.67330837249756,797.564697265625,381.44617080688477,790.0966644287109,350.86918115615845,795.5011749267578,370.4238796234131,803.6270904541016,385.1571035385132,822.0039367675781,380.8191776275635,817.3018646240234,346.92365169525146,820.4234313964844,386.11772060394287,825.8283996582031,407.53003120422363,847.7527618408203,384.2645072937012,844.0927124023438,352.88832664489746,842.686767578125,393.63133907318115,846.1502838134766,418.3768844604492,874.0541076660156,391.51333808898926,868.6282348632812,367.4369287490845,864.1226959228516,394.7153377532959,865.2006530761719,414.77946281433105,20,1787748076.4180386
855.4706573486328,478.92725944519043,816.6081237792969,451.00902557373047,792.6762390136719,409.02992248535156,781.5782165527344,368.60748767852783,789.7049713134766,336.0567569732666,796.9222259521484,381.3643741607666,789.3726348876953,351.52655839920044,794.0950012207031,366.25855922698975,802.0792388916016,379.36795234680176,821.6512298583984,380.78639030456543,817.5118255615234,347.3746061325073,820.5518341064453,385.9626245498657,825.2865600585938,408.1453514099121,847.6059722900391,384.09743785858154,844.3524932861328,353.25016736984253,842.7204895019531,393.5034942626953,845.6626892089844,418.8164234161377,873.8596343994141,391.4618396759033,869.0906524658203,367.19565868377686,864.1861724853516,394.1742181777954,864.4768524169922,414.9344301223755,21,1787748076.4798002
855.8930206298828,480.2842426300049,816.3384246826172,452.74160385131836,792.1277618408203,410.04358291625977,781.1312103271484,368.97690296173096,789.2195892333984,336.25781536102295,797.7214813232422,382.87726879119873,789.9024200439453,353.03011894226074,794.8661041259766,369.73071098327637,803.3558654785156,383.1786632537842,822.3318481445312,381.94291591644287,817.2679901123047,347.90353775024414,820.0595855712891,386.581506729126,825.2967071533203,408.48069190979004,848.1072998046875,385.10380268096924,844.0513610839844,353.46746921539307,842.3012542724609,393.85552883148193,845.6365966796875,419.1382026672363,874.4985961914062,392.38683700561523,869.2100524902344,367.086181640625,864.44580078125,394.0509223937988,865.2056884765625,415.0237798690796,22,1787748076.5250504
854.0504455566406,480.54924488067627,814.8282623291016,453.77410411834717,790.9021759033203,410.69701194763184,780.2433013916016,370.1941967010498,788.3069610595703,337.9402470588684,798.7882232666016,382.10153102874756,790.9857940673828,351.41278982162476,794.3576812744141,368.0229377746582,801.5296173095703,381.9169521331787,823.14453125,381.4715337753296,817.1917724609375,347.5432848930359,819.0147399902344,386.1401653289795,824.6636199951172,408.30224990844727,848.8101959228516,385.07728099823,843.4548950195312,353.6593222618103,841.3674926757812,394.44557189941406,845.0626373291016,419.74884510040283,875.1950836181641,392.8039741516113,868.7485504150391,367.73467540740967,863.5186004638672,395.1135492324829,864.3569946289062,415.98100662231445,23,1787748076.5779424
854.3881225585938,481.51132106781006,816.1829376220703,454.03987884521484,791.9694519042969,412.02614307403564,780.0305938720703,371.728892326355,787.5621795654297,338.6109924316406,798.4364318847656,383.5693645477295,790.5518341064453,352.6888132095337,793.8571929931641,366.39644622802734,801.46240234375,379.12556648254395,822.7959442138672,382.7473211288452,817.0815277099609,348.19257259368896,818.9853668212891,386.0610294342041,824.3001556396484,408.96353244781494,848.5958862304688,385.9366178512573,843.121337890625,354.1770315170288,841.4296722412109,394.3479824066162,845.1160430908203,420.3657102584839,875.1000213623047,393.2378053665161,868.4918212890625,367.85518169403076,863.3303833007812,394.9803400039673,864.0884399414062,416.6058111190796,24,1787748076.644906
854.9651336669922,482.2577905654907,815.7115173339844,453.910231590271,790.9832763671875,411.7428159713745,779.1983032226562,370.9519958496094,788.3900451660156,338.0568480491638,798.3699035644531,385.0036382675171,789.3253326416016,354.98414039611816,792.2627258300781,365.5162525177002,800.2721405029297,375.23327350616455,822.8352355957031,383.90830993652344,816.6648864746094,348.61430168151855,818.7299346923828,385.3905200958252,824.0153503417969,408.59381675720215,848.5391998291016,387.0438766479492,843.0027008056641,354.7061562538147,841.3091278076172,393.8923931121826,844.8749542236328,420.41399002075195,874.9002838134766,394.383602142334,868.4550476074219,368.7178659439087,863.4630584716797,395.0856113433838,864.1764068603516,417.01797008514404,25,1787748076.7047393
853.9398193359375,480.74034690856934,814.4743347167969,452.6503658294678,790.2848815917969,410.25824546813965,779.7586059570312,370.05712509155273,788.9151763916016,337.76326417922974,798.4246063232422,383.4924602508545,789.8780059814453,352.785222530365,792.7378845214844,363.257360458374,800.1280212402344,373.7101221084595,822.8139495849609,382.72693634033203,817.1406555175781,347.5981307029724,819.0409851074219,384.5064640045166,823.9878082275391,408.14818382263184,848.3941650390625,386.4555072784424,843.4873199462891,354.8228645324707,841.8202972412109,394.14838314056396,845.1152038574219,420.6731986999512,874.5792388916016,394.2008686065674,868.6744689941406,368.6018657684326,863.6140441894531,394.9494409561157,863.9063262939453,416.5107536315918,26,1787748076.7531967
854.329833984375,481.53990268707275,816.5974426269531,454.96766567230225,792.3249816894531,414.10479068756104,779.7442626953125,373.4581232070923,787.5770568847656,339.6502089500427,796.1979675292969,385.32533168792725,787.2339630126953,355.4263186454773,788.8676452636719,359.95644092559814,796.2051391601562,368.32454681396484,821.0804748535156,383.9033317565918,816.1936950683594,349.29028272628784,818.038330078125,384.7451591491699,822.1581268310547,408.9920711517334,847.3005676269531,386.66656494140625,842.4838256835938,355.4972791671753,840.9200286865234,393.84681701660156,843.8096618652344,420.8841276168823,873.6653900146484,393.67764472961426,867.7443695068359,368.6868381500244,863.048095703125,395.02179622650146,863.1562042236328,417.54544258117676,27,1787748076.7955325
852.6703643798828,481.0148334503174,814.7621917724609,455.2521514892578,791.1403656005859,413.4806728363037,780.0559997558594,372.8428888320923,787.8268432617188,339.53553915023804,797.1055603027344,384.60967540740967,787.6113128662109,354.3233299255371,788.9060974121094,359.6700882911682,795.9574890136719,367.5048637390137,821.9017028808594,383.49452018737793,815.5230712890625,348.83572340011597,817.1691131591797,385.6532907485962,821.9507598876953,407.90043354034424,847.8773498535156,386.7460012435913,842.1385192871094,355.51910161972046,840.1592254638672,395.1545763015747,843.4264373779297,421.03875160217285,874.1188812255859,393.9983081817627,867.275390625,369.0487861633301,862.0519256591797,395.9158945083618,862.3094940185547,417.5789165496826,28,1787748076.8354106
853.0098724365234,480.90200901031494,815.7189178466797,454.91814136505127,791.7285919189453,414.2997121810913,780.0550842285156,373.6346769332886,788.4516906738281,340.1409673690796,796.1850738525391,384.60559844970703,787.1397399902344,354.44411516189575,789.2735290527344,361.9141960144043,796.448974609375,370.7378053665161,821.1782836914062,383.31011295318604,815.5570983886719,348.8809561729431,817.8506469726562,386.1424398422241,822.5215148925781,408.53759765625,847.3728179931641,386.3986015319824,842.4432373046875,355.43402194976807,840.91064453125,395.04432678222656,844.1509246826172,421.1612319946289,874.0082550048828,393.50658416748047,868.0226898193359,368.65538120269775,862.6144409179688,395.2584743499756,862.4765777587891,417.03075885772705,29,1787748076.8732107
852.9196929931641,480.7862663269043,815.8805847167969,454.6190643310547,791.8830108642578,413.39329719543457,780.1695251464844,372.8971767425537,788.3519744873047,339.59574937820435,795.8746337890625,383.3636713027954,788.2096862792969,352.3395895957947,791.1959838867188,362.5723457336426,798.0206298828125,374.76588249206543,821.1080169677734,382.44905948638916,816.1152648925781,348.65037202835083,818.5307312011719,386.23530864715576,822.5090789794922,409.29943084716797,847.3830413818359,385.91546058654785,843.0190277099609,355.1276707649231,841.5713500976562,394.9808120727539,844.0961456298828,421.3301467895508,873.5664367675781,393.5770082473755,867.81982421875,369.2009210586548,862.9011535644531,396.13231658935547,862.6479339599609,417.83254623413086,30,1787748076.898978
853.8571166992188,481.94369316101074,815.2873229980469,454.52778339385986,791.7454528808594,413.3251476287842,779.8024749755859,372.4010753631592,787.5585174560547,338.92223596572876,796.2534332275391,384.99518394470215,787.9106903076172,354.8160409927368,790.010986328125,360.3092050552368,797.4168395996094,369.0978813171387,821.2984466552734,384.29497718811035,816.6676330566406,349.36684370040894,818.4126281738281,386.0670804977417,822.3297119140625,408.997220993042,847.3028564453125,387.4597692489624,842.9644012451172,355.9045672416687,841.1676788330078,395.0277614593506,844.1593933105469,421.3517761230469,873.4555816650391,394.4786596298218,867.6953887939453,369.7111415863037,862.7169036865234,396.3389539718628,863.1683349609375,418.24376106262207,31,1787748076.9613163
853.7044525146484,482.4075222015381,815.7560729980469,454.8843240737915,791.7922973632812,412.48804092407227,780.1528930664062,371.74219608306885,788.9276885986328,338.6851930618286,796.8314361572266,384.29072856903076,789.1284942626953,353.5069513320923,793.4773254394531,367.4840497970581,801.1698913574219,380.75961112976074,821.8024444580078,383.096866607666,816.4170074462891,349.2053747177124,819.3406677246094,388.00118923187256,823.8990783691406,410.8324098587036,847.8352355957031,386.6406440734863,843.2931518554688,355.1338291168213,841.9287109375,395.83332538604736,844.8783874511719,422.21699237823486,874.0346527099609,394.36261653900146,868.3034515380859,369.4761371612549,863.3578491210938,396.73025608062744,863.538818359375,418.3043146133423,32,1787748077.0021942
854.1392517089844,482.8860282897949,816.2799835205078,455.1407861709595,792.4373626708984,412.6506042480469,780.4144287109375,371.8436908721924,788.4010314941406,338.6536931991577,796.7873382568359,384.5153474807739,789.2984771728516,352.95917987823486,793.9369201660156,368.52221488952637,801.4773559570312,381.95068359375,821.7153167724609,383.54825019836426,816.0347747802734,349.1417956352234,819.3479156494141,388.46965312957764,824.0840911865234,410.3762626647949,847.9651641845703,387.0352077484131,842.5704193115234,355.0732111930847,841.7375183105469,396.1598253250122,845.0058746337891,421.74174785614014,874.3379211425781,394.52166080474854,868.0776214599609,369.4932174682617,863.4651947021484,397.03195095062256,864.2105865478516,418.212947845459,33,1787748077.0808501
855.7002258300781,485.5763912200928,816.7684936523438,456.903920173645,792.9844665527344,414.50549125671387,781.2772369384766,373.7333393096924,788.8376617431641,340.7307958602905,798.916015625,386.0457944869995,790.9315490722656,355.9715151786804,794.7038269042969,370.5342149734497,802.7393341064453,381.4624357223511,823.2615661621094,385.4854488372803,818.1085205078125,351.02344036102295,819.9138641357422,390.1938199996948,824.664306640625,410.8589744567871,848.9527893066406,389.0598678588867,844.7499084472656,356.2318825721741,842.0050048828125,396.83252334594727,844.8884582519531,421.869421005249,875.0494384765625,396.7327880859375,869.8572540283203,370.89736461639404,863.5730743408203,397.9068660736084,863.6684417724609,418.89517307281494,34,1787748077.1499364
855.3500366210938,485.2583885192871,815.6842803955078,455.9495258331299,792.1997833251953,413.0083894729614,781.2142181396484,372.85439014434814,788.6134338378906,340.7778739929199,797.7313232421875,387.68584728240967,788.2081604003906,359.1650176048279,790.0413513183594,363.5158395767212,797.2888946533203,368.2467842102051,822.7133178710938,386.89290046691895,816.9879150390625,352.09392070770264,818.7028503417969,388.436222076416,823.0459594726562,409.4725513458252,848.7795257568359,390.0275659561157,843.5012054443359,357.57208585739136,841.0003662109375,396.5464496612549,843.6488342285156,421.8062496185303,875.2593994140625,397.13305950164795,869.4426727294922,370.91598987579346,863.4324645996094,397.15537548065186,863.1222534179688,418.6203861236572,35,1787748077.2126884
854.8307800292969,483.7344217300415,815.0680541992188,455.5136775970459,791.3716888427734,412.46928691864014,780.6415557861328,372.7606201171875,788.3201599121094,340.8507442474365,797.4982452392578,386.57352447509766,788.2955169677734,358.10661792755127,790.16845703125,363.5077714920044,797.3524475097656,368.83094787597656,822.3757171630859,385.5809783935547,816.8144226074219,350.8511996269226,818.6972808837891,387.5007963180542,823.2207489013672,409.4790744781494,848.3324432373047,388.99588108062744,843.7500762939453,357.3472309112549,841.5113830566406,396.7480230331421,844.1623687744141,422.45753288269043,874.5594787597656,396.47263526916504,868.9746856689453,370.52945137023926,863.3625793457031,396.9439744949341,863.0860900878906,418.3195495605469,36,1787748077.272531
855.7636260986328,482.73921489715576,815.8487701416016,455.3180265426636,792.0125579833984,412.4089479446411,780.9201812744141,372.44566440582275,788.5539245605469,340.50647735595703,798.5884094238281,385.8697986602783,790.1614379882812,356.16963386535645,792.7394866943359,362.1375274658203,799.7391510009766,369.80851650238037,823.2489776611328,385.30258655548096,818.3601379394531,351.5824556350708,820.6121826171875,388.94004821777344,824.6027374267578,410.6849956512451,848.6833953857422,388.72907638549805,844.6739196777344,357.38834381103516,842.5661468505859,397.17799186706543,845.0153350830078,422.3623037338257,874.7714233398438,395.95417499542236,869.8973083496094,371.0585117340088,864.4398498535156,397.8717613220215,863.9750671386719,418.4447765350342,37,1787748077.3241346
857.3461151123047,484.89901542663574,819.3886566162109,456.9104862213135,794.3370056152344,414.05595302581787,781.8458557128906,373.4510850906372,788.2989501953125,340.86881160736084,799.5729827880859,386.8717861175537,791.2037658691406,356.27739429473877,796.5548706054688,371.4432907104492,804.8717498779297,385.02230644226074,823.9875030517578,386.07441902160645,818.4336090087891,352.19528675079346,821.9156646728516,389.6780204772949,826.9516754150391,410.6049585342407,849.5354461669922,389.6602535247803,845.9103393554688,356.78317308425903,844.493408203125,396.09283447265625,847.6476287841797,421.26264095306396,875.6455993652344,397.4733781814575,871.1195373535156,372.18546867370605,865.989990234375,397.8485870361328,866.3874816894531,418.29989433288574,38,1787748077.3655415
857.479248046875,486.10897064208984,819.3804931640625,457.66558170318604,794.6142578125,414.71770763397217,781.5444946289062,374.23137187957764,788.3737945556641,341.2562942504883,800.2301025390625,387.033748626709,791.6217041015625,355.8651065826416,795.9457397460938,369.2380428314209,803.5778045654297,381.68928623199463,824.5862579345703,386.34233951568604,818.6817169189453,352.03027725219727,821.7958068847656,389.819598197937,826.3698577880859,410.5129909515381,850.3224182128906,389.9225091934204,845.4708099365234,357.1415376663208,843.7242889404297,396.57262802124023,846.4657592773438,421.1396026611328,876.6837310791016,397.5793790817261,871.0621643066406,372.1237564086914,865.7008361816406,398.43146324157715,865.8847808837891,418.85826587677,39,1787748077.437122
857.4801635742188,487.21760272979736,819.0301513671875,457.77870655059814,794.4509887695312,415.17127990722656,782.1408081054688,373.86380195617676,790.8272552490234,341.5683317184448,800.0495910644531,386.04137420654297,792.9801177978516,354.7390937805176,798.740234375,375.2161502838135,806.6944885253906,391.26344203948975,824.7486114501953,385.6862497329712,819.7404479980469,352.264723777771,822.9372406005859,391.76546573638916,827.4073028564453,413.566632270813,850.5764007568359,389.5188903808594,846.7937469482422,357.82320499420166,844.8487854003906,398.1913089752197,847.2051239013672,423.90862941741943,877.061767578125,397.446084022522,872.3619842529297,371.8021488189697,866.7781066894531,398.5115432739258,866.4833831787109,419.836049079895,40,1787748077.4994729
857.7385711669922,487.5077533721924,819.1391754150391,457.7714538574219,794.3898010253906,415.3174066543579,781.9305419921875,374.22956943511963,791.5406799316406,342.05323219299316,799.5196533203125,386.24796867370605,791.6565704345703,355.5558156967163,796.7538452148438,372.611403465271,804.6244812011719,386.1375904083252,824.5180511474609,385.8464527130127,819.3230438232422,352.06963062286377,822.43408203125,390.9670686721802,826.6372680664062,412.58644580841064,850.5300140380859,389.58532333374023,846.678466796875,357.9156446456909,844.8201751708984,398.17912101745605,846.9738006591797,423.6551284790039,877.2222137451172,397.40784645080566,872.2857666015625,371.94664478302,866.9573211669922,398.7510108947754,866.6961669921875,419.7466993331909,41,1787748077.5563285
859.2194366455078,488.2352542877197,824.0162658691406,459.6795988082886,799.7903442382812,417.5484895706177,788.1427001953125,376.5307331085205,796.67724609375,342.5642251968384,799.7432708740234,385.2937889099121,793.3769226074219,354.3226218223572,798.2701873779297,372.43330478668213,805.2162170410156,388.7770986557007,825.0987243652344,384.5211410522461,822.3727416992188,352.02049255371094,825.2912139892578,391.8780326843262,829.4068908691406,414.2931032180786,851.6061401367188,388.7590742111206,851.4291381835938,359.98427152633667,848.9240264892578,400.8002185821533,850.6156158447266,425.89942932128906,877.8542327880859,397.59525775909424,875.4154968261719,373.94259452819824,869.9029541015625,400.93982219696045,869.4587707519531,421.3281726837158,42,1787748077.5960646
860.1560211181641,488.20263862609863,824.8789978027344,460.23908615112305,801.49658203125,418.866548538208,789.7821044921875,377.69446849823,795.9907531738281,342.97496795654297,801.4146423339844,386.52305603027344,792.9145812988281,357.0806622505188,795.6687164306641,364.04494285583496,802.8202819824219,371.41496658325195,826.6165924072266,385.9305667877197,822.1024322509766,352.61276721954346,824.3781280517578,390.80424785614014,828.4266662597656,409.3171548843384,852.7519989013672,389.7948360443115,850.4236602783203,360.38177490234375,847.7063751220703,400.0892400741577,849.4248199462891,422.2438144683838,878.7268829345703,397.86725521087646,875.213623046875,373.7356996536255,869.5384216308594,400.93454360961914,868.8448333740234,420.5149269104004,43,1787748077.667295
859.7891998291016,487.4721336364746,824.9728393554688,460.13458728790283,801.7717742919922,419.3917465209961,789.7006225585938,378.32807064056396,796.6961669921875,343.9966320991516,802.1919250488281,387.488694190979,793.4296417236328,357.2381401062012,795.0928497314453,364.5866632461548,800.9963989257812,371.45376205444336,827.2415161132812,386.5789747238159,822.8852844238281,353.1968021392822,824.6991729736328,391.6284370422363,828.0979919433594,409.5047378540039,853.1337738037109,390.0115156173706,850.5467987060547,360.0301694869995,847.4556732177734,399.98358249664307,848.8677978515625,421.8950414657593,878.9324188232422,397.67040252685547,875.5644226074219,373.47039699554443,869.7587585449219,400.7072639465332,868.9778900146484,420.34931659698486,44,1787748077.7209823
860.3766632080078,486.67219161987305,823.3370971679688,458.3124876022339,800.3518676757812,416.2394857406616,789.2145538330078,376.2901496887207,796.8775939941406,343.50722551345825,804.3354797363281,386.0224914550781,797.3990631103516,354.0388011932373,800.8273315429688,370.71282863616943,807.0317840576172,384.9044609069824,828.6030578613281,386.1528253555298,824.0139007568359,352.0861315727234,826.1952972412109,390.7380723953247,830.4729461669922,411.04599952697754,854.3939208984375,390.3381013870239,851.0092163085938,359.40521478652954,848.5618591308594,399.4718599319458,850.7115936279297,423.23442935943604,880.5593109130859,398.357949256897,875.3648376464844,373.76501083374023,869.4462585449219,400.78442573547363,868.9490509033203,421.0975456237793,45,1787748077.771536
860.8962249755859,487.9148483276367,824.1876220703125,459.607629776001,801.6249847412109,416.39917373657227,790.6301879882812,374.50032234191895,799.4725799560547,340.7148742675781,806.7482757568359,387.1834373474121,799.6208190917969,355.4952621459961,804.4754028320312,378.0472755432129,812.9257202148438,394.2781162261963,830.8932495117188,386.9542694091797,826.2290954589844,352.45211362838745,828.3380889892578,393.1936025619507,833.8746643066406,412.10583686828613,856.5123748779297,391.2075662612915,853.5108184814453,358.5149359703064,850.5823516845703,399.67751026153564,853.9604187011719,422.56396293640137,882.5269317626953,398.80143642425537,877.7957916259766,372.7830219268799,871.8302917480469,399.1381072998047,872.9401397705078,418.1486177444458,46,1787748077.8274145
860.8419036865234,486.45263671875,823.8023376464844,458.564829826355,801.0791015625,416.0646057128906,789.9688720703125,375.436692237854,798.2218933105469,342.78584003448486,806.6634368896484,388.8542175292969,796.4010620117188,358.0448842048645,797.0223999023438,360.62222957611084,804.0937805175781,365.4101228713989,830.6237030029297,388.50239753723145,825.2957153320312,352.2064018249512,825.8663940429688,388.3119821548462,830.3288269042969,407.80121326446533,856.1421203613281,392.1675395965576,851.8456268310547,359.41866874694824,848.3881378173828,397.834210395813,851.0969543457031,421.30027770996094,882.2032928466797,399.6950626373291,876.9756317138672,373.47142696380615,870.6195831298828,398.85555267333984,870.6104278564453,418.96010398864746,47,1787748077.8722818
863.2212829589844,485.0065612792969,828.2339477539062,459.58149433135986,804.1799163818359,418.2476234436035,792.2491455078125,377.36226081848145,799.6238708496094,344.0882349014282,804.9604034423828,387.48796463012695,796.6941833496094,356.777400970459,800.0392150878906,362.1896266937256,806.8881225585938,369.857439994812,830.06103515625,386.65210247039795,826.4643096923828,354.41991090774536,829.107666015625,391.5062999725342,831.6278839111328,407.9409456253052,856.072998046875,390.04700660705566,854.5368957519531,359.9678349494934,852.3561859130859,399.61699962615967,853.1996154785156,421.39065742492676,881.9377136230469,397.3485803604126,879.4368743896484,374.13914680480957,873.5401916503906,400.6216049194336,871.6092681884766,419.44942474365234,48,1787748077.924696
863.8749694824219,486.6510772705078,828.8053131103516,461.7835235595703,805.1287841796875,419.06859397888184,793.2307434082031,377.75497913360596,799.7029113769531,344.1102075576782,805.7642364501953,389.99756813049316,795.6947326660156,360.2527713775635,797.8395080566406,359.8808240890503,805.5086517333984,362.2752857208252,830.5778503417969,388.6836290359497,825.9073638916016,354.2868947982788,828.0682373046875,390.82677841186523,831.7477416992188,407.54234790802,856.2891387939453,391.61749362945557,853.3465576171875,360.0071668624878,850.7304382324219,399.54850673675537,852.8632354736328,421.4559316635132,882.0841979980469,398.4320640563965,878.7669372558594,374.51615810394287,873.0511474609375,400.66572189331055,872.20458984375,419.72283840179443,49,1787748077.9933574
864.5288848876953,485.30280590057373,829.9958801269531,459.6261262893677,806.3148498535156,416.77425384521484,795.6204223632812,375.8128881454468,804.1400146484375,342.89973735809326,807.4912261962891,386.24560832977295,799.3193817138672,355.18970489501953,802.0485687255859,363.9719009399414,808.5169982910156,374.4115734100342,832.8865051269531,385.8052968978882,829.7962188720703,353.7206268310547,831.7234039306641,391.8647289276123,834.8784637451172,410.64435482025146,858.929443359375,390.0312566757202,858.0123138427734,360.7677984237671,854.7630310058594,400.607271194458,856.0167694091797,422.8035593032837,884.9859619140625,398.23225021362305,882.5738525390625,375.522780418396,876.6252136230469,402.134370803833,875.4465484619141,420.7231092453003,50,1787748078.0519452
865.4302215576172,488.6789131164551,829.0809631347656,461.5474462509155,807.1181488037109,417.19744205474854,797.0948791503906,375.3929615020752,803.8822937011719,342.3977565765381,809.0493774414062,388.52741718292236,802.2917175292969,357.52196073532104,804.9396514892578,367.98530101776123,810.9168243408203,376.8975305557251,833.8017272949219,388.688907623291,829.8663330078125,354.88187313079834,831.4596557617188,393.20643424987793,835.0848388671875,409.79445934295654,859.4013214111328,392.63136863708496,857.0679473876953,361.7923164367676,853.5617828369141,402.0234775543213,855.07568359375,423.04332733154297,885.2538299560547,399.92873668670654,881.8925476074219,375.3816747665405,875.377197265625,402.21930027008057,874.2180633544922,421.05613231658936,51,1787748078.1168587
865.1277160644531,487.6046562194824,829.5259857177734,460.4529333114624,807.4437713623047,416.53916358947754,797.3215484619141,375.28138160705566,804.6372985839844,342.64458417892456,808.0228424072266,386.75612926483154,802.0545196533203,355.6524181365967,805.6336212158203,368.439302444458,811.435546875,378.7267541885376,833.07373046875,386.81788444519043,830.4135894775391,353.47978591918945,832.1971130371094,392.6150178909302,834.9970245361328,409.979510307312,858.896484375,391.01646423339844,857.8550720214844,360.82423210144043,854.295654296875,401.9279909133911,854.6982574462891,423.5147523880005,884.7366333007812,398.77787590026855,882.2272491455078,374.7243404388428,876.0663604736328,402.3498058319092,874.19677734375,421.441125869751,52,1787748078.1660912
866.6088104248047,489.0348529815674,830.8249664306641,462.77066230773926,808.1552886962891,418.1073760986328,798.0062866210938,375.8515977859497,804.9752044677734,342.8507924079895,809.2941284179688,387.83480644226074,801.3324737548828,357.32094526290894,805.6272125244141,370.4218626022339,812.8688049316406,378.23949337005615,834.0348815917969,387.30051040649414,828.8159942626953,354.4861936569214,831.3436889648438,394.3842029571533,835.8538055419922,410.1397132873535,859.7490692138672,391.19473457336426,856.7046356201172,360.4017734527588,854.0396881103516,402.4410009384155,856.3867950439453,423.3640766143799,885.8077239990234,398.4577703475952,882.3299407958984,374.8585796356201,876.0910797119141,403.0625867843628,875.4139709472656,421.6453170776367,53,1787748078.1924706
865.6685638427734,488.3822822570801,830.1058197021484,461.5400218963623,807.9556274414062,417.4210739135742,798.0248260498047,376.047420501709,805.4330444335938,343.507719039917,809.6633148193359,387.4916982650757,801.1338043212891,357.1566867828369,804.0740203857422,366.5375518798828,811.1251068115234,373.0314588546753,834.1959381103516,387.3261308670044,829.2749786376953,354.3364191055298,831.1852264404297,393.9641046524048,835.4002380371094,409.9110174179077,859.8729705810547,391.2713384628296,856.8126678466797,360.0643730163574,853.3548736572266,402.023606300354,855.0979614257812,423.1432771682739,885.7070159912109,398.70118618011475,882.2515106201172,374.7204351425171,875.3797912597656,402.7978849411011,873.9727783203125,421.641583442688,54,1787748078.2414646
867.6001739501953,489.92998123168945,833.1977844238281,462.78465270996094,811.6633605957031,419.43217277526855,801.787109375,377.00833797454834,812.3233032226562,344.63398933410645,810.8779907226562,386.62678241729736,803.7027740478516,353.5178732872009,810.5870819091797,376.52987480163574,818.6260986328125,392.0602512359619,835.6179809570312,386.53563022613525,831.1050415039062,352.87182569503784,834.8000335693359,394.9162244796753,839.4282531738281,411.4777708053589,861.6752624511719,390.9478425979614,858.3333587646484,359.25029039382935,856.1073303222656,402.4177837371826,859.2652893066406,424.28576946258545,888.0937194824219,398.540940284729,882.5769805908203,372.49149799346924,877.0107269287109,400.1585054397583,877.9878997802734,419.2548894882202,55,1787748078.2895434
867.7468872070312,492.1384048461914,833.0317687988281,462.43377685546875,812.4440765380859,419.20515060424805,802.5172424316406,377.0000123977661,811.458740234375,343.69744777679443,810.9326171875,387.964882850647,803.0388641357422,356.3818073272705,807.6644897460938,371.9134283065796,815.4729461669922,383.1635570526123,835.711669921875,387.95496940612793,830.5055236816406,353.7621259689331,833.2535552978516,393.8561725616455,838.5124969482422,410.75971126556396,861.8613433837891,392.42889404296875,857.9799652099609,360.52189350128174,855.4196929931641,401.3196659088135,859.0830993652344,422.15343475341797,888.4169006347656,400.4193449020386,883.1510162353516,374.43620681762695,876.6658020019531,401.16547107696533,877.0912933349609,420.01230239868164,56,1787748078.376978
866.7803955078125,490.71876525878906,833.2644653320312,461.55216693878174,812.349853515625,418.6917972564697,802.1807098388672,377.33333587646484,811.9404602050781,344.36697006225586,811.0926055908203,387.295446395874,801.5544891357422,356.3417673110962,805.50048828125,367.0470857620239,814.2649078369141,375.57831287384033,835.7753753662109,387.2228765487671,830.9667205810547,352.50670194625854,833.5096740722656,392.3019504547119,837.7217864990234,408.9567518234253,861.8659973144531,391.66972160339355,858.0815887451172,359.196560382843,855.1995086669922,400.44891357421875,857.7593231201172,421.77213191986084,887.9187774658203,399.98233795166016,882.5642395019531,374.5683431625366,876.0817718505859,401.51055335998535,875.8651733398438,420.46287059783936,57,1787748078.4352808
868.6345672607422,491.0055685043335,834.7805023193359,462.4608564376831,814.3486022949219,420.5726480484009,804.8589324951172,379.83049392700195,811.6394805908203,347.76511430740356,809.7492980957031,390.18725395202637,800.1524353027344,359.72158670425415,804.3423461914062,362.69529819488525,813.0674743652344,366.4006519317627,834.8795318603516,389.2750883102417,830.5632019042969,353.1804943084717,833.6894989013672,390.07365703582764,837.8787231445312,405.6077241897583,861.3580322265625,392.7346658706665,858.5585784912109,359.79241847991943,856.2631225585938,399.1593933105469,858.1583404541016,419.90063667297363,887.6151275634766,400.2297019958496,883.7422943115234,374.6998357772827,877.7377319335938,401.33219718933105,876.6516876220703,420.53024768829346,58,1787748078.490615
868.3757019042969,489.30397510528564,834.6426391601562,461.8309450149536,814.5151519775391,419.4249200820923,805.3388214111328,378.9756202697754,811.8972778320312,347.3384714126587,810.8547210693359,389.2597246170044,800.2942657470703,358.0160450935364,803.8861846923828,362.0719528198242,812.6817321777344,367.5887203216553,835.7329559326172,388.4734296798706,830.6172180175781,352.88304805755615,833.7425231933594,390.80111503601074,837.9621887207031,406.0097551345825,862.0320129394531,392.2203254699707,858.3042907714844,358.83313179016113,855.5373382568359,399.3056917190552,857.3477935791016,420.12383937835693,887.9137420654297,400.005898475647,883.551025390625,374.88561630249023,877.1522521972656,401.41931533813477,875.7732391357422,420.06521701812744,59,1787748078.5418637
872.7794647216797,492.0602560043335,839.3299102783203,463.09428691864014,821.708984375,422.7046823501587,815.2503967285156,380.35659313201904,818.0276489257812,350.4107594490051,811.4011383056641,391.49548530578613,803.2398986816406,351.2265372276306,812.7702331542969,373.1729507446289,818.7512969970703,392.27542877197266,836.3783264160156,389.394907951355,833.3531188964844,353.60308170318604,839.5501708984375,387.86755084991455,839.4908142089844,399.22831535339355,862.9837799072266,392.5188875198364,860.147705078125,359.0798306465149,860.6721496582031,396.8349266052246,859.2565155029297,417.4815845489502,887.5576782226562,400.52568912506104,883.857421875,377.16686725616455,880.0934600830078,402.6831293106079,878.1089019775391,421.2088680267334,60,1787748078.5810363
874.3246459960938,498.73942852020264,840.0276947021484,467.8611087799072,822.6348876953125,426.32999897003174,814.5831298828125,384.6162414550781,815.2284240722656,354.88401889801025,813.9077758789062,395.0083637237549,804.3821716308594,351.57867908477783,814.08935546875,378.6284351348877,820.7052612304688,397.6907014846802,837.7411651611328,393.62987995147705,833.5704803466797,355.1165771484375,839.8529052734375,392.49781608581543,840.9183502197266,404.4306421279907,863.5536956787109,396.0029697418213,860.6372833251953,362.3863935470581,861.5149688720703,400.8997392654419,861.5916442871094,419.47251319885254,888.3251190185547,402.3452138900757,884.7934722900391,376.10188007354736,881.4557647705078,402.4315595626831,881.2400817871094,420.36210536956787,61,1787748078.6505244
875.8049774169922,500.9920120239258,841.5279388427734,468.98810863494873,824.2947387695312,427.23255157470703,815.6258392333984,384.9569892883301,815.27099609375,354.5468759536743,813.3229827880859,394.93446350097656,803.8051605224609,350.8681082725525,813.8108825683594,377.6331853866577,820.3092956542969,396.74922466278076,837.6137542724609,393.8617515563965,834.6575927734375,354.23749923706055,841.4143371582031,391.8419408798218,842.5601196289062,405.5148983001709,863.5018157958984,396.3191270828247,861.7605590820312,364.18351650238037,862.4888610839844,402.02789783477783,861.9051361083984,420.63169956207275,888.0574035644531,402.5495767593384,885.2810668945312,376.76260471343994,881.654052734375,402.8550910949707,880.4002380371094,421.2862014770508,62,1787748078.7004766
876.3109588623047,502.794713973999,839.0102386474609,469.2852544784546,821.7809295654297,425.5013036727905,814.2381286621094,383.9201545715332,815.8182525634766,354.0607523918152,814.7933959960938,394.8035717010498,806.641845703125,351.4027690887451,813.114013671875,376.4893627166748,818.4429931640625,396.0925769805908,838.8375854492188,394.5709705352783,836.4099884033203,356.7775297164917,840.9929656982422,392.7899408340454,843.5989379882812,409.4011402130127,864.2015075683594,397.3820972442627,862.9422760009766,365.85249423980713,862.4167633056641,402.141752243042,863.0327606201172,422.28926181793213,888.7399291992188,403.12047958374023,885.4917144775391,375.87151050567627,881.6824340820312,401.37837409973145,881.9286346435547,420.6782627105713,63,1787748078.7664118
876.3124847412109,503.14069747924805,838.2505798339844,469.3537902832031,820.3279876708984,425.88664054870605,812.3822021484375,384.27738189697266,811.9271850585938,353.00838232040405,815.8434295654297,393.33359241485596,807.3236083984375,352.81015634536743,812.3272705078125,378.4151029586792,817.9722595214844,396.6052007675171,839.5687103271484,393.31050395965576,835.5464172363281,355.7323694229126,838.6788940429688,392.00716495513916,843.0495452880859,408.0466890335083,864.7626495361328,396.76347255706787,862.2689819335938,365.5174970626831,860.4959869384766,402.31066703796387,862.6293182373047,422.09815979003906,889.7487640380859,403.12713146209717,885.0552368164062,376.2732410430908,879.4924163818359,402.3281764984131,880.1835632324219,421.546311378479,64,1787748078.8264039
882.3552703857422,502.3960304260254,845.7975769042969,472.57819175720215,825.5068969726562,433.11371326446533,821.6677093505859,391.4697790145874,831.4842224121094,363.9315176010132,810.7342529296875,399.460186958313,802.6643371582031,353.90913248062134,814.1855621337891,379.13307666778564,820.2584838867188,398.8469696044922,836.4739227294922,395.9574794769287,832.7772521972656,357.0420169830322,840.8306884765625,390.8726978302002,841.7178344726562,406.73558235168457,863.2779693603516,396.3729000091553,861.1300659179688,365.3246784210205,863.6650848388672,400.9187936782837,863.0780029296875,421.6068649291992,888.1812286376953,400.43869972229004,884.305419921875,375.2613401412964,882.8150939941406,401.0103750228882,882.0256042480469,421.4588499069214,65,1787748078.8661008
887.9567718505859,505.4176998138428,853.0770111083984,477.44874000549316,831.5622711181641,437.0100402832031,821.7228698730469,394.91124629974365,825.0912475585938,364.3441915512085,813.8612365722656,404.3978977203369,804.6137237548828,356.0688257217407,818.2022857666016,385.22297859191895,824.4207000732422,405.4992341995239,838.3375549316406,400.0072717666626,833.1514739990234,358.8797378540039,844.0742492675781,395.2314805984497,844.693603515625,408.24787616729736,864.4548797607422,398.9772605895996,861.4141845703125,365.3474235534668,866.7086029052734,401.5963411331177,866.8649291992188,420.56097507476807,889.0904998779297,401.77165031433105,884.6015167236328,373.5709047317505,885.9445953369141,399.2809295654297,886.8336486816406,418.74024868011475,66,1787748078.9205978
888.4845733642578,507.25061416625977,853.3358001708984,478.50711822509766,832.3526000976562,437.3736619949341,824.3079376220703,395.11402130126953,828.9085388183594,364.8313236236572,813.8153839111328,403.2612419128418,805.3143310546875,355.1339793205261,818.4860992431641,384.5495080947876,824.8478698730469,405.5583715438843,838.6191558837891,399.2521333694458,834.3445587158203,358.8156223297119,844.6127319335938,394.60216999053955,845.6729125976562,408.39026927948,864.6920776367188,398.50914001464844,862.0209503173828,366.62853240966797,866.4928436279297,401.56325340270996,866.7561340332031,420.00067234039307,889.2547607421875,401.33434295654297,884.8966979980469,373.50670337677,885.4170227050781,398.7271499633789,886.1154174804688,417.7689456939697,67,1787748078.9727542
890.504150390625,507.5782299041748,853.1263732910156,478.0510997772217,832.9041290283203,436.8483352661133,827.0184326171875,395.1053524017334,833.4864807128906,366.19667530059814,815.1587677001953,404.9515914916992,805.0267791748047,357.7177619934082,818.6975860595703,386.24650955200195,826.1783599853516,407.32262134552,840.0321197509766,400.78219413757324,832.6824188232422,358.639497756958,843.9606475830078,393.29535484313965,846.8706512451172,409.0268325805664,866.0234832763672,399.6585416793823,860.6414031982422,365.5487823486328,866.104736328125,399.02639865875244,867.8110504150391,419.66700553894043,890.6686401367188,402.094030380249,884.4490051269531,372.53771781921387,885.5975341796875,396.4435815811157,887.3593139648438,417.00775623321533,68,1787748079.0186803
889.7743988037109,508.7455701828003,852.7660369873047,479.13466930389404,832.7554321289062,438.23814868927,827.9608917236328,396.20123863220215,836.6071319580078,367.2073745727539,815.0021362304688,404.7211790084839,805.2555084228516,357.63957023620605,819.1675567626953,386.3505792617798,826.5650939941406,407.6161193847656,840.2500915527344,400.52311420440674,833.5011291503906,358.6283826828003,844.7942352294922,393.03807735443115,847.4188995361328,408.8466739654541,866.5331268310547,399.7459602355957,861.7086791992188,365.71889877319336,866.5164947509766,398.2363271713257,867.6910400390625,418.64943981170654,891.3819885253906,402.53876209259033,885.2579498291016,372.9038715362549,885.7255554199219,395.67556858062744,886.9242858886719,415.78256607055664,69,1787748079.09115
890.9841918945312,508.6742877960205,850.2616882324219,478.58749866485596,826.9009399414062,438.95286083221436,821.4942932128906,396.96839332580566,826.0604858398438,364.7184133529663,817.5004577636719,404.695086479187,807.0289611816406,359.80411291122437,818.3220672607422,389.3282175064087,825.7919311523438,412.0765256881714,842.7818298339844,398.53192806243896,834.8316955566406,356.47162914276123,844.3771362304688,392.4836540222168,847.6353454589844,412.51954078674316,868.4976959228516,395.832896232605,861.5274047851562,356.7169761657715,865.4056549072266,388.82928371429443,866.8836975097656,412.6754093170166,893.1020355224609,396.9620418548584,886.3311767578125,364.33427810668945,885.6514739990234,382.2368860244751,886.46240234375,400.25214672088623,70,1787748079.1306188
888.7111663818359,507.64723777770996,845.8047485351562,477.30566024780273,822.9533386230469,436.02444648742676,820.611572265625,394.779109954834,825.3018951416016,365.31824111938477,817.3786163330078,402.5451135635376,807.9680633544922,360.86461544036865,815.5616760253906,385.0468111038208,822.0653533935547,404.8640441894531,841.5773773193359,396.59236907958984,835.4725646972656,356.85014247894287,840.9445190429688,390.9671115875244,842.9118347167969,410.35454750061035,866.8460083007812,394.4566011428833,861.0150909423828,354.938907623291,861.4241027832031,385.1155614852905,862.1968078613281,407.9348945617676,891.8215179443359,395.7962894439697,886.1508941650391,363.30456733703613,882.2142028808594,381.76992416381836,881.6951751708984,400.392050743103,71,1787748079.2024488
888.0513000488281,505.8548355102539,845.3878784179688,476.74561500549316,822.7540588378906,436.6575336456299,821.517333984375,396.3369369506836,828.4170532226562,367.54005432128906,817.6461791992188,403.089280128479,808.0402374267578,360.5496597290039,815.7668304443359,384.3333435058594,822.4190521240234,404.84232902526855,841.6637420654297,397.26824283599854,835.5471801757812,356.723370552063,840.919189453125,389.9444818496704,842.8132629394531,409.9267244338989,866.8050384521484,395.0034713745117,861.0488891601562,354.7285580635071,861.3477325439453,383.4363269805908,862.2700500488281,406.5111780166626,891.7713928222656,396.2167739868164,885.8793640136719,362.73005962371826,882.0860290527344,379.7668504714966,881.9065856933594,398.73054027557373,72,1787748079.2782705
890.2635192871094,506.5845251083374,851.8540954589844,479.3265438079834,827.1079254150391,434.98005867004395,834.3288421630859,395.02325534820557,865.8119201660156,389.85448837280273,812.4185180664062,405.6778907775879,802.5186157226562,363.152174949646,812.7436828613281,387.62113094329834,818.2438659667969,403.72854709625244,837.4111175537109,397.31738090515137,830.4705047607422,354.06272649765015,839.1822052001953,385.87374687194824,841.5090179443359,403.6473083496094,864.0087127685547,395.108699798584,857.5067138671875,354.9497652053833,860.6655120849609,378.74756813049316,861.4260101318359,396.75995349884033,890.4142761230469,396.88106060028076,884.8970794677734,367.8668975830078,883.3252716064453,373.28251361846924,883.1134033203125,380.65412521362305,73,1787748079.3390474
889.4283294677734,508.00103187561035,849.2215728759766,474.21279430389404,828.7962341308594,433.45780849456787,840.2268981933594,398.5836410522461,870.0856018066406,392.199125289917,811.6737365722656,410.28369426727295,799.5263671875,366.1645317077637,809.1136169433594,380.67420959472656,814.2308044433594,396.6960096359253,838.4962463378906,403.8603401184082,828.8085174560547,357.41413593292236,837.2426605224609,378.5056972503662,842.8952026367188,399.1511535644531,865.2748107910156,402.1275043487549,858.8571929931641,366.3286828994751,860.8438110351562,376.8304109573364,863.7615966796875,391.7301893234253,892.2926330566406,404.3409061431885,887.6634979248047,381.2133550643921,884.7113800048828,370.4913854598999,882.09716796875,363.7583541870117,74,1787748079.4003851
888.1973266601562,508.420786857605,849.4084930419922,475.93430042266846,827.7964782714844,433.9923620223999,839.2469787597656,397.66761302948,870.2249908447266,392.11544036865234,812.1210479736328,410.1429748535156,799.078369140625,366.106595993042,807.9263305664062,383.48177433013916,813.6237335205078,400.20262241363525,838.41796875,403.8810682296753,828.9786529541016,359.1999077796936,835.968017578125,381.6854238510132,840.9263610839844,400.84746837615967,865.5043029785156,403.0678653717041,858.5197448730469,366.55351638793945,858.5650634765625,377.82008171081543,859.9658966064453,391.4649724960327,892.7315521240234,406.2399101257324,888.9456176757812,382.59222507476807,885.7328033447266,372.38378047943115,883.1600952148438,365.0932788848877,75,1787748079.4603288
889.51904296875,504.7647428512573,851.0980987548828,474.6651220321655,829.2770385742188,433.38343620300293,839.4814300537109,398.98550033569336,869.1509246826172,393.72154712677,812.0614624023438,408.7221336364746,800.8447265625,365.454797744751,810.7780456542969,384.5131587982178,816.2446594238281,401.16122245788574,837.5071716308594,399.82526779174805,827.5379180908203,354.8846626281738,837.9695129394531,381.80464267730713,843.2738494873047,400.39823055267334,864.1602325439453,397.05370903015137,855.7386016845703,358.07677030563354,859.8764038085938,377.363977432251,862.3464965820312,395.3183841705322,890.6844329833984,398.5612392425537,884.2373657226562,370.2735471725464,882.0436859130859,371.4330768585205,880.6798553466797,375.93931674957275,76,1787748079.5216856
889.1135406494141,504.62968826293945,849.9768829345703,474.77099418640137,829.5389556884766,434.93019104003906,839.3970489501953,399.70600605010986,868.0805206298828,393.46208095550537,812.9240417480469,410.3616714477539,800.8618927001953,367.7363061904907,808.8809967041016,382.70612239837646,814.4823455810547,397.60221004486084,838.3500671386719,401.0633325576782,826.9894409179688,355.9578037261963,836.5587615966797,379.0504217147827,843.0342102050781,397.249231338501,864.5218658447266,397.89098739624023,855.0040435791016,358.2525300979614,858.2355499267578,374.0614700317383,861.7010498046875,391.2034034729004,891.3832092285156,399.01824474334717,884.5960998535156,370.71767807006836,882.0634460449219,370.69961071014404,881.0791015625,374.8549747467041,77,1787748079.6011677
888.8109588623047,503.1585502624512,851.3459014892578,471.910343170166,831.6883087158203,428.8228225708008,846.0248565673828,394.89601135253906,876.70654296875,392.3843479156494,812.5946807861328,410.3944158554077,801.9551086425781,364.72583770751953,814.85107421875,389.5698308944702,820.0909423828125,407.5174140930176,836.4856719970703,400.2490997314453,826.1672210693359,354.33122634887695,838.6884307861328,383.642578125,842.6004791259766,400.10868072509766,862.8855133056641,396.5294551849365,853.5976409912109,356.5476965904236,860.2766418457031,379.7344493865967,861.8887329101562,397.13743686676025,888.5440826416016,396.91380500793457,882.0643615722656,367.3766326904297,882.6712036132812,374.43865299224854,882.7031707763672,383.21956157684326,78,1787748079.6627622
890.2243041992188,504.7859001159668,849.7530364990234,471.4649248123169,830.2818298339844,427.662091255188,845.5165863037109,393.86977672576904,875.0938415527344,391.9668245315552,812.3469543457031,410.32158851623535,802.1286773681641,366.27997398376465,815.2830505371094,391.00449085235596,820.4713439941406,409.0964412689209,837.0137023925781,399.8742341995239,826.8135070800781,354.4860649108887,840.3538513183594,385.50188541412354,844.2616271972656,403.7495756149292,863.5233306884766,395.63196659088135,855.0810241699219,357.20603942871094,862.3809051513672,381.6340112686157,864.4124603271484,399.7908067703247,889.5457458496094,395.084924697876,882.4238586425781,367.1655750274658,884.342041015625,376.4726686477661,885.538330078125,386.09167098999023,79,1787748079.7090938
890.6153869628906,504.6660375595093,851.1266326904297,472.3844289779663,831.7689514160156,429.0318202972412,845.1214599609375,394.3961763381958,875.8470153808594,391.56479358673096,811.6558074951172,411.55630588531494,802.037353515625,366.9223737716675,815.8733367919922,392.8114414215088,820.2842712402344,409.7919273376465,836.7505645751953,401.7184352874756,826.2410736083984,355.65563678741455,840.1036071777344,386.7780590057373,843.5928344726562,403.6785078048706,863.4572601318359,397.69885540008545,854.5655059814453,358.9571785926819,862.327880859375,382.82066345214844,864.0518951416016,400.31707763671875,889.0872192382812,397.1501398086548,882.0439147949219,368.8748502731323,883.9828491210938,375.71654319763184,884.4760894775391,383.8535499572754,80,1787748079.7752624
890.6712341308594,504.97507095336914,852.0536041259766,472.94086933135986,832.6921081542969,429.19193744659424,845.921630859375,393.8290071487427,876.8009185791016,389.0861749649048,811.7604064941406,411.2432813644409,801.3703918457031,366.4501762390137,815.4740905761719,392.8316116333008,820.6479644775391,411.1298990249634,836.4640045166016,401.9468307495117,825.5600738525391,355.53096771240234,839.6861267089844,386.79604053497314,843.5197448730469,403.3699035644531,863.0802154541016,398.0924320220947,854.2776489257812,359.2528223991394,862.0632171630859,383.20363998413086,864.0863037109375,399.7884464263916,888.7140655517578,397.4819612503052,880.40771484375,368.37565898895264,882.9861450195312,378.11460971832275,884.7746276855469,388.5083198547363,81,1787748079.8376253
891.3754272460938,505.2759075164795,852.3623657226562,473.3420419692993,833.4808349609375,431.18157863616943,846.4630889892578,395.7692527770996,876.4833068847656,390.3805875778198,812.0487976074219,412.0179033279419,802.1176147460938,366.81663036346436,815.4792785644531,390.91466903686523,821.2566375732422,410.34828186035156,837.0314025878906,402.8917407989502,826.6061401367188,355.03387928009033,840.8065032958984,384.745888710022,845.5651092529297,404.6230745315552,863.0076599121094,398.4892272949219,854.2281341552734,359.55677032470703,862.2836303710938,381.52406215667725,864.7999572753906,400.73769092559814,888.1258392333984,396.879301071167,879.7614288330078,368.1501817703247,882.432861328125,375.08873462677,884.0464782714844,385.2360248565674,82,1787748079.8761837
891.6178894042969,505.35354137420654,852.8224945068359,473.2993412017822,833.3963775634766,431.10514640808105,846.2931823730469,395.96919536590576,876.4872741699219,391.735897064209,812.4870300292969,411.5126609802246,801.8360137939453,367.2660827636719,814.698486328125,389.9178743362427,820.6461334228516,408.40550422668457,836.7578887939453,402.1586608886719,825.9098052978516,355.74657440185547,839.6877288818359,384.1211700439453,844.5146942138672,403.00774097442627,862.3595428466797,397.7883768081665,853.2910919189453,359.22945499420166,861.0445404052734,380.5173110961914,863.5895538330078,399.391565322876,887.3989868164062,396.44195079803467,879.3463134765625,367.67197608947754,881.6647338867188,375.0406265258789,883.1556701660156,385.61222076416016,83,1787748079.9377654
892.1515655517578,507.2808265686035,852.5432586669922,473.93757820129395,834.0702056884766,430.79885959625244,848.5305023193359,396.60502910614014,878.0936431884766,391.8005704879761,813.40576171875,411.135950088501,802.8697967529297,366.9388961791992,817.2378540039062,391.4076805114746,823.5738372802734,410.64525604248047,838.2956695556641,402.2246217727661,828.0328369140625,356.3164258003235,842.8347778320312,386.6316747665405,847.0687103271484,404.80130195617676,864.1083526611328,398.1623840332031,854.6939086914062,360.2435874938965,863.1114196777344,382.7775764465332,865.0833892822266,399.1634273529053,889.1653442382812,395.8902311325073,880.7178497314453,368.8435649871826,883.7759399414062,377.6809501647949,885.4553985595703,386.6688823699951,84,1787748079.995253
893.1418609619141,508.4926700592041,855.0762939453125,475.8157253265381,834.6721649169922,430.4742479324341,847.5400543212891,395.6041145324707,878.3904266357422,391.27206802368164,812.9262542724609,411.5237331390381,803.1153106689453,365.2734375,819.0866088867188,394.89253520965576,824.3392181396484,414.703631401062,837.3457336425781,402.1881437301636,828.1787109375,356.4768862724304,843.5263061523438,390.54224967956543,845.6362152099609,407.0730686187744,863.7378692626953,398.21062088012695,855.0487518310547,360.05982398986816,863.5810089111328,384.6471405029297,863.8142395019531,399.5927095413208,888.8558959960938,396.6890573501587,881.4212036132812,369.55235481262207,884.4319152832031,379.2580461502075,885.1309967041016,387.9036855697632,85,1787748080.0537395
893.5386657714844,509.687819480896,855.7302093505859,477.0743465423584,835.9700012207031,433.18370819091797,847.1989440917969,397.4722194671631,876.8267059326172,390.5942630767822,812.64404296875,411.3257646560669,803.1959533691406,365.5629014968872,818.4239196777344,394.4269895553589,823.7760925292969,414.045352935791,837.7421569824219,402.8156089782715,828.68896484375,356.69708490371704,843.6643981933594,390.15403747558594,846.1012268066406,406.30754470825195,864.3624877929688,399.1550588607788,855.8090972900391,360.9313917160034,864.0912628173828,384.5983028411865,864.8380279541016,399.76990699768066,889.761962890625,397.7391529083252,881.9091796875,370.2738046646118,884.8350524902344,378.60204219818115,885.6970977783203,386.4234924316406,86,1787748080.0944378
894.1864013671875,509.5434093475342,856.0179138183594,478.73165130615234,835.1044464111328,435.6597948074341,845.650634765625,399.42426681518555,875.2015686035156,393.16532135009766,814.3098449707031,413.04216384887695,802.1031188964844,366.36069774627686,816.7138671875,390.88990688323975,823.30078125,410.1211738586426,838.5164642333984,402.8303289413452,827.3526763916016,356.5485978126526,842.0660400390625,385.54171085357666,845.6448364257812,403.2891798019409,864.6176147460938,398.5626983642578,854.2762756347656,358.41665983200073,862.6983642578125,379.7492551803589,863.7361145019531,397.5504970550537,890.1394653320312,397.8995704650879,881.9862365722656,368.2542085647583,884.5100402832031,375.376353263855,884.9237060546875,384.8627042770386,87,1787748080.163165
894.0679168701172,509.1816759109497,856.2282562255859,478.5069465637207,834.91455078125,434.64420318603516,846.4958190917969,397.6681709289551,877.0482635498047,391.1622476577759,814.2964935302734,412.70660877227783,801.6331481933594,365.39802074432373,818.1112670898438,391.7349100112915,825.3025817871094,411.9396686553955,838.7680053710938,401.97678565979004,827.5212860107422,355.6634259223938,843.3501434326172,386.2718725204468,846.9007110595703,404.44493293762207,865.0400543212891,397.5326442718506,854.9691009521484,357.7887010574341,864.0165710449219,380.42667388916016,865.1290893554688,398.2573127746582,890.6802368164062,396.7284965515137,882.9380798339844,368.1818962097168,885.9700775146484,376.4376926422119,886.5480041503906,386.1753559112549,88,1787748080.2228427
894.0990447998047,508.0387544631958,855.8354949951172,477.3612356185913,834.3389892578125,433.135986328125,846.7359161376953,398.4654951095581,877.0182800292969,394.1023349761963,815.1197052001953,411.95765018463135,802.0976257324219,365.4585313796997,819.0425872802734,393.36097240448,826.4544677734375,413.30257415771484,839.0486907958984,401.0696840286255,827.9094696044922,354.66890573501587,844.3364715576172,388.04667949676514,847.7939605712891,406.37178897857666,865.0511932373047,396.2436819076538,855.2290344238281,356.4730668067932,865.0136566162109,381.54234409332275,866.5462493896484,399.30564880371094,890.4582977294922,395.2345275878906,883.2933044433594,366.70462131500244,886.7282104492188,377.34217643737793,887.8110504150391,388.22675228118896,89,1787748080.2860813
895.772705078125,510.6909656524658,856.6936492919922,479.9194622039795,835.3650665283203,435.9913158416748,848.0220794677734,400.5790328979492,877.8250122070312,394.5691251754761,816.3868713378906,413.9951419830322,802.1993255615234,364.4945240020752,821.5258026123047,392.6693916320801,830.0406646728516,414.6229076385498,840.5096435546875,401.72714710235596,828.4056091308594,353.525447845459,847.2332763671875,386.7238998413086,851.6266632080078,407.64070987701416,866.5650939941406,396.7470359802246,855.7070159912109,355.0075936317444,866.8065643310547,380.43148040771484,868.9199066162109,401.48789405822754,892.0161437988281,396.13866806030273,884.6122741699219,367.048544883728,888.5482788085938,377.09434032440186,889.4309997558594,389.3145275115967,90,1787748080.345767
896.1572265625,511.26328468322754,857.1757507324219,480.6241750717163,836.3587951660156,437.3715591430664,847.0497894287109,401.34013652801514,876.3006591796875,393.9536762237549,816.9890594482422,413.48320484161377,801.8887329101562,364.5829725265503,821.9098663330078,391.98811054229736,830.223388671875,414.3091106414795,841.2415313720703,401.05719566345215,827.7768707275391,353.1383514404297,847.9303741455078,385.50154209136963,852.1458435058594,407.10418224334717,866.5885162353516,396.3384819030762,854.3780517578125,355.0097179412842,866.4667510986328,378.9818859100342,868.5432434082031,400.5987739562988,891.5106964111328,396.18621826171875,883.6983489990234,367.46696949005127,888.5877990722656,376.36834144592285,889.2080688476562,388.2948589324951,91,1787748080.40835
894.8965454101562,509.9456977844238,858.2282257080078,478.50252628326416,841.1884307861328,436.66894912719727,854.8535919189453,403.1484603881836,882.0819854736328,394.553804397583,817.626953125,414.78508472442627,805.3195953369141,363.93023014068604,823.3244323730469,394.2265748977661,829.1104888916016,416.228928565979,843.7158966064453,403.4404134750366,830.3856658935547,351.9029688835144,847.0764923095703,386.46378993988037,850.0365447998047,406.68927669525146,870.3340911865234,398.83379459381104,859.6927642822266,355.8954691886902,868.2182312011719,380.38641929626465,868.6344909667969,400.56092262268066,895.5294036865234,398.92773628234863,888.4487152099609,369.7776174545288,890.3256225585938,375.75636863708496,888.7703704833984,384.079327583313,92,1787748080.4706666
895.2566528320312,508.8183116912842,857.0980072021484,474.0194606781006,841.1071014404297,432.3549270629883,857.9663848876953,400.77691555023193,881.8167114257812,390.17918586730957,817.9837036132812,414.30747985839844,807.0652770996094,367.2746229171753,820.5093383789062,391.4946699142456,825.4521942138672,410.74456214904785,842.4298858642578,402.870454788208,830.6858825683594,352.1448612213135,845.8982849121094,385.08230209350586,850.4646301269531,405.0969886779785,868.7663269042969,398.1145763397217,859.8355865478516,355.2112913131714,868.47412109375,383.9598512649536,871.0833740234375,405.4308271408081,895.3814697265625,398.479700088501,888.787841796875,367.19711780548096,891.2371063232422,382.80362606048584,892.3579406738281,397.94651985168457,93,1787748080.5118113
895.9909820556641,509.0856742858887,857.8528594970703,472.9857587814331,842.1139526367188,431.1579751968384,859.2477416992188,399.47585105895996,882.3123168945312,386.4594554901123,817.9283905029297,413.85549545288086,807.8655242919922,367.91032791137695,822.4910736083984,392.43885040283203,827.4307250976562,411.48781299591064,842.4143981933594,402.5788450241089,831.4949035644531,352.62207984924316,847.9135894775391,386.8147945404053,851.7258453369141,406.0763168334961,868.4930419921875,397.70400524139404,860.4580688476562,355.94282627105713,870.0846099853516,387.2872066497803,872.8099822998047,409.08888816833496,894.9337768554688,396.9867181777954,888.5568237304688,367.24226474761963,891.2686157226562,384.6164560317993,892.4008941650391,399.44666862487793,94,1787748080.53625
894.4766998291016,507.5908041000366,854.2898559570312,473.2567262649536,839.5114898681641,432.483286857605,857.8129577636719,399.39117908477783,882.1204376220703,389.2510986328125,817.2358703613281,411.419620513916,806.6531372070312,367.03511238098145,818.8007354736328,389.3291187286377,825.0509643554688,408.58270168304443,842.0764923095703,402.4230194091797,830.6974029541016,352.6343107223511,844.5883178710938,385.17143726348877,849.3958282470703,405.44490337371826,868.1833648681641,398.26276302337646,860.1801300048828,356.42088174819946,868.1828308105469,386.6324043273926,871.8061828613281,409.0330123901367,894.6434020996094,397.53976821899414,887.4201202392578,367.15149879455566,889.6080017089844,385.2780818939209,891.9322204589844,402.41915702819824,95,1787748080.5855653
893.8996124267578,506.9653558731079,853.4844970703125,472.4449825286865,839.0426635742188,432.33291149139404,857.5338745117188,399.3852996826172,881.3079833984375,388.6441898345947,817.7036285400391,412.5130605697632,806.9119262695312,367.54554748535156,818.2795715332031,388.66483211517334,824.0004730224609,407.4576759338379,842.7133178710938,403.8228750228882,830.8331298828125,353.2806158065796,844.1363525390625,384.6369695663452,848.4757995605469,404.56968784332275,868.7508392333984,399.6396589279175,860.1467132568359,357.1326971054077,867.4781036376953,386.44795417785645,870.7715606689453,408.82384300231934,895.0558471679688,398.84366512298584,887.4453735351562,368.29841136932373,889.0716552734375,384.8212480545044,891.0885620117188,401.4050245285034,96,1787748080.6522121
894.5704650878906,508.45717906951904,854.9267578125,472.03020572662354,838.7084197998047,431.5726661682129,855.9085845947266,401.16401195526123,879.412841796875,391.35098934173584,818.7752532958984,416.5011405944824,806.2596130371094,373.2556486129761,815.7368469238281,386.66948318481445,819.7177886962891,403.54886054992676,841.0409545898438,406.0473918914795,828.1105041503906,356.9871711730957,841.3311004638672,381.45140647888184,845.4692077636719,401.90168380737305,866.1888122558594,401.21928691864014,858.3147430419922,358.1150722503662,866.4319610595703,382.6782703399658,868.9665222167969,404.74615573883057,892.0216369628906,400.17931938171387,886.2693786621094,371.1564016342163,888.3991241455078,386.7125701904297,889.5570373535156,403.71777534484863,97,1787748080.6936479
895.1731109619141,507.63341903686523,855.6391143798828,473.31371784210205,838.8356018066406,433.6750030517578,855.1296234130859,401.5714502334595,878.2135772705078,388.77705574035645,819.6585083007812,416.2870788574219,806.5157318115234,374.08563137054443,814.4368743896484,386.26453399658203,818.0739593505859,400.8500003814697,842.1073913574219,404.73984718322754,828.5591125488281,356.35631561279297,839.9968719482422,382.1855592727661,844.3292236328125,403.1656265258789,866.6887664794922,399.7027015686035,857.3039245605469,356.58522605895996,863.5267639160156,382.149338722229,866.5950775146484,404.4894790649414,892.6012420654297,399.35680389404297,886.7121887207031,370.87886810302734,887.6705169677734,384.9987030029297,888.5504913330078,399.12866592407227,98,1787748080.7405388
895.6550598144531,508.3637523651123,856.6667938232422,475.017671585083,839.3022155761719,431.49906635284424,855.1505279541016,397.65392303466797,882.5569915771484,388.95172119140625,817.3270416259766,416.7869997024536,804.19677734375,369.7178363800049,818.3200836181641,388.2356786727905,824.7329711914062,408.70020389556885,840.5433654785156,406.1018943786621,826.8425750732422,356.37088537216187,841.4402770996094,381.7735719680786,846.5682220458984,402.0872926712036,866.5396881103516,401.1727237701416,857.6963806152344,360.27997970581055,865.6829071044922,383.70068550109863,867.9030609130859,404.621787071228,892.0147705078125,400.06563663482666,885.5960083007812,373.755784034729,887.8923034667969,387.54847526550293,888.9342498779297,402.42040157318115,99,1787748080.8022594
895.1144409179688,511.3498878479004,855.3923034667969,475.42858600616455,838.9192962646484,432.1950674057007,853.3695983886719,397.04023361206055,880.4389953613281,388.38695526123047,817.4991607666016,419.3670701980591,805.0502014160156,372.669939994812,815.7078552246094,388.6904525756836,821.7272186279297,408.5091018676758,840.7027435302734,409.05614376068115,826.5310668945312,358.26860189437866,838.9729309082031,380.31084537506104,845.3591918945312,401.0317897796631,866.7786407470703,404.18628215789795,854.5950317382812,360.9840488433838,860.6013488769531,378.6944389343262,864.0196228027344,399.83131885528564,893.4196472167969,402.765097618103,884.5303344726562,375.6475782394409,885.3459930419922,384.790735244751,886.0066986083984,398.1045341491699,100,1787748080.877461
893.7932586669922,511.5223217010498,854.0477752685547,474.9763011932373,838.4226226806641,431.82899951934814,853.8364410400391,399.09467697143555,880.9230041503906,394.52526569366455,816.4419555664062,418.2735872268677,804.7267150878906,371.7558002471924,816.141357421875,388.5161304473877,822.3407745361328,408.9890241622925,840.7687377929688,409.36230182647705,827.1634674072266,357.88888692855835,839.8894500732422,380.88865756988525,845.7964324951172,402.7602481842041,867.0285034179688,405.7346248626709,856.6972351074219,363.71028900146484,862.3286437988281,379.90950107574463,864.8430633544922,400.1850700378418,893.7677001953125,405.7848358154297,885.2275085449219,378.2388496398926,885.9574890136719,383.2969379425049,885.7345581054688,393.4922933578491,101,1787748080.9295058
902.7991485595703,517.2565841674805,858.3271789550781,477.2058391571045,840.0472259521484,430.63711166381836,854.8908233642578,398.567590713501,880.1483154296875,395.3529739379883,814.0347290039062,424.85233783721924,802.5093841552734,377.4423408508301,822.2799682617188,401.0046672821045,830.3139495849609,423.1174421310425,838.1145477294922,415.8791255950928,826.0343170166016,367.6875114440918,844.9056243896484,395.1953887939453,848.8447570800781,413.3128309249878,865.2432250976562,411.43365383148193,858.2407379150391,377.63245582580566,869.9977874755859,404.6549606323242,871.9203948974609,424.8262882232666,891.4756011962891,409.78278636932373,882.9447937011719,387.56486892700195,887.5511932373047,402.3159885406494,889.9595642089844,417.01316356658936,102,1787748080.968883
907.3664093017578,521.6057968139648,861.5909576416016,483.6176061630249,841.1966705322266,436.7958927154541,853.6102294921875,404.0068531036377,878.0831909179688,397.8768253326416,815.2539825439453,433.1768846511841,798.4853363037109,382.0570707321167,820.8049011230469,403.3193063735962,831.4139556884766,427.65900135040283,838.7186431884766,422.8704643249512,821.3883972167969,372.82829761505127,842.6812744140625,398.4052848815918,847.9961395263672,419.2983627319336,864.2813110351562,416.8363094329834,853.6704254150391,381.53740882873535,867.7362060546875,406.9796848297119,872.1155548095703,429.03581142425537,889.9543762207031,413.5556888580322,878.2577514648438,389.5892286300659,884.0192413330078,403.1814193725586,887.6936340332031,418.7529945373535,103,1787748081.0242043
907.8743743896484,522.8048515319824,862.4700164794922,482.98099994659424,843.3959197998047,435.0587224960327,854.5758056640625,399.5738697052002,879.6155548095703,388.22246074676514,815.1561737060547,431.19269371032715,798.9157104492188,381.93682193756104,819.4808959960938,400.03546714782715,829.8957824707031,423.7776517868042,839.9737548828125,422.9611873626709,823.0255126953125,374.0339183807373,843.4282684326172,397.8452396392822,849.1677093505859,417.7531957626343,865.7291412353516,417.8918981552124,855.0719451904297,384.1848564147949,867.138671875,407.5980520248413,871.2628173828125,428.49623680114746,891.1715698242188,415.10828018188477,880.3102111816406,393.04803371429443,883.2639312744141,403.02151679992676,884.3814849853516,415.3167200088501,104,1787748081.0719628
908.5996246337891,522.5063323974609,863.0937194824219,485.7246208190918,843.3634948730469,437.8837537765503,853.4347534179688,404.57496643066406,875.9796142578125,393.61876487731934,814.6997833251953,432.96977519989014,798.3843994140625,384.0325927734375,821.9259643554688,405.1768112182617,834.5865631103516,428.9980459213257,838.4836578369141,425.599365234375,820.8814239501953,373.37413787841797,845.0114440917969,400.983681678772,852.7313995361328,424.1174554824829,862.6010131835938,419.60357666015625,852.3609924316406,383.3240604400635,868.8108825683594,409.7437334060669,874.54833984375,433.2452917098999,886.3025665283203,413.7445592880249,875.6935119628906,390.7684564590454,882.4707794189453,404.01376247406006,885.9541320800781,419.9362564086914,105,1787748081.1331232
908.0657958984375,522.0431900024414,860.2118682861328,482.119517326355,841.7253875732422,435.2767753601074,853.9888763427734,401.3867425918579,876.5943145751953,391.08319759368896,813.2549285888672,432.1473455429077,798.6473083496094,384.9179792404175,817.8733825683594,401.862416267395,829.7000885009766,424.3380403518677,840.0494384765625,425.68742752075195,823.5620880126953,375.3112506866455,842.4945831298828,398.7007999420166,849.891357421875,420.4234743118286,865.6800079345703,420.20331859588623,856.2619018554688,385.8946895599365,868.4037780761719,409.8635530471802,873.3371734619141,431.2420463562012,890.4444885253906,414.39125061035156,879.1812133789062,394.01272773742676,882.315673828125,404.5874547958374,884.3307495117188,417.7531957626343,106,1787748081.181298
907.0587158203125,520.8518600463867,859.9405670166016,482.6378917694092,841.8199157714844,436.6459894180298,854.6263122558594,403.2206439971924,880.6742095947266,397.17018127441406,813.5466003417969,432.2451066970825,798.6574554443359,384.1638708114624,818.9550018310547,403.0616855621338,830.7603454589844,426.2521505355835,839.3125915527344,424.0435552597046,821.8100738525391,373.9107084274292,841.7292785644531,398.41545581817627,848.8325500488281,419.5420789718628,865.2112579345703,418.5926628112793,854.1178131103516,385.54338455200195,866.0572052001953,408.70389461517334,870.3746795654297,429.10228729248047,890.8106231689453,414.62947368621826,879.0413665771484,393.4372329711914,882.3332214355469,404.33562755584717,884.2218017578125,418.3367156982422,107,1787748081.235183
907.1712493896484,521.1144590377808,859.3327331542969,481.0681343078613,841.4509582519531,434.93800163269043,855.318603515625,402.35572814941406,881.9631195068359,397.7885913848877,813.6725616455078,432.06992626190186,798.7405395507812,383.8740634918213,819.2276000976562,402.21882820129395,830.9938049316406,425.12321949005127,839.2974090576172,423.87815952301025,822.2554779052734,374.3001651763916,842.3571014404297,398.4947204589844,849.2264556884766,419.2462205886841,865.3120422363281,418.37061882019043,854.6895599365234,385.29799461364746,866.6766357421875,408.42743396759033,870.9285736083984,428.7696933746338,891.229248046875,414.455623626709,879.8320770263672,393.62889289855957,882.5719451904297,403.9589595794678,884.007568359375,417.6373243331909,108,1787748081.3051548
908.1642913818359,521.6369533538818,860.4559326171875,481.0646152496338,841.8179321289062,434.61626529693604,855.5311584472656,400.25386333465576,880.0689697265625,391.01569175720215,814.6055603027344,433.06753635406494,797.9596710205078,385.06916999816895,818.4597778320312,401.5511083602905,830.4620361328125,424.03613090515137,839.3893432617188,424.65539932250977,820.7930755615234,375.4229164123535,841.0042572021484,397.28643894195557,848.2581329345703,417.20744132995605,864.3618011474609,418.6514139175415,852.9698181152344,385.2418613433838,865.8063507080078,408.27306747436523,870.8903503417969,429.00195121765137,889.5619964599609,414.2902708053589,877.9437255859375,393.568639755249,881.2728881835938,404.0338897705078,883.3058166503906,417.9342985153198,109,1787748081.3699746
908.0650329589844,522.0259809494019,862.3305511474609,484.5371961593628,842.5385284423828,438.0539131164551,855.3273010253906,402.86006927490234,881.8640899658203,395.4957962036133,814.4395446777344,433.41729640960693,797.6248931884766,383.7139892578125,818.1519317626953,401.00921630859375,829.3495941162109,423.5506296157837,838.4342193603516,424.33040142059326,820.0284576416016,373.86985301971436,839.96337890625,395.95048427581787,846.9587707519531,415.8326053619385,863.6301422119141,418.920578956604,853.4413146972656,385.30370235443115,865.9744262695312,409.0344715118408,870.4116058349609,429.9028730392456,889.0348052978516,416.3922643661499,879.1747283935547,395.4048156738281,882.7794647216797,407.63161182403564,884.5782470703125,422.1527051925659,110,1787748081.4311476
908.5028839111328,523.4858322143555,861.3082122802734,483.5832738876343,842.2188568115234,437.18732357025146,854.7647094726562,401.9722366333008,878.8834381103516,390.616192817688,814.1262054443359,434.30036544799805,797.7446746826172,384.5043611526489,818.5945129394531,400.2742910385132,830.8271026611328,423.0241012573242,839.4843292236328,426.459002494812,820.9519958496094,375.1438808441162,841.4009857177734,396.5411710739136,849.1015625,417.42716789245605,864.3974304199219,421.05141162872314,853.8707733154297,386.15179538726807,866.4950561523438,408.9393711090088,871.7652893066406,430.46871185302734,889.4258117675781,416.8226623535156,878.7947845458984,395.54853916168213,881.7971038818359,404.89623069763184,883.0250549316406,417.67075538635254,111,1787748081.5054245
908.6885833740234,523.5085344314575,861.8358612060547,487.18035221099854,839.5878601074219,438.280291557312,850.6929016113281,400.95115184783936,877.9193115234375,390.13219356536865,818.5433197021484,431.4132356643677,798.9458465576172,385.319881439209,818.1196594238281,406.64026737213135,828.6698150634766,429.2206907272339,844.2845916748047,421.9552946090698,824.1878509521484,373.8457775115967,842.3935699462891,400.43187618255615,847.9138946533203,419.5182180404663,870.7048797607422,417.18546867370605,858.6117553710938,383.88882637023926,867.6779174804688,409.07970428466797,871.7917633056641,429.4523048400879,896.8751525878906,414.0994691848755,885.1567840576172,393.86162281036377,884.8394775390625,405.0111150741577,884.4817352294922,415.33036708831787,112,1787748081.5557098
914.5183563232422,522.9914045333862,880.9189605712891,488.2658100128174,858.4269714355469,442.54268646240234,870.059814453125,407.0649576187134,897.8256988525391,405.4812955856323,827.7191162109375,430.18654346466064,808.0142974853516,383.383412361145,833.8062286376953,391.648907661438,850.7758331298828,411.10586643218994,850.3810119628906,421.0076379776001,838.4967803955078,377.24132537841797,860.3684234619141,392.6512813568115,866.4816284179688,410.9734296798706,876.0469055175781,416.6165828704834,869.4825744628906,383.0413770675659,881.5900421142578,399.1584062576294,883.28857421875,418.1720495223999,901.4785766601562,416.8628740310669,896.8226623535156,397.19863414764404,899.3058776855469,410.8581590652466,897.5428009033203,427.7710962295532,113,1787748081.618764
918.1146240234375,519.7207403182983,890.7659912109375,484.50955867767334,868.1672668457031,442.9983615875244,871.7989349365234,406.3957357406616,891.74072265625,394.3503427505493,825.8613586425781,432.95127868652344,805.1189422607422,386.01051807403564,837.1919250488281,391.83979511260986,853.2994842529297,410.4094362258911,845.8461761474609,423.3230495452881,832.3570251464844,378.16280364990234,861.9148254394531,391.2721109390259,868.4662628173828,407.7756357192993,869.2720794677734,418.86165618896484,867.3463439941406,385.8204460144043,888.5527038574219,404.51531410217285,890.5712127685547,422.6569175720215,892.8112030029297,420.3202199935913,896.2336730957031,397.4083614349365,905.9996032714844,411.1003303527832,904.7992706298828,427.6599884033203,114,1787748081.6751554
308.9449882507324,521.5651559829712,278.3754539489746,472.5772476196289,279.6713638305664,421.1743640899658,312.80853271484375,395.0488758087158,344.9478530883789,394.68636989593506,315.41690826416016,397.9968595504761,333.1599807739258,355.4282283782959,315.6662368774414,374.2464780807495,305.7822799682617,399.04704093933105,338.0266571044922,401.7764139175415,358.76087188720703,352.6712393760681,337.2010803222656,370.69287300109863,324.01878356933594,395.90216159820557,359.1974639892578,410.4849672317505,379.0385437011719,357.5656270980835,352.8759765625,371.85609340667725,336.0780334472656,394.99523162841797,378.42437744140625,424.046688079834,376.5925979614258,388.06654930114746,351.9322967529297,396.19922161102295,337.6376724243164,412.89226055145264,115,1787748082.386637
314.28422927856445,519.8713302612305,347.08526611328125,476.42834186553955,361.4677047729492,422.93543815612793,359.5463180541992,393.0308246612549,338.7034606933594,393.2577610015869,360.9064483642578,397.0374870300293,383.0244445800781,357.65244483947754,369.9298095703125,383.1451892852783,357.37003326416016,403.53585720062256,343.8816452026367,397.2264862060547,364.13745880126953,358.4839081764221,352.0003890991211,383.20565700531006,343.6585235595703,401.2955904006958,325.7894515991211,402.91109561920166,343.11710357666016,363.13947200775146,336.0249328613281,386.08652114868164,329.3762969970703,402.68248558044434,306.1535835266113,413.9990472793579,320.8332061767578,383.1043767929077,318.7652397155762,398.5270357131958,316.2698745727539,412.86402225494385,116,1787748082.4429686
332.4932861328125,500.59006690979004,382.2629928588867,470.9890365600586,407.5407409667969,424.8666715621948,393.4400177001953,391.01895332336426,359.13658142089844,393.1840753555298,392.38792419433594,386.94495677948,397.5568389892578,344.41033601760864,407.55210876464844,348.79868745803833,409.82086181640625,369.18856143951416,367.3263931274414,382.1355199813843,371.9300842285156,336.54345989227295,383.72852325439453,348.85228872299194,382.9248809814453,375.38000106811523,342.28458404541016,383.29217433929443,347.2862243652344,340.50594091415405,359.2835235595703,353.95702600479126,357.73773193359375,379.37387466430664,316.37439727783203,388.72899055480957,324.8493194580078,352.46985912323,337.76378631591797,359.7263717651367,339.71771240234375,379.5640754699707,117,1787748082.4977548
333.72039794921875,506.12189769744873,382.32879638671875,477.7494478225708,409.1514587402344,434.75114822387695,400.3614807128906,398.7211847305298,367.9026794433594,394.0930223464966,395.4970932006836,394.83043670654297,405.3242874145508,355.9949469566345,410.54943084716797,371.2203884124756,407.9998016357422,391.94549560546875,372.7457046508789,388.15680027008057,380.6065368652344,348.1082010269165,388.11248779296875,366.7124319076538,384.46861267089844,388.6904525756836,348.17028045654297,387.02306270599365,354.5493698120117,350.7936716079712,363.9399719238281,372.2811269760132,360.3085708618164,393.8330841064453,321.5898895263672,390.24274349212646,331.16939544677734,359.8348617553711,340.8074188232422,375.495228767395,338.8799285888672,394.4779300689697,118,1787748082.54128
335.63831329345703,504.6818733215332,381.9386672973633,476.7348003387451,407.8732681274414,434.62995529174805,400.1388168334961,400.07177352905273,368.5740280151367,396.0282039642334,393.2671356201172,395.0248861312866,403.4657669067383,356.676549911499,408.47644805908203,371.0679531097412,405.05104064941406,392.7519178390503,370.63915252685547,388.1520366668701,378.7752914428711,347.75824785232544,385.85601806640625,366.3762331008911,381.4234924316406,389.5695734024048,346.3088607788086,386.5694046020508,353.5658264160156,351.5014100074768,361.84749603271484,372.5444984436035,356.9947814941406,394.53020095825195,320.1557159423828,389.1113233566284,330.2855682373047,359.3981122970581,339.65770721435547,374.6339178085327,337.2458267211914,393.50812911987305,119,1787748082.5848973
333.5368347167969,512.3527336120605,382.4158477783203,483.8956546783447,408.22059631347656,443.9473485946655,393.59630584716797,414.5941114425659,359.0088653564453,417.7580451965332,397.26524353027344,406.2025308609009,409.05548095703125,368.1820249557495,412.05638885498047,380.38676261901855,407.64869689941406,400.1783323287964,373.4454345703125,399.4847774505615,383.66283416748047,361.01370334625244,388.4577941894531,376.5233087539673,383.5927963256836,397.84167766571045,348.7140655517578,397.68731117248535,356.7117691040039,363.91632556915283,362.8676223754883,381.4587879180908,358.1837463378906,401.91850662231445,322.4808883666992,400.0010919570923,332.66571044921875,372.2362804412842,340.97179412841797,384.07555103302,339.1777038574219,400.74442863464355,120,1787748082.6451805
334.5456314086914,512.0629692077637,381.3481140136719,484.41415786743164,408.8092803955078,446.1442708969116,398.4292221069336,413.91802310943604,367.3060607910156,410.62727451324463,396.2264633178711,407.601957321167,405.3227996826172,369.27709579467773,410.4833984375,375.6080961227417,408.73992919921875,394.63972091674805,372.4390411376953,400.25227546691895,380.684814453125,360.90667247772217,386.0308074951172,374.7836494445801,381.5657043457031,397.8468704223633,348.0888366699219,398.00355434417725,354.2708969116211,362.0316982269287,361.4217758178711,377.7324914932251,357.83191680908203,400.31785011291504,321.9087219238281,400.0559377670288,329.3507385253906,370.45769691467285,338.3073043823242,381.2437391281128,338.2266616821289,399.8906707763672,121,1787748082.6897182
307.2981834411621,524.4993209838867,354.66285705566406,493.05859565734863,379.77542877197266,450.52884578704834,364.8284912109375,419.0706539154053,331.1452102661133,420.6570625305176,374.00882720947266,421.08291149139404,386.3336944580078,381.971755027771,382.933349609375,386.7937660217285,377.97245025634766,402.9755973815918,348.8492202758789,414.2573118209839,359.6382141113281,374.17274951934814,356.5256118774414,386.08879566192627,351.22100830078125,408.07085037231445,323.6365509033203,413.0631923675537,331.76456451416016,376.2318277359009,332.01595306396484,387.91218280792236,327.97393798828125,408.8204526901245,297.3025703430176,416.22772693634033,306.7458724975586,385.0474548339844,310.8723258972168,391.29974842071533,310.2191162109375,407.4351453781128,122,1787748082.7433112
291.9325256347656,521.5772151947021,341.9288635253906,489.8033809661865,365.7848358154297,445.59298038482666,354.2496109008789,416.9047164916992,324.55821990966797,414.70959663391113,365.84014892578125,424.08084869384766,375.8675003051758,382.0968532562256,376.74774169921875,381.18000984191895,374.45323944091797,398.5040330886841,340.0178909301758,415.29951095581055,350.12928009033203,375.50389766693115,348.55106353759766,385.4964351654053,344.5793914794922,407.99574851989746,314.62696075439453,412.1718406677246,324.3195343017578,375.9215497970581,322.7838134765625,386.49988174438477,318.24058532714844,407.5038957595825,287.9255485534668,412.921142578125,298.1578254699707,384.53624725341797,300.8282661437988,389.23869609832764,299.5360565185547,403.61130237579346,123,1787748082.8087697
293.8140869140625,521.0141658782959,342.0934295654297,488.5939407348633,364.6460723876953,445.9965133666992,354.79496002197266,418.13097953796387,326.7182159423828,414.91172790527344,365.6993865966797,422.5072717666626,377.0180892944336,381.61195278167725,375.1509094238281,381.52801036834717,370.84564208984375,398.0467700958252,339.6391296386719,414.6608018875122,350.60829162597656,375.51960468292236,347.0329284667969,386.5796184539795,342.28015899658203,408.27250957489014,313.9508819580078,412.25874423980713,323.3419418334961,376.6445016860962,322.4458312988281,387.4017906188965,318.33873748779297,408.1562089920044,287.3068618774414,413.8158416748047,297.9198455810547,384.8882818222046,301.06361389160156,389.3365001678467,299.7540855407715,404.3332242965698,124,1787748082.8502896
277.1702003479004,519.1408252716064,327.3613739013672,485.85246562957764,348.69258880615234,445.61851501464844,337.0774841308594,414.9512529373169,310.0938034057617,406.80596351623535,352.1086883544922,425.3299856185913,363.3235168457031,386.84831142425537,361.2140655517578,377.4001979827881,355.6890106201172,386.87238693237305,324.3315124511719,415.502028465271,333.87813568115234,375.5637216567993,330.56148529052734,380.47564029693604,325.86002349853516,402.632360458374,297.40108489990234,412.9105854034424,305.5958938598633,376.16196155548096,304.1854667663574,383.10510635375977,301.41435623168945,406.7980670928955,269.88758087158203,415.53404331207275,279.24455642700195,387.2006893157959,282.1836853027344,388.80932807922363,283.18273544311523,405.46146869659424,125,1787748082.9098153
267.6714897155762,518.4783840179443,316.89722061157227,488.54523181915283,340.3630828857422,443.3431005477905,321.0200881958008,411.85632705688477,287.07990646362305,408.53734016418457,345.2710723876953,426.3463068008423,357.6279067993164,385.91734886169434,355.63060760498047,375.0307559967041,349.07073974609375,383.50340366363525,316.4442825317383,416.6699266433716,328.59241485595703,375.9976816177368,328.4010696411133,374.9722194671631,323.7721633911133,393.3551788330078,288.5804557800293,414.0728187561035,298.36618423461914,377.1193599700928,299.53060150146484,385.344557762146,296.16533279418945,409.7337341308594,259.7138023376465,416.3132572174072,268.75545501708984,384.93351459503174,275.0925636291504,385.89850902557373,277.54119873046875,401.65483474731445,126,1787748082.9795232
266.54157638549805,520.3269195556641,317.43051528930664,490.44445037841797,339.88441467285156,443.8735771179199,322.1053695678711,412.46336460113525,287.25732803344727,409.8874568939209,345.2647018432617,425.9208011627197,358.53370666503906,387.53984928131104,356.1991882324219,375.36309242248535,349.09969329833984,381.97999477386475,316.1587333679199,416.44127368927,329.27745819091797,376.1868953704834,328.7306594848633,374.2728281021118,323.73218536376953,392.85714626312256,287.4448013305664,414.38236713409424,296.9633102416992,376.1645793914795,298.9456558227539,380.87844371795654,296.8730354309082,404.3121099472046,258.3718490600586,417.5327396392822,268.2179260253906,386.55120849609375,274.5142936706543,385.08577823638916,277.2404670715332,399.94311332702637,127,1787748083.0189269
260.89162826538086,520.8950328826904,309.8720932006836,489.33191299438477,332.2856140136719,442.7723264694214,314.67966079711914,413.87309074401855,281.14776611328125,414.18766021728516,336.52599334716797,427.4684143066406,349.3094253540039,382.1570634841919,348.1359100341797,375.18271923065186,342.0741271972656,390.4064655303955,307.4671745300293,418.82522106170654,321.38267517089844,376.6242456436157,320.960693359375,373.99306297302246,316.6429138183594,392.0950984954834,279.2557716369629,416.49556159973145,290.88016510009766,377.96449184417725,292.0296096801758,385.9473466873169,289.6589469909668,411.71290397644043,251.6499900817871,418.65180015563965,261.884765625,386.3705778121948,268.0799102783203,385.06625175476074,271.13956451416016,400.5075788497925,128,1787748083.058849
259.88054275512695,522.4453496932983,311.9225311279297,490.4255676269531,334.1197204589844,444.1716241836548,315.690975189209,413.64001750946045,281.78293228149414,410.84691524505615,337.04235076904297,425.637731552124,350.1749801635742,381.7543888092041,346.53751373291016,372.65316009521484,338.84387969970703,385.2284288406372,306.47239685058594,417.63612270355225,318.88404846191406,375.6129026412964,316.0692024230957,379.30795669555664,310.7038879394531,403.4356498718262,277.72653579711914,415.9545707702637,288.75904083251953,377.4831962585449,288.99797439575195,383.49936962127686,286.73519134521484,407.61345863342285,250.1132583618164,419.3309783935547,262.13396072387695,389.58300590515137,267.18849182128906,388.2078266143799,268.93388748168945,402.99851417541504,129,1787748083.101124
256.50156021118164,519.3773746490479,307.5245666503906,485.8168029785156,329.20631408691406,439.09679889678955,306.67428970336914,410.59534549713135,270.43081283569336,414.41837310791016,332.83329010009766,424.42816257476807,344.5916748046875,377.81235694885254,342.0315170288086,371.7744255065918,335.77579498291016,387.9045867919922,302.756290435791,416.0130214691162,315.5133628845215,372.1780014038086,314.2609405517578,371.01478099823,309.5027732849121,390.78274726867676,274.3882369995117,414.16633129119873,283.4342384338379,375.830397605896,284.5430374145508,386.33246898651123,282.07632064819336,413.26000213623047,246.62246704101562,417.2279977798462,255.24908065795898,385.5406379699707,260.78269958496094,387.99792766571045,263.0505561828613,405.65059661865234,130,1787748083.1548781
259.15992736816406,519.2457103729248,310.6344223022461,486.2377595901489,331.45130157470703,437.2300672531128,307.755184173584,407.7195882797241,269.6725845336914,413.5481786727905,333.29051971435547,421.19410514831543,344.44149017333984,375.7577848434448,342.3588562011719,370.93663215637207,336.60816192626953,389.11977767944336,302.4252128601074,414.3029737472534,314.6413040161133,369.68461990356445,312.9518699645996,373.4439182281494,307.9119300842285,398.94567489624023,274.333553314209,413.6505317687988,282.84976959228516,374.32218074798584,284.1796112060547,382.4797010421753,281.9552993774414,408.4611225128174,248.03707122802734,417.49149799346924,257.0402145385742,386.29350185394287,261.81310653686523,387.96887397766113,263.51720809936523,405.53511142730713,131,1787748083.2014031
256.19253158569336,521.8159103393555,303.5407066345215,489.0287160873413,323.2413864135742,442.23206520080566,299.70664978027344,413.3607244491577,263.98109436035156,416.632719039917,325.10326385498047,423.1015634536743,336.1280059814453,378.1898832321167,336.32251739501953,373.84509086608887,333.16261291503906,392.85869121551514,295.41969299316406,416.233434677124,306.72080993652344,371.021990776062,306.6031074523926,374.6022033691406,304.3540954589844,398.67213249206543,268.6782646179199,415.9842252731323,276.2078285217285,378.97566318511963,278.8093376159668,388.8195848464966,279.41150665283203,413.71099948883057,244.36046600341797,420.15769958496094,251.17856979370117,390.35582542419434,257.0766067504883,392.8321695327759,261.483211517334,409.1145086288452,132,1787748083.2476795
257.0909118652344,522.0266246795654,307.3101234436035,490.4387426376343,327.5847625732422,438.1571674346924,301.86214447021484,409.09236431121826,263.316650390625,417.16238021850586,324.7877502441406,418.8677930831909,334.80037689208984,374.64640617370605,335.20042419433594,374.8001289367676,331.8177795410156,396.27131938934326,293.51112365722656,413.6218214035034,303.5700035095215,370.0077724456787,304.2975616455078,381.30120277404785,301.7732238769531,410.0287342071533,265.8062171936035,414.3487215042114,272.8965377807617,377.634859085083,278.06676864624023,390.5303192138672,278.7960624694824,416.0767078399658,241.51689529418945,418.5651969909668,249.80937957763672,388.02582263946533,256.05913162231445,392.2969722747803,258.9060401916504,409.60477352142334,133,1787748083.3036847
258.0120658874512,522.0861053466797,307.9058074951172,489.9782180786133,328.78883361816406,438.9754343032837,301.85150146484375,410.3937292098999,262.78900146484375,418.25685024261475,326.0327911376953,418.1181049346924,334.48036193847656,371.87167167663574,335.6032943725586,374.1261863708496,333.7083053588867,397.44750022888184,294.95311737060547,413.43981742858887,303.93136978149414,369.3813371658325,304.94808197021484,382.33696460723877,303.7282371520996,411.24465465545654,267.31517791748047,414.29348945617676,273.3606719970703,376.22105598449707,277.9235076904297,389.2796802520752,279.1790199279785,414.27958488464355,242.29209899902344,418.6790084838867,250.45915603637695,386.98113441467285,256.365966796875,391.98811054229736,259.1462516784668,409.75330352783203,134,1787748083.355325
258.42992782592773,523.9181184768677,308.5160827636719,489.56764698028564,327.84122467041016,437.90074825286865,303.35105895996094,407.818078994751,265.0117492675781,414.63608264923096,325.94783782958984,419.9034261703491,334.92156982421875,374.10043716430664,335.5126190185547,373.01279067993164,333.40904235839844,394.0149164199829,294.7421646118164,414.5523977279663,303.70777130126953,369.33138370513916,304.7956848144531,378.16246032714844,303.2100296020508,405.55854320526123,266.67476654052734,414.90962505340576,273.00025939941406,376.665358543396,276.99975967407227,387.100567817688,277.28872299194336,411.62188053131104,240.96275329589844,419.06692028045654,249.2973518371582,388.3382034301758,255.30622482299805,392.67261028289795,258.12442779541016,410.147910118103,135,1787748083.433272
259.9569320678711,523.7170171737671,310.0960159301758,490.8484125137329,329.20570373535156,437.77912616729736,302.4903678894043,407.4617099761963,262.79064178466797,416.3178491592407,326.4944839477539,418.1567716598511,333.9049530029297,372.48308658599854,335.36624908447266,373.58858585357666,333.97769927978516,396.95629119873047,295.15125274658203,413.3704662322998,303.4737014770508,368.51534843444824,305.2057075500488,377.2471618652344,303.7640953063965,404.90657329559326,266.9313621520996,414.58033561706543,272.01438903808594,376.38885498046875,277.10351943969727,387.22090244293213,278.0010414123535,411.8934488296509,241.5182113647461,419.47028160095215,249.01395797729492,388.9236545562744,255.47269821166992,394.15855407714844,258.9498710632324,411.8425941467285,136,1787748083.4920294
269.14485931396484,529.5898103713989,317.96539306640625,493.29158306121826,334.0155792236328,440.993914604187,311.2245750427246,411.18156909942627,272.8946876525879,420.1233673095703,329.62547302246094,420.33034801483154,335.72093963623047,375.51767349243164,337.99591064453125,371.85150146484375,337.54573822021484,391.6521692276001,299.4282913208008,414.92988109588623,305.0529479980469,369.88070011138916,306.9666862487793,371.31192684173584,305.41940689086914,395.9842586517334,270.97251892089844,416.787428855896,273.30902099609375,375.6086540222168,277.9521369934082,379.9609136581421,279.0898323059082,405.354266166687,243.6233901977539,423.63611698150635,246.9940948486328,390.4171085357666,254.42724227905273,391.3013792037964,259.5059013366699,410.06890296936035,137,1787748083.559468
278.39067459106445,529.2358875274658,327.1997833251953,494.91584300994873,343.48228454589844,441.41761779785156,322.81681060791016,409.1378974914551,286.8863105773926,417.95060634613037,333.7210464477539,412.0794868469238,340.7078552246094,370.4985523223877,341.44275665283203,368.5773181915283,339.2677307128906,384.4745349884033,302.9929733276367,408.14058780670166,308.8282585144043,364.32427883148193,311.8045997619629,364.97856616973877,310.9362030029297,385.8543920516968,273.8422393798828,411.99421405792236,277.1226119995117,370.49267292022705,282.8843116760254,375.8479070663452,283.46317291259766,400.5515670776367,245.62973022460938,421.6121006011963,249.34415817260742,389.7769832611084,256.83868408203125,393.67687225341797,260.773868560791,413.5121726989746,138,1787748083.6252341
277.42786407470703,531.4314794540405,325.6124496459961,493.9884424209595,341.3516616821289,439.4341993331909,326.1193084716797,406.2804651260376,294.5530700683594,413.12456130981445,331.11934661865234,412.47692584991455,338.2157897949219,371.4323902130127,341.4408493041992,367.35740661621094,341.30054473876953,382.791051864624,300.50268173217773,409.7709846496582,306.2727355957031,364.2266035079956,311.64716720581055,365.2090644836426,311.96266174316406,388.3404779434204,271.3440132141113,414.3527126312256,274.3973731994629,372.19229221343994,282.3204803466797,376.06093883514404,284.19261932373047,400.47011375427246,243.22738647460938,424.57390308380127,247.26446151733398,390.63855171203613,256.08856201171875,391.98493480682373,261.0882568359375,409.8481035232544,139,1787748083.6896749
291.7547035217285,537.9398488998413,337.1340560913086,498.2108402252197,360.42442321777344,445.98544120788574,359.00890350341797,401.4172124862671,332.3027801513672,381.68885707855225,342.14508056640625,413.5810089111328,345.3034210205078,380.05940437316895,344.9098587036133,402.5834369659424,342.48291015625,427.57561683654785,313.44181060791016,410.7807397842407,315.8957862854004,371.8212032318115,318.6028861999512,401.3792324066162,315.8091354370117,427.9752016067505,284.8021125793457,413.3298683166504,287.1781539916992,375.6658172607422,292.856502532959,405.25272846221924,290.2412414550781,430.4793977737427,255.20017623901367,421.4932680130005,261.8628692626953,391.20842456817627,268.2554054260254,411.0994291305542,266.9285202026367,429.4437646865845,140,1787748083.7314446
299.7452735900879,539.0320014953613,344.6741485595703,498.66848945617676,362.6039123535156,442.4324369430542,359.7349548339844,397.46771335601807,336.1398696899414,375.13014793395996,331.88316345214844,411.2893295288086,330.1077651977539,377.0531415939331,339.49493408203125,400.4606294631958,341.23382568359375,422.4355173110962,306.7091178894043,415.6820583343506,302.14534759521484,381.1913824081421,315.9537124633789,408.0627393722534,317.9739761352539,431.24895572662354,280.7311820983887,424.79766368865967,278.9335250854492,390.56010246276855,295.6184196472168,415.93663215637207,299.1676139831543,437.3106622695923,254.48612213134766,438.3758211135864,258.5220527648926,411.041579246521,272.3822593688965,427.9103136062622,275.7924270629883,444.97954845428467,141,1787748083.7754958
298.44791412353516,536.9908618927002,343.1264877319336,500.75387477874756,361.82239532470703,443.9897918701172,359.51568603515625,397.45402336120605,334.6083450317383,374.5936632156372,329.90150451660156,411.64162158966064,335.6755828857422,377.39341735839844,344.3202590942383,407.5038957595825,340.25115966796875,429.43252086639404,304.3925476074219,414.7352170944214,307.1369171142578,380.9323453903198,320.27549743652344,414.79615688323975,316.23308181762695,437.0131301879883,278.2391548156738,423.1672239303589,281.8564224243164,389.90251064300537,299.26809310913086,421.1129093170166,297.58140563964844,442.008261680603,251.18240356445312,435.66400051116943,260.6060600280762,408.15032958984375,276.20203018188477,429.21391010284424,276.3633346557617,446.7938804626465,142,1787748083.816073
296.8888282775879,543.979024887085,341.1565399169922,499.02374267578125,360.8732604980469,450.20912647247314,360.29083251953125,404.2576503753662,340.2679443359375,377.6388931274414,343.80619049072266,433.0342769622803,344.4934844970703,397.6624631881714,342.84229278564453,394.1528034210205,342.28015899658203,402.2009325027466,316.1906433105469,433.4131336212158,315.8611297607422,396.4657688140869,318.7422752380371,399.93783473968506,320.6319046020508,415.8810567855835,289.3761444091797,438.30209255218506,289.80297088623047,400.90205669403076,295.8680534362793,405.48661708831787,300.16143798828125,422.14107513427734,263.26976776123047,447.8122615814209,265.58265686035156,417.2198438644409,272.97786712646484,418.46022605895996,278.7347221374512,430.30134201049805,143,1787748083.8658996
296.39169692993164,541.5713453292847,340.3793716430664,498.66857528686523,359.3153762817383,448.613018989563,360.01338958740234,404.71362590789795,343.75221252441406,376.6670751571655,340.82359313964844,435.9914016723633,342.1116256713867,404.3043851852417,339.3678665161133,388.9589738845825,336.48509979248047,383.4478282928467,314.8030090332031,436.67723178863525,314.6516227722168,402.2255229949951,314.96694564819336,394.2449426651001,315.51952362060547,394.56350326538086,289.71248626708984,441.03888988494873,290.29022216796875,406.1545944213867,294.92151260375977,402.5091075897217,298.2507133483887,407.7204465866089,264.57874298095703,449.2664909362793,267.4781608581543,419.83441829681396,274.7644233703613,418.23530673980713,280.44042587280273,425.4458999633789,144,1787748083.933361
289.7784423828125,546.2964534759521,328.18912506103516,502.0152425765991,343.8383483886719,455.72675228118896,340.92395782470703,418.0383253097534,325.0054931640625,395.71629524230957,341.0316848754883,445.91111183166504,349.91004943847656,411.6540241241455,339.6498489379883,396.67545318603516,325.34889221191406,391.7075729370117,315.8563041687012,447.7420949935913,323.00994873046875,416.0726737976074,313.36050033569336,398.6937618255615,302.9888153076172,387.8826570510864,292.3208236694336,454.35637950897217,297.8843116760254,424.1259956359863,293.4462356567383,410.5145788192749,287.2930908203125,403.889479637146,267.6494598388672,465.10186672210693,273.35498809814453,444.02953147888184,274.19246673583984,435.13421058654785,272.91120529174805,431.39134883880615,145,1787748084.0046577
285.7861328125,538.4461641311646,277.1675682067871,497.88464069366455,274.5208549499512,458.036584854126,275.9451675415039,432.6619005203247,270.41818618774414,426.71979904174805,324.53357696533203,440.05205154418945,339.2131805419922,408.3061122894287,326.1945343017578,400.07022857666016,311.2766456604004,401.94103717803955,328.7467575073242,438.8747549057007,343.6024856567383,403.03027153015137,326.31141662597656,397.2814178466797,309.8573875427246,401.813063621521,327.7461624145508,439.7007894515991,338.40824127197266,399.0752363204956,318.8838768005371,390.223388671875,300.7965660095215,393.0753707885742,318.641357421875,443.46575260162354,316.15978240966797,407.94429302215576,301.50951385498047,400.18133640289307,288.2074737548828,402.753210067749,146,1787748084.0479262
283.1541633605957,541.6658449172974,275.46613693237305,500.2379035949707,274.50687408447266,461.83051586151123,273.9130401611328,436.56848430633545,271.3652229309082,430.7882595062256,311.8669891357422,441.0186767578125,323.45726013183594,408.2801055908203,311.2691116333008,394.57470417022705,298.0075454711914,390.7722330093384,318.1194496154785,440.0545406341553,329.5541763305664,403.7791442871094,312.76256561279297,393.3068561553955,296.5755271911621,394.9444627761841,322.25841522216797,442.4614906311035,334.14955139160156,401.3949394226074,315.44727325439453,389.28380012512207,298.14300537109375,390.48319816589355,322.63912200927734,448.9138984680176,325.0343322753906,411.66955947875977,311.7039489746094,401.66358947753906,299.9660110473633,404.3628787994385,147,1787748084.0776649
279.5114517211914,537.2664213180542,298.6659240722656,503.37883472442627,305.76419830322266,467.4119997024536,298.83928298950195,439.0122985839844,281.3541793823242,425.2252721786499,337.2519302368164,442.4172878265381,349.13883209228516,409.3114471435547,332.26768493652344,409.4025135040283,316.38097763061523,416.5396785736084,320.23658752441406,437.1372413635254,329.39491271972656,403.3741521835327,311.04475021362305,402.4272680282593,298.1096076965332,408.2934093475342,302.46999740600586,437.8362464904785,310.5160903930664,401.1889886856079,296.62458419799805,400.259485244751,285.3892135620117,407.7031946182251,282.3643112182617,444.1829538345337,284.92321014404297,414.36610221862793,277.7455139160156,411.0443687438965,272.3974800109863,415.5198812484741,148,1787748084.1356914
285.63329696655273,533.4013795852661,322.33097076416016,500.0373601913452,333.5044479370117,457.128324508667,322.8227996826172,424.133677482605,302.7415084838867,407.7040958404541,342.6228713989258,439.63006496429443,351.6910934448242,407.1346092224121,336.2921905517578,408.71771335601807,323.7017059326172,417.4899101257324,318.1308364868164,435.9844923019409,324.0626525878906,402.63094425201416,308.3002281188965,399.37268257141113,298.41697692871094,403.8642883300781,293.6884307861328,440.1330327987671,298.6205863952637,404.8760175704956,290.4291343688965,402.0534324645996,286.07479095458984,406.2473773956299,268.37785720825195,450.38941383361816,270.69074630737305,424.05604362487793,269.83964920043945,425.63953399658203,270.10534286499023,434.4352054595947,149,1787748084.180793
285.7579040527344,534.1273784637451,323.01734924316406,497.81601905822754,333.98670196533203,452.09285259246826,319.45093154907227,416.7762279510498,295.8998680114746,399.3449592590332,339.18453216552734,438.5276985168457,350.69705963134766,406.9644498825073,336.65897369384766,413.9398241043091,325.12657165527344,423.5492134094238,311.1906623840332,436.1887264251709,316.56715393066406,405.8921241760254,303.18552017211914,404.1277885437012,294.3065643310547,406.51134967803955,284.86236572265625,442.1975612640381,288.3152389526367,410.0788164138794,281.91917419433594,408.3100175857544,276.5649223327637,411.1400270462036,259.5718193054199,453.6067771911621,264.89444732666016,429.72344398498535,265.29436111450195,431.950364112854,264.58898544311523,440.0273323059082,150,1787748084.2272804
285.13797760009766,532.3385810852051,320.91968536376953,496.2736415863037,332.20027923583984,453.059778213501,321.8314743041992,419.0031909942627,300.2283477783203,399.9898052215576,339.68841552734375,436.05950832366943,355.1497268676758,405.2585220336914,338.7016296386719,412.6818895339966,323.6757278442383,423.42917919158936,313.1712341308594,433.1428098678589,323.2796859741211,402.8511428833008,307.6033401489258,403.6901807785034,296.7098617553711,410.2316379547119,288.2211685180664,438.0609083175659,295.5074691772461,406.45341396331787,286.2960433959961,405.70261001586914,278.16280364990234,411.86182022094727,264.38594818115234,448.7512493133545,270.91760635375977,424.2768859863281,269.486026763916,422.2200393676758,267.75550842285156,426.43818855285645,151,1787748084.2897906
285.09613037109375,534.305305480957,322.9722213745117,495.0478935241699,333.34354400634766,448.2639455795288,316.38025283813477,411.1793804168701,290.4241752624512,395.1317024230957,337.08152770996094,436.27833366394043,345.377197265625,405.1659107208252,333.9957046508789,411.38747692108154,324.59381103515625,420.64916610717773,307.87878036499023,436.35704040527344,309.87810134887695,405.86495876312256,299.23070907592773,405.74131965637207,291.9775581359863,411.6057872772217,281.3078308105469,443.4561824798584,281.1484146118164,412.3734140396118,276.69261932373047,410.93583583831787,272.56994247436523,417.3891019821167,255.95266342163086,455.4148006439209,259.1965866088867,432.2783660888672,260.86626052856445,431.86071395874023,261.44519805908203,439.2086362838745,152,1787748084.3447154
285.0872993469238,534.8598575592041,321.18019104003906,496.40092849731445,332.7840042114258,449.95665550231934,318.70641708374023,411.8926763534546,293.4197425842285,393.70317935943604,339.84901428222656,436.4267349243164,348.2339859008789,404.7302770614624,335.85506439208984,411.45103454589844,326.68731689453125,422.28222370147705,310.9609603881836,434.6727418899536,315.8205986022949,402.88362979888916,303.46107482910156,400.18223762512207,295.8380126953125,404.61968421936035,283.3213996887207,440.8728504180908,286.78247451782227,407.01491832733154,281.49377822875977,403.06121349334717,277.55504608154297,407.52835750579834,256.5070152282715,453.49730014801025,261.49524688720703,430.5006408691406,261.29920959472656,430.7934093475342,260.33294677734375,438.3679676055908,153,1787748084.408613
285.83940505981445,534.3711376190186,322.2310256958008,497.0496368408203,333.29002380371094,451.18682384490967,319.65099334716797,414.38674449920654,295.28818130493164,395.99876403808594,341.1729431152344,437.492151260376,350.1051330566406,403.9508056640625,336.4586639404297,410.05611419677734,326.6307067871094,421.81230068206787,312.5312042236328,435.4463768005371,317.4201965332031,401.5880584716797,303.9715766906738,396.9738006591797,295.5883598327637,401.36592864990234,284.65198516845703,441.4981698989868,288.31777572631836,406.8483638763428,282.59206771850586,401.1938810348511,278.4437561035156,405.0078535079956,257.1222114562988,454.0134000778198,262.0831871032715,430.64093112945557,261.9580268859863,430.6470251083374,260.9505271911621,438.51508140563965,154,1787748084.4726608
285.6447410583496,537.781834602356,322.7860641479492,496.0574769973755,332.7430725097656,449.75542545318604,318.44058990478516,412.65772819519043,293.40173721313477,395.6132984161377,339.7634506225586,438.7877655029297,348.94840240478516,406.9244956970215,336.84391021728516,411.64230823516846,326.44115447998047,420.91464042663574,310.9638786315918,437.82689094543457,314.86392974853516,406.1117219924927,303.7131690979004,401.9548559188843,296.22785568237305,405.73089122772217,283.8203811645508,444.72124099731445,286.13399505615234,413.17893505096436,281.4805221557617,407.77374744415283,277.121639251709,411.9899654388428,257.1250534057617,457.37693309783936,262.22034454345703,433.3876848220825,263.75078201293945,430.16246795654297,264.03377532958984,435.28497219085693,155,1787748084.5325346
284.3745994567871,537.6184558868408,325.7506561279297,495.90203762054443,336.40918731689453,450.550217628479,324.0446472167969,413.10245990753174,299.6155548095703,396.3399410247803,336.3275146484375,442.75074005126953,345.6541442871094,411.65771484375,333.9500045776367,410.60332775115967,322.3694610595703,414.79401111602783,308.02698135375977,441.14463329315186,311.74402236938477,409.5888948440552,299.5477104187012,399.24792766571045,289.24530029296875,397.5861597061157,281.19285583496094,447.42542266845703,286.2354278564453,411.34992599487305,281.1397933959961,403.31007957458496,274.87918853759766,405.8808374404907,254.68128204345703,459.18585777282715,262.94864654541016,431.62562370300293,265.77857971191406,430.4767370223999,265.3947639465332,438.7778949737549,156,1787748084.5931678
285.7530403137207,536.7212247848511,325.0003433227539,494.0774917602539,335.06481170654297,448.774037361145,322.1546173095703,412.2851371765137,297.94544219970703,395.8618211746216,336.0463333129883,441.9937562942505,343.6688995361328,412.0463562011719,332.9151153564453,409.2744970321655,321.99878692626953,412.1560478210449,307.813720703125,441.42354011535645,310.9905242919922,411.49510860443115,299.48219299316406,400.21875858306885,289.4231414794922,397.06512451171875,281.0514831542969,448.15481185913086,285.90723037719727,414.0920877456665,281.1104965209961,405.2371072769165,274.4798278808594,407.3429203033447,254.89192962646484,459.89838123321533,263.1131362915039,432.0346927642822,264.92937088012695,428.0826187133789,263.62789154052734,433.9904308319092,157,1787748084.6532037
291.01985931396484,533.5312414169312,329.9071502685547,497.326397895813,339.72991943359375,446.6458225250244,319.4350814819336,407.40918159484863,288.5896682739258,396.76188468933105,330.88714599609375,436.71903133392334,343.3369445800781,406.9732904434204,337.9027557373047,418.3773994445801,328.49987030029297,429.5577907562256,303.07207107543945,435.69172382354736,309.04991149902344,405.3325080871582,306.5127754211426,409.6953248977661,299.5318603515625,416.6355085372925,275.8921432495117,441.34878158569336,279.76993560791016,405.50017833709717,284.561767578125,412.1274662017822,279.47925567626953,423.3960485458374,247.93268203735352,451.34758472442627,260.29306411743164,420.8976459503174,270.1109504699707,432.21892833709717,269.9595832824707,450.005407333374,158,1787748084.715815
292.7541732788086,532.265453338623,329.7591018676758,494.6784782409668,338.83453369140625,445.0595426559448,317.22362518310547,404.8385524749756,284.4516181945801,393.3769369125366,332.1269989013672,435.3336811065674,344.1324996948242,402.6109027862549,340.0569152832031,420.3648090362549,331.75098419189453,433.26486110687256,304.3802261352539,434.3981695175171,310.87385177612305,403.41711044311523,311.2779998779297,420.8272647857666,305.27233123779297,433.91271114349365,276.6101264953613,439.37235832214355,279.6665954589844,404.67989444732666,285.6648635864258,421.9624614715576,279.0604591369629,437.74187564849854,247.3611831665039,448.65254402160645,260.7074546813965,418.1730365753174,271.59778594970703,433.5300350189209,270.02527236938477,452.3138236999512,159,1787748084.7608688
292.79626846313477,533.9536571502686,328.79722595214844,496.41011238098145,336.8817901611328,443.92529010772705,315.35400390625,403.93059253692627,283.396053314209,392.0981454849243,329.10511016845703,435.4920816421509,342.2834777832031,402.51399993896484,338.06114196777344,419.7379446029663,328.1714630126953,432.23214626312256,301.97078704833984,434.2310571670532,309.3060493469238,401.0765504837036,308.39990615844727,412.9261636734009,300.05931854248047,421.27225399017334,273.99065017700195,439.5717430114746,278.5715866088867,405.22706508636475,284.92074966430664,423.15314769744873,277.795352935791,438.9017915725708,244.56798553466797,449.613676071167,258.4183883666992,419.96758460998535,269.5858573913574,434.65583324432373,267.4629592895508,452.44462966918945,160,1787748084.801697
292.34270095825195,533.6080169677734,328.51749420166016,497.8704786300659,335.84564208984375,445.5279207229614,312.6109504699707,406.85003757476807,281.53331756591797,392.44872093200684,331.28856658935547,437.67630100250244,345.11539459228516,404.02565002441406,337.6661682128906,419.446120262146,326.0244369506836,430.9867000579834,304.0586471557617,435.7979393005371,313.3985900878906,401.4378547668457,309.2134094238281,413.2916736602783,299.4353485107422,421.08685970306396,275.5647277832031,440.2343559265137,282.12207794189453,404.09311294555664,286.12327575683594,421.34525299072266,278.33459854125977,435.2656602859497,244.8908233642578,449.59526538848877,259.3830108642578,419.3320941925049,269.4626045227051,435.5646085739136,267.1949005126953,453.57574939727783,161,1787748084.8421886
292.2109031677246,533.9558458328247,328.2670593261719,498.18878173828125,335.25047302246094,445.67138671875,314.27194595336914,407.0814371109009,283.7454032897949,392.3965787887573,330.02010345458984,438.32526683807373,344.0878677368164,404.89120960235596,337.46204376220703,418.0687093734741,326.2752151489258,427.9334020614624,303.03958892822266,435.7972526550293,312.2723579406738,401.64947032928467,307.97325134277344,409.55477714538574,298.2078742980957,415.1020574569702,274.3331718444824,439.99544620513916,280.9016990661621,404.65882301330566,284.0592384338379,419.96174812316895,276.14675521850586,433.4137773513794,244.00392532348633,449.2628002166748,258.8717842102051,419.0257215499878,269.0817642211914,433.56608390808105,267.31395721435547,451.5329360961914,162,1787748084.8857093
290.63194274902344,533.8482570648193,327.5375747680664,496.83184146881104,335.67867279052734,444.59219455718994,315.30200958251953,405.01888275146484,284.70611572265625,390.7670831680298,331.1498260498047,437.23495960235596,343.3195495605469,406.06224060058594,337.8253173828125,416.0322904586792,327.85274505615234,424.8444414138794,303.3234214782715,434.82916831970215,310.16101837158203,403.0377388000488,307.0137023925781,405.8698081970215,298.06976318359375,409.7934293746948,274.37488555908203,439.4054889678955,279.6071434020996,403.7058448791504,283.1245994567871,411.56158447265625,275.1987648010254,422.1250247955322,243.79152297973633,449.05848026275635,257.98717498779297,419.33024883270264,267.5075149536133,431.98293685913086,265.04817962646484,449.72014904022217,163,1787748084.950226
291.8421745300293,533.6199045181274,328.33892822265625,497.5025224685669,336.34937286376953,445.0274419784546,316.7269706726074,405.45275688171387,286.2150192260742,391.2328863143921,331.4352798461914,436.0618257522583,342.5136184692383,406.4492082595825,336.69857025146484,414.7295951843262,326.8690872192383,422.23939418792725,303.0908203125,434.0848445892334,307.7958106994629,403.2704257965088,304.5477104187012,403.6856746673584,296.1858367919922,406.10215187072754,274.04273986816406,439.4927787780762,278.04920196533203,403.5501480102539,281.5601348876953,407.3008632659912,274.07304763793945,415.13171195983887,243.9225959777832,449.97090339660645,257.5185966491699,419.91621494293213,267.1926689147949,431.42241954803467,265.34372329711914,449.03346061706543,164,1787748085.0124297
294.26584243774414,533.0699443817139,330.28003692626953,499.39513206481934,337.01080322265625,445.9860849380493,317.5005912780762,407.4453592300415,287.8660011291504,392.13651180267334,330.5370330810547,435.3481864929199,342.6461410522461,404.81597900390625,338.66832733154297,415.64682483673096,327.9021453857422,425.2950954437256,302.7044105529785,433.83962631225586,309.4143295288086,401.3149881362915,308.4242630004883,407.80348777770996,298.8558578491211,413.95111083984375,273.54644775390625,439.0745258331299,280.8112335205078,400.6064987182617,286.0748100280762,413.00753116607666,276.9988250732422,426.2790584564209,243.2494354248047,449.2692804336548,259.04396057128906,417.92524337768555,270.8710479736328,432.7089786529541,268.4098815917969,451.73455238342285,165,1787748085.0693038
292.4565887451172,533.6528205871582,328.5479736328125,495.96495151519775,337.1303176879883,443.7014436721802,316.31431579589844,404.61341857910156,285.60890197753906,390.62323093414307,330.4915237426758,435.83664894104004,344.03656005859375,403.3047151565552,338.36647033691406,418.1543254852295,326.86634063720703,429.8724031448364,302.8061294555664,434.3980836868286,309.6026420593262,401.773624420166,307.8567886352539,412.9259920120239,298.19568634033203,419.62554931640625,273.95349502563477,439.47492599487305,278.2595634460449,405.5512475967407,283.22166442871094,427.94207096099854,274.3929862976074,446.21469497680664,243.7940788269043,448.92308235168457,258.5278511047363,419.04340267181396,269.5343780517578,434.9480438232422,266.71600341796875,452.43969440460205,166,1787748085.1144729
292.85335540771484,535.4395580291748,329.7386169433594,499.39805030822754,337.8396224975586,445.4583549499512,316.1249351501465,404.98995780944824,284.8134994506836,391.3777685165405,329.7393035888672,437.11599826812744,343.7068176269531,403.93492698669434,338.5263442993164,416.9344139099121,327.69126892089844,427.80564308166504,301.7921447753906,435.69047927856445,310.4371643066406,401.91168308258057,308.7422752380371,411.08264923095703,299.63891983032227,418.63982677459717,272.94992446899414,440.75504779815674,278.7156677246094,403.33248138427734,283.80842208862305,420.60277462005615,275.50146102905273,437.56343364715576,242.89718627929688,450.47266960144043,258.5848617553711,418.6675500869751,269.70937728881836,433.6352205276489,267.1644401550293,452.7339220046997,167,1787748085.1652021
292.1147346496582,535.5026006698608,328.91414642333984,497.49956130981445,337.2840881347656,443.4992265701294,315.91808319091797,403.38496685028076,285.19189834594727,389.4458484649658,330.27015686035156,435.5770969390869,343.9316940307617,401.6361665725708,338.82877349853516,418.9591598510742,326.998291015625,431.63283348083496,302.1162414550781,434.39117431640625,309.2498016357422,398.9789342880249,307.85369873046875,414.83654022216797,298.0328941345215,423.3020210266113,273.1863212585449,439.76426124572754,277.9698371887207,406.6033601760864,283.31382751464844,432.66911029815674,274.3781089782715,450.3993272781372,243.00777435302734,449.48716163635254,257.88129806518555,419.4276237487793,268.7531852722168,436.7532777786255,265.3013229370117,453.1416177749634,168,1787748085.2026532
291.9456672668457,537.252688407898,329.7621536254883,498.718957901001,337.7975845336914,444.0690565109253,313.9078712463379,402.86865234375,281.3166046142578,389.7959518432617,330.7433319091797,437.01446056365967,344.4717025756836,403.08438777923584,339.07501220703125,418.9658546447754,327.4386978149414,430.86623668670654,302.46232986450195,435.1882839202881,310.2282905578613,400.235538482666,308.0658531188965,411.62647247314453,298.1999969482422,418.71119499206543,273.3279228210449,440.1862049102783,277.2002410888672,404.73594188690186,282.2232246398926,428.05699825286865,273.7213325500488,446.92142486572266,243.08282852172852,449.77216243743896,258.53275299072266,418.83487701416016,269.20148849487305,436.13396644592285,266.18751525878906,454.7798252105713,169,1787748085.2432942
291.61325454711914,536.7579174041748,329.58831787109375,497.3648929595947,337.2662353515625,443.8096761703491,316.0597229003906,403.36308002471924,284.9938201904297,390.1239538192749,330.2800750732422,436.69671535491943,344.43470001220703,402.0672941207886,339.6436309814453,418.84037017822266,328.4496307373047,431.36868953704834,302.6399612426758,435.05889415740967,310.8366584777832,400.13962268829346,308.93680572509766,411.7462921142578,299.3827247619629,418.2150936126709,273.3432197570801,440.185604095459,277.91454315185547,405.35679817199707,283.23801040649414,428.5507822036743,275.2679443359375,446.72319889068604,242.37478256225586,449.9437379837036,256.9297409057617,418.5396194458008,269.18495178222656,434.9440097808838,268.08326721191406,453.06291103363037,170,1787748085.2923837
291.9146919250488,536.7526817321777,329.739990234375,498.0047607421875,337.08934783935547,444.95418548583984,316.24568939208984,404.46308612823486,285.45122146606445,390.9504175186157,330.06160736083984,437.7377986907959,344.0178680419922,403.65177154541016,338.53858947753906,416.66889667510986,327.6185989379883,427.7545738220215,302.5527572631836,436.119589805603,310.56522369384766,401.42043113708496,307.98418045043945,407.6420831680298,299.1499900817871,412.315993309021,273.38356018066406,441.0276460647583,279.3035888671875,403.0624580383301,285.4509162902832,419.6972608566284,279.2275619506836,436.3982391357422,242.27598190307617,450.6376361846924,256.83950424194336,418.1353998184204,269.4533157348633,432.8646755218506,269.66556549072266,452.5125217437744,171,1787748085.330343
289.0982246398926,535.6610441207886,326.3458251953125,498.30169200897217,335.5227279663086,445.3598642349243,315.9786605834961,404.07955169677734,284.35367584228516,391.01221561431885,328.5089111328125,436.09130859375,341.85672760009766,402.5895309448242,337.0144271850586,418.12660217285156,326.6176986694336,429.69675064086914,300.7317924499512,434.6642017364502,308.37879180908203,399.89972591400146,307.789249420166,413.624267578125,300.14177322387695,423.4155750274658,271.95629119873047,439.63212490081787,276.810359954834,402.93135166168213,282.78491973876953,423.9981937408447,275.91575622558594,442.0748233795166,241.4090919494629,449.3397045135498,256.3041114807129,417.9573440551758,267.3958396911621,433.34635734558105,265.7200622558594,451.8133020401001,172,1787748085.3915982
286.6438102722168,537.3378324508667,326.12743377685547,503.95849227905273,334.63695526123047,448.8219738006592,315.98119735717773,407.04890727996826,285.5873107910156,392.5139093399048,329.9778747558594,439.03491497039795,342.7526092529297,405.4836130142212,335.3483200073242,413.5525131225586,323.9788055419922,422.97908306121826,301.7339324951172,436.8702220916748,310.85649490356445,402.9593753814697,306.3254928588867,405.19389152526855,298.08666229248047,410.7878637313843,272.5127410888672,441.2973690032959,281.6111373901367,401.63689613342285,284.82763290405273,405.0892210006714,278.9596176147461,414.1266345977783,242.16262817382812,450.1112365722656,257.58583068847656,417.46686458587646,265.78784942626953,429.5102834701538,264.1549491882324,449.24975395202637,173,1787748085.462105
287.2366142272949,537.6526594161987,325.9980010986328,499.66395378112793,333.45157623291016,446.6267251968384,314.49697494506836,406.41594886779785,284.8247718811035,391.83013916015625,328.1651306152344,439.52693939208984,340.51475524902344,407.7230644226074,334.1046905517578,413.1917667388916,323.90689849853516,420.4873323440552,300.0103950500488,437.65960693359375,308.89944076538086,404.564151763916,304.876651763916,403.64009857177734,297.225399017334,406.4848279953003,270.90673446655273,442.43016242980957,278.48621368408203,402.84976959228516,282.36228942871094,405.1003360748291,277.28357315063477,414.32880878448486,241.01558685302734,451.66412830352783,256.8705749511719,418.0479383468628,266.6395950317383,428.4861946105957,266.3182258605957,448.57048988342285,174,1787748085.5228014
289.49466705322266,536.5208530426025,326.63890838623047,499.9215316772461,333.1357192993164,447.66961097717285,316.3652038574219,408.2905340194702,287.66090393066406,391.96858406066895,326.0267639160156,438.8139867782593,338.55342864990234,407.80147075653076,334.9787139892578,414.4946336746216,324.7967529296875,422.5304889678955,298.6284637451172,437.37250328063965,305.72729110717773,404.6569776535034,304.7808837890625,403.2325315475464,297.20088958740234,405.0259208679199,269.44650650024414,442.70816802978516,276.5999412536621,402.75853157043457,282.9710388183594,406.88441276550293,277.5887680053711,417.2027635574341,238.88534545898438,452.57457733154297,254.14705276489258,419.7451972961426,265.76534271240234,430.2209186553955,265.5409622192383,448.94243717193604,175,1787748085.584374
287.61512756347656,535.1957988739014,325.0928497314453,499.66253757476807,333.6615753173828,448.5980415344238,316.7113494873047,409.75579261779785,288.51573944091797,394.38896656036377,328.4307861328125,437.92405128479004,340.4277801513672,406.47748947143555,334.93690490722656,412.56468772888184,323.82789611816406,420.384464263916,301.747989654541,436.43900871276855,308.8834571838379,404.4148063659668,306.54685974121094,401.166672706604,297.9250144958496,401.0314893722534,272.67194747924805,441.51379108428955,280.7176208496094,403.34986209869385,286.170597076416,403.335657119751,279.83882904052734,408.41498851776123,241.19596481323242,451.3901996612549,255.10761260986328,420.3765678405762,266.26964569091797,429.3731689453125,265.91564178466797,444.4422912597656,176,1787748085.648975
289.8051071166992,538.2995223999023,324.42901611328125,501.6004228591919,332.1175765991211,448.9981412887573,320.68843841552734,411.6949653625488,297.4076271057129,392.7842330932617,325.02185821533203,437.10604190826416,336.53385162353516,408.20470333099365,330.343017578125,408.510947227478,318.60767364501953,411.25495433807373,297.3533058166504,436.1147403717041,304.79713439941406,406.6382074356079,299.616641998291,399.3130302429199,289.46651458740234,395.95168590545654,268.41039657592773,442.57238388061523,277.1408462524414,407.9024934768677,280.01691818237305,406.4123868942261,274.0695571899414,410.6504487991333,239.7458839416504,453.3469247817993,253.3362579345703,422.6011276245117,261.80580139160156,428.14815044403076,261.7799758911133,441.18767738342285,177,1787748085.705911
285.1953125,535.6255531311035,322.0125198364258,500.435528755188,330.80535888671875,449.19220447540283,318.20972442626953,409.1055393218994,292.9396629333496,390.72502613067627,327.0939254760742,437.3391580581665,338.8581085205078,407.04272747039795,332.1698760986328,409.79827880859375,320.4738235473633,415.6893539428711,300.23399353027344,435.13657093048096,307.1082878112793,404.0550899505615,303.8935852050781,398.2098913192749,295.40950775146484,397.9835557937622,271.43383026123047,439.6797180175781,279.54345703125,402.9953384399414,282.97521591186523,398.4424066543579,276.05342864990234,401.87554836273193,240.841064453125,448.7803030014038,253.1039047241211,418.8988208770752,262.5515556335449,425.7690954208374,261.8801498413086,440.36258697509766,178,1787748085.7630293
284.57469940185547,537.0894813537598,322.04959869384766,502.98555850982666,330.2318572998047,449.6700668334961,316.57426834106445,409.0363597869873,289.30614471435547,390.7966089248657,324.80735778808594,439.084267616272,337.825927734375,408.06861877441406,333.262939453125,414.33026790618896,322.6228713989258,420.871639251709,297.87109375,436.2830972671509,307.17294692993164,405.10823249816895,304.7706604003906,404.90734577178955,295.6649589538574,407.1622037887573,269.1324996948242,440.2955961227417,278.8821792602539,403.4842300415039,282.5577163696289,404.05208587646484,274.47099685668945,408.722562789917,239.4953155517578,448.6186408996582,254.51457977294922,417.87975311279297,263.6153221130371,429.26480770111084,260.94207763671875,446.35640144348145,179,1787748085.804419
283.4768486022949,534.5006990432739,320.3820037841797,500.21944999694824,329.4566345214844,448.23373317718506,316.87997817993164,408.8646125793457,291.0732078552246,390.60293197631836,323.26061248779297,435.3293037414551,334.4009017944336,404.9776840209961,329.0713119506836,408.79122734069824,318.5169219970703,415.0547218322754,296.447811126709,433.1208372116089,302.3556900024414,401.3786315917969,300.0164604187012,396.82848930358887,291.2093162536621,398.1398105621338,267.6262855529785,438.05768966674805,274.0299606323242,400.65842628479004,278.2855796813965,400.8656644821167,270.9585189819336,408.0112838745117,237.67684936523438,447.49820709228516,250.55587768554688,416.9484043121338,261.25370025634766,426.76365852355957,260.70878982543945,443.9550733566284,180,1787748085.849826
279.061279296875,536.3490629196167,314.38180923461914,499.7239923477173,324.25609588623047,451.5121650695801,316.3690376281738,415.1334285736084,296.3882827758789,395.58621883392334,316.1319160461426,440.49283504486084,324.3949890136719,410.08121967315674,320.39794921875,400.1021146774292,311.9778823852539,397.9775047302246,290.27849197387695,439.31236267089844,296.09851837158203,406.96505069732666,292.6381301879883,392.8952980041504,284.5884895324707,388.26091289520264,263.46288681030273,444.4143533706665,270.6842613220215,407.1040964126587,272.72472381591797,397.3862600326538,267.5643730163574,398.4138250350952,235.5129623413086,453.6327838897705,244.60763931274414,423.6471462249756,252.39030838012695,425.3995084762573,253.05198669433594,436.7073583602905,181,1787748085.9022348
280.0054931640625,534.3744850158691,314.3583297729492,498.20706367492676,325.4644775390625,452.3889684677124,320.85948944091797,417.16650009155273,308.2538032531738,393.35981369018555,315.5007743835449,438.935866355896,321.07513427734375,408.84839057922363,315.0384712219238,394.03727531433105,303.97668838500977,389.2463779449463,290.58610916137695,438.5307455062866,295.80400466918945,406.69004917144775,291.5102005004883,390.74296474456787,281.50596618652344,385.44137477874756,264.13793563842773,443.58291149139404,271.5922737121582,406.85874938964844,273.7519836425781,395.7335901260376,267.4440574645996,397.4694299697876,235.64868927001953,452.4879741668701,243.93707275390625,421.848349571228,252.21662521362305,423.5755205154419,253.37322235107422,436.4470338821411,182,1787748085.9656065
265.94066619873047,538.6476945877075,298.7624168395996,499.8384475708008,307.6725769042969,453.65952014923096,303.2568550109863,421.1998128890991,291.04736328125,400.00096321105957,307.2711753845215,443.68607997894287,310.24192810058594,409.99993801116943,296.1356735229492,391.955623626709,278.3216094970703,385.4587125778198,280.2117347717285,444.60519790649414,285.06521224975586,412.16111183166504,272.7141761779785,393.60803604125977,259.71263885498047,385.8199739456177,254.2146873474121,450.40263175964355,259.2367935180664,416.02190494537354,255.2604103088379,403.06692123413086,250.09334564208984,402.66441822052,228.52092742919922,459.3845558166504,231.23088836669922,431.6596555709839,230.96389770507812,421.4403533935547,230.85845947265625,420.9615468978882,183,1787748086.021704
265.59852600097656,540.6845855712891,297.4974250793457,503.0198049545288,303.4536361694336,459.4026231765747,291.1047554016113,429.50101375579834,272.3587417602539,414.625825881958,305.5694580078125,444.73321437835693,306.6139602661133,410.83781719207764,292.3495101928711,391.5508031845093,274.79360580444336,385.08264541625977,278.9228630065918,444.6695280075073,284.189510345459,411.1808395385742,272.3499870300293,391.7885971069336,258.9029121398926,386.4918565750122,253.7942123413086,449.85541820526123,258.0824279785156,414.7745704650879,254.22563552856445,401.57411098480225,248.8694953918457,404.25940990448,228.5423469543457,458.3428716659546,230.9950065612793,430.151309967041,231.4706802368164,420.1964521408081,232.4704360961914,422.0219421386719,184,1787748086.0705824
242.0272445678711,542.3800849914551,276.7940330505371,509.320764541626,290.2899742126465,457.76917934417725,285.71765899658203,416.31823539733887,268.46643447875977,389.33645725250244,280.80636978149414,439.71877098083496,285.72729110717773,408.22465896606445,274.0374565124512,392.08754539489746,258.19631576538086,382.00321197509766,250.17765045166016,443.366060256958,254.92111206054688,412.6916313171387,243.82600784301758,393.09112071990967,231.50466918945312,382.881817817688,220.8888816833496,453.7230348587036,223.36584091186523,422.83681869506836,220.69189071655273,410.4394769668579,217.48611450195312,407.8489351272583,193.9559555053711,468.1170988082886,197.37266540527344,444.2584419250488,200.56058883666992,435.3016662597656,204.30498123168945,434.86804962158203,185,1787748086.111666
242.58649826049805,536.2348651885986,276.26590728759766,505.15424251556396,288.0518341064453,454.6892309188843,283.17861557006836,413.4057426452637,265.75477600097656,387.4424743652344,278.90830993652344,433.83245944976807,285.30567169189453,401.1223840713501,273.85425567626953,393.45881938934326,259.13259506225586,393.4053039550781,247.73347854614258,437.40074157714844,250.62015533447266,404.8945999145508,241.80009841918945,389.6385383605957,231.44489288330078,385.4944610595703,217.98168182373047,449.34863090515137,215.32541275024414,416.43805503845215,216.77738189697266,414.9456310272217,217.24720001220703,425.17634868621826,191.4536476135254,465.31781673431396,190.60962677001953,439.496169090271,196.6640853881836,438.9177131652832,203.48382949829102,448.191933631897,186,1787748086.1745985
234.87037658691406,539.7891998291016,269.1632270812988,509.1443395614624,282.7007293701172,456.1517858505249,273.84714126586914,412.0610761642456,248.2562255859375,388.5550546646118,272.80433654785156,432.5971841812134,285.41927337646484,400.17794609069824,280.83404541015625,412.3769760131836,270.7681655883789,424.03947830200195,242.28816986083984,435.69953441619873,247.82907485961914,405.3077030181885,246.4263153076172,409.9165964126587,239.48339462280273,414.85379219055176,212.5334930419922,446.93116664886475,217.01627731323242,418.4768772125244,224.97087478637695,431.2147092819214,223.9780044555664,443.53639125823975,184.53569412231445,461.7309093475342,193.52527618408203,436.4748430252075,203.53790283203125,445.541353225708,206.42683029174805,456.81933403015137,187,1787748086.2169526
218.2394790649414,537.8246641159058,256.936092376709,518.9361619949341,277.00927734375,469.06527042388916,259.3643569946289,427.1715259552002,231.3836669921875,407.2850704193115,275.2570915222168,434.77076053619385,284.5231056213379,395.07144927978516,280.58345794677734,426.46217823028564,274.2821502685547,447.0118474960327,242.8890609741211,433.4755754470825,246.50445938110352,393.2166910171509,249.40189361572266,430.538535118103,247.61133193969727,449.943265914917,213.06644439697266,440.6358289718628,213.4870147705078,411.28267765045166,222.09842681884766,446.89069747924805,221.4072036743164,463.1024408340454,183.7494659423828,453.0613660812378,192.47808456420898,433.1308364868164,201.15129470825195,459.59415435791016,200.8031463623047,473.1207275390625,188,1787748086.268137
216.34145736694336,544.1760063171387,254.92033004760742,518.433837890625,274.9836540222168,469.81701850891113,259.74761962890625,428.8623046875,233.30989837646484,406.57816886901855,276.1331367492676,440.9780788421631,282.68333435058594,396.09429359436035,276.0444641113281,425.4713487625122,272.28145599365234,448.3975839614868,243.7546157836914,438.3753490447998,245.60680389404297,395.81504344940186,244.93940353393555,428.5737419128418,244.7401237487793,449.29344177246094,212.6951026916504,444.44825649261475,211.4962387084961,412.92444705963135,217.92428970336914,443.1693363189697,218.96692276000977,461.54431343078613,183.48541259765625,456.00317001342773,188.03667068481445,433.36798667907715,196.31572723388672,455.4615783691406,198.2077980041504,471.20198249816895,189,1787748086.3304787
216.35103225708008,564.1282081604004,257.091121673584,524.5151567459106,284.5077133178711,489.89702224731445,300.11314392089844,473.4718179702759,315.3706359863281,467.60507583618164,244.14670944213867,424.8831510543823,276.7369842529297,445.97458362579346,303.9419937133789,474.5400667190552,323.04813385009766,498.8982152938843,217.06897735595703,439.25249576568604,265.0479507446289,465.86331367492676,300.01373291015625,493.8787078857422,323.88904571533203,518.2482290267944,192.7273178100586,466.93593978881836,233.9866065979004,491.77825927734375,268.4958076477051,519.8102617263794,291.5766906738281,543.7247085571289,173.89537811279297,503.06872844696045,204.9167823791504,518.0184602737427,234.03059005737305,535.8029222488403,256.45519256591797,553.4170961380005,190,1787748086.3965359
222.93930053710938,569.4798803329468,262.52246856689453,548.3063077926636,300.14204025268555,532.0955514907837,326.3813018798828,526.3552808761597,354.0618133544922,528.5350370407104,282.2625732421875,470.2829933166504,316.9626045227051,485.8886432647705,345.9808349609375,517.2229385375977,364.3324661254883,542.0488214492798,250.81459045410156,482.6484489440918,298.4174346923828,504.1640567779541,329.8792266845703,536.4079856872559,347.4071502685547,558.5571098327637,223.2958221435547,504.6638059616089,271.69477462768555,527.4573040008545,301.88159942626953,554.4072389602661,317.9255676269531,572.6464319229126,201.6524314880371,532.2441673278809,239.51759338378906,544.9174976348877,264.1719436645508,560.7530879974365,278.3610725402832,572.7185297012329,191,1787748086.4606817
212.15347290039062,569.2375802993774,255.81724166870117,553.0223178863525,297.23411560058594,540.3964948654175,331.08394622802734,542.9454517364502,360.14556884765625,553.7333393096924,286.71531677246094,478.4597396850586,337.183837890625,508.525972366333,357.9361343383789,536.1928939819336,367.3157501220703,553.3741807937622,264.32788848876953,490.17326831817627,320.46119689941406,524.5291900634766,338.8937759399414,551.0568380355835,345.7198715209961,564.740481376648,243.31405639648438,510.910005569458,296.81379318237305,542.7043962478638,314.55944061279297,565.2706575393677,320.0862503051758,578.0057859420776,226.5097999572754,535.5057334899902,267.3247718811035,555.0611400604248,283.8457489013672,569.1670274734497,291.4650344848633,577.3530864715576,192,1787748086.5209346
235.95867156982422,563.9574909210205,260.30736923217773,532.4401187896729,298.76853942871094,516.8442535400391,329.5948028564453,520.5494356155396,351.0544967651367,530.7905387878418,330.162353515625,496.92535400390625,352.5251007080078,516.491961479187,359.7187042236328,534.2201614379883,361.52549743652344,546.2112236022949,331.4576721191406,509.6750736236572,354.6638488769531,529.7046518325806,356.21875762939453,544.4428110122681,352.28759765625,553.5860538482666,328.78528594970703,526.7142248153687,350.5818176269531,545.4806756973267,353.11206817626953,559.4646835327148,349.9934768676758,568.0668497085571,322.4539566040039,546.6248416900635,343.3076858520508,561.7718553543091,348.6800765991211,573.0674314498901,349.60758209228516,580.9912347793579,193,1787748086.5669966
240.01174926757812,550.4055547714233,271.2403678894043,522.6997518539429,307.31306076049805,514.8961114883423,331.36966705322266,526.403603553772,344.320068359375,543.7094306945801,337.1670150756836,498.9130210876465,352.50614166259766,526.4867305755615,339.81346130371094,536.5912342071533,325.1955032348633,532.6408767700195,344.55623626708984,514.9755477905273,360.8250427246094,541.8535995483398,348.42578887939453,549.9257612228394,332.6089859008789,546.0926914215088,345.7782745361328,534.8837184906006,363.0607223510742,560.6187629699707,348.7104797363281,568.4280681610107,332.7082824707031,564.3384075164795,340.8894348144531,557.4382209777832,357.39601135253906,580.6502723693848,342.5408172607422,586.7765665054321,326.63089752197266,584.2915534973145,194,1787748086.624455
