P0_x,P0_y,P1_x,P1_y,P2_x,P2_y,P3_x,P3_y,P4_x,P4_y,P5_x,P5_y,P6_x,P6_y,P7_x,P7_y,P8_x,P8_y,P9_x,P9_y,P10_x,P10_y,P11_x,P11_y,P12_x,P12_y,P13_x,P13_y,P14_x,P14_y,P15_x,P15_y,P16_x,P16_y,P17_x,P17_y,P18_x,P18_y,P19_x,P19_y,P20_x,P20_y,frame_number,timestamp
779.7478485107422,513.3438205718994,743.1105804443359,490.1764440536499,712.4578857421875,461.17090702056885,699.9476623535156,438.6258029937744,709.9913787841797,425.32586574554443,745.5336761474609,406.1210775375366,712.4562072753906,399.26663875579834,691.4202880859375,406.09344005584717,678.5660552978516,410.64770221710205,766.8364715576172,407.52724170684814,730.7453918457031,406.9498586654663,726.0540771484375,432.0722007751465,735.518798828125,442.57216930389404,786.5078735351562,417.4600839614868,751.2953948974609,415.0572109222412,745.0914764404297,439.9872064590454,754.0976715087891,450.3582572937012,804.2124938964844,434.4548177719116,774.2971801757812,428.5469627380371,764.7846984863281,446.7237138748169,769.4353485107422,457.11266040802,1,1787748941.8517983
791.1038970947266,488.6367702484131,750.657958984375,461.49277210235596,722.1295166015625,432.44749546051025,709.8207092285156,408.4213399887085,711.1505126953125,387.97170639038086,740.0635528564453,390.8290100097656,719.0188598632812,377.5270128250122,711.9640350341797,396.9919538497925,714.9458312988281,414.68886852264404,757.3875427246094,389.0004301071167,731.3246154785156,377.97324657440186,724.7077178955078,401.5013265609741,730.8913421630859,418.94439697265625,776.0077667236328,391.5694284439087,748.77197265625,385.29576301574707,744.6607208251953,409.0132713317871,752.4169158935547,425.5573081970215,794.8529052734375,398.5221862792969,769.3115997314453,391.8778610229492,762.6576232910156,411.1738443374634,767.6721954345703,426.2529230117798,2,1787748941.9166756
787.4278259277344,467.9455232620239,753.2923126220703,449.66877937316895,724.9325561523438,423.06796073913574,708.94775390625,403.653359413147,710.8485412597656,384.5396375656128,739.9071502685547,373.98855686187744,722.29248046875,357.77859449386597,715.4633331298828,375.3045129776001,716.3185882568359,388.76885890960693,757.4361419677734,370.77415466308594,733.8938140869141,359.2203140258789,728.7054443359375,386.5547275543213,736.4705657958984,399.6905994415283,776.9285583496094,373.35336685180664,752.5973510742188,366.3425874710083,749.32373046875,393.19493293762207,758.0556488037109,403.4658622741699,797.1024322509766,381.7007875442505,774.4971466064453,374.0276098251343,768.7178802490234,395.4618501663208,775.5657196044922,405.69097995758057,3,1787748941.9985774
784.8040008544922,461.0023355484009,752.1762084960938,444.4854211807251,724.1339874267578,419.15695667266846,710.4138946533203,399.36002254486084,712.6068115234375,380.74540615081787,734.8747253417969,376.28684520721436,717.5197601318359,355.64149618148804,699.5957183837891,347.97954082489014,687.2719573974609,343.5346269607544,753.8394927978516,371.6281270980835,732.1742248535156,358.8443326950073,726.7369842529297,383.33770751953125,732.8742218017578,396.8257427215576,774.3055725097656,373.68802070617676,752.0497894287109,363.8433265686035,748.4743499755859,389.30924892425537,756.4418029785156,400.58714389801025,796.2798309326172,381.4899015426636,775.2659606933594,372.9990577697754,768.6748504638672,393.61618995666504,774.7872924804688,405.06218433380127,4,1787748942.059614
794.5450592041016,436.3688850402832,762.8074645996094,421.31006240844727,735.6324005126953,399.5215129852295,718.7516021728516,379.95537757873535,725.0892639160156,364.2917060852051,741.6886901855469,354.974205493927,710.5744171142578,332.715368270874,686.6630554199219,318.19843769073486,667.4771881103516,303.8629746437073,761.2815093994141,350.5778503417969,735.4118347167969,349.12862062454224,742.5802612304688,376.3517761230469,755.8197021484375,384.9418830871582,781.0324859619141,352.99089431762695,755.7112121582031,353.09223890304565,757.1263122558594,378.90549659729004,768.0576324462891,385.8648633956909,800.7625579833984,361.6966152191162,777.7973175048828,357.8094291687012,772.9873657226562,379.38207149505615,779.9198150634766,389.0746307373047,5,1787748942.1151764
808.3251953125,432.8287982940674,770.8518981933594,413.6878252029419,741.7356109619141,391.25288486480713,726.4340972900391,371.476035118103,733.7667083740234,358.2974624633789,758.1223297119141,344.4896864891052,720.9954071044922,332.31383085250854,695.4126739501953,325.4133439064026,675.6819915771484,317.0138883590698,776.7890167236328,340.9801769256592,744.6895599365234,345.8788776397705,749.7637176513672,370.27565002441406,763.5070037841797,378.26189517974854,794.6031188964844,345.06157636642456,763.2228851318359,350.9907388687134,765.2708435058594,373.84732246398926,777.2987365722656,380.18016815185547,810.8134460449219,355.64520835876465,784.5653533935547,356.08970403671265,781.7322540283203,375.21464824676514,789.9904632568359,383.11506271362305,6,1787748942.1780126
807.0693206787109,431.60656929016113,771.3690185546875,413.72486114501953,742.9365539550781,391.8842554092407,727.7738189697266,372.9715919494629,732.9721069335938,361.41101360321045,759.9555969238281,344.2150068283081,722.2122955322266,332.64533042907715,696.7689514160156,326.0467529296875,678.1177520751953,317.199969291687,778.6924743652344,340.789053440094,745.8529663085938,345.68305492401123,750.7608032226562,371.1431837081909,764.9223327636719,378.3842897415161,796.3603210449219,345.22701501846313,764.0894317626953,350.58566093444824,765.5330657958984,374.5757246017456,777.8336334228516,380.3188705444336,812.1549224853516,356.18173599243164,785.5723571777344,357.26019859313965,781.6812133789062,376.22976779937744,789.96337890625,383.35955142974854,7,1787748942.244351
824.6614074707031,429.71323013305664,791.1663055419922,405.27234077453613,766.6972351074219,380.8287477493286,753.4391021728516,357.5302004814148,761.9393920898438,340.0793409347534,785.9130096435547,347.17286109924316,772.6718139648438,328.42533588409424,768.2797241210938,347.7602005004883,772.7613830566406,362.9475975036621,802.0706939697266,346.35796308517456,786.3774871826172,327.3468089103699,780.9568023681641,349.59824323654175,786.7877960205078,364.3400716781616,819.8286437988281,349.1521167755127,803.3196258544922,332.17021465301514,796.4267730712891,353.9980745315552,801.1631011962891,369.54360008239746,837.7352905273438,356.53377056121826,820.9005737304688,339.99507665634155,812.0056915283203,357.2088074684143,813.7503814697266,372.1841812133789,8,1787748942.2950377
823.1859588623047,416.05224609375,795.6130981445312,399.3532419204712,773.0857086181641,374.5329809188843,760.8119964599609,351.3249635696411,768.4377288818359,332.8348660469055,786.9052124023438,339.95705366134644,770.6324768066406,311.4638614654541,758.9859008789062,297.21465826034546,753.8276672363281,286.00669384002686,804.6421051025391,339.3289875984192,790.7195281982422,318.6448860168457,788.2161712646484,342.97370195388794,793.9582824707031,359.02092933654785,823.8767242431641,342.99702644348145,809.4878387451172,327.89719820022583,805.1596832275391,351.9541668891907,810.4133605957031,366.14165782928467,843.8933563232422,350.608491897583,829.3077850341797,334.9825644493103,822.5848388671875,353.33548307418823,825.6727600097656,366.68354988098145,9,1787748942.3287199
822.7187347412109,413.98059368133545,797.6676177978516,401.69684886932373,775.0042724609375,375.55277824401855,763.9836120605469,352.0203638076782,770.6675720214844,335.1607275009155,781.8185424804688,336.4485740661621,760.2073669433594,303.8543915748596,744.4820404052734,281.8105173110962,734.8673248291016,263.53827953338623,801.0545349121094,334.7125196456909,785.1177978515625,316.979341506958,784.0737915039062,345.1208424568176,791.1258697509766,362.0273208618164,821.9609832763672,339.1178870201111,805.5988311767578,326.9502925872803,802.6256561279297,353.1895709037781,808.9427185058594,366.3172245025635,843.3052062988281,348.6083793640137,827.6387023925781,334.4815921783447,820.4238891601562,354.8450517654419,823.4021759033203,367.8318786621094,10,1787748942.3762496
829.0271759033203,422.3101615905762,800.7681274414062,407.7883815765381,776.9786834716797,380.504994392395,767.1825408935547,357.7679944038391,770.7004547119141,340.924129486084,784.7616577148438,339.58004236221313,763.5310363769531,311.1307954788208,744.6636962890625,294.2944622039795,730.4396820068359,280.0675320625305,804.7673034667969,338.0562686920166,787.2081756591797,322.43184328079224,787.1767425537109,351.4880418777466,794.8638916015625,366.08445167541504,825.5074310302734,342.32080936431885,807.1401214599609,331.00364685058594,805.8143615722656,358.0993437767029,813.2095336914062,368.5819101333618,847.1047973632812,351.6388463973999,830.70556640625,337.6343035697937,824.8952484130859,358.1185269355774,829.3986511230469,368.5743999481201,11,1787748942.428334
830.3202056884766,423.2756280899048,801.7210388183594,408.25860500335693,776.4242553710938,380.6237840652466,764.376220703125,356.84718132019043,770.9479522705078,341.5568518638611,785.6641387939453,340.67758083343506,764.1878509521484,312.25603580474854,744.8540496826172,295.57509899139404,730.1529693603516,281.3487696647644,805.3253936767578,339.03602600097656,787.6835632324219,322.46963024139404,787.2523498535156,351.14519119262695,795.2348327636719,366.3620710372925,825.9790802001953,343.39197635650635,808.2114410400391,330.37933588027954,806.5653991699219,356.9536757469177,814.0949249267578,368.5463333129883,847.1031951904297,353.0127811431885,831.3358306884766,337.94074058532715,825.0779724121094,357.74806022644043,829.5817565917969,368.6299753189087,12,1787748942.4788103
844.1331481933594,437.02754974365234,812.4732971191406,413.9330863952637,791.3917541503906,385.1187801361084,785.3349304199219,363.8052177429199,793.0583953857422,352.72417545318604,807.4089050292969,349.35238122940063,792.8745269775391,326.8411588668823,779.1215515136719,326.51339292526245,769.8674774169922,329.25012588500977,827.5962066650391,349.83144521713257,814.5262145996094,333.44574451446533,811.7144775390625,357.5121760368347,816.7153167724609,371.94836139678955,848.4385681152344,355.7561445236206,834.7908020019531,342.0364308357239,830.9180450439453,365.32665252685547,835.3021240234375,376.59849643707275,869.2523193359375,366.75260066986084,855.7785797119141,352.67284870147705,849.3590545654297,370.4831886291504,851.9699859619141,379.58261489868164,13,1787748942.532635
846.1434173583984,433.0256938934326,820.9915161132812,413.4551811218262,800.7759094238281,384.68284606933594,793.4471130371094,358.2053875923157,806.3360595703125,341.9056034088135,809.1993713378906,351.20469331741333,793.6809539794922,321.624391078949,782.2888946533203,301.96455001831055,775.1455688476562,285.3474283218384,830.7266235351562,349.89957332611084,822.0162963867188,328.3139705657959,818.8381958007812,355.8736038208008,821.7472076416016,375.90498447418213,852.7658843994141,355.9133005142212,844.5598602294922,338.8978171348572,839.0957641601562,363.59763622283936,841.1726379394531,378.9044237136841,874.4196319580078,367.11514949798584,866.883544921875,351.80413484573364,858.9994812011719,368.4700298309326,859.0029907226562,379.9946451187134,14,1787748942.5896156
846.6768646240234,435.5627202987671,821.6669464111328,415.33212661743164,801.6011047363281,385.2268409729004,794.2295074462891,357.4672222137451,806.8315887451172,339.0038824081421,810.3470611572266,352.3342251777649,794.7113037109375,324.03520345687866,782.2707366943359,304.20621156692505,774.7032928466797,287.23053216934204,831.3771057128906,350.9360861778259,822.38037109375,328.97490978240967,819.9486541748047,356.8545627593994,823.8495635986328,373.31538677215576,853.1916046142578,356.0714864730835,843.236083984375,339.9563670158386,839.0379333496094,365.44200897216797,842.7262878417969,377.47323989868164,874.7038269042969,366.5767765045166,865.2643585205078,351.31638050079346,858.4120178222656,369.3154191970825,859.8892974853516,379.594202041626,15,1787748942.6453156
844.0187835693359,433.4954881668091,818.961181640625,413.3254909515381,799.9687957763672,383.19934844970703,793.5746765136719,356.88037633895874,806.2313842773438,339.31976079940796,814.1889953613281,347.51837253570557,798.2855224609375,317.69134998321533,784.0541076660156,297.6758050918579,773.6385345458984,281.373553276062,834.3820190429688,347.5665879249573,822.4209594726562,326.88503980636597,817.6521301269531,353.32359552383423,820.8174896240234,371.7263174057007,854.9646759033203,354.6341013908386,841.5663146972656,338.0018091201782,834.9756622314453,362.5308895111084,838.2965087890625,377.40676403045654,875.1039886474609,367.12120056152344,861.5679168701172,350.9513854980469,851.7534637451172,368.14494609832764,852.5002288818359,381.13473415374756,16,1787748942.7130342
844.8793029785156,435.27175426483154,818.7835693359375,413.1730556488037,798.9250183105469,383.04219245910645,792.8938293457031,355.69340229034424,806.7266845703125,338.87243270874023,813.4295654296875,348.1463098526001,798.5868835449219,318.2194662094116,784.7883605957031,298.497633934021,774.9756622314453,282.06026315689087,833.6270904541016,348.3843398094177,821.1990356445312,327.00576066970825,815.8782958984375,352.9907441139221,819.5452880859375,370.714373588562,854.4132232666016,355.12303590774536,841.0060119628906,338.24543952941895,833.8121795654297,361.9714021682739,837.4568939208984,376.26903533935547,874.8281097412109,367.36457347869873,861.6233062744141,350.5386471748352,851.0966491699219,367.04631328582764,851.6310119628906,379.8720359802246,17,1787748942.755754
846.2225341796875,450.22547721862793,818.2450866699219,425.07790088653564,798.8172149658203,393.6003112792969,797.2376251220703,369.9537420272827,807.3880004882812,356.10809326171875,816.7623901367188,358.9081907272339,802.3466491699219,338.3195757865906,783.3918762207031,331.75758361816406,767.391357421875,327.9689311981201,836.4997863769531,358.3190703392029,823.778076171875,340.75976371765137,821.1412048339844,364.9521732330322,828.1594848632812,375.1329803466797,856.8555450439453,364.6132278442383,843.9520263671875,352.61879682540894,838.9545440673828,376.3503170013428,845.2834320068359,383.25286388397217,877.1636962890625,376.83727741241455,865.2948760986328,365.5657768249512,857.3973083496094,383.2753086090088,860.9607696533203,389.9748229980469,18,1787748942.80719
850.0115203857422,447.8473663330078,825.1752471923828,425.20784854888916,807.7674102783203,394.9499988555908,804.6305084228516,368.67477893829346,817.9261016845703,352.37621784210205,820.2243804931641,363.2216548919678,808.1266784667969,334.4020485877991,798.4484100341797,316.45543098449707,792.5116729736328,301.2853932380676,840.7601165771484,363.738055229187,835.294189453125,341.62510871887207,830.2702331542969,363.89641284942627,831.4300537109375,376.72179222106934,861.0469818115234,371.0349941253662,856.9367218017578,353.58731031417847,850.0235748291016,375.23619174957275,850.9088897705078,385.57329654693604,880.5509948730469,383.8162136077881,876.6431427001953,367.4719476699829,867.662353515625,382.8391170501709,866.4581298828125,392.3772668838501,19,1787748942.8621233
848.8534545898438,450.24478912353516,823.2940673828125,423.9368677139282,807.1760559082031,393.07056427001953,804.0938568115234,366.6832494735718,817.6222991943359,350.7915687561035,821.8184661865234,363.6658716201782,811.0117340087891,337.288556098938,801.4186096191406,328.39272022247314,796.5663909912109,322.31356859207153,842.0703887939453,364.69995975494385,837.0610046386719,343.3510136604309,830.6446838378906,364.1417169570923,831.1982727050781,377.35642433166504,862.5566101074219,371.6367530822754,858.1938934326172,354.4739842414856,850.5391693115234,374.2398262023926,851.2514495849609,385.96163749694824,881.9467163085938,383.77299785614014,877.2430419921875,366.6893434524536,867.9905700683594,380.74334621429443,866.8318939208984,391.22254371643066,20,1787748942.9074526
847.4686431884766,440.31177520751953,823.3393096923828,422.0017719268799,807.3812103271484,390.2899932861328,807.8630065917969,364.1096591949463,820.6932830810547,349.18211460113525,821.3438415527344,355.6213903427124,806.4777374267578,321.53154373168945,795.5033111572266,297.85074949264526,787.8339385986328,278.8235664367676,842.8353881835938,357.04909801483154,834.99267578125,334.9013900756836,829.1944122314453,361.4189100265503,830.4801177978516,380.3994655609131,863.4558868408203,365.9860038757324,855.7850646972656,349.30978775024414,847.8463745117188,373.8338899612427,849.0465545654297,387.3100805282593,883.1658935546875,380.8744955062866,876.2432098388672,363.9228916168213,865.8766174316406,381.31532192230225,864.6822357177734,392.90958881378174,21,1787748942.973454
847.7240753173828,444.6530055999756,822.667236328125,423.1396722793579,807.4789428710938,389.86762046813965,807.4270629882812,363.91430854797363,819.2652130126953,348.7556219100952,821.9374847412109,356.1525535583496,807.3427581787109,322.0758605003357,795.7756042480469,299.3292474746704,788.3204650878906,280.55756092071533,843.2656860351562,357.88116216659546,835.0380706787109,335.2451419830322,828.2418823242188,361.19072914123535,829.5979309082031,378.27446937561035,864.0959167480469,366.6121816635132,854.5749664306641,349.9842667579651,846.2069702148438,374.19055938720703,847.8121948242188,386.75411224365234,883.876953125,381.134090423584,875.2293395996094,364.2110252380371,864.4239807128906,381.98402881622314,863.9564514160156,393.3028221130371,22,1787748943.0075526
844.6247863769531,449.0462064743042,818.7619781494141,426.1714267730713,800.5862426757812,395.37537574768066,796.9643402099609,370.43726921081543,805.3247833251953,352.446448802948,815.6212615966797,359.2808246612549,798.7834930419922,328.40473651885986,784.6482086181641,308.05535316467285,775.7164001464844,291.02139472961426,836.4456176757812,359.5809316635132,824.0365600585938,338.7072515487671,817.8160095214844,362.5934171676636,821.1136627197266,378.6207103729248,856.9650268554688,366.53828144073486,843.9647674560547,351.45076990127563,837.0127868652344,373.55618476867676,840.9986114501953,385.26018619537354,876.9966125488281,379.2979574203491,864.5110321044922,363.8877868652344,855.0688171386719,380.23866176605225,857.0353698730469,391.25412940979004,23,1787748943.054349
843.9665985107422,448.7124967575073,818.2711029052734,426.3665199279785,800.3691101074219,395.3918981552124,796.3817596435547,369.7978734970093,806.6871643066406,353.3343029022217,815.6206512451172,358.0134701728821,799.9201965332031,327.7316951751709,785.6981658935547,306.77265644073486,775.8201599121094,289.82388496398926,836.1553955078125,358.5889434814453,822.7825164794922,338.58914852142334,816.4804077148438,362.6342296600342,820.025634765625,378.50818634033203,856.8009185791016,365.8040428161621,842.5859832763672,351.2166452407837,836.19384765625,373.9750385284424,840.7850646972656,385.9600067138672,877.1315765380859,378.56401920318604,862.7356719970703,363.2059049606323,853.8132476806641,379.9165391921997,856.3407897949219,390.77858448028564,24,1787748943.1076603
845.9131622314453,458.6189031600952,818.7730407714844,433.00239086151123,802.5281524658203,400.77313899993896,803.6354064941406,375.30670166015625,814.7225189208984,361.1463975906372,816.2992858886719,368.1623697280884,803.0967712402344,341.02150440216064,789.7488403320312,325.93212604522705,779.3315124511719,314.4666910171509,837.2216796875,369.87555027008057,831.1581420898438,347.5295948982239,826.0251617431641,368.8529634475708,826.9699859619141,382.62325286865234,858.1433868408203,377.0405673980713,853.0262756347656,361.33938789367676,845.4459381103516,383.1026601791382,845.3673553466797,394.4795608520508,878.1670379638672,389.5411205291748,875.5610656738281,372.9804754257202,865.3812408447266,388.37403774261475,862.850341796875,398.5366487503052,25,1787748943.163243
844.090576171875,450.85946559906006,819.9343872070312,428.1374216079712,804.5054626464844,396.1708974838257,805.9536743164062,370.11600494384766,818.7064361572266,354.70577001571655,819.0251159667969,361.925311088562,805.2702331542969,329.0414071083069,795.0871276855469,306.57073974609375,787.8896331787109,287.8637909889221,840.6355285644531,363.03407192230225,832.1403503417969,340.0006341934204,825.7975006103516,364.2093086242676,826.5516662597656,382.3279094696045,861.8136596679688,371.9906759262085,853.2183074951172,354.9427270889282,844.0320587158203,377.8130865097046,844.3505859375,391.68126583099365,882.59033203125,386.4558506011963,873.8669586181641,371.0543489456177,862.4822998046875,386.7859983444214,860.4831695556641,397.7858018875122,26,1787748943.2255936
843.2994079589844,453.2680892944336,818.8755035400391,428.67703914642334,803.3711242675781,396.24046325683594,803.5687255859375,369.5899486541748,816.9316864013672,354.07508611679077,820.6966400146484,362.9394006729126,807.5334167480469,330.3545093536377,796.551513671875,308.0682706832886,788.9854431152344,289.48429584503174,841.5784454345703,364.969425201416,833.9657592773438,342.0731019973755,825.1801300048828,363.92778396606445,824.2749786376953,380.7009029388428,861.93115234375,373.7308073043823,852.8192901611328,356.15796089172363,842.3893737792969,376.5859651565552,841.9630432128906,389.87929344177246,881.6915893554688,387.72571563720703,872.4520111083984,369.94558811187744,861.1112976074219,383.51361751556396,859.5218658447266,394.4572877883911,27,1787748943.2723112
836.22314453125,455.385103225708,809.527587890625,427.1473217010498,795.6056976318359,394.433856010437,794.6638488769531,372.4086284637451,798.7855529785156,359.6216583251953,814.0916442871094,362.46209621429443,798.7036895751953,331.1042618751526,780.5942535400391,309.8099899291992,767.1791076660156,292.8494381904602,834.9730682373047,364.8575448989868,825.1161956787109,345.39071559906006,815.9571075439453,364.4653844833374,817.3632049560547,377.4889039993286,855.2367401123047,372.82108783721924,845.5698394775391,354.3754720687866,834.6889495849609,371.72691822052,836.4534759521484,382.1022605895996,874.8918914794922,386.0257959365845,866.7913055419922,369.5045042037964,853.6495971679688,381.176061630249,852.5896453857422,390.50392627716064,28,1787748943.3356724
837.6203155517578,455.55328845977783,811.6147613525391,428.6970806121826,796.9060516357422,394.63547229766846,795.5968475341797,372.8861474990845,802.5104522705078,361.17188930511475,815.2759552001953,360.41160106658936,797.4942016601562,329.42455530166626,778.2891082763672,308.94232749938965,764.3125152587891,291.6107511520386,836.3362121582031,362.3502588272095,822.0937347412109,344.2111015319824,815.0959777832031,367.3349618911743,821.8119049072266,379.25482749938965,856.5753173828125,370.8485269546509,842.6409912109375,354.02607679367065,832.8793334960938,375.14761447906494,838.9768218994141,384.109411239624,876.3552093505859,384.9164342880249,864.4007873535156,370.1487922668457,851.7546844482422,384.775071144104,853.7528991699219,393.36925506591797,29,1787748943.4080274
824.0135955810547,457.60485649108887,794.2941284179688,434.8960304260254,770.4759216308594,406.3295602798462,759.3484497070312,382.5729990005493,767.6865386962891,366.31417751312256,791.1354064941406,355.6475901603699,761.0319519042969,329.87016677856445,736.8683624267578,312.4602270126343,720.0522613525391,297.91510105133057,813.3176422119141,356.2386631965637,786.1966705322266,349.92628812789917,783.9517974853516,380.15223026275635,794.2501068115234,393.23046684265137,834.1054534912109,365.1623296737671,807.1488952636719,362.93442249298096,800.7039642333984,389.25599098205566,809.3368530273438,398.80980491638184,852.9828643798828,380.4136276245117,829.3838500976562,372.73165225982666,818.9296722412109,392.63866424560547,823.2224273681641,403.3266878128052,30,1787748943.4731722
826.7668151855469,456.51652336120605,797.3237609863281,429.1495370864868,776.9564056396484,398.7049627304077,766.3278961181641,376.97391986846924,769.1757202148438,360.363450050354,802.5434875488281,353.753821849823,780.78125,327.7565002441406,765.1789855957031,309.1438579559326,756.2344360351562,291.4501619338989,821.9167327880859,354.6049404144287,794.4418334960938,342.5901460647583,787.3319244384766,368.5429859161377,797.0494842529297,379.56021308898926,839.7200012207031,363.34911346435547,812.4241638183594,354.6272349357605,804.5375823974609,377.8607225418091,814.124755859375,385.5196952819824,855.8766937255859,378.17915439605713,832.1992492675781,367.65751361846924,821.5130615234375,384.84004497528076,827.3108673095703,393.76094341278076,31,1787748943.5411174
826.2586212158203,457.21020698547363,798.5219573974609,430.3364038467407,778.5929870605469,400.36492824554443,767.7336120605469,378.36862564086914,769.7123718261719,361.83793544769287,803.0647277832031,357.34875440597534,784.9618530273438,334.6813631057739,771.5712738037109,323.8563323020935,765.9785461425781,312.6716709136963,821.1054992675781,357.9355573654175,795.7704162597656,342.3907399177551,786.1316680908203,365.7736587524414,793.5678863525391,377.764892578125,838.7615966796875,365.8805179595947,813.3335876464844,354.0597438812256,804.6352386474609,376.67595863342285,813.2341766357422,385.9813356399536,855.8240509033203,379.6514940261841,833.0084991455078,368.1626272201538,822.3757171630859,384.43063259124756,827.802734375,393.929386138916,32,1787748943.5833397
829.4637298583984,440.6857395172119,801.6529083251953,421.40477657318115,781.5275573730469,390.2796936035156,774.3331909179688,363.1728172302246,785.0197601318359,346.3054347038269,794.7093963623047,349.0622091293335,775.1724243164062,312.21882820129395,758.8450622558594,286.89255237579346,746.3267517089844,265.6758713722229,815.5400848388672,350.12751817703247,800.5410766601562,330.9970164299011,797.9824066162109,359.769651889801,803.5050201416016,378.93184661865234,836.1621856689453,357.44754552841187,820.1511383056641,342.7876853942871,815.2877807617188,369.50085639953613,820.7136535644531,384.6622037887573,857.0379638671875,370.2093458175659,840.7898712158203,353.92977476119995,832.2598266601562,374.93900299072266,835.0956726074219,389.31100845336914,33,1787748943.6243305
829.4821166992188,441.96298599243164,802.7411651611328,419.9008512496948,780.9941101074219,389.9700164794922,773.3651733398438,363.0575466156006,783.7171173095703,344.4344115257263,789.9321746826172,349.34195280075073,767.5173950195312,313.7119174003601,749.415283203125,291.90916299819946,737.1621704101562,272.6160764694214,811.9667053222656,349.8044514656067,799.6131134033203,328.3891797065735,794.4919586181641,357.3124694824219,798.8123321533203,374.82519149780273,834.1258239746094,356.20965242385864,820.2271270751953,338.1587290763855,812.4983978271484,365.84893226623535,816.5512847900391,381.0868835449219,856.1885070800781,368.165545463562,842.1585083007812,349.06744480133057,831.9101715087891,369.98425483703613,833.6516571044922,384.8135232925415,34,1787748943.6749196
829.5285797119141,442.73653507232666,802.3957824707031,420.0225591659546,781.1188507080078,389.8515272140503,773.2404327392578,363.18273067474365,782.8658294677734,344.6144413948059,789.6907806396484,349.64959144592285,767.1627807617188,313.8233256340027,749.2784118652344,292.129168510437,736.961669921875,272.95570850372314,811.5745544433594,350.1801109313965,799.0036010742188,328.33478450775146,794.3508148193359,357.14091539382935,798.5707855224609,375.60221672058105,833.8622283935547,356.6555428504944,819.5458984375,338.5310626029968,812.5297546386719,365.9296131134033,816.6526794433594,381.8436527252197,856.2657165527344,368.5721683502197,842.0213317871094,349.4984436035156,831.9467926025391,370.25702476501465,833.5975646972656,385.37378311157227,35,1787748943.7087743
828.2443237304688,438.0080795288086,802.2617340087891,414.26992893218994,782.6678466796875,382.5651454925537,775.8671569824219,354.4640278816223,790.6168365478516,335.63371896743774,795.0791931152344,340.47330379486084,774.9087524414062,302.3245668411255,759.1316986083984,277.29618787765503,747.734375,255.73039054870605,817.4150085449219,341.5739321708679,804.1667938232422,320.0143575668335,798.8657379150391,350.3249502182007,801.6524505615234,370.3149604797363,839.6957397460938,350.0906538963318,824.7827911376953,333.4178924560547,816.954345703125,362.1723747253418,819.7901153564453,379.6963834762573,861.1749267578125,364.21501636505127,846.4048004150391,346.05360746383667,835.0526428222656,367.235312461853,834.8026275634766,383.4476137161255,36,1787748943.7368138
829.9949645996094,440.35181522369385,802.6311492919922,414.63282108306885,783.1203460693359,382.82898902893066,777.5304412841797,355.27257442474365,789.9480438232422,335.8062171936035,794.3680572509766,341.93515062332153,773.7712860107422,302.5239944458008,758.0861663818359,277.95931577682495,746.8340301513672,256.3004779815674,816.7478179931641,343.2127618789673,804.102783203125,320.24635791778564,797.7423095703125,350.22257566452026,799.1561889648438,370.0136947631836,839.2482757568359,350.7974696159363,824.4921112060547,332.8320336341858,815.5588531494141,362.07444190979004,817.2059631347656,380.2097797393799,860.9745788574219,364.30973052978516,846.3651275634766,344.75520372390747,834.4873809814453,366.0960817337036,833.8486480712891,382.6599884033203,37,1787748943.786773
829.9176025390625,442.5879192352295,803.0059051513672,418.85483264923096,782.9251098632812,386.07351779937744,777.3912048339844,358.313684463501,788.5901641845703,338.2497525215149,793.4008026123047,341.33180379867554,772.3340606689453,303.22810649871826,756.4251708984375,279.09425497055054,745.9068298339844,257.96823263168335,816.8160247802734,341.48608446121216,802.4773406982422,321.8868613243103,797.2772979736328,353.0105710029602,801.0543060302734,371.7603063583374,839.588623046875,348.83917808532715,823.2176971435547,335.50020933151245,816.2082672119141,364.27295207977295,820.3028869628906,378.8544702529907,861.2477874755859,362.5630760192871,844.8465728759766,348.1088876724243,834.4007110595703,369.8380422592163,836.0548400878906,382.9920244216919,38,1787748943.8278728
830.3471374511719,443.52295875549316,803.1048583984375,418.705530166626,782.6677703857422,385.7967138290405,776.7280578613281,357.7495837211609,788.8858032226562,337.6061940193176,793.4091949462891,341.49662017822266,772.7413940429688,303.23390007019043,756.845703125,279.3049478530884,746.2014007568359,258.0768299102783,816.6683959960938,341.46490573883057,802.0802307128906,321.92793130874634,796.7998504638672,353.11500549316406,800.8293151855469,371.5071487426758,839.3219757080078,348.5295867919922,822.8794860839844,335.589280128479,816.0107421875,364.45637226104736,820.5973052978516,378.71761322021484,860.9095764160156,361.99620723724365,844.490966796875,347.7869153022766,834.2079162597656,369.4916296005249,836.3625335693359,382.47326374053955,39,1787748943.8866363
829.3003082275391,450.1947069168091,799.4162750244141,425.8850955963135,776.7710113525391,394.32772636413574,769.9368286132812,366.5971612930298,782.7954864501953,350.83519220352173,789.6455383300781,348.9318108558655,767.0278930664062,311.28679275512695,749.4240570068359,287.61494636535645,737.2278594970703,267.36175775527954,812.3030090332031,350.6136631965637,799.385986328125,332.0027804374695,795.6425476074219,360.81238746643066,798.5238647460938,380.1285409927368,834.4281005859375,358.8497829437256,820.0332641601562,346.7722249031067,814.6382141113281,373.6570358276367,817.3876953125,389.35787200927734,855.6015014648438,373.1305932998657,841.8219757080078,359.2164731025696,832.884521484375,379.727840423584,833.5630035400391,393.6085081100464,40,1787748943.9320915
828.1303405761719,449.86292839050293,799.1786193847656,426.64907455444336,776.1927032470703,394.6767568588257,770.1322174072266,367.2111940383911,783.9836883544922,350.04106521606445,788.6001586914062,349.03613805770874,765.6391143798828,311.5378475189209,748.1536102294922,288.9938807487488,735.7928466796875,269.06601190567017,812.5961303710938,350.0593686103821,798.5115051269531,333.4434914588928,794.2752838134766,364.31766986846924,798.2394409179688,382.76620388031006,835.6400299072266,357.8645324707031,819.8392486572266,347.2067642211914,813.4748840332031,376.1071586608887,817.2541809082031,391.08869075775146,857.5643920898438,371.5770149230957,843.0281829833984,357.8127121925354,832.8404235839844,380.3314447402954,834.0945434570312,394.17327404022217,41,1787748943.9801514
830.762939453125,451.26570224761963,802.6546478271484,425.77476024627686,781.600341796875,393.53907108306885,775.5796051025391,366.2042284011841,788.6124420166016,346.5380573272705,794.6833038330078,352.14404582977295,773.0096435546875,315.5024313926697,755.2417755126953,293.37491512298584,742.0718383789062,273.6730170249939,817.7863311767578,353.74412298202515,804.6683502197266,333.86985540390015,800.7075500488281,363.0679750442505,804.7850036621094,380.6109094619751,840.4831695556641,361.94586753845215,826.0328674316406,348.9912271499634,819.3691253662109,376.9114351272583,823.1374359130859,390.4993772506714,862.5658416748047,375.71160793304443,848.5079193115234,360.64038276672363,837.5527954101562,382.2835350036621,838.1348419189453,395.25280952453613,42,1787748944.025168
831.3589477539062,441.60481452941895,803.4837341308594,418.8463354110718,782.8694152832031,386.24638080596924,778.6269378662109,357.751407623291,786.6302490234375,340.13071060180664,794.5719146728516,342.30443716049194,775.3419494628906,305.14798879623413,760.1461029052734,281.1281418800354,747.2065734863281,260.5406856536865,817.0838928222656,344.19588804244995,803.9266967773438,322.65000343322754,801.2663269042969,351.2040710449219,804.2499542236328,369.8985958099365,839.0149688720703,351.39684677124023,825.2999877929688,334.26695108413696,820.5990600585938,362.4319267272949,823.7157440185547,378.612642288208,860.9619903564453,363.53249073028564,846.0115814208984,345.8530640602112,837.5157165527344,367.00352668762207,839.2256927490234,380.62970638275146,43,1787748944.077468
831.0968017578125,442.42565631866455,802.8964233398438,419.8848009109497,783.1345367431641,386.2691259384155,779.9817657470703,358.61859798431396,789.4828033447266,342.1901535987854,794.8667907714844,343.0550694465637,775.3057098388672,305.21234035491943,759.7058868408203,281.60563945770264,747.1826171875,261.1535382270813,817.5372314453125,344.75621223449707,806.1055755615234,323.887939453125,802.2512054443359,351.6457986831665,803.8601684570312,370.06725311279297,839.4903564453125,351.56614780426025,826.3850402832031,336.0393762588501,821.4598083496094,363.0409812927246,823.6796569824219,378.8511657714844,861.0250854492188,363.75904083251953,847.4501037597656,346.5836763381958,839.0206909179688,367.1936845779419,840.3012847900391,380.7483243942261,44,1787748944.120852
827.2496032714844,434.4500970840454,798.9701080322266,413.20245265960693,778.9854431152344,381.47050380706787,773.5893249511719,355.48019886016846,774.9623107910156,335.1309013366699,787.2756195068359,336.4137053489685,767.3582458496094,298.45776557922363,750.7978820800781,275.0983214378357,737.6422882080078,255.4378581047058,809.5105743408203,337.1085047721863,796.4848327636719,316.97511434555054,794.7792816162109,347.505304813385,799.6241760253906,365.04469871520996,831.7079162597656,343.47347259521484,816.7381286621094,328.21146726608276,813.7880706787109,357.6877427101135,819.2790222167969,371.4276695251465,854.3293762207031,355.4319405555725,838.8961791992188,339.4239377975464,831.4492034912109,361.2611961364746,834.7512054443359,373.2515287399292,45,1787748944.1920245
828.4805297851562,434.5447254180908,799.3517303466797,412.21381187438965,778.7845611572266,380.19192695617676,773.5752868652344,355.11395931243896,774.9522399902344,335.7346558570862,787.2928619384766,336.63763761520386,767.4893188476562,299.0691375732422,751.7098236083984,276.0540461540222,739.6992492675781,255.78993558883667,809.4218444824219,336.9622492790222,793.7071990966797,318.7053322792053,793.0368804931641,349.47368144989014,800.1873016357422,366.3361930847168,831.3068389892578,342.4389123916626,814.1252899169922,327.1897602081299,812.1630096435547,356.6819357872009,819.4228363037109,369.9303960800171,854.2430114746094,353.48360538482666,837.1553039550781,337.13144302368164,830.0669097900391,359.4403409957886,834.4808197021484,371.49230003356934,46,1787748944.2352955
812.4916839599609,437.6502513885498,782.3410797119141,415.10759353637695,759.3170166015625,384.6502733230591,752.5547790527344,360.1097774505615,760.9341430664062,344.0733218193054,774.5570373535156,340.1310110092163,750.8126831054688,307.07452297210693,730.7177734375,287.48109340667725,715.3849792480469,270.929696559906,796.9790649414062,340.6371545791626,777.7112579345703,326.1570453643799,774.810791015625,356.098415851593,781.8810272216797,373.00395011901855,818.5670471191406,347.88132905960083,797.9857635498047,337.9238963127136,793.3728790283203,365.88257789611816,800.1235961914062,378.822283744812,839.9520111083984,360.8104133605957,821.5483093261719,349.16327476501465,812.2492218017578,370.7668161392212,815.6877136230469,382.6933765411377,47,1787748944.2750895
819.9615478515625,449.0444040298462,788.8248443603516,425.4413080215454,766.1990356445312,394.51045989990234,760.1226043701172,371.6307020187378,762.1219635009766,355.4135513305664,779.5296478271484,353.09569358825684,755.1354217529297,323.70033502578735,733.9234924316406,308.39000701904297,716.8966674804688,296.96619987487793,801.1329650878906,353.7296175956726,780.7315826416016,334.93374824523926,780.0587463378906,363.29092025756836,787.3304748535156,379.2707061767578,822.7767181396484,359.7780203819275,802.3237609863281,346.50200843811035,799.9918365478516,373.8747024536133,806.2225341796875,384.97419834136963,845.3714752197266,370.81170558929443,826.0845184326172,359.3404984474182,819.6100616455078,379.57188606262207,823.1986999511719,388.7253427505493,48,1787748944.333215
819.2129516601562,447.20170497894287,789.2030334472656,425.7418441772461,766.046142578125,393.76742362976074,760.9944152832031,370.2293014526367,764.9126434326172,356.29408836364746,779.1535186767578,353.50087881088257,754.1353607177734,324.72740650177,733.0030059814453,307.8159499168396,716.4219665527344,294.38018560409546,801.3127136230469,353.68831157684326,781.5061950683594,337.1211862564087,780.6234741210938,364.5805263519287,787.2756195068359,380.4624652862549,822.8071594238281,359.6206283569336,802.7403259277344,347.3637056350708,800.6317138671875,372.9691457748413,806.4966583251953,384.5233726501465,844.2066192626953,370.69939613342285,826.1746215820312,359.76282835006714,819.96826171875,379.2228126525879,823.3620452880859,388.6922550201416,49,1787748944.3867393
832.3591613769531,458.39776039123535,802.8504943847656,431.6644620895386,783.2651519775391,402.23968505859375,778.6573791503906,380.8766841888428,785.0376892089844,368.02443981170654,794.8957824707031,365.10108947753906,780.5459594726562,339.3807005882263,764.9232482910156,325.37699460983276,752.3149871826172,315.1367712020874,816.6819763183594,365.6681728363037,811.7159271240234,349.5866560935974,807.100830078125,366.5712833404541,805.5013275146484,379.93967056274414,837.9145812988281,372.0161247253418,833.9533996582031,360.1571559906006,827.9363250732422,377.8338575363159,826.2501525878906,389.9137544631958,857.6631164550781,384.165415763855,855.6698608398438,373.0059242248535,847.7428436279297,386.48786544799805,845.1682281494141,396.0499620437622,50,1787748944.4306185
830.8909606933594,456.36048316955566,803.6103057861328,432.08147048950195,783.3415985107422,403.7742519378662,776.8692016601562,381.4537239074707,780.203857421875,366.59621715545654,796.4591979980469,364.2633819580078,782.5204467773438,340.03183364868164,767.0060729980469,326.2548494338989,754.0889739990234,314.9388027191162,816.6962432861328,364.73223209381104,814.4763946533203,351.3965034484863,810.2281188964844,371.6091585159302,807.6166534423828,384.75996494293213,836.5992736816406,371.4134645462036,835.6981658935547,361.62365913391113,830.1406860351562,381.9577217102051,827.9695892333984,394.40956592559814,855.0524139404297,384.2087173461914,856.7437744140625,374.64829444885254,848.7326049804688,390.5166721343994,845.0700378417969,400.651216506958,51,1787748944.4795442
844.1763305664062,444.7260904312134,823.2795715332031,422.0842981338501,812.9857635498047,388.1676149368286,817.5236511230469,360.7079315185547,830.8566284179688,342.80768394470215,823.3230590820312,353.165967464447,819.3950653076172,314.1295051574707,817.7638244628906,285.7429575920105,816.5920257568359,263.0541515350342,846.3893127441406,356.77244424819946,844.2472839355469,330.9786915779114,836.8173980712891,358.690824508667,835.3323364257812,379.5982789993286,868.1169128417969,366.27615451812744,865.9152984619141,347.23965883255005,855.99365234375,373.4905242919922,853.9192199707031,389.41640853881836,888.6703491210938,380.68631172180176,886.20361328125,362.69598484039307,875.5459594726562,379.48206424713135,871.8671417236328,391.018009185791,52,1787748944.5273094
851.4054870605469,452.08019256591797,827.725830078125,429.42578315734863,815.4210662841797,396.59631729125977,817.87353515625,368.3269929885864,824.9400329589844,348.08146476745605,824.3487548828125,356.90786361694336,810.4460144042969,316.64048194885254,800.3096008300781,289.53611612319946,791.8317413330078,267.0138216018677,846.4747619628906,358.45109939575195,843.7142944335938,333.9030075073242,839.7666931152344,360.84938049316406,838.8764190673828,378.0809211730957,867.5341033935547,366.84924602508545,864.9212646484375,351.2856960296631,858.1757354736328,375.90532779693604,857.6480102539062,388.1037998199463,887.6156616210938,380.81106662750244,886.6963195800781,363.4159755706787,876.6128540039062,380.6128406524658,873.3608245849609,391.1165428161621,53,1787748944.5915291
850.4006958007812,456.68745517730713,828.6109161376953,431.91062450408936,816.6831207275391,397.1358060836792,817.9019165039062,368.275408744812,826.6764831542969,348.25836181640625,823.6058807373047,357.4752688407898,810.4128265380859,317.03217029571533,800.3179931640625,290.2797532081604,792.2712707519531,267.32701778411865,846.0326385498047,358.9841079711914,843.0524444580078,335.6392550468445,838.7554168701172,363.2401943206787,838.4139251708984,379.9142646789551,867.7552032470703,367.6479434967041,865.3533935546875,351.77229166030884,858.0598449707031,376.7542791366577,857.9947662353516,388.4445905685425,888.2392120361328,381.8571710586548,887.5701904296875,364.1912841796875,876.9821929931641,381.6081762313843,874.5505523681641,391.850266456604,54,1787748944.6544921
853.0863189697266,465.6742286682129,830.4388427734375,438.55284690856934,817.4264526367188,403.4964179992676,817.6966857910156,376.08012199401855,823.9826965332031,357.26891040802,824.6598052978516,364.882435798645,812.3823547363281,331.2984323501587,802.1339416503906,308.7801718711853,793.5584259033203,289.4435477256775,846.8070983886719,365.46857357025146,843.9567565917969,344.3519067764282,840.7263946533203,368.4500312805176,841.0469055175781,382.9758882522583,868.5772705078125,372.3820638656616,866.56005859375,358.7684369087219,860.4510498046875,381.3860034942627,860.4917144775391,390.7592296600342,889.4775390625,384.91347312927246,887.0760345458984,371.72717571258545,878.4757232666016,387.3810625076294,877.2649383544922,394.6451711654663,55,1787748944.698641
853.2496643066406,462.7489471435547,831.0659790039062,436.6495084762573,817.2631072998047,401.95674419403076,818.9268493652344,374.7375154495239,826.5805053710938,356.0569381713867,825.3077697753906,363.2753849029541,812.9762268066406,330.78593730926514,801.98974609375,309.8154616355896,793.1870269775391,290.8235549926758,847.3856353759766,365.13233184814453,845.5995178222656,345.84280729293823,841.8640899658203,372.4606418609619,842.9105377197266,385.350136756897,868.8795471191406,372.79430866241455,867.8802490234375,360.3603172302246,861.1603546142578,384.4961643218994,862.0138549804688,392.63707637786865,889.47998046875,385.3111267089844,887.9705810546875,372.7522945404053,878.7618255615234,390.06168365478516,877.6920318603516,397.2333097457886,56,1787748944.747403
866.6033172607422,449.81340408325195,844.8555755615234,425.80896377563477,835.091552734375,394.1909122467041,841.0035705566406,368.4176731109619,851.0504150390625,350.5518651008606,841.8593597412109,353.47126722335815,831.8941497802734,314.10130977630615,827.0178985595703,288.05397033691406,823.7641143798828,265.9799909591675,864.7737121582031,357.3742461204529,863.6414337158203,334.0890884399414,856.9564056396484,361.8162202835083,854.285888671875,382.14813709259033,886.8106079101562,367.95405864715576,884.9871063232422,349.172523021698,875.2395629882812,375.50411224365234,872.6209259033203,391.93987369537354,907.7088165283203,383.4870958328247,906.6999816894531,364.29157733917236,895.4623413085938,380.5998373031616,891.4248657226562,392.49391078948975,57,1787748944.8035932
867.3871612548828,455.7946443557739,844.6144866943359,429.5245313644409,835.7942199707031,397.3394823074341,842.8945922851562,371.19566917419434,854.3894958496094,355.48577785491943,841.1857604980469,361.70348167419434,826.89453125,326.76013469696045,816.9538879394531,303.21141242980957,809.5947265625,283.5457134246826,863.4492492675781,363.73762607574463,862.9247283935547,335.22598028182983,856.6831207275391,358.4584164619446,852.5947570800781,376.8237590789795,885.0454711914062,373.0660057067871,883.9133453369141,355.6308960914612,875.7936859130859,378.4438991546631,873.0082702636719,391.8226718902588,904.7312927246094,387.95355319976807,905.2896881103516,370.14359951019287,894.9739837646484,385.21907329559326,891.2693023681641,395.45403957366943,58,1787748944.8634655
867.3625946044922,451.4173221588135,844.2990875244141,426.6883850097656,835.0876617431641,395.37280082702637,842.7618408203125,370.5814218521118,854.6546173095703,355.7728385925293,841.2929534912109,361.0076951980591,826.9862365722656,326.43938541412354,816.7422485351562,303.6382055282593,809.3017578125,284.68101739883423,863.4799957275391,363.5336923599243,864.0560150146484,333.78889560699463,857.1916198730469,356.9191288948059,853.3761596679688,375.5522632598877,884.5687103271484,373.2176685333252,884.4242858886719,356.07940435409546,875.2480316162109,378.99609088897705,872.7198028564453,392.03325748443604,904.1448211669922,388.06968212127686,905.5740356445312,370.35624504089355,894.8486328125,385.1818656921387,890.7878112792969,395.1146650314331,59,1787748944.9111152
867.4673461914062,459.58664417266846,845.1898956298828,436.22735023498535,834.2745208740234,406.7454528808594,839.3299865722656,381.78013801574707,847.9019927978516,364.16510581970215,840.6963348388672,369.10457611083984,826.7578887939453,335.90224027633667,816.9759368896484,312.2870421409607,809.9923706054688,292.63288736343384,863.0113220214844,370.81578254699707,860.8782958984375,349.56809520721436,858.5996246337891,374.95187759399414,859.3566131591797,392.5015926361084,884.9024963378906,379.08655643463135,883.0825805664062,363.964262008667,877.4430847167969,386.7565584182739,877.6597595214844,398.98146629333496,905.6357574462891,392.5868225097656,905.5996704101562,376.15466594696045,897.1813201904297,391.24541759490967,894.967041015625,400.67078590393066,60,1787748944.9760165
867.5062561035156,460.4501438140869,845.4731750488281,437.35692501068115,834.3553924560547,407.6187801361084,838.8058471679688,382.202467918396,848.7213134765625,364.4871425628662,840.9429168701172,371.07563495635986,826.5184020996094,337.554030418396,816.2164306640625,313.9639377593994,808.7386322021484,294.29620027542114,863.7065887451172,371.7988872528076,861.0211944580078,351.6109085083008,858.1488800048828,376.58424854278564,858.9981079101562,393.61687660217285,885.6362915039062,379.6850538253784,883.6660766601562,365.21472930908203,877.4250793457031,386.74514293670654,877.6606750488281,398.67998600006104,906.0830688476562,392.916841506958,906.4639282226562,376.37537956237793,897.8109741210938,390.3949213027954,895.7241821289062,399.49735164642334,61,1787748945.0164745
870.9474182128906,463.4149503707886,850.7960510253906,439.244384765625,842.0143127441406,405.9763240814209,844.8097229003906,379.2527675628662,851.5223693847656,361.2763023376465,848.8504791259766,373.5656261444092,839.6918487548828,337.3131465911865,835.6577301025391,312.03094482421875,834.1150665283203,292.2956371307373,868.8813018798828,375.8977746963501,870.79833984375,350.4839515686035,864.7220611572266,369.1654300689697,860.5386352539062,387.43268966674805,889.00146484375,384.4365978240967,890.9471893310547,366.30173206329346,882.9056549072266,386.0260534286499,879.7186279296875,401.15697383880615,908.2698822021484,398.22169303894043,910.4889678955078,378.5953903198242,900.8616638183594,391.7217779159546,896.3945007324219,404.11298274993896,62,1787748945.0596197
870.6356811523438,466.73157691955566,850.4156494140625,441.94719314575195,842.1844482421875,409.0381622314453,846.9195556640625,382.14749336242676,855.9435272216797,364.0493631362915,848.2610321044922,374.2046785354614,839.6670532226562,337.2452974319458,835.6864929199219,311.459698677063,834.4493865966797,291.01545095443726,869.1421508789062,377.1114206314087,871.7720031738281,349.89341497421265,864.6384429931641,370.02845764160156,859.970703125,387.21802711486816,889.6823883056641,386.1189651489258,892.3213195800781,366.74890995025635,882.9547119140625,386.84178829193115,879.1275787353516,400.6996250152588,908.974609375,400.4741048812866,912.0967102050781,380.5666208267212,901.4546966552734,393.9099454879761,896.3035583496094,405.326886177063,63,1787748945.1229515
875.1429748535156,454.594087600708,857.0844268798828,426.03899002075195,850.7418823242188,389.62111473083496,858.3304595947266,361.27381324768066,868.5304260253906,344.48781967163086,855.3771209716797,357.4900531768799,848.5965728759766,319.49246406555176,845.404052734375,292.8167796134949,842.4562835693359,270.27225494384766,876.676025390625,359.97731924057007,880.9862518310547,336.18294954299927,877.8923034667969,361.8438148498535,874.9483489990234,381.95162773132324,896.4213562011719,369.48506355285645,901.7719268798828,352.9798650741577,894.8047637939453,377.06352710723877,891.7104339599609,392.1012783050537,914.501953125,384.2676830291748,921.0015869140625,366.929669380188,911.5366363525391,383.63691329956055,906.3851928710938,395.58175563812256,64,1787748945.1636841
869.1616058349609,456.72985553741455,847.4700927734375,429.249529838562,838.6068725585938,395.10912895202637,844.2814636230469,369.1361618041992,852.6079559326172,352.3266077041626,847.9045867919922,358.6337685585022,833.9511108398438,321.3557195663452,823.2215881347656,294.6375060081482,815.7724761962891,273.25079441070557,869.3577575683594,362.38600730895996,867.6248931884766,338.0243396759033,859.3093109130859,360.3338813781738,856.73828125,379.0819215774536,889.7187042236328,372.7757692337036,887.1930694580078,354.15196895599365,877.0928955078125,374.5096778869629,876.2369537353516,387.97638416290283,909.0768432617188,388.89142513275146,907.1062469482422,369.8891544342041,895.0426483154297,383.4806156158447,892.6462554931641,394.3226194381714,65,1787748945.212657
868.5404968261719,455.4238986968994,847.70263671875,428.5176086425781,839.1835784912109,393.52044582366943,844.4496917724609,367.38139629364014,853.7097930908203,350.48759937286377,846.3992309570312,358.2474446296692,831.9387054443359,320.44625759124756,820.5609130859375,294.58276748657227,812.4771118164062,273.108229637146,868.3054351806641,362.2538709640503,867.3162841796875,337.38625288009644,859.1831207275391,361.013445854187,856.832275390625,378.6098098754883,889.0825653076172,373.20930004119873,886.9148254394531,354.04704093933105,876.7781829833984,375.41961193084717,876.2437438964844,387.6119041442871,908.8224792480469,389.459023475647,907.181396484375,371.03280544281006,894.9863433837891,385.14886379241943,892.8606414794922,394.72113132476807,66,1787748945.236547
871.9746398925781,464.9025249481201,847.9128265380859,438.40491771698,836.7471313476562,404.89331245422363,842.3218536376953,378.2573461532593,848.6679077148438,359.9887776374817,846.0958099365234,367.6101350784302,831.9498443603516,333.5722589492798,820.3315734863281,309.8901557922363,811.1349487304688,289.81345653533936,867.607421875,370.58043479919434,864.5867919921875,350.27053356170654,861.6184234619141,378.70752811431885,863.1120300292969,396.07043266296387,888.42529296875,378.82254123687744,884.8823547363281,363.80972385406494,878.4107208251953,390.0392818450928,879.5996856689453,402.04236030578613,908.6673736572266,392.17002868652344,905.1017761230469,377.2934675216675,896.2068176269531,395.4724073410034,895.7193756103516,404.31262493133545,67,1787748945.2903593
871.3899993896484,465.3824043273926,848.0643463134766,438.6918067932129,837.4172210693359,405.17908573150635,842.2917938232422,378.44432830810547,847.6499176025391,360.21822452545166,845.6561279296875,368.74314308166504,832.1392059326172,335.53160190582275,820.2271270751953,312.4741530418396,810.5860900878906,292.51853942871094,867.2968292236328,370.91465950012207,864.644775390625,352.0683431625366,861.4754486083984,379.3837881088257,862.3774719238281,396.7925691604614,888.0007934570312,378.879189491272,884.8976898193359,364.4343137741089,878.7541198730469,389.4407844543457,879.8226165771484,402.1624803543091,907.8643035888672,392.17565059661865,904.5613098144531,377.2520112991333,896.33544921875,394.6278762817383,896.1512756347656,404.0714406967163,68,1787748945.313681
878.0884552001953,473.1682348251343,856.5332794189453,440.9714698791504,848.1695556640625,405.1878833770752,849.383544921875,378.980770111084,853.9693450927734,362.2298812866211,859.0782928466797,380.6518077850342,851.45263671875,346.01914644241333,845.7986450195312,323.1057858467102,842.2126007080078,304.74833965301514,879.4683837890625,383.20080757141113,877.3474884033203,363.57510566711426,874.9879455566406,380.621337890625,875.5262756347656,394.38008308410645,899.5531463623047,391.09225273132324,896.8096160888672,374.30883407592773,891.3880920410156,390.17493724823,890.8266448974609,401.68556213378906,918.4268188476562,403.52259635925293,915.4517364501953,387.11018085479736,907.2341156005859,398.3262777328491,905.1802062988281,408.21380138397217,69,1787748945.3654718
878.0878448486328,473.4565830230713,858.3127593994141,443.70479106903076,850.2864074707031,407.6650857925415,852.9045104980469,380.94715118408203,859.1414642333984,365.1550340652466,861.2206268310547,381.7070960998535,854.0714263916016,347.1205472946167,847.8386688232422,324.17993545532227,844.2667388916016,305.0908899307251,880.9214782714844,384.1543436050415,879.1300964355469,362.59822368621826,874.6527862548828,383.2716178894043,875.2308654785156,398.47412109375,900.1010131835938,392.0853567123413,898.8561248779297,373.2120895385742,891.5780639648438,392.3768377304077,891.4922332763672,404.58080291748047,918.1986236572266,405.0865602493286,917.5409698486328,387.41599559783936,907.5193786621094,400.57929039001465,905.4789733886719,410.77855110168457,70,1787748945.4120326
891.9966125488281,472.38369941711426,874.5489501953125,438.36050033569336,869.8004913330078,401.23194694519043,874.9853515625,375.12555599212646,881.6806030273438,361.16326332092285,886.9993591308594,378.99733543395996,886.2523651123047,350.491247177124,881.88232421875,369.7147464752197,882.2895812988281,387.22845554351807,904.5973205566406,383.7265205383301,902.0255279541016,361.47088050842285,896.1927795410156,381.47621154785156,896.9652557373047,396.4777421951294,922.857666015625,392.0295238494873,918.6173248291016,372.4866485595703,911.5269470214844,389.91435527801514,911.6731262207031,403.17790031433105,940.5677032470703,403.58250617980957,936.0903930664062,383.9398527145386,927.4598693847656,396.1228322982788,927.1483612060547,406.6141748428345,71,1787748945.4672675
895.1898956298828,464.98449325561523,876.9735717773438,432.6509141921997,871.5151977539062,398.7154769897461,878.3631134033203,374.2048501968384,886.3905334472656,361.6340446472168,888.8393402099609,376.74458026885986,887.8538513183594,349.535608291626,882.2145080566406,369.90318775177,882.4005126953125,387.83931255340576,906.0507965087891,380.7053232192993,903.3551788330078,360.2585220336914,896.1792755126953,381.6923761367798,896.7346954345703,396.7033052444458,924.1301727294922,388.6225175857544,919.7461700439453,370.28942584991455,911.7998504638672,389.5257568359375,911.9089508056641,403.19472312927246,942.1437072753906,400.15271186828613,937.6342010498047,382.18693256378174,928.7213897705078,394.93622303009033,928.50830078125,405.7319641113281,72,1787748945.5198872
912.0059204101562,452.52367973327637,895.2174377441406,427.2651243209839,890.1216125488281,392.4714660644531,897.8372955322266,363.9382553100586,908.3589172363281,343.40330600738525,893.12744140625,362.31090545654297,885.4344940185547,331.91868782043457,878.798828125,309.5639133453369,874.2233276367188,290.46164989471436,914.0074157714844,364.0703058242798,920.7554626464844,340.8638334274292,916.3050079345703,362.56333351135254,913.6995697021484,377.0411682128906,933.9657592773438,372.5950527191162,941.2702178955078,355.29276609420776,932.8645324707031,375.90107917785645,930.1271820068359,386.26255989074707,951.6898345947266,386.0035228729248,959.2993927001953,369.5625686645508,949.4376373291016,383.7684488296509,944.8029327392578,393.24668884277344,73,1787748945.5702631
909.0196228027344,455.089373588562,886.5141296386719,433.37202072143555,877.1674346923828,403.53830337524414,885.3838348388672,377.73141860961914,897.1466827392578,360.33692836761475,879.8301696777344,367.4243974685669,864.7647094726562,328.4102725982666,855.9824371337891,299.7727560997009,849.3770599365234,277.9510974884033,902.1570587158203,369.0384864807129,906.0594177246094,339.45728302001953,902.7994537353516,359.8778200149536,899.2154693603516,379.8442268371582,922.9244995117188,377.9229927062988,926.2737274169922,359.784779548645,918.51806640625,381.7191982269287,915.1758575439453,398.0446672439575,942.3577880859375,392.52270698547363,946.0040283203125,375.0765895843506,935.9609985351562,389.5990562438965,930.3441619873047,402.0304298400879,74,1787748945.626614
908.642578125,460.819730758667,886.7822265625,437.61789321899414,877.5860595703125,405.7247543334961,883.5706329345703,378.2881164550781,892.0273590087891,359.38551664352417,880.2200317382812,368.4715747833252,864.7330474853516,329.3824338912964,855.0790405273438,301.4510250091553,848.1627655029297,278.96703243255615,902.3677062988281,370.0824022293091,904.3466949462891,341.202757358551,900.4254150390625,363.1153106689453,897.7835845947266,382.55433082580566,923.8272094726562,378.9604711532593,925.1808166503906,359.8021388053894,917.7235412597656,382.72461891174316,915.4650115966797,398.49145889282227,944.149169921875,393.35118770599365,945.8464813232422,373.80672454833984,935.6880950927734,389.20058727264404,931.1226654052734,401.5099096298218,75,1787748945.6641853
908.0831146240234,476.3468885421753,889.0509796142578,445.00619888305664,883.4654998779297,408.23328495025635,892.3627471923828,380.72776794433594,902.843017578125,365.0019121170044,883.9585876464844,382.5036907196045,875.9914398193359,343.9762258529663,869.6692657470703,317.4629545211792,864.7954559326172,295.6050968170166,904.3592071533203,384.56379890441895,909.1786193847656,359.4926977157593,906.8153381347656,379.56703662872314,904.2750549316406,396.1836004257202,925.3907775878906,391.13521099090576,931.6480255126953,370.7575464248657,924.2241668701172,390.5798006057739,920.52001953125,404.4557476043701,945.5230712890625,401.9003963470459,950.9505462646484,382.9154634475708,941.8998718261719,396.37397289276123,937.7196502685547,407.0035457611084,76,1787748945.7104487
910.3512573242188,478.0889081954956,890.5149078369141,447.4792814254761,884.2800140380859,411.0796022415161,890.0431823730469,382.24757194519043,897.7619934082031,365.16117095947266,885.025634765625,382.66831398010254,877.8945159912109,344.40104484558105,872.5294494628906,318.39370250701904,867.8825378417969,296.65626525878906,905.1004028320312,384.2785835266113,910.0601196289062,357.98754930496216,908.0297088623047,379.2228126525879,904.5632934570312,395.6061315536499,925.1999664306641,390.64473152160645,930.6103515625,369.9373483657837,924.8583984375,390.1341247558594,921.5045928955078,403.1074333190918,944.4522094726562,402.0638608932495,949.8600006103516,382.22941875457764,942.0874786376953,395.63342571258545,937.5202178955078,406.740345954895,77,1787748945.7324288
920.0453948974609,485.88387966156006,903.3580780029297,447.80110359191895,900.2580261230469,409.4313955307007,905.8076477050781,380.9438896179199,909.5993041992188,366.056170463562,911.2322998046875,385.7000684738159,915.3524780273438,356.19978189468384,911.8716430664062,372.3617219924927,909.5436096191406,389.38233375549316,929.6250915527344,389.86032485961914,933.7332153320312,366.2300205230713,925.9820556640625,386.71239852905273,922.6743316650391,402.7898168563843,947.9754638671875,397.95647621154785,951.9788360595703,375.7985544204712,942.3397827148438,394.2422819137573,939.1461944580078,409.2916202545166,965.0072479248047,410.1761484146118,968.4036254882812,387.9861259460449,958.1548309326172,400.42805671691895,954.2884826660156,412.1267795562744,78,1787748945.7853746
918.447265625,486.64459705352783,903.2259368896484,449.434289932251,902.2747039794922,410.47552585601807,910.1419067382812,381.568865776062,913.7738800048828,364.90724086761475,912.7761077880859,389.54755783081055,920.3115844726562,360.08591651916504,916.2718963623047,380.0560998916626,912.5820159912109,398.2433223724365,930.7701110839844,393.40890884399414,937.2536468505859,369.00840282440186,930.079345703125,391.0127305984497,926.6422271728516,406.12794399261475,949.1431427001953,401.1840534210205,954.7845458984375,378.2989740371704,945.2969360351562,397.2907304763794,941.3711547851562,411.4915466308594,966.7695617675781,412.7972459793091,971.3764190673828,390.5843925476074,961.138916015625,402.9628086090088,957.2557067871094,414.0571117401123,79,1787748945.81439
936.1844635009766,472.9085111618042,927.9786682128906,444.03669834136963,927.5366973876953,406.9731616973877,938.7957763671875,375.6073236465454,951.4938354492188,354.6895694732666,918.5353851318359,372.2025489807129,921.4686584472656,334.7537398338318,925.7787322998047,311.1447215080261,930.2672576904297,288.21056842803955,942.933349609375,374.3906307220459,955.6503295898438,353.85565996170044,953.9664459228516,375.0181818008423,950.4932403564453,385.1767158508301,965.5081176757812,382.93524742126465,977.2953033447266,367.7922248840332,970.4487609863281,387.3930358886719,965.6188201904297,393.9137649536133,984.2896270751953,396.2088346481323,995.4488372802734,381.4776277542114,987.9639434814453,394.9169111251831,981.5708923339844,403.44024181365967,80,1787748945.8668892
939.7870635986328,463.8212728500366,926.798095703125,437.1972370147705,927.7234649658203,401.6420030593872,943.5704803466797,375.74302196502686,958.4547424316406,364.13819789886475,923.7985229492188,361.9056558609009,928.2215118408203,317.07793951034546,933.375244140625,288.99046897888184,937.8294372558594,264.00925397872925,946.8717956542969,366.48940086364746,961.7342376708984,351.92174434661865,956.3529968261719,376.9977807998657,947.3966979980469,387.52302646636963,969.1341400146484,377.2614097595215,981.4995574951172,366.24250888824463,972.8640747070312,388.30567359924316,964.4339752197266,396.13600730895996,987.7562713623047,392.6067352294922,997.8693389892578,381.6443109512329,988.4385681152344,397.7935266494751,980.5356597900391,405.8514404296875,81,1787748945.928991
944.0526580810547,482.5148105621338,929.3142700195312,450.2057361602783,928.5066986083984,411.9687223434448,937.9837036132812,384.43385124206543,946.1035919189453,369.1374921798706,928.5839080810547,376.7528200149536,924.5541381835938,335.6383967399597,921.5487670898438,306.78025245666504,919.7051239013672,282.5866413116455,951.1965179443359,379.8208808898926,962.36328125,356.4999318122864,958.5395812988281,376.49858951568604,952.9602813720703,390.62949657440186,973.1013488769531,389.0744161605835,984.2176055908203,371.8848466873169,975.1955413818359,389.4936990737915,968.8994598388672,400.18223762512207,992.3310852050781,403.3930778503418,1001.2623596191406,389.0338182449341,991.8783569335938,400.30128479003906,985.6845092773438,409.0360164642334,82,1787748945.9863737
948.9178466796875,496.2598657608032,945.0676727294922,470.6538248062134,952.3470306396484,436.05010986328125,971.7485046386719,410.625901222229,990.1686096191406,394.1481685638428,943.0995941162109,390.9512758255005,949.51416015625,350.3831648826599,957.6782989501953,324.902286529541,964.9549865722656,304.6210527420044,964.6027374267578,394.0758991241455,979.0396881103516,370.19303798675537,978.9445495605469,390.0408697128296,972.7177429199219,406.07043743133545,985.1009368896484,404.0962028503418,997.3016357421875,384.1674327850342,992.7432250976562,403.37990283966064,984.1604614257812,415.9882164001465,1001.6074371337891,419.97900009155273,1013.8224792480469,399.6398735046387,1006.7153930664062,412.93702125549316,997.1335601806641,424.16938304901123,83,1787748946.0283904
945.4674530029297,502.5573492050171,949.0977478027344,479.32572841644287,959.9489593505859,446.45763874053955,980.1225280761719,418.4258508682251,1000.0014495849609,400.44097423553467,943.4088897705078,394.1619873046875,950.3041839599609,354.9872946739197,957.5455474853516,328.6446976661682,964.1615295410156,308.1723403930664,963.0866241455078,396.4857244491577,976.9744873046875,370.8875799179077,976.8251037597656,391.3845920562744,971.9152069091797,406.5283012390137,982.8134918212891,406.6276502609253,995.0438690185547,385.2499723434448,990.7406616210938,404.20151710510254,983.0667114257812,415.5927085876465,998.1838226318359,423.395791053772,1012.4049377441406,400.44376373291016,1006.7120361328125,412.77973651885986,997.7156829833984,423.3054542541504,84,1787748946.077915
958.6735534667969,488.12002658843994,952.6210784912109,459.3465328216553,958.2501220703125,422.3631191253662,977.7443695068359,395.3839588165283,997.2318267822266,378.3672094345093,955.5937957763672,377.2421407699585,966.4130401611328,334.7944664955139,975.9676361083984,309.1753363609314,984.3715667724609,284.8216938972473,979.6314239501953,384.1703510284424,997.7657318115234,365.0676155090332,988.7675476074219,392.72505283355713,977.8545379638672,406.3257837295532,1001.1965942382812,397.2133541107178,1017.0384979248047,382.334303855896,1004.3133544921875,407.47969150543213,993.2872772216797,418.1877565383911,1017.7594757080078,414.1120433807373,1033.4205627441406,400.38252353668213,1022.6063537597656,415.3339719772339,1012.96630859375,422.81261444091797,85,1787748946.1407728
958.2981872558594,485.30980110168457,952.7729034423828,455.80408573150635,958.3726501464844,420.8993196487427,979.1349792480469,398.046555519104,1000.5158996582031,386.7816638946533,956.7329406738281,375.7829761505127,968.0416107177734,332.44568824768066,977.2628784179688,306.4192056655884,985.7966613769531,283.0569291114807,980.6511688232422,383.5167074203491,999.4424438476562,365.1894521713257,990.0450897216797,392.8882598876953,978.8319396972656,406.2662601470947,1001.9055938720703,396.25471115112305,1018.0467224121094,382.11384773254395,1005.2401733398438,406.35239124298096,993.0422973632812,417.0784378051758,1017.9428863525391,412.4480867385864,1032.4613189697266,400.09241580963135,1021.2477111816406,415.5043029785156,1011.0877990722656,423.52930068969727,86,1787748946.1986141
956.2841033935547,490.30128479003906,949.3698120117188,460.42250633239746,952.4552154541016,423.2685899734497,966.7987060546875,392.38215923309326,983.2916259765625,371.82214736938477,952.3176574707031,380.0018548965454,960.443115234375,338.12001943588257,968.9006805419922,313.8382816314697,978.2237243652344,291.5277099609375,974.7289276123047,386.44683837890625,992.8606414794922,365.422739982605,983.6659240722656,392.2281789779663,973.9923095703125,403.9457845687866,995.1984405517578,397.4031686782837,1011.1175537109375,382.77920722961426,998.1550598144531,406.437406539917,987.6728057861328,414.4660520553589,1011.2872314453125,412.51537799835205,1026.6993713378906,400.1560163497925,1016.0134124755859,414.8161554336548,1006.0498809814453,421.8325138092041,87,1787748946.247095
957.9407501220703,495.41597843170166,962.4198913574219,475.38575649261475,974.6703338623047,445.2239942550659,997.8582763671875,420.5418348312378,1019.8320770263672,403.34076404571533,962.0420074462891,389.91323947906494,974.8690032958984,346.86646699905396,989.8696899414062,321.84016942977905,1003.272705078125,301.0611820220947,981.8738555908203,393.5563659667969,1003.2601928710938,373.0578947067261,1001.5202331542969,394.4090938568115,991.4688110351562,408.9979076385498,999.9765014648438,403.41904163360596,1018.9763641357422,388.7794589996338,1012.7666473388672,408.617205619812,1000.6428527832031,418.3581733703613,1013.6205291748047,418.2481384277344,1031.5090942382812,405.15230655670166,1025.8625793457031,418.0610704421997,1015.0086212158203,426.3112449645996,88,1787748946.2880971
955.831298828125,497.1800136566162,963.8671112060547,477.35454082489014,978.2570648193359,448.0690670013428,1001.9411468505859,421.97731018066406,1023.0230712890625,403.5455131530762,960.8364105224609,391.3140392303467,975.3594207763672,348.3063840866089,989.6266937255859,322.5694513320923,1001.7208099365234,301.6686487197876,979.1344451904297,394.4994306564331,1002.6326751708984,374.29351329803467,1000.2015686035156,395.99876403808594,989.4998931884766,410.9732151031494,996.4649200439453,403.80223274230957,1016.1912536621094,389.4156789779663,1009.68994140625,409.3411874771118,997.7687835693359,419.8503828048706,1009.2876434326172,417.76439666748047,1027.5350952148438,404.4193124771118,1022.2582244873047,416.9965982437134,1011.9357299804688,425.81557273864746,89,1787748946.345602
970.9265899658203,490.3718376159668,973.7975311279297,464.40616607666016,987.7381896972656,431.76273822784424,1011.8679046630859,409.7291851043701,1034.1673278808594,397.89772510528564,975.8767700195312,379.0890884399414,993.4079742431641,336.0071039199829,1009.0113067626953,310.9803771972656,1022.6890563964844,288.2140874862671,996.9719696044922,385.89104175567627,1021.8695068359375,369.4676399230957,1013.8311004638672,391.89562797546387,1000.6424713134766,403.3800745010376,1016.7816162109375,398.4248113632202,1037.1295928955078,387.58842945098877,1026.3136291503906,407.65100955963135,1013.5678863525391,415.69690704345703,1031.97509765625,414.9233150482178,1049.9498748779297,403.95097732543945,1041.0250091552734,416.9700336456299,1029.8455810546875,423.8093662261963,90,1787748946.3990755
970.75927734375,487.0569705963135,970.360107421875,455.28614044189453,982.6190948486328,420.7120370864868,1006.1779022216797,400.381064414978,1028.4138488769531,392.39962577819824,978.6589050292969,376.5100049972534,995.2629852294922,333.50157737731934,1008.9315795898438,308.98035049438477,1021.4316558837891,288.1680393218994,999.9734497070312,384.4789123535156,1021.0470581054688,369.5391798019409,1011.6034698486328,391.35849952697754,1000.0757598876953,400.9269046783447,1019.5830535888672,397.633752822876,1036.8179321289062,386.73548698425293,1024.9373626708984,405.8906650543213,1013.4032440185547,413.20103645324707,1034.5606994628906,413.90557765960693,1048.705825805664,403.89209747314453,1037.6756286621094,417.0801115036011,1027.812728881836,423.85786056518555,91,1787748946.4400375
980.1010894775391,492.00450897216797,980.7125854492188,463.2308006286621,991.6105651855469,427.18637466430664,1011.1954498291016,398.5844564437866,1029.3224334716797,378.75138759613037,986.8972778320312,378.36939811706543,999.443359375,335.4697608947754,1009.3232727050781,309.01687145233154,1018.6946105957031,285.6496810913086,1010.7150268554688,386.52747631073,1033.6311340332031,368.16503047943115,1026.1589813232422,391.61959648132324,1015.0720977783203,404.310564994812,1030.8604431152344,400.4618740081787,1049.633560180664,387.4749183654785,1039.0306091308594,408.3440923690796,1028.1210327148438,416.1500930786133,1044.4047546386719,418.5309076309204,1062.103042602539,404.5823049545288,1052.2174835205078,417.7763271331787,1041.1445617675781,425.0617218017578,92,1787748946.4940698
983.0155944824219,498.10492515563965,986.3470458984375,468.0463743209839,998.5000610351562,433.5880994796753,1019.9588775634766,408.18225860595703,1039.0723419189453,393.0575180053711,991.8325042724609,386.8394708633423,1004.3665313720703,347.0245027542114,1014.8520660400391,323.4944701194763,1025.0843048095703,303.47002029418945,1013.4024047851562,394.7368383407593,1038.0061340332031,372.8876495361328,1032.1514892578125,395.52592277526855,1020.8315277099609,410.79824924468994,1032.2623443603516,407.96287536621094,1052.8567504882812,392.2724676132202,1043.5887908935547,411.9067096710205,1031.7941284179688,422.8373336791992,1045.4298400878906,425.6903886795044,1064.9445343017578,410.45217990875244,1056.5493774414062,422.0997905731201,1045.4607391357422,431.00292205810547,93,1787748946.54267
984.2610168457031,497.4721384048462,986.2413787841797,466.4609956741333,995.8407592773438,430.6452226638794,1013.6057281494141,401.9359302520752,1029.957275390625,384.6655082702637,991.1557006835938,386.93113803863525,1002.4903106689453,347.62733459472656,1012.5289154052734,323.9516258239746,1022.7515411376953,303.3532691001892,1012.9945373535156,394.6619510650635,1035.2223205566406,373.71896266937256,1028.5293579101562,397.5990343093872,1019.1797637939453,412.6796579360962,1032.5212860107422,407.87824630737305,1051.9488525390625,392.4109983444214,1041.0881805419922,413.0773973464966,1030.1134490966797,424.7032070159912,1046.2921905517578,425.13283252716064,1065.3446960449219,409.6113395690918,1055.8259582519531,421.4836120605469,1045.3794860839844,430.3073501586914,94,1787748946.5918393
996.5737152099609,490.4072856903076,998.0642700195312,457.4626350402832,1010.4490661621094,420.599684715271,1032.6889038085938,396.6292333602905,1053.4407806396484,385.9205675125122,1006.4171600341797,378.99574756622314,1017.9569244384766,339.45934295654297,1030.0909423828125,317.52535343170166,1042.344970703125,297.96685695648193,1028.5760498046875,388.3096647262573,1054.1547393798828,369.0814018249512,1046.2106323242188,389.2535448074341,1033.3489227294922,401.23053073883057,1047.9754638671875,403.14751625061035,1068.5020446777344,392.22521781921387,1056.8025970458984,409.7522735595703,1044.5056915283203,417.31794834136963,1062.5943756103516,421.37765407562256,1081.8246459960938,410.64388275146484,1071.8746185302734,421.2332010269165,1060.9044647216797,427.27169036865234,95,1787748946.6443474
993.1698608398438,488.77976417541504,997.1917724609375,452.10504055023193,1010.1683807373047,414.8075294494629,1033.1011962890625,393.9050102233887,1055.4688262939453,387.56152153015137,1005.7968902587891,380.98148345947266,1018.7932586669922,339.98306035995483,1030.904769897461,316.6084885597229,1042.535629272461,296.92766189575195,1026.77490234375,390.2137327194214,1054.0180206298828,369.9654150009155,1047.2085571289062,390.34428119659424,1035.4180145263672,403.93428325653076,1046.1643981933594,405.3662395477295,1069.1355895996094,390.5017375946045,1058.1587982177734,408.0003833770752,1045.8037567138672,418.1486177444458,1060.2672576904297,423.8716793060303,1080.2857971191406,410.3124475479126,1070.6135559082031,420.58135986328125,1059.791259765625,428.4299325942993,96,1787748946.6905117
1001.9964599609375,499.26509857177734,1007.6846313476562,466.4875602722168,1020.3981781005859,429.85832691192627,1043.2915496826172,404.235463142395,1063.3578491210938,387.0962333679199,1011.9727325439453,388.5750961303711,1022.7301788330078,350.80607414245605,1032.946548461914,329.8694586753845,1044.1678619384766,312.9427671432495,1035.7933044433594,397.0173168182373,1058.7113189697266,378.8309097290039,1051.517105102539,401.1195945739746,1042.9142761230469,413.102502822876,1056.130142211914,410.32952785491943,1074.0450286865234,399.6674680709839,1062.9500579833984,420.20233154296875,1053.2759857177734,428.0509901046753,1070.163345336914,427.3845148086548,1086.9483947753906,416.49311542510986,1076.283187866211,430.20113468170166,1065.589599609375,437.1903705596924,97,1787748946.7622662
1002.2834777832031,507.94567108154297,1004.7315979003906,472.2150421142578,1021.5570068359375,437.3308753967285,1045.9796905517578,420.2737855911255,1067.8223419189453,415.5768299102783,1021.1925506591797,403.67181301116943,1037.2848510742188,367.21930503845215,1054.8902130126953,349.99823570251465,1070.7429504394531,338.5654592514038,1040.6910705566406,412.98354148864746,1069.6711730957031,390.86424350738525,1068.9258575439453,404.4287109375,1059.0046691894531,417.30125427246094,1058.4233856201172,427.58673191070557,1082.2005462646484,411.6363000869751,1077.169418334961,423.89575481414795,1065.968246459961,434.5500898361206,1071.9811248779297,446.3282060623169,1092.3511505126953,431.51378631591797,1085.2367401123047,438.9395999908447,1073.3950805664062,447.0531749725342,98,1787748946.8300984
997.67333984375,513.9943313598633,1004.6160125732422,482.05145359039307,1022.4383544921875,448.4587812423706,1046.172866821289,426.29605293273926,1069.0465545654297,415.8072853088379,1016.1435699462891,409.92844104766846,1032.9657745361328,373.56983184814453,1051.7504119873047,353.87527227401733,1068.6872863769531,340.25503635406494,1035.701904296875,417.4384546279907,1067.7729797363281,393.1529188156128,1067.8126525878906,408.9729309082031,1057.7618408203125,423.8396644592285,1053.8246154785156,430.8404016494751,1080.0262451171875,412.649188041687,1075.425033569336,425.49190521240234,1064.1828918457031,436.669979095459,1066.8761444091797,448.37990283966064,1089.5609283447266,430.93138217926025,1085.7875061035156,437.4561882019043,1075.7048034667969,445.4148817062378,99,1787748946.9010546
1023.9042663574219,509.61645126342773,1035.931625366211,477.174596786499,1055.6893157958984,442.69851207733154,1080.66650390625,423.3481979370117,1102.4591064453125,418.4804391860962,1048.9218139648438,404.7626781463623,1074.1022491455078,368.74249935150146,1095.6682586669922,350.28915882110596,1114.2435455322266,335.4805541038513,1068.2695770263672,418.44675064086914,1098.8557434082031,400.68464756011963,1092.2622680664062,417.08534717559814,1080.9626770019531,428.476881980896,1084.3644714355469,436.88438415527344,1106.0343933105469,428.58850479125977,1094.6595001220703,442.87811279296875,1082.812271118164,450.96593856811523,1093.5514831542969,457.14351654052734,1110.7772827148438,451.17064476013184,1100.2464294433594,460.36040782928467,1089.7557067871094,466.15106105804443,100,1787748946.941933
1026.1988830566406,531.4878702163696,1036.0458374023438,497.2015571594238,1056.382827758789,463.6011600494385,1082.3453521728516,448.028039932251,1103.6306762695312,444.4902276992798,1054.9127960205078,431.1388349533081,1074.7433471679688,394.689416885376,1095.6212615966797,378.1839179992676,1112.343521118164,369.2137098312378,1070.6373596191406,442.55444526672363,1101.7044067382812,425.6504774093628,1104.6066284179688,439.6152591705322,1096.6261291503906,452.5668954849243,1084.2768859863281,458.11739444732666,1109.1423797607422,448.06962490081787,1105.6999969482422,459.79928970336914,1094.9211883544922,469.8380470275879,1093.0821990966797,476.24942779541016,1113.1470489501953,468.3452796936035,1109.0284729003906,474.9833393096924,1098.3604431152344,482.9493284225464,101,1787748947.0150702
1024.8909759521484,530.6538963317871,1034.5619201660156,501.4706039428711,1054.0886688232422,470.9575366973877,1079.795150756836,453.71857166290283,1100.6794738769531,447.8844881057739,1051.0813903808594,433.63122940063477,1071.044921875,396.4285612106323,1093.1427764892578,378.31940174102783,1110.7440185546875,367.30766773223877,1066.4195251464844,441.74484729766846,1098.4952545166016,422.3613166809082,1104.2112731933594,437.93696880340576,1097.1894836425781,453.18474769592285,1080.403060913086,455.48247814178467,1107.8197479248047,443.2664966583252,1106.4004516601562,456.757493019104,1096.0570526123047,468.583459854126,1089.8481750488281,472.6503324508667,1113.4223175048828,461.91415786743164,1112.0840454101562,469.3549919128418,1102.2346496582031,478.36047649383545,102,1787748947.0791132
1039.88525390625,539.282283782959,1044.6963500976562,511.52021884918213,1064.0840911865234,481.46424293518066,1092.7680969238281,465.097918510437,1116.4842987060547,461.3009834289551,1065.7891845703125,441.8575859069824,1088.76708984375,407.55024433135986,1109.6784973144531,391.50110721588135,1128.2404327392578,379.06694412231445,1087.0821380615234,454.4363737106323,1117.6815795898438,439.4667720794678,1110.3382873535156,458.37475776672363,1096.2442779541016,472.2936201095581,1104.6546936035156,470.51379203796387,1127.0747375488281,461.7270040512085,1116.8126678466797,476.8325185775757,1103.4303283691406,486.19776248931885,1116.0799407958984,488.885293006897,1134.3620300292969,480.5390739440918,1125.3155517578125,488.58505725860596,1113.4860229492188,494.9462699890137,103,1787748947.1198168
1041.4105987548828,536.2173128128052,1046.6177368164062,505.738320350647,1066.0120391845703,475.87185859680176,1094.9656677246094,460.8149242401123,1118.3952331542969,458.83442401885986,1068.2884979248047,441.1462640762329,1091.5689849853516,408.4961414337158,1111.3703918457031,391.79842472076416,1128.875961303711,378.6889457702637,1088.3973693847656,453.80985260009766,1119.4393920898438,439.34004306793213,1112.2889709472656,458.75224113464355,1098.0554962158203,473.2396459579468,1104.5134735107422,470.3914403915405,1128.2349395751953,461.34535789489746,1117.7565002441406,476.6379404067993,1104.4027709960938,486.08206272125244,1115.2098846435547,489.55275535583496,1135.6124877929688,479.6165657043457,1127.2645568847656,487.9757022857666,1115.584945678711,494.9168300628662,104,1787748947.180376
1056.5038299560547,541.3529920578003,1056.3644409179688,504.42339420318604,1073.9752960205078,470.2866840362549,1104.0951538085938,462.1899747848511,1127.9644775390625,468.8264465332031,1082.8626251220703,449.3230962753296,1105.6512451171875,417.9227542877197,1126.483383178711,405.25959491729736,1145.2545166015625,396.36847972869873,1104.1789245605469,464.5448684692383,1132.40234375,453.2073640823364,1116.79443359375,472.57561683654785,1099.0283203125,485.2366304397583,1121.8954467773438,482.27319717407227,1143.1951141357422,476.58090591430664,1124.5108032226562,492.34705924987793,1107.9533386230469,500.68199157714844,1133.7686920166016,501.6721773147583,1150.5238342285156,496.3638925552368,1135.1012420654297,505.0796127319336,1120.9562683105469,510.8211278915405,105,1787748947.2271807
1065.5070495605469,541.8642854690552,1066.961441040039,509.8365640640259,1085.1844787597656,477.7157163619995,1115.2362823486328,462.1311378479004,1141.0372924804688,459.74225521087646,1091.2440490722656,454.49448108673096,1115.6222534179688,424.43567276000977,1136.310806274414,410.33236026763916,1154.5925903320312,400.33154010772705,1112.6358032226562,470.452938079834,1142.8241729736328,457.6275157928467,1128.3306884765625,475.30267238616943,1109.2181396484375,488.14783573150635,1129.5018768310547,488.97661685943604,1151.1601257324219,481.45381450653076,1134.3730926513672,496.89891815185547,1118.255386352539,505.99602699279785,1140.1338195800781,508.92980575561523,1158.3743286132812,501.87838554382324,1144.3138885498047,511.1777973175049,1131.0406494140625,517.7195978164673,106,1787748947.2735915
1067.6307678222656,537.7325248718262,1068.8070678710938,506.9173336029053,1086.6148376464844,477.2372102737427,1114.7357940673828,463.4728002548218,1138.11767578125,462.2386407852173,1094.5487976074219,454.46800231933594,1118.3406829833984,424.53691005706787,1138.7114715576172,409.7523593902588,1156.9293975830078,399.68356132507324,1115.0594329833984,469.9981641769409,1145.2407836914062,457.68352031707764,1131.6905975341797,475.29717922210693,1113.5877990722656,488.2883834838867,1130.8818817138672,488.3214282989502,1153.1551361083984,481.5907573699951,1136.8023681640625,496.17605209350586,1121.0697174072266,504.95129585266113,1140.4314422607422,508.034291267395,1158.7915802001953,502.546706199646,1144.6638488769531,511.252384185791,1131.337890625,517.1737575531006,107,1787748947.3307827
1080.9915161132812,542.4454021453857,1079.6775817871094,514.1641902923584,1097.8225708007812,484.0913486480713,1127.7385711669922,469.6905040740967,1153.3147430419922,465.16387939453125,1104.6337890625,457.7252769470215,1129.3675231933594,425.1493978500366,1149.6351623535156,408.6368179321289,1168.6469268798828,395.8171033859253,1125.4729461669922,473.5558032989502,1153.7847137451172,463.32959175109863,1138.5174560546875,483.4389066696167,1122.315902709961,495.7084035873413,1141.802978515625,492.22174644470215,1161.4200592041016,487.9453182220459,1143.4394836425781,504.009690284729,1129.40673828125,511.86663150787354,1152.3653411865234,512.2810649871826,1169.2975616455078,508.58232021331787,1155.3652954101562,517.2391605377197,1143.5870361328125,522.0808696746826,108,1787748947.3718166
1079.7592163085938,544.851450920105,1082.7809143066406,514.9885940551758,1102.0298767089844,485.3247356414795,1130.6543731689453,471.1843013763428,1154.1670989990234,466.1163854598999,1105.167007446289,458.6725044250488,1129.837417602539,425.8680582046509,1150.7878875732422,409.5737028121948,1170.5010223388672,396.8069887161255,1125.5989074707031,474.56358432769775,1157.6084899902344,462.89331436157227,1145.4978942871094,480.7464838027954,1130.704574584961,490.8995246887207,1141.4286041259766,493.19326400756836,1163.4347534179688,487.6146984100342,1147.9322052001953,502.54438877105713,1135.3350067138672,508.747501373291,1150.6278991699219,512.5871801376343,1167.5578308105469,509.2297410964966,1154.3897247314453,517.4016809463501,1143.243408203125,520.8748626708984,109,1787748947.4375021
1072.5212097167969,558.8794469833374,1074.6156311035156,522.4887371063232,1097.8741455078125,490.65945625305176,1130.4576110839844,484.12293434143066,1154.4886016845703,488.48180294036865,1102.5489807128906,472.0396900177002,1129.738540649414,443.52102756500244,1152.1744537353516,432.06687927246094,1172.195053100586,424.8661994934082,1122.8919982910156,488.636212348938,1156.2423706054688,477.48594760894775,1143.5848236083984,496.1247682571411,1127.2246551513672,508.14677238464355,1138.2495880126953,507.7065896987915,1161.4970397949219,501.95318698883057,1145.7152557373047,516.3333463668823,1131.3916015625,523.2171821594238,1147.38525390625,527.954478263855,1164.177017211914,522.866907119751,1151.3743591308594,530.857744216919,1139.4081115722656,535.5944395065308,110,1787748947.4770555
1073.5906219482422,563.9908790588379,1085.1695251464844,531.2717914581299,1110.1577758789062,501.9077396392822,1140.4438018798828,489.90208625793457,1165.1416015625,484.4766855239868,1110.7368469238281,474.53354358673096,1139.9420166015625,446.4367389678955,1165.1268768310547,433.1256866455078,1187.1825408935547,423.94575119018555,1126.9808959960938,493.88304233551025,1151.2931060791016,485.428204536438,1158.2764434814453,487.38136768341064,1163.4138488769531,485.76714992523193,1138.7224578857422,515.7855319976807,1158.3283233642578,510.90095043182373,1160.2232360839844,512.9162979125977,1161.5400695800781,511.4833116531372,1146.1048889160156,537.3417377471924,1161.6683197021484,532.5088691711426,1162.6310729980469,532.4517059326172,1163.421401977539,530.6417083740234,111,1787748947.5510712
1069.676513671875,564.7274351119995,1082.2277069091797,531.3588666915894,1108.52783203125,502.41525650024414,1140.6365203857422,491.89048290252686,1166.1949920654297,489.424524307251,1109.2164611816406,474.2122793197632,1140.7998657226562,445.43243408203125,1165.6415557861328,433.2432746887207,1188.1035614013672,424.0212392807007,1127.5929260253906,493.6443901062012,1157.8358459472656,482.2021293640137,1153.9083099365234,492.387056350708,1147.3577880859375,496.9562530517578,1141.3706970214844,514.6701192855835,1164.8405456542969,507.08547592163086,1155.4785919189453,516.9266080856323,1145.9375762939453,520.8329772949219,1149.671859741211,534.6912431716919,1167.728042602539,528.6381196975708,1161.000747680664,533.515191078186,1154.2235565185547,536.0293006896973,112,1787748947.5935004
1074.0026092529297,570.3579711914062,1085.955810546875,542.8217697143555,1111.4598083496094,513.9808130264282,1143.6994934082031,498.136510848999,1168.6579895019531,488.3979034423828,1112.16796875,473.17887783050537,1143.5142517089844,441.34461879730225,1167.976303100586,425.9564208984375,1191.0819244384766,413.6139678955078,1132.2761535644531,490.53882122039795,1165.7843780517578,480.6028890609741,1150.8895111083984,499.6048164367676,1135.1614379882812,510.28721809387207,1146.8584442138672,510.83717823028564,1170.3675079345703,504.1167211532593,1154.0140533447266,518.7838983535767,1141.0216522216797,524.4205713272095,1154.3077087402344,531.3101148605347,1172.86865234375,525.6817674636841,1161.5935516357422,534.0573835372925,1151.7569732666016,538.276777267456,113,1787748947.6323104
1071.6181182861328,572.3513889312744,1083.9414978027344,543.8845682144165,1109.5394897460938,514.8555135726929,1143.2589721679688,499.0607786178589,1169.696273803711,489.43233489990234,1110.4645538330078,472.5524854660034,1143.8826751708984,440.7538032531738,1169.4091033935547,426.4564275741577,1192.5128936767578,415.6358814239502,1131.03759765625,490.4667663574219,1166.0845947265625,477.9037284851074,1150.4730987548828,496.1454105377197,1133.0965423583984,507.33331203460693,1146.170425415039,510.663800239563,1171.6018676757812,502.0731782913208,1155.3794860839844,516.4935922622681,1140.8335876464844,523.5855674743652,1153.9936828613281,531.2600326538086,1173.414535522461,523.6445331573486,1162.2808837890625,532.0014381408691,1151.5137481689453,537.4390697479248,114,1787748947.680659
1057.6441192626953,581.0660362243652,1070.1773071289062,546.5511560440063,1096.9414520263672,517.5582790374756,1125.6322479248047,504.0047550201416,1150.1731872558594,500.9676790237427,1105.6597137451172,485.46704292297363,1126.3256072998047,459.78281021118164,1145.3639221191406,456.92816734313965,1161.0834503173828,460.6282424926758,1123.387451171875,500.20777702331543,1155.8917236328125,487.56341457366943,1143.5517120361328,507.01294898986816,1126.5386962890625,520.1583909988403,1137.080078125,518.2526922225952,1160.2849578857422,513.6766719818115,1144.2508697509766,530.686297416687,1128.4190368652344,539.5027828216553,1144.7145080566406,538.6920261383057,1163.098373413086,532.8154563903809,1151.9768524169922,542.3133945465088,1139.4361114501953,548.8466548919678,115,1787748947.73268
1057.8719329833984,584.312539100647,1067.3026275634766,553.0628299713135,1092.081069946289,523.037838935852,1121.1370086669922,510.10087966918945,1144.0492248535156,504.7519540786743,1106.7610168457031,491.1917781829834,1128.506088256836,462.3933506011963,1147.6183319091797,452.87240982055664,1163.6812591552734,448.8802099227905,1123.6804962158203,509.41320419311523,1156.2667846679688,497.0173645019531,1140.6478881835938,516.9642448425293,1122.4381256103516,530.706639289856,1135.6238555908203,530.8652114868164,1160.6291961669922,526.1705303192139,1139.476547241211,543.0225276947021,1121.4488983154297,552.1944379806519,1140.5494689941406,553.4997510910034,1159.1090393066406,549.805212020874,1142.4930572509766,559.4158887863159,1128.3802795410156,564.6912574768066,116,1787748947.8170347
1057.6559448242188,584.7777843475342,1067.5465393066406,551.2339067459106,1093.0178833007812,521.5350723266602,1122.7186584472656,510.0081396102905,1146.7713165283203,506.4548349380493,1107.02880859375,490.67512035369873,1127.1097564697266,462.3568296432495,1145.439453125,453.23375701904297,1162.160873413086,449.10229682922363,1124.1486358642578,509.14318084716797,1157.4950408935547,495.78457832336426,1140.995864868164,516.1615133285522,1122.6583862304688,529.9325752258301,1136.2540435791016,530.8863687515259,1160.8441925048828,526.4091396331787,1137.925033569336,543.8307952880859,1119.086685180664,553.1560850143433,1141.1489868164062,553.7979698181152,1160.4779815673828,549.7174501419067,1142.2332763671875,560.1398706436157,1126.5172576904297,566.0911130905151,117,1787748947.8610766
1055.345458984375,592.7227020263672,1067.985610961914,559.3639183044434,1092.4483489990234,528.7453651428223,1124.2938995361328,514.2186069488525,1150.2549743652344,508.5356283187866,1103.9574432373047,501.313533782959,1129.9073028564453,476.49168491363525,1149.0628051757812,465.0648307800293,1166.72119140625,456.7628574371338,1120.5328369140625,521.3016557693481,1149.0797424316406,508.1020975112915,1136.183090209961,523.5065603256226,1123.7874603271484,533.7657308578491,1132.1026611328125,543.9458084106445,1154.473648071289,535.8301734924316,1135.3913879394531,548.8616323471069,1121.8950653076172,555.4617118835449,1136.9054412841797,567.3216676712036,1154.2042541503906,561.4065170288086,1139.8587799072266,568.2794094085693,1129.1234588623047,572.5303888320923,118,1787748947.9212134
1054.2874145507812,590.9945869445801,1066.1234283447266,554.9135971069336,1091.778335571289,522.9017543792725,1124.1605377197266,509.7915029525757,1150.954360961914,506.40153408050537,1104.4149780273438,500.49870014190674,1127.797622680664,476.5779447555542,1148.0242919921875,464.99693870544434,1166.8089294433594,456.55712127685547,1121.4189147949219,520.8349943161011,1144.6992492675781,509.5153856277466,1139.7090148925781,518.9262056350708,1135.2268981933594,524.2584800720215,1132.518539428711,544.8263025283813,1151.5713500976562,537.94358253479,1142.3697662353516,544.2581033706665,1137.8446197509766,544.9369382858276,1136.7212677001953,569.7953081130981,1151.7339324951172,563.6311197280884,1142.3515319824219,567.0504426956177,1136.7431640625,567.4353504180908,119,1787748947.9633129
1047.2492218017578,579.0990972518921,1058.3097839355469,536.0068988800049,1085.711441040039,502.2389602661133,1114.880142211914,490.28815269470215,1135.7051849365234,489.10815238952637,1126.5013885498047,506.20343685150146,1140.9323120117188,483.972430229187,1118.2218170166016,491.27795219421387,1106.0424041748047,502.7145051956177,1134.841537475586,523.2735729217529,1142.1662902832031,501.5949296951294,1112.5377655029297,510.19932746887207,1098.6859893798828,524.3696737289429,1138.1815338134766,543.7231636047363,1141.3524627685547,521.5768718719482,1113.4353637695312,528.3889532089233,1102.0079803466797,540.4524564743042,1136.427993774414,566.9283056259155,1139.5842742919922,544.3286991119385,1117.3570251464844,546.3209581375122,1107.5946807861328,555.8205270767212,120,1787748948.0126407
867.5155639648438,463.52794647216797,839.7229766845703,428.6382865905762,829.7412109375,389.2271089553833,826.8518829345703,360.8216142654419,824.5456695556641,339.18541431427,863.9288330078125,366.94507598876953,855.8909606933594,331.4794921875,834.9143981933594,326.85620069503784,821.9918060302734,333.1846046447754,877.5931549072266,371.31767749786377,868.4593963623047,337.3666191101074,847.2856140136719,338.56181144714355,836.2863159179688,347.74479389190674,890.7353973388672,379.055700302124,880.2763366699219,348.55164527893066,857.9027557373047,351.5853953361511,846.5834045410156,361.7685842514038,902.7100372314453,389.99091625213623,891.0420227050781,361.4480924606323,872.0750427246094,360.6220579147339,859.6871948242188,368.0213928222656,121,1787748948.3742692
868.4589385986328,465.0288677215576,839.9232482910156,431.66755199432373,827.8841400146484,393.8876724243164,824.6859741210938,365.0751256942749,822.8474426269531,342.73483514785767,862.8863525390625,374.826135635376,855.2455139160156,343.24936866760254,835.6047821044922,339.64675426483154,823.6606597900391,346.0059928894043,877.1704864501953,377.7570390701294,868.2202911376953,347.24658966064453,849.1551208496094,348.5357666015625,839.5447540283203,357.51614570617676,890.6468200683594,383.63176345825195,881.2693023681641,355.18781661987305,861.5340423583984,356.6695761680603,851.9028472900391,365.1431465148926,903.0621337890625,392.42653369903564,892.3658752441406,365.6980848312378,875.4482269287109,365.0699758529663,865.1784515380859,372.0651340484619,122,1787748948.397624
846.1818695068359,457.3063802719116,816.5682983398438,425.6673860549927,806.3932800292969,390.8684492111206,802.7826690673828,362.8065347671509,796.7743682861328,343.4062886238098,844.5196533203125,369.9597930908203,818.3159637451172,341.4685535430908,798.7120819091797,344.91527795791626,789.5508575439453,355.85991382598877,854.2794799804688,369.0140676498413,825.0580596923828,341.5767002105713,804.4268035888672,345.90145111083984,793.6979675292969,357.1996021270752,861.8904113769531,368.8939905166626,832.96142578125,343.4393548965454,810.3199768066406,345.83757162094116,797.7568054199219,354.1764307022095,867.0143890380859,370.9433698654175,843.0605316162109,346.87466382980347,820.8780670166016,341.60961627960205,804.6022796630859,342.38256454467773,123,1787748948.448881
830.5555725097656,452.32850074768066,795.4738616943359,422.86986351013184,778.6131286621094,385.2454662322998,777.4703216552734,355.73915004730225,777.8269958496094,335.48214197158813,798.7244415283203,363.70604038238525,791.7702484130859,336.5422582626343,784.7224426269531,350.6837868690491,783.9308166503906,366.5662622451782,816.380615234375,365.3833866119385,807.1526336669922,341.0163974761963,799.3695068359375,357.0346999168396,799.0412139892578,373.88731956481934,834.6490478515625,369.0672826766968,823.0974578857422,346.46042346954346,814.3767547607422,362.47634410858154,812.6927947998047,379.3477392196655,853.6241149902344,375.7213068008423,840.4665374755859,354.8196029663086,831.0582733154297,366.5769052505493,828.8338470458984,380.8608055114746,124,1787748948.477339
799.0027618408203,435.0879907608032,767.7986907958984,411.2208366394043,749.140625,372.1174907684326,746.3076019287109,339.30652141571045,751.4982604980469,313.59169006347656,762.3000335693359,341.1799478530884,748.3084869384766,319.1066336631775,731.6030883789062,304.23414945602417,718.7156677246094,292.981595993042,783.9443206787109,341.39280796051025,772.9165649414062,315.60742378234863,768.5466003417969,341.96141481399536,772.0378875732422,362.6324701309204,807.3220825195312,348.8565158843994,794.2742919921875,327.89473056793213,787.6113128662109,354.0983462333679,790.8106994628906,371.00229263305664,830.9375,361.07953548431396,814.7279357910156,343.18224906921387,806.00341796875,362.5606298446655,807.7996063232422,376.3658094406128,125,1787748948.528003
796.5104675292969,429.8147249221802,765.4573822021484,410.9997797012329,746.2437438964844,370.49280166625977,748.2002258300781,336.85802936553955,753.8118743896484,310.7903051376343,759.8515319824219,339.629008769989,741.4951324462891,313.2558345794678,721.8943786621094,295.54819107055664,705.7149505615234,282.30494499206543,782.454833984375,339.1536569595337,770.9742736816406,311.68440341949463,764.774169921875,338.74666929244995,766.6297149658203,359.917688369751,805.7593536376953,346.9592499732971,791.4636993408203,325.21080493927,784.6804046630859,354.6035671234131,788.2456970214844,372.56024837493896,828.8828277587891,360.3315210342407,812.1194458007812,343.229820728302,803.8718414306641,364.3955183029175,806.7971801757812,378.3386707305908,126,1787748948.5605974
798.0512237548828,398.7995910644531,766.9546508789062,359.86977338790894,753.6928558349609,320.8855175971985,751.1669158935547,290.57543992996216,752.2885131835938,263.2279586791992,777.3898315429688,293.94343614578247,773.0930328369141,271.7006278038025,764.2572784423828,282.7945017814636,760.4122924804688,298.2868981361389,794.4190216064453,295.71199893951416,786.7655181884766,271.3064503669739,777.4783325195312,289.2037582397461,777.1977233886719,307.6581287384033,812.2868347167969,301.2465763092041,802.5336456298828,278.5721468925476,793.2143402099609,297.63984203338623,793.7851715087891,316.2988758087158,830.3282928466797,311.84563636779785,820.9957885742188,288.91871452331543,810.3325653076172,303.2980155944824,808.8242340087891,319.36206579208374,127,1787748948.6106567
796.7407989501953,375.99077224731445,765.0460815429688,349.09152030944824,745.5541229248047,310.91516733169556,741.1563110351562,278.2260990142822,747.7341461181641,251.7486834526062,758.9837646484375,277.756884098053,744.046630859375,250.4211187362671,726.5742492675781,229.7863483428955,714.1719055175781,212.51043319702148,780.2281951904297,276.78925037384033,768.4062957763672,249.65632438659668,761.8753814697266,275.8113384246826,767.0606994628906,295.9936308860779,802.9283905029297,283.09688329696655,790.1119232177734,259.8455858230591,781.4331817626953,286.8095541000366,786.7483520507812,304.1031074523926,825.7320404052734,295.69843769073486,810.8393859863281,273.885555267334,800.4515838623047,293.6331582069397,804.0895843505859,309.7313690185547,128,1787748948.6711202
797.0236206054688,372.63131618499756,765.3998565673828,350.5219101905823,746.099853515625,311.6034436225891,742.9329681396484,279.4946551322937,746.2062835693359,253.46139192581177,760.5715179443359,276.4953875541687,745.1582336425781,249.0254259109497,727.2026824951172,230.0574016571045,713.6422729492188,213.88301610946655,781.3189697265625,275.0622510910034,768.6013031005859,246.41797542572021,761.239013671875,273.28139305114746,765.2433013916016,292.0254421234131,803.1320953369141,281.1028861999512,788.8684844970703,259.12827730178833,781.7401123046875,288.1453585624695,787.5875091552734,303.7026000022888,825.1686859130859,293.4384083747864,809.0745544433594,273.6579966545105,799.9024963378906,295.7871651649475,804.1910552978516,310.9605073928833,129,1787748948.7315989
793.7483215332031,375.0635004043579,756.9965362548828,351.6725778579712,734.1974639892578,318.27096462249756,727.8954315185547,285.8216428756714,730.078125,259.0836238861084,742.3404693603516,288.0540132522583,720.5307769775391,259.5467019081116,698.9549255371094,241.78882598876953,682.9981994628906,228.85085821151733,762.8388214111328,284.29516553878784,750.3181457519531,252.94391870498657,747.5281524658203,278.02019119262695,753.1925201416016,299.0140128135681,785.9735107421875,285.34830808639526,770.8642578125,259.6629810333252,766.2190246582031,288.37435483932495,773.1144714355469,309.13212060928345,810.8464050292969,291.12226724624634,793.6869812011719,267.3358154296875,785.6845092773438,288.5277771949768,790.0187683105469,307.37342834472656,130,1787748948.7722583
791.9176483154297,374.11447048187256,756.8888092041016,350.9419655799866,733.8511657714844,316.9555878639221,727.2533416748047,285.0858807563782,730.2060699462891,259.523720741272,742.6729583740234,285.6803011894226,721.9120788574219,258.91294956207275,700.5467987060547,243.50700616836548,684.2723083496094,230.19168376922607,762.7423858642578,282.8226971626282,748.8015747070312,253.99379968643188,747.5485992431641,281.57572746276855,755.5570983886719,301.6945695877075,785.16357421875,284.719340801239,768.9592742919922,260.2163314819336,765.4203033447266,289.44352626800537,773.8809204101562,309.1059422492981,809.2478179931641,291.05926752090454,791.4718627929688,267.710337638855,784.7038269042969,288.8246440887451,790.3662872314453,307.60414123535156,131,1787748948.8192134
799.7642517089844,367.8903293609619,764.3502044677734,346.95300579071045,742.7029418945312,315.58751106262207,738.3365631103516,287.8352737426758,742.4095916748047,266.5009617805481,743.3844757080078,285.914511680603,718.3438873291016,262.0362424850464,697.0401763916016,244.4231414794922,682.0875549316406,231.15440368652344,764.727783203125,280.6961989402771,754.7377014160156,244.07151460647583,746.5668487548828,259.56114292144775,745.6440734863281,280.6993532180786,788.5479736328125,282.2481894493103,775.8200073242188,256.56275510787964,770.9287261962891,281.0872006416321,776.0541534423828,301.02150678634644,813.9389801025391,290.5142641067505,799.8743438720703,268.8187551498413,792.7085113525391,287.07236766815186,796.5367889404297,303.74401330947876,132,1787748948.870882
799.1680145263672,368.32656383514404,763.9154052734375,347.733850479126,741.2542724609375,316.00743770599365,734.6176147460938,286.95083141326904,735.5061340332031,263.86250495910645,742.8641510009766,286.8887758255005,719.5528411865234,261.7184114456177,698.9828491210938,243.3716082572937,683.6386108398438,229.90174770355225,763.5728454589844,281.4372181892395,754.8527526855469,245.1785373687744,744.4141387939453,256.71435356140137,740.6433868408203,276.169638633728,786.8500518798828,282.7964758872986,773.9471435546875,256.09090089797974,769.1953277587891,278.79024267196655,774.2343139648438,299.43267345428467,812.0851135253906,290.90975046157837,798.0905914306641,268.54838848114014,791.0916137695312,285.94212770462036,794.8386383056641,303.7941813468933,133,1787748948.9287028
816.7150115966797,340.0658655166626,784.8403930664062,308.5956573486328,766.007080078125,268.8772916793823,762.2272491455078,234.39614295959473,770.2517700195312,204.2316770553589,770.965576171875,242.68633604049683,755.4885101318359,213.15356254577637,741.4368438720703,191.85214519500732,730.9017944335938,172.0900797843933,792.5577545166016,239.02512073516846,781.8118286132812,208.77338647842407,782.3413848876953,238.49975109100342,790.3109741210938,257.9024648666382,815.0535583496094,242.13313579559326,804.6435546875,215.5589246749878,801.2061309814453,247.69925594329834,808.0384826660156,265.5146598815918,838.3057403564453,250.4880452156067,825.3941345214844,226.01889610290527,820.6719970703125,249.68398332595825,825.91796875,266.4349579811096,134,1787748948.9910321
822.4569702148438,336.3605332374573,786.3597106933594,310.676794052124,763.9578247070312,275.60882091522217,757.6358032226562,242.14234113693237,766.46728515625,216.32138013839722,770.3030395507812,247.68155336380005,746.2738037109375,221.19802236557007,725.733642578125,202.38090991973877,711.2074279785156,187.26131916046143,790.8564758300781,242.0640206336975,780.1822662353516,208.12049388885498,775.1742553710938,228.29551219940186,777.1780395507812,250.44476509094238,814.04296875,242.93297052383423,801.4308166503906,219.95530128479004,797.1395874023438,246.49914979934692,802.2374725341797,267.9417586326599,838.1073760986328,249.55474376678467,824.9153137207031,226.69646501541138,818.0352020263672,245.58953762054443,821.0821533203125,264.4960427284241,135,1787748949.038785
821.7088317871094,335.61957836151123,786.3900756835938,310.1603293418884,764.0110015869141,276.1670207977295,756.6695404052734,243.25129508972168,766.1878967285156,218.84448051452637,771.187744140625,248.37785482406616,746.5549468994141,222.41617441177368,724.8200988769531,204.72996711730957,709.5494842529297,189.55626010894775,791.2203979492188,243.1606364250183,779.8773956298828,211.77439212799072,777.5580596923828,235.0550651550293,782.8352355957031,256.96624517440796,813.8602447509766,243.90144109725952,801.468505859375,220.01145601272583,797.6508331298828,246.14537715911865,804.2680358886719,266.827654838562,837.7256011962891,249.83899354934692,825.5007934570312,226.478111743927,818.9517211914062,244.81513023376465,822.8207397460938,263.37520122528076,136,1787748949.099528
843.8809204101562,339.8034167289734,807.5678253173828,318.18140029907227,782.9358673095703,287.3699426651001,780.0104522705078,258.2729959487915,788.7593078613281,236.83875560760498,776.8255615234375,257.01409578323364,750.7250213623047,235.0142741203308,728.1650543212891,219.90993976593018,710.9519958496094,206.60341501235962,798.9549255371094,250.47075033187866,787.0437622070312,226.44328594207764,791.2029266357422,251.45881175994873,799.7335052490234,267.3449993133545,823.2369995117188,249.91113424301147,811.1465454101562,231.7409062385559,812.3728942871094,257.5213551521301,820.2738189697266,271.0718536376953,849.2432403564453,254.42022800445557,835.7474517822266,237.80808448791504,832.2517395019531,257.5471901893616,837.0896148681641,269.7290110588074,137,1787748949.1275172
849.8234558105469,325.00622749328613,817.8140258789062,303.3345365524292,795.6123352050781,269.4192910194397,793.2691192626953,238.0639886856079,801.9496917724609,215.74112176895142,796.2676239013672,240.51183700561523,773.9429473876953,208.2014536857605,757.2331237792969,187.7213716506958,745.1194763183594,169.59227800369263,817.0832824707031,236.58976078033447,805.5243682861328,205.98517656326294,805.3045654296875,233.62276554107666,811.3742828369141,254.5786714553833,839.6584320068359,239.00407075881958,828.2908630371094,217.5276017189026,828.1198883056641,247.41809606552124,835.2078247070312,263.6803722381592,863.6091613769531,247.0752239227295,851.6385650634766,226.3826036453247,847.7077484130859,248.371160030365,852.4068450927734,262.358021736145,138,1787748949.2206564
852.1396636962891,326.63411378860474,818.6147308349609,305.1930499076843,795.8026885986328,270.48524379730225,794.2812347412109,238.6777639389038,802.5836944580078,216.40630960464478,795.2013397216797,240.78250408172607,774.4479370117188,208.70562314987183,758.1877899169922,187.36169815063477,745.8680725097656,169.18718934059143,817.3317718505859,235.78518390655518,803.2566070556641,205.48038482666016,802.8357696533203,233.59665155410767,809.1515350341797,255.5675482749939,840.8802795410156,237.53514289855957,827.1790313720703,215.9310007095337,826.8878173828125,246.59993648529053,834.2024993896484,264.7172498703003,865.2835083007812,245.8915114402771,851.8953704833984,225.52182912826538,847.2877502441406,247.81100749969482,852.0458221435547,262.74986028671265,139,1787748949.2845273
852.0482635498047,328.58832836151123,816.9401550292969,304.7105312347412,794.8014068603516,268.50603103637695,792.4585723876953,235.670964717865,802.4199676513672,214.06617879867554,795.2516937255859,241.36108875274658,774.0712738037109,209.96525287628174,757.0304870605469,189.11318063735962,744.0672302246094,171.37946605682373,817.0330810546875,236.86504125595093,803.7312316894531,205.11513233184814,803.0204772949219,232.1027684211731,808.6050415039062,253.2992148399353,840.6566619873047,238.7661051750183,828.4854125976562,217.5736927986145,827.4862670898438,247.75227785110474,834.4046783447266,265.8855128288269,864.8723602294922,246.96332216262817,853.6312103271484,226.1728549003601,848.4201812744141,247.82849550247192,852.6686096191406,263.1619119644165,140,1787748949.350946
852.3291015625,329.1503691673279,816.7828369140625,304.42840576171875,794.8469543457031,267.95780897140503,792.6615905761719,235.54700374603271,802.0036315917969,214.31530237197876,795.2480316162109,240.87571620941162,773.8620758056641,209.8433518409729,756.8134307861328,189.25840616226196,743.6498260498047,171.7477011680603,817.0928955078125,236.48330926895142,804.2645263671875,205.54173231124878,803.5479736328125,232.03279495239258,808.7037658691406,253.36148500442505,840.7143402099609,238.57234239578247,828.5774993896484,217.78316259384155,827.7444458007812,247.63769388198853,834.5207214355469,266.0055685043335,865.0535583496094,246.9218873977661,853.6647033691406,226.37292623519897,848.4690856933594,247.7857518196106,852.6390838623047,263.3900284767151,141,1787748949.4054086
863.9118194580078,345.26840686798096,829.9034118652344,322.9909014701843,805.4189300537109,295.1577687263489,796.4926147460938,266.9412088394165,789.6636962890625,248.183491230011,791.1042022705078,264.71540451049805,767.7290344238281,238.78764867782593,749.53369140625,221.04578018188477,733.5387420654297,207.7807331085205,811.8103790283203,258.8738536834717,803.505859375,228.5629177093506,809.3347930908203,246.52275323867798,812.4811553955078,265.75080156326294,834.6826171875,257.96979904174805,831.0992431640625,236.20418787002563,834.8712158203125,258.8584899902344,836.7319488525391,276.8993926048279,858.4004974365234,262.8147482872009,854.7767639160156,243.65978479385376,853.9328002929688,260.4512071609497,854.0377044677734,274.46274518966675,142,1787748949.4446342
872.5759887695312,339.6551012992859,838.8137817382812,320.6126403808594,818.9495086669922,286.615469455719,819.1200256347656,255.8117151260376,823.4134674072266,233.92064094543457,814.3270111083984,256.7358326911926,791.7328643798828,224.67212677001953,776.3204956054688,202.87516593933105,763.8256072998047,185.1470947265625,835.6681823730469,252.20693349838257,825.8219909667969,217.82296657562256,823.6412048339844,233.6314558982849,824.8152160644531,254.1973900794983,858.4355926513672,254.3071460723877,852.9676055908203,231.9386601448059,853.5861206054688,256.8339800834656,856.7529296875,276.12831115722656,882.2537231445312,262.07890033721924,876.5785980224609,242.13163375854492,873.3976745605469,261.0683298110962,874.2453002929688,276.2644600868225,143,1787748949.5011544
873.5017395019531,341.24438524246216,840.7972717285156,320.36978244781494,820.8738708496094,286.7708444595337,821.2929534912109,256.39448404312134,827.0764923095703,235.263934135437,814.6141815185547,257.87989139556885,792.5063323974609,224.82934713363647,777.2967529296875,202.49957084655762,765.6095123291016,184.04193878173828,835.9246826171875,252.33404874801636,824.7168731689453,219.54895734786987,825.1945495605469,239.09530878067017,828.7849426269531,259.13928508758545,859.0561676025391,253.61801147460938,851.8975067138672,233.03843021392822,852.9318237304688,258.6855411529541,857.4497222900391,275.795738697052,883.0734252929688,261.27367973327637,876.2501525878906,242.90541887283325,872.9869842529297,262.1243476867676,874.9391174316406,275.65789461135864,144,1787748949.547999
874.8563385009766,348.92067432403564,843.3780670166016,326.13887071609497,821.9945526123047,289.09552574157715,817.1623229980469,257.485671043396,818.3076477050781,233.76929998397827,819.8494720458984,263.18079471588135,794.9455261230469,232.96500205993652,778.5084533691406,211.82945251464844,766.9967651367188,193.24942588806152,841.3861846923828,258.3477544784546,831.5346527099609,224.6457552909851,833.2177734375,250.72043180465698,838.1678771972656,271.6555881500244,865.6024932861328,260.68891525268555,857.5004577636719,238.56914520263672,858.3189392089844,267.69675493240356,863.5089111328125,284.1793155670166,890.4463195800781,269.26265001296997,880.8561706542969,248.26460123062134,877.7529907226562,269.5263433456421,880.8622741699219,282.8766417503357,145,1787748949.591439
875.0569152832031,346.9508171081543,842.91259765625,324.5579767227173,821.93115234375,288.7253165245056,817.8116607666016,256.97420597076416,818.4995269775391,233.26534509658813,819.0648651123047,259.8093867301941,793.9064788818359,229.6859049797058,777.7817535400391,208.36878061294556,766.6093444824219,189.4891619682312,840.9912109375,255.39562940597534,832.72705078125,224.02462005615234,835.5477905273438,252.26855993270874,841.2445831298828,274.48293685913086,865.1229095458984,258.1036949157715,857.6967620849609,236.56549215316772,857.9022216796875,265.6660223007202,863.3079528808594,282.4072551727295,889.6372985839844,266.87005519866943,880.7514190673828,246.6214370727539,876.7253875732422,267.76702880859375,879.7402954101562,281.6059613227844,146,1787748949.6382651
896.6063690185547,359.20005798339844,866.6815948486328,331.7810583114624,849.7115325927734,296.7586398124695,848.1014251708984,266.00056886672974,850.1121520996094,247.2046136856079,844.0563201904297,273.23646068573,831.1048126220703,244.6619439125061,821.4439392089844,230.95317363739014,812.8993988037109,221.7694616317749,865.7634735107422,272.4728465080261,867.2849273681641,245.6844663619995,867.2793579101562,262.8604745864868,865.0375366210938,280.97068548202515,887.6934051513672,276.55765771865845,890.2297210693359,257.2079873085022,887.7226257324219,276.3640022277832,885.7612609863281,292.2697591781616,908.9467620849609,285.81486225128174,909.9660491943359,269.79087352752686,904.8822021484375,284.12983417510986,902.3430633544922,296.5652847290039,147,1787748949.7081838
904.0086364746094,354.95352029800415,879.1056823730469,333.76248121261597,863.1064605712891,296.17115020751953,864.8468017578125,263.286817073822,871.9960784912109,238.00989389419556,855.9058380126953,267.78453826904297,838.7153625488281,234.01018381118774,827.4567413330078,211.64176225662231,819.2097473144531,192.10903644561768,879.2136383056641,265.5821442604065,878.0177307128906,233.15245628356934,876.8910980224609,256.4281940460205,876.4450073242188,275.8686304092407,902.4680328369141,270.54309368133545,901.8524169921875,252.88212060928345,899.5226287841797,281.39636278152466,899.7358703613281,295.57793140411377,924.486083984375,280.99458932876587,923.0573272705078,263.86387825012207,917.9984283447266,284.48867082595825,916.9241333007812,296.198787689209,148,1787748949.7780907
905.5677795410156,356.1577248573303,879.7877502441406,333.8504362106323,864.5913696289062,296.71475887298584,865.2065277099609,264.4098687171936,868.4641265869141,241.41561269760132,855.8850860595703,265.9289216995239,838.5155487060547,232.20911264419556,827.9824066162109,209.58455085754395,819.7010803222656,189.86731052398682,879.3240356445312,264.38502073287964,878.4719085693359,231.46538972854614,878.1903839111328,254.76159811019897,877.4821472167969,274.42821979522705,902.9249572753906,270.57796239852905,902.830810546875,252.9230833053589,900.0662994384766,280.34422874450684,899.7420501708984,294.77880477905273,924.9362182617188,283.131902217865,923.3388519287109,265.75170278549194,918.0500793457031,285.6235671043396,916.9040679931641,297.34870433807373,149,1787748949.832694
913.7217712402344,374.0009593963623,886.0888671875,342.30656147003174,871.5309143066406,305.89808464050293,870.8434295654297,274.61833477020264,875.8269500732422,254.59083795547485,864.7874450683594,284.39505100250244,852.449951171875,258.23975801467896,845.5678558349609,239.91020679473877,839.9673461914062,225.3347396850586,886.8985748291016,283.04375410079956,887.4493408203125,249.7904133796692,891.2884521484375,266.39933824539185,892.3964691162109,286.3760447502136,910.2973937988281,286.99241638183594,915.5011749267578,266.6373682022095,915.5203247070312,291.3184118270874,914.5514678955078,310.8375120162964,932.6877593994141,297.12876319885254,935.9933471679688,280.7264542579651,932.8718566894531,298.1505560874939,931.1911773681641,312.07836627960205,150,1787748949.8750293
921.9374847412109,368.85626792907715,897.6247406005859,342.2596335411072,883.45947265625,305.6602478027344,887.3867797851562,273.4109115600586,899.3585968017578,249.78770971298218,879.1600799560547,280.19033432006836,868.8893127441406,247.62629985809326,864.4300842285156,225.09308338165283,862.0423889160156,205.59157848358154,901.4915466308594,279.9725389480591,904.8722076416016,250.83653926849365,903.6080169677734,275.2912902832031,901.5276336669922,296.3156032562256,923.7178039550781,285.2294325828552,926.2093353271484,265.9972643852234,922.9583740234375,292.2510266304016,921.5636444091797,307.82013416290283,944.6504974365234,295.85469245910645,946.5930938720703,278.19685220718384,941.5467071533203,297.348575592041,939.2123413085938,309.9637985229492,151,1787748949.933577
920.4443359375,370.1575469970703,897.0912933349609,342.33492851257324,883.4824371337891,305.9185552597046,886.4262390136719,273.04033756256104,896.7100524902344,249.47389125823975,879.0158843994141,280.1802921295166,868.5137939453125,246.4626932144165,864.3486785888672,223.37477445602417,861.7984771728516,203.01101446151733,901.6792297363281,279.65850591659546,904.4605255126953,251.13420009613037,904.4009399414062,275.3301501274109,903.4413909912109,294.78060722351074,923.8103485107422,285.0116801261902,925.9099578857422,266.7979574203491,923.1067657470703,291.9909596443176,922.177734375,306.724591255188,944.3507385253906,295.79761505126953,945.5695343017578,279.7893977165222,940.6392669677734,298.4457063674927,939.2002868652344,310.3535556793213,152,1787748949.9689445
920.7213592529297,365.0772714614868,898.3962249755859,335.588915348053,885.9999084472656,299.88064527511597,892.5431823730469,266.9936728477478,905.0254058837891,241.59544944763184,884.0802764892578,272.7032160758972,874.4298553466797,234.29280281066895,869.9607086181641,209.90154504776,867.3609161376953,188.00289630889893,907.5241851806641,273.4920644760132,912.9148864746094,240.63966035842896,910.0691223144531,265.4308032989502,907.2807312011719,286.3569903373718,929.8690795898438,281.11709117889404,933.3225250244141,259.64351892471313,927.1314239501953,285.9205198287964,924.6810913085938,301.2617039680481,949.8275756835938,293.941547870636,951.4078521728516,274.8817276954651,943.7802124023438,293.34669828414917,940.68359375,305.60752630233765,153,1787748950.0055652
923.1754302978516,367.6841640472412,901.4704895019531,337.0457410812378,888.232421875,300.6537437438965,892.9323577880859,266.8886375427246,904.0628051757812,242.0241093635559,882.8606414794922,274.0068554878235,872.8539276123047,235.67326068878174,869.8872375488281,211.4528489112854,868.4095001220703,188.91802310943604,906.4431762695312,274.15055751800537,909.9073028564453,244.32488679885864,908.4051513671875,267.62725353240967,906.2360382080078,284.8978900909424,929.0732574462891,280.6507086753845,931.9050598144531,260.39037466049194,926.46484375,285.09527921676636,924.0049743652344,297.9064965248108,949.1951751708984,292.60623693466187,950.7417297363281,277.19029426574707,943.5895538330078,294.47174549102783,940.8256530761719,304.2379903793335,154,1787748950.0397532
914.0538024902344,379.2854690551758,889.7819519042969,343.7756824493408,878.4866333007812,307.96117544174194,882.9458618164062,276.6118383407593,894.337158203125,253.01498651504517,880.6367492675781,285.4408121109009,868.2418823242188,252.93231010437012,858.6191558837891,233.95132541656494,854.0432739257812,218.31904649734497,900.9205627441406,286.99634313583374,903.6676025390625,252.94436931610107,897.2084808349609,269.5234251022339,894.2768859863281,288.3671021461487,921.7630004882812,293.61852407455444,923.1126403808594,268.3173108100891,914.7541046142578,289.3146514892578,912.9403686523438,307.46108293533325,941.7822265625,305.3195858001709,940.2557373046875,283.55427503585815,931.4562225341797,299.0713047981262,929.0830993652344,313.6838936805725,155,1787748950.0661173
913.0912780761719,377.11116313934326,888.9596557617188,342.9560852050781,877.5112152099609,306.9044065475464,881.1063385009766,275.6937503814697,891.6687774658203,253.3109951019287,878.8908386230469,288.6212468147278,864.4509887695312,255.16639709472656,856.7449951171875,231.53802394866943,853.8052368164062,212.95331954956055,898.9676666259766,288.09564113616943,903.7510681152344,252.3226547241211,900.1732635498047,265.6629753112793,896.5396118164062,285.8647298812866,920.4000854492188,293.1079387664795,923.6698913574219,267.7355718612671,916.9929504394531,286.5127730369568,913.9962768554688,305.4883289337158,940.6484222412109,303.7963056564331,942.1179962158203,281.0993242263794,934.3269348144531,294.84676122665405,930.2999114990234,310.6678032875061,156,1787748950.0986376
917.2308349609375,393.9515733718872,891.1501312255859,366.3594102859497,875.9777069091797,332.3705005645752,878.1834411621094,300.0311279296875,884.9491119384766,276.7842507362366,865.7843017578125,310.0437927246094,858.0867004394531,287.5236654281616,854.9539947509766,274.80553150177,853.3859252929688,262.5937557220459,887.7208709716797,306.76915884017944,886.6908264160156,276.3179111480713,888.1546783447266,281.63623809814453,889.1716766357422,284.90063667297363,910.4393005371094,309.33393001556396,912.4021911621094,286.3614749908447,910.4634857177734,301.82204961776733,909.6352386474609,310.8292078971863,932.8851318359375,316.7736482620239,933.6157989501953,298.767614364624,929.4766998291016,310.868775844574,927.3358917236328,319.44401264190674,157,1787748950.1419024
917.7388763427734,395.5327033996582,893.7371063232422,368.04516792297363,877.3745727539062,332.894926071167,871.8236541748047,301.5946412086487,872.8192138671875,277.6445531845093,867.9886627197266,313.17116260528564,857.8082275390625,291.79773330688477,853.662109375,276.1590600013733,850.8437347412109,262.57264137268066,888.4786987304688,309.66744661331177,884.8933410644531,282.9248785972595,885.8899688720703,278.2747435569763,886.2416839599609,274.61992263793945,910.6924438476562,312.55079984664917,910.9648132324219,290.1805114746094,909.6195983886719,295.5453372001648,908.5488128662109,298.51361989974976,932.7902221679688,320.16775846481323,931.6319274902344,301.48831844329834,928.2368469238281,309.11722898483276,925.8362579345703,315.7865524291992,158,1787748950.1872382
918.8933563232422,399.03356552124023,892.8520965576172,368.32454681396484,880.1295471191406,330.75199127197266,876.3333129882812,300.28666734695435,873.1154632568359,277.0899796485901,893.7995147705078,314.4130039215088,891.3867950439453,286.1537218093872,883.431396484375,274.9444055557251,876.6257476806641,272.7251887321472,911.3497161865234,316.96932077407837,908.4521484375,288.5605001449585,900.2133178710938,282.6139569282532,892.9202270507812,284.33576345443726,928.3396911621094,322.4908947944641,926.0140228271484,296.17653608322144,915.9130859375,292.60982036590576,908.0967712402344,295.24248361587524,946.788330078125,330.57790517807007,942.0581817626953,306.9822335243225,932.8578186035156,302.63784885406494,924.4160461425781,304.60543155670166,159,1787748950.2278225
918.2772827148438,396.5582084655762,893.826904296875,362.79842376708984,883.1009674072266,325.7380199432373,880.8783721923828,296.2918496131897,878.4500885009766,275.3947162628174,899.8744201660156,313.6711263656616,899.1355133056641,287.62614727020264,890.2177429199219,276.40498638153076,879.5692443847656,273.0672883987427,917.0647430419922,317.9494857788086,916.4869689941406,292.9714035987854,907.5556945800781,289.45899724960327,898.0040740966797,291.33291721343994,933.6412048339844,325.00412464141846,933.9041900634766,301.8732261657715,923.9188385009766,301.79168701171875,915.7612609863281,305.68129777908325,951.1769866943359,335.4586672782898,949.1115570068359,313.4511423110962,940.3486633300781,313.3217525482178,932.960205078125,318.2054328918457,160,1787748950.2661314
931.0894775390625,395.440993309021,910.8168792724609,368.7712097167969,900.4539489746094,332.34670400619507,905.8824920654297,306.481990814209,915.9257507324219,290.3711414337158,896.1857604980469,309.29320335388184,891.5489196777344,281.5991163253784,892.4215698242188,263.65232706069946,894.0029144287109,246.97214126586914,918.4499359130859,310.9232783317566,923.7616729736328,291.7808246612549,925.4602813720703,306.1844801902771,925.2512359619141,313.4313154220581,940.9268951416016,318.61400842666626,947.0173645019531,310.53982973098755,942.8775024414062,329.9021601676941,939.8557281494141,336.9444179534912,961.3217926025391,331.0420775413513,966.4028930664062,321.87145471572876,959.4461059570312,336.78852796554565,954.6149444580078,344.0861749649048,161,1787748950.3025303
931.910400390625,400.3405952453613,913.9366149902344,371.91441535949707,904.0251922607422,333.0799341201782,909.0040588378906,303.94577980041504,918.5633850097656,283.2653474807739,895.3854370117188,310.3942394256592,890.8482360839844,282.864453792572,892.5173187255859,265.2617597579956,895.9809112548828,247.6210641860962,917.6702117919922,312.06066370010376,925.2135467529297,288.93096685409546,926.2514495849609,310.80249309539795,924.7871398925781,322.1103858947754,940.3086090087891,319.3155026435852,947.8052520751953,309.2443013191223,943.6887359619141,332.86851167678833,939.8201751708984,340.06861209869385,960.2593231201172,331.60759449005127,965.7570648193359,321.4232897758484,959.1215515136719,338.9884328842163,953.6880493164062,346.4331293106079,162,1787748950.3352957
930.4452514648438,417.25069999694824,910.3687286376953,379.3429756164551,905.0393676757812,336.59034490585327,911.5278625488281,305.58008193969727,915.6363677978516,284.7694230079651,908.3566284179688,319.12957191467285,917.2818756103516,291.9209861755371,916.5941619873047,298.5458707809448,914.5549011230469,307.9288172721863,927.1607208251953,326.3154458999634,933.8613128662109,301.7857003211975,930.4904937744141,313.9190912246704,927.7679443359375,325.7492208480835,946.2487030029297,335.84080696105957,949.7251129150391,314.4002366065979,943.3362579345703,327.97006845474243,939.5565795898438,338.92242908477783,964.4586181640625,347.602744102478,962.7968597412109,327.3058891296387,955.1622009277344,337.91675090789795,951.4369201660156,347.88055658340454,163,1787748950.3720477
934.4706726074219,415.7864713668823,911.3211059570312,379.4003963470459,902.0311737060547,338.2230806350708,906.7338562011719,307.5361204147339,910.6141662597656,287.0470905303955,904.8251342773438,318.19114208221436,907.7687835693359,292.16899394989014,907.7772521972656,285.5918312072754,907.7065277099609,282.9710555076599,924.3374633789062,324.8764729499817,927.9949951171875,299.3555760383606,924.6248626708984,309.2297315597534,922.9413604736328,317.82634019851685,944.5819854736328,333.9322543144226,946.8552398681641,313.42228174209595,940.526123046875,329.7009515762329,938.3383941650391,340.72721242904663,964.6080780029297,346.4293098449707,963.6334991455078,327.2057890892029,955.6478118896484,340.43824195861816,952.6239013671875,351.7425727844238,164,1787748950.394174
941.9315338134766,414.6070718765259,927.0513153076172,379.71466541290283,926.7230224609375,342.3185348510742,942.952880859375,319.98727798461914,961.1302185058594,311.25945568084717,924.2539215087891,320.49164056777954,928.1159973144531,291.20043754577637,939.5442962646484,275.2350926399231,951.6094970703125,263.7488651275635,946.3273620605469,328.6234974861145,958.3427429199219,309.19469118118286,954.7234344482422,326.05713844299316,949.0508270263672,341.96632862091064,966.1083221435547,340.01108407974243,975.6884765625,328.7360644340515,968.4901428222656,346.2570905685425,961.2436676025391,359.1728711128235,983.4037780761719,354.96753215789795,990.9921264648438,344.4385313987732,981.5286254882812,356.88623428344727,973.2997131347656,366.6370725631714,165,1787748950.4421463
943.7839508056641,415.1375913619995,929.4405364990234,380.72824001312256,928.9400482177734,342.52665281295776,946.3483428955078,320.02944231033325,965.9516906738281,313.2786011695862,924.5905303955078,321.1438035964966,928.9842987060547,291.86038970947266,939.6337127685547,277.0739722251892,950.7366943359375,265.8183288574219,946.3275909423828,328.7976050376892,960.02197265625,308.9576053619385,955.0152587890625,327.0436763763428,947.22412109375,341.73911333084106,966.3829803466797,339.8669099807739,977.1158599853516,328.17368030548096,969.1947174072266,346.5691065788269,962.1204376220703,358.24280977249146,983.717041015625,355.15462160110474,991.8753051757812,345.0634217262268,982.5601959228516,358.8220167160034,975.0954437255859,368.33544731140137,166,1787748950.4689708
952.6252746582031,417.12538719177246,940.3585815429688,385.85482120513916,941.1310577392578,349.44432735443115,954.6469116210938,323.2254123687744,967.2750091552734,308.8504886627197,933.3168029785156,319.6811842918396,941.1604309082031,284.4910526275635,951.1660766601562,261.4399766921997,960.3549194335938,242.54870653152466,957.6435089111328,328.65615606307983,977.9940032958984,304.7958254814148,972.7863311767578,326.6126561164856,964.4613647460938,344.1125679016113,979.5134735107422,342.1928143501282,992.4066162109375,330.0943994522095,983.2621002197266,352.7226519584656,975.4528045654297,364.290976524353,996.5579986572266,359.8134684562683,1006.3729095458984,347.56330490112305,997.1002960205078,363.9443063735962,988.9581298828125,373.0733013153076,167,1787748950.5101178
950.91552734375,420.5064296722412,939.3993377685547,387.609543800354,940.0346374511719,350.11314153671265,954.0567779541016,322.4138402938843,970.58349609375,308.8896059989929,933.7051391601562,318.92733335494995,941.8793487548828,283.56669902801514,951.490478515625,260.48938035964966,960.3942108154297,241.08585119247437,957.8453826904297,327.7269744873047,977.4626922607422,305.18633365631104,971.7341613769531,330.2643013000488,962.8139495849609,350.76112031936646,979.5555877685547,341.22018098831177,992.1988677978516,330.2016234397888,982.3647308349609,354.3165063858032,973.8983917236328,369.19753074645996,995.8211517333984,359.36721324920654,1006.4675903320312,347.84749031066895,996.4425659179688,364.6477746963501,987.7996826171875,375.7131099700928,168,1787748950.5449407
950.1130676269531,440.84203720092773,973.1111145019531,409.6301794052124,977.3403167724609,381.9684076309204,980.2356719970703,358.3812975883484,976.0194396972656,342.9104447364807,946.864013671875,356.3124132156372,956.4127349853516,320.00603199005127,958.9533996582031,312.47814416885376,956.5798187255859,311.5166902542114,940.7627105712891,351.797890663147,958.3853149414062,324.89662170410156,961.7086791992188,342.63580799102783,957.8121948242188,356.6652202606201,932.9138946533203,347.5149607658386,950.1646423339844,317.7989172935486,953.8579559326172,334.91533756256104,947.5229644775391,347.824444770813,923.8671875,345.46959400177,926.3896942138672,309.79241609573364,930.4621887207031,307.9354476928711,927.9353332519531,311.1100673675537,169,1787748950.574682
950.7860565185547,447.28508949279785,974.3690490722656,417.45553493499756,977.1297454833984,389.95203495025635,979.3276977539062,365.90073108673096,976.5386962890625,349.48827266693115,949.4474029541016,368.0993700027466,964.8348236083984,342.7834367752075,975.7230377197266,354.9428129196167,978.6591339111328,374.28574562072754,943.2282257080078,362.2674751281738,961.5731811523438,337.21259593963623,972.2949981689453,353.53426694869995,973.3306884765625,369.4581127166748,935.2021026611328,355.8940315246582,953.0689239501953,328.3585596084595,963.3889007568359,345.0426721572876,962.8676605224609,362.2388505935669,925.1074981689453,351.16639137268066,937.6742553710938,321.8622922897339,949.2618560791016,330.928738117218,953.6319732666016,344.7031044960022,170,1787748950.6049256
953.0342864990234,457.4407482147217,946.5131378173828,426.1762762069702,940.5896759033203,389.2552185058594,940.76416015625,363.14990043640137,940.1985931396484,346.27254009246826,918.9064025878906,370.23784160614014,916.3582611083984,329.8926544189453,917.5993347167969,302.10657835006714,918.3293914794922,282.5739598274231,933.9218902587891,371.9902467727661,946.746826171875,344.37860012054443,956.4408111572266,346.6514825820923,959.3862915039062,352.5632858276367,951.4582824707031,377.0149040222168,963.3786010742188,354.61740732192993,968.2305145263672,360.3335380554199,967.23388671875,367.6264429092407,966.8765258789062,384.5276212692261,975.6031036376953,367.0534372329712,977.4232482910156,371.78648471832275,975.4583740234375,379.95636463165283,171,1787748950.63422
953.292236328125,462.2524166107178,960.7547760009766,431.24929904937744,957.2735595703125,393.6879014968872,956.883544921875,368.43732833862305,951.6023254394531,352.93705701828003,924.8249053955078,372.2955894470215,921.9380187988281,331.87021493911743,924.9160003662109,307.32308864593506,926.0697174072266,291.65390253067017,932.4617004394531,374.3082332611084,950.9394836425781,346.2294316291809,963.3844757080078,358.01600217819214,964.8667144775391,372.4207305908203,942.0957946777344,377.6089811325073,960.5236053466797,353.77495765686035,968.4572601318359,367.86166191101074,967.1449279785156,381.7973041534424,950.3568267822266,383.18140983581543,964.8616027832031,364.7529172897339,970.4598999023438,374.21257495880127,970.3099060058594,385.86005687713623,172,1787748950.6641994
953.9698028564453,471.5981340408325,937.4153900146484,443.31366062164307,933.3973693847656,406.2426567077637,946.6148376464844,382.7695083618164,961.5352630615234,372.5859546661377,930.3415679931641,376.2199831008911,933.3641815185547,336.83910369873047,939.7476196289062,310.31403064727783,945.2298736572266,287.7795696258545,953.4256744384766,379.9680805206299,976.1035919189453,365.07426738739014,973.2216644287109,392.6538133621216,964.0267944335938,412.60627269744873,974.9234008789062,388.84735107421875,992.5687408447266,383.5707378387451,985.7781982421875,409.5342206954956,976.3312530517578,423.50797176361084,992.3420715332031,401.95438385009766,1005.3988647460938,397.7227592468262,997.6653289794922,415.98405361175537,989.2422485351562,426.95441722869873,173,1787748950.7117717
955.3480529785156,477.316517829895,941.7748260498047,446.54913425445557,938.4803771972656,409.7967338562012,948.4073638916016,382.53995418548584,960.6837463378906,370.4142665863037,928.9394378662109,376.66977882385254,931.746826171875,336.9974184036255,937.1249389648438,310.70116996765137,943.1980895996094,288.47209453582764,951.1661529541016,381.69997215270996,974.9424743652344,366.5223169326782,972.1987152099609,394.03131008148193,963.1410980224609,411.74560546875,972.7341461181641,390.6464910507202,990.2312469482422,382.3340034484863,982.8963470458984,408.0956554412842,973.4776306152344,420.1232385635376,990.3469085693359,404.2775630950928,1004.2234802246094,397.19078063964844,995.2832794189453,415.116605758667,985.1443481445312,424.90671157836914,174,1787748950.772046
948.3478546142578,502.4191188812256,936.8778991699219,468.6211824417114,936.1398315429688,430.60110569000244,949.2059326171875,403.00714015960693,955.9970092773438,385.09049892425537,913.5248565673828,403.06323051452637,912.5392913818359,360.1962089538574,917.6622009277344,330.71948289871216,919.1056823730469,308.249351978302,933.3009338378906,406.21497631073,955.0897216796875,376.94739818573,961.7910766601562,395.43288230895996,953.3116149902344,411.60072326660156,953.7153625488281,412.27659702301025,973.3860778808594,391.78104400634766,973.5919952392578,413.67400646209717,963.1792449951172,427.4451971054077,971.2252807617188,423.14791202545166,988.2053375244141,408.0218839645386,985.0798797607422,423.59002590179443,975.428466796875,436.1567974090576,175,1787748950.8124495
943.6539459228516,507.9240417480469,932.3182678222656,474.3133878707886,930.3249359130859,431.7758274078369,940.9123992919922,400.6795406341553,955.1551055908203,385.52308559417725,923.0384063720703,401.5384912490845,926.3001251220703,361.77412033081055,934.1004943847656,336.6600179672241,942.8720092773438,314.40467834472656,945.6587219238281,408.6338138580322,970.4932403564453,388.2728433609009,964.3536376953125,417.3215961456299,953.3034515380859,434.3469715118408,967.0639038085938,419.1985845565796,986.8144226074219,408.05617332458496,976.6853332519531,435.2147626876831,965.6733703613281,447.18689918518066,985.5603790283203,433.02921295166016,999.8244476318359,424.625186920166,989.6073150634766,443.56643199920654,979.2456817626953,452.3124074935913,176,1787748950.876859
945.9052276611328,509.3495178222656,932.7381134033203,474.3886184692383,931.2996673583984,432.06915378570557,942.3982238769531,399.7406816482544,959.6214294433594,384.132285118103,922.4758911132812,401.06517791748047,927.2731018066406,360.2914810180664,934.6669006347656,335.6114459037781,942.0249938964844,313.45152854919434,945.3400421142578,409.34526443481445,967.4205017089844,388.26730728149414,960.6896209716797,416.3178491592407,949.5133209228516,432.4601984024048,967.3596954345703,420.4356622695923,985.1187896728516,408.3460235595703,974.1463470458984,435.27085304260254,962.7365112304688,446.3841676712036,984.8599243164062,434.56347942352295,999.15771484375,423.8216829299927,988.6380004882812,443.23731422424316,977.1004486083984,452.48475551605225,177,1787748950.9247434
945.8518218994141,512.3297309875488,933.7200927734375,477.33853340148926,931.8338775634766,434.0032196044922,942.1085357666016,400.3915786743164,957.6765441894531,383.745059967041,922.7395629882812,401.8295431137085,927.462158203125,360.82805156707764,934.3109130859375,335.63618659973145,941.2058258056641,313.13292503356934,944.8777770996094,409.1749334335327,966.9970703125,389.04523372650146,960.8237457275391,417.74285316467285,950.5497741699219,433.99553775787354,966.4887237548828,419.6240472793579,984.6517944335938,408.1844902038574,974.1515350341797,435.5265426635742,963.1224822998047,446.589560508728,984.2363739013672,433.6095142364502,998.0921936035156,422.8161334991455,987.8778839111328,442.40033626556396,976.8268585205078,451.69331073760986,178,1787748950.9569788
941.0357666015625,519.580020904541,926.8340301513672,476.00905895233154,923.45703125,434.5154571533203,930.6795501708984,400.31866550445557,944.4907379150391,386.72565937042236,916.143798828125,408.9513874053955,919.4094848632812,368.6314344406128,926.9747924804688,343.49128246307373,934.9948120117188,321.3946008682251,939.0114593505859,414.8680830001831,958.0483245849609,386.7211103439331,952.3782348632812,411.0981845855713,940.9634399414062,426.32630825042725,961.0675048828125,423.3126211166382,977.0281219482422,407.25224018096924,967.6028442382812,431.9071912765503,957.1910858154297,444.3002414703369,980.1721954345703,437.4469184875488,992.2463989257812,425.24024963378906,982.2238922119141,441.0826635360718,971.8201446533203,452.040753364563,179,1787748950.9806418
925.418701171875,518.9716529846191,912.0912170410156,480.91265201568604,910.9270477294922,437.27405548095703,922.3159790039062,401.6490411758423,940.0004577636719,381.3649320602417,906.9724273681641,409.9391269683838,911.6452789306641,371.2652778625488,920.5081939697266,347.3096966743469,930.4289245605469,326.3009834289551,930.6082916259766,416.5810489654541,950.9865570068359,381.7496681213379,942.6976776123047,408.20603370666504,932.2991943359375,429.5519971847534,952.7406311035156,427.9008722305298,968.2794952392578,410.4526090621948,955.0540924072266,437.845516204834,944.7882843017578,453.25843334198,971.1083984375,444.0470838546753,983.1142425537109,429.9093532562256,970.7495880126953,448.2666063308716,960.8025360107422,459.6666383743286,180,1787748951.028701
925.8728790283203,517.9216003417969,911.4833068847656,480.2532148361206,908.7545013427734,437.613000869751,917.5910949707031,402.52691745758057,934.9893951416016,382.1865463256836,908.4674835205078,411.54879570007324,913.4725952148438,373.0264377593994,920.8599853515625,348.25711727142334,929.2666625976562,326.20721340179443,931.629638671875,417.6296854019165,948.8593292236328,383.27247619628906,941.4541625976562,407.7514314651489,934.3345642089844,425.2470302581787,954.2047882080078,428.6958360671997,965.82763671875,409.86114978790283,953.9689636230469,434.90899085998535,947.5547027587891,446.77298069000244,973.8298034667969,444.2804145812988,982.5649261474609,428.96246910095215,970.919189453125,446.25216007232666,963.8794708251953,456.37245655059814,181,1787748951.08684
908.5970306396484,510.3648519515991,890.7203674316406,468.55899810791016,889.4136047363281,427.8192472457886,896.9715881347656,398.1851291656494,905.6056976318359,381.7156791687012,908.5404205322266,407.0074510574341,915.6478881835938,372.22503662109375,911.5885162353516,357.70714044570923,909.2244720458984,350.40998697280884,927.2212219238281,415.50837993621826,937.1199798583984,384.67859745025635,926.4591217041016,393.23222637176514,917.9568481445312,407.41626262664795,944.9166870117188,428.33959579467773,953.5184478759766,400.4353952407837,941.7481231689453,409.97418880462646,934.8857116699219,425.0718069076538,962.9107666015625,445.9504222869873,969.3737030029297,419.80896949768066,959.0573883056641,425.34492015838623,952.4930572509766,437.1259546279907,182,1787748951.1413991
910.00732421875,508.1307649612427,891.9219207763672,468.59384536743164,889.9828338623047,426.71645164489746,897.9020690917969,396.4981698989868,906.8046569824219,379.55931186676025,906.0987854003906,406.2742853164673,911.4414215087891,373.26504707336426,911.854248046875,355.57658672332764,913.7358093261719,343.6772346496582,925.556640625,414.2950773239136,934.5061492919922,387.345871925354,925.5713653564453,398.53862285614014,917.9238891601562,413.98969173431396,944.2451477050781,426.93883895874023,950.7115936279297,403.39573860168457,940.816650390625,415.4730176925659,934.9904632568359,431.47881031036377,961.8549346923828,444.21050548553467,967.3863983154297,420.6177520751953,957.7234649658203,427.29143142700195,951.8450164794922,439.7596263885498,183,1787748951.1804414
825.7759857177734,426.8466567993164,802.4559020996094,386.613392829895,795.0408935546875,347.41398096084595,797.3590850830078,319.20267820358276,799.5659637451172,300.29844760894775,815.1954650878906,327.31292724609375,807.9898071289062,295.9702205657959,796.4554595947266,282.6704978942871,788.9516448974609,274.68493938446045,834.1061401367188,332.2441792488098,831.3025665283203,303.57044219970703,820.7058715820312,318.0750346183777,818.8128662109375,334.5161175727844,854.0437316894531,342.77429580688477,848.1996154785156,315.82886695861816,835.9455108642578,330.85951566696167,836.01806640625,346.28451347351074,873.4765625,358.62318992614746,867.4037933349609,333.0014634132385,853.5531616210938,343.2414722442627,850.9883117675781,357.1459150314331,184,1787748951.3070724
825.0123596191406,424.0151882171631,801.8641662597656,383.9735412597656,793.7502288818359,343.47681999206543,795.5047607421875,313.70835542678833,797.5143432617188,293.56773376464844,812.0941162109375,329.8206424713135,812.9927062988281,302.13449478149414,804.3203735351562,300.7300901412964,797.6471710205078,301.33330821990967,831.1489868164062,334.69619035720825,833.0247497558594,307.45818614959717,822.3646545410156,318.83251190185547,818.1423187255859,331.61576986312866,850.8867645263672,343.7353205680847,849.5266723632812,317.4797558784485,837.2081756591797,329.54851627349854,834.2170715332031,342.27104902267456,870.2753448486328,357.4268174171448,866.8655395507812,332.1130084991455,853.9160919189453,340.48173666000366,849.931640625,353.09659481048584,185,1787748951.3461664
828.95751953125,418.4565782546997,805.5602264404297,384.9644994735718,796.4830017089844,346.3618040084839,798.2220458984375,317.582323551178,799.5936584472656,298.17660570144653,812.0526885986328,330.9760093688965,809.3672943115234,304.0039300918579,801.3657379150391,291.006224155426,794.2864990234375,281.2299370765686,830.5863952636719,334.7057819366455,830.7495880126953,308.3706307411194,823.0695343017578,318.4377336502075,819.6859741210938,330.37768363952637,849.7895812988281,342.43985652923584,847.6990509033203,317.0351314544678,837.1539306640625,328.5294485092163,834.4656372070312,340.4825520515442,868.843994140625,354.3447232246399,864.1721343994141,330.5894708633423,852.774658203125,338.96032333374023,849.2185211181641,351.17636919021606,186,1787748951.3851736
818.8999176025391,399.7002124786377,790.8972930908203,367.6879835128784,781.8378448486328,326.6874146461487,789.4333648681641,292.23718643188477,798.2012176513672,265.7343864440918,798.6328125,310.6704640388489,794.0929412841797,283.2582664489746,784.3070220947266,261.72049283981323,776.966552734375,242.61144876480103,819.7625732421875,313.4291911125183,819.4687652587891,285.8782911300659,810.9394073486328,303.1006908416748,808.62060546875,320.3736877441406,839.9674224853516,320.9474229812622,838.0007171630859,296.11960887908936,826.5050506591797,315.26886463165283,825.7683563232422,332.37043619155884,859.3608856201172,331.7407822608948,855.1824951171875,308.4294891357422,843.4860992431641,321.0747957229614,841.5556335449219,336.011438369751,187,1787748951.4210198
810.3910827636719,379.17637825012207,783.6026000976562,351.4677429199219,772.4520111083984,313.29737663269043,777.2750854492188,281.60834312438965,785.084228515625,258.02953720092773,785.1358032226562,287.15070962905884,776.76513671875,257.5606441497803,769.9055480957031,233.48039388656616,764.3209075927734,213.50465297698975,807.1112060546875,288.76580715179443,805.5137634277344,257.587251663208,797.7084350585938,276.24598503112793,794.8174285888672,297.2519302368164,828.8771820068359,297.0418167114258,824.7122192382812,273.76502752304077,815.5064392089844,297.3628878593445,815.1631927490234,316.3330578804016,850.0634765625,310.57883977890015,842.9987335205078,287.6451587677002,833.1912231445312,303.9658212661743,832.3842620849609,320.2828574180603,188,1787748951.4614506
810.23193359375,373.09003829956055,783.7534332275391,352.62540578842163,771.4612579345703,315.01386165618896,777.5880432128906,284.08820629119873,786.2224578857422,263.52890253067017,782.7325439453125,280.67452669143677,770.6930541992188,243.9939022064209,762.1757507324219,216.49121761322021,755.4142761230469,195.17477989196777,805.8197021484375,282.83524990081787,804.2131042480469,252.1393632888794,798.8629150390625,274.54582929611206,797.1109771728516,296.9700622558594,827.9550170898438,292.70455598831177,823.8059234619141,272.91133403778076,815.9941864013672,297.8603410720825,815.4168701171875,315.0460481643677,848.9573669433594,308.7825322151184,843.1891632080078,288.19790840148926,834.0962219238281,305.61962842941284,832.9624176025391,319.5891523361206,189,1787748951.5043366
785.6443023681641,366.50206089019775,758.9586639404297,338.6884117126465,747.2460174560547,300.3184461593628,748.0787658691406,270.5726623535156,754.9171447753906,249.50090646743774,761.2290954589844,269.6229028701782,748.248291015625,233.74876499176025,735.4487609863281,206.6176199913025,726.3024139404297,185.8172607421875,782.9886627197266,272.54082441329956,776.177978515625,245.88385105133057,768.5099792480469,268.104772567749,767.2077941894531,291.71430587768555,805.5225372314453,282.6989722251892,795.6181335449219,261.7805528640747,786.6114044189453,285.6810522079468,787.0831298828125,306.3036775588989,827.8219604492188,298.64856719970703,816.0755920410156,277.8618121147156,804.3572235107422,294.8600649833679,803.7105560302734,310.809531211853,190,1787748951.5457852
776.5407562255859,363.9359378814697,747.6094055175781,342.31701135635376,732.0342254638672,305.2267599105835,732.4208068847656,275.91886281967163,738.4221649169922,254.6437954902649,745.9693908691406,266.5833806991577,730.2606964111328,228.47253799438477,719.210205078125,201.37169122695923,711.6182708740234,180.89006423950195,769.4013977050781,269.10096645355225,763.7370300292969,238.74700784683228,756.0964965820312,261.98015213012695,753.8573455810547,286.0607671737671,792.6707458496094,279.19482707977295,784.9925231933594,258.5831022262573,776.0255432128906,284.71771001815796,775.2552795410156,304.9778938293457,815.2660369873047,295.4852771759033,806.9571685791016,274.55499172210693,795.1622009277344,292.554566860199,792.4491119384766,308.27563762664795,191,1787748951.5959628
777.6686859130859,367.14746475219727,748.3606719970703,345.41000604629517,732.2808837890625,306.4767551422119,731.7545318603516,275.8887577056885,736.2153625488281,254.06920194625854,746.065673828125,268.8677644729614,731.1687469482422,229.31125402450562,719.3407440185547,202.74021863937378,710.9925842285156,181.593918800354,769.0322875976562,271.2179374694824,764.6003723144531,238.38379383087158,754.8614501953125,258.15478563308716,751.7073822021484,278.97250413894653,791.8869781494141,280.59704303741455,783.0565643310547,258.25636625289917,774.2223358154297,284.2442035675049,774.5536804199219,303.2925224304199,814.8005676269531,295.9399652481079,805.4151916503906,274.1775941848755,794.3684387207031,292.477126121521,793.2741546630859,307.49964237213135,192,1787748951.6302307
770.7716369628906,363.70895862579346,740.8060455322266,338.98109436035156,724.3499755859375,299.1132116317749,727.2203063964844,265.99724292755127,737.5454711914062,243.8970422744751,738.5305023193359,262.2699165344238,725.2654266357422,223.23111534118652,713.9472198486328,196.11647129058838,704.9573516845703,174.12928819656372,762.7030944824219,264.5005488395691,757.244873046875,234.9009132385254,749.5703887939453,263.941490650177,747.5370025634766,288.6587119102478,786.1500549316406,274.49838638305664,777.1942901611328,254.3468427658081,768.9547729492188,283.55189323425293,768.7068939208984,303.3108901977539,808.7208557128906,290.3892946243286,798.255615234375,270.41574239730835,788.2567596435547,290.35322427749634,787.3831939697266,304.8474097251892,193,1787748951.6750329
770.8863067626953,366.09543800354004,740.9375,341.6738820075989,724.9790954589844,300.9967875480652,727.4008178710938,267.30324268341064,736.2496948242188,244.82839107513428,740.1869964599609,263.0884838104248,726.890869140625,223.32273960113525,714.8091125488281,196.54824256896973,705.5274200439453,174.29722666740417,763.5433197021484,265.79575538635254,757.3783874511719,235.68491220474243,749.2084503173828,263.62855195999146,748.2965850830078,285.8608031272888,786.3694763183594,275.70598125457764,776.9314575195312,255.62228679656982,768.5707855224609,284.4732427597046,769.7103881835938,301.7210268974304,808.5501861572266,291.56476736068726,798.1443786621094,271.8585777282715,787.7996063232422,292.2132396697998,787.7100372314453,305.52085876464844,194,1787748951.7089949
771.09619140625,367.59395599365234,740.8144378662109,341.9890093803406,724.9280548095703,301.31914615631104,727.2676086425781,267.8100514411926,735.9670257568359,245.27780055999756,740.6590270996094,263.4601950645447,727.3479461669922,223.83532047271729,714.7719573974609,197.29172945022583,705.1791381835938,175.06340503692627,763.8885498046875,266.2345004081726,757.2902679443359,235.86631536483765,748.6793518066406,263.7162494659424,747.9988861083984,286.1846852302551,786.6794586181641,276.1202645301819,776.5845489501953,254.83985424041748,767.8739929199219,283.4878206253052,769.2027282714844,301.5202260017395,809.0284729003906,291.91096544265747,797.694091796875,271.4775323867798,787.0880126953125,291.666476726532,787.2621917724609,305.7330536842346,195,1787748951.7456415
769.9077606201172,362.2544288635254,739.9120330810547,335.36680698394775,723.4465026855469,296.2159323692322,723.9039611816406,262.25064754486084,733.8379669189453,238.32186698913574,737.2071838378906,259.54050064086914,723.0982971191406,219.7606372833252,710.8573150634766,192.64689445495605,701.9391632080078,169.5739209651947,760.3797149658203,262.1744728088379,755.5007934570312,231.1940574645996,747.1876525878906,260.35863876342773,745.7623291015625,285.72016954421997,783.4470367431641,271.8305969238281,775.8766937255859,248.15742015838623,765.8182525634766,279.84782695770264,765.3231048583984,303.2760214805603,806.1474609375,287.3422408103943,796.7038726806641,264.0833902359009,784.5697021484375,285.5989122390747,782.2370147705078,304.37607049942017,196,1787748951.800078
771.531982421875,363.72239112854004,742.4379730224609,334.6821355819702,725.9561920166016,294.66773986816406,723.399658203125,259.25597190856934,734.2201232910156,233.07679653167725,737.3252868652344,259.30686950683594,723.0368804931641,220.01227140426636,711.0947418212891,193.1523299217224,703.1713104248047,169.9554705619812,760.2542114257812,260.6282114982605,756.904296875,227.830331325531,750.3239440917969,258.4735178947449,750.9304046630859,282.47053384780884,783.7079620361328,269.2718982696533,779.2720031738281,243.85266780853271,768.7943267822266,275.5722141265869,768.9902496337891,297.02505826950073,806.4993286132812,284.26349401474,800.9064483642578,260.24989128112793,788.6434173583984,282.1869707107544,786.1714172363281,300.5686640739441,197,1787748951.8515806
770.5516052246094,363.846116065979,742.1817779541016,334.00739908218384,726.29150390625,294.1852855682373,723.6135864257812,259.14703130722046,734.2555999755859,233.10288906097412,738.1021881103516,259.1002321243286,723.7248229980469,219.73186254501343,711.4137268066406,192.91661739349365,703.316650390625,169.79575037956238,760.9049987792969,260.589759349823,757.6510620117188,228.0540919303894,750.2809143066406,258.3116841316223,750.4266357421875,282.63322591781616,784.1708374023438,269.5470929145813,779.7976684570312,242.96685218811035,768.6883544921875,274.5244574546814,768.6325073242188,296.7590260505676,806.8190002441406,284.91803884506226,801.6609954833984,260.3029990196228,788.7623596191406,281.74153089523315,785.9270477294922,300.60033559799194,198,1787748951.9099438
769.4955444335938,346.6218066215515,742.0468139648438,318.6841320991516,728.0587005615234,278.070809841156,732.0560455322266,243.5167694091797,746.2628936767578,218.80377531051636,741.9969177246094,240.86455821990967,727.9945373535156,197.2363042831421,718.2434844970703,167.84949660301208,712.1073150634766,142.68994688987732,765.5001831054688,243.45327615737915,759.609375,212.681987285614,750.9030151367188,245.48488855361938,750.5410003662109,270.73378801345825,788.5694885253906,253.74428987503052,781.5913391113281,231.29344940185547,770.3155517578125,263.48088026046753,770.6046295166016,283.9011597633362,811.2979888916016,270.08042335510254,803.4050750732422,247.22583532333374,790.4079437255859,269.14031982421875,788.2368469238281,285.6265711784363,199,1787748951.9663744
766.5248107910156,347.405161857605,737.0095825195312,319.5040512084961,720.6177520751953,281.42204761505127,720.9524536132812,248.78969192504883,732.1343994140625,225.11117219924927,733.8726043701172,241.0023593902588,719.4664764404297,198.30214977264404,708.2154846191406,170.00457644462585,701.0737609863281,146.09076261520386,757.8457641601562,243.58311653137207,755.7423400878906,212.83944368362427,745.4929351806641,241.78277492523193,742.7554321289062,264.9494218826294,781.3869476318359,253.82539987564087,775.7149505615234,233.02325963974,764.0518951416016,262.8947424888611,763.3596801757812,281.9711709022522,803.7673950195312,270.6783628463745,796.845703125,248.53556871414185,783.1269073486328,269.2531657218933,780.0794982910156,285.12585639953613,200,1787748952.0247164
766.2908172607422,349.22022342681885,737.2592926025391,321.20294094085693,721.4657592773438,282.437424659729,721.1940002441406,249.88823890686035,730.5966949462891,226.22797966003418,733.3515930175781,241.67070150375366,719.0644073486328,198.1180214881897,708.6502838134766,170.11000871658325,702.0263671875,146.45684123039246,757.0732116699219,244.6532106399536,755.2452850341797,213.27100038528442,746.7872619628906,241.898775100708,744.6709442138672,265.2617597579956,780.6507873535156,254.85584020614624,775.2101135253906,232.50816822052002,764.6039581298828,262.12284564971924,763.8963317871094,281.6381049156189,803.2608795166016,271.49484872817993,797.2470092773438,248.42982530593872,784.5087432861328,269.21441316604614,781.5441131591797,285.46016693115234,201,1787748952.0790498
763.4825897216797,353.60690116882324,733.5694885253906,325.2174139022827,715.8659362792969,286.68158054351807,716.5493011474609,252.43356943130493,727.5129699707031,227.9818868637085,729.1713714599609,246.6552972793579,713.2096099853516,204.33433055877686,700.6997680664062,177.33517169952393,692.8768157958984,153.40036153793335,753.5767364501953,249.19118642807007,747.9734802246094,217.59766101837158,738.7921905517578,248.6932611465454,737.6530456542969,273.49627017974854,777.4980163574219,259.1886591911316,769.7378540039062,234.5034956932068,758.5453033447266,265.4859709739685,758.0201721191406,286.56352043151855,800.6092834472656,275.5342984199524,791.9701385498047,252.1319603919983,779.4087219238281,273.46723794937134,777.3334503173828,290.2409791946411,202,1787748952.122144
764.4155883789062,355.3726530075073,734.2659759521484,327.4144649505615,716.3285064697266,288.07907581329346,715.0339508056641,252.71734714508057,726.4938354492188,227.96311140060425,729.6202087402344,248.67712497711182,713.5732269287109,205.24203300476074,701.488037109375,177.03377723693848,693.61572265625,152.26500391960144,753.4124755859375,250.19025564193726,747.6815795898438,217.43908882141113,739.4257354736328,247.81208038330078,739.0733337402344,272.2945976257324,777.196044921875,259.15295362472534,769.3658447265625,233.32928895950317,758.67431640625,264.78370428085327,759.0043640136719,287.0152688026428,800.3651428222656,274.5142436027527,791.9901275634766,248.8425636291504,779.5899963378906,270.4974102973938,778.0014801025391,289.19843673706055,203,1787748952.1645787
764.6607971191406,356.2025713920593,734.2530059814453,328.43119382858276,716.3664245605469,288.77099990844727,715.2519226074219,253.27149152755737,725.5683898925781,227.80462503433228,730.089111328125,248.8825821876526,713.9602661132812,205.14676094055176,701.7616271972656,176.8039333820343,693.8457489013672,151.7788589000702,753.6503601074219,250.53432941436768,747.9009246826172,218.08784008026123,739.7412109375,249.2458176612854,739.6991729736328,273.8004970550537,777.2016906738281,259.58770751953125,769.6880340576172,233.91458988189697,758.9214324951172,266.04923486709595,759.3762969970703,288.24309825897217,800.1675415039062,275.0540542602539,792.0707702636719,249.19305324554443,779.495849609375,271.27368450164795,777.9927062988281,289.917676448822,204,1787748952.206344
766.5645599365234,355.94934940338135,736.6140747070312,331.5992474555969,720.2210235595703,291.8238043785095,719.7809600830078,258.28524827957153,723.8069915771484,234.19326066970825,731.1370849609375,250.71195602416992,715.0411987304688,206.24176740646362,704.1987609863281,178.19830656051636,696.7669677734375,154.6848714351654,755.029296875,253.3457350730896,751.0375213623047,222.52309799194336,744.9705505371094,251.90534591674805,743.5648345947266,275.7780146598816,778.2491302490234,262.8998064994812,774.6453857421875,241.16745471954346,766.4722442626953,272.4637269973755,765.0845336914062,292.7200698852539,800.5521392822266,278.6655521392822,797.3410797119141,256.32800817489624,786.4160919189453,278.2944631576538,783.0264282226562,294.504189491272,205,1787748952.2457545
797.6445007324219,348.69556188583374,780.234375,321.06571912765503,779.0433502197266,280.34446477890015,791.1532592773438,250.31689882278442,807.8202819824219,232.47413635253906,795.3689575195312,250.98631381988525,793.2231140136719,209.1621994972229,792.4171447753906,179.01626229286194,793.9211273193359,155.01441836357117,817.9407501220703,259.2380118370056,824.1916656494141,230.24457693099976,810.1715850830078,252.79953002929688,802.3023986816406,273.862681388855,837.0001983642578,275.96877336502075,841.3581085205078,256.2368130683899,823.5393524169922,278.6999273300171,816.9200897216797,295.4264831542969,852.5,298.12259674072266,856.3945770263672,280.1345443725586,838.9548492431641,294.67512130737305,831.4042663574219,307.4708032608032,206,1787748952.3626006
797.3139953613281,353.28370571136475,778.9773559570312,323.07490825653076,777.4370574951172,282.3003101348877,790.0144195556641,252.87660598754883,808.7789154052734,235.67283153533936,794.1703033447266,252.39737033843994,792.8714752197266,209.72050666809082,791.9965362548828,178.87803196907043,793.2790374755859,154.3525242805481,816.8091583251953,260.68970918655396,824.2394256591797,231.52334690093994,809.4066619873047,253.07798624038696,800.9706878662109,273.15794706344604,836.2613677978516,276.72389030456543,839.8580932617188,257.6847982406616,822.0846557617188,279.971444606781,815.8399200439453,296.23494386672974,851.9966888427734,298.6976623535156,855.8563232421875,280.3356671333313,838.5176849365234,294.93342876434326,831.2184143066406,307.60851860046387,207,1787748952.4008024
754.7889709472656,408.7514877319336,720.3764343261719,377.3701572418213,703.4870910644531,338.1794786453247,702.1101379394531,307.61587858200073,707.4959564208984,285.497567653656,737.5732421875,306.5970253944397,733.2314300537109,276.15878105163574,715.4702758789062,286.53794288635254,707.4834442138672,304.23178911209106,755.8460998535156,310.67617177963257,748.8843536376953,282.69521713256836,730.6013488769531,294.7164487838745,724.4657135009766,313.0004024505615,773.0971527099609,318.6830163002014,764.0094757080078,295.1276636123657,747.2868347167969,308.6462330818176,742.3362731933594,327.3323893547058,789.9114990234375,330.80724477767944,778.3984375,310.5574035644531,764.1394805908203,319.4845247268677,759.5174407958984,333.92210483551025,208,1787748952.5193758
724.7666931152344,407.4873733520508,696.3771820068359,384.0080451965332,677.0223236083984,346.34360790252686,673.7281799316406,314.7644376754761,685.1909637451172,293.57550144195557,696.7240905761719,305.5957245826721,676.9966125488281,266.30138397216797,660.7818603515625,237.15203762054443,649.6015930175781,214.9537754058838,721.0627746582031,307.66647577285767,710.8011627197266,285.0880479812622,701.0752105712891,314.70736026763916,700.0965881347656,339.43801403045654,744.4525909423828,318.16043615341187,731.6431427001953,301.5214705467224,721.9751739501953,329.09406423568726,723.5173034667969,350.0864911079407,767.2345733642578,334.6311950683594,751.1737823486328,316.3122224807739,739.1685485839844,336.3736867904663,739.1334533691406,353.0657172203064,209,1787748952.5573182
729.1143035888672,421.24680519104004,699.9755096435547,386.3162040710449,682.7544403076172,349.00935888290405,680.1457977294922,321.35363817214966,692.3572540283203,305.31806230545044,714.9141693115234,317.326397895813,711.4459991455078,286.43078327178955,701.2264251708984,302.5100898742676,699.2427825927734,321.3491106033325,735.09765625,323.3046555519104,730.2799987792969,296.81734800338745,717.3796081542969,317.73272037506104,716.1736297607422,335.64964056015015,754.4047546386719,333.1551218032837,746.9480133056641,313.31825494766235,734.3094635009766,331.92943811416626,733.9923858642578,346.43285036087036,772.0130920410156,347.2808790206909,763.7606811523438,327.7262878417969,751.1592102050781,341.1380195617676,749.2017364501953,352.3833203315735,210,1787748952.607948
729.2253875732422,420.3399181365967,699.5589447021484,386.3074064254761,682.5454711914062,349.7726511955261,679.7181701660156,323.0733847618103,688.5600280761719,305.5262017250061,718.7709045410156,318.9038372039795,713.94775390625,290.1435613632202,701.9818878173828,307.70183801651,699.9006652832031,326.8357300758362,737.6828002929688,325.1715588569641,731.4747619628906,301.0826826095581,718.2106781005859,322.04116344451904,717.5026702880859,339.89632844924927,755.6490325927734,335.49044609069824,748.0105590820312,315.98424196243286,735.2488708496094,333.9710068702698,734.4786071777344,349.1737461090088,771.4395141601562,350.0246500968933,764.0000152587891,331.21912479400635,751.6217041015625,343.5585951805115,749.0607452392578,355.3338575363159,211,1787748952.6506937
749.21142578125,424.30739879608154,720.4524230957031,387.0381259918213,707.7995300292969,346.66083812713623,708.2780456542969,319.4122552871704,716.4041137695312,302.97359704971313,738.6946105957031,326.74590826034546,741.1016082763672,300.3958225250244,733.0381774902344,313.0425238609314,728.2437896728516,330.5914878845215,760.8877563476562,332.04754114151,762.4016571044922,309.0712022781372,753.4907531738281,324.3024158477783,750.5884552001953,341.79245710372925,782.7439117431641,341.4427399635315,783.2225036621094,320.2161455154419,773.8894653320312,335.00919342041016,771.1516571044922,351.3657760620117,802.9043579101562,354.9678111076355,804.31640625,332.27786779403687,795.9737396240234,341.748104095459,792.3438262939453,355.4825162887573,212,1787748952.7008524
752.3324584960938,417.618613243103,724.8839569091797,380.7254934310913,716.5509796142578,340.5431914329529,722.2585296630859,313.9116668701172,731.3682556152344,297.4080777168274,749.7637176513672,322.9559254646301,749.9690246582031,300.2625274658203,738.5740661621094,315.99934816360474,733.5774993896484,332.90260791778564,769.9529266357422,329.10672426223755,770.7254791259766,309.9315905570984,757.9763031005859,328.71078729629517,754.3313598632812,345.1892924308777,790.4349517822266,338.87157440185547,790.6005859375,320.51136016845703,777.3201751708984,338.1495237350464,774.3187713623047,352.45400190353394,809.9939727783203,353.22057723999023,810.7798767089844,332.57617235183716,798.1477355957031,345.22658586502075,794.1077423095703,357.7292847633362,213,1787748952.7686641
762.6280975341797,408.90602588653564,743.1732177734375,386.6065263748169,740.1986694335938,340.56791067123413,755.8843994140625,309.52638387680054,779.4598388671875,298.03479194641113,768.3795928955078,317.7768588066101,765.6875610351562,285.71396827697754,759.4310760498047,261.3844871520996,756.0617065429688,243.3940315246582,790.0083160400391,325.7612371444702,788.0126953125,298.1690740585327,771.1431121826172,323.10024976730347,764.9433135986328,346.1519265174866,810.150146484375,341.2980079650879,804.9440765380859,316.15161180496216,786.7325592041016,339.72649097442627,782.1480560302734,359.6778130531311,828.4153747558594,361.2784481048584,820.0588989257812,338.5652232170105,802.8863525390625,355.0767517089844,799.1365051269531,371.2664794921875,214,1787748952.8388839
749.7144317626953,420.85503101348877,730.6710052490234,394.41428661346436,726.8575286865234,353.02812337875366,737.884521484375,327.8413438796997,756.4665222167969,316.8481707572937,778.6656951904297,320.91931343078613,771.2127685546875,301.2131667137146,750.1211547851562,317.6666736602783,742.6351165771484,333.84215354919434,797.9624176025391,331.2337803840637,784.1557312011719,313.8139271736145,760.6326293945312,331.06231212615967,754.1688537597656,345.1620411872864,812.8589630126953,347.0381283760071,796.7277526855469,333.529794216156,773.9875793457031,349.509859085083,767.4883270263672,362.274169921875,823.2139587402344,367.45473861694336,808.6042785644531,353.26319217681885,788.8997650146484,363.4024143218994,782.4790191650391,374.0706968307495,215,1787748952.9072685
728.3282470703125,439.5335912704468,705.4903411865234,413.49676609039307,692.7706146240234,376.8679618835449,695.6473541259766,353.750581741333,710.8836364746094,342.82248973846436,758.6913299560547,333.99113416671753,733.7794494628906,323.8401746749878,717.7503967285156,346.98150157928467,715.8647155761719,364.1540336608887,775.6941223144531,345.32121419906616,741.3835906982422,340.4703640937805,727.6150512695312,363.5185432434082,729.9184417724609,378.0980443954468,786.3378143310547,362.43724822998047,750.7552337646484,358.7745523452759,739.1484832763672,380.17252922058105,742.9836273193359,391.62642002105713,791.6744995117188,383.8175439834595,762.0584106445312,377.86763191223145,754.8387145996094,392.6651859283447,760.9557342529297,401.6458225250244,216,1787748952.9451208
732.3886108398438,450.33860206604004,706.6570281982422,422.530574798584,693.350830078125,384.8332214355469,692.4478912353516,360.0954866409302,704.2037963867188,349.06911849975586,751.8551635742188,339.3541359901428,724.7376251220703,334.79798555374146,713.1838226318359,359.6947646141052,714.8695373535156,374.59134578704834,770.1575469970703,349.828097820282,736.575927734375,348.152596950531,724.3373107910156,371.54109477996826,727.1086120605469,385.16972064971924,782.7616119384766,366.3363218307495,749.1996002197266,363.4816360473633,738.7572479248047,384.2090606689453,742.0366668701172,395.065655708313,790.4669189453125,387.14425563812256,762.5877380371094,381.32476329803467,754.7578430175781,395.89014530181885,759.2420196533203,404.5666837692261,217,1787748952.9861472
737.2048950195312,466.6815376281738,708.0048370361328,446.8252944946289,691.5963745117188,402.85762310028076,696.9364929199219,372.9472589492798,705.2281188964844,359.98774766921997,709.2893981933594,372.2300148010254,692.9282379150391,331.5445947647095,680.0022888183594,301.65268421173096,670.6040191650391,277.7631711959839,735.9367370605469,380.8523941040039,732.8779602050781,358.4048795700073,725.2201843261719,385.00908851623535,724.7719573974609,402.90749073028564,759.2462158203125,395.2314805984497,755.3904724121094,374.97209072113037,742.6762390136719,400.1483345031738,741.3037872314453,415.238356590271,781.5283966064453,414.2174434661865,775.56640625,397.3644161224365,762.1587371826172,415.8428192138672,759.7803497314453,428.6485433578491,218,1787748953.024818
772.2937774658203,517.3976469039917,752.0279693603516,491.02067470550537,751.2617492675781,449.70813274383545,767.8414154052734,430.3948974609375,784.8463439941406,425.7519721984863,804.9928283691406,414.1799783706665,796.2688446044922,411.5603828430176,776.1656951904297,432.262659072876,768.9298248291016,445.3395652770996,825.4808807373047,428.1545877456665,812.6460266113281,430.93421459198,792.1247863769531,451.35239124298096,787.6263427734375,458.289098739624,839.7112274169922,448.4886074066162,826.4370727539062,452.099289894104,807.4335479736328,469.27602767944336,803.6572265625,474.3156623840332,848.7167358398438,471.8522787094116,840.1058197021484,471.73816680908203,823.1424713134766,482.9955053329468,818.8613891601562,487.0747375488281,219,1787748953.2141974
764.3963623046875,537.5269603729248,740.4061126708984,516.6434955596924,735.1882934570312,476.02755546569824,742.6031494140625,449.94120597839355,741.8000030517578,431.0242509841919,785.9242248535156,448.65825176239014,772.4087524414062,446.36326789855957,757.861328125,468.069806098938,754.9185180664062,484.5768928527832,806.1322784423828,461.97110652923584,789.4007110595703,460.92504501342773,773.7380218505859,482.215518951416,770.9833526611328,495.6661319732666,820.3330993652344,479.95100498199463,802.3548889160156,479.204363822937,786.1900329589844,497.5906276702881,782.7286529541016,509.093656539917,830.5384063720703,499.9411869049072,816.0519409179688,496.81180000305176,801.429443359375,509.19485092163086,797.9186248779297,518.4401893615723,220,1787748953.2540371
736.5544128417969,411.40777587890625,713.7749481201172,387.14919090270996,702.1448516845703,350.80852031707764,701.7910003662109,324.4151544570923,704.1778564453125,302.4576258659363,725.5925750732422,318.66376876831055,717.3377227783203,281.61169052124023,702.6749420166016,257.8043603897095,690.7927703857422,240.5414915084839,744.1943359375,322.75729179382324,733.3927917480469,293.4159851074219,721.8796539306641,313.1906461715698,721.5522766113281,331.6787052154541,761.4743804931641,331.69233083724976,747.7610778808594,303.82259130477905,735.0054931640625,323.66402864456177,735.5042266845703,339.35057401657104,778.8011932373047,345.2538800239563,763.0068969726562,321.72582149505615,749.4574737548828,334.93454217910767,749.1688537597656,348.20139169692993,221,1787748953.854561
713.3419799804688,386.4468812942505,690.7645416259766,350.8445477485657,683.4996032714844,310.8871865272522,689.0208435058594,280.5827307701111,705.1205444335938,258.47381830215454,709.7728729248047,290.39137601852417,702.7574157714844,259.8582673072815,687.5324249267578,242.59417533874512,676.0440826416016,229.49538230895996,726.9529724121094,294.07276153564453,720.9606170654297,261.3646388053894,708.7931823730469,287.31876611709595,708.4836578369141,308.3523917198181,744.8947906494141,302.81890869140625,730.6279754638672,275.49264907836914,718.8493347167969,304.49859380722046,721.7186737060547,324.3940830230713,763.6840057373047,315.7366633415222,746.9186401367188,288.45505714416504,734.6138763427734,308.35050344467163,736.2484741210938,325.53897857666016,222,1787748953.8926334
710.6008911132812,389.3889856338501,686.7357635498047,357.27736473083496,681.31103515625,317.47859716415405,690.0269317626953,288.64688873291016,706.1036682128906,267.5564432144165,708.4175872802734,292.8908085823059,706.2206268310547,262.30534315109253,688.8025665283203,260.0867486000061,674.0914916992188,267.822904586792,725.92529296875,298.2665991783142,721.0617828369141,269.7998857498169,707.2207641601562,292.72491931915283,704.0478515625,313.0753540992737,744.0086364746094,308.2686424255371,731.9819641113281,282.4336051940918,718.7703704833984,307.8710746765137,717.7309417724609,328.07186365127563,762.3125457763672,322.57648944854736,746.3531494140625,297.34366178512573,734.6229553222656,314.5281457901001,734.1905212402344,331.13170623779297,223,1787748953.9321873
711.7916870117188,388.8670492172241,686.9239807128906,357.08956718444824,681.2393188476562,317.27612257003784,688.0123138427734,288.52558851242065,703.1151580810547,268.3280396461487,709.5600128173828,292.34290838241577,706.0672760009766,262.74988174438477,688.6978912353516,260.70530891418457,674.3415069580078,267.9341411590576,726.7216491699219,297.939133644104,721.9445037841797,269.603590965271,707.8321075439453,293.1434941291809,704.4879913330078,313.9948582649231,744.46044921875,308.0519413948059,732.384033203125,282.82155990600586,718.8673400878906,308.3162999153137,717.6819610595703,328.74484062194824,761.9784545898438,322.14892387390137,746.3996124267578,297.8884506225586,734.3132781982422,314.8721122741699,733.5145568847656,331.4518332481384,224,1787748953.9705117
714.6042633056641,395.67895889282227,686.8285369873047,363.02454471588135,680.51513671875,324.4994831085205,689.9835968017578,295.3749418258667,704.9543762207031,274.6477961540222,706.9121551513672,303.0332279205322,704.2044067382812,274.89646911621094,687.1710968017578,265.79328775405884,669.5986938476562,266.80593967437744,724.7595977783203,306.3435459136963,720.9627532958984,274.38966035842896,708.9179992675781,295.0376486778259,703.8381958007812,318.22723388671875,744.1061401367188,315.11542081832886,732.6261138916016,289.10786390304565,721.2418365478516,314.8651599884033,719.4824981689453,337.7656888961792,764.2690277099609,328.86277198791504,747.9066467285156,304.06405448913574,737.2210693359375,322.2854161262512,736.8226623535156,341.12619638442993,225,1787748954.012946
715.4518890380859,393.8469886779785,687.8562164306641,364.49370861053467,680.5856323242188,325.52584648132324,688.6389923095703,296.83708906173706,703.6534881591797,276.54598474502563,706.0767364501953,300.78015089035034,702.5838470458984,273.82890701293945,686.2396240234375,265.0371837615967,669.8780822753906,265.37524938583374,724.4248199462891,304.4938087463379,720.6727600097656,273.8238000869751,708.4457397460938,295.0582695007324,703.9183044433594,317.62970209121704,743.5539245605469,314.16152000427246,732.6416015625,288.67557764053345,720.8866119384766,313.9308500289917,719.7100067138672,335.60500860214233,762.8395080566406,328.7298846244812,748.0500793457031,305.2649974822998,737.3180389404297,322.4766254425049,737.0806884765625,340.3995752334595,226,1787748954.0634367
715.2409362792969,393.2292652130127,687.9159545898438,364.46375370025635,680.4209899902344,325.9769940376282,688.2308197021484,297.3808479309082,703.0850982666016,276.986403465271,705.9052276611328,301.56140327453613,702.8056335449219,274.2693901062012,686.7343902587891,264.92180585861206,670.2664184570312,265.5389928817749,724.1750335693359,305.15438318252563,720.7572174072266,275.0422739982605,708.8494110107422,295.3399658203125,703.6808013916016,318.12500953674316,743.4158325195312,314.393048286438,732.6533508300781,289.00866508483887,721.2117004394531,313.79276990890503,719.4747161865234,336.1073327064514,763.1300354003906,328.3345913887024,748.2674407958984,304.9092507362366,737.6334381103516,321.65192127227783,736.8742370605469,339.98645067214966,227,1787748954.0989585
721.1475372314453,396.53241634368896,695.7500457763672,370.5075216293335,687.6723480224609,332.4062919616699,691.9623565673828,303.9818072319031,702.5054931640625,284.7995710372925,713.5883331298828,307.46397972106934,707.6451110839844,278.51637840270996,691.5156555175781,260.8160090446472,675.7926940917969,251.65096521377563,732.5785064697266,310.6631898880005,729.2542266845703,277.0349192619324,715.6303405761719,290.08530378341675,708.9681243896484,309.9996328353882,752.0068359375,320.4057025909424,741.1311340332031,296.67540550231934,728.4790802001953,317.2853708267212,726.4663696289062,337.4638867378235,771.5113067626953,335.4297423362732,757.6249694824219,313.3679509162903,745.0222015380859,327.42165327072144,742.5996398925781,344.30654525756836,228,1787748954.1606498
722.3423004150391,398.3293676376343,696.0421752929688,370.0810718536377,688.023681640625,331.8318486213684,692.6479339599609,304.4539189338684,702.2731781005859,284.9806308746338,713.28125,305.88093996047974,706.7427062988281,279.3727111816406,690.3395080566406,261.9842720031738,674.3339538574219,251.18608474731445,732.7198028564453,309.2903709411621,729.7880554199219,276.8103218078613,716.0003662109375,290.1720142364502,709.5896148681641,309.3478989601135,752.3880004882812,319.6372604370117,741.8277740478516,295.0994896888733,728.9920806884766,314.1559839248657,728.1745910644531,332.5349521636963,771.92138671875,335.5606985092163,757.3184967041016,314.0607976913452,744.4954681396484,326.94454193115234,743.0073547363281,342.59838581085205,229,1787748954.2026308
727.9193878173828,401.55316829681396,703.3514404296875,372.415452003479,697.2999572753906,334.2944383621216,703.3067321777344,305.1327967643738,710.3921508789062,282.6354146003723,723.245849609375,309.814989566803,715.4350280761719,281.3899898529053,697.6770782470703,265.2427053451538,681.0609436035156,257.5991177558899,741.8150329589844,314.1954231262207,737.733154296875,281.4461016654968,723.9027404785156,299.13288831710815,718.5012054443359,320.34510612487793,761.1085510253906,324.7286295890808,750.4704284667969,297.8902530670166,736.0514831542969,319.9074983596802,733.4481811523438,341.3151526451111,780.3726196289062,340.1232433319092,766.1941528320312,316.1548089981079,752.9123687744141,329.7653031349182,750.6215667724609,346.8358254432678,230,1787748954.2443278
738.9067077636719,414.0814447402954,717.2402954101562,385.26658058166504,712.1234130859375,344.3134331703186,720.4830932617188,314.537672996521,731.6703033447266,295.115647315979,739.512939453125,321.3316869735718,730.5328369140625,292.44648456573486,715.3224945068359,273.15983533859253,701.1763000488281,260.69754123687744,758.8163757324219,327.3495125770569,753.3983612060547,299.4404411315918,741.1311340332031,319.96811628341675,738.4614562988281,340.70740699768066,777.7615356445312,339.8000478744507,766.0930633544922,316.247935295105,753.73779296875,339.21165704727173,754.442138671875,357.46299505233765,796.3454437255859,357.4077844619751,780.4846954345703,334.79809284210205,768.0356597900391,351.17364406585693,769.3226623535156,366.4476013183594,231,1787748954.2991958
742.8439331054688,420.6816101074219,718.6852264404297,391.62174224853516,715.5850982666016,352.62731552124023,726.876220703125,323.85905742645264,741.0780334472656,302.84916400909424,745.08056640625,330.46194791793823,733.8645172119141,297.178373336792,716.7330169677734,277.05764293670654,702.2547149658203,264.147891998291,764.4610595703125,335.4491400718689,758.9684295654297,305.1289129257202,744.576416015625,326.3145446777344,741.9658660888672,346.06032371520996,782.5875854492188,347.48022079467773,770.9508514404297,321.9875192642212,756.9257354736328,346.63652658462524,758.5598754882812,365.94557762145996,800.4668426513672,365.01083850860596,785.1231384277344,341.17756605148315,772.1591949462891,357.7485966682434,773.6717224121094,373.87556076049805,232,1787748954.3416162
744.5940399169922,420.08251190185547,719.2298126220703,390.06606101989746,715.7117462158203,350.89046716690063,728.8221740722656,321.9535517692566,743.6495971679688,300.398268699646,743.7275695800781,328.45672845840454,732.1295928955078,297.33705282211304,715.1519012451172,275.3417158126831,699.6430969238281,260.3674793243408,763.9957427978516,333.78722190856934,758.7237548828125,301.9250679016113,744.1005706787109,324.282910823822,740.1064300537109,345.4658818244934,783.0553436279297,346.1420774459839,770.5830383300781,321.90203189849854,756.3640594482422,346.96442127227783,757.5375366210938,365.7644319534302,801.2287139892578,363.98975372314453,785.3178405761719,340.2478265762329,772.0493316650391,357.15012073516846,773.3729553222656,372.78276443481445,233,1787748954.3819883
741.7369842529297,428.51314544677734,718.0197143554688,401.26718044281006,712.244873046875,359.43394660949707,719.7818756103516,329.62254524230957,732.6325988769531,309.35096740722656,742.1114349365234,336.20020151138306,735.5061340332031,306.2506127357483,718.1281280517578,291.37463092803955,702.0719909667969,283.52017879486084,760.9356689453125,342.1059536933899,756.8760681152344,309.91530418395996,740.5496978759766,332.9653072357178,735.3517150878906,355.43835639953613,779.6453857421875,354.4825029373169,767.5166320800781,330.16834259033203,751.6368103027344,355.6201457977295,749.86083984375,376.2712240219116,797.5088500976562,371.63156032562256,782.7789306640625,346.7546081542969,769.1372680664062,363.90379428863525,768.5105133056641,381.518611907959,234,1787748954.4162123
743.6080932617188,430.1397228240967,717.8725433349609,401.32275581359863,711.2419128417969,360.70565700531006,720.2365112304688,331.11205101013184,734.8213195800781,309.8614025115967,740.7283020019531,336.269896030426,734.1818237304688,307.3041844367981,715.7679748535156,290.6087851524353,698.3136749267578,281.4074778556824,760.1336669921875,341.83440685272217,755.8133697509766,308.420090675354,739.3016052246094,332.37313985824585,735.0253295898438,354.75553035736084,779.2104339599609,354.1774392127991,767.2869873046875,329.25986766815186,750.655517578125,355.9716010093689,749.7288513183594,376.42202854156494,797.2712707519531,371.5389919281006,782.1398162841797,346.795871257782,768.4205627441406,364.8508071899414,768.4054565429688,382.0973253250122,235,1787748954.4515648
742.9080963134766,430.94773292541504,717.6497650146484,402.39799976348877,712.1028900146484,361.61696434020996,720.8270263671875,332.1681761741638,733.5173797607422,309.700448513031,740.1575469970703,335.5385756492615,734.012451171875,306.2764263153076,715.9642791748047,290.2521800994873,698.9366912841797,281.16886854171753,759.5185852050781,340.9149670600891,755.6777191162109,307.7385091781616,739.2544555664062,331.506507396698,734.8294830322266,353.4117865562439,778.6360168457031,353.29166650772095,767.0392608642578,328.98432970046997,750.8753967285156,355.8698058128357,750.3675842285156,375.59998512268066,796.7435455322266,370.8922576904297,781.7220306396484,347.15781927108765,768.3712005615234,365.3115463256836,768.8351440429688,381.806058883667,236,1787748954.4815602
742.8357696533203,434.48219776153564,718.160400390625,407.59474754333496,708.4835815429688,365.2427101135254,715.5513000488281,333.3534336090088,733.4183502197266,312.6911759376526,738.5199737548828,338.11100721359253,730.7998657226562,306.9609260559082,712.2467803955078,289.87647771835327,694.6997833251953,279.26321268081665,758.602294921875,343.5574150085449,753.3038330078125,309.760057926178,738.1817626953125,336.3001298904419,734.4575500488281,359.8526930809021,778.0077362060547,355.4893398284912,763.9122009277344,331.6753149032593,749.2303466796875,360.7541084289551,749.1323089599609,381.29841327667236,796.7690277099609,372.153582572937,779.7508239746094,347.35671043395996,767.3760223388672,367.40057945251465,768.6705780029297,384.42389488220215,237,1787748954.5215378
742.3084259033203,435.6665325164795,717.3457336425781,407.543420791626,708.1966400146484,364.20939445495605,716.9026184082031,332.07661628723145,735.3446197509766,311.83565855026245,738.8181304931641,337.4320864677429,731.4099884033203,307.33508348464966,712.847900390625,289.81826305389404,694.8616790771484,279.18405532836914,759.0927124023438,343.04097175598145,753.0808258056641,310.2063989639282,737.6015472412109,336.906373500824,733.1684112548828,361.01550579071045,778.4693908691406,355.0960421562195,764.7828674316406,331.23090505599976,749.7393798828125,360.2195119857788,748.6917877197266,381.4409351348877,797.2486114501953,372.13645935058594,780.7854461669922,347.2982168197632,768.4299468994141,366.9513416290283,769.2092132568359,384.16404247283936,238,1787748954.555824
741.9561004638672,437.2952127456665,716.4030456542969,409.57632064819336,709.349365234375,365.94858169555664,719.2630004882812,334.9518156051636,735.7696533203125,313.6677360534668,740.162353515625,338.09991359710693,732.1991729736328,307.6305556297302,713.4747314453125,290.3781580924988,695.5781555175781,280.25947093963623,760.6583404541016,344.1301417350769,755.6249237060547,311.1801481246948,739.0904235839844,335.421781539917,733.7574005126953,358.6328458786011,779.8944091796875,356.8998599052429,765.49560546875,332.9048824310303,751.1180877685547,361.2825679779053,751.2481689453125,382.1929407119751,798.1865692138672,374.9902009963989,781.4780426025391,350.48802852630615,768.9776611328125,370.0732612609863,770.2018737792969,387.27115631103516,239,1787748954.5840628
738.9945983886719,441.5935277938843,715.5131530761719,412.1782350540161,709.4039154052734,367.9352617263794,719.5589447021484,337.7658176422119,738.370361328125,320.6044864654541,742.8700256347656,342.03750371932983,737.6034545898438,312.66958951950073,718.4499359130859,298.290159702301,698.6960601806641,291.6371011734009,762.3603057861328,348.7568235397339,755.7538604736328,318.0207681655884,738.8905334472656,343.6970829963684,734.2106628417969,367.02773094177246,780.9980010986328,362.11113452911377,766.6305541992188,337.4341034889221,751.5851593017578,365.09984493255615,751.4122009277344,385.89022636413574,798.9439392089844,380.3745746612549,782.8739166259766,355.0755500793457,769.3018341064453,372.8721570968628,769.4101715087891,390.0017309188843,240,1787748954.629715
740.7257080078125,441.76197052001953,716.1310577392578,412.0154571533203,709.0792846679688,367.3019599914551,718.8343048095703,337.07056760787964,737.8142547607422,320.9598898887634,743.5072326660156,341.61174058914185,737.3114013671875,312.61691093444824,717.6685333251953,298.1977415084839,697.2766876220703,291.6773986816406,763.4493255615234,348.3066201210022,756.2039947509766,317.0957064628601,740.4536437988281,344.2730712890625,736.3278961181641,367.99675941467285,782.3016357421875,361.7494869232178,766.9255828857422,338.1973099708557,752.8981781005859,366.0594320297241,753.20068359375,385.8309602737427,800.048828125,380.04828929901123,782.1165466308594,356.5679097175598,769.9067687988281,374.73687171936035,771.2419891357422,390.359902381897,241,1787748954.6640854
738.7004089355469,440.5536460876465,713.6624145507812,410.65319538116455,705.5758666992188,367.5506544113159,713.5189056396484,337.58213996887207,730.8995819091797,319.0126705169678,739.4230651855469,342.93379068374634,733.5808563232422,313.62125873565674,715.1643371582031,298.6750030517578,696.0383605957031,291.61781072616577,758.9232635498047,348.93848419189453,750.7198333740234,315.887188911438,734.5623016357422,340.26861906051636,729.2522430419922,363.84495735168457,778.1888580322266,361.38084411621094,761.3198852539062,336.82755947113037,747.1307373046875,364.41418647766113,747.0242309570312,385.08341789245605,797.1276092529297,378.53140354156494,777.7051544189453,353.8079810142517,765.3916168212891,372.9527950286865,766.6368103027344,389.96761322021484,242,1787748954.6954358
738.1935119628906,439.68388080596924,713.5408020019531,410.3007745742798,705.5484008789062,366.89216136932373,713.7242126464844,336.93124294281006,731.67724609375,319.35816049575806,739.3521118164062,341.50455951690674,733.6083984375,312.3133063316345,715.5295562744141,298.1495475769043,696.7398834228516,291.7751169204712,759.2472839355469,347.9437494277954,751.3965606689453,316.1685633659363,735.9629821777344,341.8568515777588,732.0249938964844,364.8547554016113,778.5514068603516,360.7953929901123,762.7341461181641,337.1362280845642,748.5889434814453,364.94882583618164,748.7224578857422,384.9715805053711,797.1890258789062,378.4508943557739,778.203125,354.44645404815674,765.6365203857422,373.8469362258911,766.6585540771484,390.58821201324463,243,1787748954.7349489
739.9069976806641,431.2447929382324,716.307373046875,403.70906352996826,707.2726440429688,362.54887104034424,709.7698974609375,332.5809144973755,723.1183624267578,311.47881746292114,738.9421844482422,333.8260817527771,733.0615997314453,303.0860996246338,715.2330780029297,286.3235807418823,697.7867889404297,277.4350833892822,758.6409759521484,339.9482560157776,750.2040100097656,311.46995544433594,734.8265075683594,334.3356156349182,730.7243347167969,354.8939323425293,777.7112579345703,352.1381449699402,762.015380859375,331.04008197784424,748.8599395751953,356.62872076034546,749.1388702392578,375.9381151199341,796.1458587646484,368.95347118377686,779.4313049316406,345.9746217727661,767.4207305908203,362.61569023132324,767.9731750488281,378.2900047302246,244,1787748954.769092
738.4054565429688,432.4907970428467,715.2934265136719,403.62833976745605,707.4996948242188,361.71953201293945,713.3119964599609,331.82268619537354,729.4576263427734,310.4998970031738,739.4098663330078,333.44857692718506,732.7281951904297,304.99295711517334,714.6938323974609,288.78722190856934,697.0059204101562,278.8560962677002,759.1635131835938,339.4211483001709,750.6723785400391,311.5162181854248,736.5823364257812,336.4723491668701,734.8209381103516,356.7999315261841,778.0794525146484,351.8212366104126,762.3105621337891,329.6373510360718,749.5271301269531,356.7148733139038,751.3335418701172,375.3014659881592,796.4859008789062,369.4686698913574,778.2598114013672,346.53852939605713,765.9679412841797,365.42226791381836,767.4521636962891,381.2849807739258,245,1787748954.8146415
738.7242126464844,432.11554527282715,715.3551483154297,404.5294761657715,707.6109313964844,362.6599359512329,711.6754913330078,332.9242157936096,725.091552734375,311.1307954788208,740.2433776855469,334.03982162475586,735.3724670410156,305.3181266784668,717.9769134521484,289.4601774215698,700.0469970703125,280.5337429046631,759.90478515625,339.9978446960449,750.7265472412109,313.27890157699585,735.9640502929688,337.4411416053772,733.4874725341797,357.21009492874146,778.5477447509766,352.3665404319763,762.8987884521484,330.60446977615356,749.9264526367188,357.2618079185486,750.9640502929688,375.90378284454346,796.3910675048828,369.9195384979248,778.7483978271484,347.57562160491943,766.6065979003906,365.8974266052246,767.8672027587891,381.5939712524414,246,1787748954.854582
763.8111114501953,423.99922370910645,738.9170837402344,394.2153310775757,730.4143524169922,354.9442720413208,735.5656433105469,327.32717514038086,741.956787109375,309.10456895828247,760.8228302001953,328.8763117790222,754.9123382568359,298.66011142730713,742.0394134521484,277.8676700592041,729.8579406738281,262.4224376678467,781.0675811767578,336.5129256248474,777.4055480957031,308.16075325012207,764.2034149169922,326.3407230377197,759.8478698730469,346.47286891937256,799.9166870117188,350.3853106498718,791.5119171142578,326.830472946167,777.3752593994141,347.48427629470825,775.5926513671875,365.7798385620117,817.9758453369141,369.4400453567505,807.4408721923828,347.60443925857544,793.0529022216797,362.64092445373535,791.2506103515625,378.33356380462646,247,1787748954.8927422
773.9249420166016,442.6197624206543,748.2001495361328,410.9960889816284,744.9488830566406,365.9465217590332,755.9825134277344,333.0798268318176,763.9481353759766,309.0954923629761,771.4543151855469,345.40783882141113,775.4990386962891,316.10084295272827,762.8888702392578,323.32523345947266,749.7228240966797,336.48582458496094,792.08740234375,354.863805770874,794.3425750732422,329.5927619934082,780.1612854003906,352.8341245651245,773.9136505126953,372.168345451355,811.6962432861328,369.5861291885376,809.8934173583984,347.14775562286377,794.1999816894531,370.28629302978516,788.6052703857422,387.990460395813,828.8428497314453,388.5066890716553,824.0802001953125,367.7262210845947,809.7775268554688,383.3410978317261,805.4058074951172,397.41119384765625,248,1787748954.9476068
777.9474639892578,453.3338785171509,753.6096954345703,419.86870765686035,749.9124145507812,375.88078022003174,759.1069793701172,344.9865388870239,771.6471099853516,326.28894567489624,777.9057312011719,356.1628532409668,782.1258544921875,327.6908612251282,767.6697540283203,319.0304374694824,751.4736175537109,320.3171896934509,797.5930786132812,366.03930473327637,801.4178466796875,337.39738941192627,785.1557922363281,358.7150716781616,778.8542938232422,377.4109697341919,816.9181060791016,380.78630447387695,815.3274536132812,360.2855157852173,798.3411407470703,383.1826114654541,793.2292938232422,399.7086238861084,834.4483184814453,399.8698568344116,830.6362915039062,379.975848197937,816.4478302001953,395.4740810394287,812.923583984375,408.56120109558105,249,1787748955.0054812
778.6192321777344,455.4774570465088,753.8690948486328,424.2845678329468,750.4473114013672,379.72633838653564,760.9579467773438,348.57773780822754,773.8148498535156,327.3077344894409,775.7944488525391,358.27735662460327,777.7289581298828,328.9512634277344,763.0329895019531,314.76353645324707,746.0847473144531,311.00183486938477,796.5252685546875,366.59947872161865,800.9439849853516,337.08625316619873,785.2246856689453,356.16718769073486,777.5766754150391,374.4209289550781,816.5001678466797,380.91711044311523,814.4955444335938,359.4564127922058,798.0892944335938,381.88450813293457,793.0506134033203,398.5840702056885,834.9212646484375,399.8996829986572,830.5496978759766,379.6945810317993,816.9110107421875,395.1349210739136,813.2277679443359,409.10176277160645,250,1787748955.0442233
782.1487426757812,452.1270990371704,760.2333068847656,419.4934558868408,755.8652496337891,376.9788980484009,765.6070709228516,345.0639796257019,787.3105621337891,326.02765560150146,785.2548980712891,355.1221776008606,784.7611999511719,327.64612197875977,769.766845703125,313.3986568450928,753.9672088623047,308.9848566055298,804.8094940185547,362.5971508026123,805.0993347167969,332.94264793395996,789.9143981933594,355.3818154335022,783.2163238525391,378.17121505737305,823.7188720703125,376.27740383148193,817.779541015625,352.4528646469116,802.4159240722656,377.6508665084839,798.2724761962891,399.36607360839844,841.2910461425781,394.74499225616455,833.1049346923828,370.9898900985718,821.1234283447266,387.91857719421387,819.3477630615234,405.3265857696533,251,1787748955.082748
781.8190765380859,451.2192678451538,759.9845886230469,420.08392810821533,756.4273834228516,377.6380777359009,767.3698425292969,346.5352249145508,788.0713653564453,327.5351858139038,785.4135131835938,354.92759943008423,784.02587890625,327.4630665779114,768.9360809326172,313.04102182388306,753.4503936767578,307.16331481933594,805.4261779785156,362.40750789642334,805.3591156005859,331.9591999053955,789.1349792480469,356.0830307006836,783.4274291992188,378.5118341445923,824.1328430175781,376.28740310668945,818.5079193115234,351.75986766815186,801.6057586669922,377.4383497238159,798.1610870361328,397.5117015838623,841.1539459228516,395.2220821380615,832.5070190429688,370.96787452697754,818.9310455322266,388.2482099533081,817.3313903808594,404.8182964324951,252,1787748955.1303668
783.3742523193359,446.81396484375,758.5955047607422,416.7165756225586,755.33203125,373.9455556869507,767.2446441650391,344.15226459503174,778.2587432861328,323.20751667022705,782.0240020751953,350.8499336242676,779.7013092041016,325.375599861145,763.0741119384766,309.6751928329468,745.8784484863281,301.4383006095886,802.2463226318359,356.3576030731201,801.0048675537109,327.40935802459717,785.4058074951172,349.8008680343628,780.5727386474609,370.68180084228516,821.0816955566406,369.1759443283081,815.9585571289062,346.05008840560913,799.17236328125,369.21345233917236,796.1161041259766,387.712926864624,838.0064392089844,387.2814130783081,831.1284637451172,365.05714416503906,816.4327239990234,380.14291763305664,813.5575103759766,395.38254261016846,253,1787748955.1645684
780.8843231201172,445.00757217407227,757.6457977294922,417.2216463088989,754.7288513183594,373.48949432373047,766.8389129638672,342.96247959136963,779.8506164550781,321.70204639434814,782.1591949462891,349.0118479728699,780.9751892089844,324.40343856811523,764.0032196044922,309.1729760169983,746.9662475585938,301.5535068511963,802.3137664794922,355.4875588417053,801.5296936035156,327.6735234260559,785.3828430175781,349.61193323135376,780.4691314697266,370.68798065185547,821.1562347412109,368.9425277709961,816.1698150634766,346.16177558898926,799.1342163085938,368.6237096786499,796.0194396972656,387.4286985397339,838.2530212402344,387.46599197387695,830.8853149414062,366.47326469421387,816.0668182373047,381.03182315826416,813.2460021972656,396.4560270309448,254,1787748955.2057352
781.91162109375,444.4631052017212,758.1642150878906,417.47179985046387,754.9993133544922,373.8414001464844,767.1349334716797,343.32597255706787,780.3482818603516,322.70596504211426,782.0388031005859,349.2716360092163,780.4456329345703,324.30254459381104,764.1018676757812,308.75826358795166,748.0650329589844,300.5994129180908,802.3998260498047,356.0910129547119,801.6393280029297,328.07008266448975,785.6280517578125,349.87807273864746,781.2561798095703,370.7764720916748,821.1557769775391,369.8168420791626,816.9589233398438,346.7959141731262,799.6659088134766,369.04260635375977,796.6323089599609,387.81394958496094,837.9361724853516,388.57569694519043,831.776123046875,367.4636220932007,816.905517578125,381.8736934661865,813.7115478515625,397.4153995513916,255,1787748955.2693279
792.130126953125,434.50927734375,769.1511535644531,402.9624652862549,764.6598815917969,361.63207054138184,775.3699493408203,330.6625556945801,791.4165496826172,310.8312249183655,788.4991455078125,341.68055534362793,787.4725341796875,318.86547088623047,775.7147216796875,302.9548215866089,763.34228515625,294.8401093482971,809.3027496337891,347.45436429977417,813.4323883056641,315.4710602760315,799.4956970214844,335.7842445373535,792.7358245849609,357.1931862831116,829.4244384765625,360.38074493408203,827.7059173583984,336.192262172699,812.1730804443359,360.4162359237671,806.6716003417969,381.33875370025635,847.6924133300781,378.38883876800537,842.9547882080078,354.6592712402344,828.7528228759766,370.97607135772705,823.7400054931641,388.6916971206665,256,1787748955.305091
794.8176574707031,443.79881858825684,769.0558624267578,413.94325733184814,762.6254272460938,369.0377998352051,773.0645751953125,335.06288051605225,785.8858489990234,310.8083724975586,783.4113311767578,346.62408113479614,782.9291534423828,321.51811122894287,772.8767395019531,304.2294502258301,761.9990539550781,293.8212990760803,805.3671264648438,352.6066517829895,810.7532501220703,320.1140069961548,797.3204040527344,344.7212791442871,790.2281188964844,367.9259490966797,826.4876556396484,364.15132999420166,826.3516998291016,338.0648946762085,810.7907867431641,364.38294410705566,804.6177673339844,387.1883726119995,846.3596343994141,380.3815698623657,843.5891723632812,354.0282869338989,829.5581817626953,370.90423107147217,823.7213134765625,390.2963447570801,257,1787748955.342577
795.5173492431641,443.20444107055664,770.4936218261719,410.61079502105713,762.3190307617188,368.30248832702637,772.24365234375,335.694100856781,792.8980255126953,316.23287200927734,782.3080444335938,345.8962368965149,780.0485229492188,321.3026762008667,769.6048736572266,304.81839895248413,757.6325225830078,294.65864181518555,804.0696716308594,351.3156294822693,807.5585174560547,318.4712505340576,795.8576965332031,341.6616725921631,788.9099884033203,365.21678924560547,825.5850219726562,363.1812286376953,824.7640228271484,338.62019777297974,810.5503082275391,365.78503131866455,804.7946166992188,388.73568534851074,845.5820465087891,380.3648328781128,841.9423675537109,355.7639980316162,829.2988586425781,374.11378383636475,824.1377258300781,393.10476779937744,258,1787748955.4033267
794.8157501220703,443.1953001022339,770.4199981689453,409.7018051147461,762.5747680664062,367.3063802719116,771.8728637695312,334.70606088638306,791.0540771484375,314.9459910392761,783.3465576171875,344.4342613220215,781.2506866455078,320.2360153198242,770.1019287109375,304.13568019866943,757.3712158203125,294.5942687988281,804.8039245605469,350.74376106262207,807.9076385498047,319.67618465423584,796.3630676269531,345.74227809906006,790.2182006835938,369.2405319213867,826.1080932617188,363.33988666534424,826.0076141357422,339.7102689743042,811.5975952148438,367.3125171661377,805.5844116210938,389.62579250335693,845.7791900634766,381.3133478164673,842.7552032470703,357.2757339477539,829.5974731445312,375.8150339126587,823.8224029541016,394.2436981201172,259,1787748955.4420073
800.1893615722656,446.282114982605,776.1997985839844,414.87778186798096,768.4917449951172,372.296404838562,777.4508666992188,338.1861090660095,796.8621063232422,317.0156478881836,787.8530120849609,349.73456382751465,786.0589599609375,323.9733409881592,776.0623168945312,306.42879724502563,766.0551452636719,295.04194021224976,809.4097137451172,354.81773614883423,813.9537811279297,319.5117974281311,801.8434906005859,345.30349016189575,796.8939208984375,367.57829189300537,830.8493804931641,366.180624961853,831.8133544921875,339.94158267974854,815.7666778564453,368.4935474395752,810.1168060302734,389.7190046310425,850.6204223632812,382.8959798812866,848.7246704101562,357.59182691574097,835.0363922119141,375.8041763305664,829.9072265625,393.15673828125,260,1787748955.4780278
799.6715545654297,447.30144023895264,775.8705902099609,412.7434730529785,768.4481048583984,371.1141300201416,777.5034332275391,337.847056388855,796.8430328369141,316.38296842575073,790.1174926757812,348.5037302970886,789.6079254150391,320.7735300064087,778.4501647949219,304.57255840301514,766.3201904296875,296.8537402153015,810.2790832519531,354.9427270889282,815.4606628417969,322.44091987609863,801.9058227539062,346.889169216156,795.7298278808594,368.0291175842285,830.7071685791016,366.85203552246094,830.736083984375,341.5800905227661,814.5755004882812,368.63126277923584,809.1616058349609,389.7953510284424,850.3239440917969,383.99250984191895,847.156982421875,358.2317590713501,833.1550598144531,375.5967664718628,828.4574890136719,393.1390571594238,261,1787748955.515893
803.8026428222656,436.6651725769043,779.6167755126953,402.46769428253174,775.3043365478516,359.377920627594,784.1728210449219,327.70384311676025,795.0965118408203,302.63145446777344,793.5315704345703,336.111581325531,790.3829193115234,310.69342374801636,781.0775756835938,293.96931409835815,771.2886810302734,284.01044368743896,815.4605865478516,343.140664100647,819.9039459228516,312.32208251953125,808.1354522705078,338.8793206214905,801.4368438720703,361.4913082122803,836.65771484375,357.1208095550537,835.8360290527344,335.6993579864502,822.1916961669922,362.4844551086426,817.4169158935547,381.2301778793335,855.635986328125,375.90107917785645,851.9997406005859,354.9257755279541,839.7140502929688,372.2088575363159,836.0249328613281,386.1361312866211,262,1787748955.5525646
803.7493133544922,435.6402254104614,778.3198547363281,401.9358015060425,775.4894256591797,358.98975133895874,785.4510498046875,328.0194854736328,794.3120574951172,303.0759072303772,797.4786376953125,336.26633405685425,796.3150787353516,308.2855296134949,785.5881500244141,294.43344354629517,774.4710540771484,289.1199231147766,818.013916015625,344.0934920310974,821.9654083251953,316.7015290260315,808.7064361572266,341.7107677459717,802.6612091064453,361.4134168624878,837.6390838623047,357.98821449279785,836.1594390869141,336.4498829841614,822.1475982666016,361.68120861053467,818.5301971435547,379.57188606262207,855.5339813232422,376.3867950439453,851.7472076416016,355.0345015525818,839.1758728027344,371.4153528213501,836.2051391601562,385.5402088165283,263,1787748955.590779
803.7369537353516,435.5880832672119,777.5962829589844,401.1716079711914,775.2519989013672,357.64798164367676,784.7852325439453,325.9836673736572,790.5892181396484,299.81740951538086,798.4730529785156,335.12298345565796,800.4640197753906,306.43027782440186,788.9592742919922,302.21543312072754,776.9709777832031,305.7350277900696,818.8113403320312,343.83087158203125,822.867431640625,316.68004989624023,808.2585906982422,342.14605808258057,802.1353912353516,361.49208068847656,838.2528686523438,358.21321964263916,836.7701721191406,336.6152358055115,821.9119262695312,362.104868888855,818.0268096923828,380.21196842193604,855.7620239257812,376.88087940216064,852.4369812011719,355.4453730583191,839.4485473632812,371.6821575164795,836.3445281982422,385.9494924545288,264,1787748955.6253543
811.1659240722656,416.27519130706787,785.9394836425781,383.11686515808105,779.8232269287109,342.5081992149353,790.9329986572266,310.5383491516113,802.7924346923828,287.03516006469727,794.7015380859375,318.5185217857361,787.7312469482422,289.1532897949219,780.2354431152344,267.0389699935913,774.6157836914062,248.08502197265625,817.3686981201172,322.79439210891724,821.3520812988281,294.638729095459,812.5052642822266,321.0179328918457,808.5890960693359,342.9750108718872,838.3541107177734,333.62961530685425,838.2992553710938,313.7338900566101,826.7607116699219,338.83185625076294,823.939208984375,356.30653381347656,858.057861328125,349.4268608093262,856.1365509033203,329.9725842475891,844.6294403076172,345.9069228172302,841.4189910888672,358.93426179885864,265,1787748955.6645312
811.4087677001953,411.968936920166,786.0144805908203,381.3033056259155,779.9193572998047,341.9204306602478,789.9679565429688,310.879762172699,798.3467864990234,287.5628900527954,794.9957275390625,319.0273904800415,788.8217163085938,289.3346071243286,781.3121032714844,266.63766860961914,773.8768005371094,248.07549476623535,817.0137023925781,322.43351697921753,819.7132873535156,294.3405747413635,811.0794830322266,319.94391202926636,806.1861419677734,341.5169405937195,838.1706237792969,332.7894616127014,838.2261657714844,313.0707621574402,827.2785949707031,338.24779987335205,823.8871002197266,355.57650089263916,857.5910949707031,348.37318181991577,856.3435363769531,328.6245274543762,844.81201171875,344.6962594985962,840.6776428222656,358.0633592605591,266,1787748955.702571
812.9778289794922,394.6884298324585,787.3817443847656,362.34094619750977,780.3691101074219,323.2023239135742,791.7461395263672,293.2328224182129,809.1780090332031,274.14021492004395,798.2308197021484,302.079541683197,789.6367645263672,275.29635429382324,781.7375183105469,252.89724826812744,775.5718994140625,234.4518256187439,820.2861022949219,307.1369004249573,823.5013580322266,275.15709400177,811.9603729248047,300.27020931243896,804.2990875244141,327.1212887763977,841.1183166503906,318.62789154052734,839.0177154541016,297.7968692779541,825.3404998779297,325.1328706741333,820.1192474365234,347.7693200111389,860.0902557373047,334.72790479660034,854.6537780761719,313.4307789802551,842.9123687744141,331.52021884918213,839.1577911376953,348.74626636505127,267,1787748955.7392983
812.5320434570312,394.1618585586548,787.5798034667969,362.2561454772949,781.1549377441406,323.46659660339355,791.8545532226562,292.4594020843506,808.3969116210938,272.5079298019409,798.1520080566406,302.57418394088745,789.6454620361328,274.7800827026367,782.432861328125,252.1614646911621,777.1266174316406,233.70224475860596,819.9793243408203,307.217538356781,823.6774444580078,276.0544967651367,812.7125549316406,301.5736770629883,805.5313873291016,327.057409286499,840.762939453125,318.6021637916565,839.503173828125,297.8521227836609,825.8194732666016,325.47818899154663,820.3289031982422,348.31730604171753,859.6015930175781,334.8803400993347,854.8356628417969,313.7818694114685,842.7754211425781,332.30531215667725,838.3090972900391,350.3992795944214,268,1787748955.7752483
821.2163543701172,402.940149307251,795.604248046875,362.7767086029053,791.8912506103516,323.17962169647217,795.9349060058594,292.65149116516113,789.7454071044922,271.6970443725586,810.8575439453125,312.14879035949707,815.723876953125,287.1169137954712,808.2486724853516,288.98197174072266,800.4112243652344,300.7576847076416,829.2787933349609,319.04539346694946,835.2157592773438,294.08881187438965,824.4795989990234,309.1555094718933,817.3228454589844,327.11405754089355,847.0595550537109,329.25594091415405,851.2434387207031,307.5999355316162,838.7181091308594,322.84005403518677,833.5003662109375,340.02095460891724,864.8089599609375,344.1582727432251,866.9216156005859,323.2179665565491,854.8422241210938,332.52246379852295,848.8162231445312,345.5644154548645,269,1787748955.8115706
837.8250885009766,441.2798595428467,815.1194763183594,406.4238452911377,810.7133483886719,364.4693326950073,815.6888580322266,331.1857795715332,810.4042816162109,306.8328022956848,825.6826782226562,338.8123083114624,829.5379638671875,309.0639281272888,822.8253936767578,309.4142246246338,816.8033599853516,317.3094892501831,845.5863189697266,344.8407983779907,852.3256683349609,318.5194659233093,842.0444488525391,333.29742908477783,837.740478515625,347.4954557418823,864.920654296875,356.81915760040283,868.5612487792969,336.2400269508362,856.1858367919922,351.13544940948486,852.3422241210938,363.97709369659424,882.4716949462891,373.7829065322876,881.9189453125,356.11987352371216,870.1405334472656,365.74151515960693,866.0420227050781,376.1498165130615,270,1787748955.9238074
