P0_x,P0_y,P1_x,P1_y,P2_x,P2_y,P3_x,P3_y,P4_x,P4_y,P5_x,P5_y,P6_x,P6_y,P7_x,P7_y,P8_x,P8_y,P9_x,P9_y,P10_x,P10_y,P11_x,P11_y,P12_x,P12_y,P13_x,P13_y,P14_x,P14_y,P15_x,P15_y,P16_x,P16_y,P17_x,P17_y,P18_x,P18_y,P19_x,P19_y,P20_x,P20_y,frame_number,timestamp
457.5267028808594,624.8201179504395,426.23340606689453,608.3847427368164,405.3664779663086,579.6803855895996,395.40740966796875,556.6775035858154,391.7422103881836,537.817325592041,429.83470916748047,559.9077844619751,416.07383728027344,532.9959154129028,401.03118896484375,522.5753831863403,389.0517807006836,519.779748916626,444.29141998291016,554.1000509262085,427.5417709350586,527.9851198196411,411.7940139770508,519.674220085144,399.03881072998047,517.9996204376221,460.9141540527344,550.7523107528687,442.6546096801758,524.2937564849854,425.74256896972656,518.2655668258667,413.80687713623047,517.9428005218506,478.99993896484375,549.2932748794556,462.5736999511719,526.5253973007202,446.0448455810547,522.1936082839966,433.0918502807617,525.5170583724976,1,1787747404.166288
447.9941940307617,613.8119029998779,418.75244140625,595.7280206680298,401.08001708984375,566.6797399520874,396.4341354370117,540.1433372497559,401.8537139892578,520.9639978408813,424.83577728271484,549.0476274490356,415.85105895996094,523.4742450714111,402.14656829833984,510.71521282196045,390.2463912963867,504.01780128479004,441.6745376586914,544.1596555709839,430.0967025756836,519.8676824569702,415.06866455078125,508.12625885009766,401.16641998291016,502.736177444458,459.4425964355469,542.2863578796387,447.0323181152344,517.2415637969971,430.77613830566406,507.3420238494873,416.37245178222656,504.03608322143555,478.77986907958984,543.1708860397339,468.1616973876953,521.462287902832,453.3844757080078,514.6626949310303,439.5960998535156,515.016016960144,2,1787747404.2306442
756.4878082275391,698.7857866287231,734.5968627929688,675.1845788955688,723.7532043457031,634.4961977005005,723.0815124511719,602.5364112854004,720.712890625,578.4288883209229,743.031005859375,614.5347690582275,734.1722106933594,580.0478267669678,726.1011505126953,576.6223239898682,721.34033203125,579.4048261642456,770.2300262451172,623.638916015625,756.2990570068359,610.1613092422485,742.4061584472656,639.2155981063843,737.6957702636719,660.4399824142456,794.8574066162109,639.0167713165283,779.6224975585938,632.0934963226318,767.1060943603516,657.8076839447021,764.1845703125,674.1325092315674,817.0425415039062,658.0499410629272,803.6454772949219,653.841061592102,792.0325469970703,672.1679306030273,790.2970886230469,684.5950126647949,3,1787747404.7756095
770.1366424560547,694.6518802642822,742.1547698974609,681.3782501220703,727.3114776611328,649.2954254150391,735.0023651123047,619.8921489715576,747.8086853027344,599.1688871383667,728.9447784423828,601.9367980957031,716.8873596191406,563.5738277435303,709.0178680419922,536.7125129699707,700.9424591064453,515.8909320831299,755.7100677490234,601.4887619018555,756.6173553466797,585.5324077606201,754.4216918945312,617.9830598831177,751.302490234375,637.2567701339722,780.2757263183594,609.8665237426758,780.2661895751953,606.0405778884888,773.6620330810547,635.2282905578613,771.4852142333984,647.2282791137695,802.2463226318359,623.8087320327759,802.3789215087891,616.9160556793213,793.2199096679688,637.77184009552,790.0646209716797,646.2091684341431,4,1787747404.8311794
768.6448669433594,698.7767314910889,742.2029876708984,684.1077089309692,727.3055267333984,652.4939489364624,734.9740600585938,623.1098985671997,744.4395446777344,602.0379495620728,729.8067474365234,602.3917865753174,715.1687622070312,560.5798816680908,704.3228149414062,532.2840785980225,695.8843994140625,508.9043140411377,756.2569427490234,602.9810571670532,754.6458435058594,581.258339881897,751.1186981201172,612.8977632522583,750.7259368896484,631.039924621582,780.8127593994141,611.6539478302002,778.9337921142578,602.5637912750244,770.7668304443359,631.4729833602905,768.7941741943359,642.2106170654297,803.3853912353516,625.7680320739746,801.1196136474609,615.0234460830688,792.2125244140625,635.686411857605,789.1414642333984,643.7845373153687,5,1787747404.8874578
772.0597839355469,682.8641510009766,748.4188842773438,667.5327730178833,733.2833099365234,637.0307779312134,740.5445098876953,607.0833349227905,749.7469329833984,583.2345056533813,729.2507171630859,585.4529285430908,714.0351104736328,540.5996561050415,703.8783264160156,512.697901725769,696.2018585205078,489.178147315979,755.0001525878906,586.4046621322632,757.5552368164062,571.4375495910645,753.9320373535156,605.5264520645142,751.6153717041016,621.6415929794312,779.1115570068359,595.6139087677002,781.1741638183594,592.9527282714844,772.6729583740234,623.8755083084106,769.3034362792969,633.123722076416,801.251220703125,610.1041030883789,802.2799682617188,605.2593040466309,793.5579681396484,628.1402206420898,790.0420379638672,635.6445693969727,6,1787747404.9422715
778.4694671630859,684.296407699585,754.2266845703125,665.6871128082275,738.8388061523438,634.7284555435181,743.7291717529297,604.2236709594727,753.9108276367188,579.0164852142334,731.6329193115234,583.7388467788696,715.4944610595703,535.659327507019,707.0024871826172,506.3485336303711,701.0472106933594,480.94586849212646,755.9147644042969,584.3398761749268,761.7557525634766,565.3530120849609,760.0778198242188,597.8131484985352,756.7391967773438,617.7398586273193,779.1123962402344,591.2876129150391,782.8883361816406,581.1410522460938,777.2783660888672,611.414909362793,773.3039093017578,625.1665735244751,800.1423645019531,603.5956048965454,803.0438995361328,592.9784774780273,795.8069610595703,615.1728773117065,791.2932586669922,625.4255676269531,7,1787747405.0183547
779.8752593994141,687.8785085678101,755.0644683837891,667.8935623168945,739.3089294433594,634.6930932998657,743.3342742919922,601.8129444122314,754.2458343505859,575.7786512374878,732.3623657226562,583.4507989883423,716.0235595703125,534.234881401062,706.7061614990234,504.683632850647,700.069580078125,478.9500904083252,757.1565246582031,584.3227529525757,761.6541290283203,565.1613092422485,759.6637725830078,598.7711906433105,757.2259521484375,619.0642261505127,780.3468322753906,591.6153144836426,783.6942291259766,582.8096437454224,777.7485656738281,614.5601749420166,773.9290618896484,628.4998941421509,801.1849975585938,604.2271041870117,803.4341430664062,594.8313045501709,795.7848358154297,617.9763221740723,790.9016418457031,628.776741027832,8,1787747405.0829923
785.5020141601562,686.263861656189,759.1468048095703,669.4949054718018,741.9519805908203,636.0642385482788,747.1884155273438,602.1038246154785,757.5412750244141,574.6674013137817,734.5054626464844,579.8667240142822,718.4825134277344,529.6205806732178,709.6829223632812,500.01654624938965,703.9321899414062,473.83612632751465,758.8488006591797,580.2893972396851,762.1297454833984,559.6187925338745,760.1351928710938,591.5759181976318,757.9460144042969,608.5571765899658,781.6751861572266,587.5044536590576,782.9566955566406,576.4638805389404,776.7575836181641,607.9999208450317,772.9733276367188,619.228892326355,802.4333190917969,600.1121234893799,802.3143768310547,589.3189573287964,794.1561126708984,613.1007528305054,788.8127136230469,623.1674909591675,9,1787747405.1448603
786.5529632568359,687.8872203826904,759.1148376464844,669.955472946167,741.1373901367188,636.0135984420776,745.9135437011719,600.9057569503784,756.839599609375,572.6689195632935,735.2806091308594,580.5534553527832,719.3954467773438,530.8645677566528,710.5912017822266,501.84207916259766,704.2564392089844,475.8292007446289,759.4058990478516,580.6789398193359,763.0065155029297,561.7803525924683,761.3380432128906,593.7308263778687,758.3224487304688,608.8438081741333,781.7371368408203,587.3460531234741,784.3224334716797,577.1360206604004,778.7289428710938,609.4503736495972,773.8442230224609,619.8813343048096,802.2322082519531,599.4030332565308,804.0370178222656,590.3187561035156,795.8742523193359,614.8978328704834,788.819580078125,625.1230573654175,10,1787747405.214713
790.0550079345703,686.2503433227539,762.6680755615234,669.7584056854248,744.7502136230469,636.3524580001831,750.0534820556641,601.8417406082153,762.3005676269531,573.9181423187256,737.9408264160156,578.471417427063,721.9369506835938,526.6840553283691,713.1039428710938,496.5585994720459,706.5789031982422,468.99596214294434,761.1749267578125,578.7494659423828,764.2756652832031,555.682897567749,761.9235992431641,588.1257390975952,758.8789367675781,604.8044443130493,783.3171081542969,585.3699731826782,786.1167907714844,571.3320636749268,779.3651580810547,604.4131851196289,774.4258117675781,616.9302606582642,803.9388275146484,597.3382043838501,805.8922576904297,583.6611700057983,797.0005035400391,607.6329517364502,790.4294586181641,618.7240791320801,11,1787747405.2815883
789.4071960449219,686.3191366195679,762.6350402832031,669.8192167282104,745.1451873779297,636.6170310974121,750.7764434814453,601.977653503418,763.0989837646484,574.3424034118652,737.5318145751953,576.4835357666016,722.0536804199219,526.0131168365479,713.9949035644531,496.4407968521118,707.6190185546875,469.66389656066895,761.0556793212891,577.2789287567139,766.3589477539062,556.3812160491943,764.0476226806641,589.4166326522827,758.7129211425781,604.5833873748779,783.4209442138672,584.5629930496216,788.9834594726562,574.069333076477,782.7415466308594,607.5884485244751,775.49072265625,617.7366399765015,803.8384246826172,597.4801683425903,809.7659301757812,587.8223276138306,801.3740539550781,612.5946521759033,792.5569915771484,622.4690866470337,12,1787747405.3273275
789.0834808349609,685.5483341217041,760.9058380126953,667.3111581802368,744.2926025390625,634.8306369781494,752.5768280029297,601.103982925415,767.2206115722656,575.6887006759644,736.7588043212891,574.6945667266846,721.4967346191406,524.8217868804932,713.5237121582031,495.5148124694824,707.3637390136719,469.3968343734741,761.1408996582031,576.1524438858032,765.6295013427734,556.1278438568115,762.7541351318359,590.7411289215088,757.7349090576172,605.9451770782471,784.2098236083984,583.3548402786255,788.6324310302734,573.233642578125,781.7332458496094,607.5310277938843,774.6318054199219,617.7541923522949,804.7880554199219,595.9185218811035,808.92578125,587.2868299484253,799.8992919921875,612.1146011352539,791.0195159912109,621.6711616516113,13,1787747405.4108787
788.3741760253906,684.5783185958862,760.5459594726562,665.7132053375244,743.7864685058594,633.6280632019043,751.5648651123047,600.2176523208618,766.0440063476562,574.9314594268799,736.9771575927734,574.2794036865234,721.5192413330078,524.460654258728,713.4006500244141,495.34894466400146,707.07763671875,469.42902088165283,761.2718200683594,575.7189559936523,766.0544586181641,556.7990398406982,763.1484985351562,591.1260795593262,758.0634307861328,605.9152221679688,784.1764831542969,582.9159450531006,788.8449859619141,573.2678031921387,781.5734100341797,607.2829341888428,774.4203948974609,617.5417613983154,804.6504974365234,595.4533195495605,808.8665771484375,587.6460313796997,799.3946838378906,612.0925426483154,790.4074096679688,621.3085699081421,14,1787747405.4772055
787.1641540527344,683.5628986358643,759.5572662353516,665.0543689727783,743.0789184570312,632.2440004348755,750.8594512939453,599.3417501449585,765.0606536865234,575.1617431640625,737.0302581787109,573.4029006958008,722.3196411132812,523.7416076660156,713.8286590576172,494.971718788147,708.2444763183594,469.23027992248535,761.4632415771484,575.2296781539917,765.2919006347656,557.191801071167,762.1549987792969,590.3268671035767,758.5489654541016,603.0409669876099,784.6752166748047,582.9631948471069,787.1771240234375,572.8677892684937,780.1410675048828,605.4465436935425,775.2423095703125,614.1723489761353,805.5118560791016,595.7690477371216,807.4279022216797,586.3652658462524,798.3029174804688,610.1702356338501,791.8135070800781,619.0592908859253,15,1787747405.5212433
787.5205993652344,684.0011501312256,760.2399444580078,664.977765083313,743.8043975830078,631.6195392608643,751.4514923095703,597.7463293075562,766.1447906494141,573.2111120223999,737.0021057128906,573.6597919464111,722.6482391357422,523.9599180221558,714.4822692871094,495.0472068786621,708.6077117919922,469.3303155899048,761.5029907226562,575.7464647293091,766.0001373291016,556.998724937439,763.1359100341797,591.0858249664307,758.6949920654297,603.9921426773071,784.6829986572266,583.4351348876953,788.7998199462891,572.5681114196777,781.925048828125,605.9316158294678,776.1322784423828,615.1027965545654,805.0698089599609,596.5761566162109,808.9266204833984,587.0332431793213,800.0539398193359,611.4263677597046,792.8925323486328,620.5933856964111,16,1787747405.585242
808.2193756103516,693.8419389724731,789.1215515136719,667.598090171814,782.3994445800781,629.5809745788574,786.4938354492188,596.0198450088501,796.5878295898438,571.2696218490601,767.3298645019531,581.3125848770142,760.7949066162109,534.7758722305298,756.0016632080078,502.74999618530273,750.0837707519531,475.09629249572754,784.7438049316406,580.6833171844482,783.8572692871094,545.1879501342773,783.9317321777344,559.4294929504395,779.2326354980469,568.9738655090332,803.9781951904297,585.9201908111572,806.229248046875,565.4551935195923,805.8656311035156,592.2296476364136,800.9386444091797,605.6960535049438,821.6436767578125,596.1211681365967,824.8851776123047,576.4735794067383,821.4833068847656,595.5784177780151,816.3761138916016,607.15491771698,17,1787747405.629118
809.085693359375,673.5409212112427,786.2998199462891,649.1202020645142,777.0956420898438,609.09104347229,788.1501770019531,574.391713142395,801.7398071289062,548.7355899810791,775.7693481445312,554.4475364685059,773.6548614501953,505.1974582672119,774.4084930419922,473.93199920654297,775.1547241210938,446.8901824951172,798.1646728515625,559.235429763794,810.4364776611328,536.3029289245605,803.7294769287109,566.069827079773,795.1564788818359,581.4334344863892,818.3840942382812,569.6740293502808,828.1332397460938,559.7955179214478,818.2688140869141,588.2056474685669,808.4699249267578,596.9599485397339,834.9163055419922,584.330563545227,843.8574981689453,577.0095491409302,833.4867095947266,598.2489538192749,822.6291656494141,605.5364942550659,18,1787747405.6807034
809.3942260742188,678.3986806869507,789.7654724121094,652.6766395568848,782.3644256591797,612.5937938690186,789.0756988525391,575.8216524124146,800.5424499511719,547.4086046218872,774.5920562744141,555.3464841842651,773.4140014648438,505.04639625549316,775.1820373535156,474.589204788208,776.87255859375,448.4331178665161,796.3938903808594,560.9548330307007,810.262451171875,534.3525981903076,803.8870239257812,565.0181865692139,793.4453582763672,583.8902521133423,816.4527893066406,571.6234588623047,827.9192352294922,558.1045246124268,819.1505432128906,589.0711641311646,807.8070068359375,600.4143762588501,832.2724914550781,587.1043109893799,844.1252899169922,573.4545707702637,835.4165649414062,595.9067630767822,824.1387176513672,606.0596752166748,19,1787747405.7162263
804.4426727294922,695.8517074584961,778.3124542236328,664.5232915878296,767.1086883544922,622.5805807113647,774.8648071289062,590.3938150405884,784.9761199951172,568.8210010528564,768.1093597412109,575.5496549606323,755.2182769775391,525.227165222168,745.0026702880859,493.0324172973633,737.2110748291016,465.6376647949219,787.5494384765625,578.3478212356567,779.7193908691406,545.7772207260132,773.2830047607422,572.9198026657104,772.3366546630859,596.3575887680054,806.4044952392578,587.1707439422607,796.6317749023438,560.8555698394775,788.7272644042969,587.396993637085,788.4258270263672,606.7990636825562,824.2485809326172,601.7370700836182,818.5532379150391,576.8050575256348,808.8723754882812,593.0325508117676,806.5396881103516,609.1460609436035,20,1787747405.7594376
803.2704162597656,691.1986970901489,782.8745269775391,664.3212032318115,773.7973022460938,624.7667741775513,784.6636962890625,591.8296337127686,797.8612518310547,567.4774503707886,764.9686431884766,570.8117580413818,752.5183868408203,522.2800397872925,742.9906463623047,490.99059104919434,737.0020294189453,464.2964744567871,786.033935546875,570.8285808563232,784.1925811767578,540.2339744567871,777.2724914550781,571.509861946106,774.1094207763672,593.0944347381592,806.3526153564453,578.1114435195923,802.9351806640625,561.5984773635864,793.5015106201172,591.2534952163696,789.5273590087891,606.1313438415527,823.8521575927734,591.6114091873169,823.7825775146484,576.7132186889648,813.7296295166016,596.3391351699829,808.6589813232422,608.490571975708,21,1787747405.807594
803.4672546386719,688.6485385894775,782.3024749755859,662.9648637771606,771.1335754394531,622.4307632446289,775.7405853271484,585.7341527938843,785.5876922607422,558.5858201980591,759.4459533691406,572.2512674331665,747.9047393798828,521.6252374649048,742.1488952636719,489.6003484725952,738.0970764160156,461.31081104278564,780.7225799560547,573.4041023254395,789.2003631591797,546.1050081253052,786.068115234375,580.751166343689,778.8475036621094,600.8234882354736,802.1121978759766,580.7788467407227,809.0335845947266,565.9915494918823,802.220458984375,597.7753400802612,793.5774230957031,611.0652351379395,820.0628662109375,594.0927743911743,828.72802734375,580.2917146682739,821.1490631103516,602.4081802368164,812.5083923339844,613.4203863143921,22,1787747405.8626912
805.0654602050781,690.655345916748,783.8370513916016,665.7467222213745,773.4304809570312,625.396556854248,778.8618469238281,589.7112894058228,788.4825134277344,563.8927316665649,761.1864471435547,573.932089805603,749.1849517822266,523.5016679763794,742.0291137695312,490.2561378479004,736.8710327148438,461.65473461151123,781.2692260742188,575.6514930725098,787.1932983398438,545.6151723861694,784.9888610839844,578.5090112686157,779.981689453125,599.9115800857544,801.3166809082031,583.3522653579712,806.5370178222656,565.5024003982544,800.2216339111328,595.2033805847168,792.3700714111328,609.1866588592529,818.57421875,596.7273902893066,826.444091796875,580.270471572876,818.5768890380859,600.3554964065552,809.1632843017578,612.3976707458496,23,1787747405.9071293
823.7969207763672,672.4276542663574,801.7053985595703,646.7769384384155,792.6048278808594,603.2106113433838,800.0818634033203,564.149580001831,811.6071319580078,532.3364782333374,788.9594268798828,548.1553745269775,788.096923828125,497.5252676010132,789.4670104980469,466.2738847732544,790.2937316894531,439.1558504104614,812.8532409667969,552.1538829803467,823.4493255615234,519.2852783203125,819.6492004394531,549.750280380249,813.0271911621094,569.9187755584717,834.0036010742188,562.1275806427002,841.7308044433594,544.4167184829712,834.1567230224609,574.7657203674316,825.5253601074219,588.9192867279053,850.7247161865234,576.487398147583,859.4140625,558.7997961044312,851.0536956787109,578.5405540466309,840.5991363525391,589.6674299240112,24,1787747405.9701965
822.1870422363281,675.0144195556641,799.4441223144531,646.5227508544922,788.9569091796875,603.7952041625977,797.7342987060547,565.0456523895264,811.6096496582031,537.1832942962646,778.6185455322266,553.6539888381958,771.0561370849609,503.4231662750244,766.8986511230469,473.31732273101807,764.2076873779297,444.61867332458496,803.3086395263672,554.1575145721436,809.9889373779297,525.8545446395874,806.7959594726562,557.2912788391113,801.8683624267578,572.895941734314,824.893798828125,561.1752033233643,829.6771240234375,544.806604385376,822.7980041503906,575.9237909317017,816.0713195800781,586.6081237792969,843.1383514404297,574.390811920166,848.4507751464844,559.7109746932983,841.4921569824219,580.8159255981445,833.8424682617188,591.4596605300903,25,1787747406.0142376
822.5325775146484,673.9119672775269,801.2277984619141,645.8566188812256,791.2197113037109,603.4174203872681,796.8634033203125,564.8408603668213,808.6728668212891,536.0651779174805,781.0847473144531,553.2049226760864,773.3533477783203,502.7466917037964,768.67919921875,471.9393539428711,764.0750885009766,443.7943124771118,804.6468353271484,554.9312353134155,809.3157958984375,523.4387969970703,806.480712890625,553.5064029693604,800.8792114257812,571.8825817108154,825.6606292724609,563.6799144744873,831.1851501464844,545.1782512664795,824.1883850097656,575.526008605957,815.9016418457031,589.1621017456055,843.4315490722656,578.8300609588623,850.2133178710938,559.9427175521851,843.1166839599609,579.8970222473145,834.8908233642578,591.7573642730713,26,1787747406.0680857
828.2105255126953,680.9329605102539,811.0773468017578,648.5537624359131,802.5489807128906,603.8876008987427,803.5924530029297,563.5962295532227,812.8641510009766,535.41672706604,791.9477081298828,559.4576454162598,780.7297515869141,507.29610443115234,773.4225463867188,473.61888885498047,766.9113159179688,444.7097396850586,807.9538726806641,561.2649822235107,809.4184875488281,526.2746858596802,811.6175842285156,548.4125232696533,809.7139739990234,566.7736387252808,823.4821319580078,567.6736164093018,827.1879577636719,542.4765586853027,824.5108032226562,566.4038801193237,818.2867431640625,581.41197681427,837.6165008544922,578.3060646057129,842.6766967773438,556.7291307449341,839.0522766113281,571.0614824295044,831.9680023193359,584.3494892120361,27,1787747406.126282
827.7104949951172,682.248101234436,810.5594635009766,651.1136198043823,802.1544647216797,605.4602336883545,802.9907989501953,564.7249889373779,813.0550384521484,534.3524694442749,791.3429260253906,560.6873846054077,779.6326446533203,507.1483039855957,771.793212890625,473.00318241119385,765.1347351074219,444.2185306549072,808.6065673828125,563.2889986038208,809.1778564453125,524.3203639984131,810.4528045654297,545.1047801971436,808.7248229980469,564.0434503555298,824.8013305664062,571.3287591934204,827.1791076660156,542.4603796005249,824.2825317382812,566.1065196990967,819.1015625,582.7075052261353,838.9805603027344,583.9886999130249,842.7619934082031,559.2465019226074,839.3775939941406,572.982029914856,833.5107421875,587.256875038147,28,1787747406.1724935
826.6240692138672,655.2230644226074,802.8533172607422,613.7562847137451,791.7582702636719,574.5629453659058,785.8486938476562,538.9681434631348,781.1370849609375,511.5986680984497,822.1036529541016,531.1491394042969,797.2810363769531,490.5619955062866,777.1692657470703,466.13775730133057,762.7991485595703,445.6311321258545,827.90771484375,530.7293844223022,803.3567047119141,490.63456535339355,782.8945922851562,469.9534034729004,768.6378479003906,452.62925148010254,830.404052734375,533.4300470352173,811.1832427978516,501.8809175491333,799.9037170410156,500.57045459747314,795.5089569091797,502.6069164276123,830.9417724609375,537.8224325180054,814.521484375,506.0630178451538,800.7028198242188,495.51609992980957,791.2300109863281,490.9189224243164,29,1787747406.2221
814.2204284667969,627.6661348342896,780.609130859375,599.5440101623535,758.0377960205078,557.5270557403564,747.1683502197266,519.7569608688354,739.2178344726562,489.17003631591797,798.8507843017578,514.7685241699219,764.2676544189453,469.21929359436035,737.31689453125,442.7162790298462,719.4689178466797,421.6699504852295,810.6427764892578,514.4907331466675,781.6090393066406,473.67570877075195,767.7127838134766,483.67215156555176,767.8092193603516,494.3391466140747,815.8716583251953,516.3369512557983,788.6181640625,478.84589195251465,774.9995422363281,492.13608741760254,776.0176849365234,503.62722873687744,818.9072418212891,519.5896768569946,795.1290893554688,488.4418058395386,782.9247283935547,497.7195882797241,782.7114105224609,509.5719051361084,30,1787747406.2791624
808.8739013671875,611.152138710022,777.9469299316406,588.5719728469849,755.4068756103516,552.5119256973267,744.9987030029297,519.7946834564209,739.5790863037109,492.6357078552246,768.8071441650391,502.2629499435425,742.7525329589844,460.72686195373535,723.9529418945312,432.2517156600952,710.8284759521484,408.35984230041504,786.260986328125,500.43818950653076,769.1708374023438,464.86364364624023,768.4588623046875,484.6453857421875,773.6772155761719,502.35976696014404,801.0338592529297,503.57276916503906,784.2378234863281,473.9691638946533,782.0083618164062,494.2005729675293,785.9667205810547,508.26393127441406,815.1931762695312,510.2763605117798,799.4823455810547,486.1190986633301,792.0484161376953,500.37596225738525,791.6835784912109,513.3514165878296,31,1787747406.3411338
784.9939727783203,579.5333576202393,750.8706665039062,551.775541305542,729.4247436523438,514.4961833953857,723.5396575927734,480.3043270111084,724.9361419677734,452.65628814697266,732.7346801757812,470.36444664001465,716.3299560546875,432.07786560058594,702.1677398681641,407.4158763885498,691.2447357177734,384.0076160430908,755.6748962402344,465.97987174987793,740.4812622070312,431.7436408996582,739.4860076904297,459.0886116027832,746.1697387695312,477.09503173828125,776.7947387695312,469.1724729537964,760.6442260742188,442.39771842956543,756.6646575927734,468.8134431838989,762.0843505859375,483.27295303344727,796.9046020507812,478.6426877975464,782.6386260986328,458.56860637664795,775.1362609863281,476.6337776184082,777.2220611572266,489.0914583206177,32,1787747406.3869498
779.146728515625,565.0212335586548,745.5467987060547,540.6695652008057,725.3700256347656,504.8214340209961,725.2669525146484,471.7436170578003,731.0501861572266,446.67951107025146,727.5794982910156,462.97669887542725,710.5168151855469,422.40084171295166,697.6139068603516,399.07158851623535,687.9654693603516,377.5134086608887,749.8764801025391,461.31720542907715,740.4972076416016,428.282732963562,741.1804962158203,456.1318302154541,746.7195129394531,474.6248245239258,771.8611145019531,465.8796215057373,760.8883666992188,440.64342498779297,758.4114074707031,469.3655061721802,762.8966522216797,484.4121837615967,793.5417938232422,475.9006977081299,783.3866119384766,456.3973903656006,776.0819244384766,475.7063341140747,776.8594360351562,487.61173725128174,33,1787747406.449492
771.8701171875,539.1267585754395,737.5880432128906,505.7599067687988,721.6739654541016,463.87925148010254,727.5161743164062,428.56910705566406,738.1209564208984,403.4909248352051,717.3912811279297,433.2729721069336,703.9569854736328,390.47903537750244,695.2787780761719,363.19818019866943,689.3016052246094,337.5155782699585,740.8982086181641,432.471227645874,739.1815185546875,398.1065082550049,735.5312347412109,426.08885765075684,735.9616088867188,447.21736907958984,762.705078125,436.71006202697754,759.9021148681641,413.1708240509033,753.5906219482422,442.238073348999,755.4389190673828,459.19559955596924,781.7371368408203,446.54866218566895,778.8959503173828,424.1042375564575,770.4496002197266,443.1028175354004,770.3485107421875,455.73258876800537,34,1787747406.4892504
772.3024749755859,548.7809085845947,743.2184600830078,524.558801651001,727.3237609863281,485.82826137542725,730.0228118896484,448.97990226745605,734.290771484375,419.20446395874023,718.9762878417969,446.4310312271118,704.9049377441406,402.2026491165161,696.2554931640625,373.8130760192871,691.8032836914062,347.7137231826782,740.6100463867188,442.3401689529419,733.7105560302734,408.2810926437378,734.9763488769531,435.13060569763184,739.6286773681641,453.4115982055664,763.1410217285156,444.0429210662842,756.5612030029297,414.7213125228882,755.3954315185547,442.899227142334,759.9998474121094,458.88708114624023,784.8920440673828,451.37075901031494,778.6403656005859,427.127366065979,773.7815856933594,447.52151012420654,776.2525177001953,460.7760429382324,35,1787747406.5401144
771.1154174804688,548.1276512145996,743.1307220458984,521.7167329788208,726.6267395019531,482.8341007232666,728.8018798828125,446.40373706817627,733.8594818115234,416.385440826416,720.0130462646484,447.44653701782227,706.1468505859375,402.6344633102417,696.9429016113281,374.23115730285645,692.2597503662109,347.2041893005371,740.9130096435547,443.53493213653564,735.8457183837891,409.1218900680542,735.5026245117188,437.9137086868286,739.9116516113281,456.0843229293823,762.7927398681641,445.68130016326904,757.2415161132812,416.1845111846924,754.6330261230469,444.8442792892456,759.5108032226562,459.36352729797363,783.6081695556641,452.9057550430298,778.3555603027344,428.44117641448975,772.5254058837891,448.2108163833618,775.0497436523438,460.31586170196533,36,1787747406.588709
770.5410003662109,605.0911617279053,741.2754821777344,585.5823612213135,722.4156951904297,549.2045259475708,722.07275390625,516.7814683914185,725.4552459716797,493.9226961135864,723.9448547363281,511.31340980529785,711.0041046142578,470.1290559768677,700.6332397460938,442.76546001434326,692.2549438476562,419.85076904296875,745.0262451171875,507.63251781463623,741.0797882080078,479.8944854736328,744.0541076660156,498.6937665939331,747.9231262207031,512.9700708389282,766.66748046875,510.33403873443604,762.1171569824219,487.68280506134033,761.2307739257812,507.2613859176636,763.3951568603516,519.2364406585693,788.2076263427734,518.1007289886475,783.5885620117188,497.42767810821533,778.6964416503906,511.4121150970459,778.9537811279297,522.8854894638062,37,1787747406.7275
824.53369140625,639.7826814651489,806.8776702880859,618.6391925811768,797.2869110107422,579.9495935440063,799.8841857910156,542.3504734039307,807.7365875244141,516.2777280807495,783.4566497802734,538.2106876373291,775.3656768798828,492.62532234191895,772.6770782470703,459.91498947143555,771.4860534667969,434.10239696502686,802.110595703125,536.5102100372314,810.7977294921875,502.1100854873657,812.0436096191406,521.3790321350098,808.8368225097656,540.508246421814,821.6218566894531,540.6764316558838,830.7343292236328,517.0478439331055,827.2086334228516,538.6624145507812,821.9538879394531,554.1491031646729,839.3705749511719,550.7162618637085,847.2335052490234,530.9979915618896,842.3668670654297,545.1393270492554,836.1465454101562,558.6731100082397,38,1787747406.8513322
824.931640625,650.4886436462402,811.5324401855469,624.7693061828613,803.8208770751953,588.379282951355,805.9963226318359,551.0902261734009,816.8474578857422,526.0937118530273,783.3819580078125,542.138729095459,775.3070068359375,495.0189685821533,772.5730133056641,460.7225704193115,770.9015655517578,434.7249698638916,800.9954071044922,540.6123161315918,807.5691223144531,502.1605110168457,813.1282043457031,515.8692169189453,811.8257904052734,534.0948486328125,820.4722595214844,545.0020837783813,828.9006042480469,517.275767326355,829.1968536376953,535.5136728286743,823.7491607666016,551.9493055343628,838.1108093261719,554.4424724578857,846.0646820068359,531.9674491882324,843.4187316894531,543.463397026062,836.7652893066406,557.382173538208,39,1787747406.8925898
807.0890808105469,659.5927047729492,778.8732147216797,613.2422018051147,770.2836608886719,572.2307109832764,764.4486999511719,541.217679977417,760.6630706787109,516.1801815032959,805.8449554443359,540.5778121948242,797.8488159179688,501.8461561203003,776.0388946533203,490.8809423446655,755.6108856201172,493.23291778564453,813.6826324462891,543.8651275634766,806.1885070800781,502.2318363189697,784.1239929199219,491.84374809265137,763.0706787109375,496.38500690460205,820.1504516601562,549.6502017974854,817.7981567382812,508.2982635498047,794.9112701416016,495.63197135925293,773.0629730224609,497.0469331741333,826.4414978027344,559.0225267410278,827.3517608642578,523.4449768066406,814.8165130615234,505.96229553222656,798.6551666259766,499.69566822052,40,1787747406.934129
785.8792877197266,631.7753648757935,751.6630554199219,596.5111827850342,737.9298400878906,550.3362035751343,745.1473999023438,511.4376497268677,754.3344879150391,481.94013118743896,739.8771667480469,513.2022428512573,724.8947143554688,467.34535217285156,715.2719116210938,438.3815288543701,709.0085601806641,413.5762882232666,765.3942108154297,515.7418441772461,760.5775451660156,479.34834480285645,755.1176452636719,508.08475971221924,755.88623046875,531.0397911071777,789.0485382080078,524.8569774627686,783.0179595947266,502.1199131011963,774.1263580322266,531.7875480651855,776.4210510253906,549.8064565658569,811.1264801025391,539.067234992981,804.7772979736328,515.7860040664673,794.2683410644531,536.9120693206787,794.9826049804688,551.5510940551758,41,1787747407.0087626
788.3320617675781,632.9244232177734,759.8715972900391,605.2750539779663,744.0863037109375,560.8427810668945,746.1323547363281,519.9719667434692,753.0283355712891,488.34099769592285,739.3359375,517.802939414978,725.4832458496094,470.394229888916,716.6315460205078,441.0202217102051,709.9860382080078,415.1832103729248,763.6923217773438,517.6612329483032,760.66650390625,481.023588180542,758.9581298828125,510.9569978713989,759.6965026855469,531.9594669342041,787.7899169921875,525.0085544586182,784.0701293945312,501.9591522216797,779.0104675292969,535.2314615249634,779.349365234375,552.4812412261963,810.3316497802734,539.0456056594849,806.6974639892578,515.6787157058716,799.4683837890625,537.8919553756714,799.0111541748047,551.3071203231812,42,1787747407.072917
879.2610931396484,596.4278411865234,865.8464050292969,573.8317108154297,864.947509765625,538.3531665802002,876.1807250976562,507.4876356124878,886.898193359375,485.9460210800171,861.5275573730469,493.9168167114258,869.7174835205078,451.13154888153076,878.673095703125,424.92533683776855,888.0782318115234,402.0772933959961,884.6853637695312,498.9921998977661,909.8354339599609,481.18666648864746,903.0970001220703,514.734320640564,891.0105895996094,535.914158821106,905.7548522949219,509.0692377090454,924.7856140136719,501.33941173553467,912.2144317626953,531.0242128372192,899.9018096923828,545.2564001083374,922.3184204101562,523.4999942779541,937.7424621582031,515.9112739562988,926.3442993164062,536.7006683349609,914.5575714111328,547.3442316055298,43,1787747407.2658222
851.9440460205078,614.7821760177612,838.6094665527344,576.1082410812378,845.7946014404297,535.692458152771,859.1697692871094,511.51695728302,871.1968231201172,496.4018726348877,871.3591003417969,508.64094257354736,879.3605041503906,469.5750617980957,871.6649627685547,446.61097526550293,868.6400604248047,430.2504014968872,884.3441772460938,514.9974346160889,885.8917999267578,482.3363256454468,862.1053314208984,497.260479927063,851.5023803710938,514.931001663208,896.5016174316406,525.7846784591675,894.8176574707031,496.9380569458008,870.6655883789062,513.1559371948242,862.8018951416016,529.9976348876953,908.6155700683594,541.1292743682861,905.2558898925781,514.6422243118286,884.8957061767578,523.7834930419922,877.5878143310547,537.4414300918579,44,1787747407.307617
857.4974822998047,616.2025022506714,841.5908813476562,581.0192584991455,845.2193450927734,538.6849880218506,859.4277191162109,511.14569664001465,873.2324981689453,494.19078826904297,868.5289001464844,509.59563732147217,872.0349884033203,466.22453212738037,870.3797149658203,437.47979164123535,872.7494049072266,415.51936626434326,885.2378845214844,515.3011465072632,887.6961517333984,479.631028175354,863.8909912109375,494.2550325393677,851.2108612060547,514.7831583023071,899.1656494140625,526.2296676635742,898.4830474853516,494.42944049835205,873.0022430419922,508.16818714141846,861.9675445556641,527.043342590332,911.1849212646484,541.5286874771118,909.2433929443359,512.7156257629395,888.8877105712891,517.9931402206421,878.9228820800781,532.3587512969971,45,1787747407.3506565
851.4610290527344,638.9078092575073,828.4627532958984,611.5367460250854,819.1030883789062,575.1355648040771,830.9322357177734,542.2349882125854,840.9189605712891,521.3926792144775,816.1534118652344,529.8398780822754,810.0739288330078,486.3016605377197,809.8578643798828,458.87957096099854,809.5283508300781,435.0619411468506,839.9681854248047,532.2597455978394,853.5084533691406,506.07022762298584,851.6561889648438,535.3157472610474,843.7212371826172,554.1376447677612,862.5116729736328,540.58424949646,874.9353790283203,531.6699600219727,866.1537170410156,557.815146446228,856.3500213623047,569.9223804473877,880.5464935302734,554.0930557250977,892.2315979003906,549.0493440628052,882.8820037841797,566.8373250961304,872.5520324707031,575.720157623291,46,1787747407.402045
854.3195343017578,650.1255798339844,830.2114868164062,626.6799831390381,819.7728729248047,586.6491079330444,824.1863250732422,550.0482416152954,830.8242797851562,525.078592300415,812.6143646240234,542.8417682647705,807.2946166992188,495.778226852417,807.3657989501953,465.0608825683594,807.0590972900391,438.88187885284424,836.190185546875,543.1938457489014,850.2527618408203,513.3115482330322,851.4633178710938,538.6242198944092,843.7565612792969,556.459493637085,858.7185668945312,549.2228937149048,871.1890411376953,533.3189821243286,867.454833984375,558.6032009124756,858.8504028320312,571.1920309066772,878.3032989501953,561.0520792007446,891.1407470703125,548.6034536361694,885.7804870605469,566.468939781189,876.5748596191406,577.2442960739136,47,1787747407.4451838
894.1569519042969,670.9781455993652,896.5808868408203,641.6258525848389,909.3141937255859,604.7023916244507,937.8681182861328,579.6472549438477,959.6780395507812,557.9256105422974,883.7097930908203,547.2594738006592,892.09228515625,497.63148307800293,907.2047424316406,464.1355848312378,922.6106262207031,440.1511859893799,889.9771881103516,555.1451683044434,902.3666381835938,518.5534858703613,923.5839080810547,514.176549911499,941.4553070068359,519.8481130599976,899.4793701171875,567.6087713241577,913.5311126708984,537.447566986084,931.904296875,533.6302042007446,945.9587860107422,538.1378602981567,908.1758117675781,582.1440267562866,921.8565368652344,560.8436393737793,936.28662109375,560.0597047805786,946.9306182861328,565.7522106170654,48,1787747407.4844506
908.2735443115234,669.9655151367188,907.4529266357422,636.0061740875244,919.5404815673828,597.9299211502075,942.9278564453125,566.9662427902222,962.3439788818359,548.022894859314,896.4933776855469,548.7653732299805,909.8612213134766,495.3305768966675,924.5255279541016,461.36934757232666,937.4009704589844,434.14501190185547,912.4643707275391,552.8812551498413,927.2386169433594,514.435887336731,940.3190612792969,520.8285570144653,945.1024627685547,530.3594541549683,930.2947998046875,562.5545454025269,947.5772094726562,535.4227781295776,952.6849365234375,550.9628963470459,948.4432220458984,563.5552024841309,944.8135375976562,576.9273233413696,961.7147827148438,555.7025957107544,963.0490112304688,563.6957931518555,956.5911102294922,574.4617938995361,49,1787747407.536846
908.8771057128906,662.8429412841797,904.6580505371094,626.1996746063232,914.7338104248047,587.2786331176758,936.4457702636719,556.5824031829834,958.4226989746094,540.7916164398193,898.3122253417969,539.8573923110962,911.6072845458984,489.2090034484863,923.6602020263672,459.5936393737793,936.0109710693359,434.06686305999756,917.6520538330078,546.340012550354,936.2867736816406,513.6678314208984,937.5575256347656,532.7688074111938,933.4983062744141,544.9429893493652,936.2688446044922,556.9932317733765,955.9259033203125,533.8733196258545,950.6533050537109,554.7663974761963,940.1423645019531,565.5681896209717,951.0755157470703,574.1055107116699,969.2240905761719,555.4971170425415,964.8244476318359,565.9224987030029,953.5511779785156,576.1517572402954,50,1787747407.5746005
893.9685821533203,676.457576751709,877.8385162353516,638.5650444030762,879.0785980224609,598.7508058547974,895.2023315429688,565.1611375808716,914.2983245849609,551.2041234970093,868.6096954345703,554.8612403869629,868.9980316162109,506.64846897125244,871.6322326660156,476.1073350906372,876.2957000732422,449.9198341369629,890.9748840332031,558.6077070236206,915.4472351074219,520.9536552429199,909.8877716064453,544.8370313644409,896.9895935058594,563.9359903335571,912.8911590576172,566.6059255599976,933.4147644042969,539.2846012115479,923.6478424072266,562.5487518310547,910.6356811523438,579.3107557296753,931.1954498291016,582.4476099014282,948.0442810058594,559.8364591598511,938.8730621337891,572.9033660888672,925.7566833496094,587.4860000610352,51,1787747407.6271417
892.8858947753906,673.773136138916,876.3525390625,636.8393754959106,874.6266937255859,594.1634130477905,888.2284545898438,562.1838426589966,908.3010101318359,553.2262086868286,868.5478210449219,553.1808042526245,868.8673400878906,507.2492837905884,871.2127685546875,477.0725440979004,875.2732086181641,451.52503967285156,890.4154968261719,554.8168230056763,913.8473510742188,518.5209131240845,908.3452606201172,536.442060470581,897.2189331054688,556.4812517166138,912.4766540527344,562.9025888442993,932.8258514404297,541.7271280288696,921.9235992431641,562.4609899520874,910.6597900390625,579.9095106124878,932.1552276611328,577.907509803772,949.7113037109375,563.337664604187,937.2214508056641,577.5619125366211,924.4029235839844,591.1529016494751,52,1787747407.6844456
898.1880187988281,675.7464694976807,887.4056243896484,642.9391479492188,887.4716186523438,603.0425119400024,900.8180999755859,568.8975191116333,919.9298095703125,554.1319370269775,868.7059783935547,558.9978933334351,868.6033630371094,509.86656188964844,872.108154296875,478.2245206832886,876.9657135009766,450.90856075286865,888.9221954345703,558.6909627914429,910.8888244628906,520.5391359329224,911.6561889648438,540.540132522583,903.9593505859375,559.3627166748047,910.531005859375,565.7477903366089,930.0453186035156,541.831111907959,925.2901458740234,564.5613956451416,915.8832550048828,580.109281539917,929.3215942382812,580.4862928390503,948.1035614013672,563.3529853820801,940.6398010253906,578.3754587173462,929.4203948974609,590.9887504577637,53,1787747407.726565
898.1451416015625,675.3864097595215,886.3733673095703,642.7665424346924,886.5915679931641,602.7626609802246,902.1300506591797,569.0580224990845,923.9743041992188,555.6100702285767,868.8441467285156,557.6839542388916,869.1967010498047,509.4258213043213,872.6374816894531,478.05152893066406,877.5211334228516,450.73951721191406,889.6898651123047,557.7260541915894,911.3555908203125,520.6576681137085,910.7953643798828,540.5553245544434,903.4465026855469,559.5585823059082,911.2776184082031,564.579119682312,931.8006896972656,543.826847076416,925.2217102050781,566.0565233230591,915.5264282226562,581.5098237991333,930.2294921875,578.5587072372437,949.2673492431641,563.5171794891357,939.8413848876953,578.8434934616089,927.7220153808594,591.4477729797363,54,1787747407.7793047
915.6278228759766,668.6723041534424,910.5229187011719,635.8663558959961,918.4586334228516,592.3916530609131,935.7066345214844,556.534252166748,954.2123413085938,533.3223295211792,902.8975677490234,543.7617444992065,913.9240264892578,497.43497371673584,930.7831573486328,467.7105188369751,946.0826110839844,443.82988929748535,922.6136779785156,549.5837259292603,945.0404357910156,514.6559143066406,945.3389739990234,534.6233940124512,937.7593994140625,550.4593276977539,941.7861938476562,560.2193069458008,961.5720367431641,539.8652029037476,956.5444946289062,563.0423641204834,945.7701110839844,575.0952243804932,956.2999725341797,575.873236656189,974.6867370605469,559.8846530914307,967.0352172851562,575.1186990737915,953.4326171875,585.8902359008789,55,1787747407.805732
908.2959747314453,666.1805105209351,893.5249328613281,623.8436222076416,894.1812896728516,576.4406204223633,913.5784912109375,541.6472625732422,936.7971038818359,527.720890045166,884.8200225830078,538.6430168151855,888.6912536621094,497.14430809020996,895.4164886474609,473.8061285018921,902.7996826171875,450.38997173309326,911.2179565429688,543.2638835906982,932.4840545654297,518.314790725708,923.9875030517578,549.4570827484131,911.6571044921875,566.4371824264526,934.6342468261719,553.1137275695801,951.8440246582031,541.6705656051636,938.2765197753906,571.6095972061157,925.1360321044922,585.8075380325317,951.9716644287109,568.845591545105,966.9927978515625,559.4727945327759,954.7996520996094,579.0415477752686,942.5173187255859,590.2951526641846,56,1787747407.8849146
909.6749877929688,666.3553047180176,894.2807006835938,627.0349788665771,895.4477691650391,580.4053974151611,913.99169921875,545.3749322891235,936.1697387695312,534.6273851394653,884.6621704101562,539.1046142578125,888.9966583251953,498.603515625,895.9251403808594,474.5249605178833,902.6495361328125,451.27325534820557,909.7890472412109,544.168496131897,929.7710418701172,512.5847768783569,923.8833618164062,541.3929462432861,912.5340270996094,560.6885433197021,932.9559326171875,554.561562538147,949.5692443847656,539.7903156280518,939.0559387207031,568.3088064193726,927.0175933837891,582.443060874939,950.9042358398438,571.2403964996338,966.4722442626953,557.8520107269287,956.1976623535156,577.0219087600708,943.8248443603516,589.0397071838379,57,1787747407.944341
913.8521575927734,672.021074295044,910.9408569335938,640.8090019226074,917.2600555419922,606.5526437759399,940.6866455078125,576.3018321990967,961.1723327636719,557.0436143875122,893.9205169677734,551.5733242034912,895.1724243164062,503.10593605041504,903.5768890380859,471.8588447570801,912.9665374755859,447.504301071167,914.16015625,554.2975473403931,931.0468292236328,519.0228080749512,937.5148010253906,533.009090423584,935.1866149902344,545.4791307449341,933.9657592773438,562.9938268661499,949.9425506591797,538.0054235458374,951.5879821777344,555.4919242858887,943.8997650146484,565.606255531311,949.8931884765625,578.2530212402344,965.3976440429688,558.2338285446167,964.7518920898438,569.0169095993042,954.9582672119141,579.7244167327881,58,1787747408.0024474
915.0362396240234,676.9606304168701,913.0853271484375,644.4862031936646,919.1684722900391,609.8742055892944,941.7858123779297,578.8526773452759,963.9054870605469,560.1351928710938,891.5145874023438,554.8446321487427,893.4751129150391,506.41505241394043,900.7441711425781,473.1001281738281,908.9877319335938,447.91757583618164,911.0615539550781,558.6309242248535,929.0061950683594,521.2484836578369,937.0731353759766,535.4742336273193,936.3411712646484,548.8368701934814,930.8193969726562,568.3183336257935,946.6110229492188,539.628095626831,950.44677734375,555.9882831573486,944.0908813476562,566.8070268630981,946.1771392822266,584.8032331466675,961.7688751220703,560.4931926727295,963.1124114990234,569.75998878479,954.5763397216797,580.7193231582642,59,1787747408.0634434
921.033935546875,649.419322013855,924.7864532470703,612.5287342071533,936.9889831542969,579.196343421936,956.4492797851562,551.7788887023926,968.1887054443359,533.8862371444702,918.8642120361328,533.4641647338867,930.0410461425781,482.62094020843506,940.0979614257812,453.9858055114746,949.4210052490234,431.2453079223633,931.9904327392578,536.7343997955322,956.2028503417969,503.1635284423828,956.6956329345703,523.6713981628418,950.9040832519531,539.9833917617798,944.8294067382812,541.1088037490845,965.5243682861328,511.02797985076904,962.4151611328125,531.108283996582,953.1595611572266,545.3248071670532,956.212158203125,550.2649641036987,967.8359222412109,527.2404956817627,967.4333190917969,536.1617374420166,960.1303863525391,548.7894916534424,60,1787747408.1203146
903.6440277099609,638.3590507507324,887.6194763183594,590.2274751663208,890.9644317626953,547.7102136611938,897.05810546875,516.7944717407227,899.2826843261719,495.5854082107544,928.6176300048828,518.4855937957764,920.4334259033203,483.952431678772,900.7079315185547,488.45017433166504,889.5451354980469,498.8328552246094,935.9320831298828,521.3805341720581,924.2084503173828,486.18553161621094,903.9207458496094,493.64928245544434,894.1152954101562,508.1559991836548,942.0671844482422,528.3332061767578,928.9207458496094,495.1785707473755,909.4223785400391,502.49855518341064,899.7515869140625,515.8300352096558,946.7761993408203,538.6483383178711,932.2461700439453,507.51145362854004,917.1434020996094,510.01131534576416,908.6422729492188,518.3613967895508,61,1787747408.1796823
885.9125518798828,579.0497875213623,872.5104522705078,546.1930274963379,867.4244689941406,513.8837814331055,873.7749481201172,485.1453495025635,887.5594329833984,471.8323230743408,867.4178314208984,491.2965774536133,872.8712463378906,464.38899993896484,870.5446624755859,474.4617033004761,868.5858917236328,485.0254011154175,884.9460601806641,495.3113079071045,892.1016693115234,472.4121952056885,887.2492218017578,487.6947784423828,885.0517272949219,496.51405334472656,903.7135314941406,503.27043056488037,908.9289855957031,483.7469959259033,901.6763305664062,497.93970108032227,898.5482788085938,506.8299150466919,920.7872009277344,514.6440267562866,923.5732269287109,498.1238079071045,915.2680206298828,507.710280418396,911.2792205810547,516.3021039962769,62,1787747408.3206744
894.9398803710938,564.6389865875244,884.3431854248047,529.6725940704346,885.8812713623047,493.7748098373413,899.7548675537109,468.6109685897827,914.5917510986328,455.90206146240234,872.2634887695312,473.4304904937744,874.0067291259766,439.7927141189575,880.5795288085938,416.69958114624023,886.8177795410156,397.2444248199463,893.5525512695312,479.4387674331665,912.1109771728516,463.0459213256836,910.3470611572266,479.91950511932373,903.0512237548828,492.9655122756958,913.3819580078125,489.1827392578125,927.9148101806641,479.7744941711426,920.5448913574219,497.77735233306885,911.4292907714844,506.27922534942627,927.8277587890625,501.43781661987305,940.0138092041016,495.2163791656494,932.188720703125,506.6097164154053,923.3187103271484,512.9706287384033,63,1787747408.3908882
893.7969970703125,566.8239784240723,881.7321014404297,533.7734985351562,883.1433868408203,495.3263282775879,896.7263031005859,468.08491230010986,912.6102447509766,457.9371929168701,872.9536437988281,471.2130117416382,873.4834289550781,432.9314947128296,877.8211975097656,408.8295078277588,883.4523010253906,387.01486587524414,895.4217529296875,477.6903533935547,915.1993560791016,463.64150047302246,909.0811157226562,487.17374324798584,900.0297546386719,499.60142612457275,915.1808929443359,487.3658323287964,929.2043304443359,480.19304752349854,919.2870330810547,500.79219818115234,909.8277282714844,508.5718059539795,929.2662811279297,500.1642608642578,940.2877807617188,493.93102169036865,930.6844329833984,507.7750825881958,921.1647033691406,514.8345708847046,64,1787747408.4553394
869.7300720214844,576.760425567627,848.8778686523438,547.9638862609863,840.2993774414062,514.2906618118286,847.9463195800781,485.73084354400635,853.3377075195312,463.8383102416992,839.8249816894531,474.39059257507324,832.7420043945312,437.1570682525635,824.5310211181641,411.11878395080566,818.5636901855469,391.5109348297119,856.7646789550781,475.58441162109375,863.9186096191406,446.9838237762451,859.7852325439453,465.62543392181396,854.1262054443359,481.77452087402344,875.1900482177734,480.27904987335205,880.7023620605469,457.12356090545654,872.4364471435547,478.21945667266846,866.5654754638672,494.05311584472656,892.5638580322266,489.398775100708,895.4367828369141,469.2347002029419,886.2250518798828,484.6423816680908,880.306396484375,497.949743270874,65,1787747408.5051575
864.6402740478516,570.2033042907715,866.4736175537109,538.8267374038696,860.5257415771484,511.2407112121582,856.8556976318359,482.56566524505615,854.7345733642578,462.56235122680664,833.7254333496094,483.019495010376,830.4624176025391,439.3512439727783,828.1159210205078,418.266806602478,824.1487884521484,406.24433040618896,835.7083129882812,480.15686988830566,849.2484283447266,445.5990743637085,863.3863830566406,457.2072458267212,867.0668792724609,470.7704257965088,839.4242858886719,477.81506538391113,855.2137756347656,442.7452039718628,867.5926971435547,459.0928602218628,868.3709716796875,475.4449796676636,843.1731414794922,478.8809537887573,854.1253662109375,449.0344476699829,865.7556915283203,456.99532985687256,867.2649383544922,471.0345697402954,66,1787747408.554957
864.5609283447266,565.4258823394775,849.1670989990234,533.2874822616577,842.9871368408203,501.2645673751831,848.0499267578125,470.8726930618286,858.3610534667969,452.0147895812988,825.9187316894531,475.22624015808105,815.0225830078125,432.3092222213745,811.2625122070312,404.5269012451172,808.4822845458984,383.1978464126587,843.4745788574219,474.8869514465332,852.3365020751953,445.6866216659546,859.7261047363281,458.0071020126343,859.1285705566406,471.1287260055542,861.0376739501953,476.60399436950684,870.8677673339844,454.37753677368164,873.7305450439453,472.3781204223633,868.6388397216797,486.3256502151489,877.2212219238281,483.79995346069336,886.2416076660156,465.88047981262207,885.1019287109375,477.0450782775879,878.8587951660156,490.54937839508057,67,1787747408.5952132
879.8081207275391,574.1767501831055,870.1020812988281,544.8706340789795,867.0083618164062,509.15974617004395,866.9985198974609,474.27600860595703,871.7021179199219,448.4852600097656,850.3793334960938,472.47167587280273,848.0158233642578,424.96331691741943,850.1918792724609,393.3210611343384,853.6717224121094,369.05324935913086,865.9456634521484,473.33478927612305,877.7736663818359,444.9677038192749,883.0695343017578,456.7455196380615,882.4500274658203,467.9691696166992,881.6395568847656,476.22397899627686,892.7742004394531,452.6383924484253,893.3623504638672,470.08184909820557,888.2209777832031,482.685227394104,894.9542236328125,483.7186288833618,904.3397521972656,463.9222526550293,902.9641723632812,473.31298828125,897.8340148925781,486.12768173217773,68,1787747408.6510925
880.9373474121094,581.025652885437,872.6669311523438,549.8843908309937,868.3136749267578,513.9310312271118,864.6724700927734,476.48202896118164,870.4189300537109,448.0185556411743,848.1825256347656,473.3680057525635,846.4413452148438,425.0285482406616,848.2848358154297,393.820424079895,851.5362548828125,369.917950630188,862.3907470703125,474.26583766937256,872.5677490234375,441.6085910797119,884.0067291259766,449.8001432418823,888.4030914306641,459.2545223236084,878.677978515625,477.83270359039307,890.6719207763672,452.2373056411743,895.6523132324219,467.1805143356323,893.1031799316406,477.3537254333496,892.3264312744141,484.5234203338623,900.9262847900391,463.4886360168457,902.4441528320312,472.1192979812622,899.541015625,483.2151460647583,69,1787747408.693326
858.8943481445312,594.5290088653564,842.8964233398438,562.2834920883179,839.5785522460938,520.0135517120361,832.5307464599609,482.81294345855713,826.4407348632812,451.1554956436157,876.7816925048828,482.5801706314087,860.5353546142578,440.553560256958,837.767333984375,431.3173198699951,820.6836700439453,432.9376745223999,871.6138458251953,485.3798818588257,858.9398956298828,445.2030944824219,837.9889678955078,441.4892864227295,822.9672241210938,443.6914014816284,864.9788665771484,488.3691072463989,855.4531097412109,450.8692502975464,835.3932189941406,445.3331708908081,820.535888671875,443.10479164123535,858.1919860839844,491.21087551116943,849.9268341064453,455.19073963165283,837.5820922851562,442.7841281890869,827.1102905273438,438.17832469940186,70,1787747408.7188241
851.6031646728516,580.2215480804443,835.6426239013672,557.0557165145874,820.7870483398438,522.0110034942627,816.3200378417969,483.7027931213379,815.6855773925781,452.1561527252197,800.2203369140625,465.3290605545044,790.5538177490234,419.0189838409424,787.2844696044922,389.1935062408447,785.3773498535156,363.2518672943115,821.7218017578125,462.7691173553467,833.6764526367188,430.5480194091797,834.4659423828125,453.46232414245605,827.47314453125,466.9544792175293,842.2384643554688,464.65516090393066,853.3419799804688,444.77952003479004,849.3212127685547,469.2708349227905,840.8628845214844,481.52299404144287,858.4243011474609,471.6584300994873,866.8373870849609,456.07372283935547,862.9270935058594,472.94567584991455,855.2797698974609,484.7746467590332,71,1787747408.7995443
850.3432464599609,574.1737461090088,828.1536865234375,549.1004133224487,813.9807891845703,512.8588771820068,811.6008758544922,475.33061027526855,819.5679473876953,446.2152099609375,798.7490081787109,461.60272121429443,790.0932312011719,416.2321901321411,787.4894714355469,390.5945634841919,785.7638549804688,366.3300132751465,819.0503692626953,460.1910209655762,829.0608215332031,428.8246250152588,830.6056213378906,459.7681760787964,823.5055541992188,475.86469173431396,840.2584075927734,461.9861698150635,850.5343627929688,441.0492753982544,848.8913726806641,471.51989936828613,840.9614562988281,483.63288402557373,859.1424560546875,469.95524883270264,868.5981750488281,451.81570529937744,865.25390625,473.0838203430176,857.7226257324219,486.5350341796875,72,1787747408.8521264
860.3865814208984,583.3484029769897,860.4090118408203,550.6145095825195,856.4503479003906,514.8048305511475,849.1204071044922,480.92612743377686,842.3199462890625,452.50282287597656,836.5969085693359,472.42047786712646,823.1039428710938,428.11261653900146,817.9007720947266,399.6876382827759,815.5319976806641,377.11699962615967,835.1716613769531,472.4232244491577,821.5544891357422,431.2149667739868,816.5377044677734,403.09558868408203,813.8491058349609,379.2998456954956,836.9872283935547,473.7096977233887,825.7459259033203,436.52003288269043,825.6133270263672,417.6268529891968,826.541748046875,405.1695156097412,839.6881103515625,474.3117570877075,829.3778228759766,441.5864896774292,829.9180603027344,429.4494295120239,832.5240325927734,424.5599126815796,73,1787747408.912375
864.412841796875,593.9703798294067,854.4529724121094,562.9712533950806,848.1901550292969,522.8536891937256,840.7107543945312,484.04457092285156,835.0657653808594,450.2786922454834,855.6490325927734,484.76752281188965,840.1232147216797,438.740816116333,832.3859405517578,416.77884578704834,827.6661682128906,408.43811988830566,855.8956146240234,487.74773597717285,843.8525390625,447.41928577423096,838.6396026611328,429.5541000366211,834.3439483642578,419.5447826385498,856.4524841308594,489.7264337539673,847.0938110351562,452.89313793182373,841.5154266357422,438.00859451293945,836.35498046875,427.8046989440918,856.7916107177734,489.626784324646,846.3291931152344,455.38750648498535,842.877197265625,441.125750541687,840.0040435791016,433.37682723999023,74,1787747408.9643867
861.8705749511719,592.8802013397217,866.4614868164062,559.7473239898682,863.4070587158203,527.3715591430664,860.0520324707031,494.0066385269165,860.2157592773438,470.6736087799072,838.8093566894531,490.6654644012451,856.3957977294922,452.9727029800415,871.1458587646484,465.6301546096802,876.6152191162109,487.2018527984619,840.3753662109375,487.6699733734131,859.6044921875,446.7158603668213,873.8192749023438,464.73584175109863,877.216796875,485.18367290496826,846.3269805908203,485.73195934295654,863.2281494140625,443.7292528152466,874.7944641113281,462.71693229675293,876.2205505371094,484.41239833831787,854.0396881103516,488.43708515167236,863.5456848144531,451.0644292831421,874.1112518310547,460.47718048095703,876.546630859375,478.18379402160645,75,1787747409.0228405
863.3096313476562,589.4972705841064,838.5402679443359,562.3476505279541,824.1068267822266,527.2483491897583,826.9898223876953,495.251784324646,834.1851043701172,472.01308250427246,816.2879180908203,493.44783782958984,807.5959777832031,455.4006814956665,804.9769592285156,431.22432231903076,803.5788726806641,408.4632682800293,838.6976623535156,491.665735244751,844.8617553710938,464.78240489959717,848.9960479736328,490.937762260437,849.1484069824219,506.38222217559814,861.5486145019531,494.1523790359497,865.9629058837891,472.7419137954712,865.5385589599609,496.26686096191406,864.7878265380859,509.25965309143066,882.5888824462891,501.1260795593262,886.1692047119141,483.55645179748535,882.8546142578125,499.19278621673584,880.7644653320312,509.98260498046875,76,1787747409.087957
863.8743591308594,586.5631055831909,839.0734100341797,561.085638999939,824.8012542724609,526.374249458313,828.7054443359375,495.191445350647,837.0487976074219,472.91439056396484,817.0315551757812,492.9265880584717,809.3569183349609,454.88380908966064,807.1258544921875,429.83510971069336,805.6824493408203,406.8813228607178,839.296875,491.9627523422241,845.5793762207031,465.1589012145996,849.2784118652344,490.35316944122314,848.9421081542969,506.4380979537964,861.6121673583984,494.82820987701416,866.8480682373047,473.2037687301636,865.7594299316406,495.46790599823,864.53125,508.36671352386475,882.2095489501953,501.9804382324219,886.3610076904297,484.9470806121826,882.6081848144531,500.6832790374756,880.2397155761719,511.3917303085327,77,1787747409.1457932
871.1624145507812,607.5351476669312,850.4925537109375,592.8966808319092,837.2384643554688,560.3839302062988,836.2123870849609,530.4083347320557,834.5712280273438,506.7971706390381,828.5361480712891,512.3422193527222,820.8866119384766,475.6628179550171,819.1721343994141,451.86540126800537,818.2204437255859,432.6761054992676,848.6383056640625,511.4550733566284,855.0495147705078,486.8606758117676,861.1532592773438,509.997239112854,860.9071350097656,523.9443397521973,869.4798278808594,515.4628086090088,873.5643768310547,498.57922554016113,875.1812744140625,521.5414667129517,872.8482818603516,532.7600526809692,888.2778930664062,524.3358993530273,890.3926849365234,513.1837034225464,888.3026123046875,530.489616394043,885.2153015136719,540.1030826568604,78,1787747409.1898193
871.5174865722656,610.8978223800659,848.4759521484375,591.5321445465088,836.1383819580078,557.6254606246948,836.6178131103516,527.4834394454956,836.9225311279297,505.21406650543213,830.1753997802734,516.6698026657104,823.4484100341797,479.7933340072632,821.5116882324219,454.68695640563965,819.3932342529297,433.99287700653076,850.0604248046875,515.6197929382324,855.8653259277344,490.177001953125,861.4733123779297,510.9403467178345,860.3746032714844,525.4682207107544,870.4634094238281,519.0183877944946,874.7696685791016,500.8619785308838,876.6436767578125,522.3133420944214,873.5775756835938,535.4131650924683,889.2002105712891,526.774263381958,890.8086395263672,513.7220335006714,889.5893859863281,529.5601558685303,886.5035247802734,540.4752016067505,79,1787747409.2506812
845.6455993652344,631.7890548706055,821.2364196777344,598.1534242630005,813.5684967041016,559.447603225708,819.1065979003906,532.9131746292114,826.2406158447266,515.5839157104492,834.0680694580078,532.0071458816528,828.7704467773438,496.3726472854614,810.8818817138672,479.9622917175293,796.3978576660156,470.24136543273926,850.8773803710938,535.6883382797241,844.8473358154297,503.0631494522095,829.6456909179688,515.9513139724731,823.0088806152344,533.3453321456909,866.6687774658203,543.9188146591187,857.5945281982422,513.8715934753418,842.2196197509766,528.6209964752197,837.1553802490234,546.1964178085327,882.8733062744141,555.7129383087158,870.9333038330078,531.6748094558716,857.3799896240234,541.759443283081,852.8363037109375,555.9844636917114,80,1787747409.2789779
825.1280212402344,634.7325325012207,800.0527191162109,602.4292087554932,791.2901306152344,563.7314987182617,801.1794281005859,531.1703824996948,812.5702667236328,508.46112728118896,796.1050415039062,539.8675203323364,784.6187591552734,500.33995628356934,778.3791351318359,474.01482582092285,775.2080535888672,451.7112922668457,818.0220794677734,543.0400371551514,820.7353973388672,509.43989753723145,816.2326812744141,531.3165092468262,813.3844757080078,550.4919862747192,839.5354461669922,552.4735593795776,838.53515625,534.4118213653564,830.7117462158203,559.3961906433105,828.8356018066406,574.820351600647,859.8030090332031,566.9487762451172,858.1184387207031,547.507438659668,848.0968475341797,564.1984605789185,844.2017364501953,576.1779356002808,81,1787747409.3626716
823.5320281982422,632.769284248352,799.2427062988281,603.0035448074341,790.2925872802734,564.3349313735962,799.80712890625,532.1760177612305,812.4501037597656,509.5133686065674,794.2685699462891,538.190860748291,783.6799621582031,498.4894895553589,777.7022552490234,473.2121801376343,774.1481018066406,451.05674743652344,817.0542144775391,541.1575984954834,818.4426879882812,512.6710796356201,815.8079528808594,536.6573667526245,815.0872039794922,554.7610330581665,839.0575408935547,550.4620742797852,837.4647521972656,533.1842708587646,830.8653259277344,559.3140506744385,829.8721313476562,574.3078136444092,859.5053100585938,564.7236585617065,857.0883178710938,546.7413568496704,848.2913208007812,563.8830327987671,845.7402038574219,575.3326749801636,82,1787747409.403247
819.5832824707031,623.2016515731812,796.2601470947266,595.1373338699341,787.6228332519531,557.295355796814,799.8212432861328,526.3148975372314,815.0775909423828,507.23387718200684,789.9720764160156,526.8738698959351,781.7953491210938,487.41793155670166,777.2474670410156,463.1282329559326,775.6597900390625,440.80753326416016,813.9700317382812,530.2225542068481,819.3679046630859,506.4913558959961,814.9798583984375,536.7556428909302,813.4133148193359,554.7413778305054,836.1052703857422,539.7672271728516,837.2730255126953,526.325798034668,828.5752105712891,554.5078325271606,827.2918701171875,566.7814493179321,855.7965087890625,553.8740158081055,854.2343902587891,541.6734409332275,844.1180419921875,561.1610412597656,841.3339233398438,571.1970949172974,83,1787747409.4508843
819.6366882324219,622.5128173828125,796.1092376708984,593.759708404541,788.2909393310547,556.2783050537109,800.5194854736328,526.6120433807373,815.2495574951172,507.2487688064575,791.1418914794922,526.3706016540527,783.2050323486328,486.90749645233154,777.6792144775391,461.46092891693115,775.3054809570312,438.6146879196167,814.2360687255859,530.5024480819702,818.6939239501953,507.28129863739014,814.0272521972656,534.0166997909546,812.7747344970703,550.6474256515503,835.9737396240234,540.2757740020752,835.955810546875,528.3902835845947,827.0625305175781,554.6385526657104,825.8067321777344,566.4348649978638,855.1401519775391,554.5586442947388,852.5515747070312,543.0672454833984,842.1244812011719,561.8243837356567,839.7734069824219,571.2347316741943,84,1787747409.4899635
819.920654296875,605.1642036437988,796.1264038085938,587.9392290115356,782.8691101074219,552.8125047683716,782.7977752685547,518.01438331604,787.0667266845703,490.06696701049805,784.1323089599609,504.71577644348145,774.8905944824219,464.3777561187744,765.4818725585938,435.2285385131836,756.6163635253906,409.20647621154785,804.7630310058594,503.27107429504395,803.2215881347656,474.16009426116943,802.0658874511719,491.52368545532227,801.6365814208984,498.42151165008545,823.7535858154297,508.6806392669678,821.9493865966797,488.71556282043457,815.4861450195312,509.4834566116333,813.4098815917969,515.9045791625977,841.0724639892578,519.2156267166138,838.740234375,501.61316871643066,830.9854125976562,515.0469160079956,828.0375671386719,521.6953182220459,85,1787747409.5391326
814.5199584960938,595.7460021972656,795.3368377685547,557.792444229126,786.6255187988281,514.603214263916,786.0550689697266,481.09148025512695,785.06591796875,455.1391553878784,790.6849670410156,490.53465843200684,768.7007904052734,447.41379261016846,753.4358978271484,419.0528869628906,740.8339691162109,394.85386848449707,802.242431640625,497.808895111084,786.2623596191406,454.1159677505493,784.6173095703125,467.1516752243042,787.8231048583984,482.0689630508423,808.6244201660156,512.367753982544,793.2144927978516,472.38090991973877,789.974365234375,478.46888065338135,793.7277984619141,487.6928472518921,809.410400390625,532.1936130523682,796.9140625,499.271879196167,790.2188110351562,489.9634552001953,787.1747589111328,485.390567779541,86,1787747409.5991092
812.6319122314453,582.7620077133179,784.5513153076172,558.2315111160278,771.2474822998047,519.2605590820312,774.8055267333984,483.54331970214844,779.9958038330078,456.77392959594727,773.6506652832031,478.36373805999756,756.6062164306641,434.6479797363281,745.7010650634766,408.3183002471924,738.7880706787109,384.7081661224365,795.4436492919922,478.88481616973877,785.5356597900391,443.9842987060547,785.2738189697266,467.01529026031494,788.9878082275391,484.29356575012207,813.3757781982422,487.2137403488159,802.1903228759766,460.31363010406494,797.9159545898438,482.33842849731445,799.6031188964844,496.18690967559814,826.9084167480469,501.1451768875122,816.2755584716797,477.6491975784302,808.5971069335938,490.8699131011963,806.6445922851562,501.96335792541504,87,1787747409.6671264
804.1593170166016,562.6141548156738,777.5402069091797,534.1640281677246,764.2486572265625,495.68437099456787,768.4706878662109,458.722243309021,778.6821746826172,430.6298589706421,762.5405883789062,456.98121070861816,749.8165130615234,417.6561641693115,741.0238647460938,394.356951713562,734.1695404052734,372.46111392974854,785.3951263427734,457.2044563293457,784.7857666015625,426.29064559936523,783.1824493408203,448.9497756958008,781.4997100830078,463.80505084991455,805.0742340087891,465.2091979980469,804.6001434326172,445.2333927154541,798.8807678222656,470.8014965057373,795.1944732666016,484.5139789581299,821.5973663330078,479.5791435241699,823.1326293945312,460.75939178466797,815.3232574462891,475.4078149795532,808.6057281494141,485.18229961395264,88,1787747409.7296438
804.9518585205078,562.5785779953003,780.5052185058594,538.7291049957275,767.171630859375,499.15626525878906,769.2537689208984,461.8763494491577,778.973388671875,432.9361295700073,763.2598876953125,459.3334436416626,749.8242950439453,419.40706729888916,741.3211059570312,395.1887369155884,736.0728454589844,372.65037059783936,785.3268432617188,459.1117858886719,786.3398742675781,425.4810905456543,784.5560455322266,450.66317081451416,782.9404449462891,465.85129737854004,805.0973510742188,466.34332180023193,806.4810943603516,444.6245527267456,799.5664978027344,472.2940921783447,795.1472473144531,485.12269020080566,821.2064361572266,480.00730991363525,823.8390350341797,459.47532176971436,815.9816741943359,477.13369846343994,809.8206329345703,487.9444169998169,89,1787747409.7688324
795.7248687744141,554.4255208969116,768.7937164306641,526.241512298584,752.6486206054688,485.84632873535156,753.9498138427734,449.9404764175415,767.2515106201172,423.09534072875977,754.9807739257812,451.7235231399536,740.9133911132812,411.08951568603516,732.0587921142578,386.789174079895,727.4112701416016,364.4066333770752,776.922607421875,452.1099328994751,776.6706085205078,417.5902032852173,769.5011138916016,446.3400936126709,768.1735229492188,467.54276275634766,796.1807250976562,459.3047332763672,794.0727996826172,436.92824363708496,784.1776275634766,466.96610927581787,783.5090637207031,483.6001396179199,813.1720733642578,471.85558319091797,811.0057067871094,451.44307136535645,801.0768127441406,470.49851417541504,798.6264038085938,483.0984163284302,90,1787747409.8250422
795.8556365966797,558.9779376983643,770.0267028808594,530.786247253418,756.3311004638672,489.36225414276123,759.1664123535156,456.3690662384033,768.4520721435547,431.91410064697266,756.6864013671875,454.86835956573486,743.2560729980469,414.5425271987915,733.8798522949219,391.09259605407715,728.4999084472656,368.93158435821533,777.6564788818359,457.051420211792,776.5444946289062,424.13217544555664,771.7334747314453,447.7907180786133,770.9201812744141,462.5296926498413,797.3152160644531,466.3246536254883,794.5657348632812,444.70059871673584,786.5421295166016,471.24009132385254,784.9657440185547,483.53143215179443,814.9565887451172,481.79765224456787,813.4401702880859,460.8916139602661,803.1885528564453,478.92202377319336,798.4276580810547,490.4614448547363,91,1787747409.8759012
798.900146484375,563.6414623260498,773.946533203125,538.3753538131714,759.7475433349609,497.7910852432251,759.1347503662109,464.36625480651855,766.5073394775391,437.98370361328125,758.282470703125,457.79565811157227,744.5388793945312,417.04813957214355,734.6009826660156,392.1829891204834,728.8939666748047,370.0242519378662,779.5140838623047,460.3656005859375,778.3921051025391,427.68728256225586,773.0402374267578,445.8990955352783,771.4009857177734,456.8749952316284,798.8316345214844,470.4671001434326,796.4013671875,447.2071123123169,787.6670837402344,470.28719902038574,784.7495269775391,481.81061267852783,815.0601959228516,487.2527503967285,813.1794738769531,463.9408349990845,803.8138580322266,478.9103078842163,799.0171813964844,489.5287227630615,92,1787747409.9178307
802.4870300292969,572.3894548416138,779.3327331542969,547.6585865020752,765.8407592773438,505.10364532470703,766.2165069580078,468.24455738067627,774.6199798583984,440.0269889831543,762.1668243408203,466.03424549102783,751.1488342285156,424.23105239868164,743.7529754638672,398.08908462524414,738.4970092773438,374.6704387664795,782.4301147460938,466.5319776535034,782.3515319824219,432.7614212036133,779.4821929931641,455.6032419204712,777.0253753662109,470.00704765319824,801.2384796142578,473.8489580154419,800.6552124023438,455.0305366516113,795.1177215576172,482.3007917404175,792.1651458740234,493.5503625869751,817.5859832763672,487.3495674133301,817.6499176025391,469.6122694015503,810.9602355957031,489.342942237854,806.7451477050781,500.4033851623535,93,1787747409.9879992
806.6574859619141,575.6048440933228,787.0368957519531,553.3664131164551,772.0188140869141,513.5556077957153,767.3036956787109,475.51883697509766,773.6421203613281,445.1468753814697,763.4667205810547,468.7245225906372,751.5146636962891,425.8293056488037,744.0465545654297,397.47732639312744,738.3781433105469,373.4433174133301,783.1098175048828,468.5984802246094,784.8067474365234,435.83767890930176,782.5552368164062,455.4466438293457,779.2481994628906,469.60347175598145,801.1252593994141,475.6965494155884,803.3724212646484,455.8948087692261,797.6837158203125,479.8828125,792.8892517089844,491.6057825088501,816.3022613525391,489.1345453262329,818.8922119140625,471.62147998809814,811.4617919921875,489.5221996307373,804.4860076904297,501.7831563949585,94,1787747410.0266616
817.6058959960938,587.4505090713501,794.0174102783203,569.1894721984863,779.7308349609375,530.2001523971558,774.5514678955078,493.29304218292236,779.5072174072266,463.02197456359863,782.8620147705078,483.49817276000977,767.7433013916016,437.4974298477173,759.2922973632812,410.0034999847412,754.0410614013672,384.9193525314331,802.3761749267578,480.6752872467041,793.9698791503906,443.97082328796387,791.4671325683594,465.83099842071533,792.0294189453125,481.17778301239014,818.4768676757812,485.3798818588257,810.5748748779297,464.57980155944824,804.7494506835938,491.20250701904297,802.6979827880859,503.6534070968628,830.9784698486328,494.82370376586914,825.0479888916016,477.52843379974365,816.3771057128906,495.72883129119873,810.9337615966797,506.7875576019287,95,1787747410.0775511
824.6281433105469,606.2512922286987,801.7726898193359,582.4410438537598,789.4013214111328,540.9970951080322,782.5183868408203,502.871618270874,780.1905822753906,473.54867935180664,825.9895324707031,499.7051525115967,795.1355743408203,452.844557762146,776.2152862548828,422.972731590271,764.9935913085938,397.4114513397217,831.2014770507812,497.62757778167725,803.1632232666016,461.40153408050537,791.7617797851562,469.27177906036377,793.1305694580078,478.0233335494995,830.4525756835938,500.42952060699463,804.8928070068359,471.88472270965576,793.270263671875,486.784930229187,794.8055267333984,496.42302989959717,827.0664215087891,504.39549922943115,806.3204956054688,480.76695442199707,797.7073669433594,488.3616828918457,798.8798522949219,496.5017366409302,96,1787747410.1568868
828.7560272216797,606.6465854644775,809.5121002197266,587.5201606750488,794.9403381347656,547.1660900115967,786.0889434814453,509.0141773223877,781.1460113525391,478.01865577697754,805.3469085693359,497.27837562561035,785.7015228271484,451.3978385925293,772.5910186767578,420.2916383743286,763.5770416259766,394.0196371078491,817.7616882324219,494.86352920532227,803.3238983154297,464.56143379211426,799.4255065917969,475.2504014968872,799.8971557617188,481.64259910583496,826.6627502441406,498.11985969543457,814.8484802246094,476.5450716018677,810.4773712158203,493.69056701660156,810.9585571289062,499.3694257736206,834.3284606933594,504.1968870162964,826.28662109375,486.0794448852539,820.9323120117188,498.0567741394043,818.4270477294922,506.56147956848145,97,1787747410.1985593
837.7260589599609,612.6046514511108,820.7892608642578,590.5184841156006,810.6434631347656,548.6891555786133,810.0614166259766,509.36985969543457,813.73291015625,477.0508289337158,798.6427307128906,502.035756111145,792.6036071777344,455.23695945739746,788.1396484375,423.9242935180664,784.4078063964844,396.83891773223877,815.6967926025391,502.4370574951172,825.8940887451172,469.30529594421387,823.2349395751953,495.8213996887207,815.9168243408203,513.5381841659546,832.5397491455078,509.1277313232422,844.5759582519531,487.2716760635376,840.301513671875,515.0732231140137,831.9670104980469,527.4424123764038,847.2191619873047,522.1403074264526,860.5663299560547,502.7006435394287,854.8175048828125,520.7101535797119,844.969482421875,532.3781490325928,98,1787747410.2676556
838.2826995849609,613.6897659301758,821.2842559814453,591.1229038238525,810.5599212646484,547.108883857727,808.9108276367188,505.9434986114502,816.6745758056641,473.82737159729004,798.6050415039062,501.3207006454468,793.5470581054688,454.0792751312256,789.0660858154297,424.5589256286621,785.045166015625,397.72709369659424,816.1046600341797,501.45901679992676,827.7175140380859,469.4661855697632,824.8928833007812,497.6667594909668,817.6578521728516,513.0004119873047,832.921142578125,507.95494079589844,845.5677795410156,488.4828758239746,839.4400024414062,517.3081254959106,830.3177642822266,528.1557083129883,847.2599029541016,520.2224206924438,860.0904846191406,502.5048637390137,853.4542083740234,522.806224822998,842.9618835449219,534.2632484436035,99,1787747410.3122518
848.3634185791016,583.188157081604,810.6491851806641,542.9972505569458,792.1987915039062,505.8310604095459,780.9700775146484,480.4748725891113,775.3574371337891,463.2822561264038,832.5438690185547,463.6442470550537,809.85595703125,426.8130111694336,799.2811584472656,403.8617134094238,792.6351928710938,382.70350456237793,840.255126953125,471.1799669265747,790.7932281494141,453.58248710632324,787.0595550537109,477.2943305969238,797.6332855224609,493.99234771728516,840.9335327148438,484.4135570526123,793.4329223632812,473.8867235183716,792.1367645263672,494.4778060913086,803.4674072265625,508.9322090148926,836.6350555419922,500.1568794250488,798.7924194335938,485.9168815612793,794.8296356201172,498.71711254119873,802.3204803466797,511.46013736724854,100,1787747410.3522787
860.6768798828125,568.4521865844727,851.1125946044922,522.7443838119507,830.9542846679688,485.4149007797241,809.1487121582031,466.19122982025146,789.3143463134766,458.5010576248169,842.0743560791016,455.01834869384766,825.0478363037109,417.563681602478,814.3776702880859,394.3647623062134,806.8663787841797,373.7235116958618,836.6375732421875,463.0174255371094,792.3860168457031,449.18649673461914,787.2023010253906,465.7530641555786,796.7137908935547,476.01995944976807,826.7945098876953,477.2264814376831,787.2804260253906,464.15785789489746,785.1092529296875,478.8479948043823,796.8376159667969,488.06106090545654,815.3717041015625,493.31758975982666,783.6979675292969,478.0711841583252,782.9714965820312,489.51722145080566,792.9308319091797,499.7202157974243,101,1787747410.404541
856.5274047851562,561.6172313690186,850.6367492675781,515.5464506149292,829.7103881835938,480.471396446228,804.6747589111328,464.10584449768066,783.9346313476562,459.56454277038574,839.7274780273438,451.7953634262085,822.1111297607422,416.60675525665283,812.4293518066406,394.15228843688965,805.6694793701172,374.30999279022217,831.9071197509766,459.2696285247803,790.6252288818359,447.3643970489502,787.5352478027344,463.22603702545166,797.0161437988281,473.24535369873047,820.9672546386719,473.1151056289673,784.7500610351562,463.5676860809326,785.2625274658203,477.97393798828125,796.8914794921875,486.42744541168213,809.3920135498047,488.57080936431885,779.6076965332031,476.7285346984863,782.3284912109375,488.4704303741455,793.5907745361328,498.3733606338501,102,1787747410.4660113
857.1678924560547,554.2639875411987,858.1128692626953,511.62102699279785,845.1226806640625,477.73391246795654,829.5539855957031,460.2552652359009,813.3412933349609,451.0169219970703,848.8256072998047,447.10480213165283,836.8780517578125,410.1675224304199,832.0562744140625,385.81611156463623,828.8719177246094,364.8017120361328,838.7673187255859,453.8808345794678,800.4091644287109,438.949556350708,793.5160827636719,454.0074348449707,798.8113403320312,465.34069061279297,825.4706573486328,466.23058319091797,791.9875335693359,452.1124219894409,789.7911834716797,467.2711944580078,798.3345031738281,479.1369867324829,812.4312591552734,480.150990486145,783.7076568603516,467.01361656188965,783.5023498535156,478.3920192718506,792.1929168701172,489.71248626708984,103,1787747410.5056117
856.5177154541016,553.4981632232666,859.3221282958984,514.4152021408081,847.279052734375,481.34515285491943,831.0990142822266,464.6637010574341,815.3248596191406,454.8838949203491,849.962158203125,446.9416809082031,838.2982635498047,410.5245780944824,832.6132965087891,386.5189790725708,828.8262939453125,366.0035562515259,838.4287261962891,452.3412036895752,803.1806182861328,439.74833965301514,795.3556823730469,454.24715995788574,799.7000885009766,465.53977489471436,824.0579986572266,464.71781730651855,792.9749298095703,453.85109424591064,789.9392700195312,467.5427198410034,797.9341125488281,478.15645694732666,810.2513885498047,479.24466133117676,782.4742126464844,467.25892066955566,780.5513763427734,476.5442991256714,788.1246948242188,486.4939212799072,104,1787747410.556815
857.1999359130859,542.4666881561279,866.1433410644531,498.870792388916,854.3965148925781,463.43276023864746,835.4166412353516,447.9001522064209,816.6644287109375,443.86821269989014,857.3262786865234,436.20434761047363,852.0157623291016,398.63715648651123,849.4582366943359,373.69969367980957,847.5540924072266,354.41441774368286,837.3133850097656,438.96191596984863,813.3645629882812,430.31477451324463,814.9372863769531,444.42941665649414,824.6582794189453,452.82567501068115,818.1391906738281,450.55463790893555,799.8458862304688,446.16002082824707,802.8748321533203,458.45492362976074,811.710205078125,465.67551612854004,801.3750457763672,465.34850120544434,787.4813079833984,462.221302986145,792.2463989257812,472.86181926727295,799.78271484375,480.43375968933105,105,1787747410.5979345
856.5538787841797,541.0046911239624,868.1311798095703,500.4572010040283,857.5617218017578,463.93319606781006,839.5988464355469,445.9771156311035,821.1589813232422,439.44153785705566,861.6921234130859,436.4265203475952,857.7195739746094,396.22913360595703,856.5888214111328,370.56241035461426,855.8222198486328,351.58902168273926,840.8474731445312,441.3547468185425,822.4302673339844,423.82678985595703,823.5650634765625,436.5678834915161,830.1660919189453,447.16423988342285,820.7216644287109,453.21577548980713,807.3392486572266,440.9788942337036,810.7070159912109,452.23129749298096,817.1790313720703,461.3009834289551,803.0535125732422,467.9375410079956,793.8619232177734,460.50310134887695,798.5174560546875,469.87019062042236,803.8369750976562,477.25647926330566,106,1787747410.6800036
856.2846374511719,540.2708387374878,868.9036560058594,498.8361597061157,857.5473785400391,460.9796333312988,837.9234313964844,443.9500093460083,817.9909515380859,439.90609645843506,862.9661560058594,434.45576190948486,857.3673248291016,395.4542541503906,855.9504699707031,370.95186710357666,855.3787994384766,352.40859746932983,842.5680541992188,438.53662490844727,822.4969482421875,424.9175262451172,822.5106811523438,437.5777244567871,829.2569732666016,447.11355686187744,821.8946075439453,450.1647090911865,806.2599182128906,440.56965351104736,808.7432098388672,452.23833560943604,815.4639434814453,461.0922861099243,803.2504272460938,464.7424507141113,792.20947265625,458.053879737854,796.6092681884766,468.29511165618896,802.4078369140625,476.5086364746094,107,1787747410.722251
857.491455078125,538.0437469482422,870.2473449707031,496.77120208740234,860.1018524169922,459.63325023651123,840.5899810791016,444.0280294418335,819.8844909667969,441.2472438812256,862.9419708251953,434.1527795791626,856.4479064941406,393.77707958221436,854.576416015625,368.69181632995605,853.6519622802734,349.8948097229004,842.0732116699219,438.6698341369629,824.4982147216797,424.89675521850586,825.1502990722656,437.93134689331055,831.4395904541016,447.9937934875488,821.3985443115234,450.6580638885498,808.1123352050781,439.71821308135986,811.2508392333984,451.3002920150757,817.5128173828125,460.6636905670166,802.8343963623047,465.50432682037354,793.7541198730469,457.7566909790039,798.565673828125,467.86595821380615,803.7814331054688,476.35392665863037,108,1787747410.7762237
856.2513732910156,536.9502210617065,870.3424072265625,496.68176651000977,860.8810424804688,460.5400085449219,842.6669311523438,445.2362251281738,822.7753448486328,442.30467796325684,862.2791290283203,433.4836006164551,855.9855651855469,393.1222343444824,854.4003295898438,367.9363775253296,853.6183166503906,349.19960260391235,841.1270141601562,437.4258041381836,824.7825622558594,424.52858448028564,825.3261566162109,437.440824508667,831.1434936523438,447.445592880249,820.6153869628906,449.32854652404785,808.4848785400391,438.5041809082031,811.6880798339844,450.11115074157715,817.7564239501953,459.5684480667114,802.5072479248047,464.41500663757324,794.234619140625,457.9313564300537,799.2304992675781,467.9426908493042,804.4567108154297,476.20591163635254,109,1787747410.8197093
857.2946929931641,537.8495979309082,869.4625854492188,497.1908712387085,858.9877319335938,461.5818214416504,839.4773864746094,447.6065683364868,819.3813323974609,445.3589630126953,862.3282623291016,435.6609535217285,857.0361328125,395.091233253479,854.263916015625,368.99059295654297,852.0121002197266,348.76699447631836,842.076416015625,440.327353477478,823.0011749267578,424.3210458755493,824.2078399658203,437.6154041290283,831.8564605712891,447.35525608062744,821.6104888916016,452.3592710494995,806.7342376708984,438.56464862823486,809.1983032226562,450.1821756362915,815.8698272705078,459.2073154449463,803.2365417480469,467.36071586608887,792.2041320800781,458.22700023651123,796.7313385009766,468.2121992111206,802.7242279052734,476.4034080505371,110,1787747410.8839705
860.9589385986328,538.1465721130371,866.1085510253906,495.01909732818604,852.9916381835938,459.25761222839355,833.1871795654297,444.8799419403076,812.4333190917969,443.58312606811523,860.6661224365234,433.8828420639038,850.2859497070312,394.3117618560791,846.1882019042969,367.4165439605713,844.8375701904297,346.4284086227417,845.2164459228516,438.437876701355,808.9535522460938,429.43243503570557,807.8112030029297,444.3675756454468,818.7660217285156,452.2911214828491,827.1775817871094,449.6018314361572,796.446533203125,446.42858505249023,798.6121368408203,459.6770668029785,810.0421905517578,464.5831060409546,809.6121215820312,463.16067695617676,784.3640899658203,459.8564100265503,787.74658203125,473.33242893218994,797.4433898925781,480.735068321228,111,1787747410.938269
854.8261260986328,536.933741569519,830.1239776611328,502.69914150238037,812.2625732421875,468.27245235443115,795.7189178466797,446.9756269454956,783.0935668945312,433.75898838043213,854.613037109375,433.53840351104736,842.4024963378906,394.2486763000488,838.2767486572266,368.6044406890869,837.6495361328125,347.0831251144409,852.5299835205078,439.238805770874,803.4274291992188,422.2905921936035,796.3101196289062,440.7886505126953,804.9677276611328,450.87727546691895,843.0712127685547,449.93378162384033,795.9379577636719,442.47462272644043,794.5933532714844,460.0211191177368,805.9125518798828,465.6055212020874,830.0914001464844,462.7028560638428,791.0379028320312,456.4461421966553,791.0330200195312,472.56866455078125,801.5177154541016,480.3285312652588,112,1787747410.9828787
845.96923828125,539.770917892456,811.0391998291016,509.041428565979,795.44677734375,475.68140029907227,786.8222808837891,450.88937759399414,785.6410980224609,434.2506265640259,847.5299835205078,436.6101121902466,834.4699096679688,396.9517421722412,828.7133026123047,371.9167757034302,826.9051361083984,350.20841360092163,856.2046813964844,443.3052921295166,807.9312896728516,421.1438512802124,797.6892852783203,443.4938621520996,805.7526397705078,456.9214725494385,855.4248809814453,455.7162809371948,806.4686584472656,442.2660970687866,799.8873901367188,461.7516803741455,809.5726776123047,472.4979829788208,847.8962707519531,471.2216377258301,810.6093597412109,455.5346202850342,803.2457733154297,469.0718364715576,809.3231201171875,480.8925676345825,113,1787747411.0341573
848.3735656738281,541.9370698928833,811.5007019042969,510.4306411743164,795.379638671875,477.0637035369873,786.9629669189453,451.8105983734131,785.6552124023438,433.2237482070923,847.6181793212891,437.8923797607422,835.4891204833984,397.98548698425293,830.5180358886719,372.653546333313,829.0572357177734,350.80405712127686,856.5918731689453,443.35949420928955,808.4126281738281,420.118989944458,797.6833343505859,441.8000793457031,806.2629699707031,454.6611213684082,855.625,454.3823432922363,805.6787872314453,441.1783218383789,798.8169097900391,460.06476402282715,809.3616485595703,469.5183277130127,847.3798370361328,468.53410720825195,809.2133331298828,455.02448558807373,801.8257141113281,469.4997024536133,808.3274078369141,480.54383754730225,114,1787747411.1063163
827.1603393554688,556.0876321792603,799.4575500488281,527.0882320404053,783.5806274414062,489.12325859069824,782.6673126220703,460.09325981140137,795.0930023193359,443.5221004486084,813.8187408447266,451.0319423675537,803.7982177734375,411.7609691619873,797.2227478027344,386.44469261169434,794.7616577148438,365.00229835510254,831.8965148925781,455.6488609313965,809.0412902832031,435.33634185791016,797.8550720214844,463.33555698394775,802.0223999023438,483.07215213775635,846.2100982666016,465.5082321166992,817.6068878173828,452.7207040786743,808.4494781494141,479.78715419769287,815.24658203125,495.54287910461426,857.7925109863281,479.79934215545654,829.8545074462891,466.58437728881836,820.4206848144531,486.07219219207764,825.6391143798828,499.6679878234863,115,1787747411.1500025
822.2832489013672,565.1268911361694,795.3862762451172,536.7375755310059,782.5205993652344,499.3875789642334,782.4981689453125,470.49821376800537,791.1454010009766,451.13996028900146,800.3403472900391,464.3826913833618,790.7247161865234,422.03524589538574,784.7969818115234,394.96304512023926,782.8578948974609,371.52259826660156,820.0154113769531,468.02895069122314,808.0352783203125,439.5389986038208,798.7779998779297,465.4796504974365,799.4370269775391,486.0505199432373,838.5887145996094,477.36140727996826,820.6480407714844,463.1521797180176,813.2036590576172,489.6816301345825,817.1717071533203,505.2662515640259,856.0505676269531,491.66247367858887,837.237548828125,476.04506492614746,828.2624816894531,494.98613834381104,830.9529113769531,507.7765417098999,116,1787747411.2052922
822.9686737060547,565.8930587768555,796.1759185791016,538.1201791763306,783.2401275634766,499.72317695617676,782.8969573974609,471.4974546432495,789.1837310791016,452.56646633148193,799.5462799072266,463.9072322845459,790.6880187988281,420.4677629470825,785.2485656738281,393.60052585601807,783.3043670654297,370.40868759155273,819.0415954589844,467.5473976135254,807.9685974121094,440.50673961639404,799.1546630859375,465.4426574707031,800.0370025634766,485.38374423980713,837.5168609619141,477.0406150817871,820.8791351318359,463.71299743652344,814.0773010253906,489.0887117385864,818.1903076171875,504.32417392730713,855.0691986083984,491.50673389434814,838.0169677734375,476.52747631073,828.7688446044922,495.04737854003906,830.784912109375,508.0120611190796,117,1787747411.2578926
824.7505950927734,570.8251476287842,795.3659057617188,544.7287559509277,783.0189514160156,506.1809492111206,787.095947265625,474.97424125671387,798.768310546875,455.23035049438477,792.2525787353516,472.1977472305298,781.8498229980469,428.5201835632324,774.9519348144531,401.80302143096924,771.1244964599609,378.8261890411377,813.5750579833984,475.1508378982544,810.7294464111328,440.6628227233887,802.7276611328125,465.51904678344727,800.4503631591797,486.58408641815186,833.9775848388672,484.43625926971436,825.4716491699219,469.59733486175537,817.7742004394531,497.97128677368164,818.5272216796875,513.7942600250244,852.6646423339844,498.98786544799805,842.750244140625,484.53826904296875,833.7222290039062,505.0047254562378,834.0409851074219,516.5204572677612,118,1787747411.3172996
824.7090911865234,569.3777847290039,796.1717987060547,544.7609853744507,783.2192993164062,506.3628673553467,788.1169891357422,474.56156730651855,800.6394958496094,453.7687397003174,790.8706665039062,472.24255084991455,780.8976745605469,427.8321647644043,774.3659210205078,400.8600854873657,770.4398345947266,377.3884391784668,812.3895263671875,475.8625888824463,810.6514739990234,441.90123081207275,802.9954528808594,467.9287004470825,800.2700805664062,489.91148471832275,833.0265808105469,485.7043218612671,826.4376068115234,471.4137268066406,819.1058349609375,500.7127618789673,819.1688537597656,516.4702463150024,851.6126251220703,500.43303966522217,843.8119506835938,486.7826986312866,835.1734161376953,507.63208866119385,834.7408294677734,518.6463975906372,119,1787747411.3605373
831.0076904296875,576.2646675109863,808.1925201416016,554.0453338623047,798.2865905761719,518.1889200210571,803.6257171630859,486.32590770721436,808.4482574462891,462.51415729522705,788.5202026367188,476.8233346939087,774.8638916015625,434.59317684173584,767.3402404785156,409.5267105102539,762.0054626464844,387.5277900695801,811.0482788085938,477.701940536499,815.2784729003906,449.3649387359619,816.6973876953125,470.9882640838623,815.71044921875,486.47199153900146,832.2634887695312,484.92939949035645,838.0581665039062,479.4226312637329,834.0476989746094,507.6168966293335,830.1185607910156,519.4635915756226,851.031494140625,496.9402885437012,855.289306640625,491.6374969482422,848.7825775146484,512.7233934402466,843.563232421875,521.7995166778564,120,1787747411.4101305
832.928466796875,570.4077100753784,812.8415679931641,547.6504755020142,802.9447174072266,516.5474939346313,807.8936767578125,490.014910697937,817.2562408447266,471.25219345092773,791.8180084228516,475.08620738983154,777.6926422119141,433.73087882995605,770.2932739257812,408.82959365844727,765.3806304931641,386.590518951416,813.9923095703125,476.26007080078125,825.5123901367188,452.31571197509766,827.8591156005859,475.3286361694336,824.7327423095703,492.35538482666016,834.8436737060547,483.27754497528076,844.9018096923828,481.6473627090454,841.3923645019531,508.00227642059326,834.2511749267578,518.310284614563,852.6715087890625,495.02484798431396,861.7723083496094,497.82005310058594,853.9531707763672,517.9515981674194,844.2163848876953,524.4329738616943,121,1787747411.4715598
833.0682373046875,568.9227104187012,814.4303131103516,549.4130086898804,804.2038726806641,518.5626268386841,808.5487365722656,490.0690269470215,818.8265228271484,469.302077293396,791.1124420166016,476.50975227355957,776.4228057861328,434.49095249176025,769.2079925537109,409.1230058670044,764.0761566162109,386.67879581451416,813.6563873291016,477.53225326538086,825.8049011230469,456.25688552856445,827.4573516845703,481.22477531433105,823.5050201416016,494.84108448028564,834.9465942382812,484.36519145965576,845.2344512939453,481.44887924194336,840.7365417480469,508.7267732620239,833.4278869628906,516.1945152282715,852.9590606689453,496.1733913421631,860.7103729248047,495.4933547973633,852.7885437011719,517.1209716796875,843.6794281005859,523.4652757644653,122,1787747411.5199232
843.5210418701172,574.2113828659058,824.8172760009766,554.6368789672852,814.6021270751953,523.5811471939087,819.9652862548828,495.22552013397217,831.2288665771484,475.21164894104004,802.0748138427734,480.05417346954346,786.6869354248047,438.7218475341797,779.4602203369141,412.5289821624756,773.7273406982422,390.40526390075684,824.5167541503906,480.5467987060547,836.3407135009766,455.72649478912354,838.0967712402344,476.37152194976807,832.938232421875,492.7941083908081,845.4265594482422,487.8308629989624,856.2024688720703,483.1291437149048,853.0877685546875,506.6218614578247,845.8775329589844,516.617317199707,862.2401428222656,500.3641176223755,872.7912902832031,498.2212257385254,866.5436553955078,516.7928838729858,857.6225280761719,525.0335311889648,123,1787747411.5851328
843.1444549560547,575.6061315536499,822.7122497558594,555.2949857711792,812.6338958740234,523.7095928192139,818.0091094970703,495.3847360610962,827.1820068359375,477.668080329895,801.2873840332031,482.80221462249756,785.2803802490234,438.8480615615845,778.9420318603516,411.6090488433838,773.6503601074219,388.776798248291,823.4252166748047,483.7109899520874,835.7359313964844,456.5232181549072,839.3090057373047,480.8633852005005,835.716552734375,499.723219871521,844.0120697021484,490.77198028564453,854.4936370849609,483.6073923110962,851.9646453857422,510.1004934310913,845.2623748779297,523.1713485717773,861.2494659423828,503.0239248275757,870.9915161132812,498.63450050354004,864.3383026123047,518.8716173171997,854.5652770996094,529.1573524475098,124,1787747411.6428354
843.2109069824219,591.8565845489502,820.5435180664062,565.3726673126221,811.7662048339844,534.6332216262817,823.443603515625,509.210000038147,840.1609802246094,493.48865032196045,804.7502136230469,498.708872795105,797.4358367919922,459.88293170928955,795.0920104980469,436.7280864715576,792.78076171875,416.9620084762573,826.3277435302734,499.0479040145874,833.4044647216797,472.000937461853,832.91259765625,492.88092613220215,828.4482574462891,510.28618812561035,847.1713256835938,504.2423343658447,852.5749206542969,491.24293327331543,848.1671142578125,513.8304805755615,842.8205108642578,528.4937953948975,865.4245758056641,513.7559366226196,869.5428466796875,504.387731552124,863.538818359375,519.5646142959595,857.8923797607422,530.7771492004395,125,1787747411.6879263
846.3536834716797,592.5271797180176,823.1604766845703,568.2763195037842,813.3457946777344,536.9191074371338,825.3195190429688,510.5124807357788,841.9068908691406,494.6104145050049,805.1477813720703,501.6949653625488,797.5216674804688,463.53343963623047,794.3385314941406,439.95553493499756,791.6471862792969,419.7461414337158,826.2742614746094,500.53359031677246,834.5175933837891,472.07204818725586,834.5498657226562,494.4493532180786,829.9044036865234,514.6405935287476,846.7328643798828,504.90443229675293,853.2334899902344,489.58949089050293,849.461669921875,512.0388078689575,843.8968658447266,528.4419536590576,864.7486877441406,514.4272613525391,870.1129150390625,501.23714447021484,865.7616424560547,515.6865692138672,860.7704925537109,528.100905418396,126,1787747411.7383487
837.1255493164062,613.9940357208252,808.9154052734375,578.7364196777344,798.0018615722656,541.9279289245605,799.6172332763672,511.6198253631592,802.4013519287109,489.5422410964966,814.27001953125,516.2923622131348,809.6830749511719,485.6196928024292,800.8382415771484,492.43666648864746,796.6244506835938,503.72971057891846,830.6381225585938,518.339467048645,825.0757598876953,492.42834091186523,813.53759765625,510.87472915649414,809.5421600341797,527.9894542694092,847.6081848144531,523.7702751159668,838.9398193359375,503.92991065979004,824.4869995117188,523.3522796630859,819.2904663085938,540.4515981674194,864.6591949462891,532.4670696258545,855.4715728759766,514.0443706512451,841.0633850097656,524.8506689071655,834.0898132324219,535.9195232391357,127,1787747411.7858477
833.7879180908203,605.2772426605225,802.7516174316406,575.885853767395,788.5651397705078,541.0926675796509,793.2161712646484,514.5090579986572,800.7969665527344,497.14035987854004,799.5137023925781,510.5411911010742,789.7764587402344,489.22101974487305,776.5386199951172,478.0652618408203,765.4024505615234,467.0797920227051,819.1371154785156,509.76815700531006,811.7979431152344,487.3240327835083,805.4986572265625,508.71291160583496,806.0743713378906,524.327187538147,838.3447265625,514.4275617599487,830.2728271484375,497.404203414917,821.3016510009766,517.4170446395874,820.6870269775391,529.8875999450684,857.1619415283203,524.0164804458618,848.8662719726562,510.2626705169678,838.3084869384766,523.6577081680298,834.7982025146484,534.0033102035522,128,1787747411.8222475
829.0821075439453,597.7660274505615,801.3547515869141,572.5005626678467,788.4382629394531,541.322135925293,794.9013519287109,517.6828622817993,803.4909820556641,502.84629821777344,797.3381805419922,509.92050647735596,787.0465850830078,488.90130043029785,774.6910858154297,476.3096809387207,764.0068054199219,464.6041774749756,816.8557739257812,509.4803237915039,812.4519348144531,488.8418197631836,808.0046081542969,508.1279754638672,808.1742858886719,521.6826581954956,836.4250946044922,514.7100305557251,832.08251953125,498.51232051849365,823.8657379150391,517.5101709365845,822.4976348876953,528.4518671035767,855.7383728027344,525.0745582580566,851.3295745849609,510.8648157119751,841.2429809570312,523.9700889587402,837.4193572998047,533.5459613800049,129,1787747411.8659427
826.9465637207031,578.6093902587891,798.3740234375,562.078013420105,781.0330963134766,532.1442174911499,779.4859313964844,504.3901777267456,780.5525970458984,481.7876100540161,783.3784484863281,499.1465663909912,768.8704681396484,468.09980392456055,757.7724456787109,444.7529125213623,748.0579376220703,424.51549530029297,804.8765563964844,496.139874458313,800.1634216308594,472.1764612197876,800.191650390625,488.3097982406616,801.3775634765625,501.6582727432251,825.1789855957031,500.02246856689453,822.9032135009766,480.1791000366211,817.3584747314453,496.1047697067261,816.0214233398438,508.3993721008301,844.6278381347656,509.64473247528076,844.0907287597656,490.4082727432251,836.0098266601562,498.85693073272705,831.7414855957031,507.8253364562988,130,1787747411.9055977
825.5416870117188,574.8712491989136,799.6929931640625,561.0486888885498,780.7821655273438,529.9990940093994,781.1696624755859,500.1457643508911,785.2308654785156,477.2848892211914,782.6423645019531,493.02889823913574,764.2573547363281,457.640175819397,751.739501953125,431.7786169052124,741.6042327880859,410.026330947876,803.8226318359375,489.65227603912354,794.6305084228516,466.33662700653076,796.3745880126953,489.83256340026855,800.8181762695312,506.4547920227051,824.8668670654297,494.64268684387207,816.8972778320312,478.5858678817749,813.9786529541016,500.59152603149414,815.9511566162109,512.7997827529907,845.4199981689453,505.29067039489746,837.7101898193359,489.9035882949829,831.4840698242188,504.6374559402466,830.8399963378906,514.6192216873169,131,1787747411.9355998
815.8835601806641,561.2894010543823,785.3957366943359,538.6255073547363,769.9443817138672,502.7281951904297,772.3271179199219,473.621506690979,777.1762847900391,453.6544990539551,774.3145751953125,472.6291751861572,754.6882629394531,437.3029375076294,740.5907440185547,411.9830131530762,727.0941162109375,390.316686630249,795.7647705078125,470.7507276535034,785.76904296875,444.67180252075195,781.3421630859375,463.60270500183105,781.1107635498047,479.478120803833,816.0468292236328,477.74760246276855,808.8317108154297,465.93395233154297,799.5049285888672,484.7568368911743,796.4749908447266,497.02925205230713,835.789794921875,491.51124000549316,832.3459625244141,476.7437267303467,820.7642364501953,482.23015308380127,812.7960205078125,486.23063564300537,132,1787747411.9663405
815.4379272460938,557.5299739837646,785.0608062744141,536.6917419433594,770.1482391357422,501.3595390319824,772.2874450683594,471.8837356567383,776.0945129394531,451.60271644592285,772.9754638671875,467.9073715209961,752.9128265380859,431.49447441101074,739.5262908935547,407.90459632873535,729.1077423095703,387.5784730911255,795.5214691162109,466.669864654541,785.4983520507812,440.547080039978,783.3021545410156,464.29754734039307,785.6501007080078,482.2566747665405,816.9091033935547,474.0046548843384,807.2874450683594,462.9108238220215,800.3350067138672,484.3573808670044,799.4063568115234,496.2395668029785,836.8134307861328,487.0142698287964,829.7088623046875,474.86605167388916,818.7676239013672,485.0281047821045,812.3709869384766,491.08680725097656,133,1787747411.9979255
811.9016265869141,549.8526334762573,783.7364196777344,534.1300821304321,763.7107849121094,504.3519401550293,758.4725952148438,476.78462505340576,760.9604644775391,454.6534824371338,763.973388671875,460.5190658569336,744.5744323730469,422.91865825653076,731.8427276611328,398.6609745025635,722.2173309326172,378.1627607345581,785.3538513183594,458.276309967041,777.5599670410156,430.175085067749,776.1026000976562,454.2732095718384,776.9058227539062,471.7605686187744,806.4717102050781,463.85247230529785,799.8431396484375,453.4654998779297,796.7756652832031,478.7541389465332,797.2630310058594,490.839786529541,827.1635437011719,475.53999423980713,820.7675170898438,463.41203212738037,814.3981170654297,481.10469818115234,812.5399780273438,490.78837394714355,134,1787747412.0464141
802.3233795166016,556.3080453872681,771.8993377685547,531.2574577331543,751.4125823974609,498.60930919647217,748.6298370361328,469.483437538147,759.3505096435547,447.08149909973145,757.4368286132812,463.2774496078491,738.9713287353516,428.5541296005249,725.5191802978516,406.6008710861206,714.8888397216797,388.33198070526123,778.6908721923828,462.54261016845703,769.2347717285156,439.87077713012695,766.1754608154297,466.91340923309326,767.1994781494141,489.65879917144775,799.5040130615234,467.66168117523193,790.8013153076172,458.5393810272217,787.0823669433594,485.2063751220703,788.0384063720703,503.4892988204956,819.8159790039062,477.7490186691284,811.5447235107422,467.13433742523193,806.0317993164062,485.8138847351074,805.5580902099609,499.37440395355225,135,1787747412.0944629
804.9742126464844,573.4819078445435,772.1011352539062,546.6846227645874,750.3379821777344,516.3223171234131,750.5992126464844,487.2001791000366,764.8690795898438,465.4131746292114,756.3182067871094,479.0826988220215,742.9651641845703,454.1935157775879,733.6300659179688,467.1923589706421,730.2156066894531,486.02704524993896,778.1008148193359,476.1523103713989,766.3983917236328,452.8583335876465,764.4326782226562,479.4915962219238,768.9290618896484,500.0441837310791,799.869384765625,479.21032905578613,790.6125640869141,470.4988145828247,786.3778686523438,496.35852813720703,788.2540130615234,512.5638771057129,820.6080627441406,487.7262783050537,811.5156555175781,482.57991313934326,805.5022430419922,500.9521007537842,805.1221466064453,511.89521312713623,136,1787747412.1428545
801.9259643554688,565.9535694122314,770.7152557373047,542.8429269790649,751.1333465576172,512.8093957901001,750.6173706054688,484.5768070220947,764.4184875488281,465.21589279174805,758.935546875,477.6440477371216,747.3287963867188,451.11798763275146,737.5859832763672,463.5392761230469,733.6954498291016,483.56765270233154,780.2292633056641,476.7617082595825,775.4093933105469,454.4403648376465,771.3947296142578,480.7574701309204,772.0563507080078,501.0321378707886,801.5213775634766,481.2765312194824,798.7857818603516,468.8119840621948,792.5156402587891,493.48753452301025,790.8438110351562,509.86969470977783,821.6667175292969,490.4991674423218,820.0131988525391,478.47111225128174,812.5342559814453,495.93242168426514,809.1896820068359,508.4001874923706,137,1787747412.2077794
799.0392303466797,560.4178762435913,769.3457794189453,539.1979122161865,750.1367950439453,511.20569229125977,749.9588012695312,483.74446392059326,762.6915740966797,464.17442321777344,758.521728515625,476.48430347442627,747.3385620117188,451.03992462158203,737.6820373535156,463.2693386077881,733.1887817382812,482.7466821670532,780.2832794189453,475.230188369751,775.064697265625,456.0035991668701,772.3754119873047,481.29202365875244,773.1282806396484,499.50267791748047,801.8820953369141,479.0607261657715,797.9790496826172,470.82273960113525,793.0549621582031,494.2350769042969,791.0016632080078,508.6875057220459,822.5604248046875,487.20545768737793,818.7115478515625,479.46786403656006,812.8366851806641,496.6489791870117,809.8138427734375,507.35888957977295,138,1787747412.2540562
799.8467254638672,542.9070425033569,772.3027038574219,523.3921051025391,756.2117004394531,488.09625148773193,759.3848419189453,457.70081520080566,770.3296661376953,434.89697456359863,761.1874389648438,459.1740560531616,747.8900909423828,432.4165105819702,736.5821075439453,413.5108423233032,728.0226135253906,398.16071033477783,783.4284210205078,458.2779836654663,778.2533264160156,433.2633590698242,774.47265625,460.6910276412964,774.4776916503906,481.4462614059448,805.5237579345703,464.4363784790039,799.4750213623047,451.2350606918335,792.8665161132812,478.137788772583,791.7172241210938,492.7181053161621,826.7034149169922,475.4596996307373,820.2802276611328,463.41872692108154,811.9668579101562,482.9649066925049,809.2478942871094,494.55556869506836,139,1787747412.322321
799.4210052490234,541.525297164917,771.4706420898438,522.7675580978394,755.0107574462891,488.05779933929443,758.6670684814453,456.93005561828613,768.6229705810547,434.38868522644043,760.4954528808594,458.82017612457275,747.1781921386719,431.7721366882324,735.4791259765625,412.9916524887085,725.7704162597656,397.71254539489746,783.5398101806641,457.6304340362549,777.9528045654297,434.3907880783081,775.3695678710938,462.7682590484619,775.5855560302734,482.6862573623657,805.8707427978516,463.5064458847046,799.8331451416016,452.5483560562134,794.3340301513672,479.1787004470825,793.5322570800781,492.98418045043945,827.0970153808594,474.5647859573364,821.0060119628906,464.35333728790283,813.5605621337891,483.5498857498169,811.2958526611328,494.38841342926025,140,1787747412.3900108
804.2764282226562,556.6596937179565,777.5920867919922,541.4052200317383,762.0288848876953,509.84458923339844,763.3644866943359,483.64726066589355,765.05126953125,464.6527147293091,761.3755035400391,474.34699058532715,757.0798492431641,450.92461109161377,755.9375762939453,447.6188850402832,755.546875,455.78558921813965,784.3305969238281,470.3488254547119,782.3851013183594,453.2491207122803,782.6187896728516,483.32282066345215,781.8487548828125,503.66254806518555,807.6019287109375,474.0645217895508,808.2103729248047,468.49170684814453,804.4863128662109,495.14861583709717,801.0746002197266,507.7949523925781,829.7251129150391,483.8747549057007,832.0845031738281,478.457293510437,826.605224609375,495.52592754364014,822.4799346923828,502.3315715789795,141,1787747412.4396565
798.1050109863281,578.4727048873901,774.593505859375,563.7794780731201,759.0866088867188,536.4041662216187,760.1245880126953,511.9417333602905,767.9466247558594,493.5528516769409,755.0471496582031,502.6793146133423,739.8069763183594,481.91017627716064,725.8309173583984,467.1127939224243,714.3241882324219,456.3306140899658,775.2633666992188,497.2825813293457,770.8286285400391,469.1609287261963,769.9514007568359,488.15723419189453,770.4257965087891,506.960506439209,797.5252532958984,499.6853256225586,796.4657592773438,480.1163578033447,792.4044036865234,500.03594398498535,791.5438842773438,514.9083423614502,819.5955657958984,508.1343698501587,820.3863525390625,489.83277797698975,814.8616790771484,502.37354278564453,812.8608703613281,513.5039806365967,142,1787747412.5082788
800.9937286376953,582.1715354919434,776.192626953125,564.9599504470825,760.7170867919922,538.1151580810547,762.7257537841797,512.6157188415527,771.4189147949219,492.7738094329834,755.8866119384766,507.4114179611206,739.6147155761719,490.0961494445801,724.5752716064453,476.2821292877197,712.3798370361328,465.6039333343506,775.1799011230469,501.00441455841064,771.1042022705078,474.02053356170654,771.1786651611328,491.50978088378906,772.6298522949219,509.8224449157715,796.5113067626953,501.6047143936157,796.6233062744141,481.00861072540283,793.4918212890625,500.28300762176514,793.5047149658203,515.8391332626343,817.9156494140625,508.3507490158081,819.7283935546875,489.13334369659424,814.7516632080078,500.62036514282227,812.8395843505859,512.4524259567261,143,1787747412.5714493
817.0172882080078,590.1646900177002,796.8699645996094,571.0768461227417,785.52978515625,543.3310461044312,793.291015625,517.3081684112549,806.5348815917969,501.40193939208984,757.7884674072266,524.9177026748657,741.9890594482422,496.78399085998535,728.7385559082031,475.56312561035156,716.2519073486328,458.93651962280273,772.9632568359375,517.9454183578491,766.5512084960938,489.9993324279785,766.5619659423828,481.2373924255371,764.0776062011719,478.3568286895752,791.3055419921875,517.0883131027222,791.1190795898438,490.66482067108154,792.5737762451172,502.61189460754395,791.0084533691406,517.6421356201172,811.6917419433594,520.8208751678467,812.9967498779297,499.2406368255615,811.9213104248047,506.23759746551514,809.3528747558594,518.9524269104004,144,1787747412.6145003
803.8658905029297,557.8338146209717,776.8758392333984,532.8606033325195,761.5602874755859,500.8592748641968,763.2892608642578,472.28671073913574,768.3679962158203,451.1194896697998,756.6405487060547,469.63016510009766,742.7265167236328,431.5230131149292,733.8228607177734,405.92370986938477,726.0868072509766,385.6941032409668,778.5333251953125,468.6668872833252,775.7295989990234,439.46874618530273,775.7709503173828,421.342248916626,776.2815093994141,407.3708152770996,800.579833984375,475.0858211517334,801.3385009765625,450.686559677124,800.7875061035156,437.9321622848511,799.4366455078125,428.0960512161255,822.4506378173828,486.0507345199585,827.0276641845703,464.7203063964844,826.3536071777344,450.1643228530884,825.0466918945312,437.6873731613159,145,1787747414.0670385
824.0721893310547,524.6800804138184,789.9271392822266,478.4081554412842,771.4015197753906,432.67687797546387,764.9277496337891,394.6373176574707,762.8225708007812,363.36906909942627,765.7972717285156,436.15495204925537,759.5785522460938,400.9040307998657,759.5419311523438,371.25648021698,761.4622497558594,345.97599506378174,780.7810974121094,437.0616674423218,781.0594940185547,400.48110008239746,783.0373382568359,372.21885681152344,786.9449615478516,349.40261363983154,798.7851715087891,440.56514739990234,801.9092559814453,404.88550186157227,802.9051971435547,378.8670015335083,804.0874481201172,359.5427370071411,818.8026428222656,447.87084102630615,824.3212127685547,416.35376930236816,826.6893005371094,394.18546199798584,826.8368530273438,377.0621109008789,146,1787747414.1071022
818.5684204101562,502.0491886138916,785.3438568115234,460.8933734893799,769.2717742919922,419.0397119522095,769.2070007324219,381.6113519668579,775.1515197753906,351.78943634033203,766.2725830078125,409.2096948623657,754.4929504394531,375.429310798645,746.9750213623047,347.31209993362427,741.2107849121094,321.57694816589355,783.2396697998047,410.2197074890137,781.7311096191406,380.79626083374023,782.6962280273438,359.9641442298889,784.6148681640625,341.66712284088135,801.8310546875,417.0763349533081,802.288818359375,388.7186908721924,800.3510284423828,375.90296745300293,800.0234985351562,367.1656608581543,820.8811187744141,428.5690212249756,824.6895599365234,403.73193740844727,824.176025390625,386.962251663208,822.3214721679688,373.156213760376,147,1787747414.1482236
815.9172821044922,470.4411792755127,783.5332489013672,430.2250385284424,770.1376342773438,385.0059986114502,775.6485748291016,349.9279189109802,788.9239501953125,323.49213123321533,769.6805572509766,367.1260070800781,762.8485870361328,335.03262519836426,754.2157745361328,313.8393545150757,746.7597961425781,294.7361898422241,790.3887176513672,369.04058933258057,793.9945220947266,331.7343235015869,789.64111328125,350.59048891067505,788.1634521484375,367.9322147369385,810.6429290771484,377.1592712402344,814.4977569580078,344.4262361526489,806.5294647216797,364.1549348831177,805.3574371337891,380.27453899383545,829.5158386230469,391.15336418151855,834.3183898925781,358.8156008720398,825.5636596679688,368.6377429962158,821.7560577392578,380.96611976623535,148,1787747414.172047
815.1935577392578,445.5909204483032,786.0350799560547,413.00482749938965,772.5090789794922,370.5399227142334,780.6086730957031,336.65143489837646,792.6998138427734,311.487078666687,771.1446380615234,343.88603925704956,759.1464233398438,303.40532541275024,752.2161865234375,276.2327241897583,746.0161590576172,251.71518802642822,795.1202392578125,345.0814890861511,797.5082397460938,309.4921588897705,792.9146575927734,337.86113262176514,789.4297027587891,360.5772113800049,817.3112487792969,353.071231842041,820.8836364746094,330.15400886535645,811.4897155761719,360.211443901062,807.0424652099609,378.4143304824829,836.5155792236328,366.98086738586426,839.8176574707031,343.0910325050354,830.9327697753906,363.04583072662354,825.8909606933594,377.33818531036377,149,1787747414.2244444
813.0567169189453,442.0324659347534,785.9709167480469,411.59085273742676,773.7602996826172,370.3139305114746,781.8168640136719,336.46601915359497,795.1370239257812,312.30852127075195,772.3044586181641,339.2568254470825,758.5127258300781,296.5549850463867,750.4390716552734,270.2699589729309,745.0849151611328,246.73486232757568,795.9479522705078,341.5058898925781,798.5216522216797,307.3458766937256,794.2621612548828,335.0227975845337,792.4063873291016,356.6020703315735,817.8390502929688,351.0815906524658,820.7295989990234,328.593327999115,811.0515594482422,358.5371232032776,807.54638671875,377.61786460876465,836.6078948974609,366.7905378341675,840.4407501220703,343.5834002494812,829.779052734375,363.0654001235962,824.0940856933594,378.42029571533203,150,1787747414.2686272
817.1853637695312,441.5526294708252,790.1337432861328,413.21202278137207,779.5584106445312,373.1740665435791,785.7714080810547,338.5870027542114,794.0033721923828,313.3104872703552,775.1215362548828,338.2946848869324,761.5003204345703,297.1464443206787,754.0690612792969,271.3331651687622,748.8742065429688,248.27088832855225,798.1886291503906,338.8399887084961,798.9656066894531,302.63115406036377,795.7250213623047,324.244544506073,793.0503082275391,342.3822855949402,820.5607604980469,346.5567684173584,822.3960876464844,329.4110369682312,814.6134948730469,358.8423156738281,810.4145812988281,375.55689811706543,839.6696472167969,359.9948287010193,841.685791015625,343.7012457847595,833.2730865478516,363.77058506011963,829.0270233154297,376.32014751434326,151,1787747414.3172312
817.3889923095703,441.659574508667,790.76416015625,413.9274215698242,780.4410552978516,373.33220958709717,786.6895294189453,338.6800003051758,795.2156066894531,313.4882426261902,775.2177429199219,337.99947023391724,761.4905548095703,296.6764783859253,754.0191650390625,270.52189350128174,748.42529296875,247.77697563171387,797.8492736816406,339.00901079177856,798.7108612060547,302.8749132156372,796.7324829101562,325.36959171295166,794.6350860595703,343.9779210090637,819.94140625,347.13631868362427,822.6045989990234,328.8927912712097,815.4362487792969,358.3759331703186,811.1507415771484,375.6486511230469,838.9157867431641,361.02872371673584,841.98974609375,343.38423013687134,833.88916015625,363.50000381469727,829.0328979492188,376.8921232223511,152,1787747414.3761156
818.5674285888672,469.95919704437256,790.9946441650391,450.6422710418701,778.1271362304688,414.2050838470459,780.2921295166016,381.32776737213135,786.1495971679688,358.442645072937,778.9708709716797,373.9746952056885,762.3493194580078,327.7879571914673,753.7850952148438,300.8237314224243,746.669921875,279.55881357192993,803.3172607421875,371.2390995025635,797.9686737060547,340.85304021835327,796.6783905029297,365.68684101104736,796.7845153808594,385.273060798645,826.7694091796875,378.022255897522,818.9422607421875,362.78743743896484,814.3510437011719,387.2915840148926,814.1757965087891,402.0476818084717,847.3106384277344,390.46277046203613,839.9600982666016,379.5755338668823,833.0353546142578,396.3551330566406,832.1244812011719,406.8798637390137,153,1787747414.4236138
819.4332885742188,482.9455089569092,793.8973236083984,460.790376663208,781.4776611328125,422.6903486251831,784.4406127929688,389.6204710006714,788.9306640625,365.7167959213257,779.7208404541016,382.187705039978,765.1784515380859,339.6724605560303,755.9352874755859,311.00011825561523,749.0145874023438,287.21686363220215,802.4115753173828,381.3140344619751,798.4671783447266,347.60267972946167,796.5496826171875,369.1595935821533,796.8536376953125,386.82003021240234,824.9491119384766,388.8598394393921,822.0284271240234,366.5418004989624,816.6483306884766,391.39562129974365,816.2223052978516,406.55778408050537,845.3987121582031,402.7797746658325,842.2583770751953,382.87907123565674,835.2455139160156,399.6500873565674,834.6771240234375,410.9872055053711,154,1787747414.4813478
822.9837799072266,523.511152267456,794.0666198730469,503.45784187316895,779.6985626220703,465.4868173599243,784.5657348632812,433.70495796203613,792.3973846435547,413.1144332885742,780.9140777587891,429.2937755584717,767.2688293457031,386.24805450439453,757.3919677734375,354.66349840164185,750.2006530761719,330.1552963256836,804.2327880859375,428.3433723449707,804.2848968505859,394.7222900390625,802.5755310058594,412.3129892349243,802.8553771972656,429.12065505981445,826.2789154052734,434.9981689453125,827.1556854248047,409.5157241821289,821.2332153320312,427.30151653289795,820.3945159912109,440.61793327331543,847.0465850830078,446.8404006958008,846.9092559814453,424.17981147766113,839.6182250976562,435.86424350738525,837.2286224365234,447.1604633331299,155,1787747414.608976
817.3575592041016,638.8208198547363,788.15673828125,624.559063911438,768.402099609375,594.2961931228638,761.9416046142578,567.6264524459839,752.861328125,549.5850992202759,774.1510772705078,556.5308618545532,757.8904724121094,522.4354362487793,746.2221527099609,500.23953437805176,735.1348114013672,484.12211894989014,801.3845825195312,551.9617938995361,795.2456665039062,551.21253490448,793.76953125,570.1887130737305,794.110107421875,583.0066680908203,827.2798156738281,560.9941005706787,821.6593933105469,572.7380132675171,818.2219696044922,587.5858211517334,820.1811981201172,594.7321701049805,851.30126953125,575.4865264892578,846.8143463134766,585.4823684692383,841.9083404541016,595.8666801452637,842.9634094238281,600.8915519714355,156,1787747414.7250366
834.4992828369141,672.7410221099854,816.5229797363281,649.7710132598877,807.5456237792969,619.715166091919,799.0044403076172,599.7169589996338,786.6641998291016,587.8520679473877,850.4026031494141,613.3029270172119,832.7349853515625,605.5914688110352,813.9698028564453,610.5539417266846,803.6042022705078,616.200270652771,866.1153411865234,624.0464401245117,839.2748260498047,621.7869901657104,821.6730499267578,632.4887037277222,814.6929168701172,641.7421102523804,876.2275695800781,636.722903251648,849.6903228759766,634.8284912109375,834.4047546386719,645.9247255325317,827.3166656494141,655.4676389694214,883.3573913574219,649.1838884353638,865.7260131835938,644.1244697570801,853.1236267089844,650.9032487869263,846.0232543945312,657.9971122741699,157,1787747414.8869603
931.0595703125,668.7228584289551,921.1862182617188,627.7957391738892,927.9430389404297,584.5180177688599,943.0828094482422,553.580904006958,952.6882171630859,530.148868560791,933.88671875,575.4175186157227,939.8272705078125,540.0634288787842,945.8772277832031,520.0744485855103,952.0086669921875,506.01988792419434,955.1058959960938,584.9001359939575,973.3392333984375,564.1155052185059,969.2033386230469,575.0132131576538,961.7383575439453,586.4216995239258,974.9740600585938,599.8283243179321,987.1855926513672,590.1351642608643,976.3511657714844,602.2876739501953,966.2110900878906,613.1304931640625,991.5326690673828,617.3859786987305,1000.2133941650391,607.6213645935059,989.3438720703125,615.9197759628296,978.9543914794922,625.3694343566895,158,1787747415.1922266
944.9925994873047,678.2812643051147,935.1374816894531,643.2078838348389,944.6628570556641,607.1174955368042,970.7014465332031,584.2787647247314,995.7162475585938,576.4224243164062,945.6454467773438,580.8037805557251,954.6377563476562,542.4379348754883,964.8355865478516,518.2949638366699,974.6592712402344,498.4750270843506,968.0234527587891,590.1322031021118,983.6222839355469,563.7157917022705,984.7894287109375,566.4365386962891,983.4053802490234,572.2003269195557,987.0303344726562,604.0424823760986,1000.0624084472656,592.2576713562012,988.9043426513672,605.059962272644,979.3668365478516,616.5435075759888,1001.4973449707031,620.3462791442871,1013.4926605224609,609.0275287628174,1004.0686798095703,616.3809871673584,995.4320526123047,625.546932220459,159,1787747415.2427523
941.4253234863281,683.3037328720093,930.9016418457031,646.6859149932861,942.7169799804688,608.6691427230835,968.8529968261719,584.7312211990356,992.4616241455078,577.276439666748,944.6575164794922,582.6412868499756,954.07470703125,544.0303945541382,964.6194458007812,519.0239667892456,974.9169921875,498.6820077896118,966.3173675537109,591.5912389755249,982.9666900634766,562.3907375335693,984.6709442138672,565.0614881515503,983.1211090087891,572.3135375976562,984.7215270996094,605.2505493164062,998.6503601074219,588.0685329437256,987.7407836914062,600.2494955062866,977.5534820556641,613.567156791687,998.7179565429688,622.2770833969116,1010.2571105957031,607.4890995025635,1000.9728240966797,614.5276021957397,991.8911743164062,624.7049760818481,160,1787747415.2878897
954.9712371826172,681.3067102432251,947.7239990234375,645.5296468734741,962.0685577392578,607.718653678894,988.3625793457031,580.2622318267822,1012.8961181640625,570.7179880142212,954.8003387451172,574.0811347961426,967.3753356933594,536.6525173187256,982.4600982666016,512.3982238769531,996.4346313476562,491.55840396881104,978.9462280273438,583.280725479126,1003.76953125,553.7612342834473,998.2895660400391,565.4162693023682,986.9252014160156,577.0394611358643,999.8154449462891,597.200403213501,1017.8614044189453,584.9244689941406,1003.7667846679688,601.9368410110474,989.625244140625,612.7536964416504,1014.6905517578125,614.8824691772461,1031.0733795166016,605.4396772384644,1018.9209747314453,614.426965713501,1005.5015563964844,622.266354560852,161,1787747415.3292124
953.2943725585938,684.8303174972534,952.1836853027344,653.2528209686279,970.3535461425781,619.034914970398,994.4915771484375,590.811939239502,1015.2838897705078,578.1110572814941,953.4159088134766,580.7060194015503,967.9530334472656,541.0958433151245,982.8798675537109,514.1386556625366,996.6998291015625,491.40953063964844,975.8424377441406,587.4628257751465,999.8283386230469,554.9144124984741,1000.2527618408203,565.6916999816895,993.7002563476562,577.8519344329834,995.8787536621094,598.5027551651001,1015.6401062011719,584.0729856491089,1006.2511444091797,600.5175018310547,994.1049194335938,611.0362243652344,1010.4515838623047,614.3309211730957,1028.7053680419922,602.7253675460815,1020.2151489257812,610.869927406311,1007.8009033203125,618.3609294891357,162,1787747415.3717752
958.8803100585938,671.3729667663574,949.2555236816406,637.0663547515869,959.6260070800781,597.0284843444824,982.3937225341797,567.9688739776611,1004.7604370117188,554.9963808059692,963.0829620361328,562.9395818710327,975.8041381835938,524.9544811248779,989.6477508544922,500.70834159851074,1003.3969879150391,480.79317569732666,986.0275268554688,573.0164051055908,1015.4944610595703,548.2636499404907,1004.4962310791016,565.0835037231445,988.5880279541016,578.7197256088257,1004.2330932617188,586.8156623840332,1023.6895751953125,575.8274030685425,1007.5604248046875,593.8889694213867,992.9087829589844,603.7393283843994,1016.6496276855469,604.406533241272,1031.1588287353516,595.2285289764404,1018.4746551513672,605.6384181976318,1005.2938079833984,612.7299642562866,163,1787747415.4208772
949.5902252197266,647.4369764328003,941.5092468261719,605.7707691192627,949.2639923095703,565.7922506332397,966.2557220458984,537.9366302490234,982.7878570556641,523.1360721588135,960.4158782958984,541.8564319610596,972.1809387207031,504.5685338973999,981.2699127197266,478.72435569763184,987.9719543457031,459.30447578430176,978.2032775878906,551.6835737228394,996.8494415283203,526.1646938323975,990.6544494628906,532.635383605957,980.2765655517578,544.0755844116211,994.2961120605469,566.247968673706,1007.9936218261719,547.0792293548584,996.7935180664062,555.0459051132202,986.7482757568359,565.8051681518555,1007.5325012207031,584.7924613952637,1018.7413024902344,568.0029916763306,1006.1869049072266,572.0628261566162,995.1711273193359,579.8307180404663,164,1787747415.461173
951.8018341064453,642.4051523208618,944.5643615722656,606.8957948684692,951.0904693603516,569.8918676376343,967.5339508056641,544.8609352111816,982.3117065429688,532.6069736480713,960.8102416992188,538.7154579162598,970.7328033447266,501.18422985076904,980.5377960205078,476.2514877319336,988.7010192871094,457.47937202453613,979.6839904785156,547.9443168640137,997.0075988769531,523.4397411346436,994.6238708496094,531.5069246292114,987.1186065673828,543.4033155441284,997.0050811767578,562.3386383056641,1009.7279357910156,547.6275587081909,1000.9889984130859,557.2576761245728,991.3436126708984,567.7026700973511,1010.8255004882812,580.753698348999,1021.0090637207031,568.7022113800049,1010.8396148681641,573.4283494949341,1000.2171325683594,580.2145528793335,165,1787747415.5177367
915.4559326171875,505.30951023101807,904.0569305419922,467.95170307159424,907.77099609375,429.33038234710693,920.2670288085938,402.3972272872925,929.1062164306641,386.0978078842163,913.6679840087891,402.4078702926636,919.0912628173828,364.9298572540283,919.9446868896484,338.971803188324,920.0347900390625,319.9901533126831,927.9579162597656,410.8809471130371,940.70068359375,382.6127815246582,934.9674224853516,388.01801204681396,927.7224731445312,398.8792848587036,941.0407257080078,424.12972927093506,953.6656188964844,400.8505153656006,944.149169921875,405.90293884277344,936.046142578125,415.89513301849365,951.4217376708984,441.187162399292,963.4690856933594,421.34602546691895,955.2949523925781,423.1172275543213,946.7823028564453,430.3138303756714,166,1787747415.787517
914.7583770751953,480.0727128982544,904.7141265869141,444.4381284713745,906.5570068359375,403.6808681488037,918.4889984130859,372.114315032959,930.1491546630859,351.3007593154907,901.3333129882812,373.817195892334,903.4468078613281,337.2883415222168,906.8625640869141,311.4809203147888,910.9786987304688,287.67674446105957,920.2751159667969,379.48665618896484,940.6752014160156,361.5273141860962,934.6907806396484,382.40889072418213,924.4016265869141,395.3958034515381,937.5670623779297,390.3120946884155,953.1855773925781,380.92801094055176,942.2596740722656,400.22592544555664,931.8482208251953,409.191370010376,949.9406433105469,405.7009792327881,963.5134887695312,397.7900505065918,952.7928161621094,411.18873596191406,941.8350219726562,418.18097591400146,167,1787747415.8309705
905.9651947021484,457.212438583374,890.0370025634766,422.8484916687012,888.8995361328125,382.2017812728882,901.5280151367188,350.24901151657104,916.1531829833984,331.16732597351074,890.38818359375,349.48376655578613,892.5545501708984,309.90843772888184,896.4894866943359,284.08820629119873,900.8602142333984,260.7820200920105,909.4503021240234,354.9647855758667,925.5744171142578,330.0535011291504,919.9608612060547,346.08553647994995,911.5670013427734,357.79895782470703,926.9019317626953,366.74564838409424,938.3782196044922,354.12617683410645,927.7992248535156,372.57501125335693,919.8443603515625,382.12114334106445,940.6111907958984,383.1691789627075,951.1890411376953,371.4030361175537,941.1391448974609,383.69690895080566,932.967529296875,391.30871772766113,168,1787747415.879949
892.1030426025391,451.71987533569336,871.1966705322266,411.97279930114746,868.7453460693359,368.3056640625,878.0670928955078,338.39890480041504,891.180419921875,323.0807662010193,881.8862152099609,344.94197130203247,882.3130798339844,308.52596282958984,879.3474578857422,285.9457540512085,878.4908294677734,266.94026470184326,898.9335632324219,349.4614291191101,905.8863830566406,324.20180082321167,895.4625701904297,336.6170382499695,887.8341674804688,352.5065302848816,915.2646636962891,359.1996932029724,916.9204711914062,341.83698177337646,906.1787414550781,358.1191062927246,901.5802001953125,374.01628017425537,930.135498046875,373.267879486084,930.7386779785156,359.0623211860657,918.8872528076172,370.477352142334,912.4781799316406,382.6689577102661,169,1787747415.950828
890.9035491943359,445.22987365722656,871.8719482421875,408.5518455505371,868.5791778564453,366.3775634765625,876.3151550292969,337.85433053970337,889.8655700683594,324.4938611984253,879.8403167724609,343.0595541000366,881.0435485839844,307.8165078163147,877.3567199707031,286.28461360931396,875.599365234375,267.8729009628296,896.9815063476562,348.0700492858887,909.5925903320312,324.37275409698486,899.0420532226562,337.30799674987793,889.0059661865234,351.86432361602783,913.7612915039062,358.5628080368042,920.9779357910156,343.33884716033936,909.4197845458984,359.7123384475708,902.52197265625,373.3889865875244,928.45458984375,373.3693742752075,934.2619323730469,361.1230945587158,921.9340515136719,372.7125549316406,914.1655731201172,383.17467212677,170,1787747415.9985602
889.4951629638672,438.72987270355225,872.0600891113281,402.258825302124,869.4143676757812,361.1099624633789,877.012939453125,333.6173629760742,889.8045349121094,320.5979633331299,880.0833892822266,339.31546926498413,879.2684173583984,304.26339626312256,876.0823059082031,282.06292390823364,875.4364013671875,263.0481004714966,898.1294250488281,344.85650539398193,909.647216796875,323.4696435928345,899.0322875976562,339.1602873802185,889.7008514404297,355.5816721916199,915.5060577392578,355.82895040512085,921.4480590820312,342.32967138290405,909.5840454101562,359.2275023460388,903.1251525878906,373.2212734222412,930.8441925048828,371.11786365509033,935.0508117675781,359.31185245513916,922.4591064453125,370.8872365951538,915.5564117431641,381.38540267944336,171,1787747416.0285366
824.9537658691406,449.895715713501,807.8992462158203,418.99572372436523,802.7239990234375,383.6872959136963,801.444091796875,358.20772647857666,804.9362182617188,339.95593786239624,821.312255859375,351.41635179519653,816.1277008056641,326.50384426116943,803.0335235595703,332.980477809906,797.3532104492188,339.275279045105,824.4239807128906,348.8299083709717,812.6253509521484,324.4909858703613,800.7476806640625,343.43615770339966,801.2628173828125,359.74860191345215,826.5693664550781,348.9891242980957,807.7950286865234,323.2328796386719,800.4143524169922,339.56122398376465,804.271240234375,353.6900067329407,825.3629302978516,351.4685797691345,802.7927398681641,317.49396085739136,784.3965911865234,303.7567377090454,775.2632141113281,291.7270302772522,172,1787747416.1590297
812.4309539794922,439.81751918792725,783.4074401855469,416.20691299438477,767.0894622802734,382.07603931427,769.0690612792969,353.9113426208496,775.0241851806641,336.12898349761963,769.4807434082031,345.9290027618408,756.5134429931641,309.064679145813,746.6199493408203,284.0257430076599,738.988037109375,262.80783891677856,790.8397674560547,346.43340826034546,789.0287780761719,322.79685974121094,787.0883941650391,346.0776615142822,788.916015625,361.1753225326538,812.1986389160156,352.1845579147339,809.1094207763672,335.2079129219055,803.3110046386719,358.8578939437866,805.6400299072266,370.44490814208984,833.1253051757812,362.80426025390625,829.7615814208984,347.42003202438354,820.9943389892578,364.9946165084839,820.7903289794922,374.85527515411377,173,1787747416.2205644
807.0854187011719,439.68658447265625,779.0435791015625,413.5946559906006,763.3458709716797,376.31667137145996,764.696044921875,348.73055934906006,773.8065338134766,330.91792345046997,770.1091003417969,344.810950756073,755.8724975585938,307.7778625488281,745.7594299316406,284.77959394454956,739.3069458007812,264.8880958557129,791.9397735595703,345.9112572669983,788.4027862548828,324.0816593170166,785.731201171875,346.7048907279968,787.1598815917969,362.1109199523926,814.3254089355469,352.4324584007263,809.0788269042969,335.9778571128845,804.2359161376953,359.0707540512085,805.8506774902344,370.5328845977783,836.3302612304688,363.41224193573,829.6811676025391,347.3928236961365,821.7160034179688,365.12563705444336,821.9535064697266,374.87329959869385,174,1787747416.2771764
793.9315032958984,438.68871688842773,763.5069274902344,412.1522283554077,748.9132690429688,375.9066581726074,752.4774169921875,346.84449434280396,763.5050964355469,328.77241373062134,755.7915496826172,344.9882984161377,741.1653900146484,308.0076313018799,729.8519897460938,283.85684967041016,721.6447448730469,264.17012214660645,778.0032348632812,346.12149953842163,775.6623840332031,318.2964777946472,771.0564422607422,339.18992042541504,770.3052520751953,358.7981128692627,799.6312713623047,353.2820749282837,793.9775848388672,336.35780811309814,788.3316040039062,359.88075971603394,789.0674591064453,376.0834264755249,820.5756378173828,365.5161237716675,813.7922668457031,349.1482973098755,805.7405090332031,366.3933563232422,804.8751831054688,379.1172409057617,175,1787747416.3289044
783.8936614990234,437.52631187438965,755.7978057861328,413.5990333557129,739.8062896728516,379.2820358276367,741.9136047363281,348.22250604629517,755.2468872070312,327.7935576438904,745.4513549804688,346.7432999610901,728.8919067382812,308.27012300491333,717.2755432128906,285.1543092727661,709.580078125,264.3803858757019,768.2008361816406,347.54075288772583,763.0861663818359,319.10905838012695,759.4362640380859,346.770658493042,761.0508728027344,366.8164587020874,790.5714416503906,354.4826102256775,784.5524597167969,340.67354679107666,779.317626953125,369.7792911529541,781.4862823486328,385.15843391418457,812.3970794677734,366.24165058135986,805.0967407226562,351.3037633895874,797.4501037597656,372.224178314209,797.6685333251953,384.1776466369629,176,1787747416.3860624
788.4844207763672,449.48707580566406,760.1604461669922,430.2202320098877,742.4994659423828,398.17294120788574,744.7667694091797,366.2724208831787,752.9445648193359,343.4720993041992,744.7378540039062,358.76978874206543,727.28271484375,320.9270167350769,715.9903717041016,296.97508335113525,707.4607086181641,276.30576610565186,767.5178527832031,357.1520733833313,761.3528442382812,326.33492946624756,760.7879638671875,351.2600541114807,762.8731536865234,370.4931449890137,790.0553131103516,363.26757431030273,784.9809265136719,349.7754406929016,781.3230895996094,377.3549222946167,781.9931793212891,391.95613861083984,811.7649078369141,374.98273372650146,806.5824127197266,361.16686820983887,800.4975128173828,379.28027629852295,799.3423461914062,389.49095249176025,177,1787747416.442858
788.9113616943359,450.17805576324463,760.2866363525391,431.61622524261475,742.7200317382812,398.0573272705078,744.0453338623047,365.0158166885376,753.1670379638672,341.4318609237671,745.0837707519531,359.7160077095032,726.8534088134766,320.9484314918518,715.6806945800781,296.68976068496704,707.6838684082031,275.61328411102295,767.8446960449219,358.4606909751892,762.9296112060547,327.61146783828735,762.8348541259766,351.3809037208557,764.7779846191406,370.1759147644043,790.2622985839844,364.7156238555908,786.5933227539062,350.8891797065735,783.1314849853516,377.99577713012695,783.2465362548828,392.1925163269043,811.7191314697266,376.35332107543945,808.343505859375,362.9546356201172,802.5465393066406,380.70849895477295,801.1161041259766,390.4469347000122,178,1787747416.497843
792.0367431640625,467.2970724105835,761.1927032470703,446.6981363296509,746.8520355224609,413.0623769760132,750.0289916992188,382.09492206573486,756.8665313720703,360.6180238723755,750.1805114746094,376.7390012741089,732.1632385253906,339.0359830856323,720.5766296386719,314.5355701446533,711.7900848388672,293.77089500427246,773.8545227050781,374.97063159942627,764.9532318115234,348.1019139289856,765.2353668212891,373.99889945983887,768.8580322265625,394.120831489563,796.7649078369141,381.1376094818115,789.2063140869141,367.31041431427,785.4307556152344,394.4126558303833,787.2038269042969,410.33905506134033,817.7039337158203,392.7901554107666,810.6791687011719,380.17197132110596,803.7745666503906,398.32228660583496,803.5826110839844,409.5010471343994,179,1787747416.554249
794.1731262207031,472.29872703552246,762.3936462402344,453.1995105743408,747.252197265625,417.2394132614136,749.5734405517578,385.14161109924316,757.0641326904297,363.93542289733887,751.5341186523438,380.99796295166016,733.5668182373047,342.30973720550537,721.0316467285156,316.3298177719116,711.2344360351562,295.1823377609253,774.9595642089844,378.8201379776001,765.6948852539062,348.59211444854736,764.0191650390625,370.12351512908936,766.3800048828125,389.2534589767456,797.3610687255859,384.81030464172363,789.4858551025391,366.01274013519287,785.0381469726562,390.1627492904663,786.3005065917969,406.64082527160645,817.6491546630859,396.6349411010742,810.6557464599609,379.3298006057739,804.0956878662109,395.3558921813965,804.2816162109375,407.7962350845337,180,1787747416.6118069
789.6054077148438,495.0226593017578,758.4736633300781,468.3758783340454,749.3928527832031,431.6396141052246,758.1339263916016,404.2070960998535,771.4553070068359,388.28670501708984,756.6541290283203,404.4171667098999,739.8016357421875,366.1979627609253,728.1861114501953,342.42374181747437,719.1840362548828,323.0944776535034,781.1917877197266,404.61363315582275,771.1862945556641,375.85726261138916,768.1702423095703,397.0004940032959,770.5629730224609,415.46430587768555,804.7902679443359,412.40899085998535,793.1040954589844,397.809362411499,786.5058135986328,418.8038492202759,787.8394317626953,433.29644680023193,825.5892181396484,424.6310234069824,814.2509460449219,410.64032077789307,805.0470733642578,424.2459011077881,804.0269470214844,434.4627571105957,181,1787747416.65179
806.1618041992188,577.9405975341797,776.3081359863281,554.9115371704102,759.664306640625,517.0051431655884,762.07763671875,486.82196617126465,766.9136810302734,467.1057987213135,776.6769409179688,476.1549711227417,757.3587799072266,443.9057207107544,742.3500823974609,422.6683759689331,730.6006622314453,406.0209560394287,800.8216094970703,476.4755058288574,785.6919097900391,456.0282325744629,779.0263366699219,476.24290466308594,779.2805480957031,495.0433874130249,821.5361022949219,485.20036697387695,803.5176849365234,473.5450744628906,794.1529846191406,491.52445793151855,793.3684539794922,506.5435838699341,838.9952850341797,499.75300312042236,820.1029968261719,490.70932388305664,809.4589233398438,502.40302562713623,808.114013671875,513.7704420089722,182,1787747416.8150485
823.0862426757812,607.0223522186279,796.0597229003906,585.4154634475708,782.3015594482422,558.369312286377,790.5254364013672,540.8855581283569,809.1450500488281,534.2003774642944,802.7994537353516,517.3342609405518,785.5776977539062,492.4470520019531,769.5158386230469,481.4442443847656,756.0940551757812,474.2224073410034,824.7595977783203,521.4036226272583,819.5240783691406,509.5187759399414,815.2964019775391,522.8115463256836,814.4481658935547,538.289008140564,845.0562286376953,533.9627552032471,840.3564453125,526.0334157943726,833.9312744140625,537.0305585861206,830.6552886962891,551.5031576156616,862.8102111816406,550.3693342208862,862.8719329833984,540.9543943405151,855.1696014404297,545.5057382583618,849.605712890625,555.6769752502441,183,1787747416.8531713
844.5149993896484,628.6298847198486,815.8805847167969,609.3111562728882,802.1797180175781,574.436559677124,811.8007659912109,549.3199253082275,832.2760772705078,539.5137691497803,816.5491485595703,545.408878326416,805.5039215087891,510.53114891052246,797.2373962402344,485.9907817840576,791.0758209228516,467.691593170166,838.9777374267578,549.4458818435669,842.6576232910156,523.163537979126,839.6317291259766,537.303671836853,837.9671478271484,552.5760841369629,859.6224975585938,559.6004247665405,864.1537475585938,542.6539707183838,854.5359039306641,558.609037399292,850.0782012939453,572.4400520324707,878.0511474609375,574.2954111099243,882.2916412353516,558.907470703125,872.0957946777344,569.6326589584351,866.8822479248047,581.9681167602539,184,1787747416.924168
844.2861175537109,639.0662956237793,816.6579437255859,614.7066450119019,804.7248840332031,579.5461463928223,815.3757476806641,554.0960597991943,836.1379241943359,545.3448915481567,819.8725128173828,550.923285484314,808.3943176269531,515.8259582519531,797.3320007324219,489.7874164581299,789.332275390625,471.36767864227295,840.5025482177734,554.5723342895508,843.7181091308594,529.4382762908936,843.2861328125,539.2939138412476,844.58740234375,554.1651964187622,859.7057342529297,564.2571687698364,865.0912475585938,544.8722219467163,858.5604095458984,555.1336240768433,856.134033203125,569.2238903045654,877.7182006835938,578.8133239746094,882.4516296386719,561.9981050491333,874.3278503417969,567.7510356903076,869.7769165039062,578.9443874359131,185,1787747416.9668446
856.7178344726562,649.1102027893066,832.1754455566406,614.8887777328491,826.9706726074219,573.8289213180542,835.9551239013672,543.44069480896,854.8062133789062,531.395001411438,846.3988494873047,556.7336368560791,852.1625518798828,526.7163276672363,850.5002593994141,515.5261945724487,848.6327362060547,513.3820581436157,865.1373291015625,561.8565273284912,872.7303314208984,533.619647026062,861.4517974853516,532.7347326278687,850.51025390625,541.8597364425659,882.9657745361328,570.8242464065552,892.7756500244141,545.1077842712402,879.5709228515625,545.9217166900635,867.7987670898438,557.4141025543213,898.7228393554688,584.7770118713379,906.6427612304688,562.2268867492676,896.5424346923828,558.3521890640259,885.2235412597656,564.458441734314,186,1787747417.0331068
861.8917083740234,628.701810836792,840.4200744628906,596.5286922454834,837.5544738769531,555.3213787078857,852.7798461914062,524.5011234283447,873.3189392089844,505.19818782806396,847.4031066894531,532.07435131073,844.0254211425781,498.90795707702637,841.1681365966797,474.5944404602051,839.6494293212891,452.9635190963745,871.0894775390625,536.6338062286377,873.7294006347656,509.7882843017578,864.0990447998047,533.1311845779419,860.6179809570312,551.4728593826294,892.3487854003906,547.773814201355,894.1769409179688,527.775821685791,879.4735717773438,552.6173257827759,875.8535766601562,568.7651252746582,911.3011932373047,563.5567474365234,913.7315368652344,544.0434837341309,899.8350524902344,559.5862627029419,895.0318145751953,571.9291877746582,187,1787747417.0947928
864.1916656494141,630.3070163726807,837.7911376953125,599.9617052078247,829.8692321777344,557.7927875518799,844.3586730957031,526.88232421875,866.7853546142578,517.5336027145386,841.4983367919922,531.8418788909912,835.5955505371094,500.5112314224243,828.0480194091797,478.27906608581543,823.5266876220703,459.56793308258057,864.857177734375,534.4856357574463,867.9129028320312,509.881067276001,859.4208526611328,534.8138523101807,857.8565216064453,553.5357570648193,886.1992645263672,542.8129720687866,888.365478515625,524.8218727111816,876.3690948486328,547.7517986297607,875.103759765625,562.2232818603516,905.478515625,556.3846921920776,906.8584442138672,539.3409061431885,894.3928527832031,555.999698638916,891.1783599853516,568.5381889343262,188,1787747417.15076
852.9402160644531,616.2034463882446,823.8090515136719,590.7011318206787,811.1286163330078,553.4567928314209,820.2693176269531,524.2831134796143,834.4155883789062,507.3933506011963,823.341064453125,520.585355758667,818.9797973632812,492.0967769622803,810.1873779296875,478.3680295944214,800.6221771240234,478.1378746032715,846.6905212402344,522.8324031829834,844.7982788085938,498.5591411590576,839.1232299804688,516.039719581604,836.4076232910156,532.3482799530029,870.1525115966797,530.8572721481323,864.0098571777344,514.8019123077393,855.4105377197266,536.5517520904541,852.9843902587891,549.6729040145874,893.5696411132812,543.1567668914795,885.3028869628906,527.3213481903076,875.1677703857422,543.5638189315796,871.9382476806641,555.0599813461304,189,1787747417.1887712
854.3392181396484,616.221513748169,825.8855438232422,592.9015731811523,811.2731170654297,556.0262632369995,819.2167663574219,527.058277130127,833.0503082275391,509.803991317749,825.3875732421875,522.5344848632812,819.37255859375,493.55860233306885,809.3263244628906,479.4899654388428,799.9953460693359,477.9314088821411,848.5589599609375,524.6734285354614,844.6453094482422,501.244740486145,838.2601928710938,523.0806255340576,837.2056579589844,540.9114360809326,871.6777801513672,532.4725198745728,864.5722961425781,515.3086566925049,855.853271484375,538.6688947677612,854.7515106201172,552.9189348220825,894.4132995605469,544.6752405166626,885.3230285644531,527.7779674530029,875.4055023193359,544.6550273895264,873.4873962402344,557.1977233886719,190,1787747417.2293005
855.0910949707031,591.641149520874,821.7350769042969,568.3093643188477,799.7593688964844,538.6516857147217,794.0574645996094,511.95778369903564,801.9936370849609,493.29166889190674,807.4047088623047,498.43528747558594,790.6033325195312,467.41418838500977,776.2382507324219,443.7549161911011,763.8108825683594,424.91512298583984,830.7503509521484,496.41234397888184,826.6168975830078,472.1276664733887,824.5741271972656,488.58338356018066,821.0033416748047,507.05620765686035,854.0915679931641,500.801682472229,852.3805999755859,486.280460357666,847.0163726806641,503.9332151412964,843.0142211914062,519.5740556716919,875.5265045166016,511.8326425552368,874.4155883789062,497.2834825515747,866.4478302001953,509.8197841644287,861.4328765869141,522.4559926986694,191,1787747417.2815573
853.4597015380859,570.7434797286987,822.4333190917969,553.4880781173706,797.6780700683594,524.8376655578613,786.6933441162109,498.11479568481445,794.5761108398438,477.17047691345215,803.4372711181641,476.4437484741211,779.788818359375,446.3576889038086,761.2094116210938,425.33273220062256,747.3309326171875,406.90518379211426,827.2279357910156,471.25017642974854,811.8348693847656,456.4392328262329,811.0978698730469,487.32879638671875,815.9500122070312,507.5738525390625,851.3018035888672,475.6992530822754,836.3866424560547,475.5767297744751,834.3309020996094,503.008131980896,839.1326141357422,515.767765045166,875.0819396972656,487.1169662475586,860.6400299072266,487.50470638275146,854.7340393066406,507.76697158813477,857.208251953125,517.2522926330566,192,1787747417.3424313
864.1466522216797,565.1820373535156,827.6850128173828,541.1552381515503,797.6139831542969,514.4933080673218,784.4693756103516,486.5041780471802,804.0237426757812,468.60483169555664,811.4929962158203,463.6290121078491,790.8913421630859,446.7743110656738,773.1190490722656,445.72176933288574,758.3587646484375,449.53157901763916,835.3438568115234,458.7509536743164,815.4210662841797,455.43222427368164,814.2862701416016,480.64228534698486,817.2459411621094,495.74162006378174,859.0658569335938,462.4081563949585,838.8691711425781,474.14700508117676,837.8752136230469,496.45049571990967,840.8422088623047,506.97741508483887,881.4124298095703,473.1673765182495,862.4703216552734,482.8486490249634,858.8751220703125,501.0321378707886,860.6976318359375,510.46252727508545,193,1787747417.406337
862.2249603271484,563.2028675079346,827.6382446289062,541.9333362579346,798.0999755859375,515.0293636322021,784.6712493896484,487.9686212539673,802.8192138671875,471.3305997848511,811.0825347900391,463.85225772857666,791.1771392822266,447.6499557495117,773.2960510253906,446.5207242965698,757.7154541015625,449.8575210571289,834.6839141845703,459.20074939727783,815.4808807373047,456.1365079879761,814.2448425292969,480.48487186431885,816.5084075927734,495.46584606170654,858.3573913574219,463.42477798461914,838.7033081054688,474.5713949203491,837.2869873046875,496.0401391983032,839.4235229492188,506.37539863586426,880.8821868896484,474.75541591644287,862.3059844970703,483.3504581451416,857.6322937011719,501.4365291595459,858.2284545898438,511.3051700592041,194,1787747417.4747102
869.2540740966797,555.1826333999634,833.9680480957031,530.7582664489746,809.0217590332031,500.2408218383789,798.1272888183594,474.87266063690186,805.91064453125,452.9696559906006,827.5218963623047,460.46443462371826,811.3299560546875,440.42078018188477,800.2141571044922,455.453896522522,799.7557067871094,471.60916328430176,847.6067352294922,459.3370056152344,828.8726043701172,440.46180725097656,819.0814208984375,464.25999641418457,822.8143310546875,482.9866647720337,869.1384124755859,464.153094291687,850.6908416748047,457.1598243713379,843.7440490722656,479.19912815093994,849.0193939208984,494.0153932571411,890.0460815429688,474.36235427856445,874.4057464599609,464.8696517944336,866.5306854248047,481.9088888168335,869.1758728027344,495.0308132171631,195,1787747417.532459
873.8997650146484,535.7195806503296,842.3650360107422,517.0046281814575,816.8017578125,484.9224901199341,808.3342742919922,456.2916040420532,821.24755859375,436.6238021850586,833.0894470214844,446.52480125427246,812.7336120605469,417.3415946960449,796.3594818115234,396.303505897522,784.2791748046875,379.0572452545166,854.7245025634766,443.9644718170166,836.7420196533203,426.1841297149658,832.4278259277344,450.29311180114746,836.5756225585938,468.32815647125244,876.4974975585938,449.3005657196045,858.0658721923828,445.25103092193604,854.1010284423828,468.73138904571533,859.7498321533203,481.1023807525635,898.1481170654297,460.57584285736084,880.3370666503906,454.4106674194336,873.5704803466797,473.95238399505615,876.8789672851562,485.6062173843384,196,1787747417.57423
878.4419250488281,531.1605548858643,849.45556640625,515.9429454803467,823.3322143554688,484.92703914642334,815.6620025634766,454.8329973220825,829.3576049804688,435.4005002975464,831.9509887695312,440.3766202926636,806.4297485351562,405.75573921203613,788.1785583496094,382.90653705596924,775.4545593261719,363.4838676452637,855.9075164794922,436.73499584198,839.1107177734375,419.60469245910645,838.4860229492188,451.0473918914795,844.730224609375,469.8077917098999,879.7666931152344,441.75763607025146,862.3891448974609,439.7018623352051,859.5748901367188,469.01299953460693,865.4312896728516,481.2937831878662,903.4635925292969,452.87386894226074,884.8954010009766,447.63978481292725,878.7481689453125,470.45671463012695,882.5011444091797,481.0557746887207,197,1787747417.62694
881.5060424804688,534.075493812561,849.6693420410156,517.3672199249268,823.6560821533203,485.765175819397,817.7340698242188,455.77348709106445,830.1042175292969,435.9423065185547,830.7152557373047,439.9543333053589,804.9137878417969,404.6332883834839,787.435302734375,382.2819471359253,774.6747589111328,362.7107048034668,854.9598693847656,436.88562870025635,839.7333526611328,419.61735248565674,839.9457550048828,451.3702869415283,844.688720703125,470.1718854904175,878.7990570068359,441.353759765625,863.7488555908203,438.9244508743286,861.7767333984375,468.54170322418213,865.5828094482422,481.7984676361084,901.9482421875,451.9803714752197,886.5980529785156,446.55831813812256,881.1963653564453,468.94193172454834,883.4408569335938,479.6174669265747,198,1787747417.6889367
882.9873657226562,544.2255306243896,851.0140228271484,523.716459274292,828.0007171630859,493.08104038238525,822.3487091064453,464.4235038757324,827.5538635253906,442.08585262298584,834.4003295898438,448.5324239730835,806.534423828125,414.73161220550537,787.4875640869141,392.2833251953125,773.1338500976562,373.33971977233887,857.7275848388672,445.37020683288574,843.0973052978516,429.9908494949341,843.2014465332031,459.2963647842407,847.2022247314453,481.3851499557495,881.0636138916016,450.563006401062,866.9009399414062,448.4931993484497,865.2500152587891,475.60192108154297,868.4392547607422,492.81423568725586,903.9671325683594,462.123498916626,890.2510833740234,460.8488702774048,884.5287322998047,481.4944553375244,885.5991363525391,494.5263862609863,199,1787747417.74333
883.6632537841797,544.6213817596436,852.0952606201172,525.2821826934814,828.0701446533203,494.5335102081299,821.7823028564453,466.04244232177734,826.9806671142578,443.67788314819336,833.5634613037109,449.56689834594727,806.2803649902344,415.2729034423828,787.68798828125,392.91744232177734,773.9286804199219,374.07005310058594,856.8215942382812,446.4241647720337,843.6615753173828,431.45031452178955,843.6679840087891,460.3279209136963,847.2068023681641,482.11754322052,879.8790740966797,451.22111320495605,867.451171875,448.30132484436035,865.7741546630859,474.93196964263916,868.38623046875,492.0465660095215,902.5454711914062,462.2727584838867,891.1780548095703,458.7435722351074,885.5772399902344,479.34104919433594,886.3825225830078,492.5770854949951,200,1787747417.7995346
887.3838806152344,559.0881443023682,853.8418579101562,536.7596769332886,830.0592041015625,508.89148235321045,826.8799591064453,485.30585289001465,838.2001495361328,471.3890075683594,836.8721771240234,462.3576879501343,810.9463500976562,439.7828435897827,790.8024597167969,427.92413234710693,773.9944458007812,418.1889581680298,861.1080169677734,458.1745147705078,846.6778564453125,449.44377422332764,848.1356048583984,476.2170696258545,853.2750701904297,490.98286628723145,885.2679443359375,462.409873008728,872.9090118408203,467.89209365844727,870.9843444824219,492.6077699661255,874.6886444091797,501.5812397003174,908.0330657958984,473.2862949371338,897.6720428466797,478.4429168701172,891.7320251464844,496.4851713180542,892.862548828125,502.65717029571533,201,1787747417.840127
893.7358856201172,559.5304727554321,862.0070648193359,537.2356081008911,838.5585784912109,507.3361015319824,831.7103576660156,481.25404357910156,841.9986724853516,461.1320686340332,845.1688385009766,469.29070472717285,824.9155426025391,444.6744203567505,807.7308654785156,432.76073455810547,793.7233734130859,424.8562431335449,867.7867126464844,465.45995235443115,855.3385925292969,446.5323543548584,851.4485931396484,470.2976703643799,852.7578735351562,489.6488428115845,891.1095428466797,468.55650901794434,880.7746124267578,460.6921434402466,876.9564819335938,484.97368812561035,878.643798828125,501.1245346069336,914.2064666748047,477.5562000274658,905.7861328125,467.83042430877686,899.7767639160156,486.08747005462646,900.6437683105469,499.45366859436035,202,1787747417.8800578
893.2833099365234,537.7036428451538,862.6044464111328,511.62381649017334,844.8991394042969,475.4103469848633,845.2706146240234,444.1728687286377,853.8620758056641,420.6602382659912,852.2235107421875,449.9359703063965,834.329833984375,417.84271717071533,821.6612243652344,393.9050102233887,811.74560546875,374.496545791626,874.7482299804688,448.6138343811035,867.8461456298828,422.93603897094727,864.1166687011719,445.9598636627197,864.3315887451172,469.1025638580322,897.6063537597656,454.89861488342285,891.2934875488281,437.74299144744873,885.0695037841797,460.35233974456787,885.1470947265625,479.6080684661865,919.6638488769531,467.24063873291016,913.8901519775391,449.6592950820923,906.3587951660156,465.29829025268555,905.5717468261719,480.3223514556885,203,1787747417.9494166
898.4293365478516,516.909441947937,867.6309967041016,494.71229553222656,848.2384490966797,462.0288276672363,848.6383819580078,431.790075302124,858.5360717773438,409.0911626815796,853.7657165527344,426.93536281585693,833.2250213623047,391.8039608001709,819.5594787597656,366.66496753692627,807.7828216552734,345.0750517845154,877.87109375,423.9091444015503,865.8699798583984,400.40810108184814,866.5656280517578,429.5613098144531,870.6448364257812,450.03471851348877,901.0778045654297,428.85080337524414,889.7251129150391,421.6742420196533,887.7158355712891,448.8139486312866,891.1788940429688,461.9793462753296,923.7728881835938,439.20073986053467,912.0323181152344,430.3879451751709,906.5472412109375,450.88422775268555,908.0831909179688,461.2700843811035,204,1787747417.998842
898.3905792236328,518.9834976196289,867.2735595703125,496.4301109313965,847.81005859375,461.4703702926636,850.3879547119141,430.871901512146,860.6748962402344,409.43225383758545,852.9804992675781,425.6709909439087,831.6456604003906,388.1549549102783,817.1145629882812,363.2180070877075,806.5927124023438,341.55232429504395,877.2181701660156,423.65015029907227,865.8734130859375,402.6308584213257,864.7669982910156,430.5587911605835,868.4959411621094,447.99898624420166,900.2857208251953,428.6867380142212,888.9036560058594,421.39670848846436,886.1666870117188,448.43474864959717,889.6088409423828,460.3851270675659,922.7214050292969,439.2584180831909,910.3090667724609,429.67310428619385,904.7767639160156,450.5409049987793,906.8547058105469,460.3359889984131,205,1787747418.0446687
888.5048675537109,525.3565120697021,859.1061401367188,508.35615634918213,835.7833099365234,478.97493839263916,826.3060760498047,454.69571113586426,828.7966918945312,435.09228229522705,843.8985443115234,430.28945446014404,820.1075744628906,392.4662733078003,803.9892578125,368.0226802825928,793.3953094482422,347.14449405670166,866.8880462646484,427.19963550567627,854.1295623779297,410.73782444000244,850.4167175292969,437.8539276123047,852.9419708251953,455.7052516937256,889.39208984375,432.799015045166,877.6373291015625,430.604453086853,872.9930877685547,453.8017416000366,875.0173187255859,464.3108940124512,911.6151428222656,445.2876377105713,901.6164398193359,444.60721492767334,895.0076293945312,461.6028070449829,896.5274047851562,468.7862777709961,206,1787747418.0939543
899.0123748779297,543.9866209030151,860.3876495361328,512.7529191970825,837.8603363037109,479.1136407852173,834.3182373046875,455.13954162597656,841.2773132324219,442.91969776153564,873.3115386962891,443.6894702911377,841.0423278808594,427.18358516693115,817.6200103759766,422.9762077331543,799.9908447265625,419.7094917297363,896.240234375,444.43795680999756,867.5099182128906,432.1060609817505,856.4537048339844,444.4680404663086,855.0961303710938,454.83256816864014,914.8925018310547,451.28711700439453,884.1672515869141,447.6351499557495,872.6048278808594,460.726261138916,871.9976806640625,470.9098148345947,928.5691833496094,461.80957317352295,903.1551361083984,456.9449472427368,889.8269653320312,467.25844860076904,886.3156127929688,476.71767711639404,207,1787747418.1437044
909.5332336425781,544.2099523544312,881.7117309570312,522.784423828125,864.5856475830078,490.6474828720093,864.9728393554688,463.2701539993286,876.6006469726562,446.177659034729,874.2041778564453,458.32566261291504,876.1547088623047,431.64806842803955,873.7552642822266,439.02461528778076,870.8879089355469,453.4191942214966,896.2521362304688,458.0517339706421,901.0491180419922,429.7812080383301,896.4990234375,447.527174949646,892.1669769287109,466.24354362487793,917.7125549316406,463.32165241241455,922.4279022216797,442.49831199645996,916.0150146484375,459.7019577026367,910.9774780273438,475.6044101715088,936.9184875488281,473.68626594543457,942.2026062011719,452.8267478942871,935.2958679199219,464.9977111816406,929.7137451171875,478.2647752761841,208,1787747418.209338
910.125732421875,541.5426349639893,883.1607818603516,521.148190498352,867.4305725097656,491.00406646728516,868.2833099365234,465.3025817871094,879.2247772216797,448.5673999786377,874.2206573486328,459.9283790588379,874.4197082519531,434.5598316192627,872.6048278808594,436.18567943573,871.0349273681641,445.74305534362793,895.2198791503906,458.7309980392456,899.5698547363281,430.8480405807495,896.9365692138672,446.82263374328613,892.8789520263672,465.0946569442749,915.8890533447266,462.97579765319824,921.7221832275391,441.83419704437256,916.3288879394531,458.8806438446045,910.7087707519531,475.02857208251953,934.8606872558594,472.75341510772705,942.2474670410156,452.51243591308594,936.3958740234375,464.8057508468628,930.2259063720703,478.10328483581543,209,1787747418.2566633
915.9506988525391,522.1080780029297,891.2147521972656,500.0823783874512,877.9833984375,466.82650566101074,882.83447265625,438.9782667160034,895.8787536621094,419.41972732543945,885.9851837158203,440.2725076675415,875.4310607910156,411.4982843399048,867.9056549072266,388.6496829986572,860.6417083740234,370.43100357055664,907.1303558349609,440.57312965393066,905.9299468994141,415.9187364578247,900.3825378417969,437.63986587524414,896.1138153076172,457.0846366882324,928.1743621826172,446.97588443756104,927.2052764892578,430.53544521331787,919.1122436523438,451.8378496170044,915.2692413330078,466.5743350982666,948.2390594482422,458.45505237579346,948.6686706542969,440.1044511795044,940.2008056640625,454.75892543792725,935.9151458740234,467.2677183151245,210,1787747418.3171146
920.6649780273438,516.7152070999146,896.14501953125,500.02135276794434,882.7469635009766,469.19641971588135,887.9520416259766,442.142972946167,903.2701110839844,423.6993741989136,888.5056304931641,433.8656759262085,872.7018737792969,396.67399406433105,861.6246795654297,367.95684814453125,851.7886352539062,344.2210578918457,911.7950439453125,432.9867696762085,905.7018280029297,413.3014154434204,902.9371643066406,440.84946155548096,903.3817291259766,458.08040142059326,933.8591003417969,440.3999662399292,928.3786010742188,431.7577600479126,923.6393737792969,456.8803596496582,925.5046081542969,466.9287300109863,955.1123809814453,453.2980012893677,949.4083404541016,442.79640197753906,942.3069000244141,461.5940523147583,942.8163909912109,470.0955390930176,211,1787747418.360329
928.7291717529297,535.0074434280396,900.6423950195312,516.2552833557129,885.3043365478516,485.46438217163086,889.6876525878906,458.6605739593506,899.736328125,441.40358448028564,891.5308380126953,449.9415922164917,872.6054382324219,410.7855033874512,859.9976348876953,383.76896381378174,849.2121124267578,362.38630771636963,914.8999786376953,449.2402696609497,909.1731262207031,429.80772972106934,909.3221282958984,455.18280029296875,910.4122924804688,472.21027851104736,937.0224761962891,455.2678155899048,933.6638641357422,445.3231716156006,930.4953002929688,469.09754276275635,929.90234375,480.79875469207764,958.72802734375,465.71431159973145,955.9223175048828,456.38344287872314,950.2081298828125,472.7021312713623,948.3725738525391,480.7043409347534,212,1787747418.4186375
928.7722778320312,542.3121929168701,901.96044921875,522.0488977432251,886.4910888671875,489.4273567199707,890.205078125,460.8438491821289,898.3179473876953,442.2614622116089,891.1847686767578,451.0974311828613,873.2841491699219,412.84921646118164,859.5931243896484,385.6770658493042,847.6094818115234,363.2780456542969,913.9925384521484,450.4153347015381,909.2129516601562,430.0267696380615,909.0843200683594,457.3753023147583,909.4449615478516,474.0262842178345,936.0895538330078,456.12436294555664,934.6482849121094,445.0912570953369,930.6007385253906,470.93281745910645,928.9179229736328,482.5883674621582,957.5448608398438,466.65119647979736,957.1891021728516,455.73984146118164,950.5962371826172,474.1174793243408,948.0989074707031,482.2170639038086,213,1787747418.4798183
933.7117004394531,558.4227418899536,908.5857391357422,533.9898347854614,895.0178527832031,503.47479343414307,901.5567779541016,478.2995796203613,911.7787170410156,461.4325189590454,895.4964447021484,462.33691692352295,880.6962585449219,435.1669979095459,869.06005859375,417.5601625442505,859.5648193359375,400.5216121673584,918.7420654296875,458.55671882629395,921.8912506103516,444.14480209350586,922.5279998779297,472.074236869812,922.0566558837891,487.4499464035034,940.8388519287109,462.3693609237671,946.6805267333984,458.94111156463623,941.9906616210938,483.667516708374,938.6317443847656,493.37878704071045,960.6423950195312,471.39291286468506,967.3029327392578,470.63507080078125,960.2403259277344,488.2096767425537,955.1345825195312,494.70680236816406,214,1787747418.5337825
934.4293212890625,559.7294282913208,909.2414093017578,537.2129058837891,896.1862945556641,506.5258598327637,904.6228790283203,481.5816593170166,918.2806396484375,467.0185947418213,896.9115447998047,466.470308303833,881.0044860839844,439.2757558822632,868.7165069580078,419.9765110015869,859.1895294189453,402.6212453842163,918.7046051025391,463.26985359191895,920.2423858642578,441.2659549713135,920.4336547851562,465.0251770019531,919.658203125,481.1172294616699,940.0048065185547,467.46384143829346,946.2809753417969,455.2006530761719,942.1949768066406,477.17652797698975,939.3843841552734,489.1114568710327,959.2408752441406,477.4980926513672,965.9001159667969,467.33389377593994,960.6678009033203,482.02441692352295,957.4588775634766,490.7855415344238,215,1787747418.5917826
938.3808135986328,554.1514205932617,917.6210784912109,534.7307682037354,908.3771514892578,502.3832845687866,915.9599304199219,476.06995582580566,930.0727081298828,461.15880489349365,905.1188659667969,465.08294105529785,889.4152069091797,428.53644847869873,880.0485992431641,402.8705406188965,872.5743865966797,381.3086700439453,926.2888336181641,463.56523990631104,926.9761657714844,439.5519161224365,926.4404296875,465.00436305999756,923.9826202392578,482.0051050186157,947.789306640625,469.1524314880371,953.2913970947266,453.6322259902954,948.0895233154297,476.77767276763916,943.5201263427734,489.148964881897,968.3392333984375,480.20686626434326,974.6082305908203,463.10149669647217,967.6033020019531,477.7299213409424,962.4764251708984,488.04737091064453,216,1787747418.6337488
943.1883239746094,539.6091270446777,921.2268829345703,513.1428909301758,912.7185821533203,475.3459310531616,920.4263305664062,446.70732021331787,931.9989776611328,430.2636194229126,917.6484680175781,447.54112243652344,903.4178924560547,409.7130489349365,893.7592315673828,383.24878692626953,887.3545837402344,360.472412109375,939.6529388427734,448.55568408966064,936.6564178466797,430.0654363632202,930.7351684570312,458.04272174835205,930.7388305664062,473.43636989593506,960.3984832763672,456.6552257537842,956.2992858886719,445.47401905059814,947.5584411621094,470.17664909362793,948.5384368896484,479.94555473327637,979.7727966308594,469.27143573760986,975.1723480224609,458.03160667419434,964.9937438964844,475.28632164001465,965.29541015625,483.0773878097534,217,1787747418.7007763
953.1863403320312,546.2094640731812,930.1528930664062,520.070071220398,920.8782196044922,483.75128746032715,927.4185943603516,454.05970573425293,931.6136932373047,431.8775796890259,923.0323791503906,451.49667263031006,908.7310791015625,412.9784345626831,899.1071319580078,386.0778522491455,891.5132141113281,362.6585626602173,944.9100494384766,453.3743476867676,943.8783264160156,429.17884826660156,942.4713897705078,456.6127824783325,943.2830810546875,473.198447227478,965.7369232177734,461.7055034637451,965.6709289550781,448.3730363845825,958.7672424316406,473.6108207702637,957.7376556396484,484.61337089538574,984.7580718994141,475.0543212890625,985.540771484375,460.803165435791,976.2858581542969,478.4600830078125,973.280029296875,487.46376514434814,218,1787747418.7607632
960.2156066894531,566.7190933227539,939.5363616943359,539.8822402954102,933.7899780273438,507.5167751312256,942.3468017578125,484.3138647079468,952.005615234375,469.69561100006104,934.7489166259766,471.62856101989746,920.5511474609375,436.847562789917,909.6199798583984,413.5832405090332,900.9547424316406,394.7647762298584,955.7537078857422,472.2684717178345,953.2354736328125,444.15321350097656,950.6005859375,461.16652965545654,949.9709320068359,477.8091859817505,976.6019439697266,479.92791652679443,974.5108032226562,458.6622905731201,966.8375396728516,475.01359462738037,964.1006469726562,489.2414903640747,996.2840270996094,492.6447629928589,995.4529571533203,473.5160207748413,985.5985260009766,480.3645372390747,980.4300689697266,488.8825035095215,219,1787747418.8196247
961.3717651367188,571.2621974945068,942.4368286132812,546.6292190551758,935.2626800537109,516.6060304641724,939.7247314453125,492.6849317550659,945.9394836425781,476.35332584381104,936.4018249511719,477.05602169036865,922.95654296875,442.6981258392334,911.3693237304688,418.1596899032593,902.3887634277344,398.57754707336426,955.7272338867188,477.2417163848877,954.2866516113281,446.7490768432617,950.5909729003906,461.2203884124756,948.5372161865234,477.76159286499023,974.4572448730469,483.76553535461426,974.7553253173828,460.80363750457764,967.4384307861328,474.6303176879883,964.0140533447266,489.34165477752686,992.5309753417969,495.1753520965576,995.2084350585938,473.2392168045044,988.7371063232422,476.4398431777954,984.9630737304688,483.92539501190186,220,1787747418.8769403
982.0636749267578,519.6756362915039,970.4472351074219,488.7601089477539,969.1813659667969,457.4156856536865,977.6746368408203,435.8985757827759,989.1511535644531,423.98463249206543,991.866455078125,445.4425621032715,997.0742034912109,418.7823486328125,989.6656036376953,415.2647924423218,985.2513122558594,417.6601982116699,1005.4088592529297,451.26720428466797,1007.3826599121094,429.32570457458496,996.7668151855469,437.7948760986328,991.1122131347656,450.4188108444214,1018.5110473632812,459.82757091522217,1016.9937896728516,440.36696434020996,1005.3977966308594,449.0246629714966,999.873046875,460.98134994506836,1030.6640625,470.96779346466064,1026.734848022461,452.8666162490845,1015.4445648193359,458.4082317352295,1009.5709991455078,468.14980030059814,221,1787747419.107311
835.5231475830078,463.6128759384155,805.1101684570312,437.289719581604,788.5328674316406,401.1297655105591,790.9134674072266,370.176944732666,798.9445495605469,350.39576053619385,792.5868225097656,363.75693798065186,776.0149383544922,324.4168496131897,765.1542663574219,298.6843156814575,756.7162322998047,276.7395544052124,814.1059875488281,365.52921295166016,811.9759368896484,337.45858669281006,808.4860229492188,360.7317066192627,806.0095977783203,379.6077632904053,835.1840972900391,373.0727434158325,833.6320495605469,357.6406216621399,828.0648040771484,381.6427230834961,826.1455535888672,397.06915855407715,854.8002624511719,385.9887170791626,854.3964385986328,369.6445369720459,846.5320587158203,387.1805191040039,843.5044860839844,399.4588565826416,222,1787747419.4548945
911.9790649414062,477.9505491256714,895.1987457275391,442.7258062362671,895.3219604492188,404.1108798980713,907.9438781738281,377.92200565338135,921.1959075927734,363.51287841796875,908.8358306884766,375.6904077529907,908.5279083251953,336.0927414894104,907.4708557128906,309.90766525268555,908.3132934570312,288.5655426979065,927.3665618896484,383.6924457550049,932.5220489501953,359.8907804489136,922.4024963378906,376.9973087310791,916.1840057373047,395.26649951934814,943.6540222167969,397.2536087036133,945.3867340087891,379.9381685256958,933.4368896484375,396.1883211135864,929.3218231201172,410.48526763916016,957.6108551025391,415.7545852661133,960.0431823730469,399.0283727645874,946.8869018554688,409.4484758377075,941.91650390625,420.1205348968506,223,1787747419.7133615
892.7346038818359,493.1223678588867,871.9058227539062,453.34010124206543,866.3194274902344,411.8724203109741,866.5343475341797,381.9602108001709,868.1696319580078,359.0170669555664,901.01806640625,386.89247131347656,895.6760406494141,355.94282627105713,879.732666015625,342.9341983795166,865.8056640625,337.95039653778076,918.4443664550781,396.21930599212646,911.7392730712891,372.5268602371216,892.1205902099609,388.59277725219727,882.2466278076172,409.3151807785034,932.7278137207031,412.4521207809448,921.9485473632812,394.22614574432373,901.7947387695312,408.62218379974365,893.2171630859375,427.15165615081787,943.8656616210938,433.4336042404175,932.8678894042969,416.610746383667,914.6945953369141,423.87412548065186,906.4749908447266,436.65135383605957,224,1787747419.7545118
891.5457916259766,502.8777551651001,869.8453521728516,463.89058113098145,862.97607421875,422.02224254608154,863.2351684570312,391.91163539886475,865.4576873779297,369.67316150665283,892.7731323242188,396.8621349334717,890.5057525634766,368.8547658920288,874.3257904052734,380.2142858505249,863.1788635253906,396.58159732818604,909.5231628417969,406.28063678741455,906.2168121337891,381.36780738830566,888.1645965576172,400.80970287323,880.0145721435547,421.43232822418213,924.9989318847656,421.5692710876465,917.2197723388672,402.71995067596436,899.6480560302734,418.76110553741455,892.5328826904297,436.37454986572266,937.3265838623047,440.70239067077637,928.8423156738281,422.8550148010254,912.7719879150391,428.8202476501465,905.5303955078125,439.00903701782227,225,1787747419.822801
945.3520202636719,520.9735250473022,930.0947570800781,496.5729331970215,927.6313018798828,462.0711421966553,939.605712890625,436.9927453994751,953.1571197509766,422.29187965393066,928.0094909667969,430.34661769866943,929.1366577148438,392.0078945159912,932.4139404296875,368.71108531951904,937.2648620605469,347.4895763397217,949.0314483642578,437.5501298904419,964.8426818847656,422.00340270996094,957.1240234375,445.96368312835693,948.4988403320312,458.4986114501953,968.3953094482422,449.4284963607788,979.7631072998047,447.2280979156494,967.1467590332031,469.6199083328247,958.1190490722656,475.38073539733887,983.9311218261719,465.1088619232178,993.8410186767578,463.66300106048584,980.0469970703125,480.1498317718506,970.0514221191406,484.85588550567627,226,1787747419.9717534
948.3763122558594,525.207724571228,933.2498931884766,500.16554832458496,930.4945373535156,465.29502868652344,941.6921234130859,438.78883838653564,953.5106658935547,421.89469814300537,928.0797576904297,432.2912406921387,928.6104583740234,392.904953956604,932.1379852294922,368.5453462600708,936.5044403076172,346.99403285980225,948.7356567382812,439.2689323425293,966.4073181152344,424.4215965270996,960.6585693359375,446.64539337158203,951.3291931152344,458.4693431854248,968.0995941162109,450.990571975708,981.7010498046875,449.1855525970459,970.6963348388672,471.56912326812744,960.8633422851562,477.7679443359375,983.3572387695312,466.72616958618164,995.400390625,465.55342197418213,982.6290893554688,482.36958503723145,971.8192291259766,487.8370428085327,227,1787747420.0183613
952.1331787109375,556.4900493621826,929.3014526367188,536.7054748535156,915.0514221191406,505.6696557998657,917.7373504638672,475.46905517578125,923.4849548339844,452.6092529296875,900.6878662109375,466.13316535949707,888.8065338134766,425.0278615951538,883.9948272705078,400.95587253570557,880.8230590820312,380.60378551483154,925.0497436523438,466.66698932647705,931.3722991943359,435.87218284606934,932.4259185791016,462.25082874298096,930.8369445800781,482.0030450820923,949.0725708007812,473.36504459381104,952.2772979736328,455.9559631347656,948.1516265869141,481.6167211532593,945.7437896728516,495.0425720214844,970.8396911621094,485.3322458267212,970.6922912597656,471.1646890640259,964.4062042236328,489.2707586288452,961.1392974853516,499.44671630859375,228,1787747420.0596783
952.5238800048828,572.6436424255371,938.7235260009766,542.1243095397949,931.6952514648438,508.01716804504395,933.2825469970703,483.0660581588745,934.3539428710938,466.95117473602295,919.5895385742188,476.76273822784424,909.1403198242188,435.4481792449951,904.9803161621094,409.28449630737305,900.2931976318359,388.9803457260132,935.3070068359375,480.1551103591919,937.9035949707031,453.1486988067627,946.1556243896484,457.7899932861328,947.5357818603516,466.54648303985596,953.1434631347656,487.67812728881836,957.7985382080078,467.8939390182495,959.8696136474609,479.7140693664551,956.1759948730469,492.83698081970215,970.7086181640625,498.0443286895752,975.308837890625,482.4237012863159,973.7226867675781,490.98926067352295,969.3977355957031,501.68423652648926,229,1787747420.1031792
953.8220977783203,583.3302927017212,951.2860107421875,552.5304651260376,946.1132049560547,519.1948127746582,945.5337524414062,489.78612899780273,943.8325500488281,469.2981719970703,918.2780456542969,483.5327196121216,911.7461395263672,442.7300977706909,908.4388732910156,417.09105491638184,903.2693481445312,398.62016201019287,931.3703155517578,485.85675716400146,936.8244934082031,453.5015058517456,943.8478851318359,454.653697013855,941.8897247314453,459.3810796737671,947.8298950195312,491.69092655181885,957.4359130859375,466.4799213409424,962.1476745605469,479.84611988067627,958.6613464355469,493.70872020721436,963.4990692138672,500.4774570465088,969.7093200683594,479.29766178131104,971.6676330566406,487.2195768356323,968.9682006835938,499.7585391998291,230,1787747420.1434758
962.0515441894531,595.4749488830566,946.4521789550781,568.0385255813599,937.3251342773438,527.9000186920166,939.97802734375,493.5820770263672,949.4521331787109,467.69725799560547,934.4134521484375,487.4234676361084,928.9310455322266,446.8016052246094,930.2259826660156,418.49992275238037,932.1440124511719,394.5391273498535,953.9289093017578,490.1432704925537,967.130126953125,464.6489381790161,965.2358245849609,490.7186794281006,957.744140625,508.744797706604,973.4379577636719,498.3319044113159,985.0330352783203,483.7643766403198,979.6884155273438,508.1184482574463,971.7920684814453,519.6294593811035,989.8828887939453,511.106858253479,999.4244384765625,499.53035831451416,992.3622131347656,516.6525506973267,984.3901062011719,525.8989191055298,231,1787747420.1788685
974.6342468261719,624.8551797866821,960.5419158935547,604.3367099761963,948.2527923583984,566.5778160095215,948.7498474121094,526.36146068573,951.6762542724609,493.82004261016846,918.9916229248047,530.987434387207,902.5146484375,487.5392961502075,896.2966918945312,460.02026081085205,894.5137023925781,437.43271350860596,939.8313140869141,525.0495386123657,953.5247039794922,480.4178810119629,961.1501312255859,502.97457218170166,961.6049957275391,522.4002885818481,961.9605255126953,524.9349546432495,975.3917694091797,496.6443872451782,976.1772155761719,520.9700918197632,971.2557983398438,536.4617156982422,981.221923828125,529.7767925262451,991.3143157958984,507.99485206604004,990.7076263427734,525.1418924331665,985.5791473388672,538.1448984146118,232,1787747420.2229545
972.8072357177734,638.1503105163574,959.9872589111328,608.2581424713135,948.0115509033203,569.6214580535889,946.7288970947266,529.4425249099731,949.6875,493.71262550354004,919.9929046630859,539.5850515365601,902.4085235595703,499.32878494262695,896.5607452392578,468.1537914276123,894.154052734375,442.52612113952637,940.9175872802734,535.494875907898,952.2672271728516,491.752552986145,962.7593994140625,507.0491695404053,964.4480895996094,524.224534034729,962.0122528076172,538.3888721466064,973.6813354492188,507.076678276062,978.3139801025391,526.0991621017456,975.0658416748047,540.3095054626465,979.7246551513672,546.4194488525391,988.1712341308594,522.2917556762695,989.6437835693359,535.472903251648,985.3066253662109,547.7062654495239,233,1787747420.25489
973.2117462158203,635.667314529419,960.1509094238281,609.5753002166748,947.8274536132812,572.1491718292236,946.8781280517578,531.7434310913086,950.9259033203125,496.2147617340088,920.1023101806641,538.2418441772461,902.6087951660156,497.1065425872803,896.4704895019531,466.97808265686035,894.2887878417969,442.22095012664795,941.5972137451172,533.3437013626099,950.6894683837891,488.9953279495239,959.0630340576172,503.8932180404663,960.1055908203125,521.5684604644775,963.0384063720703,535.5910062789917,974.3851470947266,505.35869121551514,977.1586608886719,524.2552614212036,973.2685089111328,538.432731628418,981.2661743164062,543.3865356445312,990.2186584472656,519.9138593673706,990.7704162597656,533.2690715789795,986.0169219970703,545.6127691268921,234,1787747420.28936
976.343994140625,655.3531408309937,965.379638671875,632.5689554214478,953.8107299804688,601.2626838684082,950.2780914306641,567.768931388855,952.1678924560547,539.8222875595093,926.8479156494141,554.8118019104004,911.6191864013672,509.8355770111084,909.0102386474609,477.4368953704834,907.4147796630859,453.1965494155884,943.9794158935547,553.6969900131226,950.4911041259766,516.1373949050903,964.4255828857422,523.8274383544922,968.8786315917969,540.8841848373413,963.3542633056641,557.7217197418213,976.7379760742188,537.6822280883789,983.7158203125,556.1317920684814,980.4450988769531,574.3137359619141,980.3227233886719,565.2690267562866,992.4880218505859,549.2610883712769,994.6491241455078,561.2437391281128,989.9383544921875,575.7476234436035,235,1787747420.3316274
973.34716796875,665.4316806793213,966.6979217529297,637.0136976242065,955.054931640625,603.3973360061646,949.7939300537109,568.6740159988403,948.9772796630859,537.6072978973389,927.4128723144531,560.5648183822632,912.9035949707031,514.3829727172852,910.1242828369141,479.44576263427734,908.3828735351562,454.3696403503418,943.9647674560547,560.8697319030762,947.5485992431641,518.6081600189209,962.3853302001953,521.4453363418579,969.1162872314453,536.4871215820312,963.2473754882812,565.8200597763062,974.7766876220703,538.4027338027954,984.2925262451172,552.3131418228149,984.0261840820312,570.9556102752686,980.3385925292969,574.8008251190186,990.3463745117188,552.2260665893555,994.9680328369141,560.3381395339966,993.59130859375,575.6942367553711,236,1787747420.3727996
350.302734375,609.1218996047974,347.5621032714844,588.2140588760376,339.9656295776367,559.191312789917,328.99749755859375,536.7063760757446,319.6479797363281,519.4016218185425,363.34449768066406,527.8011417388916,354.9688720703125,486.55314445495605,348.67584228515625,459.89593505859375,343.43456268310547,438.95723819732666,358.95557403564453,526.4003849029541,353.38565826416016,488.61016273498535,348.26866149902344,463.8941431045532,343.33778381347656,442.76262760162354,354.15843963623047,526.776967048645,349.41104888916016,493.21240425109863,345.8782958984375,470.3710985183716,343.02799224853516,450.74891567230225,349.1856384277344,528.5060262680054,346.2460708618164,499.6392774581909,344.2607116699219,480.34247875213623,342.0886993408203,464.309778213501,237,1787747421.311169
415.38028717041016,589.9932432174683,448.1361389160156,575.734748840332,462.42610931396484,531.8172025680542,459.4019317626953,491.27164363861084,446.77398681640625,462.574667930603,462.44773864746094,499.39045429229736,468.57913970947266,450.0204277038574,472.3003387451172,415.7572889328003,472.18292236328125,389.1248416900635,438.7656021118164,499.2027425765991,439.4597625732422,469.892635345459,443.99505615234375,490.67447662353516,443.9788818359375,510.2208709716797,416.4717483520508,505.9224271774292,421.2403869628906,488.4770393371582,427.24185943603516,510.7503604888916,426.58565521240234,526.2009143829346,396.0465621948242,517.4893569946289,404.3114471435547,506.0691547393799,410.3749465942383,521.6889667510986,409.78939056396484,533.4711599349976,238,1787747421.7569313
417.48729705810547,593.7127161026001,446.7662048339844,572.3834037780762,461.6596984863281,528.3297300338745,457.17926025390625,489.03493881225586,443.5078811645508,460.61038970947266,463.49708557128906,491.5708923339844,468.47118377685547,443.4597873687744,471.8193817138672,411.7386531829834,471.0363006591797,385.48463344573975,438.8100051879883,493.7034845352173,437.16434478759766,460.10021209716797,441.2881851196289,485.56102752685547,441.5990447998047,505.26844024658203,415.460205078125,503.3786630630493,417.855224609375,488.13315868377686,424.5475387573242,516.8105220794678,425.2213668823242,529.4301223754883,393.74610900878906,518.1985330581665,400.19344329833984,505.7102108001709,407.35389709472656,524.9483013153076,408.0435562133789,534.428858757019,239,1787747421.8133254
414.90966796875,597.7738809585571,445.38047790527344,574.1785526275635,460.76282501220703,529.1236209869385,456.60499572753906,488.4879398345947,442.65785217285156,459.31644916534424,464.94102478027344,491.51445865631104,469.0949249267578,443.2037544250488,471.4590835571289,412.0796585083008,470.1078796386719,386.8465518951416,440.5543518066406,493.1330108642578,438.9119338989258,456.73221588134766,442.87498474121094,479.3059015274048,443.4683609008789,498.8174057006836,417.2608184814453,502.2303771972656,420.0244903564453,490.0729751586914,426.21143341064453,517.8412199020386,427.0567321777344,530.3132772445679,395.66287994384766,515.8783149719238,403.3246612548828,507.21907138824463,409.0367126464844,526.0536289215088,408.83888244628906,534.2957353591919,240,1787747421.8641367
398.1718063354492,596.3179349899292,432.2694778442383,572.243070602417,449.06360626220703,529.1660642623901,448.7263870239258,488.69693756103516,438.5874557495117,457.40045070648193,457.8268814086914,496.8774604797363,468.81988525390625,444.58940505981445,474.5790481567383,411.4982843399048,476.9712448120117,384.9578905105591,434.5393371582031,497.23309993743896,431.36730194091797,460.26093006134033,431.7103958129883,478.5330390930176,430.9474182128906,496.75060272216797,411.57169342041016,503.35548877716064,409.4320297241211,483.18652153015137,413.93558502197266,508.0345916748047,415.33023834228516,523.8949012756348,390.1304626464844,513.6879587173462,391.9931411743164,496.20497703552246,397.03369140625,514.1126489639282,398.36753845214844,526.4063501358032,241,1787747421.9097102
399.76829528808594,589.7639894485474,432.84156799316406,569.2147922515869,452.0419692993164,524.9684286117554,449.857177734375,482.0611095428467,438.43799591064453,449.27395820617676,460.6431198120117,487.3402976989746,471.4046859741211,438.85454177856445,476.86309814453125,407.8703498840332,478.20838928222656,381.99042320251465,436.9911193847656,488.0941915512085,438.8775634765625,455.77348709106445,441.0531997680664,479.8194694519043,439.83577728271484,498.2029438018799,414.4070816040039,494.95635509490967,414.9076843261719,476.51957988739014,418.65421295166016,504.8495864868164,418.37913513183594,519.7269630432129,393.6082077026367,505.7624816894531,397.90172576904297,490.956130027771,401.18247985839844,511.6904640197754,400.5059814453125,523.443431854248,242,1787747421.9600067
400.8877944946289,586.8013715744019,435.13675689697266,564.536247253418,454.35874938964844,519.1181230545044,450.3916931152344,476.9163751602173,434.55883026123047,446.3267469406128,462.5089645385742,483.1562662124634,471.75304412841797,435.47736167907715,476.4278793334961,406.45272731781006,477.6104736328125,381.2203073501587,438.0487823486328,484.04354095458984,439.23755645751953,454.66541290283203,440.14270782470703,482.3534059524536,438.73687744140625,500.8420658111572,414.6028137207031,491.5322256088257,415.2482604980469,474.11876678466797,418.2870864868164,503.6257266998291,417.94376373291016,517.0968532562256,393.06861877441406,503.5611820220947,397.5495147705078,491.6443204879761,400.52356719970703,512.5289440155029,399.92000579833984,521.7357873916626,243,1787747422.0057628
403.24981689453125,598.3661127090454,438.74462127685547,572.6692199707031,457.3668670654297,527.8855133056641,457.87071228027344,488.3327579498291,445.3955078125,460.0755786895752,464.3289566040039,493.4339761734009,478.9090347290039,445.4414463043213,486.71180725097656,413.7569189071655,491.0666275024414,387.8199577331543,440.46470642089844,492.80157566070557,444.6524429321289,456.37099742889404,448.23814392089844,475.5301237106323,449.3619155883789,494.84275817871094,417.78236389160156,498.05819034576416,425.7310104370117,471.2436532974243,430.9895324707031,493.2334327697754,431.20738983154297,509.7003507614136,398.47110748291016,509.48139667510986,408.44432830810547,489.92114067077637,416.0721969604492,503.4607172012329,415.6736373901367,517.2077035903931,244,1787747422.0601082
403.6924743652344,595.8509731292725,438.1470489501953,572.9727602005005,459.04972076416016,528.7389707565308,457.99938201904297,488.1177091598511,443.9762878417969,458.083233833313,468.81954193115234,489.6274709701538,482.6337432861328,443.33460330963135,488.78631591796875,412.54709243774414,491.75987243652344,386.6542911529541,443.4013366699219,488.49570751190186,444.3463897705078,451.24197006225586,445.42407989501953,469.9545192718506,445.3559875488281,488.03943157196045,419.62947845458984,494.1740083694458,424.69966888427734,471.41196727752686,429.00108337402344,495.5519771575928,429.43775177001953,511.5681982040405,398.92738342285156,505.1047611236572,408.12294006347656,490.6181287765503,412.53543853759766,506.86695098876953,411.80580139160156,519.0016508102417,245,1787747422.1037757
401.7415237426758,603.1386852264404,410.18028259277344,572.6901197433472,420.54073333740234,529.9499988555908,430.9800338745117,502.60631561279297,437.99339294433594,485.6398630142212,463.1606674194336,500.7668352127075,486.9301223754883,454.24797534942627,496.3961410522461,420.0790786743164,502.57911682128906,392.5544214248657,455.13675689697266,503.45784187316895,458.37947845458984,457.6779842376709,446.5693664550781,475.9807348251343,442.0832824707031,497.88854598999023,444.6586227416992,508.4186840057373,449.1681671142578,471.36926651000977,439.31774139404297,491.35146617889404,437.5697708129883,509.2892646789551,433.9555358886719,518.1634283065796,440.0530242919922,486.15617752075195,433.3308410644531,498.1523895263672,429.4791793823242,515.7048940658569,246,1787747422.149148
408.38741302490234,603.0648708343506,438.95328521728516,578.3798360824585,458.58219146728516,536.0875368118286,464.20188903808594,504.0777540206909,457.52540588378906,481.18666648864746,469.4656753540039,498.0749273300171,489.8286437988281,452.32189178466797,499.78031158447266,419.49414253234863,505.5577087402344,392.2543144226074,450.92369079589844,498.06891918182373,455.55614471435547,460.4329776763916,450.51673889160156,481.50200843811035,446.72080993652344,503.4000778198242,430.76683044433594,502.0126247406006,438.36429595947266,473.29646587371826,437.05196380615234,494.96922969818115,435.3472137451172,512.8271627426147,410.6148910522461,511.5280294418335,419.6436309814453,487.97643184661865,421.68201446533203,502.58408546447754,420.0634002685547,518.2884836196899,247,1787747422.1935403
426.8547058105469,599.3734645843506,462.12841033935547,581.410346031189,488.32027435302734,545.584659576416,504.9823760986328,509.75266456604004,503.2484817504883,478.83906841278076,485.06317138671875,500.70971488952637,510.70953369140625,455.36776542663574,525.1273727416992,429.7191524505615,532.3037719726562,404.5184898376465,466.1259460449219,496.45766258239746,492.8852844238281,466.3364553451538,497.85221099853516,494.9827480316162,492.4980163574219,512.8626537322998,449.04273986816406,496.636061668396,475.2293014526367,480.17682552337646,479.7119140625,508.84796619415283,473.95137786865234,521.9025993347168,435.04955291748047,501.47335052490234,458.5774612426758,493.2668209075928,465.46077728271484,512.0803070068359,459.5515441894531,521.8393421173096,248,1787747422.2337053
438.3283233642578,589.1354513168335,471.82811737060547,568.8252925872803,497.1023941040039,528.4107112884521,506.91768646240234,489.15990829467773,501.0293197631836,458.42106342315674,505.31124114990234,491.0570240020752,521.6759490966797,451.14532470703125,530.4051971435547,426.96149826049805,536.3548278808594,402.1832084655762,485.3147888183594,489.0548086166382,488.91727447509766,468.4673738479614,485.7359313964844,497.80181407928467,485.0306701660156,508.7099504470825,465.5533218383789,491.3796615600586,470.78948974609375,479.5970821380615,470.67771911621094,509.0563631057739,471.08192443847656,515.7427883148193,447.8928756713867,498.6838102340698,453.98571014404297,493.4789514541626,456.9807434082031,514.393572807312,455.7664489746094,521.8103742599487,249,1787747422.285058
444.5118713378906,584.0170669555664,476.9716262817383,562.2024250030518,503.0064392089844,521.4208745956421,509.4370651245117,482.4708652496338,500.69480895996094,453.031325340271,507.5935745239258,488.6880111694336,524.4656753540039,450.07171154022217,532.2482299804688,426.55633449554443,537.7677536010742,401.7138862609863,486.2387466430664,487.56598949432373,491.4756774902344,470.0551986694336,487.2648620605469,499.6484613418579,484.84973907470703,508.94654273986816,465.40306091308594,490.49981117248535,471.05472564697266,480.36595344543457,470.95794677734375,510.57621002197266,471.0882568359375,515.640606880188,445.74127197265625,497.9217195510864,452.85205841064453,492.70098209381104,455.0855255126953,513.15842628479,452.6080322265625,518.2225227355957,250,1787747422.320532
435.0416946411133,587.6898050308228,449.3443298339844,554.4702386856079,466.22928619384766,516.7502689361572,474.5757293701172,492.3138427734375,470.83606719970703,475.3483772277832,497.87696838378906,501.5636873245239,515.6900787353516,459.3229293823242,520.9567260742188,427.1517848968506,526.0521697998047,399.8486566543579,489.34486389160156,502.9258632659912,476.39404296875,466.9012212753296,460.56285858154297,481.4050626754761,461.5789794921875,495.6350612640381,478.7957763671875,504.7060775756836,467.65193939208984,471.75095558166504,451.8133544921875,489.61708545684814,453.4652328491211,506.41247749328613,468.79722595214844,508.5336112976074,463.47877502441406,479.3994998931885,448.9311218261719,490.9820079803467,446.39305114746094,507.09633350372314,251,1787747422.3796618
439.7291946411133,577.9722261428833,471.1917495727539,551.7933082580566,494.50733184814453,511.5240812301636,496.45606994628906,476.5161466598511,484.56478118896484,452.689847946167,501.47422790527344,490.48165798187256,516.1370849609375,449.7945213317871,522.4451446533203,422.36273288726807,527.8181838989258,398.5697364807129,481.15123748779297,490.29321670532227,482.90496826171875,460.3291654586792,478.7215042114258,477.07945346832275,479.20143127441406,489.7510242462158,461.27559661865234,493.21098804473877,462.0424270629883,473.1935977935791,460.7107925415039,495.48468589782715,462.8926467895508,508.4661912918091,443.22635650634766,500.09765625,447.84053802490234,484.97368812561035,447.92858123779297,500.01182556152344,446.76158905029297,510.7242679595947,252,1787747422.4200575
305.92092514038086,558.8212966918945,311.6947555541992,534.5527982711792,313.5791015625,498.9780378341675,303.25572967529297,468.2469606399536,289.1860008239746,446.8647336959839,340.62206268310547,480.21613597869873,338.20411682128906,440.73904037475586,333.3300018310547,411.8039274215698,327.49671936035156,389.2312717437744,331.88880920410156,481.2400531768799,332.69908905029297,442.78841972351074,328.3537292480469,414.02758598327637,322.7224349975586,390.7945919036865,321.1602783203125,487.7298402786255,314.6222496032715,456.9791078567505,305.81661224365234,441.4823341369629,299.45335388183594,428.69656562805176,308.3340835571289,498.430438041687,300.2761459350586,476.5857982635498,292.581787109375,465.88884830474854,285.76555252075195,457.12201595306396,253,1787747422.8313513
294.89450454711914,563.9174509048462,294.2337989807129,538.731164932251,292.2773742675781,500.02092361450195,282.86394119262695,466.8207120895386,269.1613578796387,443.94477367401123,320.8621597290039,484.827561378479,315.6743621826172,442.95759201049805,311.1227226257324,413.65516662597656,307.29469299316406,390.0096273422241,314.27343368530273,481.9425344467163,311.0391616821289,446.3841676712036,306.3128471374512,419.8227024078369,303.7063407897949,396.3440179824829,306.93431854248047,482.8413963317871,302.8005027770996,452.15426445007324,299.31644439697266,433.7204074859619,298.96387100219727,416.0891532897949,300.8212089538574,486.51422023773193,296.8729019165039,460.85891246795654,292.7073097229004,445.4547929763794,289.7835350036621,431.52327060699463,254,1787747422.8786745
292.2192573547363,560.5787658691406,291.82661056518555,535.6385135650635,289.89599227905273,498.38215827941895,281.3554573059082,466.8914794921875,267.7459907531738,445.49062728881836,317.95040130615234,485.13054370880127,314.3690872192383,442.6477003097534,310.44124603271484,413.1671333312988,306.7157745361328,389.1874122619629,312.0474624633789,482.30907440185547,309.80722427368164,445.7490634918213,305.3790283203125,419.59010124206543,303.0056953430176,396.2870264053345,305.9161186218262,482.1233797073364,303.10075759887695,450.60227394104004,299.73487854003906,431.44683837890625,299.34972763061523,413.4346675872803,300.94959259033203,483.27672958374023,299.40900802612305,454.7998237609863,296.92678451538086,437.0804214477539,295.6181335449219,421.2431573867798,255,1787747422.9233608
254.0473175048828,563.6667823791504,265.43880462646484,541.6379499435425,269.7715950012207,506.4600706100464,262.80832290649414,475.7806205749512,252.0455551147461,453.30851554870605,296.9783592224121,485.91482162475586,292.17641830444336,443.24345111846924,287.55382537841797,413.05302143096924,284.2214775085449,388.3041715621948,282.2438621520996,483.8420534133911,281.4190483093262,446.4650630950928,275.9170913696289,419.84428882598877,273.2865524291992,398.1139326095581,267.9849433898926,485.79993724823,262.3081970214844,457.48623847961426,252.36555099487305,454.1714143753052,249.18684005737305,451.0525846481323,257.5437927246094,491.34039402008057,251.57464981079102,468.6175346374512,244.31781768798828,463.9652967453003,239.576416015625,461.8109893798828,256,1787747422.993231
244.11500930786133,574.6101093292236,264.1651916503906,552.0492124557495,273.3675956726074,512.0924520492554,263.47583770751953,478.22147369384766,249.571533203125,455.8523225784302,293.4736442565918,489.56528663635254,288.3012008666992,445.79463958740234,283.05761337280273,415.3180932998657,280.81298828125,390.50774574279785,274.5596694946289,488.40906143188477,262.7613639831543,457.54305839538574,255.2599334716797,457.1441602706909,255.51237106323242,457.5894498825073,256.9988441467285,492.4165391921997,246.02279663085938,469.671835899353,241.3599395751953,478.593807220459,244.4346046447754,485.05574226379395,243.1058120727539,500.7345199584961,234.43292617797852,482.94602394104004,230.88350296020508,488.556604385376,230.66814422607422,496.18210315704346,257,1787747423.0520005
244.18609619140625,580.4859924316406,265.5555534362793,553.8698530197144,274.7854804992676,510.6733703613281,264.42161560058594,476.2020492553711,247.4470329284668,453.03741931915283,292.21923828125,485.24272441864014,288.6849594116211,443.6543655395508,284.12269592285156,415.6222343444824,281.03485107421875,391.14495277404785,271.4870071411133,487.8374719619751,253.28109741210938,461.11438751220703,251.50884628295898,479.41203117370605,256.10219955444336,495.27907848358154,251.38370513916016,495.7645797729492,236.55149459838867,476.7834234237671,238.8644790649414,496.14060401916504,244.9714469909668,507.9316806793213,235.02992630004883,508.3292055130005,226.00170135498047,493.0422019958496,227.18353271484375,505.25758266448975,229.16202545166016,515.5400991439819,258,1787747423.103471
249.22204971313477,582.7056169509888,271.82533264160156,551.987714767456,280.2619171142578,507.5572872161865,266.32410049438477,471.61362648010254,248.22782516479492,447.8332042694092,297.46198654174805,484.81314182281494,292.8659248352051,441.5576934814453,287.34832763671875,414.7052192687988,284.4290542602539,392.10153579711914,275.51231384277344,488.82765769958496,256.5012741088867,464.54113483428955,256.28793716430664,484.6848678588867,262.8242301940918,501.6394329071045,254.9736785888672,497.09508419036865,239.1217803955078,480.181245803833,242.14921951293945,501.67256355285645,248.56279373168945,514.4167470932007,239.36151504516602,509.641170501709,228.50872039794922,496.11137866973877,230.56175231933594,511.946496963501,234.2819595336914,524.1243267059326,259,1787747423.154046
250.14667510986328,585.2899789810181,273.5429573059082,553.9183473587036,282.427921295166,508.0871629714966,267.9212760925293,471.4772415161133,249.28695678710938,447.2565507888794,297.5925064086914,483.4870147705078,292.92598724365234,441.1295700073242,288.3269691467285,414.17675971984863,285.66747665405273,391.7058563232422,275.54967880249023,487.599892616272,255.83139419555664,461.36149406433105,257.67200469970703,480.61782360076904,265.20986557006836,496.90582752227783,255.1197052001953,496.9459104537964,239.60948944091797,477.98535346984863,244.67849731445312,498.29761505126953,252.16989517211914,510.20580768585205,239.50359344482422,510.3739929199219,230.40037155151367,494.83112812042236,233.77309799194336,510.1644802093506,238.2704734802246,521.8423461914062,260,1787747423.1926143
256.6270065307617,587.6155185699463,285.0778388977051,559.2806625366211,299.8910903930664,514.0260028839111,290.7056427001953,475.6728172302246,270.41059494018555,451.69824600219727,310.73251724243164,486.9156503677368,311.31603240966797,443.54154109954834,308.8426971435547,416.0519027709961,308.5326957702637,392.71565437316895,286.3221740722656,487.3860454559326,273.3620262145996,452.4893045425415,270.296630859375,466.92336559295654,272.81883239746094,481.62049770355225,263.67197036743164,492.2718286514282,251.4714813232422,463.59764099121094,252.5634002685547,484.89274978637695,257.4871635437012,502.52949714660645,244.7950553894043,502.09073066711426,236.15991592407227,479.0984058380127,238.40991973876953,493.0493688583374,241.06473922729492,508.37928771972656,261,1787747423.231267
252.69935607910156,594.3533992767334,275.0436210632324,560.7539463043213,290.2476119995117,512.6326704025269,289.50923919677734,476.162052154541,273.5426902770996,451.2023162841797,307.453670501709,493.9113664627075,309.9802017211914,449.19816970825195,306.7656707763672,417.6401996612549,304.5095443725586,392.2777462005615,290.2024459838867,493.934326171875,291.0122871398926,448.97539615631104,290.72277069091797,419.97209072113037,291.69328689575195,395.5264377593994,272.7630424499512,499.9017906188965,272.8846549987793,458.1508684158325,274.0463447570801,437.79444694519043,277.10289001464844,420.1461982727051,257.09930419921875,509.9464273452759,260.208797454834,479.0198278427124,261.1761474609375,464.63348865509033,261.5952491760254,452.7561950683594,262,1787747423.294871
250.6680679321289,604.2562437057495,250.54779052734375,558.6928939819336,264.61212158203125,510.8815097808838,272.0029640197754,477.21510887145996,267.37905502319336,449.51608657836914,302.3328399658203,497.056245803833,307.12745666503906,452.09182262420654,304.3075180053711,418.50451469421387,302.11669921875,391.67487144470215,298.3283233642578,504.5149755477905,295.89595794677734,461.72528743743896,289.25655364990234,433.1807470321655,285.28709411621094,408.68217945098877,291.74509048461914,515.4119968414307,283.59819412231445,475.0510597229004,273.3283805847168,457.00047969818115,268.35472106933594,444.4508743286133,284.0047264099121,528.0005264282227,283.7617874145508,491.3098382949829,278.1263542175293,469.5875072479248,274.11882400512695,453.85242462158203,263,1787747423.3362257
253.8009262084961,588.0672025680542,281.123104095459,555.1953363418579,295.1729965209961,509.9022674560547,282.9035758972168,472.9531002044678,261.24067306518555,450.30521392822266,306.9933319091797,482.49871730804443,308.6399841308594,438.4573173522949,305.00219345092773,411.3316011428833,302.9168701171875,387.95063495635986,282.9714775085449,483.433198928833,277.0889472961426,449.5432949066162,277.44375228881836,459.15277004241943,279.7365188598633,466.7086601257324,261.0403060913086,489.5336580276489,252.45441436767578,466.3171434402466,255.52221298217773,487.5837993621826,259.9006652832031,501.1914396286011,243.50275039672852,500.6106662750244,238.07048797607422,483.34569454193115,241.17088317871094,498.0295658111572,242.76308059692383,510.3820610046387,264,1787747423.3821278
253.36641311645508,589.8887872695923,279.32796478271484,557.2288799285889,293.4048843383789,510.88708877563477,284.0542793273926,474.09048557281494,265.1368522644043,449.8125457763672,305.5697250366211,483.5429334640503,306.48319244384766,439.9790096282959,303.4463882446289,412.6018524169922,301.39698028564453,388.77581119537354,282.7031135559082,485.2435827255249,270.8027648925781,456.56604766845703,271.10918045043945,476.1906337738037,274.5124053955078,492.90088176727295,261.3583183288574,491.0553503036499,249.98632431030273,468.7206172943115,253.59704971313477,490.63520908355713,258.3150100708008,504.25885677337646,244.58864212036133,501.5812826156616,237.68449783325195,483.47349643707275,240.37553787231445,498.15749645233154,242.13729858398438,509.99964237213135,265,1787747423.424361
250.4747772216797,595.6769943237305,269.9108695983887,558.2688045501709,282.465877532959,510.2909517288208,280.3860282897949,473.7593078613281,264.273681640625,448.16760063171387,303.1915473937988,487.6283025741577,302.7030563354492,442.19661712646484,299.75908279418945,412.6697874069214,298.1568145751953,388.1818628311157,285.65759658813477,491.9681167602539,265.2521514892578,459.68607902526855,262.4596405029297,478.2376527786255,266.15942001342773,496.37470722198486,266.7284393310547,500.06362438201904,250.4753875732422,471.68327808380127,249.74300384521484,490.83287715911865,254.09841537475586,506.426682472229,250.28703689575195,511.2391233444214,246.65630340576172,484.9560499191284,247.6148223876953,486.97071075439453,249.63998794555664,490.9954833984375,266,1787747423.481028
251.42248153686523,597.9347705841064,268.9544105529785,556.911735534668,280.99931716918945,509.6789360046387,278.58299255371094,474.60585594177246,262.76010513305664,449.89691734313965,302.7948570251465,486.28406524658203,302.89134979248047,440.4518508911133,300.29287338256836,410.84678649902344,298.139591217041,387.10927963256836,286.4232635498047,493.00920009613037,265.49394607543945,457.6370429992676,262.4432182312012,476.3415241241455,266.24311447143555,495.7175874710083,268.66933822631836,503.27287673950195,252.66204833984375,472.079815864563,250.9508514404297,489.65901374816895,254.3867301940918,506.0700559616089,252.5649642944336,516.8226671218872,248.91576766967773,488.67565155029297,249.36777114868164,488.7810516357422,251.0078239440918,493.02095890045166,267,1787747423.541503
242.86258697509766,596.7782020568848,243.09791564941406,546.6179752349854,254.7621726989746,501.03222370147705,260.7318878173828,470.1897382736206,254.70827102661133,446.20014667510986,295.66078186035156,486.84436798095703,298.28094482421875,443.2238817214966,294.0325927734375,411.8228530883789,290.84863662719727,387.06254482269287,293.44837188720703,493.9221382141113,276.82092666625977,458.96286964416504,269.3579864501953,456.84971809387207,270.02817153930664,454.56632137298584,286.4076805114746,503.8465690612793,263.925724029541,471.908540725708,250.9693717956543,481.1259412765503,248.05147171020508,490.60988903045654,277.3572540283203,514.3287706375122,272.72682189941406,479.6101713180542,263.45458984375,462.6332473754883,256.5532684326172,448.7225818634033,268,1787747423.58778
252.59571075439453,582.7336835861206,267.2789192199707,538.8360500335693,271.1058235168457,495.50352573394775,260.7497024536133,463.68025302886963,242.47209548950195,444.2236375808716,291.3488006591797,474.98565673828125,290.19208908081055,429.774169921875,285.4880142211914,402.53653049468994,281.6075325012207,380.8415365219116,274.79501724243164,482.1751356124878,252.49011993408203,457.5724983215332,249.49058532714844,472.2203207015991,254.57168579101562,483.7118911743164,256.72107696533203,492.5660562515259,237.7685546875,474.9017143249512,237.96415328979492,487.670316696167,243.00804138183594,496.4115285873413,240.61908721923828,504.25482273101807,232.5486183166504,487.0058584213257,231.11488342285156,493.75704288482666,232.1335220336914,500.4549264907837,269,1787747423.6366594
247.25915908813477,580.015082359314,268.1450080871582,541.6473913192749,276.2855339050293,497.27816104888916,265.4557800292969,462.2064542770386,245.8441162109375,441.1932563781738,292.57946014404297,476.269211769104,290.8335494995117,431.17664337158203,286.88770294189453,403.17060470581055,283.60021591186523,381.4303779602051,273.1273078918457,481.7901849746704,251.92964553833008,454.176607131958,252.51144409179688,467.63558864593506,256.8616485595703,480.6127595901489,254.03472900390625,491.56582832336426,237.3252296447754,471.39488697052,240.66511154174805,485.14208793640137,244.4979476928711,496.2339448928833,237.71398544311523,503.3539009094238,228.1237030029297,484.1147804260254,230.19699096679688,494.2178249359131,232.40917205810547,504.71075534820557,270,1787747423.6775162
234.8081398010254,574.0432405471802,256.19773864746094,539.3266582489014,264.84588623046875,495.25139808654785,252.62079238891602,460.9812641143799,236.77738189697266,436.90918922424316,279.3234634399414,468.15666675567627,277.3923110961914,424.5751476287842,274.295711517334,397.33115673065186,272.3288345336914,374.6253776550293,257.5942611694336,473.36817741394043,240.29754638671875,451.5822458267212,239.50035095214844,473.0734348297119,244.29655075073242,489.68841075897217,237.15517044067383,482.6949691772461,223.2712745666504,467.5760221481323,227.38006591796875,489.2291307449341,233.98094177246094,500.6153869628906,221.06136322021484,495.50296783447266,211.9841194152832,483.09232234954834,214.05181884765625,498.81882190704346,217.66925811767578,508.5309076309204,271,1787747423.7276652
235.52234649658203,574.4445419311523,255.93517303466797,539.3433094024658,264.9672508239746,495.36842823028564,253.63773345947266,459.71277236938477,236.2940788269043,434.53433990478516,281.4896011352539,468.6387777328491,277.6481056213379,424.1689109802246,273.782958984375,396.5357208251953,270.8014106750488,374.365439414978,258.2846450805664,473.83947372436523,241.6724967956543,449.7737503051758,242.27251052856445,468.3193588256836,246.05737686157227,484.55251693725586,237.10905075073242,483.17708015441895,223.8018035888672,465.9974241256714,228.72549057006836,485.6329536437988,233.89793395996094,497.18743801116943,220.00991821289062,495.442156791687,212.1173095703125,480.35775661468506,215.0551986694336,495.3852081298828,218.48230361938477,506.276478767395,272,1787747423.7667077
236.1353302001953,574.6510934829712,262.74614334106445,544.1336059570312,272.9131317138672,498.94859790802,259.6354675292969,460.9254741668701,241.27233505249023,432.6279544830322,287.75707244873047,470.2161741256714,287.6360893249512,426.243052482605,284.8285484313965,398.3573055267334,282.2614288330078,374.4280958175659,260.59669494628906,473.08995723724365,249.9013900756836,442.7923250198364,251.95783615112305,459.89928245544434,256.0766792297363,472.1302843093872,235.84218978881836,481.9073009490967,226.96521759033203,462.9594898223877,233.35371017456055,485.6546688079834,238.6966323852539,495.71921825408936,215.9206771850586,496.3890838623047,212.8896141052246,484.9380683898926,218.30432891845703,500.3959608078003,220.59274673461914,508.41087341308594,273,1787747423.8221655
237.3642921447754,574.4277620315552,261.6589164733887,545.1149940490723,271.67566299438477,501.43712997436523,259.85782623291016,463.59124660491943,243.69691848754883,433.62324714660645,288.6473083496094,469.71466541290283,288.2583236694336,426.9520568847656,285.23820877075195,398.8791561126709,282.3087501525879,374.8290538787842,262.38643646240234,472.2300624847412,252.72943496704102,440.3371810913086,254.0968894958496,451.683611869812,256.81446075439453,458.8502597808838,237.94254302978516,481.74460887908936,228.34779739379883,462.75014877319336,234.70373153686523,485.2588176727295,240.5242919921875,495.2991199493408,218.19351196289062,496.7826175689697,214.41808700561523,485.43386936187744,219.7052001953125,501.2132406234741,223.22914123535156,509.00091648101807,274,1787747423.8783512
419.12864685058594,545.3261375427246,451.45660400390625,527.7976226806641,468.1060028076172,482.8712224960327,467.6605224609375,445.81764221191406,457.1159362792969,420.34223556518555,454.36939239501953,458.52912425994873,458.1134033203125,431.3309669494629,463.7864303588867,452.32768535614014,465.21583557128906,466.1298608779907,432.68138885498047,462.7969264984131,437.4378967285156,440.80676078796387,443.83068084716797,465.16812801361084,442.17613220214844,476.1475467681885,411.17958068847656,470.7357931137085,416.54651641845703,451.7079448699951,424.622802734375,475.54720401763916,422.9351806640625,486.20853424072266,388.93260955810547,481.0522127151489,397.7635955810547,464.19751167297363,405.5656051635742,483.00872325897217,404.8051071166992,493.71464252471924,275,1787747424.3828137
424.676513671875,550.8963346481323,461.7040252685547,532.9256629943848,481.0710906982422,486.3604974746704,479.5280456542969,444.9269771575928,467.70084381103516,416.2844181060791,472.2910690307617,466.9162845611572,484.88990783691406,433.32919120788574,496.03843688964844,425.88900089263916,503.3099365234375,421.7396879196167,447.6451110839844,468.689546585083,451.17122650146484,443.5247611999512,455.73280334472656,466.7184019088745,454.1459655761719,484.4432544708252,424.85450744628906,475.340051651001,431.5367889404297,454.2604637145996,437.86388397216797,478.3130979537964,436.0174560546875,493.7943363189697,402.66204833984375,485.69689750671387,414.35863494873047,467.5956344604492,419.60609436035156,485.32366275787354,417.4810028076172,497.2496223449707,276,1787747424.430769
424.3314743041992,550.4713010787964,457.6317596435547,531.7037343978882,480.77117919921875,486.6798734664917,479.1293716430664,446.6157817840576,464.49737548828125,419.0510845184326,475.8911895751953,464.2348909378052,489.4158935546875,425.6766128540039,497.0149230957031,396.89539432525635,500.60157775878906,373.51893424987793,450.32066345214844,464.212703704834,454.6505355834961,440.2261161804199,457.13085174560547,464.31209564208984,454.8987579345703,482.7737617492676,427.1768569946289,471.0477018356323,434.1241455078125,452.13422298431396,438.34598541259766,476.32208347320557,436.50428771972656,491.28812313079834,405.43643951416016,482.78260231018066,416.3768005371094,468.96549224853516,420.88184356689453,484.9463939666748,419.28165435791016,495.27088165283203,277,1787747424.4735353
443.0043411254883,555.5334663391113,474.23099517822266,531.7279815673828,494.04563903808594,488.22890281677246,490.19779205322266,448.41569423675537,476.20975494384766,421.0196113586426,488.3249282836914,464.5029401779175,500.3535842895508,421.444730758667,509.7412109375,392.30903148651123,515.6016159057617,367.72566318511963,464.7056198120117,466.24706268310547,470.43323516845703,441.3055658340454,473.8408660888672,465.13641357421875,471.6203308105469,482.4256753921509,441.94515228271484,474.20931816101074,447.87281036376953,453.5583686828613,454.95574951171875,478.9268732070923,454.5400619506836,494.7291612625122,417.92762756347656,485.82611560821533,425.2228546142578,467.50139236450195,433.57566833496094,482.9849910736084,434.5221710205078,493.7938642501831,278,1787747424.5178845
440.36659240722656,558.8209962844849,472.7689743041992,537.2987794876099,493.0005645751953,493.3996868133545,489.63794708251953,452.25661754608154,476.4037322998047,423.40205669403076,490.6287384033203,467.4544858932495,503.6188507080078,423.73744010925293,512.1109390258789,395.86280822753906,516.7607879638672,371.3656997680664,467.67234802246094,468.6851692199707,471.3833999633789,443.0835485458374,473.9381408691406,468.2638692855835,472.7201843261719,485.3798818588257,444.87361907958984,475.21636962890625,449.80987548828125,453.1050109863281,456.4689254760742,482.3628044128418,455.97618103027344,499.9144506454468,420.48938751220703,484.69709873199463,427.9922866821289,465.2493667602539,434.9955749511719,484.4354438781738,434.33815002441406,496.97779655456543,279,1787747424.5588248
440.20957946777344,558.4632968902588,472.36602783203125,535.9438991546631,492.16331481933594,491.77062034606934,489.8534393310547,450.25577545166016,477.0619583129883,421.0035181045532,490.6660461425781,465.67182540893555,504.5004653930664,422.36238956451416,512.6154708862305,395.42601585388184,516.9181060791016,371.1434841156006,466.95960998535156,467.242956161499,470.5064392089844,442.8913736343384,473.4208297729492,470.2936792373657,472.3775100708008,487.1737861633301,443.6631774902344,474.25519466400146,448.1986618041992,453.20998191833496,455.63819885253906,482.8366756439209,455.62007904052734,498.729043006897,418.98277282714844,483.93354892730713,426.7612838745117,465.83674907684326,433.9311218261719,485.3202295303345,433.7014389038086,496.79755210876465,280,1787747424.6168172
439.85694885253906,562.5428295135498,471.9938659667969,540.043044090271,492.3130798339844,495.072226524353,490.244140625,453.9107894897461,476.26392364501953,424.36177253723145,490.1646423339844,467.10631370544434,503.6749267578125,424.5710277557373,511.6289520263672,397.6259422302246,514.9855804443359,373.4312582015991,466.33182525634766,469.2044448852539,472.38536834716797,443.25581073760986,475.4719924926758,473.28938484191895,473.49666595458984,489.13853645324707,443.1037902832031,477.07284450531006,450.2559280395508,454.3724298477173,456.9564437866211,486.849045753479,454.7616958618164,501.2811756134033,418.2220458984375,488.28941345214844,429.6479797363281,470.0285482406616,435.6964111328125,491.9343852996826,432.13653564453125,502.8111934661865,281,1787747424.6695454
438.7735366821289,563.5146903991699,471.59130096435547,541.031813621521,491.81041717529297,494.3762254714966,489.5802688598633,452.26893424987793,476.3236618041992,422.3643636703491,490.46165466308594,467.3548364639282,503.48045349121094,424.61188316345215,511.2519073486328,398.2382583618164,514.5143508911133,373.89204025268555,466.4687728881836,469.3036222457886,471.1145782470703,443.0145835876465,474.73243713378906,473.4406614303589,473.30318450927734,488.3921957015991,443.1801986694336,476.9955110549927,449.5451354980469,454.55074310302734,456.68609619140625,487.5394678115845,454.7334289550781,500.95407485961914,418.45531463623047,487.69984245300293,429.54036712646484,469.7604560852051,435.78968048095703,492.3885154724121,432.51869201660156,502.6420211791992,282,1787747424.7275128
434.9982452392578,566.2697696685791,468.4369659423828,544.9675798416138,489.83642578125,500.2760124206543,489.1907501220703,458.53217124938965,474.5718765258789,428.922815322876,486.6108703613281,471.73670768737793,501.22474670410156,427.49579429626465,509.2860794067383,400.87231636047363,513.0526351928711,376.2062072753906,463.1060791015625,472.6837635040283,469.48516845703125,447.90066719055176,470.3129577636719,478.5674571990967,467.86041259765625,493.5858106613159,440.09788513183594,479.0807247161865,447.1111297607422,457.4322509765625,450.6342315673828,490.4805850982666,447.7321243286133,503.64418029785156,415.4020690917969,488.64668369293213,425.8525848388672,471.62718772888184,429.3497085571289,494.26554679870605,424.92156982421875,504.5469903945923,283,1787747424.7824605
433.8636779785156,570.04563331604,467.63599395751953,546.4647674560547,487.9611587524414,502.1399116516113,487.18605041503906,460.2952194213867,472.24334716796875,430.4090166091919,484.29595947265625,474.7035312652588,499.57515716552734,431.19033336639404,508.2456970214844,404.06384468078613,512.6375961303711,379.40425872802734,460.96435546875,475.45279026031494,467.08263397216797,451.57267570495605,467.4314880371094,481.0258197784424,463.86512756347656,497.9098320007324,437.7558898925781,482.1313190460205,444.5823669433594,459.46510791778564,448.5115051269531,490.63332080841064,445.41690826416016,506.3463878631592,412.81429290771484,492.44460582733154,423.3161926269531,473.1660032272339,427.6696014404297,494.8413848876953,423.8304138183594,507.449312210083,284,1787747424.8448117
434.1438674926758,569.99267578125,467.3175048828125,545.8774280548096,488.0296325683594,501.1207580566406,485.5229187011719,460.0697422027588,471.7164611816406,429.8315477371216,486.2977600097656,474.36450004577637,501.09100341796875,431.425724029541,509.066162109375,404.96317863464355,512.3858642578125,380.41736125946045,463.1926727294922,474.7014284133911,468.0606460571289,450.5778980255127,469.4983673095703,480.27209758758545,467.3792266845703,496.1445951461792,439.53819274902344,480.7242965698242,446.11209869384766,459.027156829834,450.17967224121094,491.6331624984741,447.5935363769531,506.19712829589844,413.7441635131836,490.0033664703369,424.9138641357422,472.549524307251,428.8957214355469,495.4708242416382,424.85939025878906,506.53491497039795,285,1787747424.8933666
432.6223373413086,572.5536489486694,466.2113571166992,546.2764120101929,485.4634475708008,501.9037055969238,484.2838668823242,461.5725517272949,469.6894836425781,433.14311027526855,481.8720245361328,476.4335775375366,496.5574264526367,433.48098278045654,505.27469635009766,405.9234094619751,509.61475372314453,382.15096950531006,458.6323928833008,478.16542625427246,464.02782440185547,451.20441913604736,465.68931579589844,479.3215227127075,463.52405548095703,496.8900775909424,435.14190673828125,484.74263191223145,442.4073028564453,461.46024227142334,447.3976516723633,490.61821460723877,444.8652648925781,506.084303855896,410.191650390625,495.0693941116333,420.7585906982422,474.55920696258545,426.4203643798828,493.5409212112427,422.66544342041016,505.69793701171875,286,1787747424.9541662
432.44029998779297,572.55699634552,466.98204040527344,547.6249408721924,486.52889251708984,502.71875381469727,484.4911193847656,462.88116931915283,470.18821716308594,435.38633823394775,482.33360290527344,476.98662757873535,497.11814880371094,434.08591747283936,506.1753845214844,406.73558235168457,509.8826217651367,382.33494758605957,459.0078353881836,478.2309579849243,465.60962677001953,451.5915584564209,467.52140045166016,481.42879486083984,464.2436981201172,498.1738471984863,435.42694091796875,484.21318531036377,443.43109130859375,460.6940746307373,448.6640930175781,492.35315322875977,445.6618118286133,507.648868560791,410.3314208984375,493.79648208618164,421.4591598510742,473.95800590515137,427.1652603149414,494.7007942199707,423.06949615478516,506.0142660140991,287,1787747424.9953618
431.69246673583984,559.8201942443848,463.77811431884766,537.8790378570557,487.2889709472656,494.32833194732666,490.9835433959961,453.89289379119873,477.48600006103516,425.14484882354736,487.3910140991211,464.2109441757202,503.7403106689453,422.8022289276123,512.9590225219727,395.88709831237793,518.376579284668,371.7859697341919,462.7886199951172,464.90209579467773,467.1055221557617,438.5864067077637,468.7367248535156,463.92534255981445,468.3369445800781,480.28342723846436,439.2211151123047,472.25533962249756,445.70220947265625,455.19129753112793,449.1570281982422,482.51519680023193,449.14234161376953,494.2628860473633,417.07733154296875,483.97350311279297,426.7090606689453,471.8617630004883,430.50010681152344,490.337119102478,429.77909088134766,498.96456241607666,288,1787747425.0385973
426.8893814086914,547.9709243774414,455.4060745239258,530.1657342910767,481.5018081665039,483.6058473587036,494.0663146972656,445.8229637145996,484.87476348876953,417.6650905609131,492.8312301635742,458.44136238098145,508.51436614990234,410.22777557373047,517.2851943969727,373.5749387741089,525.0088500976562,342.2330904006958,472.9491424560547,454.9418306350708,484.7601318359375,409.0550708770752,490.52059173583984,381.6188621520996,499.07752990722656,354.6049404144287,453.5296630859375,456.71560764312744,454.2078399658203,431.52228355407715,451.1665344238281,459.25336360931396,453.8966369628906,477.27596282958984,436.5606689453125,464.64438915252686,435.8643341064453,449.1021251678467,434.74517822265625,469.4546413421631,436.3546371459961,484.29704189300537,289,1787747425.0860426
430.18238067626953,553.903112411499,463.70262145996094,531.2203788757324,490.6698226928711,482.28821754455566,496.2326431274414,442.09585189819336,486.7938995361328,413.029203414917,494.64454650878906,456.70788288116455,511.8201446533203,413.7941265106201,520.1823425292969,383.50486278533936,526.6773986816406,356.99721336364746,471.9796371459961,456.6859531402588,472.9536437988281,424.43713188171387,469.5904541015625,447.81633853912354,469.9966049194336,466.13818645477295,451.04164123535156,460.40611267089844,451.0575485229492,436.4118003845215,450.6547546386719,465.50973415374756,453.1022262573242,481.9321918487549,432.5310516357422,469.6641969680786,433.9363479614258,452.0771026611328,435.1873016357422,471.7458915710449,435.6451416015625,485.54742336273193,290,1787747425.1212995
425.68077087402344,537.068452835083,460.35526275634766,518.0797433853149,486.2510681152344,470.48765659332275,492.92266845703125,428.33727836608887,484.3470001220703,397.0027685165405,497.60913848876953,448.72047901153564,515.0620269775391,398.1274938583374,524.3562316894531,361.08129501342773,530.5134201049805,330.34961700439453,477.9338836669922,442.175030708313,495.40828704833984,396.24698638916016,505.1950454711914,365.31386375427246,515.6977081298828,335.29887199401855,457.2929382324219,441.6763973236084,461.27429962158203,411.9396686553955,458.88607025146484,437.03471660614014,459.87586975097656,455.6431531906128,439.1434860229492,447.96727180480957,439.6003723144531,428.6674690246582,440.1259231567383,446.610631942749,440.08983612060547,462.683629989624,291,1787747425.1506743
431.87591552734375,537.1916198730469,465.3223419189453,513.8909482955933,486.43260955810547,467.7052402496338,484.4399642944336,428.9839267730713,471.14612579345703,403.3371162414551,503.0406188964844,443.57741832733154,521.3568115234375,394.4211530685425,530.6936645507812,359.1207504272461,537.1777725219727,329.60726737976074,481.14139556884766,440.32984256744385,487.7964782714844,402.3284339904785,488.41678619384766,395.80238342285156,491.7951202392578,386.8888235092163,459.2625045776367,442.09327697753906,457.7552795410156,417.2697114944458,457.7682876586914,443.197660446167,461.6533660888672,460.53739070892334,439.7763442993164,449.77280616760254,435.9037399291992,433.77954483032227,438.0909729003906,451.80823802948,439.65797424316406,466.5399169921875,292,1787747425.2114747
423.7228012084961,519.4442796707153,421.1748504638672,473.38311195373535,433.4375,432.44569301605225,438.71952056884766,410.81181049346924,439.35569763183594,398.54265689849854,487.36358642578125,418.3677864074707,509.3869400024414,369.2415189743042,523.8128662109375,330.163836479187,533.924674987793,298.3842086791992,493.00270080566406,425.68631172180176,516.3468933105469,370.7535123825073,530.7044219970703,328.0259871482849,543.2456970214844,289.3447780609131,494.48490142822266,434.2196846008301,515.2439117431641,381.95656299591064,522.5212478637695,341.21312141418457,528.3345413208008,305.8614778518677,492.2327423095703,445.04344940185547,502.5172424316406,404.4766044616699,501.35841369628906,374.4439744949341,499.1017532348633,348.09335231781006,293,1787747425.2683961
428.37890625,519.7824954986572,439.5632553100586,490.82897186279297,449.08668518066406,450.48829078674316,444.2023468017578,419.62108612060547,437.56702423095703,402.36233711242676,499.08031463623047,424.47489738464355,518.0228042602539,374.11168098449707,530.1977920532227,337.0832920074463,537.750129699707,307.30916261672974,493.8646697998047,422.13266372680664,513.8029098510742,372.98352241516113,525.3302764892578,337.8111791610718,535.8499526977539,306.40783309936523,486.7366409301758,421.8780040740967,502.6883316040039,381.4576292037964,511.6562271118164,360.31383991241455,521.1169052124023,341.1653995513916,479.0946960449219,423.766450881958,492.03277587890625,393.561429977417,497.70668029785156,374.8400402069092,502.57102966308594,357.9322099685669,294,1787747425.3185089
424.0996551513672,473.6387586593628,463.6314392089844,441.0692310333252,491.35791778564453,390.7281160354614,492.21221923828125,349.0485620498657,478.6009216308594,319.32730436325073,494.30946350097656,364.5662784576416,515.3999710083008,320.7656764984131,526.8682479858398,291.01062297821045,535.5282974243164,263.48459243774414,471.01192474365234,362.91322231292725,470.2052688598633,330.20522832870483,463.4296417236328,357.5608420372009,462.8511428833008,378.5369396209717,448.7552261352539,365.02697467803955,449.91321563720703,341.6866064071655,447.4930953979492,369.3983316421509,449.95227813720703,384.1098403930664,428.9813995361328,372.1528100967407,433.9461898803711,354.3450450897217,432.4754333496094,372.7594184875488,431.17000579833984,384.1903495788574,295,1787747425.3585808
409.9990463256836,475.4127502441406,441.56089782714844,444.8359966278076,464.6197509765625,395.6143283843994,474.67308044433594,353.4382438659668,467.9662322998047,322.5430369377136,476.5581512451172,368.3764314651489,496.8177032470703,320.9222102165222,508.06419372558594,289.82242584228516,516.5726852416992,263.7971019744873,455.14759063720703,367.06244945526123,458.48960876464844,333.40744256973267,453.79722595214844,348.328013420105,450.37654876708984,361.5538787841797,433.6503219604492,370.6477689743042,436.0857391357422,351.390860080719,435.16590118408203,374.92265224456787,434.6874237060547,389.8740577697754,415.0252151489258,379.886155128479,417.4557876586914,366.78701877593994,419.5124816894531,382.07093238830566,417.96058654785156,394.75966930389404,296,1787747425.4260697
408.91231536865234,479.4996213912964,443.4424591064453,446.46154403686523,466.0853576660156,396.0601329803467,474.05426025390625,352.54629135131836,465.46897888183594,321.97837829589844,476.0070037841797,372.24713802337646,496.80225372314453,325.0509452819824,507.4747848510742,292.83109188079834,515.7902145385742,264.5876455307007,455.8856201171875,370.9196376800537,459.79175567626953,337.81506299972534,455.52799224853516,353.6265563964844,455.3032684326172,366.3741731643677,435.02452850341797,372.86301612854004,439.9343490600586,352.7181673049927,438.8288879394531,377.17605113983154,439.52247619628906,392.6136016845703,416.1349868774414,380.37938117980957,420.6266784667969,365.9990072250366,422.95989990234375,382.7121305465698,421.93843841552734,396.34251594543457,297,1787747425.4745083
380.3517150878906,483.92157554626465,393.7221908569336,442.88549423217773,411.8907928466797,400.749192237854,429.0297317504883,366.8425941467285,434.6068572998047,337.69498586654663,459.89452362060547,388.3588457107544,478.5892868041992,338.67884159088135,485.9389114379883,301.66165351867676,492.0648956298828,273.35269689559937,450.6488800048828,389.86083984375,467.03746795654297,341.7991089820862,468.3913803100586,306.4204931259155,470.5014419555664,278.30180168151855,435.5213928222656,396.3411855697632,429.1075897216797,354.7581911087036,412.79441833496094,360.38276195526123,405.77091217041016,373.3477449417114,415.8868408203125,405.56540966033936,407.3883056640625,371.80455207824707,396.331787109375,375.79288959503174,391.77677154541016,388.1895875930786,298,1787747425.516058
382.91839599609375,484.1242218017578,383.52012634277344,431.6104316711426,400.75939178466797,388.1881284713745,419.57752227783203,360.22491931915283,428.2799530029297,334.97490406036377,453.7994384765625,381.5001583099365,472.09678649902344,336.1981201171875,479.04529571533203,301.2138319015503,484.65084075927734,274.06399726867676,455.0738525390625,394.0961980819702,469.9960708618164,345.6032967567444,471.11339569091797,309.56756114959717,473.369140625,280.496084690094,449.31861877441406,410.6111812591553,442.65411376953125,364.59558963775635,422.7766799926758,361.9720458984375,411.24855041503906,368.85244846343994,436.2850570678711,428.1303405761719,428.2428741455078,390.64923763275146,413.11214447021484,386.9020414352417,403.44627380371094,392.61733531951904,299,1787747425.571886
348.37703704833984,497.31356620788574,343.93245697021484,449.2343044281006,362.66345977783203,401.9014263153076,383.5333251953125,371.1422824859619,395.8007049560547,344.665424823761,440.17711639404297,407.8646421432495,442.09571838378906,349.59476709365845,441.50726318359375,313.4510564804077,446.45721435546875,287.4228572845459,442.47425079345703,420.5093479156494,429.1374206542969,360.7107639312744,414.7551727294922,340.3412961959839,415.2345275878906,326.5820360183716,433.2037353515625,432.0912981033325,407.4341583251953,378.9758777618408,383.5962677001953,385.80190658569336,377.49950408935547,399.6587562561035,415.05855560302734,439.9615001678467,401.2021255493164,395.50553798675537,385.81993103027344,390.93955993652344,380.18409729003906,395.0877571105957,300,1787747425.6125147
341.4488983154297,518.7169504165649,337.60631561279297,462.497935295105,353.88973236083984,413.14271450042725,374.51961517333984,380.2656555175781,388.2361602783203,352.1807384490967,403.4099578857422,406.75055980682373,424.1516876220703,356.83834075927734,436.67362213134766,321.65250062942505,446.2137222290039,295.0240230560303,409.19750213623047,420.10838985443115,425.2426528930664,372.6174545288086,428.04161071777344,339.30909633636475,431.5251159667969,312.659912109375,407.46631622314453,437.0490503311157,412.2299575805664,396.2817049026489,401.4361572265625,386.08360290527344,392.76390075683594,383.922815322876,398.5280227661133,454.97719287872314,404.1856002807617,422.6504373550415,399.62989807128906,406.41706466674805,393.5279083251953,395.91370582580566,301,1787747425.6545744
285.5535888671875,509.9428653717041,293.06407928466797,482.8226852416992,297.36339569091797,440.09835720062256,288.1680679321289,404.5841073989868,272.25597381591797,378.9736032485962,320.16334533691406,412.8344535827637,318.1452178955078,364.9818706512451,315.9465026855469,331.8303680419922,314.74254608154297,305.27233600616455,311.1999320983887,413.86369228363037,311.8560218811035,371.8194007873535,309.4140625,343.9885640144348,309.0681838989258,320.0726795196533,301.3075828552246,419.1724491119385,300.22409439086914,381.58607482910156,296.7349052429199,362.2127151489258,297.19532012939453,345.6579923629761,292.0907211303711,426.9017171859741,289.178466796875,396.728196144104,285.3021049499512,380.78866481781006,282.7051544189453,368.3337736129761,302,1787747425.870118
276.8690490722656,513.8076066970825,289.6514129638672,483.71562480926514,297.33179092407227,439.6031141281128,286.8258476257324,403.2412004470825,269.75786209106445,377.87359714508057,318.19753646850586,412.55833625793457,317.7296447753906,364.61957931518555,315.79166412353516,332.518515586853,314.68421936035156,307.17824935913086,302.46917724609375,415.9208393096924,300.9436798095703,373.7203788757324,298.8725280761719,347.2630262374878,297.67757415771484,324.8444151878357,287.65674591064453,424.04149532318115,281.1018943786621,393.4092092514038,278.1180763244629,382.55634784698486,278.3598327636719,373.35529804229736,274.5114326477051,434.85440254211426,268.0505561828613,410.10186195373535,265.1270294189453,402.5313377380371,263.3712387084961,398.4939479827881,303,1787747425.9127371
255.06467819213867,540.28564453125,278.50311279296875,522.6130628585815,289.1403007507324,487.88661003112793,278.34815979003906,451.1818027496338,261.78890228271484,422.8863859176636,309.2947196960449,444.0285015106201,310.3081512451172,399.37259674072266,308.3363151550293,370.21252155303955,307.76222229003906,346.10581398010254,289.03270721435547,435.47088146209717,291.37203216552734,394.49767112731934,290.21963119506836,373.07694911956787,292.39139556884766,354.1373348236084,269.20984268188477,436.0783910751343,260.34793853759766,412.7732992172241,254.69215393066406,431.49760723114014,256.1634063720703,446.87610626220703,251.96102142333984,442.50354766845703,244.66619491577148,423.09332370758057,241.9593048095703,435.84025382995605,242.45418548583984,450.3963232040405,304,1787747425.955714
253.93203735351562,571.4818811416626,274.7233581542969,554.4616556167603,281.1567497253418,516.8819332122803,268.8970184326172,479.56056118011475,253.1268310546875,451.138072013855,304.18296813964844,474.2891836166382,306.42045974731445,425.2222681045532,304.6356773376465,392.1636772155762,303.4880065917969,365.87596893310547,284.39680099487305,467.0329284667969,287.77292251586914,422.4277925491333,288.99635314941406,393.9732027053833,292.39709854125977,371.01890087127686,265.6428527832031,465.8396244049072,269.7585678100586,424.7399854660034,272.1776580810547,401.60071849823,277.0240020751953,381.64894580841064,249.44364547729492,469.1932439804077,252.96186447143555,435.0628423690796,256.9942092895508,418.1606340408325,262.3433494567871,404.5494747161865,305,1787747426.032974
245.6948471069336,584.700493812561,269.68358993530273,561.2706470489502,279.27560806274414,521.1067771911621,267.84576416015625,483.8407230377197,252.73199081420898,454.44650173187256,302.6808547973633,485.69698333740234,304.93396759033203,434.12651538848877,304.5900535583496,398.0627775192261,305.0934028625488,369.8009204864502,282.0902633666992,480.0481653213501,283.89623641967773,433.43639373779297,285.9019660949707,402.7814483642578,291.3174057006836,377.5253391265869,262.7934265136719,480.32690048217773,264.7014617919922,438.18192958831787,269.02416229248047,416.190390586853,276.96807861328125,398.3336591720581,245.29176712036133,485.2549982070923,246.40249252319336,452.1573543548584,248.9014434814453,438.31698417663574,252.79521942138672,429.1866159439087,306,1787747426.10783
247.0798110961914,616.5009784698486,268.06262969970703,600.2043914794922,275.0918769836426,563.4271430969238,263.21197509765625,527.0549726486206,246.17578506469727,499.5129346847534,296.9707679748535,518.9211416244507,299.28335189819336,470.9030771255493,297.2756576538086,437.91521072387695,296.5719795227051,411.04647159576416,277.1849822998047,507.88344383239746,280.2478218078613,461.7375183105469,280.7365608215332,429.6608304977417,285.73511123657227,401.469783782959,257.67953872680664,504.7039747238159,258.0874252319336,465.73203563690186,257.0300483703613,452.4931240081787,260.5242347717285,442.0210075378418,241.29947662353516,506.1499214172363,240.68580627441406,475.7888603210449,240.15480041503906,466.52584075927734,241.9843864440918,461.41608238220215,307,1787747426.1716425
239.93267059326172,620.9906959533691,264.78506088256836,600.6480503082275,275.239315032959,563.7194395065308,263.2722473144531,528.4335422515869,246.81438446044922,499.1236925125122,297.6974296569824,525.8548450469971,300.02668380737305,476.0771656036377,297.92213439941406,441.0334825515747,296.58863067626953,412.5364065170288,278.1627655029297,517.1957302093506,280.65290451049805,472.80216693878174,280.79423904418945,441.50829792022705,283.9653968811035,414.60458278656006,259.1090202331543,515.0219821929932,257.7056121826172,477.34209537506104,254.70258712768555,460.67493438720703,256.08333587646484,447.25144386291504,242.57089614868164,516.784257888794,240.3946876525879,487.0130252838135,237.9840850830078,474.80863094329834,237.3611068725586,466.80667877197266,308,1787747426.231352
444.39510345458984,571.264214515686,479.2215347290039,559.3733167648315,505.1755905151367,525.2177238464355,507.88307189941406,490.9655284881592,499.21226501464844,464.9909734725952,502.0021057128906,506.23133182525635,509.4164276123047,478.4260082244873,510.41961669921875,455.44076442718506,508.13690185546875,435.70202350616455,478.5848617553711,501.32237434387207,486.9164276123047,476.41915798187256,488.2762908935547,494.31485652923584,485.95481872558594,507.5337266921997,454.0380096435547,502.1582794189453,462.7938461303711,482.7041530609131,464.33048248291016,507.38300800323486,461.19213104248047,521.1759996414185,428.1272506713867,507.3331832885742,440.8229064941406,488.98112297058105,443.6332702636719,508.1000804901123,440.0640106201172,520.4469108581543,309,1787747426.8850484
443.64673614501953,549.4882822036743,482.2595977783203,532.8521919250488,504.1063690185547,503.2140827178955,507.8623962402344,471.6766691207886,501.45782470703125,446.79430961608887,505.06099700927734,484.69645500183105,509.9856185913086,456.0302925109863,508.33797454833984,429.78923320770264,504.4640350341797,407.81558990478516,480.43834686279297,477.6541328430176,485.6954574584961,449.42999839782715,485.0478744506836,456.80023670196533,482.2903060913086,468.0122995376587,456.70166015625,475.636682510376,461.949462890625,449.4230031967163,462.6084518432617,466.1694288253784,461.7027282714844,483.3868074417114,435.24654388427734,478.64444732666016,442.0475387573242,456.54398918151855,444.55604553222656,469.1869354248047,444.90440368652344,483.3937168121338,310,1787747426.9143414
447.6930236816406,533.9823246002197,486.58153533935547,521.7303371429443,512.5396728515625,488.0663824081421,514.0480422973633,450.76831340789795,505.2692413330078,423.95403385162354,508.68297576904297,467.40272998809814,513.1581497192383,439.1118621826172,509.79248046875,417.871298789978,504.37572479248047,400.4870653152466,483.0221176147461,462.9801321029663,486.0670471191406,440.84315299987793,484.6198272705078,461.54006481170654,483.38199615478516,478.2560634613037,458.8397216796875,464.4752597808838,463.4699249267578,446.1113119125366,463.29193115234375,469.6396064758301,462.12608337402344,485.61055183410645,435.4776382446289,470.34002780914307,443.7962341308594,453.68217945098877,445.2133560180664,471.189022064209,444.3605041503906,483.721718788147,311,1787747426.9691305
444.8054504394531,512.9786109924316,485.4378890991211,494.4300413131714,511.4775085449219,458.11773777008057,512.2385406494141,420.97261905670166,502.91709899902344,394.1591548919678,507.3880386352539,449.3091917037964,511.04076385498047,418.18342208862305,507.48706817626953,393.5653781890869,503.3953857421875,372.4990940093994,483.0809020996094,442.6842212677002,487.0547103881836,414.38103675842285,485.27904510498047,426.6577434539795,483.93943786621094,439.1708707809448,460.32337188720703,440.8821201324463,464.0517807006836,413.2087182998657,463.29994201660156,432.29222774505615,462.6954650878906,449.2808675765991,439.08275604248047,442.9933834075928,445.45433044433594,420.0243616104126,445.62721252441406,434.06437397003174,444.68631744384766,448.7497043609619,312,1787747427.0145
451.60621643066406,509.5799732208252,490.41481018066406,489.57717418670654,515.0759506225586,453.6802911758423,514.3132781982422,415.8763790130615,503.7285614013672,389.89813327789307,507.8873062133789,437.0429992675781,510.82042694091797,409.3355655670166,508.3775329589844,396.3925552368164,505.30162811279297,386.6558361053467,483.7668228149414,433.8268804550171,484.9434280395508,408.9537477493286,484.5294189453125,428.79454135894775,484.1788864135742,446.0057830810547,460.3804397583008,435.16120433807373,461.8449401855469,410.8608627319336,463.50624084472656,434.1149711608887,463.19873809814453,453.58733654022217,437.15843200683594,440.1813554763794,442.3585891723633,419.9803304672241,445.32947540283203,437.4768304824829,445.92884063720703,453.677716255188,313,1787747427.060533
399.03690338134766,457.88475036621094,403.9112091064453,435.04151344299316,413.85963439941406,407.09877490997314,421.5943908691406,390.54216384887695,428.95092010498047,381.12061500549316,457.8817367553711,390.8528709411621,468.2565689086914,357.8436756134033,467.17315673828125,335.7315230369568,461.20418548583984,316.83387994766235,458.7049865722656,394.2233991622925,476.7643356323242,370.142183303833,471.6904830932617,350.901882648468,462.4298858642578,335.66197872161865,453.23963165283203,403.06477546691895,444.1949462890625,388.44536304473877,430.55023193359375,402.1833801269531,422.113037109375,417.40206241607666,442.22537994384766,416.04469299316406,433.2379913330078,407.00092792510986,423.99669647216797,416.07911109924316,418.3992385864258,428.1815814971924,314,1787747427.214907
394.26212310791016,450.2541446685791,418.2495880126953,457.9171943664551,439.7256851196289,451.7703866958618,443.06835174560547,435.0971746444702,442.4237060546875,421.03909492492676,465.1457214355469,415.4992389678955,475.1753234863281,385.2837038040161,474.45858001708984,361.0580778121948,467.61180877685547,341.63899183273315,452.5586700439453,397.1397542953491,469.56424713134766,372.23748207092285,468.9344024658203,353.0675411224365,462.5954818725586,338.35184812545776,434.7884750366211,385.4276418685913,438.3109664916992,365.4495620727539,435.45284271240234,371.43187522888184,432.05562591552734,380.4586887359619,413.9554214477539,379.25740242004395,414.96997833251953,364.88402366638184,414.45262908935547,371.10443115234375,413.0548858642578,381.51238918304443,315,1787747427.2682817
215.73055267333984,627.9279613494873,247.32759475708008,600.4711103439331,248.3935546875,556.2089109420776,225.59825897216797,520.5538129806519,204.15260314941406,496.89741611480713,255.6467056274414,534.1263484954834,246.0259246826172,486.08747005462646,235.711669921875,454.5967483520508,228.13968658447266,430.2435350418091,229.844970703125,535.7763576507568,218.20348739624023,493.37981700897217,210.9052848815918,477.88076877593994,207.28290557861328,470.09596824645996,206.80570602416992,543.2142305374146,195.2167510986328,514.8255157470703,197.12234497070312,527.2264194488525,201.54735565185547,541.219654083252,188.05395126342773,553.9640092849731,181.02405548095703,530.277829170227,184.83856201171875,540.091667175293,188.4934425354004,553.357572555542,316,1787747428.0281713
308.2059860229492,632.8714656829834,339.52850341796875,614.1562557220459,356.63047790527344,572.2989463806152,353.76861572265625,534.0132236480713,348.20240020751953,502.3074960708618,350.3011703491211,534.5491933822632,358.46614837646484,488.3987617492676,359.4985580444336,460.30478954315186,357.46063232421875,437.9706144332886,323.0978775024414,541.3499450683594,327.2452163696289,513.2009124755859,335.4530334472656,538.6785936355591,335.5343246459961,556.4506101608276,300.10202407836914,553.7455701828003,308.19448471069336,535.9747552871704,317.51319885253906,564.0681266784668,315.9588623046875,578.4133100509644,278.73817443847656,570.4016590118408,286.79033279418945,553.1975412368774,297.96024322509766,574.2931365966797,298.5631561279297,586.5344381332397,317,1787747428.2753344
302.5768280029297,648.3130931854248,335.5657958984375,625.1269197463989,355.8980178833008,581.0314464569092,353.2926940917969,540.1151418685913,349.5375061035156,507.18143463134766,351.39076232910156,543.9749908447266,355.99803924560547,498.97361755371094,359.01100158691406,468.56367588043213,358.90357971191406,442.8930473327637,326.27899169921875,547.9686069488525,331.82262420654297,520.6562948226929,337.94708251953125,547.4123811721802,336.65164947509766,563.5972595214844,303.3418655395508,559.205904006958,310.37906646728516,540.9670543670654,318.7586784362793,568.4063529968262,317.34371185302734,580.3130006790161,280.53544998168945,575.2362871170044,289.5750427246094,559.1825580596924,298.2999038696289,578.0762958526611,296.9712829589844,587.4411106109619,318,1787747428.3181944
347.30892181396484,623.7798500061035,379.4772720336914,600.5690002441406,398.3299255371094,557.5135803222656,400.81165313720703,519.2709875106812,401.85413360595703,488.8096761703491,406.6856384277344,534.7312831878662,426.7888641357422,503.9652729034424,443.11046600341797,482.7514457702637,453.93341064453125,465.5123519897461,382.2399139404297,532.088041305542,388.61083984375,505.0081157684326,390.5508804321289,529.1409587860107,388.6650085449219,544.1481971740723,357.3685073852539,536.2674379348755,365.4575729370117,516.6687297821045,368.01361083984375,546.4493608474731,364.01660919189453,560.3802394866943,331.88770294189453,545.1882076263428,342.67993927001953,530.3349494934082,346.82247161865234,551.5746116638184,342.6082229614258,561.5984773635864,319,1787747428.5661268
344.3081283569336,602.532377243042,380.3011703491211,580.8436489105225,402.3189163208008,538.4052658081055,403.48072052001953,500.2732229232788,400.2564239501953,468.3699560165405,406.4999008178711,512.2504234313965,419.9188232421875,474.64486598968506,428.7158966064453,446.71053886413574,434.1522216796875,422.1742057800293,381.7039108276367,509.2810249328613,386.84131622314453,477.8269100189209,391.94366455078125,486.2444543838501,393.86287689208984,490.2905559539795,356.50238037109375,513.8486337661743,364.2082977294922,490.26261806488037,367.0966339111328,520.3186798095703,364.8617172241211,536.8594121932983,332.4656295776367,522.9250574111938,342.5044631958008,505.8835029602051,345.74066162109375,526.1813879013062,342.6752471923828,537.2549629211426,320,1787747428.606802
348.8819885253906,583.3100366592407,383.85021209716797,563.9104127883911,403.81458282470703,519.5771884918213,403.4313201904297,479.5183753967285,395.69515228271484,449.39781188964844,407.0542907714844,490.09984016418457,423.35838317871094,451.2893486022949,434.51610565185547,424.6145439147949,441.10218048095703,401.9193649291992,382.71167755126953,488.9455032348633,386.4664077758789,458.7078666687012,388.0068588256836,482.1529483795166,386.23374938964844,499.61108207702637,359.4965362548828,494.9440383911133,364.87796783447266,474.6924591064453,368.7354278564453,501.9795799255371,367.27176666259766,516.4344120025635,337.1907043457031,506.29480361938477,345.1204299926758,489.9331569671631,349.7624969482422,509.02520656585693,348.60939025878906,519.748420715332,321,1787747428.6411378
350.0457000732422,583.0373954772949,384.1878128051758,562.6046705245972,402.4787902832031,521.5442991256714,402.1766662597656,484.0384769439697,395.4496765136719,453.8304090499878,408.3956527709961,487.4187898635864,423.7627410888672,449.38034534454346,435.11646270751953,424.25761699676514,441.50184631347656,403.39221954345703,384.39002990722656,487.8264856338501,387.5264358520508,457.7003002166748,389.16637420654297,482.00982570648193,387.5470733642578,499.84848976135254,361.06353759765625,494.68178272247314,365.61275482177734,474.7753715515137,369.32647705078125,501.9320297241211,367.7223205566406,515.4763698577881,338.3112335205078,506.1046886444092,345.7474136352539,490.199875831604,350.0917053222656,508.88847827911377,348.5081100463867,518.4930610656738,322,1787747428.689361
355.5217742919922,572.5788831710815,389.24224853515625,549.6624755859375,408.79302978515625,509.27420139312744,409.07806396484375,471.5883493423462,402.3206329345703,441.5556335449219,411.19773864746094,478.0804967880249,423.9820861816406,440.64788818359375,432.12677001953125,416.67155742645264,436.58390045166016,395.48141956329346,387.62935638427734,478.1519937515259,391.6903305053711,451.8608093261719,393.42201232910156,477.59581089019775,391.0821533203125,494.7693729400635,364.6500015258789,484.69632625579834,369.4491195678711,466.3639211654663,373.94092559814453,494.2830991744995,372.43473052978516,508.48657608032227,341.60266876220703,495.65218448638916,349.41131591796875,480.8728265762329,355.0166320800781,499.8772859573364,353.9716339111328,509.6836996078491,323,1787747428.7415965
355.65696716308594,572.8788185119629,389.5656967163086,549.6137237548828,407.39776611328125,509.16378021240234,406.16363525390625,471.7568349838257,401.9651794433594,441.29887104034424,411.3611602783203,480.56714057922363,424.81224060058594,441.68914318084717,432.84618377685547,416.2351942062378,437.0378875732422,394.14894104003906,387.79850006103516,480.8875036239624,391.4629364013672,452.92017459869385,392.76973724365234,475.9166622161865,391.12022399902344,491.5174198150635,364.2497253417969,487.404842376709,369.5243453979492,467.08288192749023,373.4822463989258,494.90893363952637,372.4349594116211,509.14236545562744,340.53733825683594,498.35280418395996,347.7006149291992,482.8920364379883,353.0919647216797,501.37009620666504,352.52628326416016,510.59616565704346,324,1787747428.7815645
360.46302795410156,563.7467765808105,391.84520721435547,542.2637844085693,411.0295104980469,499.7572088241577,409.11563873291016,463.4797954559326,402.31266021728516,434.15016174316406,414.22508239746094,469.7357368469238,429.70726013183594,431.0155391693115,440.56163787841797,406.8900775909424,446.76002502441406,385.12701988220215,389.3922805786133,469.41884994506836,394.94163513183594,441.66107654571533,396.68251037597656,468.38913917541504,393.99341583251953,480.9884834289551,365.57044982910156,476.4335775375366,372.1126937866211,458.25884342193604,377.5048065185547,488.95812034606934,375.7621765136719,498.8602352142334,342.6376724243164,488.16152572631836,351.3370132446289,473.0277729034424,357.9196548461914,493.17790031433105,355.8497619628906,500.6271457672119,325,1787747428.823228
359.03629302978516,565.9218549728394,390.892333984375,543.6039876937866,408.7614059448242,501.1679220199585,407.8474807739258,464.36668395996094,402.74158477783203,433.8303565979004,414.0992736816406,471.6910457611084,429.8280715942383,432.3390483856201,441.10328674316406,407.303524017334,447.476806640625,385.4054546356201,390.2099609375,471.66967391967773,397.21988677978516,442.97428607940674,398.38191986083984,469.52219009399414,395.0266647338867,484.1973066329956,366.3114547729492,478.49377155303955,373.4440612792969,458.4141969680786,378.10508728027344,488.5775899887085,376.11900329589844,500.592041015625,342.8032684326172,489.5616388320923,351.5387725830078,473.64463806152344,357.1057891845703,493.28205585479736,354.4939422607422,501.4295768737793,326,1787747428.8835857
337.0411682128906,576.55601978302,374.89715576171875,549.0496873855591,389.1965103149414,512.0967864990234,384.7825241088867,483.01923751831055,368.9789581298828,466.62527561187744,395.1044464111328,491.3764429092407,408.53721618652344,446.6378402709961,418.6030960083008,418.0839443206787,426.7041015625,395.93889713287354,374.8300552368164,485.5463933944702,381.0553741455078,443.78963470458984,385.05664825439453,419.5286464691162,387.0737838745117,402.97800064086914,351.0588836669922,485.163631439209,354.81800079345703,450.4194974899292,359.2808532714844,459.04213428497314,359.7648239135742,474.9655294418335,326.8692398071289,487.67383575439453,331.8629455566406,461.08983993530273,337.6396942138672,467.53769874572754,339.688720703125,480.4950428009033,327,1787747428.9278028
329.11937713623047,555.5258703231812,363.94046783447266,527.683424949646,378.49456787109375,479.8083972930908,375.2497100830078,434.8435878753662,365.296630859375,402.65008449554443,381.63623809814453,461.1975574493408,388.53736877441406,413.14730644226074,391.30908966064453,378.63598823547363,391.4621353149414,351.8836784362793,356.7791748046875,462.12942123413086,360.9355163574219,423.71435165405273,365.15750885009766,431.7930793762207,364.54288482666016,445.16459941864014,331.9095230102539,468.2770013809204,336.8556594848633,437.3998832702637,341.6242218017578,453.1351375579834,340.91053009033203,467.99487590789795,308.700008392334,478.90417098999023,314.91771697998047,453.50086212158203,320.0203323364258,465.0398111343384,320.20999908447266,476.7676305770874,328,1787747428.9824955
332.71484375,546.785945892334,364.8655319213867,516.0933208465576,378.6872863769531,471.0050868988037,376.2440872192383,430.6707572937012,366.4748001098633,399.6504306793213,381.4033508300781,444.0999126434326,387.88360595703125,403.4804964065552,389.73751068115234,375.40871143341064,388.4523391723633,353.9984178543091,356.4759826660156,446.53183937072754,356.9834899902344,414.1961145401001,363.1071472167969,430.47755241394043,364.88155364990234,446.31335735321045,332.6084899902344,455.46260833740234,336.51363372802734,434.8982620239258,342.5081253051758,453.9879083633423,342.25494384765625,465.71993350982666,310.37357330322266,468.3136510848999,317.6350402832031,453.24113845825195,323.31825256347656,466.5096616744995,323.3060836791992,474.5885181427002,329,1787747429.0243223
314.6286201477051,541.9911432266235,346.6387176513672,512.0294523239136,360.86669921875,469.05381202697754,358.52115631103516,429.5586061477661,348.8786315917969,401.5634250640869,365.7410430908203,450.86594581604004,373.6456298828125,405.25586128234863,375.57727813720703,376.2311840057373,375.85933685302734,355.1231002807617,343.7181091308594,452.15997219085693,346.0317611694336,418.51133823394775,343.71543884277344,416.0676097869873,340.26432037353516,420.39381980895996,320.8428955078125,458.41578483581543,323.23829650878906,440.2840518951416,324.4841003417969,453.2943534851074,324.25628662109375,466.6214990615845,297.5921058654785,468.46312522888184,301.7830467224121,454.85737323760986,304.8017692565918,465.3747224807739,305.13111114501953,476.3636255264282,330,1787747429.0710742
317.5860595703125,542.8787612915039,347.7156448364258,512.4256896972656,361.5693664550781,468.3591842651367,358.67610931396484,429.6232795715332,349.08580780029297,401.44416332244873,364.9932861328125,447.16243743896484,372.6214599609375,404.6989059448242,375.4025650024414,377.418007850647,375.7725524902344,357.3811340332031,342.11326599121094,449.31734561920166,343.3061981201172,416.8197441101074,342.5731658935547,419.5931053161621,339.5079040527344,426.6075325012207,319.71323013305664,457.146520614624,321.10904693603516,440.89375019073486,324.40670013427734,456.93074226379395,324.3326950073242,470.76793670654297,297.79266357421875,468.8958406448364,300.7703399658203,455.58358669281006,304.94176864624023,467.69017696380615,305.2874755859375,479.64240074157715,331,1787747429.1389976
219.30160522460938,559.1674089431763,237.44121551513672,526.1630201339722,240.45053482055664,475.8756351470947,227.2701644897461,436.15302085876465,212.25893020629883,407.69989013671875,242.55756378173828,451.3888692855835,230.50813674926758,413.36771965026855,217.18883514404297,387.9038143157959,206.15922927856445,368.81120681762695,223.2472038269043,459.1623830795288,210.1786994934082,429.5062494277954,209.53866958618164,439.02843475341797,210.2823829650879,451.35372161865234,206.32463455200195,471.86283588409424,192.41863250732422,447.4501848220825,195.11844635009766,464.69970703125,199.72469329833984,481.6685628890991,192.83226013183594,487.20550060272217,181.82296752929688,468.5867214202881,184.8773193359375,479.8227310180664,190.24110794067383,492.89294242858887,332,1787747429.532253
212.1207046508789,552.2459363937378,230.77373504638672,518.6741638183594,230.97291946411133,473.4784698486328,213.4708023071289,437.3609161376953,196.92886352539062,409.1357088088989,240.0558090209961,439.5893383026123,245.0354766845703,401.62994384765625,249.34335708618164,376.355938911438,251.12510681152344,356.89576148986816,214.60695266723633,447.96220779418945,204.06108856201172,423.1152105331421,212.3723602294922,440.2819490432739,218.8954734802246,454.97204303741455,193.61167907714844,464.23162937164307,185.33695220947266,449.0975332260132,195.20875930786133,468.8243865966797,200.4499626159668,479.65227127075195,177.10914611816406,484.5395565032959,173.18292617797852,470.04313945770264,181.13018035888672,484.7981643676758,186.0464859008789,493.76227855682373,333,1787747429.5934122
218.3535385131836,546.0694313049316,242.96880722045898,517.6581430435181,247.6085662841797,468.5940170288086,234.8369598388672,428.83368015289307,220.17412185668945,397.49517917633057,255.58305740356445,431.0740327835083,254.5400047302246,390.73652744293213,252.94466018676758,362.0898914337158,251.24614715576172,338.5818099975586,228.2982063293457,437.0922660827637,212.63896942138672,404.9126672744751,218.68043899536133,428.84084701538086,225.99288940429688,447.38083362579346,204.847412109375,451.31999015808105,196.03069305419922,433.27674865722656,205.13507843017578,457.6490592956543,211.03864669799805,467.31788635253906,187.27962493896484,471.2817192077637,185.68939208984375,459.01355266571045,193.71393203735352,476.44314765930176,197.1811866760254,484.360556602478,334,1787747429.6364117
217.642822265625,548.856954574585,244.02082443237305,517.5106430053711,249.06841278076172,469.9637031555176,232.6685333251953,431.3006258010864,215.09662628173828,400.59431076049805,256.65761947631836,429.0876531600952,254.736328125,388.7930202484131,253.16699981689453,360.7348394393921,251.4714813232422,337.9569411277771,229.68011856079102,435.3012800216675,217.3831558227539,403.53225231170654,222.97723770141602,429.58791732788086,230.16653060913086,448.5375738143921,206.10784530639648,449.3839502334595,199.47874069213867,429.75944995880127,208.32847595214844,455.00689029693604,214.16759490966797,466.3410472869873,188.09032440185547,469.58149909973145,186.91526412963867,455.34132957458496,194.63218688964844,472.730712890625,198.14231872558594,482.1169853210449,335,1787747429.6873188
232.78350830078125,565.2268838882446,267.9673385620117,531.6166591644287,281.30868911743164,473.06382179260254,273.77737045288086,422.385950088501,256.4327621459961,387.4696397781372,276.5341567993164,451.6142177581787,270.9132957458496,401.37773036956787,263.5707473754883,364.31960105895996,257.0247459411621,338.4640073776245,246.4097023010254,457.1565628051758,236.13754272460938,408.8777017593384,240.22172927856445,416.29368782043457,244.53729629516602,436.78138732910156,219.14352416992188,467.57078647613525,212.83685684204102,425.14540672302246,218.1759262084961,436.33644104003906,222.08703994750977,455.7425880432129,195.94478607177734,481.78314685821533,194.80255126953125,448.2680654525757,201.45410537719727,456.3384246826172,205.54325103759766,471.17992401123047,336,1787747429.7402487
234.27186965942383,575.4194068908691,269.5369529724121,533.5009860992432,280.3621292114258,478.11148166656494,272.11448669433594,429.6305751800537,256.75933837890625,395.0244140625,279.9142265319824,467.3070287704468,275.7211112976074,412.1224021911621,266.3231658935547,369.2367124557495,256.4181137084961,338.236083984375,254.31154251098633,474.12074089050293,246.16668701171875,420.4353189468384,247.20293045043945,416.88313007354736,248.18220138549805,429.59697246551514,228.38457107543945,485.7889938354492,222.01337814331055,439.27506923675537,225.19365310668945,440.51244735717773,227.6001739501953,455.7309150695801,203.69939804077148,500.78829288482666,201.19136810302734,464.26411628723145,207.30634689331055,464.83450412750244,210.78603744506836,477.09919452667236,337,1787747429.8062184
424.3662643432617,465.33875942230225,466.16065979003906,440.70874214172363,487.96436309814453,395.9706115722656,489.6428680419922,359.24209356307983,486.40941619873047,329.0371799468994,480.6534194946289,380.64648628234863,495.65235137939453,355.6730389595032,510.5105972290039,339.53736305236816,520.6034469604492,328.00448656082153,462.3880386352539,375.88897705078125,476.0364532470703,342.39762783050537,485.8877944946289,343.8909101486206,490.22918701171875,341.4058327674866,442.43350982666016,376.55176162719727,463.1297302246094,351.2183618545532,469.15660858154297,374.7539520263672,464.17274475097656,387.1732234954834,422.31639862060547,380.51520824432373,444.71290588378906,360.71831703186035,452.6175308227539,379.5357084274292,448.5469436645508,392.96967029571533,338,1787747430.2907975
435.22571563720703,445.7451581954956,474.51133728027344,419.5848226547241,494.47105407714844,379.1232919692993,502.7853012084961,346.0119581222534,509.64794158935547,319.7328758239746,489.25392150878906,365.5053949356079,501.3957977294922,342.68919467926025,515.1063919067383,329.40758228302,525.6798553466797,318.2283926010132,472.9227828979492,360.9855079650879,478.8302993774414,324.7883892059326,487.10296630859375,321.1655616760254,490.07667541503906,319.01095390319824,452.74169921875,361.0740852355957,465.8441162109375,331.94244146347046,472.41004943847656,355.80339431762695,468.7471008300781,373.9674425125122,431.08116149902344,365.1468801498413,448.2311248779297,342.70927906036377,455.04764556884766,360.6123161315918,450.38883209228516,376.2249183654785,339,1787747430.324034
441.3376998901367,440.3196716308594,477.3530578613281,414.77439880371094,496.33995056152344,373.74698638916016,504.2091751098633,340.34651041030884,513.9775085449219,314.60824728012085,489.08935546875,359.5793652534485,500.66532135009766,337.81976222991943,514.0675354003906,325.3914141654968,524.7809600830078,315.23672103881836,472.7509307861328,356.6266393661499,476.776123046875,320.00206232070923,485.5894470214844,321.8397831916809,489.1828918457031,324.28271770477295,453.1184768676758,358.3994722366333,464.6221923828125,330.29539346694946,471.88751220703125,355.432026386261,469.0632629394531,373.07660579681396,432.4411392211914,364.14334774017334,447.64766693115234,342.725350856781,454.69676971435547,361.20407581329346,450.8810043334961,375.9618043899536,340,1787747430.365591
430.13904571533203,434.13256645202637,464.9995422363281,411.81023597717285,487.2123718261719,371.82806968688965,497.7256774902344,334.3248438835144,508.81736755371094,306.71457052230835,480.3144073486328,354.1900563240051,487.8174591064453,326.849570274353,495.4136276245117,312.27015495300293,500.04627227783203,302.34954357147217,461.99188232421875,351.49070262908936,467.97901153564453,316.51559829711914,477.2171401977539,317.0546579360962,479.9444580078125,321.50978565216064,441.4462661743164,353.14066886901855,450.1546096801758,319.8710632324219,461.51851654052734,335.70043087005615,463.1063461303711,353.34065437316895,420.7212448120117,357.38699197769165,431.67503356933594,330.47632455825806,442.96817779541016,341.92633152008057,445.3750991821289,357.82934188842773,341,1787747430.4244752
433.21441650390625,432.33256816864014,465.0601577758789,407.9398727416992,486.7463684082031,369.2492866516113,497.78995513916016,334.56433296203613,510.2544403076172,309.4496512413025,479.07196044921875,352.65265703201294,483.4732437133789,322.2526717185974,488.6031723022461,303.6760997772217,491.6731262207031,289.97464656829834,460.8480453491211,351.1991572380066,464.71141815185547,315.6266498565674,475.2177047729492,321.5303421020508,478.7696075439453,333.6463737487793,441.13651275634766,353.9945340156555,446.8706512451172,320.4003596305847,459.42848205566406,335.0616145133972,462.8069305419922,353.5191607475281,421.23138427734375,359.8358917236328,429.09141540527344,332.96839714050293,440.6028747558594,342.31555223464966,444.20475006103516,357.2269821166992,342,1787747430.464959
319.90915298461914,476.2223482131958,323.57826232910156,444.88560676574707,337.2024154663086,398.1761169433594,351.92626953125,358.77609729766846,349.97196197509766,327.524778842926,359.2672348022461,377.82437324523926,381.6641616821289,340.0824737548828,397.91099548339844,316.93466663360596,411.97792053222656,299.7543239593506,355.0469970703125,379.2374897003174,365.23197174072266,342.2103452682495,366.82727813720703,320.4446053504944,368.4892272949219,304.83983516693115,349.02706146240234,384.4235944747925,357.45155334472656,350.42526483535767,356.3698196411133,332.94097423553467,355.25447845458984,321.2800598144531,341.68006896972656,392.5028371810913,347.9990768432617,361.2430429458618,347.58533477783203,345.40921211242676,347.02239990234375,334.67668533325195,343,1787747430.7344854
291.3606262207031,590.8213806152344,302.8175163269043,563.1489658355713,318.3827590942383,522.2972917556763,329.8999786376953,492.1662998199463,329.41967010498047,469.37499046325684,326.5757369995117,508.4666633605957,334.53678131103516,468.68263721466064,333.3442687988281,437.5081157684326,329.9917221069336,411.60407066345215,321.7096710205078,507.38837242126465,331.0326385498047,467.9997682571411,332.7390670776367,436.9860506057739,332.8853988647461,406.6084671020508,319.1490936279297,507.7162456512451,326.87450408935547,469.82916355133057,329.06463623046875,439.4715356826782,328.31287384033203,411.6570281982422,317.6973342895508,508.04351806640625,323.37642669677734,474.8675537109375,324.64046478271484,452.068133354187,324.41104888916016,431.83844089508057,344,1787747432.0014663
301.9146537780762,574.1007471084595,290.00179290771484,539.9031829833984,290.4717445373535,505.7955265045166,297.18509674072266,479.37392234802246,304.4951057434082,456.36863708496094,314.2997360229492,485.62042236328125,324.4215774536133,458.602294921875,327.3320007324219,439.66585636138916,326.0025405883789,424.67878818511963,328.26610565185547,482.08664417266846,338.81324768066406,452.1002769470215,341.00189208984375,430.3146457672119,338.05103302001953,412.1552324295044,340.74790954589844,481.79069995880127,351.33445739746094,448.7710762023926,354.1124725341797,426.3029193878174,352.16739654541016,407.9538631439209,352.37457275390625,485.9424161911011,362.62596130371094,454.4908332824707,364.7138214111328,436.68362617492676,362.40867614746094,423.0015277862549,345,1787747432.0430622
312.5328826904297,555.1968383789062,348.25401306152344,523.9002656936646,367.6116180419922,481.67633056640625,367.7384567260742,449.2943859100342,359.2811584472656,425.85771560668945,356.07276916503906,460.772180557251,358.88519287109375,426.73035621643066,358.5238265991211,401.4457082748413,355.38692474365234,378.44922065734863,334.9917984008789,459.9511671066284,340.2836608886719,423.61950874328613,344.7999572753906,400.4238510131836,346.6547393798828,377.28381156921387,312.8022575378418,465.1677417755127,321.21204376220703,434.13896083831787,329.5677185058594,454.9316596984863,331.2485885620117,473.06674003601074,291.56211853027344,475.7123851776123,304.77108001708984,452.2449016571045,312.7926445007324,466.67115211486816,314.1434097290039,481.8479061126709,346,1787747432.1104946
320.33111572265625,532.1150350570679,355.7666778564453,503.12872409820557,378.9349365234375,459.3966579437256,378.1851577758789,424.2359447479248,366.1599349975586,396.809606552124,361.5789794921875,432.34389781951904,365.1537322998047,396.9008445739746,365.6843948364258,371.24579429626465,364.8452377319336,347.2518467903137,340.49549102783203,431.8605422973633,348.173828125,394.48153495788574,358.2077407836914,372.4409866333008,365.3511047363281,349.31957244873047,316.0612678527832,438.68987560272217,327.0745849609375,409.4767999649048,336.57238006591797,439.4506788253784,337.5167465209961,459.3714237213135,291.2228775024414,451.5079593658447,306.4712905883789,430.98069190979004,316.9490623474121,452.03264236450195,317.0634078979492,467.1493148803711,347,1787747432.1509702
322.84236907958984,523.9283752441406,355.31246185302734,498.301305770874,377.3882293701172,456.07805728912354,377.215576171875,423.10237884521484,367.53814697265625,395.3067111968994,360.6995391845703,422.3923444747925,364.16316986083984,381.9858741760254,365.2018356323242,352.83661365509033,364.6314239501953,327.41719007492065,340.12428283691406,424.3998384475708,348.63452911376953,384.4045400619507,358.7839889526367,361.2034320831299,365.74920654296875,336.76228523254395,316.77602767944336,434.1807174682617,328.1522750854492,409.47113513946533,336.9265365600586,441.8502902984619,337.6582336425781,461.2952756881714,293.00296783447266,449.9479866027832,306.93071365356445,431.80445194244385,317.5181579589844,453.47082138061523,316.93077087402344,467.10185050964355,348,1787747432.206054
320.82489013671875,505.11351585388184,354.4472885131836,487.3421859741211,379.3332290649414,442.44110584259033,374.0007019042969,401.20482444763184,357.51453399658203,375.2519416809082,361.0060119628906,403.9659547805786,364.6287536621094,357.15930461883545,366.6218948364258,327.38847970962524,366.36627197265625,302.16912746429443,335.9159469604492,408.7044095993042,341.25308990478516,380.569109916687,348.21685791015625,406.63589000701904,348.3314514160156,424.19543266296387,312.3907470703125,420.05221366882324,318.77676010131836,401.4173412322998,330.3125762939453,429.5890760421753,332.2214126586914,443.79345417022705,287.59878158569336,435.7182025909424,296.45153045654297,419.3172025680542,310.17080307006836,439.8370027542114,313.47002029418945,452.3506450653076,349,1787747432.2587829
330.35640716552734,513.1010913848877,363.63574981689453,492.21264839172363,387.1720504760742,448.85154247283936,384.4114685058594,410.57551860809326,375.5562973022461,381.90502166748047,371.6521453857422,404.2544746398926,376.37725830078125,358.5059881210327,378.87481689453125,325.24457931518555,378.0083465576172,298.796968460083,346.2983703613281,409.12128925323486,350.86299896240234,377.5978660583496,360.15857696533203,402.8153085708618,362.25330352783203,424.57566261291504,322.1608352661133,421.540904045105,329.5542907714844,397.96274185180664,341.46385192871094,423.81112575531006,343.1098175048828,442.75129795074463,296.5306282043457,439.5717430114746,303.3704948425293,415.58502674102783,317.41416931152344,432.7561855316162,321.63318634033203,448.599328994751,350,1787747432.3128412
328.6302185058594,516.0072326660156,364.7372817993164,493.13687324523926,387.42095947265625,449.53784465789795,384.1010284423828,410.33008575439453,374.5001220703125,380.8477592468262,373.1480026245117,404.4344186782837,377.7836608886719,357.27757930755615,379.70375061035156,325.0230073928833,378.47049713134766,298.1470584869385,346.7843246459961,408.60334396362305,351.6305160522461,379.0582752227783,359.6234893798828,406.2495231628418,360.56285858154297,427.31473445892334,321.54258728027344,420.2721118927002,329.49092864990234,398.9921522140503,342.05833435058594,425.7523584365845,344.3473815917969,443.67663860321045,294.84094619750977,437.2808790206909,303.4773254394531,417.3072624206543,317.7726745605469,435.91089248657227,321.8611145019531,450.7867670059204,351,1787747432.3519256
332.9300308227539,517.0850086212158,372.56229400634766,494.25734996795654,400.7289505004883,450.2128601074219,397.02342987060547,410.39995193481445,388.38626861572266,382.33692169189453,381.9449996948242,404.58741188049316,388.55960845947266,357.2283339500427,392.5780487060547,326.857488155365,392.96764373779297,300.8884048461914,356.1240005493164,408.9700984954834,367.74497985839844,385.4016351699829,374.7100067138672,414.6717882156372,372.80189514160156,433.53389739990234,331.31847381591797,419.976167678833,344.2564010620117,402.0589256286621,355.26641845703125,432.46195793151855,355.05706787109375,449.62504863739014,304.6527862548828,435.876259803772,320.7368469238281,420.334210395813,334.34375762939453,441.98294162750244,335.7489013671875,455.96149921417236,352,1787747432.414293
331.7259979248047,517.7396821975708,371.7115783691406,494.2952871322632,399.03980255126953,450.1598596572876,396.06502532958984,411.0430383682251,386.24786376953125,382.45498180389404,382.8411865234375,403.8677644729614,389.79671478271484,357.1154022216797,392.5814437866211,327.0017910003662,391.1836242675781,301.126070022583,356.09352111816406,407.7477836608887,366.7702865600586,382.4463987350464,374.04144287109375,413.3053207397461,372.99938201904297,434.73904609680176,330.63262939453125,418.2490396499634,343.8164520263672,400.1332712173462,354.8774719238281,433.00050258636475,355.26634216308594,451.7412042617798,304.13185119628906,433.67774963378906,320.20240783691406,418.4333610534668,332.9989242553711,441.62858963012695,334.326171875,456.16079807281494,353,1787747432.4567444
348.46832275390625,517.7046632766724,384.92923736572266,494.11444187164307,409.69871520996094,448.68889331817627,406.3481140136719,408.6644124984741,399.378662109375,377.7089738845825,394.61963653564453,404.7615623474121,399.23500061035156,357.18464612960815,401.81739807128906,326.9377613067627,400.8934020996094,300.578556060791,369.02904510498047,410.3927421569824,375.83778381347656,381.71005725860596,383.61671447753906,416.5661573410034,383.4012222290039,437.25311279296875,344.4342803955078,422.42212772369385,353.07727813720703,402.147159576416,364.62596893310547,438.2348871231079,364.6696090698242,455.5375385284424,318.0266571044922,438.52216243743896,330.1782989501953,421.09848976135254,343.28380584716797,446.16718769073486,343.6013412475586,460.1480197906494,354,1787747432.510457
343.26148986816406,515.6699180603027,381.0755920410156,492.7262592315674,404.0653610229492,447.25796699523926,402.418212890625,407.09508419036865,396.5509033203125,375.95588207244873,389.4400405883789,403.6901807785034,395.3011703491211,354.86730337142944,398.4075164794922,323.5209059715271,397.3937225341797,296.49078369140625,364.47994232177734,408.5811996459961,372.39501953125,378.3657932281494,380.22266387939453,410.44690132141113,380.2775192260742,433.9291477203369,340.00892639160156,420.18662452697754,349.8202896118164,399.1688346862793,361.8117904663086,432.23158836364746,363.02345275878906,451.73901557922363,313.71870040893555,436.1539649963379,325.4407501220703,417.31078147888184,339.1278076171875,439.7439193725586,341.65138244628906,455.03942012786865,355,1787747432.5752869
342.20611572265625,516.0110950469971,380.8516311645508,492.90289878845215,404.29882049560547,448.76790046691895,402.76683807373047,409.20501708984375,396.3283157348633,378.8492774963379,389.8994445800781,404.256534576416,394.7551727294922,356.00003242492676,397.1847915649414,324.18729543685913,396.12770080566406,297.46676445007324,364.37049865722656,409.15446281433105,371.8672561645508,378.7264108657837,379.7603225708008,409.3135929107666,380.37925720214844,433.69779109954834,339.81475830078125,420.59715270996094,349.48974609375,398.6330795288086,360.9877014160156,430.1062488555908,362.5630569458008,451.00409030914307,313.7958335876465,436.385235786438,325.1819610595703,416.71271324157715,337.97969818115234,438.13785552978516,340.4994201660156,453.9983367919922,356,1787747432.634891
328.4290313720703,509.35393810272217,369.5145797729492,485.794358253479,398.3065414428711,439.2314672470093,394.7696304321289,393.39749336242676,382.16331481933594,364.9265956878662,379.3504333496094,400.7774305343628,380.5251693725586,351.20819091796875,379.3855667114258,319.24975633621216,377.5301742553711,292.53124237060547,353.7731170654297,406.11562728881836,356.7613983154297,374.0020751953125,360.74302673339844,401.9688892364502,364.01371002197266,422.78029918670654,330.4666519165039,416.70430183410645,332.85709381103516,395.8773136138916,340.41961669921875,424.0641117095947,346.13189697265625,441.73162937164307,306.27174377441406,431.3986015319824,309.2399597167969,412.13265895843506,319.38825607299805,430.78577041625977,326.17183685302734,444.78784561157227,357,1787747432.6756573
331.0000991821289,507.8330612182617,371.0713577270508,486.2990427017212,400.4258728027344,439.37424659729004,395.6818389892578,393.92651081085205,381.8452453613281,365.99287033081055,380.4985046386719,399.49207305908203,381.54945373535156,349.7654628753662,381.0588836669922,318.1476044654846,378.76304626464844,290.6670641899109,354.4557571411133,405.09085178375244,357.3419189453125,375.95399379730225,364.30259704589844,404.8602247238159,367.1427536010742,424.60136890411377,330.5849075317383,416.1697053909302,334.1677474975586,396.95221424102783,344.42554473876953,426.3940715789795,348.8054656982422,442.5553035736084,305.8782958984375,431.1220979690552,309.56398010253906,412.34092712402344,321.3890075683594,431.6652774810791,327.020263671875,445.0328493118286,358,1787747432.7437181
323.5212707519531,498.34988594055176,358.5282516479492,470.8268165588379,378.95530700683594,421.7950487136841,368.62735748291016,378.51325035095215,350.53768157958984,350.8578944206238,357.3800277709961,381.5552616119385,352.36793518066406,330.4281949996948,347.7172088623047,299.50663805007935,341.32164001464844,273.3662152290344,331.082763671875,389.9607038497925,329.1007614135742,360.7187032699585,340.7606506347656,390.3729057312012,346.63257598876953,409.99882221221924,306.9741439819336,404.8028898239136,305.08825302124023,381.0689449310303,320.235595703125,410.87918758392334,327.3407745361328,427.4991846084595,282.8916549682617,424.7425603866577,284.15340423583984,402.9850387573242,298.74176025390625,423.2429265975952,304.5332908630371,437.62935161590576,359,1787747432.7959332
313.22736740112305,515.0468730926514,360.35614013671875,495.35332202911377,389.12364959716797,442.82060623168945,390.3146743774414,396.2143278121948,371.7595672607422,367.8214931488037,375.66028594970703,399.50511932373047,380.8018112182617,349.65708017349243,372.17987060546875,316.34005308151245,362.0503616333008,293.5286808013916,346.6866683959961,402.9596757888794,343.2040023803711,368.47479343414307,343.17745208740234,395.1389980316162,344.68379974365234,424.6507215499878,320.3716278076172,412.2854804992676,317.67724990844727,384.59821701049805,321.5139389038086,413.4566831588745,324.8369598388672,442.273006439209,296.14559173583984,426.56238555908203,294.3048667907715,404.3475151062012,299.9200439453125,425.35882472991943,306.19384765625,448.35604190826416,360,1787747432.8414407
314.75963592529297,516.7191123962402,360.6501007080078,490.0909996032715,388.8182067871094,440.7005023956299,386.8752670288086,396.60794734954834,366.84436798095703,370.016827583313,375.8003234863281,399.3751287460327,379.30973052978516,349.4050168991089,372.2341537475586,313.75566959381104,362.3667526245117,286.49498462677,346.4065933227539,401.50227069854736,348.77342224121094,366.6540241241455,350.0636672973633,394.6310091018677,350.1457977294922,424.13466453552246,318.92059326171875,409.97272968292236,321.86214447021484,381.33347511291504,326.7169189453125,412.4394178390503,329.07161712646484,441.8666410446167,293.99242401123047,423.28657150268555,298.839111328125,400.8119773864746,305.86891174316406,421.7831611633301,310.7552719116211,443.6507177352905,361,1787747432.8959932
326.9804000854492,520.9676456451416,369.73453521728516,498.5211181640625,399.6946334838867,451.62177085876465,396.9710922241211,407.188982963562,380.12969970703125,378.16022872924805,384.48028564453125,406.4562463760376,389.53208923339844,355.44217586517334,391.72229766845703,325.1288151741028,391.17610931396484,300.6000351905823,355.4988479614258,410.50161838531494,361.59969329833984,382.00342655181885,367.8578186035156,413.30304622650146,368.1533432006836,437.7557373046875,327.9396438598633,421.68660163879395,334.1032409667969,399.6328353881836,343.7491226196289,431.69570446014404,345.7695770263672,453.1217908859253,299.33006286621094,437.5944185256958,309.01763916015625,418.71870517730713,320.45772552490234,441.8912744522095,323.6513900756836,458.65224838256836,362,1787747432.9298577
325.54100036621094,519.6344804763794,366.6770935058594,498.94447803497314,396.4784240722656,452.51591205596924,398.00804138183594,408.2368469238281,383.58516693115234,377.6387643814087,382.77172088623047,406.9944906234741,388.8543701171875,357.5547695159912,391.9001770019531,326.4008045196533,392.13260650634766,300.5587935447693,354.20249938964844,410.16902446746826,362.6599884033203,381.2130117416382,369.0567398071289,413.53264331817627,368.687744140625,439.4437265396118,326.34410858154297,420.9477710723877,334.54795837402344,399.80698585510254,344.60865020751953,432.7363586425781,346.2921142578125,455.60229778289795,296.72008514404297,436.3912010192871,307.1028518676758,417.65697956085205,319.1855812072754,441.3283967971802,322.56649017333984,459.4790983200073,363,1787747432.973328
192.40379333496094,521.8850040435791,209.8832893371582,483.1067419052124,220.45005798339844,430.56514263153076,211.94337844848633,390.14966011047363,194.6437644958496,362.748384475708,251.84017181396484,411.98704719543457,236.97521209716797,360.87839126586914,220.6211280822754,327.07313776016235,207.70130157470703,301.9318914413452,230.54256439208984,419.0493679046631,202.9692840576172,381.78940773010254,198.7467384338379,395.887656211853,203.3888816833496,412.7246332168579,208.08032989501953,429.3771171569824,183.33013534545898,399.1400384902954,182.0428466796875,417.5492191314697,188.4984588623047,433.5568571090698,185.91903686523438,442.42780208587646,168.78509521484375,417.68659114837646,166.8756866455078,429.6925449371338,171.06586456298828,441.00335597991943,364,1787747433.2535532
208.30581665039062,531.5112590789795,240.21745681762695,507.9678153991699,258.34285736083984,455.213098526001,251.77709579467773,410.62731742858887,231.52694702148438,381.7825412750244,277.0479965209961,417.8045654296875,279.6303176879883,371.87158584594727,264.4889450073242,341.6239929199219,246.27586364746094,322.5464701652527,247.25555419921875,416.38659954071045,234.35012817382812,371.45230293273926,223.7945556640625,363.41331481933594,215.55234909057617,362.0024299621582,218.71532440185547,424.9655485153198,198.68619918823242,389.7568988800049,194.87470626831055,406.29621505737305,195.59490203857422,424.023642539978,191.68560028076172,439.54474925994873,176.8122673034668,408.4282064437866,175.1311492919922,420.2818536758423,178.8396453857422,435.99955558776855,365,1787747433.2812462
210.00585556030273,538.5566711425781,202.4028778076172,497.76288986206055,210.9284782409668,443.45244884490967,218.6733627319336,405.39490699768066,216.71314239501953,375.95669746398926,269.2763137817383,412.3180961608887,271.56394958496094,368.79764556884766,254.4544792175293,339.06033754348755,236.2417984008789,320.4013681411743,267.72369384765625,418.82835388183594,248.49706649780273,372.0654344558716,227.50511169433594,360.0173807144165,213.43257904052734,355.31115531921387,261.08896255493164,432.65769481658936,225.1956558227539,393.40049743652344,208.79880905151367,409.75892543792725,204.75610733032227,428.60116481781006,249.20909881591797,450.7969379425049,218.0279541015625,415.5975580215454,205.68511962890625,425.16334533691406,204.67548370361328,441.7911100387573,366,1787747433.3230267
227.5967788696289,557.8269481658936,270.3864860534668,530.9719848632812,297.79361724853516,477.9521369934082,291.4280319213867,430.3632688522339,269.88380432128906,400.10855197906494,300.67670822143555,440.26156425476074,303.7832450866699,388.3930492401123,300.82651138305664,360.67883491516113,295.14596939086914,342.09142684936523,266.4006805419922,439.37763690948486,257.4705505371094,403.51397037506104,259.2571258544922,436.0060787200928,261.2788200378418,460.84590911865234,233.81242752075195,446.1822509765625,227.67154693603516,419.534912109375,233.50719451904297,451.3436794281006,237.40888595581055,470.2319669723511,203.91754150390625,457.9874897003174,203.92642974853516,438.7146806716919,210.67228317260742,461.1892318725586,214.9374008178711,475.2204465866089,367,1787747433.3765047
226.92184448242188,557.9854345321655,253.57975006103516,518.592324256897,276.79738998413086,468.67276668548584,285.0775146484375,431.8440628051758,273.5024833679199,404.4330883026123,309.78450775146484,439.33905601501465,308.0535697937012,386.9764995574951,298.9308547973633,357.2000527381897,288.17813873291016,341.32161140441895,290.63005447387695,445.33604621887207,257.79945373535156,402.51906394958496,246.7556381225586,429.3710231781006,249.18411254882812,454.74188804626465,265.78819274902344,455.84095001220703,235.865478515625,419.3368148803711,230.24408340454102,444.9307107925415,235.23855209350586,466.290922164917,239.7963523864746,468.4790897369385,219.44753646850586,439.09143447875977,215.24721145629883,457.80192375183105,219.46197509765625,475.73607444763184,368,1787747433.4163303
218.6861801147461,574.6997594833374,257.61180877685547,542.510290145874,282.2862243652344,497.11572647094727,284.8855972290039,454.0159749984741,274.0041732788086,420.79258918762207,299.007568359375,459.98047828674316,307.683162689209,413.611478805542,307.29875564575195,383.8741064071655,307.17403411865234,358.59626054763794,272.9907417297363,456.96975231170654,265.81546783447266,430.7767152786255,263.8507843017578,453.82697582244873,264.57157135009766,471.6975259780884,246.3379669189453,460.89324474334717,240.1470184326172,444.10733699798584,241.64695739746094,468.6080503463745,242.9744529724121,484.24185276031494,222.7115821838379,470.9858179092407,221.9135284423828,459.3198823928833,225.25238037109375,477.41899967193604,225.36121368408203,491.6217041015625,369,1787747433.4635124
222.59178161621094,576.4916038513184,258.2423400878906,546.7247486114502,282.58874893188477,500.82717418670654,287.0031547546387,457.892689704895,277.10296630859375,423.1608724594116,300.151424407959,462.2908687591553,307.40550994873047,416.40913009643555,307.26661682128906,385.38562774658203,307.0616340637207,359.8118591308594,274.6614456176758,460.9380054473877,271.65666580200195,432.6376533508301,271.9480895996094,452.3991394042969,274.1132926940918,467.66000747680664,248.5559844970703,465.89176654815674,245.74678421020508,444.5331001281738,247.87710189819336,466.45254135131836,249.17356491088867,481.51861667633057,224.77670669555664,476.3685607910156,225.37652969360352,459.63651180267334,228.75450134277344,475.50853729248047,228.97733688354492,489.1591787338257,370,1787747433.5154812
212.51680374145508,594.4836902618408,244.7804832458496,569.7741508483887,253.23381423950195,526.0450029373169,239.17917251586914,486.73476219177246,223.29208374023438,460.5704355239868,265.3501892089844,512.208366394043,263.7142562866211,457.9279661178589,258.3139419555664,423.97321701049805,253.59590530395508,398.9215564727783,241.7283058166504,513.3907699584961,226.5254783630371,472.8282165527344,220.77911376953125,474.52813625335693,220.32299041748047,482.78809547424316,218.04479598999023,519.1566610336304,207.71041870117188,484.7821569442749,205.69244384765625,491.12380027770996,206.1875343322754,501.5657901763916,197.6380157470703,527.6959562301636,191.8880844116211,499.23552989959717,192.85694122314453,506.0755920410156,193.58491897583008,518.0559253692627,371,1787747433.7312984
199.3115234375,618.7982368469238,217.99848556518555,598.5343837738037,226.97429656982422,567.8008604049683,220.85016250610352,538.0330181121826,211.7306900024414,513.9372968673706,254.63905334472656,535.9472036361694,255.15792846679688,489.12257194519043,249.4640350341797,460.0593137741089,243.13705444335938,437.8252601623535,232.80990600585938,536.1811351776123,219.28766250610352,503.44449520111084,209.7750473022461,511.7529487609863,206.6259765625,521.2545347213745,211.74680709838867,542.5472402572632,196.51615142822266,528.8012838363647,192.15089797973633,551.822018623352,193.99261474609375,569.6476364135742,193.1183624267578,553.2202005386353,181.71184539794922,543.9882516860962,180.1153564453125,560.9302854537964,181.90845489501953,575.769510269165,372,1787747433.7695684
190.3336524963379,646.0977602005005,218.00338745117188,624.8916149139404,226.2137222290039,586.6085529327393,215.42146682739258,551.2274694442749,200.86856842041016,528.4180498123169,240.16326904296875,560.774073600769,238.24392318725586,509.1123676300049,233.70473861694336,477.04524993896484,229.70321655273438,452.6745271682739,217.05963134765625,561.2370872497559,199.16370391845703,538.9954376220703,195.62885284423828,561.7406558990479,199.13909912109375,580.6555509567261,193.90979766845703,568.3928346633911,180.54460525512695,553.7404632568359,181.43402099609375,575.7541465759277,185.94070434570312,591.1848306655884,173.64948272705078,579.2669820785522,167.04641342163086,567.5511789321899,169.16414260864258,584.1043996810913,172.33247756958008,596.6576957702637,373,1787747433.8508677
184.87237930297852,658.1699323654175,211.88751220703125,635.7863616943359,224.86133575439453,593.709454536438,215.94547271728516,554.4272375106812,204.21878814697266,526.7241382598877,241.25198364257812,570.0798797607422,238.98757934570312,514.6881437301636,233.86661529541016,479.47065353393555,228.73968124389648,452.1864080429077,218.12694549560547,569.6080255508423,200.8103370666504,540.9642648696899,197.8409767150879,560.6960535049438,201.0047721862793,578.3887624740601,194.85580444335938,575.1126480102539,181.3646125793457,555.595908164978,181.32505416870117,577.0255994796753,184.4938850402832,591.8938779830933,174.5997428894043,585.1789140701294,168.28496932983398,568.564624786377,168.65118026733398,584.9148559570312,170.0878143310547,597.2570514678955,374,1787747433.9085586
189.4295883178711,674.9073028564453,218.13589096069336,652.2364139556885,233.28441619873047,603.4264755249023,229.6320343017578,565.6077146530151,214.74010467529297,539.3410348892212,258.46689224243164,574.8741245269775,259.1036033630371,525.9706735610962,251.69517517089844,490.5499792098999,243.29105377197266,464.186954498291,237.25332260131836,577.3018884658813,212.2624969482422,540.3447818756104,205.9928321838379,564.6006631851196,210.81565856933594,587.6314830780029,213.64765167236328,585.4543018341064,191.51485443115234,557.4946546554565,189.73445892333984,582.6481103897095,195.71136474609375,600.8225440979004,190.3059196472168,598.4402704238892,178.38726043701172,574.1608285903931,178.47675323486328,593.151125907898,182.44789123535156,609.7733974456787,375,1787747433.9551542
191.43474578857422,688.4579086303711,223.0559539794922,666.0734796524048,238.43351364135742,616.0818243026733,229.05597686767578,574.2971706390381,211.69061660766602,545.3686237335205,255.07713317871094,578.5090112686157,256.3949966430664,526.4182806015015,251.26714706420898,491.5362596511841,242.86027908325195,465.307559967041,228.16827774047852,579.530782699585,206.61832809448242,544.9148368835449,204.70420837402344,574.2018556594849,209.06789779663086,599.084300994873,201.5009880065918,587.2540426254272,183.93314361572266,562.6167726516724,186.57751083374023,592.3099422454834,193.3428955078125,610.0950050354004,177.11843490600586,600.5391311645508,166.99840545654297,581.1761140823364,170.40699005126953,602.962474822998,175.8810043334961,618.6427116394043,376,1787747434.0077217
191.7544174194336,693.3168268203735,230.48377990722656,669.0469121932983,254.62196350097656,622.4159574508667,254.36626434326172,579.19273853302,239.70108032226562,547.6537370681763,266.8027687072754,585.1684856414795,270.83024978637695,530.9429740905762,270.17887115478516,496.9207191467285,269.98144149780273,468.8885450363159,237.36783981323242,582.7711915969849,230.2472686767578,550.8709716796875,229.47769165039062,580.5640125274658,232.17927932739258,606.3535165786743,208.6705207824707,586.5505743026733,202.29881286621094,565.1883459091187,205.41034698486328,595.9214401245117,209.57365036010742,616.4767742156982,183.00716400146484,596.8524026870728,181.41685485839844,580.7860994338989,185.52541732788086,602.7645492553711,187.8356170654297,619.533805847168,377,1787747434.0603397
185.25115966796875,687.0272397994995,219.20520782470703,652.2272300720215,243.9065933227539,602.2635126113892,250.0813102722168,563.2375860214233,239.4215965270996,536.1202812194824,259.9481201171875,578.6166000366211,266.5711212158203,523.2003593444824,263.56969833374023,485.80440044403076,258.01578521728516,454.0558862686157,238.97220611572266,579.1216278076172,229.21340942382812,550.1580619812012,225.80646514892578,562.5590515136719,223.03428649902344,572.0624399185181,217.2511863708496,584.1836643218994,209.04245376586914,563.1720113754272,210.23786544799805,587.4172496795654,211.0403060913086,604.490647315979,199.80884552001953,592.56507396698,210.99382400512695,571.1001920700073,217.29089736938477,566.5873861312866,219.9484634399414,559.5806407928467,378,1787747434.1129675
189.49798583984375,693.2936096191406,227.5796890258789,660.4677057266235,252.02116012573242,609.9053192138672,251.71844482421875,566.7792177200317,234.01445388793945,537.2932434082031,259.5473098754883,579.1559171676636,265.364990234375,522.3083209991455,262.56492614746094,485.44206619262695,257.4836540222168,453.63943576812744,232.71501541137695,578.8563251495361,224.64839935302734,550.2622175216675,226.5389060974121,572.6114559173584,227.63668060302734,589.4964981079102,207.00899124145508,583.9409351348877,201.55805587768555,564.7733974456787,208.16911697387695,590.5450057983398,212.15242385864258,605.4430675506592,186.08087539672852,593.8390159606934,192.27764129638672,579.6655797958374,197.95110702514648,587.2341728210449,199.42867279052734,589.8102951049805,379,1787747434.185189
194.47460174560547,683.9406824111938,232.78308868408203,654.1345596313477,256.80931091308594,600.2612543106079,255.5588722229004,554.5428514480591,235.39031982421875,524.2246198654175,254.6476173400879,560.6512069702148,256.2228775024414,508.0711555480957,251.6948127746582,474.4943618774414,245.06097793579102,446.26705169677734,226.76820755004883,564.0609169006348,218.00933837890625,537.8126049041748,222.78928756713867,566.1000394821167,223.69993209838867,588.9074850082397,201.17685317993164,573.727855682373,193.18078994750977,556.6024875640869,202.02316284179688,585.336799621582,205.0898551940918,603.769154548645,179.97419357299805,588.7242364883423,178.6482810974121,576.0897445678711,183.82667541503906,594.7434139251709,185.31898498535156,608.1328296661377,380,1787747434.2397263
195.5928611755371,681.9950294494629,232.0973014831543,649.9093294143677,255.7889747619629,597.3185920715332,253.02366256713867,551.6014337539673,232.69668579101562,520.1748704910278,256.95613861083984,559.6448850631714,256.112003326416,505.6856632232666,251.47960662841797,472.47897148132324,245.81804275512695,444.60566997528076,228.72154235839844,563.7197828292847,222.92108535766602,539.0026044845581,229.18394088745117,565.0161695480347,232.32240676879883,584.1162872314453,202.79685974121094,573.9862060546875,196.96056365966797,558.9823150634766,206.28326416015625,585.5057144165039,210.17034530639648,600.0582647323608,180.1172637939453,588.6863422393799,180.24545669555664,578.3067512512207,186.05066299438477,595.7494783401489,187.94422149658203,606.6273164749146,381,1787747434.2813065
209.41322326660156,698.0526638031006,253.73085021972656,670.0364112854004,278.85684967041016,618.4199380874634,266.9000244140625,570.4716968536377,246.03065490722656,536.894474029541,277.4192810058594,576.1599969863892,276.25728607177734,523.6200714111328,271.67972564697266,489.1872024536133,268.1532669067383,461.3184070587158,243.03321838378906,577.9445886611938,241.2619972229004,548.1749439239502,245.5080795288086,580.8282852172852,249.5470428466797,611.1758708953857,210.67420959472656,586.5428924560547,211.70515060424805,572.2113132476807,219.49581146240234,609.6253824234009,224.09099578857422,637.4455547332764,178.75965118408203,601.4849853515625,185.55498123168945,591.6185331344604,195.94141006469727,619.8016834259033,201.8509864807129,640.260329246521,382,1787747434.3337123
219.58881378173828,726.1513137817383,261.92516326904297,704.3335390090942,289.2059516906738,662.6034307479858,288.92181396484375,623.2131099700928,269.94983673095703,596.5327262878418,283.11784744262695,605.127854347229,285.8729553222656,551.1668729782104,285.058650970459,514.8538827896118,283.96751403808594,485.4694890975952,249.1051483154297,605.5962753295898,250.1638412475586,577.9427003860474,252.47175216674805,612.0132350921631,254.13976669311523,642.8771781921387,217.27895736694336,614.1750955581665,219.89261627197266,600.3062725067139,224.44307327270508,634.5873069763184,224.87882614135742,661.5367698669434,186.65103912353516,629.0359497070312,192.15137481689453,619.206018447876,199.3888282775879,645.6910514831543,202.03134536743164,667.2732639312744,383,1787747434.3730242
215.35614013671875,727.5470924377441,259.3622589111328,706.7894554138184,286.6009712219238,664.5491695404053,285.2394104003906,623.4257555007935,267.3232078552246,594.0671539306641,283.3262062072754,608.1983184814453,287.2185516357422,553.9252996444702,286.60179138183594,517.240834236145,284.9959945678711,487.7446460723877,248.95832061767578,608.9645719528198,249.29677963256836,579.8735046386719,250.17572402954102,616.1188173294067,251.1725616455078,649.9570512771606,216.60696029663086,616.9897842407227,219.24444198608398,600.8677339553833,222.5067138671875,636.8542671203613,222.92339324951172,665.0467729568481,185.64184188842773,630.884485244751,189.93566513061523,618.435001373291,196.6350555419922,646.0139894485474,199.99847412109375,668.3739995956421,384,1787747434.4339483
210.4047393798828,730.7956981658936,253.1382942199707,714.027042388916,283.0925750732422,671.9087648391724,280.1984405517578,628.7789726257324,262.51243591308594,596.5760707855225,280.5101776123047,615.913896560669,285.0564193725586,559.2994594573975,283.78894805908203,525.2304697036743,280.7563781738281,497.2071361541748,247.84629821777344,616.9972515106201,249.5401954650879,594.5180654525757,252.70875930786133,630.2965021133423,253.23772430419922,656.9160318374634,218.1772804260254,625.8663082122803,221.78743362426758,609.7695350646973,227.78242111206055,642.528190612793,228.3711814880371,662.7320051193237,190.43664932250977,639.5955276489258,199.65438842773438,627.6156663894653,207.7389907836914,651.833438873291,210.15722274780273,668.7646150588989,385,1787747434.483672
207.64755249023438,728.9855289459229,251.36398315429688,715.7258892059326,283.68703842163086,674.0962886810303,279.3977355957031,629.7648668289185,262.543888092041,597.3723220825195,282.43560791015625,617.2223424911499,286.2494659423828,559.8478746414185,284.2293930053711,524.9593305587769,280.52886962890625,495.9606170654297,249.12395477294922,617.180585861206,250.8561134338379,592.0272159576416,253.4823226928711,628.8445472717285,253.8022232055664,655.5591773986816,219.45999145507812,625.2742052078247,224.07310485839844,608.1439018249512,229.44866180419922,642.2241353988647,230.00164031982422,660.9249258041382,191.73894882202148,638.4469413757324,201.49410247802734,626.9087219238281,208.34373474121094,652.606086730957,210.31143188476562,668.3779048919678,386,1787747434.5530055
213.6786651611328,740.020866394043,248.8405990600586,718.287034034729,271.55614852905273,670.5964994430542,263.1260681152344,625.0976085662842,244.2490577697754,592.4519920349121,263.44648361206055,613.7207078933716,264.4845199584961,555.6114864349365,263.41854095458984,520.4656219482422,260.24017333984375,490.8813285827637,229.7903060913086,618.7332630157471,227.04051971435547,589.1212034225464,232.80023574829102,626.7470598220825,236.92384719848633,652.8280878067017,200.0314712524414,631.572675704956,197.6499366760254,612.1430969238281,205.54359436035156,650.5223321914673,210.01935958862305,671.3472175598145,171.79168701171875,648.7270545959473,172.92844772338867,635.0056457519531,182.7022361755371,663.0851554870605,188.66811752319336,679.4020843505859,387,1787747434.6094935
187.70109176635742,739.0121841430664,227.4752426147461,717.5433540344238,254.47851181030273,671.5359592437744,258.39160919189453,625.9960842132568,246.94984436035156,590.8127546310425,254.59753036499023,615.7407331466675,259.88792419433594,556.5222358703613,259.3760871887207,518.8175868988037,257.00265884399414,487.934889793396,223.40030670166016,619.6459007263184,226.37189865112305,586.525297164917,227.68793106079102,618.1702136993408,227.82512664794922,643.897876739502,193.15364837646484,630.6055355072021,192.4107551574707,616.0321712493896,198.06076049804688,650.1023626327515,200.61092376708984,670.1549005508423,163.25984954833984,646.1124801635742,163.3762550354004,636.0442399978638,172.07294464111328,660.3577136993408,177.05184936523438,676.1154556274414,388,1787747434.6543827
190.3443717956543,742.9989337921143,227.74606704711914,716.5589618682861,255.51292419433594,668.8682556152344,257.1755599975586,622.9581499099731,241.5895652770996,588.468074798584,254.4448471069336,616.1926746368408,258.9135551452637,556.9211339950562,258.08605194091797,518.6882400512695,254.99940872192383,487.30639457702637,222.02875137329102,620.1164674758911,223.3182716369629,586.3068580627441,226.1882781982422,620.1227331161499,228.60185623168945,646.409068107605,191.09556198120117,632.7407884597778,189.5540428161621,613.5676288604736,196.3292694091797,648.600926399231,200.62311172485352,669.3445301055908,160.9552764892578,651.7464065551758,161.19792938232422,639.9723243713379,170.4841423034668,663.8855266571045,176.95068359375,679.0935659408569,389,1787747434.6994371
