P0_x,P0_y,P1_x,P1_y,P2_x,P2_y,P3_x,P3_y,P4_x,P4_y,P5_x,P5_y,P6_x,P6_y,P7_x,P7_y,P8_x,P8_y,P9_x,P9_y,P10_x,P10_y,P11_x,P11_y,P12_x,P12_y,P13_x,P13_y,P14_x,P14_y,P15_x,P15_y,P16_x,P16_y,P17_x,P17_y,P18_x,P18_y,P19_x,P19_y,P20_x,P20_y,frame_number,timestamp
880.8420562744141,666.2965536117554,851.8885803222656,645.2484226226807,818.0647277832031,582.4697971343994,806.6857147216797,534.3272352218628,825.5282592773438,504.1037607192993,865.2104187011719,534.7567749023438,843.3074188232422,488.0432939529419,815.8770751953125,466.09522819519043,791.7234802246094,452.1398448944092,897.6007843017578,542.8421115875244,869.0572357177734,505.78604221343994,852.3584747314453,554.1133546829224,854.9661254882812,588.9578247070312,929.0248870849609,562.2855091094971,898.0348205566406,530.3834438323975,880.0868988037109,575.9146499633789,884.5348358154297,605.2997303009033,959.8755645751953,588.7796831130981,930.159912109375,558.0000257492065,907.3432159423828,587.4304676055908,906.0674285888672,612.4325609207153,1,1787812572.1952615
878.2038879394531,655.7736253738403,847.0494842529297,628.817982673645,813.7124633789062,567.9600763320923,802.6640319824219,518.9281368255615,822.5779724121094,487.70670890808105,856.5257263183594,517.0090055465698,832.8385162353516,470.1043367385864,802.3817443847656,447.43147373199463,778.4552001953125,431.77462577819824,887.7133941650391,524.0525722503662,858.42041015625,485.1521301269531,844.775390625,535.4233360290527,853.0455780029297,567.9798173904419,918.5758209228516,542.0435857772827,886.7633056640625,508.62330436706543,868.7283325195312,555.1285600662231,875.8732604980469,582.9368019104004,949.1890716552734,567.9550123214722,918.4515380859375,536.5009832382202,895.3147125244141,565.8479118347168,894.4690704345703,589.6367025375366,2,1787812572.2403505
874.2508697509766,642.3888874053955,841.9463348388672,611.7010688781738,809.3009185791016,552.5750541687012,801.1557006835938,505.0945472717285,824.132080078125,475.46154499053955,849.6840667724609,500.28515338897705,824.6944427490234,451.1822319030762,795.10498046875,430.80795764923096,772.3696899414062,414.89850997924805,881.3202667236328,507.3092794418335,848.2691955566406,473.2365131378174,837.0634460449219,524.9751663208008,848.7609100341797,554.1342544555664,911.2172698974609,524.235692024231,876.09619140625,495.1546239852905,860.6127166748047,542.7867937088013,871.1585235595703,567.6305723190308,940.4202270507812,548.9130020141602,908.6965942382812,518.1615829467773,886.8270111083984,548.791937828064,888.5553741455078,571.9130945205688,3,1787812572.2945275
853.5392761230469,604.8570156097412,817.2091674804688,565.6829452514648,791.0426330566406,510.9282875061035,790.8745574951172,463.6478090286255,822.8933715820312,441.24170780181885,831.3997650146484,464.4560766220093,805.3773498535156,405.9458541870117,782.9735565185547,372.9800033569336,769.9481201171875,342.33078718185425,860.2196502685547,470.1457929611206,827.9928588867188,439.2224979400635,819.3515014648438,488.03466796875,831.1614990234375,516.1964893341064,885.6343841552734,482.5640344619751,850.3317260742188,454.50379371643066,838.4463500976562,501.37983798980713,852.0014953613281,527.9427194595337,910.8222961425781,502.01258182525635,880.2042388916016,467.41573333740234,859.530029296875,498.28564167022705,862.83935546875,522.6627588272095,4,1787812572.3491378
849.9045562744141,594.6386575698853,817.0404815673828,560.3221750259399,789.6749114990234,503.83674144744873,791.6748046875,455.7781219482422,822.0005798339844,434.8791217803955,827.0591735839844,452.0886468887329,805.592041015625,390.60065746307373,786.3351440429688,354.82271432876587,774.9649810791016,323.6663246154785,857.4259948730469,458.84223461151123,826.5987396240234,428.31899642944336,813.1646728515625,477.24347591400146,822.0037078857422,506.6598844528198,884.6926116943359,472.54398822784424,851.7439270019531,442.15280055999756,834.4403076171875,487.86197662353516,842.5936889648438,515.9093427658081,911.0508728027344,492.90680408477783,880.5477142333984,459.39648628234863,858.3142852783203,489.03034687042236,859.6097564697266,513.8337421417236,5,1787812572.398978
849.4611358642578,589.994101524353,815.933837890625,552.5953531265259,788.7081909179688,496.9520902633667,789.4199371337891,448.8960886001587,821.3575744628906,429.5278787612915,826.1476135253906,444.2562961578369,807.7926635742188,380.37251472473145,790.2977752685547,343.72199535369873,780.6781005859375,311.3428831100464,856.2027740478516,451.2332582473755,826.2264251708984,422.06159591674805,812.4711608886719,470.5205297470093,820.904541015625,499.5048666000366,883.4365844726562,464.66224193573,851.0755920410156,436.1269283294678,834.0147399902344,482.1087884902954,841.8353271484375,511.0670328140259,909.9610137939453,484.8149013519287,880.8190155029297,449.1827630996704,858.1769561767578,477.9425239562988,858.3002471923828,503.6898422241211,6,1787812572.4436853
850.0559234619141,586.0031032562256,816.0720825195312,547.877926826477,789.3758392333984,492.87757873535156,788.3424377441406,446.2191152572632,818.4528350830078,424.0466022491455,826.7769622802734,437.85199642181396,811.2506866455078,372.72478580474854,795.5323028564453,335.9277105331421,788.0390167236328,302.86444187164307,856.1021423339844,445.2527046203613,828.4539794921875,414.47832584381104,812.8847503662109,462.5434684753418,820.6757354736328,491.7479181289673,882.7794647216797,458.47912788391113,851.8917846679688,428.2644510269165,833.8883972167969,474.9691343307495,841.7934417724609,504.40953254699707,908.7925720214844,477.9950523376465,880.9326171875,440.68037509918213,857.8727722167969,470.02095222473145,857.8934478759766,496.4781332015991,7,1787812572.4753695
852.532958984375,582.3790740966797,816.5158081054688,544.8834228515625,789.0327453613281,491.0280132293701,787.7580261230469,444.3228578567505,819.4901275634766,420.6761169433594,825.0960540771484,435.09902000427246,811.3413238525391,367.05322265625,797.4588012695312,329.1945505142212,790.8148956298828,295.6312322616577,854.0470886230469,442.6728057861328,827.2752380371094,412.6244258880615,813.2661437988281,459.09191608428955,820.1517486572266,489.0763521194458,880.6826019287109,454.9692106246948,851.5949249267578,424.1348361968994,835.0617218017578,469.63085174560547,841.8437957763672,500.7370948791504,907.1060943603516,472.71024227142334,880.5906677246094,434.5533084869385,859.0381622314453,463.44722270965576,858.5555267333984,491.48433208465576,8,1787812572.5378125
854.5689392089844,581.5114974975586,817.3272705078125,546.0125255584717,788.5082244873047,491.3692331314087,785.9062957763672,444.42473888397217,817.879638671875,420.85498809814453,827.7470397949219,432.48032569885254,813.3506774902344,364.20111179351807,799.6541595458984,324.91878747940063,792.5839996337891,290.88271379470825,856.8224334716797,440.69745540618896,831.0730743408203,407.70907402038574,813.8726806640625,454.0909481048584,816.7677307128906,487.0689868927002,883.5197448730469,453.68990421295166,854.4760131835938,421.50365352630615,835.3203582763672,466.43807888031006,839.1398620605469,499.33728218078613,909.3983459472656,471.96630477905273,883.1173706054688,435.4278802871704,860.2753448486328,463.9260721206665,858.0205535888672,492.32319831848145,9,1787812572.6087613
868.0185699462891,614.5493602752686,832.1434783935547,576.3831567764282,804.7126007080078,522.2872924804688,807.7432250976562,476.9088649749756,843.8016510009766,459.4121503829956,847.18994140625,460.7818365097046,827.7309417724609,392.7589988708496,811.9966125488281,352.68898487091064,801.328125,318.61557483673096,880.8245849609375,469.6635103225708,853.8779449462891,446.1104965209961,837.7805328369141,491.04002952575684,840.0736999511719,520.1052618026733,909.3861389160156,487.3476791381836,878.6936950683594,465.81790924072266,858.5267639160156,508.1883144378662,860.2384948730469,535.8803415298462,934.8064422607422,511.65711879730225,905.5316162109375,484.8577308654785,881.5309143066406,514.322075843811,877.9428863525391,539.5781421661377,10,1787812572.647941
873.0386352539062,635.162501335144,836.9414520263672,595.9788608551025,810.1979827880859,538.5531520843506,810.3519439697266,489.6342945098877,849.9266052246094,475.40292263031006,855.3391265869141,478.10478687286377,836.8988037109375,408.5088872909546,818.5350799560547,368.66761207580566,805.8406829833984,334.56223011016846,889.7328948974609,488.46837043762207,858.5231018066406,460.3020429611206,842.8766632080078,508.6791801452637,847.7571868896484,538.9502477645874,918.8041687011719,506.84532165527344,884.9423980712891,480.6890630722046,865.2660369873047,524.9744367599487,868.7765502929688,554.2679786682129,944.5389556884766,531.6441249847412,914.2955780029297,499.1889238357544,889.2268371582031,528.8314533233643,885.6719207763672,555.328803062439,11,1787812572.710474
880.3568267822266,648.5811424255371,843.1548309326172,607.2587299346924,815.9134674072266,551.5322542190552,818.2574462890625,504.3334436416626,857.0342254638672,488.4243392944336,860.8156585693359,489.1623544692993,840.9961700439453,421.85667514801025,822.6103973388672,383.4015226364136,808.8957214355469,350.05733013153076,896.5351104736328,498.5845470428467,866.2567138671875,474.06877040863037,851.3088226318359,522.9641962051392,854.5668792724609,553.7462568283081,926.7074584960938,516.3468217849731,892.0917510986328,495.4529285430908,872.5688171386719,540.9033679962158,874.5751953125,570.7142972946167,953.0567932128906,540.9736633300781,920.8121490478516,513.9452362060547,896.2758636474609,544.7110748291016,892.5998687744141,570.9117078781128,12,1787812572.7726784
887.8452301025391,662.5191879272461,851.3816070556641,618.7678956985474,824.3441772460938,562.9019451141357,826.2800598144531,515.4837512969971,865.1467895507812,498.0580186843872,867.2405242919922,501.0396480560303,846.0074615478516,434.8396825790405,827.3764038085938,397.30660915374756,813.6995697021484,365.00714778900146,903.2259368896484,509.9099063873291,871.5314483642578,480.8032178878784,856.5608215332031,530.2460718154907,859.547119140625,563.5806941986084,934.2816925048828,527.5106477737427,897.3965454101562,506.1498785018921,877.7072906494141,551.6813850402832,879.3439483642578,583.1238269805908,961.6315460205078,552.1302795410156,927.5132751464844,525.1771259307861,902.4706268310547,553.9323377609253,897.6169586181641,579.2839765548706,13,1787812572.837482
913.5891723632812,665.077714920044,878.91357421875,620.9134483337402,858.6248779296875,560.0808191299438,865.9718322753906,510.99926948547363,895.9390258789062,484.3391418457031,900.4410552978516,506.7947244644165,885.3656005859375,442.87922859191895,867.4291229248047,408.66836071014404,854.8341369628906,378.80138397216797,933.4932708740234,517.7240610122681,917.7605438232422,473.2706308364868,896.5934753417969,514.9759769439697,893.5171508789062,545.8991861343384,963.7268829345703,535.7551145553589,938.7693786621094,503.25571060180664,914.3206024169922,548.7833547592163,912.6010894775391,578.7851285934448,993.8496398925781,559.7681379318237,969.1802978515625,523.4808969497681,941.5306091308594,553.528847694397,933.8499450683594,579.1408967971802,14,1787812572.8800385
917.5103759765625,653.3719539642334,884.5304870605469,611.2771940231323,863.8201141357422,548.4415769577026,875.3479766845703,497.79876708984375,913.7440490722656,481.49213790893555,904.25048828125,496.7112064361572,890.9678649902344,434.8138475418091,874.0440368652344,401.0496425628662,860.9603118896484,370.53910732269287,939.5334625244141,507.1449565887451,924.6384429931641,464.185152053833,903.2328796386719,511.1450529098511,899.3688201904297,542.619252204895,971.2791442871094,526.1166286468506,948.7617492675781,494.3704319000244,922.0671844482422,541.1149835586548,917.4658966064453,571.1546945571899,1001.2086486816406,551.4078426361084,980.0543212890625,515.3642320632935,951.7948913574219,544.7552347183228,942.2766876220703,570.1520204544067,15,1787812572.9294434
921.1580657958984,641.4246225357056,889.4943237304688,598.8555192947388,868.7015533447266,535.1373481750488,883.0747985839844,484.426474571228,921.7464447021484,467.94307708740234,909.8619842529297,486.5965747833252,895.9972381591797,425.0009536743164,878.5865783691406,390.4900646209717,867.7116394042969,357.9694175720215,944.4342803955078,497.23936557769775,928.0813598632812,454.457745552063,905.4657745361328,504.8933172225952,904.95849609375,537.8035497665405,974.9393463134766,516.1237478256226,951.8007659912109,481.7069721221924,924.8666381835938,530.3656768798828,924.6089172363281,560.8387041091919,1003.4550476074219,541.891279220581,983.6611938476562,501.9908666610718,954.9797058105469,532.7874755859375,948.4027099609375,559.7346639633179,16,1787812572.9813685
925.7158660888672,634.1140365600586,893.2603454589844,591.2509632110596,873.4510803222656,529.2850255966187,885.7926177978516,478.4653615951538,921.5534973144531,456.1195135116577,911.2305450439453,479.7209358215332,895.8766174316406,415.34852027893066,880.3990936279297,377.3072862625122,871.4893341064453,343.2525444030762,944.2191314697266,489.08291816711426,930.0189208984375,444.6507740020752,909.7815704345703,490.46831130981445,906.7624664306641,524.262900352478,974.5576477050781,506.4096450805664,953.9280700683594,470.1753616333008,929.4313812255859,516.8173456192017,926.9495391845703,549.2987251281738,1003.6586761474609,530.897912979126,986.3894653320312,490.3966426849365,959.2449188232422,518.942985534668,950.0926971435547,546.3732290267944,17,1787812573.03366
927.9131317138672,627.9341411590576,893.4548187255859,582.696475982666,873.5395050048828,520.0587844848633,886.1550903320312,468.4710216522217,922.1800994873047,447.1817922592163,909.1498565673828,473.3398103713989,893.5597991943359,406.6989326477051,877.9251861572266,367.7783203125,869.444580078125,332.472939491272,941.4649963378906,481.9341230392456,928.2676696777344,436.4929533004761,909.6591949462891,481.6576623916626,908.3576202392578,514.9504852294922,971.9266510009766,497.9272985458374,952.7647399902344,460.3875732421875,929.2446899414062,506.36587142944336,928.4138488769531,539.4422292709351,1001.3545989990234,520.7574892044067,985.5633544921875,478.97961616516113,958.5504913330078,506.78253650665283,950.1821899414062,534.9028158187866,18,1787812573.063854
928.2762908935547,620.8158588409424,892.7423095703125,576.2609767913818,870.3642272949219,513.7820720672607,882.5131988525391,461.07014179229736,920.4190826416016,440.75037002563477,905.1040649414062,466.78470611572266,890.1436614990234,397.4336814880371,875.9355163574219,357.45816707611084,867.7098083496094,321.4185905456543,937.9004669189453,475.26288986206055,924.4020843505859,428.8826894760132,906.9307708740234,473.92187118530273,904.1819763183594,509.0694522857666,968.7355041503906,491.01101875305176,949.4479370117188,452.927942276001,926.744384765625,498.9600992202759,923.8252258300781,534.2463397979736,998.7648010253906,513.3765649795532,981.9743347167969,471.2699604034424,955.1784515380859,497.8816795349121,944.3881988525391,526.857647895813,19,1787812573.105761
926.1566925048828,619.2321109771729,890.5987548828125,575.2331972122192,867.7101898193359,514.8370599746704,872.9933929443359,462.6636743545532,907.9518890380859,438.6100959777832,898.8764190673828,463.56828689575195,882.7634429931641,394.6149158477783,867.0985412597656,355.20026206970215,858.3498382568359,319.448561668396,931.0005187988281,471.28201961517334,914.6311950683594,425.84827423095703,899.1819763183594,471.27923011779785,899.7907257080078,504.56321239471436,961.9903564453125,486.26874446868896,942.0634460449219,448.29381465911865,920.1302337646484,494.85039710998535,919.1537475585938,528.2963848114014,992.6486206054688,507.689208984375,974.3057250976562,466.0205554962158,948.3776092529297,494.05667781829834,939.9324798583984,522.3394346237183,20,1787812573.1483657
924.5133209228516,620.3676509857178,887.747802734375,574.9766492843628,862.3396301269531,517.4484157562256,864.6991729736328,464.31488513946533,898.2649993896484,436.28374099731445,890.4318237304688,466.02596282958984,872.2017669677734,399.0657091140747,854.6807861328125,361.6833543777466,845.0852966308594,326.9451642036438,922.1204376220703,471.78022384643555,904.8527526855469,426.32630825042725,891.5800476074219,471.07375144958496,893.9655303955078,503.60976219177246,953.16162109375,484.29266452789307,934.1629028320312,445.63199043273926,914.189453125,492.89628982543945,914.1531372070312,526.7436218261719,984.2861938476562,503.34587574005127,965.8235168457031,460.86865425109863,942.5164794921875,491.0662078857422,936.3824462890625,521.0824871063232,21,1787812573.178623
920.6129455566406,626.3156747817993,882.8172302246094,578.2867956161499,855.5288696289062,520.2708292007446,856.6664123535156,465.53853034973145,893.0071258544922,436.6509246826172,882.9904937744141,473.3444023132324,862.7811431884766,417.8458070755005,840.152587890625,388.8378667831421,824.7111511230469,359.30734634399414,914.6292877197266,477.48199939727783,896.3364410400391,431.03193283081055,884.3235015869141,476.23754024505615,888.8213348388672,507.9871702194214,945.8945465087891,488.5760021209717,925.8431243896484,447.7067756652832,906.5841674804688,495.475115776062,908.4381103515625,529.7061967849731,978.0667114257812,505.53563117980957,958.0378723144531,461.3059616088867,935.6472015380859,490.9052324295044,931.0862731933594,521.622748374939,22,1787812573.228029
920.7094573974609,657.151894569397,879.3448638916016,615.9620475769043,851.3147735595703,555.445146560669,859.2919158935547,504.5550584793091,889.8209381103516,470.72227478027344,886.717529296875,507.49342918395996,864.3728637695312,451.2269926071167,836.3615417480469,462.32292652130127,818.2450866699219,486.6164445877075,917.6170349121094,513.5553503036499,890.6805419921875,463.03544998168945,881.3512420654297,510.0827693939209,890.1021575927734,546.6720056533813,949.9126434326172,524.7740650177002,920.665283203125,485.096640586853,906.5267944335938,535.7292366027832,911.7783355712891,571.5505027770996,984.0945434570312,541.2543296813965,958.2799530029297,498.30838680267334,935.1108551025391,529.6052598953247,928.6219024658203,559.8777866363525,23,1787812573.2717435
925.9368133544922,662.3944759368896,884.5269775390625,618.4961128234863,857.1226501464844,559.4359731674194,864.2195892333984,509.0306568145752,897.8786468505859,477.88626194000244,890.3334045410156,509.4915246963501,874.3844604492188,457.67231941223145,845.6285095214844,465.0482225418091,824.1419982910156,486.0052013397217,923.2595825195312,516.1878204345703,900.8981323242188,469.80247020721436,887.9269409179688,518.2932043075562,894.5336151123047,551.0321187973022,956.5868377685547,529.2613792419434,930.5742645263672,491.32434368133545,912.7242279052734,541.690263748169,915.3237915039062,574.5200729370117,990.9709930419922,548.3135604858398,966.6899871826172,508.52009296417236,943.1845092773438,539.776496887207,936.8933868408203,566.8566370010376,24,1787812573.3211281
928.4406280517578,665.3468370437622,888.1255340576172,621.8295621871948,863.0746459960938,558.795976638794,869.2518615722656,507.48523235321045,903.2806396484375,480.7672119140625,897.3202514648438,511.25792026519775,883.8771057128906,467.1914577484131,857.6078033447266,453.86040687561035,834.0554046630859,450.3535795211792,929.7857666015625,516.9091415405273,908.3670806884766,471.9736433029175,894.2185974121094,523.6386966705322,899.9532318115234,555.882453918457,962.9389190673828,530.2311372756958,937.9261016845703,492.5470018386841,919.2990875244141,543.7151384353638,922.8829193115234,574.5319604873657,996.9017791748047,549.6629476547241,972.6802062988281,509.6809959411621,949.110107421875,540.5747222900391,944.2427062988281,567.5042295455933,25,1787812573.3499248
931.4394378662109,654.8306465148926,895.0206756591797,615.3329086303711,867.7361297607422,554.1844654083252,871.8728637695312,501.8073606491089,902.2674560546875,471.6039705276489,900.7249450683594,504.5359182357788,878.0030822753906,454.9563789367676,852.3388671875,428.2630777359009,833.4490203857422,403.03035736083984,934.5317840576172,509.6825838088989,914.6354675292969,464.18678283691406,900.6835174560547,514.6575880050659,904.6967315673828,549.0211915969849,966.9773101806641,523.8491535186768,942.3880004882812,488.8032388687134,921.9907379150391,538.5297632217407,923.5237884521484,569.8394680023193,999.4496154785156,545.0122117996216,977.7631378173828,506.01495265960693,953.9287567138672,536.5950536727905,948.3482360839844,563.2144546508789,26,1787812573.384288
934.2259979248047,649.2264175415039,898.2876586914062,613.6630725860596,869.3442535400391,547.9105424880981,876.0462188720703,491.62736892700195,913.0197143554688,466.4930534362793,899.1532135009766,497.7158546447754,874.7038269042969,436.9273853302002,852.6668548583984,402.7768135070801,839.2499542236328,371.29939556121826,935.1953887939453,503.0161142349243,914.6749114990234,459.95657444000244,902.1112060546875,517.2022104263306,908.0099487304688,551.9208526611328,969.1254425048828,518.3646583557129,945.4886627197266,483.8779306411743,925.08544921875,535.7666158676147,927.8847503662109,565.3515958786011,1002.5215911865234,540.4864025115967,980.4142761230469,504.14697647094727,955.9754180908203,535.6547355651855,951.0739898681641,560.0945091247559,27,1787812573.4331558
934.1091156005859,647.7596998214722,896.9388580322266,608.8279294967651,869.4734954833984,545.2370452880859,873.9825439453125,491.13890647888184,905.5691528320312,461.3135576248169,899.7582244873047,493.5114812850952,873.2433319091797,428.1653594970703,851.2717437744141,390.5096769332886,837.8606414794922,355.8892035484314,934.1189575195312,498.4756278991699,912.978515625,451.5761089324951,898.94775390625,503.3345890045166,903.2585144042969,538.8707685470581,966.9784545898438,512.3826885223389,941.9580841064453,475.3813362121582,922.010498046875,526.4157485961914,925.1525115966797,559.3477821350098,999.8519897460938,533.39271068573,977.3886108398438,493.6733150482178,951.9438934326172,524.775652885437,946.3649749755859,552.2529745101929,28,1787812573.4809937
930.9443664550781,644.7482013702393,893.6896514892578,603.4207248687744,865.8921051025391,540.9025955200195,869.298095703125,485.77826499938965,901.9716644287109,454.74785327911377,895.5437469482422,489.2002058029175,869.9472808837891,421.87851905822754,847.7374267578125,384.3333864212036,834.4977569580078,349.027361869812,929.6038055419922,494.1786003112793,908.3944702148438,445.5010986328125,895.1124572753906,498.154878616333,901.1904907226562,532.5621700286865,962.2742462158203,507.57011890411377,937.5984191894531,468.076114654541,918.2947540283203,519.4239807128906,922.9709625244141,551.5858554840088,995.1347351074219,527.9011344909668,973.2097625732422,484.8314666748047,948.4072875976562,516.5992498397827,943.8997650146484,545.2747249603271,29,1787812573.5028768
926.5171051025391,640.6818866729736,889.7503662109375,598.1728649139404,860.2108764648438,536.3272619247437,862.1946716308594,480.52757263183594,898.0274963378906,452.3275136947632,889.6260070800781,483.68704319000244,864.18212890625,416.48860931396484,842.0390319824219,380.4724645614624,828.8870239257812,345.70268869400024,923.8075256347656,488.6145830154419,901.6798400878906,443.22641372680664,890.6161499023438,497.51960277557373,898.3376312255859,530.7142353057861,956.3392639160156,501.8323802947998,930.9050750732422,464.2353630065918,912.7017211914062,517.1012306213379,917.9830169677734,548.7995338439941,989.1194915771484,521.8613576889038,965.9880065917969,481.0148763656616,941.4258575439453,513.2996606826782,936.7951965332031,541.226863861084,30,1787812573.5515695
923.2364654541016,641.1879444122314,885.6341552734375,598.5482883453369,855.4536437988281,537.7619647979736,855.0128173828125,481.7693281173706,890.1325988769531,451.96011543273926,881.9907379150391,482.3408317565918,857.3857116699219,417.37412452697754,834.7447204589844,382.411208152771,820.9507751464844,348.9265537261963,916.3031768798828,487.38853454589844,896.0746765136719,443.2593297958374,885.4541015625,495.817494392395,891.7940521240234,528.5176134109497,949.5445251464844,500.48290729522705,925.9342956542969,463.69184017181396,907.6630401611328,516.916995048523,911.1095428466797,549.4191455841064,982.7140045166016,520.203537940979,959.0461730957031,479.9042272567749,936.4330291748047,513.4461307525635,933.0496978759766,541.7033958435059,31,1787812573.6015854
919.6530914306641,648.1063270568848,880.5671691894531,601.4440011978149,850.1068115234375,541.5289449691772,849.9573516845703,485.8354711532593,885.4845428466797,456.50390625,878.4251403808594,489.741153717041,855.1644897460938,432.42496490478516,829.3930053710938,403.48955154418945,811.3564300537109,373.7414073944092,911.5757751464844,494.57664012908936,891.2286376953125,445.924072265625,878.7960815429688,499.06893253326416,885.4567718505859,531.7987060546875,944.8841094970703,506.9958686828613,921.0698699951172,466.4920234680176,901.9249725341797,520.8909130096436,906.2939453125,554.4628572463989,978.7498474121094,525.9784412384033,955.5850219726562,483.4337568283081,932.3316192626953,516.4879703521729,929.7447204589844,545.0500202178955,32,1787812573.6479518
920.6532287597656,679.5803546905518,880.7202911376953,635.9968614578247,850.5329132080078,576.432638168335,853.0735015869141,523.5279750823975,888.4872436523438,493.1278610229492,890.240478515625,518.780722618103,872.9722595214844,464.8923969268799,843.128662109375,464.2811107635498,819.8486328125,478.3858394622803,924.5538330078125,525.8145046234131,897.8176116943359,484.3296146392822,884.2481994628906,541.5090322494507,891.6392517089844,572.6205110549927,959.4740295410156,539.9704742431641,930.6462097167969,506.06237411499023,911.7507934570312,559.6403789520264,914.4480895996094,588.6063051223755,994.9293518066406,561.463680267334,970.4323577880859,521.8681383132935,945.1650238037109,556.9659376144409,939.041748046875,583.8951015472412,33,1787812573.70206
926.4797210693359,677.955493927002,888.7493896484375,635.5925559997559,859.3943786621094,574.1571378707886,862.3102569580078,522.2033929824829,897.684326171875,495.63759326934814,900.4288482666016,517.8576135635376,885.2464294433594,466.6202116012573,855.6275177001953,461.8342065811157,831.1915588378906,469.6447563171387,935.2951812744141,525.8246326446533,910.7876586914062,485.2317810058594,893.6351013183594,542.8009128570557,900.2312469482422,573.6922788619995,970.2238464355469,541.8550157546997,942.3059844970703,507.90606021881104,919.6510314941406,562.4143409729004,921.8312072753906,590.4017972946167,1005.3452301025391,564.9548864364624,979.6718597412109,528.2317972183228,952.6901245117188,563.2126092910767,946.2478637695312,588.1266832351685,34,1787812573.7593858
930.8383178710938,670.6816864013672,894.4187164306641,629.735255241394,867.8038787841797,565.3277349472046,875.2949523925781,512.880163192749,912.9347229003906,488.8587713241577,909.9636840820312,511.9277000427246,895.9872436523438,463.0605983734131,867.7599334716797,448.2057523727417,840.1410675048828,443.8008785247803,945.6604766845703,519.8119354248047,924.6083831787109,479.53502655029297,905.7380676269531,535.2694416046143,906.4707183837891,570.0898790359497,980.284423828125,537.3408794403076,955.9268951416016,502.4886417388916,930.7164001464844,555.3528356552124,927.4876403808594,587.299919128418,1015.0230407714844,562.1346187591553,992.2721862792969,525.8426570892334,963.3856964111328,557.6936960220337,952.0164489746094,583.3947944641113,35,1787812573.7829375
937.3318481445312,660.0862741470337,904.1477203369141,620.1296854019165,877.0633697509766,556.0290098190308,884.4240570068359,501.033296585083,923.2825469970703,478.9479446411133,918.8979339599609,502.4648666381836,903.2476043701172,448.55555534362793,878.0742645263672,422.32020378112793,856.10107421875,400.82695484161377,954.7891235351562,511.78088665008545,935.079345703125,470.8068609237671,916.502685546875,527.8962850570679,918.5984802246094,561.0577011108398,988.3421325683594,530.6440258026123,965.9834289550781,495.0645446777344,940.9355926513672,547.4173593521118,939.0946197509766,578.4248113632202,1021.8748474121094,556.7172431945801,1003.6629486083984,518.9233303070068,974.4602966308594,548.8083744049072,962.3575592041016,573.5076141357422,36,1787812573.8398812
943.6070251464844,652.9425430297852,909.7888946533203,615.0021600723267,883.6871337890625,546.2576580047607,892.6011657714844,491.97880268096924,931.5029907226562,472.19457149505615,927.7963256835938,491.5156602859497,912.6185607910156,433.46059799194336,888.5790252685547,403.22553634643555,867.8347778320312,379.1443634033203,963.4217834472656,502.25003242492676,942.4891662597656,462.49094009399414,921.3416290283203,518.5232305526733,922.0582580566406,552.4408149719238,996.3345336914062,522.1170473098755,973.0847930908203,487.0101070404053,945.6319427490234,538.1213808059692,942.7488708496094,568.1876564025879,1029.1720581054688,548.7183380126953,1009.7931671142578,511.00725173950195,979.962158203125,541.6364479064941,969.1159820556641,566.1569452285767,37,1787812573.8791327
948.3070373535156,654.7340869903564,912.5373840332031,613.6520433425903,887.1167755126953,542.7990245819092,895.6693267822266,487.4187469482422,931.5579986572266,461.389217376709,928.9015960693359,488.6384439468384,917.3232269287109,428.65249156951904,893.6658477783203,398.9527988433838,873.1545257568359,375.6691646575928,964.1822814941406,497.90841579437256,944.2996215820312,455.744948387146,922.5732421875,511.47228240966797,924.5585632324219,544.0453720092773,997.6024627685547,516.4473724365234,973.6936950683594,480.12434005737305,945.9858703613281,532.2049427032471,945.3772735595703,561.9283676147461,1030.8558654785156,542.2940826416016,1011.7092895507812,502.1157503128052,981.9639587402344,532.939567565918,973.5837554931641,558.0098533630371,38,1787812573.931182
954.5127868652344,650.6557559967041,916.5142059326172,607.8420352935791,890.5414581298828,539.2814254760742,898.7178802490234,484.53723907470703,933.2622528076172,457.60228157043457,930.5020141601562,483.93359184265137,917.4302673339844,423.84181022644043,892.7894592285156,396.65245056152344,870.5885314941406,376.19324684143066,965.7338714599609,492.80895709991455,945.1530456542969,450.44490337371826,924.3730163574219,506.6076993942261,926.6293334960938,539.8588943481445,999.5793151855469,511.1230802536011,975.3107452392578,475.10350227355957,948.58154296875,527.6363039016724,948.4458160400391,557.860894203186,1033.3016204833984,536.747317314148,1014.0641021728516,497.101092338562,983.9885711669922,528.2360887527466,975.2689361572266,553.8352203369141,39,1787812573.9647858
965.7290649414062,648.527455329895,925.2669525146484,604.3131065368652,897.6500701904297,538.7223672866821,903.8169097900391,482.9135799407959,940.2074432373047,458.194899559021,935.7617950439453,483.8822650909424,922.5737762451172,422.8332567214966,898.0590057373047,395.6540250778198,875.3994750976562,374.47680473327637,970.9777069091797,492.269983291626,952.90283203125,448.158802986145,934.2893981933594,502.56447315216064,935.4705047607422,536.0132503509521,1005.5977630615234,510.18417835235596,983.3248901367188,474.1012144088745,957.1745300292969,525.1709890365601,954.4806671142578,555.6440162658691,1040.8606719970703,535.3889179229736,1022.3940277099609,497.1427631378174,992.9226684570312,526.5180587768555,981.5873718261719,551.4033365249634,40,1787812574.0231075
1009.5252990722656,652.8361129760742,968.6555480957031,600.1384735107422,947.4465179443359,531.4371013641357,964.4281768798828,478.08860778808594,1002.4090576171875,451.4447021484375,988.1285858154297,485.8129405975342,981.7499542236328,439.1770076751709,961.2017059326172,418.33285331726074,940.0384521484375,401.26872539520264,1023.4368896484375,493.33698749542236,1012.8760528564453,448.75961780548096,993.7289428710938,499.47667121887207,992.6780700683594,532.0691156387329,1057.8126525878906,509.44989681243896,1043.9822387695312,471.87549591064453,1017.1137237548828,522.3690032958984,1012.3384857177734,553.7469434738159,1092.4911499023438,532.8032684326172,1078.7137603759766,492.1784019470215,1050.2632141113281,522.7863550186157,1039.4967651367188,549.6320056915283,41,1787812574.0661197
1023.1355285644531,649.3113899230957,979.4622039794922,603.6614370346069,960.0006866455078,532.7506113052368,979.4173431396484,477.08327293395996,1017.0484161376953,452.280478477478,995.7731628417969,490.845365524292,985.8437347412109,445.00216484069824,968.7979125976562,419.9900722503662,950.7333374023438,405.1279306411743,1031.7041778564453,496.51838779449463,1024.365463256836,450.8922529220581,1008.3696746826172,492.367787361145,1001.1753845214844,527.5074291229248,1067.0658874511719,511.78582191467285,1054.9383544921875,473.38268280029297,1030.8428192138672,518.1248474121094,1020.2091217041016,553.5422801971436,1103.0549621582031,534.7810220718384,1090.478744506836,495.19354820251465,1064.7003173828125,523.0655193328857,1050.0436401367188,552.3352003097534,42,1787812574.1348677
1035.0162506103516,646.1363840103149,996.6996002197266,595.8528184890747,978.7190246582031,530.8752536773682,998.2474517822266,477.23291873931885,1035.6547546386719,450.9875679016113,1012.4756622314453,491.2359809875488,1001.9686126708984,447.2199010848999,985.13671875,421.07213973999023,968.6473846435547,397.6043128967285,1048.2826232910156,495.6387519836426,1040.7981872558594,452.81816482543945,1025.1183319091797,497.96085834503174,1020.1774597167969,533.2944345474243,1083.0195617675781,509.64829444885254,1073.841323852539,471.297812461853,1049.3415832519531,517.1572780609131,1040.3285217285156,553.2442760467529,1118.2687377929688,532.1291971206665,1110.1644134521484,490.98780155181885,1083.9212799072266,517.1227741241455,1068.8111114501953,546.4150714874268,43,1787812574.1734586
1051.2548065185547,639.4093179702759,1014.7434997558594,588.3488130569458,1000.8932495117188,523.7794160842896,1021.5812683105469,473.099570274353,1057.1683502197266,448.2148504257202,1037.3210906982422,488.0693006515503,1027.0257568359375,445.78567028045654,1010.1328277587891,416.09211444854736,994.8347473144531,390.495343208313,1071.1941528320312,493.57898712158203,1065.386962890625,446.2418603897095,1047.2703552246094,489.88964080810547,1041.0491180419922,527.761058807373,1104.6330261230469,509.04863834381104,1096.5190124511719,470.1045513153076,1070.0614166259766,514.9042654037476,1060.2496337890625,551.9720506668091,1138.6974334716797,533.0883550643921,1133.3943939208984,490.9033441543579,1104.2095947265625,515.2160882949829,1086.1309051513672,544.4113969802856,44,1787812574.2226973
1067.9590606689453,638.1639575958252,1031.1033630371094,585.1447534561157,1021.3478851318359,520.0296020507812,1045.8625793457031,469.8222541809082,1082.8562927246094,445.4265546798706,1056.6873168945312,487.4712324142456,1048.983383178711,447.27723598480225,1034.6857452392578,418.3729362487793,1021.7418670654297,393.3078861236572,1090.5093383789062,493.1307792663574,1089.8616790771484,444.70802307128906,1070.7256317138672,486.12815380096436,1062.1295166015625,523.653073310852,1123.890151977539,508.5626220703125,1119.8281860351562,469.3545627593994,1092.072982788086,512.8829526901245,1080.0831604003906,550.2116203308105,1157.6710510253906,532.4475002288818,1154.7574615478516,491.15216732025146,1124.9108123779297,514.4716358184814,1104.7708129882812,543.4190225601196,45,1787812574.2739997
1083.3726501464844,638.2659244537354,1045.8193969726562,584.833402633667,1038.9627838134766,519.2455387115479,1065.18798828125,469.9891948699951,1101.971206665039,445.6176996231079,1069.5240783691406,485.7315731048584,1063.7894439697266,446.5958261489868,1053.982925415039,416.16374015808105,1046.3336181640625,389.68162536621094,1104.9720001220703,490.72378635406494,1108.8395690917969,444.1233444213867,1089.9179077148438,484.05813217163086,1080.1594543457031,520.4763507843018,1139.8344421386719,505.3652572631836,1139.1344451904297,469.14183139801025,1110.783920288086,511.8817377090454,1097.0990753173828,548.5064220428467,1174.0646362304688,528.5502290725708,1174.6621704101562,490.0702714920044,1144.839859008789,513.5765075683594,1123.3834075927734,542.2215986251831,46,1787812574.3301544
1100.6462097167969,656.2223482131958,1070.9110260009766,601.4200115203857,1070.8304595947266,529.2070913314819,1105.262680053711,479.2899799346924,1149.0784454345703,462.9720211029053,1104.840087890625,505.1414108276367,1105.8467102050781,450.72853088378906,1103.949203491211,412.55863666534424,1107.2868347167969,379.0751838684082,1141.1707305908203,514.0368604660034,1154.6349334716797,463.9168882369995,1129.9092102050781,502.4480867385864,1115.3610229492188,538.3364725112915,1173.8764190673828,533.6485719680786,1182.2239685058594,493.7373876571655,1146.7691040039062,534.4002771377563,1127.7884674072266,570.7966947555542,1205.7979583740234,561.2406492233276,1218.6843872070312,517.3759317398071,1187.2412872314453,535.1053762435913,1162.0916748046875,562.1286535263062,47,1787812574.3734827
1101.1992645263672,659.394907951355,1070.1322174072266,601.4813804626465,1071.9526672363281,530.61767578125,1108.6617279052734,481.6615676879883,1151.9046020507812,469.1810131072998,1107.260971069336,506.5015697479248,1111.9644927978516,446.2641763687134,1115.1642608642578,404.42819595336914,1119.6234893798828,368.0570125579834,1142.5704193115234,517.5048494338989,1157.6007843017578,473.02558422088623,1133.0331420898438,505.5183792114258,1113.0165100097656,538.1224536895752,1174.6581268310547,537.2946166992188,1182.9698181152344,499.4984292984009,1145.8881378173828,534.1808938980103,1121.5789031982422,568.0577945709229,1205.0480651855469,565.2276992797852,1214.6717834472656,525.5147409439087,1184.090576171875,541.5473985671997,1158.851318359375,566.2899827957153,48,1787812574.4267764
1086.624984741211,653.8656091690063,1057.8900909423828,598.623046875,1062.3381042480469,527.299075126648,1099.8210906982422,479.69196796417236,1140.1376342773438,465.8875608444214,1099.9430084228516,502.3942708969116,1109.4352722167969,437.4165344238281,1113.945083618164,395.9887218475342,1121.9329071044922,359.6348547935486,1134.9036407470703,515.1164817810059,1149.51171875,469.92331981658936,1122.267074584961,507.8564929962158,1104.3219757080078,543.9184713363647,1166.0742950439453,536.3278198242188,1172.6705932617188,499.8750114440918,1137.6439666748047,536.7545700073242,1118.056411743164,571.4014577865601,1195.3565216064453,564.7430562973022,1206.084213256836,523.996524810791,1175.8377838134766,539.1722059249878,1152.4099731445312,563.5478210449219,49,1787812574.476135
1064.335708618164,646.7928171157837,1034.51904296875,590.2339553833008,1034.878921508789,523.7121677398682,1064.2792510986328,476.5703058242798,1102.1190643310547,462.1035861968994,1075.1654052734375,491.7560291290283,1082.4671173095703,427.5575065612793,1087.3017120361328,386.14394187927246,1094.168930053711,351.90796852111816,1108.06884765625,503.57062339782715,1114.647216796875,458.9890480041504,1091.7855834960938,493.64168643951416,1076.9792938232422,529.2989730834961,1138.52294921875,524.2229461669922,1137.8241729736328,490.94913482666016,1109.5895385742188,527.4414682388306,1095.8624267578125,563.1196975708008,1168.0118560791016,551.9369029998779,1171.7448425292969,513.9490985870361,1142.9415893554688,528.6006546020508,1123.240966796875,553.0314588546753,50,1787812574.5415273
1039.0709686279297,641.1225843429565,1003.8176727294922,584.0352201461792,998.3200073242188,518.0238246917725,1024.1883087158203,468.4989595413208,1059.6472930908203,452.28288173675537,1036.2464141845703,483.4389925003052,1037.6176452636719,415.83874225616455,1038.7613677978516,373.3252143859863,1043.5320281982422,338.587646484375,1068.0923461914062,493.7607765197754,1069.4586181640625,445.882830619812,1049.4033813476562,480.3693437576294,1037.7584838867188,516.3919687271118,1098.8248443603516,512.6712942123413,1092.8285217285156,475.983567237854,1067.782211303711,513.9435195922852,1057.2325897216797,550.8856916427612,1129.4159698486328,538.6040925979614,1127.2496032714844,499.16677951812744,1099.4315338134766,517.2046566009521,1081.7872619628906,543.5437774658203,51,1787812574.596594
1011.6526031494141,633.06321144104,973.8535308837891,578.0065155029297,961.7156219482422,513.0983448028564,980.2623748779297,462.4007320404053,1012.6518249511719,439.4253158569336,997.2203063964844,472.32516288757324,990.5908203125,404.52977657318115,987.1173095703125,362.4146318435669,988.3955383300781,327.91166067123413,1030.1083374023438,481.1360692977905,1025.5632019042969,437.6142883300781,1006.7400360107422,475.4905128479004,997.9345703125,510.8064937591553,1062.3320007324219,498.0314111709595,1051.3115692138672,463.20955753326416,1027.7674865722656,503.27420711517334,1020.1829528808594,538.4824275970459,1094.2933654785156,521.9039297103882,1084.7846221923828,483.81810665130615,1058.3009338378906,506.5088224411011,1045.1605224609375,533.7845706939697,52,1787812574.635362
961.5310668945312,596.1343860626221,917.3493194580078,534.3385648727417,895.6463623046875,475.53338527679443,897.2499084472656,420.40579319000244,926.754150390625,396.4863681793213,933.5684204101562,434.16449546813965,920.2413940429688,371.64520740509033,906.5218353271484,337.59769678115845,902.9713439941406,306.2643885612488,959.5542144775391,437.9692840576172,936.1201477050781,395.36730766296387,918.00537109375,434.18835639953613,919.0042877197266,463.5183334350586,986.7443084716797,448.5588598251343,959.1647338867188,409.5351219177246,935.8592987060547,450.9474849700928,937.1657562255859,482.7489995956421,1015.8402252197266,465.7421636581421,987.2312927246094,421.56965732574463,959.9327087402344,447.6406002044678,953.4261322021484,477.4211025238037,53,1787812574.680914
937.2382354736328,583.0494976043701,889.8822784423828,534.3069362640381,860.5236053466797,473.61103534698486,856.5631103515625,416.9770288467407,886.1161041259766,389.83006954193115,894.2734527587891,425.90693950653076,882.2154998779297,364.5965766906738,869.3365478515625,329.77262020111084,862.5630950927734,297.2686243057251,923.0010223388672,428.6876392364502,900.3621673583984,387.70039558410645,886.8490600585938,426.64220809936523,887.5064086914062,458.0162000656128,952.4835968017578,437.3378276824951,926.1235046386719,399.8268985748291,908.0860900878906,443.0117082595825,908.8701629638672,477.5603199005127,983.9208221435547,451.64588928222656,954.9408721923828,414.31267261505127,933.1482696533203,444.24277782440186,929.7368621826172,476.683988571167,54,1787812574.7436662
923.5301971435547,579.7521829605103,875.7437896728516,535.5263328552246,841.0617065429688,481.2510395050049,827.0473480224609,429.2206907272339,847.9599761962891,394.122633934021,868.0849456787109,429.36033725738525,848.8808441162109,367.7492666244507,830.9991455078125,333.1276559829712,821.8877410888672,299.78902101516724,895.6622314453125,428.1462621688843,866.0232543945312,387.3240280151367,854.686279296875,432.36934661865234,862.1754455566406,462.9161024093628,925.0558471679688,434.0275526046753,893.0956268310547,400.4323482513428,880.3142547607422,448.28428745269775,889.4806671142578,478.92468452453613,956.2379455566406,447.0133066177368,923.7841033935547,411.7469787597656,904.7482299804688,445.6244373321533,907.4405670166016,476.6482400894165,55,1787812574.784824
911.2751770019531,581.260871887207,862.4966430664062,540.310492515564,823.4578704833984,489.48894023895264,803.1752014160156,438.19154262542725,823.6503601074219,399.88346099853516,846.0852813720703,434.7750520706177,818.8679504394531,371.9924783706665,795.1071929931641,337.4840569496155,779.6837615966797,305.4761838912964,873.5520172119141,432.0461940765381,839.8868560791016,395.68016052246094,838.0049896240234,444.89019870758057,852.0733642578125,474.3943691253662,904.0850830078125,436.0638427734375,867.8768157958984,406.4143180847168,861.9602966308594,456.97370052337646,875.3124237060547,486.185359954834,937.757568359375,447.6348924636841,902.0185852050781,416.377158164978,885.2597045898438,451.2613248825073,888.8214874267578,480.2457046508789,56,1787812574.836428
908.6113739013672,585.8399391174316,860.8338928222656,548.9527416229248,816.8296813964844,497.57500648498535,794.3769836425781,446.4300012588501,813.9603424072266,407.7934455871582,835.9703063964844,438.4192943572998,803.4986114501953,376.22157096862793,776.7401123046875,342.59109020233154,759.0348052978516,310.10039806365967,864.9517059326172,437.0151901245117,828.6940765380859,400.82579612731934,828.3356475830078,455.0651693344116,844.4730377197266,483.36753845214844,895.7053375244141,442.11949825286865,856.3050842285156,411.2103223800659,851.7942047119141,465.3584146499634,867.3390197753906,492.95358180999756,928.6259460449219,454.15948390960693,890.1504516601562,421.23581886291504,875.3528594970703,458.7009572982788,882.5284576416016,486.120343208313,57,1787812574.8604221
912.6062774658203,588.5695266723633,864.5574951171875,550.7223129272461,822.125244140625,497.02723503112793,800.2992248535156,447.40907192230225,820.2479553222656,407.302451133728,838.1934356689453,438.7794828414917,804.9376678466797,375.1614761352539,779.1387176513672,341.4370536804199,762.80517578125,308.14367294311523,869.1710662841797,437.0210266113281,832.1445465087891,401.33073806762695,829.2681121826172,455.7653331756592,845.8513641357422,486.92869663238525,901.4747619628906,443.17933559417725,861.3712310791016,414.12508964538574,854.8645782470703,467.4978733062744,870.8895111083984,496.2559175491333,936.28173828125,455.8642530441284,898.9385986328125,424.71389293670654,881.7195129394531,460.42774200439453,887.2029876708984,488.0010652542114,58,1787812574.905682
927.5879669189453,587.3074293136597,877.8178405761719,546.4140844345093,835.6980133056641,490.59473991394043,815.5494689941406,438.67451190948486,838.5117340087891,400.6478261947632,857.4122619628906,430.70491790771484,825.8807373046875,366.8396759033203,801.1979675292969,331.58650159835815,786.1830902099609,298.0174970626831,888.3497619628906,430.6826448440552,851.6152954101562,394.1935729980469,848.1077575683594,447.9525947570801,863.5245513916016,478.4631299972534,920.7595062255859,439.0148735046387,882.3665618896484,412.6462697982788,874.4059753417969,464.2705965042114,887.9512023925781,492.5054168701172,955.2186584472656,454.0890598297119,918.8264465332031,424.71221923828125,901.0012054443359,460.9843969345093,904.6401214599609,489.22998905181885,59,1787812574.9552486
941.4374542236328,585.3321647644043,894.1349792480469,543.4539985656738,855.3223419189453,484.9791383743286,838.4958648681641,432.8691816329956,862.4681091308594,396.5664052963257,885.9171295166016,425.7243776321411,861.0353851318359,354.3708372116089,843.3255004882812,314.20589447021484,834.3584442138672,277.7124881744385,916.2884521484375,428.7566041946411,880.8359527587891,390.7880687713623,872.8364562988281,440.08174896240234,885.5355072021484,472.2705316543579,947.2540283203125,439.3052816390991,909.5793151855469,411.1581802368164,897.8071594238281,459.1126871109009,908.6593627929688,487.9804229736328,980.1828002929688,456.29430770874023,944.7085571289062,424.6526527404785,924.8237609863281,458.92115592956543,927.1378326416016,487.33677864074707,60,1787812575.0123649
965.4843139648438,590.5630731582642,928.0149841308594,539.0429019927979,907.3174285888672,468.06650161743164,914.7605895996094,411.224570274353,955.8877563476562,384.16438579559326,955.5934906005859,420.12641429901123,968.6774444580078,343.1580662727356,979.2255401611328,302.46341943740845,994.5165252685547,267.06669330596924,986.6177368164062,432.4672794342041,968.9778137207031,388.1269311904907,947.1696472167969,436.25837802886963,947.8639984130859,471.6461992263794,1015.7305908203125,449.44111347198486,993.3511352539062,408.41095447540283,968.8107299804688,457.14111328125,968.7245941162109,492.27715015411377,1047.6606750488281,470.54829597473145,1025.7276916503906,426.923131942749,996.2555694580078,456.1300277709961,985.8866882324219,486.73137187957764,61,1787812575.0546496
965.8856964111328,595.0558805465698,927.4460601806641,546.1774063110352,900.8712768554688,476.89706325531006,904.5846557617188,416.77361011505127,947.5181579589844,395.1707124710083,944.0903472900391,422.231068611145,947.1927642822266,347.1021366119385,948.7361907958984,305.08792877197266,957.5214385986328,268.20706129074097,975.6563568115234,432.6363229751587,957.659912109375,390.20025730133057,936.2474822998047,437.25324153900146,933.8514709472656,473.6288022994995,1006.4746856689453,448.9029550552368,984.7791290283203,411.78925037384033,958.3186340332031,458.6237096786499,954.1098785400391,493.23931217193604,1037.8825378417969,471.62765979766846,1016.6098022460938,431.44293308258057,988.3522033691406,461.07396125793457,978.6405944824219,490.7882881164551,62,1787812575.108362
959.6141052246094,602.9921722412109,917.0713043212891,555.1379156112671,886.461181640625,491.0846185684204,882.5758361816406,433.2115602493286,915.118408203125,402.14406967163086,922.4812316894531,433.8018608093262,912.0879364013672,357.63935565948486,903.9225006103516,314.22203063964844,904.1793060302734,275.728018283844,954.4096374511719,439.69825744628906,933.0968475341797,398.0012798309326,917.2774505615234,445.96707344055176,919.2529296875,481.679892539978,987.2154998779297,452.69585609436035,961.0177612304688,420.53462505340576,940.546875,468.5856056213379,941.5677642822266,501.235728263855,1021.1164093017578,473.4099340438843,999.3384552001953,435.2406406402588,973.3807373046875,466.81517601013184,966.0786437988281,496.37333393096924,63,1787812575.171093
955.3430938720703,607.9946422576904,911.0352325439453,563.3483505249023,874.0156555175781,500.3104305267334,863.7183380126953,440.35014152526855,900.6649780273438,408.7546634674072,903.8397216796875,441.67669773101807,887.0186614990234,365.312876701355,873.0751037597656,323.33847284317017,868.1114959716797,284.678099155426,937.4201202392578,445.5626392364502,912.5061798095703,402.9394197463989,901.9171142578125,456.8304491043091,908.7557983398438,491.2438774108887,971.3658905029297,456.9593667984009,944.0763854980469,421.2836265563965,927.7584838867188,474.6437072753906,932.7473449707031,506.82626724243164,1006.5848541259766,475.5453157424927,981.0175323486328,435.9199905395508,958.1824493408203,470.9493827819824,954.7651672363281,500.58616161346436,64,1787812575.2109096
952.4636077880859,607.1962451934814,908.1538391113281,564.5004558563232,870.6189727783203,503.2546377182007,861.5285491943359,445.8768653869629,898.2964324951172,413.6840057373047,899.4573211669922,440.31907081604004,882.6639556884766,364.38920974731445,868.8662719726562,323.28394889831543,863.8301086425781,284.12635803222656,934.8597717285156,446.00844383239746,909.2415618896484,403.89325618743896,897.4082946777344,461.6278266906738,905.6541442871094,497.1858501434326,969.6342468261719,459.2691135406494,941.7196655273438,421.9492435455322,924.0155792236328,477.2292709350586,929.3856048583984,510.53393840789795,1005.52978515625,478.9357566833496,981.9088745117188,439.66100692749023,956.7766571044922,473.89071464538574,951.6371154785156,503.181209564209,65,1787812575.2652128
968.4353637695312,606.4435958862305,932.4349975585938,555.369701385498,909.4998931884766,487.09439277648926,915.5599975585938,432.29613304138184,956.1928558349609,406.7833471298218,957.3371124267578,434.8305416107178,963.41064453125,356.97255849838257,968.89404296875,313.8881492614746,980.1175689697266,276.1273241043091,988.9798736572266,448.01443576812744,970.1422119140625,400.6531047821045,947.3956298828125,450.8558177947998,948.2033538818359,487.5840997695923,1018.6897277832031,466.99769496917725,995.0502777099609,427.31554985046387,968.8684844970703,476.88740730285645,968.3883666992188,509.6010446548462,1050.67138671875,491.0255241394043,1029.4557189941406,447.48181343078613,1000.8029937744141,476.83032989501953,993.38623046875,503.5748291015625,66,1787812575.3225658
972.0664215087891,614.923152923584,933.4151458740234,563.4775686264038,905.9355926513672,494.6289110183716,909.1863250732422,435.26076793670654,950.738525390625,408.5090160369873,945.9755706787109,440.9480381011963,938.9826202392578,364.54885482788086,932.2195434570312,321.4381170272827,934.4210815429688,281.55238151550293,980.0289916992188,450.67591667175293,960.5933380126953,407.0183515548706,940.3511810302734,457.6969528198242,941.0040283203125,493.73047828674316,1012.5344085693359,467.26372718811035,991.8571472167969,426.6190767288208,964.0702819824219,477.23214626312256,960.9269714355469,513.1004476547241,1044.9359130859375,490.4173707962036,1025.3094482421875,446.67174339294434,995.3749084472656,477.01241970062256,984.7792816162109,507.0123052597046,67,1787812575.367979
971.5930938720703,620.7263374328613,932.9171752929688,570.1183319091797,900.4651641845703,506.24287605285645,897.0805358886719,447.82878398895264,934.0115356445312,414.3375635147095,933.2968139648438,447.37366676330566,914.6926879882812,373.1496047973633,897.7980041503906,331.53841495513916,891.4347839355469,291.588671207428,968.6055755615234,454.3128204345703,947.9281616210938,408.03754806518555,930.9014892578125,463.6334753036499,935.8704376220703,497.5767660140991,1003.1937408447266,469.0014982223511,979.6308898925781,429.54294204711914,955.4132080078125,484.5744466781616,957.6499176025391,516.3293552398682,1038.1077575683594,491.17087841033936,1015.9701538085938,448.7529230117798,988.4639739990234,483.8773727416992,982.926025390625,512.5537490844727,68,1787812575.4164717
973.2435607910156,622.1205711364746,931.4901733398438,574.0980434417725,900.9237670898438,507.46313095092773,897.4996185302734,447.0661783218384,938.0149841308594,418.83071422576904,932.0331573486328,448.97273540496826,914.18212890625,372.6645755767822,898.5157012939453,331.0071659088135,891.9911193847656,291.5589737892151,968.5833740234375,456.64432525634766,946.5380096435547,410.3820562362671,931.5268707275391,467.9502868652344,936.9725036621094,503.1001853942871,1004.1384124755859,471.99501514434814,978.9404296875,433.41562271118164,956.5201568603516,488.74144077301025,958.4012603759766,521.833119392395,1039.8484802246094,493.55679988861084,1018.5256958007812,451.29745960235596,990.8314514160156,484.4451856613159,982.8916931152344,513.048906326294,69,1787812575.4696372
972.8543853759766,619.7114753723145,935.5250549316406,571.5892553329468,907.4495697021484,504.156289100647,903.9290618896484,446.63183212280273,944.7658538818359,418.14608573913574,944.5687866210938,445.62984466552734,934.9158477783203,366.61505699157715,926.4913940429688,323.92911672592163,927.6034545898438,283.9379596710205,978.9158630371094,456.0590887069702,953.9421844482422,411.208176612854,935.1174926757812,468.9062690734863,943.1550598144531,502.7308130264282,1012.0884704589844,473.68682384490967,984.2801666259766,435.07412910461426,960.5457305908203,488.193883895874,966.0220336914062,518.2050132751465,1046.6409301757812,497.43184089660645,1025.9959411621094,452.4506378173828,996.9823455810547,484.573073387146,991.4340972900391,512.8105974197388,70,1787812575.5236058
972.8394317626953,618.5293292999268,937.0345306396484,570.2400398254395,911.1334228515625,501.7971897125244,911.2926483154297,445.05632400512695,953.260498046875,418.21492195129395,953.8266754150391,442.7246046066284,950.0365447998047,364.49018955230713,947.1049499511719,320.69254875183105,954.0809631347656,280.76406955718994,987.9580688476562,455.637788772583,965.5181121826172,411.30499362945557,942.2817230224609,468.3877229690552,946.6834259033203,504.06702518463135,1020.9889221191406,475.4033946990967,994.0669250488281,438.097128868103,967.3703765869141,490.5478763580322,970.4920196533203,521.291913986206,1054.8258972167969,500.9257507324219,1033.2353973388672,459.3593645095825,1002.9099273681641,491.2804841995239,996.3794708251953,518.1671190261841,71,1787812575.578844
971.8608093261719,623.2989835739136,934.4314575195312,575.6734657287598,902.9257965087891,509.7536087036133,901.9699096679688,452.0577049255371,942.2997283935547,423.5033369064331,941.8201446533203,448.6354637145996,928.4700012207031,370.870885848999,916.3113403320312,327.1721863746643,913.5741424560547,286.9348454475403,977.0697021484375,457.87075996398926,954.1355133056641,416.9660425186157,935.7826232910156,473.9892911911011,940.4886627197266,508.0128765106201,1011.1309814453125,474.45247650146484,985.4464721679688,441.23308181762695,961.1732482910156,496.4862012863159,964.4235992431641,526.6817808151245,1045.1168823242188,498.97069931030273,1021.5328216552734,462.5374174118042,992.2013854980469,498.35795402526855,985.6889343261719,525.202488899231,72,1787812575.6221573
970.4224395751953,628.394365310669,932.3268890380859,580.8036518096924,902.0066070556641,513.2418966293335,900.9160614013672,455.0737953186035,942.2003173828125,426.7013454437256,939.6430969238281,452.3196601867676,925.6492614746094,373.3061170578003,913.4137725830078,330.10851860046387,910.9588623046875,289.6505069732666,976.3858032226562,463.081111907959,953.1192016601562,419.06636238098145,933.5976409912109,478.1809186935425,938.3277130126953,513.787693977356,1010.8197021484375,481.21941089630127,983.9228820800781,443.3438730239868,959.8978424072266,499.258189201355,964.3177032470703,530.7468509674072,1045.6102752685547,505.80621242523193,1024.1339874267578,466.09355449676514,994.4118499755859,500.4251003265381,987.7017211914062,527.1319627761841,73,1787812575.675691
972.0783996582031,630.3977394104004,935.8557891845703,582.0613288879395,908.4033966064453,512.045373916626,906.8623352050781,454.1777229309082,947.6045989990234,426.4503335952759,949.0347290039062,453.28813076019287,939.1350555419922,373.20582389831543,930.2614593505859,329.41309690475464,931.4873504638672,288.0990529060364,984.5133972167969,465.08246898651123,960.3846740722656,419.6613836288452,938.7478637695312,477.777042388916,944.8494720458984,511.8591642379761,1018.4404754638672,484.3306016921997,989.6949768066406,448.7067461013794,964.3557739257812,501.8441390991211,969.8090362548828,529.2957973480225,1052.7200317382812,509.5180892944336,1031.1935424804688,469.8371887207031,1000.2076721191406,502.72222995758057,994.0962219238281,527.9082155227661,74,1787812575.7096438
977.1947479248047,626.47141456604,941.2214660644531,575.1565074920654,917.4030303955078,505.62841415405273,919.7593688964844,448.2253646850586,962.1292877197266,423.7494993209839,961.5784454345703,449.3354558944702,955.6399536132812,369.72049713134766,950.6589508056641,325.11104822158813,954.0472412109375,284.3756103515625,997.4396514892578,463.14282417297363,977.5388336181641,417.90228366851807,953.3574676513672,471.727352142334,954.141845703125,507.31202602386475,1031.3212585449219,484.6217393875122,1006.2396240234375,447.96813011169434,977.9796600341797,497.643027305603,977.0497894287109,528.6722373962402,1065.558090209961,512.5450801849365,1044.9992370605469,471.7685079574585,1012.5559234619141,501.43210887908936,1001.3144683837891,528.0615520477295,75,1787812575.761997
979.9934387207031,624.7304677963257,946.4509582519531,573.9542770385742,925.7433319091797,504.32541847229004,930.7323455810547,447.8196430206299,972.5655364990234,422.02292919158936,971.7861175537109,446.6673231124878,969.3088531494141,366.6935062408447,965.6388854980469,322.1760678291321,971.0056304931641,281.9217109680176,1007.2930145263672,460.87796688079834,989.9899291992188,414.37777519226074,963.1719207763672,469.24787521362305,962.4908447265625,506.02765560150146,1040.5279541015625,482.9485559463501,1016.4051818847656,444.8559093475342,985.5857086181641,495.5146837234497,983.8847351074219,527.9453802108765,1073.868408203125,511.33156299591064,1054.2889404296875,470.0087642669678,1020.4253387451172,498.8011837005615,1008.8489532470703,524.7717475891113,76,1787812575.808775
981.8873596191406,623.4878540039062,947.1678161621094,571.3947629928589,926.8323516845703,500.93403339385986,934.8145294189453,443.2254695892334,978.0943298339844,421.4929246902466,972.9711151123047,444.2786121368408,971.7595672607422,363.77655029296875,968.6388397216797,319.60018157958984,973.7995147705078,279.28632259368896,1009.6352386474609,458.85785579681396,995.2393341064453,412.5679063796997,968.3027648925781,466.49794578552246,965.0102996826172,504.1302824020386,1043.3609771728516,480.84149837493896,1022.2950744628906,442.6488161087036,989.6759033203125,492.8884792327881,983.9320373535156,526.5275001525879,1076.3522338867188,509.3742370605469,1059.2729187011719,469.38430309295654,1024.3729400634766,496.8079376220703,1009.3303680419922,522.1584606170654,77,1787812575.8603425
981.6716003417969,621.1643743515015,947.0172882080078,570.4566335678101,925.7146453857422,499.67395305633545,934.2539215087891,441.2630367279053,977.6766204833984,420.53441047668457,971.7710113525391,442.7419853210449,970.5913543701172,362.7628469467163,967.1617889404297,319.2971134185791,971.2670135498047,279.79840993881226,1008.0434417724609,457.9465055465698,994.9651336669922,411.49600982666016,969.4382476806641,464.72386837005615,965.1293182373047,502.6240396499634,1041.2637329101562,480.30685901641846,1022.2721099853516,442.83373832702637,990.3053283691406,492.3061180114746,982.9307556152344,525.8487939834595,1073.4196472167969,508.9334535598755,1058.5430908203125,470.0119400024414,1024.7842407226562,497.0944404602051,1009.2375183105469,522.0454216003418,78,1787812575.9015415
980.1120758056641,613.3185052871704,941.5196228027344,555.1961946487427,913.5927581787109,490.75605869293213,913.1620025634766,432.0308303833008,951.5452575683594,401.0425615310669,953.7864685058594,438.87664318084717,936.5316009521484,364.69605445861816,922.2567749023438,322.5575852394104,917.6527404785156,282.9631805419922,988.0121612548828,447.2151803970337,965.4450988769531,400.08679389953613,950.1718139648438,452.0248317718506,955.6569671630859,486.7518424987793,1021.6061401367188,463.3059883117676,995.6496429443359,423.9349365234375,973.5676574707031,474.901328086853,976.2135314941406,506.92638874053955,1055.0575256347656,487.99089431762695,1031.7628479003906,445.12928009033203,1002.4852752685547,477.1542978286743,993.5830688476562,505.9122133255005,79,1787812575.949552
978.4281921386719,606.1553764343262,939.9320220947266,549.1756439208984,910.7761383056641,486.982684135437,909.2153930664062,429.57122325897217,945.0531768798828,398.2277011871338,947.9030609130859,435.5581283569336,923.3892059326172,370.78617095947266,900.9822082519531,334.8699975013733,887.5817108154297,298.55308055877686,982.1977233886719,441.0084629058838,958.2816314697266,391.0964584350586,942.6251983642578,445.8961343765259,948.0095672607422,480.8426570892334,1016.3001251220703,455.6834077835083,986.7399597167969,413.26794147491455,964.9423980712891,467.0055055618286,968.6329650878906,500.8431386947632,1050.8712005615234,478.93009185791016,1024.3883514404297,435.5150842666626,995.4972839355469,467.42684841156006,988.2622528076172,496.4350891113281,80,1787812576.0017335
974.8207092285156,603.1068849563599,935.6649017333984,546.5266513824463,908.7039184570312,480.8635997772217,909.2168426513672,425.71364879608154,942.8318023681641,392.08977699279785,949.4152069091797,433.28288555145264,927.3518371582031,387.89939403533936,900.1690673828125,367.22278118133545,878.7863159179688,344.05832290649414,983.2441711425781,438.75197410583496,956.5004730224609,388.0012321472168,941.4141082763672,444.4239664077759,949.0248107910156,478.6078405380249,1016.6100311279297,453.46030712127686,985.3775787353516,410.07473945617676,964.3311309814453,464.5555543899536,969.2894744873047,496.60606384277344,1051.135025024414,476.8067693710327,1024.8480224609375,430.98910331726074,995.5946350097656,462.8672218322754,987.3859405517578,492.005410194397,81,1787812576.0422523
973.7942504882812,592.9492950439453,935.5641174316406,540.4489803314209,909.0177917480469,475.55213928222656,916.153564453125,422.86900520324707,950.999755859375,388.0418300628662,955.9840393066406,431.0634756088257,938.6112976074219,384.6471405029297,906.0537719726562,375.58629512786865,877.3377990722656,373.64956855773926,987.8903198242188,437.8448724746704,960.9180450439453,387.3023557662964,943.9788055419922,442.857084274292,951.4076995849609,476.1660861968994,1019.6931457519531,452.874813079834,989.215087890625,409.6822786331177,967.3619842529297,463.6603832244873,971.4561462402344,493.28518867492676,1053.4905242919922,475.69002628326416,1031.649398803711,428.2160425186157,1002.8781127929688,459.24370765686035,994.0763092041016,485.5402994155884,82,1787812576.1014035
978.4210205078125,588.2778310775757,941.7575073242188,538.9203786849976,916.3326263427734,475.0029516220093,922.4679565429688,422.51765727996826,956.1436462402344,390.8801221847534,960.6202697753906,430.47690868377686,947.288818359375,388.75843048095703,917.0774841308594,374.35638427734375,888.4992980957031,364.158411026001,992.1158599853516,436.2719392776489,969.6788787841797,386.3231134414673,952.7925109863281,438.5459804534912,955.9457397460938,474.0430212020874,1023.9475250244141,451.45182609558105,998.5378265380859,409.6395778656006,976.3202667236328,459.962797164917,976.3526916503906,491.7131996154785,1057.6720428466797,474.3408536911011,1039.9520111083984,430.07453441619873,1011.6539001464844,458.29811096191406,999.6477508544922,484.58298683166504,83,1787812576.141558
984.4450378417969,585.1577568054199,949.1511535644531,536.6146659851074,924.1483306884766,470.8761692047119,930.640869140625,414.91846561431885,969.0278625488281,387.3328685760498,963.6659240722656,427.0934200286865,947.6107025146484,384.00684356689453,924.62646484375,357.05360412597656,907.1688842773438,330.7490301132202,997.7900695800781,432.6284694671631,983.1025695800781,383.57614517211914,965.4145050048828,436.1080026626587,964.5999908447266,473.3104133605957,1031.1808013916016,448.75970363616943,1011.0361480712891,409.7763919830322,987.0769500732422,458.50191593170166,983.3547973632812,492.2038507461548,1065.2863311767578,472.75242805480957,1048.0203247070312,432.1055030822754,1019.6357727050781,458.6484718322754,1005.9682464599609,485.5745458602905,84,1787812576.185983
987.2811889648438,576.3910961151123,953.7664794921875,533.9762735366821,930.9964752197266,468.1658935546875,940.0037384033203,413.51109981536865,977.4504089355469,387.38595485687256,968.5429382324219,422.9235506057739,956.4420318603516,363.8913059234619,944.3244171142578,327.4300217628479,938.4017181396484,294.15640354156494,1003.96728515625,431.15132331848145,992.659912109375,383.13896656036377,972.2298431396484,434.9683427810669,968.8392639160156,472.864351272583,1036.9410705566406,449.2961883544922,1020.3580474853516,410.1654624938965,994.3804168701172,458.84562492370605,989.4631958007812,492.7051877975464,1070.134506225586,474.14048194885254,1055.7382202148438,433.41935634613037,1027.8206634521484,460.0050687789917,1015.3337097167969,486.13935470581055,85,1787812576.233978
991.6407012939453,577.7906513214111,957.0805358886719,535.3209829330444,926.9818878173828,475.8488130569458,925.3507995605469,423.51415157318115,961.1115264892578,397.20404148101807,963.1740570068359,423.0996322631836,937.2086334228516,356.2167549133301,917.2332763671875,316.5505313873291,908.6067199707031,280.9528112411499,998.1590270996094,428.50966930389404,970.5852508544922,386.88066959381104,955.9201049804688,441.4473581314087,964.0000915527344,476.04763984680176,1031.5863800048828,444.03111934661865,1000.5996704101562,411.12226009368896,979.2755889892578,462.1916913986206,985.4718017578125,492.2412300109863,1064.7491455078125,467.75914192199707,1035.8619689941406,434.76771354675293,1009.04052734375,466.1576271057129,1005.4447174072266,490.69713592529297,86,1787812576.2738016
994.1774749755859,594.2241811752319,956.6157531738281,545.0628089904785,922.2312927246094,486.7544174194336,916.6504669189453,435.79506397247314,949.7172546386719,409.1778516769409,964.1098785400391,418.66390228271484,923.2203674316406,375.04380226135254,893.8617706298828,347.3311758041382,872.8327941894531,318.6149311065674,1001.7909240722656,420.94489574432373,958.4233093261719,394.9838161468506,946.9239807128906,451.5718173980713,954.6456909179688,485.21899223327637,1035.5892181396484,436.5213632583618,988.5958862304688,422.3276710510254,971.0584259033203,474.1781187057495,976.0305023193359,503.4090042114258,1064.4837951660156,463.2339334487915,1021.8679809570312,447.17857360839844,996.7424774169922,479.29633140563965,992.6155090332031,501.649432182312,87,1787812576.3236816
997.6586151123047,605.6163597106934,955.9894561767578,555.4923105239868,917.0958709716797,500.2560567855835,907.1666717529297,454.2345428466797,938.1305694580078,427.44824409484863,970.4690551757812,425.41019439697266,918.4226989746094,399.1027879714966,878.583984375,388.11723232269287,845.4921722412109,378.9593553543091,1007.7552795410156,427.4794864654541,947.3037719726562,412.98633098602295,939.8843383789062,466.94164752960205,951.9355773925781,496.6819381713867,1039.9552917480469,443.2969665527344,976.6910552978516,440.2921199798584,964.1429901123047,490.06731033325195,973.2723236083984,514.0176773071289,1065.1153564453125,470.8787441253662,1012.0076751708984,460.5894470214844,991.2183380126953,493.9735507965088,991.2832641601562,514.4627952575684,88,1787812576.3769083
998.4248352050781,603.3697414398193,954.5274353027344,557.5486850738525,917.6651000976562,509.96028900146484,908.1575012207031,469.96469020843506,935.7790374755859,441.18857860565186,969.8031616210938,428.9537572860718,915.9905242919922,415.04377841949463,875.8286285400391,423.8730525970459,843.9680480957031,434.94362354278564,1007.9893493652344,431.1327838897705,945.0825500488281,428.7682771682739,941.5111541748047,481.8138313293457,955.2175903320312,508.91199588775635,1039.6174621582031,446.99352264404297,973.6775207519531,454.80535984039307,967.4005889892578,503.00559997558594,978.7784576416016,523.8139200210571,1064.678726196289,474.73936557769775,1009.677734375,473.9805793762207,991.6901397705078,508.08063983917236,991.5792846679688,526.3170003890991,89,1787812576.426097
1000.9941101074219,598.0037355422974,960.0254058837891,561.5813112258911,926.0967254638672,517.0905017852783,917.7775573730469,480.43869495391846,942.6451873779297,455.22314071655273,970.5632781982422,433.9476013183594,923.9743804931641,426.1418151855469,885.9935760498047,439.5021343231201,855.1933288574219,454.40603256225586,1009.2245483398438,436.4681911468506,955.7878875732422,438.45165252685547,952.9868316650391,490.20416736602783,966.3875579833984,514.5195293426514,1041.7626953125,454.29123401641846,985.9481811523438,465.7607889175415,979.1537475585938,510.5767250061035,990.07080078125,526.1929321289062,1069.2462158203125,483.64794731140137,1021.5741729736328,486.23578548431396,1003.9396667480469,518.7892627716064,1004.3704223632812,533.9794921875,90,1787812576.4818013
1009.700927734375,603.0997610092163,965.6717681884766,569.0492248535156,936.4353179931641,522.851414680481,943.4053802490234,487.6733207702637,973.5900115966797,470.9800672531128,975.2586364746094,443.22083473205566,938.2424163818359,438.8431692123413,907.509765625,458.41514110565186,882.6914978027344,481.23863697052,1014.6982574462891,443.8433647155762,975.0730895996094,449.83962535858154,968.1609344482422,497.9449796676636,973.2093048095703,525.7137393951416,1049.0584564208984,460.92182636260986,1009.4114685058594,479.2498970031738,1000.1853942871094,519.8050260543823,1003.6545562744141,535.2655363082886,1078.673324584961,489.4128084182739,1043.609619140625,502.4746513366699,1028.2090759277344,532.3823976516724,1027.488021850586,543.0024003982544,91,1787812576.522374
1027.0205688476562,605.8990859985352,998.4142303466797,572.0192670822144,984.2438507080078,530.0871133804321,1008.6045837402344,496.5628910064697,1043.471908569336,478.41012954711914,993.5398864746094,457.8877544403076,987.8392028808594,443.89546394348145,990.7772064208984,428.01549911499023,996.7267608642578,423.2626676559448,1036.2577056884766,452.44677543640137,1041.2213897705078,452.8511667251587,1031.030502319336,496.00799560546875,1023.3106994628906,514.8298501968384,1074.423828125,462.3733949661255,1080.6837463378906,478.14186573028564,1060.4578399658203,514.8922920227051,1045.6187438964844,527.8981304168701,1107.7206420898438,486.09755516052246,1116.3792419433594,493.7120246887207,1096.8051147460938,518.1073379516602,1079.2277526855469,526.1525917053223,92,1787812576.5728238
1031.2259674072266,593.2525777816772,1002.7587890625,564.8852348327637,989.4412994384766,520.9099674224854,1012.0981597900391,484.19949531555176,1046.5955352783203,465.7979106903076,999.1529846191406,447.3451280593872,1000.3319549560547,415.3574466705322,1006.8837738037109,388.33056449890137,1016.4083862304688,363.36735248565674,1041.7400360107422,444.83612537384033,1050.667724609375,444.7281503677368,1037.929916381836,495.35778522491455,1027.2702026367188,519.8323631286621,1078.904037475586,458.0906581878662,1086.3742065429688,471.1356782913208,1064.639892578125,509.9878406524658,1048.4246826171875,524.6845436096191,1109.8909759521484,481.54526710510254,1118.244400024414,490.17472743988037,1095.6906127929688,516.4997291564941,1076.4570617675781,524.89830493927,93,1787812576.5964887
1033.5625457763672,585.1972818374634,1001.6930389404297,560.3287410736084,987.3007202148438,514.2722940444946,1010.6361389160156,474.9058771133423,1043.3292388916016,451.5949487686157,1001.7473602294922,438.12472343444824,1005.7503509521484,384.9239444732666,1014.7576904296875,348.6955189704895,1024.5115661621094,317.3285436630249,1041.9043731689453,440.08771419525146,1052.779541015625,438.2859134674072,1037.9813385009766,488.0834627151489,1024.766845703125,511.9439649581909,1078.3940124511719,454.72639560699463,1086.8032836914062,459.13461685180664,1063.783950805664,500.4590034484863,1047.203369140625,516.8148994445801,1110.2005004882812,477.1760129928589,1117.9193878173828,476.72003746032715,1094.8248291015625,506.36900424957275,1075.4728698730469,517.6622629165649,94,1787812576.644976
1033.4774017333984,585.1726913452148,1000.8881378173828,557.4658584594727,983.4996795654297,510.4397392272949,1003.2819366455078,472.5781488418579,1036.6668701171875,448.8417148590088,1000.2725219726562,433.94060611724854,991.4105224609375,369.5263910293579,990.8144378662109,328.46704959869385,993.3719635009766,292.8155994415283,1040.9888458251953,437.4520254135132,1044.202651977539,433.88447284698486,1030.4300689697266,479.6289253234863,1021.1044311523438,502.08502292633057,1077.1226501464844,454.15815353393555,1075.1917266845703,456.7966318130493,1052.0879364013672,497.14250564575195,1039.7569274902344,513.1215190887451,1109.0233612060547,477.8291845321655,1106.1746215820312,476.7763423919678,1082.1177673339844,506.18348121643066,1067.9843139648438,518.1520557403564,95,1787812576.688245
1030.8696746826172,588.231782913208,996.8588256835938,555.8131885528564,974.8243713378906,511.29671573638916,988.2421875,473.99083614349365,1019.1928100585938,450.02819538116455,995.6832122802734,433.79353523254395,968.8775634765625,370.8735466003418,954.7953796386719,330.61837434768677,947.6142883300781,296.65300369262695,1037.0060729980469,436.635947227478,1029.9588775634766,425.3336763381958,1018.0131530761719,469.0732955932617,1012.6226043701172,499.90668296813965,1073.0827331542969,453.36748123168945,1059.7125244140625,454.6415948867798,1036.492691040039,494.2901802062988,1025.5017852783203,519.0315628051758,1104.7247314453125,477.5770139694214,1091.0448455810547,475.97678661346436,1067.6486206054688,503.09404850006104,1056.3015747070312,520.8661508560181,96,1787812576.7380538
1027.5479888916016,589.2124843597412,991.7909240722656,561.7873477935791,963.2566070556641,519.2781972885132,967.0339965820312,483.5521173477173,998.4372711181641,463.5582447052002,985.8003234863281,436.6084814071655,952.4092102050781,376.74548149108887,935.0325775146484,337.46105432510376,925.0261688232422,303.9473247528076,1029.6690368652344,434.1644525527954,1009.4010925292969,434.4941282272339,997.8358459472656,478.62560749053955,995.4158782958984,503.18039417266846,1066.5737915039062,450.80955505371094,1037.2744750976562,469.6043300628662,1019.2681884765625,506.4245367050171,1016.3523101806641,520.8345651626587,1096.9068145751953,476.37465476989746,1069.552993774414,492.0074272155762,1048.6570739746094,518.573784828186,1043.7297821044922,529.3291425704956,97,1787812576.7902572
1026.2088012695312,594.7823810577393,988.4047698974609,564.8940753936768,955.6655120849609,525.5095481872559,955.3701782226562,493.772234916687,988.5585021972656,479.61527824401855,978.8941192626953,442.9223585128784,938.1475830078125,391.3840341567993,913.5835266113281,356.20967388153076,896.0379028320312,326.9578456878662,1022.0583343505859,438.25042247772217,994.8287963867188,444.2004203796387,986.5477752685547,488.5214138031006,986.3298797607422,514.2532825469971,1059.4820404052734,454.4128131866455,1024.2973327636719,478.23713779449463,1009.4587707519531,517.1661186218262,1008.2354736328125,535.3121852874756,1090.7234191894531,480.8288812637329,1059.154281616211,498.69166374206543,1039.1580963134766,526.3574695587158,1034.5867919921875,539.7856378555298,98,1787812576.842867
1025.300064086914,599.7175598144531,985.1776123046875,569.9877834320068,950.784912109375,533.0806303024292,947.1696472167969,503.08967113494873,977.6748657226562,486.4266300201416,975.7964324951172,451.1189317703247,928.9807891845703,417.13422775268555,897.2567749023438,393.20690631866455,872.8688049316406,371.17541313171387,1016.9517517089844,445.15876293182373,983.7906646728516,454.4681739807129,980.5064392089844,500.03246784210205,987.0843505859375,521.168704032898,1053.5574340820312,460.45310497283936,1016.026611328125,488.5131311416626,1005.4721832275391,526.4252328872681,1010.7318878173828,537.1714925765991,1084.6617889404297,486.9850444793701,1051.5924835205078,509.4521713256836,1033.8198852539062,537.8295135498047,1033.3744049072266,547.0565271377563,99,1787812576.889735
1027.466049194336,625.7170915603638,985.7374572753906,595.4101467132568,961.9326019287109,562.065954208374,974.1902160644531,553.5796594619751,999.6448516845703,558.6713075637817,1002.6497650146484,478.12761783599854,971.6262817382812,494.18516635894775,949.1266632080078,528.9636754989624,938.6374664306641,557.7872085571289,1045.2066040039062,484.2384624481201,1020.8937072753906,521.4148664474487,1009.2488098144531,557.7901268005371,1011.7901611328125,573.6694049835205,1079.3138885498047,507.8113031387329,1055.7298278808594,551.8278121948242,1042.340316772461,577.1776914596558,1041.0887908935547,577.7473068237305,1105.0597381591797,538.310079574585,1084.7332000732422,576.3235902786255,1072.5902557373047,592.414140701294,1071.302261352539,586.495771408081,100,1787812576.9421356
1037.5028228759766,639.0440225601196,1014.053955078125,626.5810203552246,996.3603210449219,605.2361726760864,1000.2740478515625,597.8317308425903,1011.8098449707031,588.8869714736938,1021.3829040527344,495.1025676727295,997.2496032714844,527.573390007019,979.5465087890625,563.78990650177,972.0262145996094,587.9852771759033,1063.0253601074219,500.3385829925537,1050.6277465820312,542.3368263244629,1042.3388671875,576.4640951156616,1047.260971069336,584.9668264389038,1095.035629272461,522.4886083602905,1082.744140625,575.7308006286621,1067.7075958251953,597.7809190750122,1065.40283203125,590.6462860107422,1120.3791809082031,552.885890007019,1108.7215423583984,595.0160980224609,1095.1516723632812,609.7486352920532,1092.9535675048828,600.6310987472534,101,1787812576.99462
1053.138656616211,643.5680294036865,1023.5763549804688,633.3366250991821,1003.7528991699219,612.4610137939453,1014.8401641845703,614.4635725021362,1035.5537414550781,622.1960592269897,1035.2394104003906,507.4889659881592,1015.2156829833984,551.7487192153931,1007.545166015625,592.5295400619507,1011.4858245849609,611.0877227783203,1079.5169067382812,513.2246446609497,1073.2420349121094,569.4515991210938,1062.0881652832031,599.8043346405029,1066.3339233398438,595.7888317108154,1113.2254791259766,535.3999471664429,1103.5894012451172,602.2134733200073,1083.3292388916016,620.3515577316284,1078.3696746826172,603.8356733322144,1139.5403289794922,564.5703220367432,1130.1461791992188,612.969560623169,1112.7713775634766,626.9842100143433,1107.9303741455078,613.3006954193115,102,1787812577.0396898
1063.0247497558594,645.5858659744263,1035.475845336914,637.2346687316895,1019.4625091552734,619.0579605102539,1040.1982116699219,623.6478424072266,1075.3340148925781,627.8743600845337,1051.6950988769531,512.7007341384888,1039.4867706298828,572.681622505188,1039.5813751220703,617.3891115188599,1047.8054809570312,632.9947185516357,1097.150650024414,519.9033451080322,1093.5259246826172,586.3597297668457,1080.8475494384766,619.5753908157349,1081.8585205078125,614.1085767745972,1130.4421997070312,543.3752489089966,1127.238998413086,613.583550453186,1104.2547607421875,630.778226852417,1095.3971099853516,613.4175109863281,1153.1143188476562,573.4301519393921,1151.3811492919922,626.043848991394,1130.5242156982422,638.5329866409302,1120.431900024414,623.6841487884521,103,1787812577.0905414
1072.858657836914,619.5215320587158,1040.4890441894531,614.53773021698,1031.5847778320312,606.0562419891357,1067.2650909423828,626.4306020736694,1104.3077850341797,635.4017543792725,1069.5143127441406,519.9006414413452,1068.8892364501953,579.1684913635254,1075.4048156738281,616.7651224136353,1087.9306030273438,632.3179006576538,1117.0951080322266,528.8916206359863,1118.3845520019531,601.6860008239746,1107.9298400878906,616.4878034591675,1108.8048553466797,599.7149419784546,1150.337905883789,551.389217376709,1147.565689086914,625.5168914794922,1124.5548248291016,630.2749156951904,1115.714340209961,606.936993598938,1170.6280517578125,578.7444448471069,1167.0514678955078,633.6815357208252,1146.5203857421875,639.6600723266602,1136.793441772461,624.2428207397461,104,1787812577.1361058
1069.8646545410156,626.2027645111084,1043.2958221435547,615.6964874267578,1041.2568664550781,600.7846069335938,1087.0023345947266,614.9161577224731,1129.6441650390625,626.6728162765503,1085.8685302734375,515.3671932220459,1097.3428344726562,564.9118852615356,1110.8128356933594,602.041597366333,1124.3799591064453,624.9409246444702,1133.360595703125,523.5051870346069,1141.6529083251953,586.6089391708374,1130.062026977539,609.7552871704102,1125.8802032470703,603.7293291091919,1165.1142120361328,546.3280820846558,1170.7241821289062,617.7373695373535,1149.098129272461,631.430025100708,1136.9104766845703,615.3116655349731,1183.1488800048828,575.1023483276367,1187.5166320800781,630.3047847747803,1166.6789245605469,641.6388988494873,1152.4920654296875,628.200216293335,105,1787812577.185126
1082.3123931884766,651.679801940918,1061.7777252197266,628.9001655578613,1074.2286682128906,599.6025466918945,1123.5432434082031,598.1028270721436,1167.0369720458984,598.1245422363281,1105.5322265625,526.7929315567017,1150.6661987304688,509.4582223892212,1189.8483276367188,501.2428092956543,1227.2935485839844,492.60673999786377,1145.7199096679688,534.840202331543,1173.9872741699219,573.6828374862671,1142.5128936767578,608.6208629608154,1123.6605072021484,605.4701471328735,1173.1720733642578,556.5023231506348,1197.3690795898438,600.4093980789185,1162.4735260009766,623.7816953659058,1140.1844787597656,611.6320610046387,1190.1119232177734,582.1344566345215,1211.46728515625,618.8060474395752,1185.8116149902344,634.4461584091187,1165.5625915527344,622.8209066390991,106,1787812577.2385805
1088.2112884521484,653.5221576690674,1064.1310119628906,630.3900146484375,1070.8539581298828,598.7303781509399,1119.9552154541016,593.099799156189,1165.0482940673828,594.7362899780273,1105.4405212402344,526.2088537216187,1145.5184173583984,488.42639923095703,1181.1278533935547,467.4374485015869,1215.130844116211,449.25614833831787,1143.9219665527344,534.2157411575317,1170.5464935302734,562.6785278320312,1138.2059478759766,602.2629976272583,1124.30419921875,601.550087928772,1172.8105163574219,555.1622486114502,1193.679428100586,598.0694389343262,1155.164566040039,623.1626844406128,1136.2013244628906,611.2649202346802,1193.4678649902344,580.8231353759766,1210.0028228759766,617.7570676803589,1180.5109405517578,634.0683746337891,1161.2825775146484,622.7634429931641,107,1787812577.2895052
1083.8379669189453,660.0757598876953,1062.3792266845703,630.9070158004761,1070.583724975586,597.9320669174194,1119.5113372802734,591.8179607391357,1162.7803802490234,590.1802253723145,1101.3523864746094,526.9672536849976,1129.2757415771484,482.2533702850342,1150.1564025878906,455.4512357711792,1172.311782836914,428.2723903656006,1141.1593627929688,536.8797969818115,1167.038345336914,554.7109508514404,1142.9829406738281,591.1916542053223,1126.7727661132812,599.3081045150757,1169.842300415039,559.7256088256836,1191.9955444335938,590.198335647583,1158.5649871826172,615.8427429199219,1135.9404754638672,612.5978708267212,1189.5394134521484,587.4370765686035,1212.1778869628906,616.6253471374512,1183.7420654296875,630.3975248336792,1159.5635986328125,622.2800016403198,108,1787812577.3366773
1078.5435485839844,663.1780672073364,1059.8185729980469,634.9422597885132,1067.5806427001953,603.9341640472412,1114.356918334961,596.4126491546631,1156.6876220703125,590.2636098861694,1094.839859008789,533.7595081329346,1108.9437103271484,491.55003547668457,1120.8744812011719,462.2455930709839,1136.7645263671875,434.9591588973999,1135.7174682617188,540.3012228012085,1162.1285247802734,555.8164501190186,1152.679672241211,588.597207069397,1142.7754211425781,601.5032243728638,1165.7754516601562,561.7069244384766,1190.6551361083984,591.7222166061401,1168.5565185546875,616.1773109436035,1149.2631530761719,617.8073215484619,1186.2405395507812,588.3518600463867,1210.6769561767578,614.7861671447754,1189.0003204345703,628.0988502502441,1167.0521545410156,623.6190032958984,109,1787812577.3806643
1079.278335571289,660.9968090057373,1056.1521911621094,635.3772068023682,1062.2440338134766,604.875898361206,1112.0279693603516,600.457034111023,1155.2806091308594,598.910665512085,1093.1838989257812,541.1030530929565,1096.8611145019531,515.137767791748,1110.6008911132812,493.1154155731201,1127.8231048583984,473.01652908325195,1136.3390350341797,536.8939590454102,1159.9867248535156,571.6490793228149,1140.9098052978516,610.4226636886597,1127.9053497314453,615.2535152435303,1168.5090637207031,551.3678026199341,1189.5964050292969,600.9855794906616,1160.3350067138672,626.8863201141357,1140.695571899414,618.3335494995117,1191.38671875,575.2692031860352,1207.4300384521484,620.4614639282227,1182.3017120361328,637.3217868804932,1162.2184753417969,627.0254516601562,110,1787812577.4251204
1081.3111114501953,650.8807611465454,1058.6174011230469,629.8033618927002,1063.0441284179688,603.8952398300171,1114.175033569336,605.1497411727905,1155.8458709716797,607.5789213180542,1099.0597534179688,537.047553062439,1091.7826080322266,515.2028274536133,1107.0787811279297,524.4259357452393,1126.802978515625,537.0563507080078,1143.6766815185547,533.7471055984497,1163.1159210205078,586.9840621948242,1135.8228302001953,620.6005096435547,1122.1380615234375,605.5960178375244,1175.7093048095703,549.6115779876709,1190.3759765625,611.1121845245361,1158.7171173095703,634.1694831848145,1141.8706512451172,616.4582777023315,1197.551498413086,573.3452653884888,1208.0213165283203,625.5136299133301,1181.1620330810547,638.9723110198975,1161.6695404052734,624.170036315918,111,1787812577.4497197
1082.4175262451172,658.1539249420166,1059.1484832763672,638.8286304473877,1064.1880798339844,613.3074760437012,1113.454360961914,609.6522903442383,1159.101333618164,609.0816450119019,1096.70166015625,536.0396003723145,1088.8825225830078,522.1823644638062,1108.038101196289,546.6553544998169,1130.2301025390625,569.2550039291382,1141.4952850341797,531.2650966644287,1156.0839080810547,583.1868696212769,1138.6762237548828,617.763032913208,1128.3814239501953,613.5638093948364,1174.240493774414,547.5632286071777,1186.8267059326172,612.1774291992188,1162.5238800048828,631.8173360824585,1147.3961639404297,615.6290674209595,1196.564712524414,572.1543216705322,1206.4323425292969,628.4738445281982,1184.2256164550781,640.8635473251343,1167.2456359863281,625.7465314865112,112,1787812577.498949
1084.79248046875,659.7399044036865,1057.2055053710938,636.1708402633667,1063.2071685791016,604.8001098632812,1116.4230346679688,604.6093940734863,1162.9145812988281,609.1275644302368,1098.3766174316406,533.4036540985107,1094.1675567626953,527.3143100738525,1109.7512817382812,556.6839838027954,1127.5166320800781,581.1301946640015,1144.1275787353516,533.8061141967773,1157.202377319336,583.3114957809448,1138.8626098632812,618.606276512146,1129.3212127685547,615.254545211792,1177.01416015625,553.9474868774414,1189.9014282226562,617.353105545044,1161.731185913086,636.9470930099487,1144.9131774902344,619.9155807495117,1198.485107421875,582.1125268936157,1209.2623901367188,636.1151361465454,1184.3856048583984,647.7858352661133,1166.591796875,632.1843481063843,113,1787812577.5441823
1078.5303497314453,660.7310342788696,1054.4409942626953,638.1294536590576,1064.6446228027344,610.6199884414673,1119.0604400634766,614.0850591659546,1166.0997009277344,618.701548576355,1100.341796875,536.3849830627441,1095.2166748046875,529.1587686538696,1112.3851776123047,559.5033931732178,1130.8283996582031,585.5572128295898,1146.6024017333984,536.9244289398193,1160.557632446289,585.3540086746216,1144.3775177001953,622.1907377243042,1134.3168640136719,619.5028209686279,1179.6186828613281,557.4722099304199,1192.9451751708984,619.1052532196045,1167.0750427246094,639.7917366027832,1150.074691772461,622.3642444610596,1200.9945678710938,584.850869178772,1211.8608093261719,639.9972581863403,1188.3976745605469,652.457857131958,1170.7816314697266,635.5630731582642,114,1787812577.5932143
1087.1027374267578,665.8731937408447,1070.0398254394531,645.6518697738647,1084.135513305664,617.8979587554932,1137.660903930664,622.5662040710449,1186.4543151855469,627.0807695388794,1117.9080963134766,540.7612752914429,1172.84423828125,516.0100650787354,1218.3793640136719,506.7799186706543,1258.3545684814453,496.8852710723877,1159.398193359375,554.1304779052734,1184.0255737304688,583.0440473556519,1154.0471649169922,620.3731441497803,1138.251724243164,618.0127143859863,1187.4019622802734,579.984827041626,1207.9071807861328,617.8183078765869,1174.3388366699219,644.3041563034058,1155.4370880126953,633.3471393585205,1205.3933715820312,607.9079532623291,1223.3329010009766,642.167444229126,1198.1328582763672,657.8800821304321,1180.0943756103516,646.2161636352539,115,1787812577.6559021
1077.2147369384766,666.0611200332642,1064.3824768066406,646.3185596466064,1087.8971862792969,618.807635307312,1143.7706756591797,620.2536678314209,1191.6715240478516,620.3486394882202,1117.8998565673828,536.0123062133789,1177.233657836914,501.8452978134155,1224.4465637207031,483.1367826461792,1268.060302734375,468.7797546386719,1153.3068084716797,554.7286319732666,1189.2140197753906,589.9696397781372,1153.450927734375,621.178708076477,1135.0337219238281,615.9909725189209,1177.9476165771484,582.5815486907959,1209.1500091552734,619.6992874145508,1172.4411010742188,639.9494075775146,1152.923812866211,627.6665639877319,1195.0019073486328,610.8320331573486,1224.732437133789,641.2705993652344,1197.86376953125,652.3198413848877,1176.5130615234375,640.2744054794312,116,1787812577.6950274
1073.0131530761719,671.1899757385254,1061.6067504882812,645.8694505691528,1083.0345153808594,615.9029531478882,1135.4032897949219,614.8681783676147,1180.0727844238281,612.93625831604,1118.055191040039,533.5472917556763,1177.2737884521484,494.53617095947266,1222.728042602539,472.1170663833618,1265.7303619384766,453.9675235748291,1152.4736785888672,556.691107749939,1183.7602233886719,583.4249639511108,1144.2105102539062,612.2154521942139,1122.6862335205078,608.8731622695923,1175.875473022461,586.4207983016968,1204.7008514404297,613.0085277557373,1165.8364868164062,632.7913856506348,1143.7567138671875,623.0356979370117,1190.0813293457031,616.7203187942505,1221.1931610107422,638.6566257476807,1190.9981536865234,647.9767656326294,1165.7547760009766,636.030592918396,117,1787812577.7371716
1071.0797119140625,675.3887271881104,1057.2515869140625,647.4365043640137,1073.9993286132812,613.3141279220581,1123.5514831542969,608.5063219070435,1170.1492309570312,607.9988479614258,1112.7693939208984,533.9529275894165,1168.1550598144531,482.7019214630127,1210.538558959961,457.2479295730591,1250.5108642578125,432.963809967041,1147.801513671875,553.7628650665283,1175.2460479736328,577.7532720565796,1136.0215759277344,611.8175840377808,1113.717269897461,608.3407974243164,1172.8119659423828,580.87815284729,1197.7896118164062,607.2013092041016,1157.788314819336,632.2169637680054,1134.885482788086,623.8780403137207,1189.677963256836,610.4066133499146,1215.6045532226562,632.3701286315918,1183.4904479980469,645.5319213867188,1158.3177185058594,634.6058464050293,118,1787812577.7784636
1066.7449951171875,676.1446380615234,1050.857925415039,640.4759359359741,1066.0272216796875,601.7181015014648,1113.1607055664062,591.6791725158691,1157.5444793701172,594.9102258682251,1102.7156829833984,531.00417137146,1152.4690246582031,474.33252811431885,1189.8925018310547,444.7382354736328,1224.5449829101562,416.44444942474365,1137.8850555419922,550.4271411895752,1166.9525909423828,566.6293144226074,1133.2740020751953,602.8152322769165,1108.6534881591797,608.1155347824097,1163.7494659423828,577.3930406570435,1189.845199584961,594.6350955963135,1154.2620086669922,621.5701389312744,1129.0025329589844,621.3414001464844,1182.7460479736328,607.426700592041,1212.2058868408203,617.5253677368164,1185.5082702636719,630.9404468536377,1161.1038970947266,627.3662853240967,119,1787812577.819521
1056.905288696289,673.4853887557983,1039.5811462402344,634.0512084960938,1052.605972290039,589.7863912582397,1096.558609008789,573.2578039169312,1139.6642303466797,571.8038320541382,1089.6537780761719,520.2571392059326,1132.5711059570312,462.1568441390991,1165.1194763183594,429.0383005142212,1194.658432006836,398.65097522735596,1124.4800567626953,539.1687297821045,1148.3758544921875,545.7794523239136,1120.654067993164,576.585545539856,1098.8309478759766,585.6226587295532,1150.8367156982422,566.8318748474121,1174.0491485595703,578.3844709396362,1138.685302734375,602.494740486145,1111.7784881591797,608.4058570861816,1170.330810546875,598.1168603897095,1199.2163848876953,600.178599357605,1174.3283081054688,606.3057947158813,1149.0267181396484,603.488917350769,120,1787812577.8730752
1049.432373046875,671.0344076156616,1028.6418151855469,629.4180250167847,1037.0374298095703,581.8254661560059,1078.4779357910156,560.8170318603516,1120.4998016357422,555.9581565856934,1069.5956420898438,510.1468849182129,1101.974868774414,448.256778717041,1126.6627502441406,412.2627353668213,1149.006576538086,380.50177574157715,1106.957778930664,527.5028800964355,1125.7865142822266,524.6883630752563,1104.3374633789062,558.7994527816772,1084.2240142822266,575.4935216903687,1136.3038635253906,554.673228263855,1153.253173828125,559.7420024871826,1126.1042022705078,586.9146680831909,1104.254379272461,597.4145936965942,1158.3549499511719,585.4688930511475,1177.3468017578125,582.1686601638794,1155.8287048339844,595.2757787704468,1136.2841796875,600.9145545959473,121,1787812577.9199
1042.0392608642578,673.5277462005615,1018.5308837890625,629.8893642425537,1020.5976104736328,578.044924736023,1053.9966583251953,548.0933618545532,1089.447021484375,535.9340286254883,1044.8651123046875,510.6695508956909,1061.8692779541016,442.725248336792,1075.2481842041016,401.5166473388672,1089.488525390625,366.04050636291504,1081.1566162109375,525.0444316864014,1096.561050415039,501.75418853759766,1074.7576141357422,526.0637998580933,1055.2693176269531,543.054928779602,1112.407455444336,547.8262138366699,1125.3146362304688,536.1323833465576,1096.701889038086,564.5029449462891,1075.8602905273438,582.3159027099609,1138.7820434570312,575.7325601577759,1153.9859771728516,557.6321125030518,1131.58935546875,571.162805557251,1113.7203216552734,582.8743171691895,122,1787812577.9629858
1031.4707946777344,681.7101573944092,1001.6348266601562,630.5966091156006,983.6534118652344,574.837818145752,997.4066925048828,527.4249887466431,1026.8948364257812,494.09972190856934,1007.4700927734375,519.4570255279541,994.7486877441406,474.68185901641846,984.1802215576172,448.5760688781738,985.1318359375,420.05101203918457,1042.6309967041016,524.5820617675781,1035.4385375976562,484.2548131942749,1018.8743591308594,533.6437225341797,1024.2010498046875,558.4557437896729,1076.8560028076172,537.6560068130493,1065.8233642578125,512.4525117874146,1041.383056640625,560.0409507751465,1042.960205078125,580.2433490753174,1109.306411743164,557.4319124221802,1097.4810028076172,528.9232921600342,1072.2553253173828,562.2124242782593,1067.1334838867188,581.9097518920898,123,1787812578.012993
1035.5992889404297,669.2647933959961,1005.6784057617188,621.8975830078125,992.0318603515625,564.2327070236206,1007.3813629150391,516.4293909072876,1038.6247253417969,483.18617820739746,1009.7214508056641,513.0436706542969,1003.1578063964844,470.37242889404297,999.9185943603516,442.565860748291,1005.1978302001953,414.67329025268555,1046.1161041259766,517.9615116119385,1045.8041381835938,477.825665473938,1031.6559600830078,528.8750982284546,1033.2736206054688,553.9991998672485,1080.9886169433594,531.5025043487549,1076.6207885742188,504.1489505767822,1054.4412231445312,551.5067195892334,1050.9273529052734,572.6783180236816,1114.0290069580078,551.8490982055664,1108.7462615966797,523.4049367904663,1086.2737274169922,553.0625295639038,1077.094955444336,571.3997840881348,124,1787812578.0675836
1039.3304443359375,654.3240737915039,1008.9637756347656,608.8729047775269,999.6731567382812,548.7934827804565,1018.7013244628906,498.8389492034912,1052.6277160644531,467.4487781524658,1015.2455139160156,500.1469659805298,1014.1372680664062,452.62401580810547,1014.8574066162109,421.58291816711426,1020.6359100341797,392.70861625671387,1051.9801330566406,507.11628913879395,1057.3465728759766,468.32807064056396,1042.6211547851562,516.1539602279663,1039.3268585205078,542.1292018890381,1086.5182495117188,522.3844957351685,1089.1805267333984,494.06877994537354,1065.11962890625,538.5027265548706,1056.4594268798828,560.7958745956421,1119.6585845947266,543.7352228164673,1118.8209533691406,512.905011177063,1096.4315032958984,540.5045127868652,1084.8385620117188,559.3110036849976,125,1787812578.1153576
1039.935302734375,642.2537040710449,1007.8421020507812,596.9315814971924,999.2005920410156,536.9801330566406,1016.4694976806641,486.50439262390137,1050.4731750488281,457.1979331970215,1018.7378692626953,490.78511238098145,1018.3583068847656,436.32150650024414,1021.3831329345703,403.6939573287964,1029.9185943603516,372.48647689819336,1053.788833618164,497.97982692718506,1059.8685455322266,460.71810722351074,1045.14892578125,506.97964668273926,1040.44677734375,532.6125526428223,1087.2266387939453,513.4288787841797,1090.3367614746094,483.2105541229248,1065.9838104248047,527.2335004806519,1056.113510131836,551.1949825286865,1118.831558227539,534.7378063201904,1120.7237243652344,501.4164447784424,1096.918716430664,528.0244731903076,1082.650375366211,548.6550378799438,126,1787812578.1576746
1029.2282104492188,634.0988874435425,1000.01953125,584.55406665802,993.6197662353516,524.618968963623,1012.5906372070312,476.6111183166504,1042.8572082519531,443.7634563446045,1015.8696746826172,481.46892070770264,1015.1100921630859,424.21624660491943,1015.7611083984375,390.0657606124878,1021.8537139892578,358.23570728302,1048.9260864257812,490.4620027542114,1055.4454803466797,446.4100456237793,1038.0209350585938,490.78185081481934,1031.0038757324219,520.7867574691772,1080.4227447509766,507.3685026168823,1081.0908508300781,472.32550621032715,1055.1141357421875,516.837944984436,1045.1575469970703,544.6235275268555,1110.2455139160156,530.1938438415527,1111.035385131836,491.6862487792969,1084.7691345214844,518.179521560669,1069.0460968017578,541.8817949295044,127,1787812578.1837678
1018.75,627.2575378417969,987.354736328125,577.6075315475464,976.9470977783203,518.1406831741333,996.1360168457031,468.68950366973877,1024.8714447021484,435.99303245544434,1003.6810302734375,474.46380615234375,1000.6268310546875,416.1591911315918,997.3957824707031,379.21907901763916,998.49609375,346.19396209716797,1036.8742370605469,482.53124713897705,1036.6265869140625,440.59364318847656,1018.9997863769531,482.59313106536865,1012.4971771240234,512.5637483596802,1067.9005432128906,499.2478036880493,1063.1172943115234,464.2008590698242,1039.1065979003906,506.5245294570923,1031.1267852783203,535.341067314148,1097.2903442382812,522.9636812210083,1093.732681274414,484.3977212905884,1068.0410766601562,509.7205638885498,1053.4236907958984,534.6819305419922,128,1787812578.2198176
1002.7680969238281,623.0206775665283,970.1121520996094,570.8857870101929,959.501953125,511.718487739563,974.7206878662109,463.0217170715332,997.7635955810547,429.3046760559082,985.1613616943359,471.89077377319336,978.1114196777344,412.4465847015381,970.8303833007812,374.0357208251953,967.6943206787109,340.0491714477539,1016.3140106201172,478.6173677444458,1015.1045989990234,432.67280101776123,998.8619995117188,469.87186431884766,992.1787261962891,502.29689598083496,1046.6650390625,493.7773847579956,1040.9223175048828,458.2738208770752,1019.2131042480469,498.3385992050171,1012.2666931152344,529.9683666229248,1076.1991882324219,515.9145784378052,1071.3960266113281,476.79604053497314,1047.3236846923828,500.5716562271118,1033.7012481689453,527.3087310791016,129,1787812578.268193
983.4056091308594,616.3303899765015,949.2436981201172,563.2230377197266,937.9096984863281,503.7665319442749,952.7332305908203,454.67159271240234,976.3273620605469,422.23973751068115,961.8917846679688,467.70318031311035,951.0226440429688,409.4013977050781,939.5987701416016,371.7230558395386,932.7522277832031,338.90397548675537,992.0015716552734,473.58489990234375,989.0680694580078,424.74530696868896,974.9622344970703,458.8424491882324,970.6314086914062,491.016640663147,1022.0721435546875,487.1691083908081,1014.4432830810547,451.0804796218872,993.7265777587891,489.25389289855957,988.3400726318359,521.0560941696167,1052.1830749511719,507.12942123413086,1045.6611633300781,468.01302909851074,1022.6785278320312,490.5955982208252,1011.1531066894531,517.6998138427734,130,1787812578.3184075
964.9244689941406,607.1076250076294,929.7487640380859,557.1725749969482,916.0161590576172,496.6615104675293,929.2018890380859,446.31292819976807,953.2691192626953,413.7904357910156,940.3777313232422,460.5328416824341,925.6745147705078,403.5622501373291,910.6452178955078,367.9429864883423,900.5931854248047,336.8156933784485,970.4666900634766,465.3549385070801,964.3514251708984,416.4401578903198,951.0022735595703,453.0124855041504,948.4207916259766,485.3964900970459,1000.6359100341797,477.8690528869629,991.6804504394531,439.8751974105835,971.8717193603516,481.1711311340332,967.9453277587891,514.2803192138672,1031.5245056152344,496.4221715927124,1023.7937927246094,454.6511650085449,1000.8224487304688,477.3689603805542,989.9893951416016,504.60355281829834,131,1787812578.3778946
937.6316833496094,565.9673023223877,905.3942108154297,505.78011989593506,898.0023956298828,444.25230503082275,915.496826171875,392.6198673248291,950.5275726318359,365.65778732299805,933.8958740234375,423.5470247268677,927.3590850830078,371.01855754852295,912.0812225341797,337.9544734954834,906.3954925537109,305.60033798217773,960.7500457763672,426.3931703567505,952.0330047607422,380.80424308776855,936.2081909179688,414.4823169708252,938.6553192138672,442.5377082824707,986.8767547607422,436.5436363220215,977.5741577148438,392.3232364654541,954.1287994384766,429.9373769760132,952.7684783935547,463.45168590545654,1016.3392639160156,450.8890771865845,1007.6492309570312,402.97679901123047,981.3936614990234,422.86909103393555,971.4017486572266,452.7235794067383,132,1787812578.4100208
929.1982269287109,542.6110553741455,898.9009857177734,489.41452503204346,895.4578399658203,427.8774833679199,918.3658599853516,380.7731294631958,955.8636474609375,363.55939865112305,933.7745666503906,410.391583442688,932.8470611572266,360.8403253555298,921.8689727783203,327.18533992767334,914.8460388183594,296.79054737091064,960.0408172607422,417.2273111343384,956.7479705810547,370.4307460784912,935.8187866210938,396.4071464538574,926.9503021240234,425.514178276062,986.3011932373047,430.14461517333984,977.4615478515625,386.99860095977783,952.2733306884766,426.16142749786377,944.7135925292969,466.32662773132324,1014.5066070556641,447.2141933441162,1004.0135955810547,400.07808208465576,976.7690277099609,418.59764099121094,962.6956176757812,449.20031547546387,133,1787812578.4492514
920.0701141357422,532.2357988357544,889.6964263916016,480.0229740142822,884.1547393798828,422.79454708099365,906.4800262451172,376.81440353393555,944.3044281005859,361.7218494415283,921.3408660888672,408.1959056854248,919.7749328613281,363.230881690979,908.8520812988281,328.6457920074463,903.3150482177734,298.26934576034546,946.8756866455078,412.83097743988037,943.8528442382812,365.7347774505615,924.9932098388672,395.3049945831299,918.5298156738281,428.6303901672363,972.3722076416016,423.831467628479,965.8283233642578,381.4666414260864,942.1776580810547,418.4231472015381,936.1854553222656,458.0015230178833,999.9867248535156,438.99693489074707,992.3656463623047,392.6143741607666,966.502685546875,408.62454414367676,952.7389526367188,438.53692531585693,134,1787812578.4918203
910.5110931396484,529.57594871521,873.2535552978516,481.2861442565918,861.8257141113281,427.96863555908203,878.1194305419922,380.336594581604,911.2973022460938,358.5587739944458,893.9381408691406,410.2118110656738,886.6141510009766,369.41579818725586,871.5566253662109,336.3419723510742,861.9753265380859,307.5359272956848,919.5088195800781,411.2011384963989,915.2781677246094,362.25966453552246,899.72412109375,385.4094886779785,894.2985534667969,415.2966356277466,946.1009979248047,418.6402988433838,938.0335998535156,375.59423446655273,916.9090270996094,409.05567169189453,911.7551422119141,447.37800121307373,975.8427429199219,429.984712600708,962.8876495361328,385.82868576049805,940.1100921630859,402.11939334869385,929.3155670166016,432.8152370452881,135,1787812578.5416677
896.0147857666016,528.4777021408081,857.1820068359375,484.58972454071045,839.3931579589844,429.9659585952759,851.8556976318359,380.19832134246826,883.1240844726562,354.7080659866333,866.6767120361328,412.39564418792725,851.8970489501953,369.43751335144043,833.1388854980469,340.0648355484009,822.31689453125,313.0517292022705,893.6550903320312,410.99390029907227,882.9170989990234,364.5655059814453,874.0625,395.6910181045532,877.5649261474609,425.16995429992676,921.6630554199219,416.17876052856445,909.2822265625,374.77575302124023,894.7196197509766,414.6980953216553,897.6902770996094,452.85189628601074,952.7714538574219,424.7402000427246,939.9538421630859,382.2549104690552,916.9892883300781,400.4398584365845,907.4591827392578,429.74103927612305,136,1787812578.5854242
890.5509948730469,522.8079414367676,849.2890930175781,483.16308975219727,830.5650329589844,430.3594493865967,842.8516387939453,380.5142641067505,870.6096649169922,348.71405839920044,856.5008544921875,411.0254430770874,837.7626037597656,369.8005771636963,818.4832000732422,339.272403717041,807.471923828125,310.34422159194946,885.2870941162109,408.16680908203125,870.9645843505859,365.01397132873535,865.9546661376953,397.4935483932495,871.6451263427734,426.80387020111084,914.0512084960938,412.31504917144775,898.5675048828125,371.8653631210327,886.3359069824219,416.8467378616333,890.6407165527344,457.0188045501709,945.1649475097656,418.93787384033203,929.6141052246094,376.35993003845215,907.8927612304688,397.8233528137207,899.5571136474609,428.4310483932495,137,1787812578.632333
900.5550384521484,511.01733684539795,860.9604644775391,470.2765130996704,841.9091033935547,420.7260274887085,848.944091796875,372.64710903167725,879.6845245361328,346.0529851913452,870.9699249267578,401.8325471878052,853.2867431640625,362.14293479919434,832.2808837890625,332.6227355003357,819.2682647705078,306.0520648956299,898.4622192382812,400.62538146972656,884.9127197265625,356.97691440582275,878.6216735839844,388.61011505126953,884.2039489746094,418.00171852111816,926.3728332519531,406.214075088501,912.6367950439453,367.17750549316406,900.7077789306641,408.4601354598999,904.7822570800781,447.7538537979126,956.4885711669922,414.54784870147705,939.3994140625,373.38276386260986,918.8189697265625,392.455415725708,911.5716552734375,423.3003044128418,138,1787812578.6922708
919.7452545166016,497.74203300476074,883.8105010986328,457.9385232925415,865.0810241699219,408.318772315979,873.4150695800781,361.52491092681885,903.6802673339844,336.1756753921509,898.7094116210938,391.6201972961426,882.5117492675781,351.52928352355957,862.1266937255859,321.5074682235718,849.6472930908203,294.3238162994385,924.8172760009766,391.5779685974121,911.4464569091797,345.4709029197693,901.8257904052734,377.3889112472534,906.3571929931641,409.578595161438,951.1894989013672,398.27598094940186,938.0764770507812,359.05051946640015,923.5476684570312,400.61594009399414,927.7554321289062,439.7870922088623,979.9857330322266,407.57861137390137,965.0447082519531,365.68490982055664,943.4564971923828,386.4180850982666,936.8728637695312,418.0761766433716,139,1787812578.7323754
923.7419891357422,496.01022720336914,887.3090362548828,462.5194787979126,869.178466796875,405.24534702301025,880.5570983886719,356.00181341171265,913.5463714599609,331.7645573616028,904.0106201171875,385.74079513549805,890.3319549560547,345.05224227905273,871.8906402587891,312.6792240142822,861.2677764892578,284.2077684402466,932.6276397705078,385.00895977020264,923.2236480712891,337.8449749946594,910.0929260253906,370.47868251800537,909.0738677978516,406.20991230010986,960.5652618408203,392.06188201904297,947.9890441894531,351.5746021270752,931.7037963867188,392.6040315628052,932.1591949462891,433.9890146255493,990.1193237304688,402.0546770095825,976.2527465820312,359.1402554512024,953.9241790771484,377.9428195953369,944.5705413818359,409.5284700393677,140,1787812578.7791123
922.1507263183594,509.17343616485596,880.9281921386719,475.30035495758057,855.7863616943359,417.7110528945923,864.1591644287109,363.531289100647,892.5273895263672,330.7536220550537,875.5558776855469,392.911434173584,854.45556640625,351.94011211395264,832.2860717773438,322.19295501708984,819.1212463378906,294.3979740142822,905.9077453613281,388.21147441864014,892.2335815429688,342.4959683418274,887.0091247558594,378.20932388305664,892.5962829589844,410.07585525512695,937.2904968261719,391.4919662475586,923.6463928222656,350.1728582382202,909.7011566162109,395.1176691055298,912.6319885253906,435.41539192199707,971.5930938720703,398.4831762313843,954.7977447509766,357.5696611404419,933.0884552001953,380.7408142089844,925.8409118652344,412.50593662261963,141,1787812578.8170867
913.4730529785156,512.1426200866699,872.2196197509766,476.6147232055664,846.2213134765625,419.0926265716553,853.6320495605469,365.54028511047363,881.5076446533203,331.0333228111267,869.9325561523438,393.8270330429077,844.5995330810547,350.42914867401123,821.5404510498047,320.05311012268066,807.2369384765625,291.76215648651123,901.4733123779297,388.97528171539307,883.2316589355469,348.15184593200684,880.7022094726562,388.1514358520508,889.091796875,421.3046979904175,932.4300384521484,392.58012771606445,914.3997955322266,351.1615204811096,903.5530090332031,398.1915235519409,909.6578216552734,438.16746711730957,964.9016571044922,400.05834102630615,948.4754943847656,358.5512638092041,927.4620056152344,382.4769115447998,920.2465057373047,412.89552211761475,142,1787812578.8668675
914.4459533691406,502.4191617965698,873.4872436523438,464.4407558441162,850.8335876464844,409.7771215438843,857.4047088623047,357.5836515426636,888.7118530273438,326.5753197669983,879.7047424316406,385.35043716430664,859.0712738037109,343.2334899902344,835.5976867675781,312.78565406799316,821.4258575439453,284.2558979988098,909.2623901367188,382.37438678741455,893.4835815429688,338.09431314468384,887.2685241699219,377.5222063064575,894.2236328125,410.48784255981445,938.9285278320312,387.6033639907837,922.8585815429688,345.6121802330017,910.1200866699219,391.52544021606445,915.5372619628906,430.96253871917725,970.3573608398438,396.2048006057739,953.7178039550781,354.34937953948975,931.5884399414062,377.5559377670288,924.0096282958984,408.8912630081177,143,1787812578.9337673
918.505859375,488.08560848236084,880.3010559082031,448.0875635147095,858.6509704589844,393.5508728027344,864.8404693603516,343.22731018066406,898.6509704589844,316.6698360443115,893.3917236328125,370.13415813446045,880.4637145996094,327.01183319091797,862.9807281494141,295.6221342086792,853.7800598144531,266.5514302253723,921.6183471679688,369.8077440261841,908.265380859375,325.0585412979126,897.122802734375,362.61770725250244,900.0965118408203,398.3742141723633,949.9430084228516,376.60287380218506,935.0465393066406,333.3303666114807,919.1971588134766,376.99357509613037,922.0421600341797,418.9480447769165,980.9394073486328,386.2868070602417,962.7996826171875,342.5183916091919,940.6446838378906,364.25690174102783,933.0039978027344,397.68224716186523,144,1787812578.9744
923.4275054931641,469.77925300598145,884.5961761474609,433.4533882141113,864.4938659667969,376.9507884979248,870.8394622802734,326.8443775177002,902.2846221923828,300.1699161529541,902.860107421875,348.2551646232605,900.6129455566406,305.501868724823,892.6639556884766,275.26472568511963,891.4611053466797,247.09110260009766,929.1252136230469,349.426474571228,918.3779907226562,303.36440563201904,902.7937316894531,340.244243144989,902.1186065673828,376.45430088043213,955.972900390625,357.98149824142456,941.5632629394531,316.8540287017822,923.5572052001953,359.6575999259949,923.7348937988281,400.4834175109863,985.5966186523438,369.80066299438477,967.3030090332031,327.6876425743103,944.4906616210938,349.6629810333252,935.2177429199219,382.43579864501953,145,1787812579.0224714
928.5488128662109,457.6638650894165,887.991943359375,422.00095653533936,865.7799530029297,365.08997440338135,869.7235870361328,315.52369594573975,900.0968170166016,289.8799753189087,906.1331176757812,334.33911323547363,910.0597381591797,290.63640117645264,905.5751800537109,261.55739307403564,906.5394592285156,234.6108913421631,931.2915802001953,334.97913122177124,918.6311340332031,288.01594734191895,902.1715545654297,322.7292037010193,900.4076385498047,358.16498279571533,957.3924255371094,342.1300506591797,939.3363189697266,299.77007389068604,920.7835388183594,341.2142586708069,920.916748046875,380.40761947631836,987.0383453369141,353.02385330200195,967.5753784179688,310.46123027801514,945.159912109375,333.98431062698364,937.0049285888672,367.0824909210205,146,1787812579.0557752
909.4170379638672,443.47588062286377,862.9625701904297,407.8770446777344,828.2122039794922,359.8373079299927,819.8754119873047,311.97210788726807,833.8206481933594,276.87347173690796,848.7551116943359,314.2673063278198,823.1064605712891,269.97427225112915,796.4943695068359,241.1687421798706,780.2763366699219,217.78700351715088,874.5280456542969,311.90717697143555,849.0227508544922,270.7151198387146,841.3521575927734,311.8590044975281,850.1107788085938,345.69530725479126,904.854736328125,315.4745364189148,878.7709808349609,281.56742334365845,866.6706848144531,324.0279293060303,874.6876525878906,358.4161448478699,939.1262817382812,324.2005777359009,910.5155181884766,286.23144149780273,891.9688415527344,314.69388484954834,891.5206909179688,346.50795221328735,147,1787812579.1078317
899.7982025146484,445.7449436187744,850.4713439941406,411.42605781555176,809.9531555175781,368.92149925231934,794.6701049804688,321.54173612594604,805.5808258056641,279.47017192840576,820.6694793701172,327.6406502723694,787.7611541748047,281.04095935821533,762.3275756835938,255.37721872329712,744.3597412109375,229.1001534461975,847.1878814697266,319.5981216430664,816.8115997314453,279.64606046676636,820.8963012695312,321.10889196395874,835.2257537841797,350.9471797943115,877.1241760253906,318.2251739501953,846.7457580566406,283.1022262573242,844.4873809814453,328.8437604904175,857.2339630126953,361.3766384124756,911.0392761230469,321.19781255722046,883.1078338623047,284.90188121795654,869.2368316650391,313.09372186660767,870.4823303222656,342.89963006973267,148,1787812579.1561642
899.371337890625,442.4054431915283,849.0966796875,410.9423589706421,805.6746673583984,369.4861364364624,784.9848937988281,323.78788232803345,793.3470153808594,280.47561407089233,815.4712677001953,326.0777163505554,780.9040832519531,280.7252097129822,754.3710327148438,256.1295461654663,734.8004913330078,230.44275999069214,842.3361206054688,316.8169927597046,810.6654357910156,278.65864276885986,815.6550598144531,320.48988103866577,830.0004577636719,350.23221015930176,872.5125885009766,314.4335389137268,839.3954467773438,280.29873847961426,839.5926666259766,326.6069483757019,852.8063201904297,359.50297594070435,907.1650695800781,315.9803366661072,876.2748718261719,281.94679498672485,862.967529296875,311.1725950241089,863.6239624023438,341.8660569190979,149,1787812579.1848438
900.9544372558594,434.5506477355957,851.5499114990234,403.81184577941895,811.2070465087891,360.3422498703003,790.8162689208984,315.1014304161072,805.7923126220703,275.9698247909546,826.3832092285156,315.71595668792725,794.2357635498047,266.63801193237305,770.8769226074219,238.71522903442383,754.1740417480469,211.1958932876587,851.6964721679688,308.1185460090637,817.8934478759766,275.328004360199,820.7028198242188,318.5599136352539,834.503173828125,347.86141633987427,879.7812652587891,306.85696363449097,844.7849273681641,275.94804525375366,843.6431121826172,321.3637661933899,857.0997619628906,353.667368888855,911.8994903564453,308.881151676178,879.5404815673828,275.895516872406,864.9013519287109,303.18459033966064,865.88623046875,332.6348805427551,150,1787812579.219823
907.1686553955078,424.31370735168457,856.8965148925781,393.3776664733887,818.1013488769531,349.6793532371521,799.0853118896484,305.24645805358887,813.1678771972656,266.217999458313,837.1862030029297,302.9609155654907,812.8353118896484,250.06402015686035,795.2363586425781,219.77020740509033,784.2399597167969,190.67257404327393,861.0917663574219,298.2257866859436,827.177734375,264.7997975349426,828.6550903320312,308.1454539299011,842.5579071044922,337.39590883255005,887.8543090820312,298.6415719985962,853.0513763427734,268.34248065948486,850.4093170166016,313.5212016105652,863.123779296875,345.17646074295044,918.9757537841797,302.4133586883545,886.4501953125,270.181725025177,871.7970275878906,297.5272536277771,873.0669403076172,327.23891973495483,151,1787812579.268241
906.6590881347656,421.28517150878906,859.9713897705078,389.5675992965698,824.1378784179688,342.3499274253845,807.4246215820312,297.8287982940674,818.8198852539062,257.5588631629944,843.8477325439453,295.30426025390625,825.0241088867188,238.88871431350708,812.5351715087891,208.14401149749756,807.4642944335938,178.3088779449463,868.8665771484375,292.1968674659729,837.2989654541016,261.4833426475525,836.7266845703125,306.778621673584,850.40771484375,333.26346158981323,895.8222198486328,293.92547607421875,862.6274871826172,264.5088744163513,857.6169586181641,311.5622019767761,869.8448944091797,340.92419385910034,926.2104797363281,299.0619707107544,894.3585968017578,266.3461232185364,878.18359375,294.97544288635254,879.2942047119141,322.981116771698,152,1787812579.3104067
906.3008117675781,424.30615425109863,858.3516693115234,391.376051902771,821.5095520019531,345.34868001937866,804.5568084716797,298.8049077987671,816.7192840576172,256.425576210022,844.8039245605469,299.3840718269348,830.8995056152344,239.68990087509155,821.6820526123047,207.0141363143921,819.595947265625,175.9938097000122,868.8002014160156,296.1873936653137,839.1591644287109,262.4668550491333,836.2750244140625,304.5281410217285,847.6934814453125,332.57539987564087,894.918212890625,296.84929847717285,863.1668853759766,263.44781398773193,856.6085052490234,309.0647864341736,867.0752716064453,341.01648330688477,924.7950744628906,300.79856157302856,893.1259918212891,266.456995010376,876.6109466552734,295.603723526001,876.8557739257812,326.558153629303,153,1787812579.3686209
902.0273590087891,427.9722833633423,854.3860626220703,396.1464786529541,817.2509002685547,353.8886833190918,797.7633666992188,309.9161410331726,806.2104797363281,267.55122900009155,834.6205902099609,305.38488149642944,816.4936065673828,246.0881495475769,806.4897155761719,212.6172924041748,803.8908386230469,181.23643398284912,857.5841522216797,301.6779613494873,827.6610565185547,271.94820642471313,825.3905487060547,312.5584816932678,837.3092651367188,339.7657370567322,883.5505676269531,301.3926601409912,851.5790557861328,272.1756362915039,846.6581726074219,317.0683264732361,858.3515167236328,347.6153826713562,913.5883331298828,304.83826875686646,881.1691284179688,274.09815788269043,866.8992614746094,304.9378538131714,869.9769592285156,335.7701253890991,154,1787812579.4187222
900.7147979736328,439.16653633117676,849.5351409912109,407.33622550964355,808.3761596679688,368.0927610397339,784.7219848632812,324.399619102478,793.1319427490234,282.43836879730225,822.7602386474609,319.2574167251587,794.9885559082031,263.6305046081543,775.9520721435547,232.42995500564575,764.969482421875,202.23976135253906,844.6041107177734,312.9076623916626,811.5172576904297,280.43842792510986,813.2609558105469,320.93826055526733,827.7015686035156,349.20397996902466,871.1031341552734,311.197292804718,836.2984466552734,284.2260932922363,836.1532592773438,328.38441610336304,851.0365295410156,358.81454944610596,902.3738861083984,313.7418723106384,867.8767395019531,285.57530879974365,855.3861999511719,315.91821670532227,859.7972869873047,345.75528144836426,155,1787812579.4612317
913.9911651611328,432.9045009613037,865.2143096923828,402.18698501586914,826.6608428955078,360.51047801971436,804.9678802490234,319.79033946990967,809.8465728759766,279.0520477294922,843.5396575927734,307.6517128944397,818.3786773681641,248.2632064819336,803.6884307861328,214.08817291259766,795.6492614746094,182.8257393836975,866.7253875732422,305.28162717819214,833.2823181152344,279.0747928619385,834.1524505615234,321.759295463562,847.9822540283203,349.2369818687439,892.6981353759766,306.6245985031128,858.1360626220703,281.05151653289795,855.3305053710938,325.4060482978821,868.9149475097656,355.1172208786011,922.1600341796875,311.76246643066406,886.8598175048828,285.8063220977783,871.1179351806641,315.0531077384949,873.4600830078125,343.26554775238037,156,1787812579.5133996
917.0896148681641,433.9176034927368,869.7731781005859,402.6163101196289,832.3311614990234,358.7366795539856,812.3733520507812,315.7256555557251,820.5617523193359,273.52150440216064,849.8155212402344,305.5118250846863,830.1723480224609,243.26200246810913,820.2021026611328,208.04582118988037,816.4335632324219,175.33880352973938,874.7006988525391,303.9546847343445,845.4949188232422,274.6091938018799,844.7658538818359,317.9075789451599,856.6609954833984,346.40177965164185,901.6496276855469,306.4378523826599,870.8698272705078,278.5049629211426,865.0764465332031,323.44170570373535,875.1644897460938,354.97012853622437,932.2240447998047,312.2698760032654,901.9704437255859,280.7947111129761,884.7463989257812,308.6624765396118,882.9562377929688,338.5603094100952,157,1787812579.5521245
920.2008819580078,438.1742477416992,869.6757507324219,405.58918476104736,830.8348846435547,362.8951120376587,812.2682952880859,318.84424924850464,821.9121551513672,276.62806034088135,848.1997680664062,310.4529905319214,826.1888122558594,250.28707265853882,813.6228942871094,216.14403247833252,809.2426300048828,184.25578594207764,873.0691528320312,307.08662509918213,841.5561676025391,275.3926134109497,840.6301879882812,318.41357231140137,854.0097045898438,348.3223485946655,900.3009796142578,307.67186164855957,866.8317413330078,278.15125465393066,861.6432952880859,324.4554305076599,873.3956146240234,357.4222254753113,931.1673736572266,312.5337624549866,897.2098541259766,280.6232213973999,882.1360778808594,311.04689598083496,883.8468170166016,342.5053882598877,158,1787812579.6006052
916.0135650634766,443.7296390533447,867.9038238525391,412.31685161590576,826.3896942138672,370.90654850006104,803.3641815185547,326.5237355232239,815.3140258789062,285.79861879348755,839.0311431884766,317.9406452178955,810.1824951171875,259.8892307281494,791.1764526367188,228.9078712463379,779.8731231689453,198.28622817993164,864.4027709960938,312.85605669021606,832.5424194335938,280.66991329193115,834.8420715332031,325.0642704963684,848.4231567382812,352.1926689147949,892.62939453125,312.6873564720154,858.3554077148438,284.97567415237427,857.2520446777344,332.247097492218,870.5180358886719,361.2005567550659,924.2504119873047,317.1452736854553,891.2164306640625,286.00467681884766,879.2412567138672,318.6329984664917,883.3805847167969,347.8937315940857,159,1787812579.6480882
912.6459503173828,445.9578037261963,865.1444244384766,414.7341012954712,824.2976379394531,372.41270542144775,807.1523284912109,325.3765869140625,820.9139251708984,284.66140508651733,833.3322906494141,322.28957891464233,797.5014495849609,267.177050113678,774.6885681152344,238.24685096740723,760.0918579101562,208.43308925628662,861.397705078125,315.88701725006104,831.8813323974609,281.36475563049316,835.4883575439453,327.3505210876465,849.3679809570312,354.3599796295166,891.6305541992188,315.39737462997437,859.6798706054688,285.0946569442749,858.6812591552734,333.53039503097534,871.9239807128906,363.23161125183105,925.2566528320312,319.16420459747314,896.1270904541016,284.49448585510254,881.8441772460938,315.24043321609497,882.8895568847656,344.32579278945923,160,1787812579.6969311
913.6910247802734,439.709415435791,867.3311614990234,405.71067810058594,830.7728576660156,361.22300148010254,815.5233001708984,315.0899934768677,827.3931884765625,274.5140075683594,838.8687133789062,315.87897062301636,804.0570831298828,260.87602615356445,782.8882598876953,230.6795883178711,770.0135040283203,199.87066268920898,866.3836669921875,310.03199100494385,840.7062530517578,273.95705223083496,843.7721252441406,317.91390895843506,856.6510772705078,345.7222366333008,897.3291015625,310.67265272140503,870.6235504150391,281.52830600738525,868.5273742675781,326.8951678276062,880.1020812988281,355.60484647750854,932.0027160644531,315.452778339386,909.7317504882812,281.24465703964233,894.72412109375,309.02360916137695,893.4431457519531,336.9417142868042,161,1787812579.7470212
924.3940734863281,429.87411975860596,877.0292663574219,392.0931673049927,842.6960754394531,345.36224126815796,829.8371887207031,297.47440338134766,847.1685791015625,257.8611159324646,854.9864196777344,304.30362939834595,824.2639923095703,249.34186220169067,805.6513977050781,218.21137189865112,793.9195251464844,187.0451545715332,882.9404449462891,300.05372285842896,860.0307464599609,262.1491312980652,861.0266876220703,303.2005977630615,870.9840393066406,332.42502450942993,913.0056762695312,301.4684057235718,888.9830780029297,267.73808240890503,882.7648162841797,311.01460218429565,890.6953430175781,341.88215017318726,946.689453125,306.7705750465393,923.4835815429688,272.3526191711426,907.4137878417969,299.02403354644775,905.2099609375,327.8319454193115,162,1787812579.8142488
915.6308746337891,424.61681842803955,861.8522644042969,383.10845375061035,834.8754119873047,334.1082501411438,834.8623657226562,282.86192178726196,853.7938690185547,245.93436241149902,849.1721343994141,303.30837965011597,822.1234130859375,254.59815502166748,803.6312103271484,224.35489654541016,792.3902893066406,195.00942707061768,876.3581848144531,295.17622232437134,861.5092468261719,252.89860010147095,859.4709014892578,288.02794218063354,866.2001037597656,320.243182182312,905.9159851074219,293.7231516838074,889.9454498291016,256.54799222946167,881.8353271484375,297.15846061706543,887.5719451904297,333.85743141174316,938.3878326416016,297.01847076416016,925.5662536621094,254.8927903175354,907.2808074951172,276.26909494400024,899.5273590087891,308.5422706604004,163,1787812579.853419
906.5956878662109,423.13902854919434,854.8012542724609,388.18963050842285,823.2067108154297,341.10705614089966,819.7275543212891,289.6450352668762,837.6052856445312,250.77811002731323,836.5152740478516,312.91635274887085,808.2914733886719,269.970645904541,786.6932678222656,242.64346361160278,773.2839202880859,214.41282749176025,864.8365020751953,304.0488839149475,846.9442749023438,262.8028392791748,847.5650787353516,299.938645362854,857.4613189697266,329.7406053543091,894.5735168457031,302.0871591567993,877.1889495849609,262.5042986869812,870.5194091796875,306.8672204017639,878.3771514892578,343.07090520858765,926.842041015625,302.87439823150635,912.7576446533203,261.908118724823,895.6103515625,284.0618348121643,889.854736328125,313.74983310699463,164,1787812579.8918145
905.4758453369141,418.6483669281006,852.5885009765625,385.50561904907227,824.9345397949219,340.5878448486328,823.812255859375,290.52095890045166,838.9640808105469,253.53490591049194,836.8060302734375,317.3241448402405,807.9629516601562,276.4927053451538,787.3005676269531,248.24790716171265,773.5795593261719,221.48973941802979,864.5359802246094,307.73707151412964,849.3577575683594,265.9903120994568,849.7725677490234,295.2812361717224,856.6863250732422,324.88876819610596,893.9968109130859,304.7808909416199,877.9666137695312,267.1212387084961,871.98486328125,305.7538032531738,877.9454040527344,342.0284056663513,925.9689331054688,305.36739349365234,911.6698455810547,267.49224185943604,895.0814056396484,286.26264095306396,888.0170440673828,315.34838676452637,165,1787812579.9352717
919.5680236816406,406.0265779495239,869.7299194335938,372.61878490448,843.1662750244141,331.3893485069275,840.1400756835938,285.9680485725403,857.9507446289062,255.52220821380615,855.8935546875,311.0535264015198,826.5777587890625,271.6939115524292,805.8931732177734,243.50659847259521,792.9546356201172,217.78127431869507,881.0890960693359,303.12796354293823,867.4871826171875,261.1379814147949,868.2546997070312,287.2477197647095,876.5568542480469,317.09012746810913,908.9276123046875,301.0198974609375,896.1980438232422,265.9173345565796,892.352294921875,303.4480905532837,901.0493469238281,339.6961712837219,939.2420196533203,302.4765729904175,926.8741607666016,268.754940032959,910.101318359375,288.8193655014038,904.1624450683594,318.92035961151123,166,1787812579.9809468
939.9686431884766,396.47310733795166,895.1661682128906,363.96554946899414,869.0852355957031,317.83005237579346,869.7895050048828,272.24249839782715,891.9629669189453,243.28030586242676,887.0301055908203,298.37605476379395,859.1102600097656,258.2196092605591,840.2212524414062,231.51300430297852,829.1307830810547,206.49093389511108,912.5849151611328,292.94151306152344,900.186767578125,256.26925706863403,900.9976196289062,286.36117458343506,909.4637298583984,315.203332901001,939.6079254150391,293.891658782959,927.2880554199219,258.85048627853394,923.4603881835938,294.9938106536865,932.1413421630859,328.82599353790283,968.6763763427734,297.7560353279114,958.2299041748047,262.38722562789917,941.2085723876953,280.72587490081787,934.4557189941406,309.2885899543762,167,1787812580.0290926
963.5995483398438,387.47865200042725,920.7081604003906,351.7205572128296,900.3974914550781,305.68161964416504,904.8505401611328,261.71379804611206,928.5429382324219,236.41912937164307,917.9728698730469,290.2497339248657,896.5218353271484,247.47225522994995,882.2875213623047,218.2972240447998,874.4709777832031,192.17031955718994,943.8723754882812,286.88180208206177,936.6187286376953,247.60565757751465,933.5150146484375,274.5833158493042,937.5595855712891,305.3945589065552,970.9710693359375,289.00885820388794,962.2879028320312,253.44722986221313,955.0833892822266,286.7603087425232,959.8673248291016,321.7930054664612,1000.3108215332031,293.68727445602417,993.7596130371094,257.90632724761963,976.0144805908203,272.28253841400146,966.585693359375,299.38151836395264,168,1787812580.084271
985.9365844726562,386.72664642333984,946.6787719726562,348.62391471862793,930.5342102050781,299.8597025871277,939.8589324951172,257.08082914352417,964.6659088134766,232.24977493286133,952.7259063720703,286.6428065299988,936.3956451416016,243.4691333770752,924.6659851074219,214.25219535827637,919.3354797363281,188.25446605682373,978.4843444824219,285.48786878585815,973.8226318359375,245.88756322860718,967.2731781005859,273.08260917663574,969.1663360595703,304.4669437408447,1004.4398498535156,290.2143716812134,999.1988372802734,253.64479064941406,988.5713958740234,286.2430715560913,990.7719421386719,322.12358236312866,1032.8977966308594,297.5773787498474,1028.8333129882812,260.76674222946167,1010.3615570068359,272.64931440353394,999.9015045166016,298.70600938796997,169,1787812580.126066
1020.3391265869141,416.1819791793823,983.2923126220703,379.98979568481445,971.3339233398438,328.5902166366577,986.4944458007812,285.98495721817017,1013.9994049072266,263.05344343185425,984.6826171875,317.1189022064209,971.7222595214844,273.8453221321106,963.6780548095703,243.46788883209229,960.892333984375,216.88530921936035,1013.9120483398438,316.5310263633728,1013.6949920654297,275.53333282470703,1006.0240173339844,293.4843707084656,1004.4131469726562,317.9075789451599,1043.1536102294922,321.48309230804443,1041.01318359375,284.182448387146,1025.2375793457031,315.49768924713135,1021.2786102294922,350.1326894760132,1074.0657043457031,329.7509264945984,1072.6219940185547,292.7285671234131,1055.147476196289,304.1621804237366,1044.7867584228516,329.03027057647705,170,1787812580.1680274
1027.7088165283203,422.1591854095459,985.9835815429688,386.2654781341553,967.0234680175781,337.5096130371094,976.0076141357422,289.33014392852783,1004.2412567138672,265.98868131637573,975.4176330566406,327.3552632331848,957.6609802246094,281.3973927497864,948.7716674804688,250.7312035560608,947.1110534667969,222.33854055404663,1005.7813262939453,323.73430252075195,1004.2723083496094,282.76448249816895,1001.1826324462891,308.5192894935608,1001.4874267578125,335.1792025566101,1035.2814483642578,326.4488911628723,1034.345932006836,287.2961926460266,1021.5133666992188,322.4208998680115,1018.8236236572266,358.0405282974243,1066.4286041259766,331.5429639816284,1065.0975036621094,296.741259098053,1047.4668884277344,309.24861431121826,1036.470947265625,332.8077006340027,171,1787812580.2206602
1025.8409881591797,429.41625595092773,982.3492431640625,397.392954826355,960.7695770263672,346.50168657302856,969.5886993408203,298.23636531829834,995.3897094726562,272.6664161682129,968.5606384277344,331.8812870979309,948.6939239501953,283.7143278121948,939.1157531738281,252.09960222244263,936.0774230957031,222.06304550170898,997.8225708007812,327.2890019416809,994.3959045410156,287.7445077896118,994.0616607666016,314.5090913772583,997.6486206054688,339.25047397613525,1027.125473022461,329.9864888191223,1025.2506256103516,289.5642685890198,1015.3923034667969,325.7394790649414,1015.6886291503906,359.9512267112732,1058.007583618164,335.72240352630615,1058.2915496826172,299.89753246307373,1042.3907470703125,316.6664457321167,1032.8233337402344,341.7778444290161,172,1787812580.269435
1029.6244049072266,440.03162384033203,982.8903198242188,403.3360433578491,962.7949523925781,352.1129107475281,971.7104339599609,303.56565713882446,994.4362640380859,277.04275131225586,968.4368133544922,336.7060875892639,952.2001647949219,287.24759101867676,944.8915100097656,254.06184196472168,942.4607086181641,223.95531177520752,998.1449127197266,332.8278064727783,998.3554077148438,291.8983483314514,997.1263122558594,313.3764696121216,998.3950042724609,337.9709529876709,1027.8630065917969,335.4200863838196,1029.0290069580078,296.5209102630615,1017.9723358154297,328.1185984611511,1014.5644378662109,361.6543436050415,1058.8028717041016,341.3769292831421,1060.9405517578125,305.9645390510559,1047.7114868164062,322.25953817367554,1039.5796966552734,348.0452227592468,173,1787812580.2925434
1036.5068817138672,445.0646924972534,992.3818969726562,405.06540298461914,973.1032562255859,352.79494285583496,983.0252838134766,306.2555694580078,1006.2851715087891,279.70940351486206,981.7977142333984,331.8345522880554,968.46923828125,284.9034261703491,963.3603668212891,253.71967792510986,961.8340301513672,226.67000770568848,1011.4044952392578,331.958212852478,1014.6356964111328,290.31301259994507,1012.5074005126953,315.9601879119873,1012.0766448974609,343.80675315856934,1040.6302642822266,338.0077314376831,1042.779312133789,304.40720558166504,1032.7054595947266,335.7937288284302,1029.1010284423828,366.2816905975342,1070.1214599609375,348.4800410270691,1073.4465026855469,314.4790720939636,1059.7151184082031,329.3859314918518,1050.39794921875,352.8269577026367,174,1787812580.3368983
1046.8891143798828,451.9157838821411,1003.8961029052734,409.7476816177368,988.48388671875,357.5492334365845,999.5968627929688,311.5584683418274,1019.5918273925781,282.9888439178467,999.6947479248047,336.64772272109985,989.3698120117188,290.3772783279419,987.0073699951172,258.89398097991943,987.5472259521484,231.57875061035156,1028.0987548828125,337.91340351104736,1031.8867492675781,295.83842754364014,1028.1812286376953,314.2174172401428,1026.2926483154297,339.51210737228394,1056.5126037597656,344.88858461380005,1058.6238861083984,312.74608612060547,1047.19970703125,341.41520977020264,1041.9343566894531,371.85798168182373,1085.0933074951172,355.926775932312,1087.5381469726562,323.2871460914612,1073.2653045654297,337.1244478225708,1063.3760070800781,360.6048059463501,175,1787812580.3773167
1051.386489868164,458.2825756072998,1011.3424682617188,413.7360191345215,1000.3904724121094,360.89173793792725,1014.6184539794922,314.783878326416,1034.068374633789,285.73471784591675,1014.4188690185547,342.27654218673706,1008.9716339111328,295.90314388275146,1007.9243469238281,264.8329281806946,1009.8571014404297,237.85492658615112,1041.5670776367188,344.88757610321045,1045.5109405517578,302.31961011886597,1040.1006317138672,323.97623777389526,1038.5755157470703,349.4433617591858,1069.0420532226562,352.8544878959656,1071.90673828125,318.2997179031372,1057.8008270263672,347.3903560638428,1052.5662231445312,377.89990425109863,1097.7240753173828,363.7067699432373,1102.4784088134766,327.6975989341736,1085.8680725097656,339.2403244972229,1074.205093383789,361.9426488876343,176,1787812580.4212644
1053.104019165039,459.30280208587646,1012.3909759521484,417.77658462524414,1002.9563140869141,364.565634727478,1020.6575012207031,319.0229272842407,1046.60400390625,294.5651078224182,1020.2830505371094,348.1317186355591,1016.4260101318359,300.90378999710083,1015.5914306640625,269.2502689361572,1018.5089874267578,241.1291742324829,1047.4531555175781,349.7970914840698,1050.4165649414062,310.43994426727295,1042.2650909423828,332.5663232803345,1039.9266815185547,357.88644075393677,1074.4969177246094,357.04126596450806,1076.2493896484375,321.0514283180237,1058.2460021972656,350.45451164245605,1050.99609375,381.95244312286377,1102.639389038086,367.4808740615845,1105.858383178711,330.3326225280762,1087.6255798339844,341.43484354019165,1074.6586608886719,364.6356725692749,177,1787812580.458309
1057.394790649414,459.68809604644775,1014.2378997802734,420.0242757797241,999.6559143066406,369.44515228271484,1011.9855499267578,322.4593949317932,1035.49560546875,296.3495707511902,1011.9293975830078,351.1531734466553,1003.8211059570312,304.1423535346985,1002.0085906982422,272.7024221420288,1004.8016357421875,244.25341129302979,1039.9639892578125,350.64091444015503,1042.8703308105469,309.9143600463867,1037.9412841796875,332.3543858528137,1036.8054962158203,358.4227752685547,1067.8941345214844,355.6983804702759,1070.3526306152344,321.1909246444702,1054.8211669921875,351.7505121231079,1048.2831573486328,384.5353889465332,1097.1473693847656,364.5574378967285,1100.1981353759766,330.01569271087646,1083.2327270507812,342.64376878738403,1070.4973602294922,366.5816259384155,178,1787812580.509798
1057.0201110839844,462.8519010543823,1010.6985473632812,426.0557699203491,990.6265258789062,373.04463386535645,1001.0696411132812,322.6036548614502,1027.5398254394531,296.97173595428467,998.3843231201172,354.9633479118347,984.9595642089844,304.8685026168823,980.1535034179688,272.89026260375977,980.8972930908203,242.60005474090576,1028.0448150634766,352.35325813293457,1028.0182647705078,310.8006262779236,1025.63720703125,338.63794326782227,1026.8910217285156,365.6439256668091,1057.4879455566406,355.95070123672485,1057.9815673828125,318.27433347702026,1046.5540313720703,352.8039336204529,1044.3698120117188,386.17891788482666,1088.5621643066406,362.77936935424805,1090.1435089111328,327.7457928657532,1074.1376495361328,344.20955657958984,1063.8671875,369.29065704345703,179,1787812580.5567703
1057.8377532958984,467.8643274307251,1010.9951782226562,433.8078260421753,989.5212554931641,380.74673652648926,997.0828247070312,327.7159023284912,1020.72998046875,295.9681820869446,987.1458435058594,359.911744594574,972.4620056152344,307.15662002563477,967.5969696044922,273.02587509155273,967.7281951904297,241.11960411071777,1019.0071868896484,355.5047678947449,1020.9238433837891,314.6044921875,1022.3035430908203,345.46377897262573,1024.702377319336,371.1274766921997,1050.2920532226562,357.6861763000488,1053.3814239501953,317.70907402038574,1044.1853332519531,353.1653666496277,1041.4254760742188,383.5663175582886,1082.203369140625,364.29471015930176,1084.9891662597656,330.1071238517761,1070.5220031738281,350.9418797492981,1060.8625030517578,376.1049270629883,180,1787812580.6002605
1062.9541015625,473.4357261657715,1015.6507110595703,435.1947212219238,993.2131958007812,381.5761184692383,998.2082366943359,330.1728057861328,1017.4896240234375,297.55890369415283,991.5441131591797,355.7737612724304,976.9156646728516,305.03063678741455,972.1649932861328,272.10439682006836,970.7593536376953,241.16878509521484,1023.0164337158203,353.72719287872314,1024.6520233154297,313.53450536727905,1027.1347045898438,343.5524797439575,1029.8270416259766,367.83599853515625,1054.3921661376953,358.0862545967102,1058.4214782714844,320.38111209869385,1050.3657531738281,355.16429901123047,1047.8148651123047,384.9769878387451,1085.8074951171875,367.40100860595703,1088.8290405273438,333.1081509590149,1076.7617797851562,353.1765031814575,1069.5330047607422,377.5461530685425,181,1787812580.6547909
1079.8477172851562,479.426965713501,1034.0595245361328,435.81085681915283,1020.2073669433594,380.3974485397339,1035.5082702636719,331.43383026123047,1059.1693115234375,302.61533975601196,1032.3600006103516,356.72669649124146,1025.1493072509766,308.9925169944763,1024.3012237548828,278.9127230644226,1026.5196228027344,251.1296510696411,1062.6485443115234,358.85499715805054,1067.5322723388672,318.1350302696228,1061.6788482666016,342.9366660118103,1059.5622253417969,369.38004970550537,1091.558837890625,367.55584716796875,1095.3361511230469,332.5110912322998,1080.1614379882812,362.58869647979736,1073.1970977783203,391.7213487625122,1120.6419372558594,379.499831199646,1124.0364074707031,344.6938133239746,1106.693115234375,359.2418575286865,1095.1514434814453,381.2939929962158,182,1787812580.6946404
1076.4539337158203,482.4876022338867,1030.6128692626953,442.49058723449707,1012.2332000732422,389.99151706695557,1021.4830780029297,339.09014225006104,1044.6349334716797,309.2070508003235,1019.4641876220703,367.9731559753418,1009.4723510742188,316.81098461151123,1006.7546844482422,284.81154441833496,1008.9838409423828,254.69544410705566,1048.691635131836,366.7503261566162,1050.9283447265625,324.4248104095459,1048.1916809082031,352.45447397232056,1050.226821899414,379.8470163345337,1077.3268127441406,370.9966278076172,1078.8684844970703,335.0439977645874,1066.258544921875,368.25785636901855,1063.6776733398438,400.26751041412354,1106.9510650634766,378.451623916626,1110.2806854248047,343.0629014968872,1094.1325378417969,357.7914047241211,1083.6227416992188,382.2993278503418,183,1787812580.7441208
1074.6630096435547,486.02039337158203,1026.7645263671875,449.60062980651855,1005.1506805419922,396.6553258895874,1012.088623046875,343.20059537887573,1035.9020233154297,311.8329977989197,1004.3505859375,376.2540578842163,991.6495513916016,322.58477210998535,987.9719543457031,288.6706852912903,988.5337829589844,256.59607887268066,1035.1374816894531,372.0105028152466,1035.9479522705078,330.38012981414795,1038.113021850586,358.51680278778076,1041.84814453125,384.2869520187378,1065.2169799804688,374.07129764556885,1066.605453491211,335.49821376800537,1058.6894226074219,369.4113349914551,1057.4958801269531,400.3979730606079,1095.8558654785156,379.65561389923096,1098.93798828125,345.8351683616638,1086.1390686035156,364.6456718444824,1077.8633117675781,389.528546333313,184,1787812580.787783
1073.4790802001953,487.3454475402832,1025.1178741455078,451.0782051086426,1004.0898895263672,396.80359840393066,1011.6316223144531,345.0811243057251,1031.1785888671875,314.23582792282104,999.1700744628906,373.4788942337036,987.0455932617188,322.2015380859375,983.6934661865234,289.22364950180054,983.0551910400391,258.78089904785156,1031.1105346679688,371.1418104171753,1033.4659576416016,332.1688199043274,1036.3385772705078,359.8267722129822,1038.5257720947266,384.27974224090576,1062.344970703125,374.69078063964844,1066.4546966552734,336.34270191192627,1059.7357177734375,369.90859508514404,1056.6212463378906,400.1749849319458,1093.0388641357422,382.3850727081299,1096.7330932617188,350.10786294937134,1085.8489990234375,371.13661766052246,1078.2762908935547,396.2191343307495,185,1787812580.833541
1075.488052368164,488.19740295410156,1028.6074829101562,449.1911745071411,1005.8705902099609,397.0694589614868,1012.6217651367188,347.18406200408936,1033.9893341064453,316.403546333313,1008.0715942382812,369.0974521636963,995.8037567138672,319.80947971343994,991.7127227783203,289.7024130821228,990.4910278320312,261.8697738647461,1038.9838409423828,368.82476806640625,1042.1888732910156,328.8188052177429,1043.6180877685547,358.8670563697815,1045.2852630615234,384.95630264282227,1069.6924591064453,374.54044818878174,1073.7651824951172,340.50602674484253,1066.3031005859375,374.40985679626465,1063.4796142578125,402.90401458740234,1099.7834014892578,384.81695652008057,1101.9982147216797,353.25769901275635,1090.2986907958984,373.41065883636475,1083.4955596923828,397.43518352508545,186,1787812580.8960261
1073.1260681152344,489.3248748779297,1031.0486602783203,445.33424377441406,1019.6675109863281,389.01257514953613,1035.4707336425781,340.4966068267822,1057.4681854248047,308.65333557128906,1032.9780578613281,366.5065670013428,1025.4363250732422,319.5755910873413,1023.3663940429688,288.54970693588257,1024.0298461914062,261.7478084564209,1063.0352783203125,368.77936363220215,1070.1117706298828,327.6605415344238,1063.4175109863281,346.8157196044922,1058.9482116699219,370.5588483810425,1091.7703247070312,376.7978811264038,1095.2333068847656,344.12752389907837,1080.506591796875,373.92319679260254,1073.3039855957031,403.51881980895996,1119.405746459961,388.126802444458,1122.955322265625,355.2271270751953,1104.9662780761719,368.72344493865967,1091.6495513916016,390.98552227020264,187,1787812580.9384153
1059.676742553711,487.0629358291626,1018.3462524414062,444.02159214019775,1004.4708251953125,391.503210067749,1016.4962768554688,344.52064990997314,1040.6548309326172,317.1057057380676,1017.9190063476562,369.23418045043945,1008.2033538818359,322.3912239074707,1002.3165893554688,291.47809982299805,1001.6285705566406,264.0895915031433,1045.5548858642578,370.36285400390625,1047.219009399414,330.4908084869385,1040.389633178711,356.7728090286255,1039.6807098388672,384.86403465270996,1072.9837799072266,377.1849775314331,1074.038314819336,344.33903217315674,1060.2364349365234,375.80512046813965,1056.7427062988281,406.77321910858154,1101.2715148925781,388.23906898498535,1102.5424194335938,354.25970792770386,1085.217514038086,370.0040817260742,1073.509750366211,395.0389623641968,188,1787812580.9850588
1039.2031860351562,486.53619289398193,995.8991241455078,446.64196014404297,976.9319152832031,395.6016254425049,984.2518615722656,346.6916298866272,1007.7959442138672,320.17943143844604,988.4313201904297,373.6817979812622,973.7960052490234,327.15216636657715,965.9902954101562,295.16266107559204,964.080810546875,267.1360445022583,1015.8464050292969,371.8233060836792,1015.9173583984375,327.60595321655273,1011.2332916259766,353.23246479034424,1010.8162689208984,383.3416986465454,1043.9839935302734,375.95558166503906,1043.8639831542969,339.8131585121155,1031.6326141357422,372.870569229126,1029.0365600585938,407.31493949890137,1073.5066223144531,384.43509578704834,1072.7978515625,350.8755326271057,1054.4956970214844,366.87963008880615,1042.1382141113281,393.40938091278076,189,1787812581.0265658
1019.2660522460938,487.940468788147,972.7312469482422,449.29460048675537,951.9818878173828,399.76720333099365,956.8631744384766,350.13142347335815,977.5527954101562,319.95906114578247,961.1280822753906,378.61281394958496,942.0469665527344,334.3920707702637,930.4342651367188,301.70780897140503,925.3144836425781,273.15200328826904,988.5552215576172,374.42813873291016,986.3730621337891,328.3365869522095,982.8204345703125,352.6217579841614,983.3663177490234,383.29655170440674,1017.1462249755859,376.787109375,1015.9942626953125,339.24991607666016,1005.0598907470703,373.0119323730469,1003.4709930419922,408.554892539978,1047.1138763427734,383.41169357299805,1045.1435089111328,348.7929582595825,1027.923812866211,366.2430238723755,1016.7324066162109,394.42304134368896,190,1787812581.084246
996.9008636474609,486.21402740478516,950.4857635498047,449.2788076400757,927.3336029052734,400.17313957214355,931.5369415283203,351.6589951515198,950.2434539794922,320.47966718673706,939.8319244384766,377.20544815063477,920.1144409179688,335.65738677978516,905.9944152832031,304.3383479118347,897.467041015625,276.9652032852173,967.2395324707031,371.89724922180176,961.04248046875,328.2606053352356,956.2969970703125,355.0190305709839,957.3542785644531,386.1060047149658,995.7408142089844,373.82891178131104,990.2099609375,336.56822204589844,979.827880859375,370.6593990325928,979.7748565673828,405.3951644897461,1025.7926940917969,380.5509567260742,1021.1150360107422,343.6121106147766,1004.2369079589844,361.4102840423584,994.5980072021484,389.5909023284912,191,1787812581.1362514
978.71826171875,481.3073444366455,932.3832702636719,446.27391815185547,907.4784088134766,397.68014430999756,910.5344390869141,348.72425079345703,929.8601531982422,314.98244762420654,923.5595703125,371.92505836486816,903.0690002441406,331.45702600479126,887.6137542724609,301.0888624191284,878.1553649902344,273.45571517944336,950.9873962402344,366.3309574127197,941.5013122558594,326.6769003868103,939.0151214599609,356.026554107666,942.4717712402344,385.06075859069824,979.4470977783203,368.31871032714844,969.7629547119141,332.4881100654602,961.4097595214844,370.309853553772,963.9700317382812,405.70913314819336,1010.2972412109375,374.1179037094116,1002.74658203125,336.9097852706909,984.8179626464844,356.6933298110962,974.8503875732422,385.95301151275635,192,1787812581.1753538
963.1610870361328,475.8561944961548,919.6657562255859,442.65636920928955,894.2876434326172,392.4584627151489,896.6352844238281,343.03672313690186,916.41357421875,310.098295211792,911.7849731445312,363.1973648071289,893.1659698486328,322.3777914047241,876.5889739990234,293.43525409698486,866.7825317382812,265.62164783477783,939.7245788574219,359.0103077888489,926.1227416992188,318.1686544418335,923.0891418457031,355.78678607940674,929.9655151367188,386.0525321960449,968.1214141845703,362.45986461639404,954.8477172851562,325.4287075996399,945.7028961181641,367.8066873550415,950.9881591796875,402.12724685668945,998.5982513427734,369.25950050354004,987.5734710693359,332.2732973098755,968.9399719238281,353.979856967926,961.0687255859375,381.1402702331543,193,1787812581.2234612
933.6515045166016,478.320951461792,889.5058441162109,446.9586753845215,853.5539245605469,401.45596504211426,844.8888397216797,352.7353763580322,864.7772979736328,318.8925075531006,873.0731964111328,364.6430969238281,846.0860443115234,322.15853691101074,822.8799438476562,295.49192905426025,807.6235198974609,270.8708381652832,898.9126586914062,359.40903425216675,876.0336303710938,321.12178802490234,876.4996337890625,363.75346183776855,886.8624877929688,394.4449281692505,927.2895812988281,361.3775825500488,903.7530517578125,329.9456548690796,898.5055541992188,372.83949851989746,907.5358581542969,404.22306060791016,959.3677520751953,367.7038621902466,936.9686126708984,331.5939688682556,922.1936798095703,356.7093586921692,920.7209777832031,384.12108421325684,194,1787812581.2760713
929.9445343017578,490.23648262023926,885.6464385986328,460.5152893066406,847.7619171142578,416.757173538208,838.2614135742188,367.93848037719727,854.0586853027344,326.691792011261,861.8441772460938,377.98667907714844,834.6019744873047,338.69521379470825,809.1960144042969,316.53658390045166,790.8265686035156,292.80933380126953,888.83056640625,370.24985790252686,863.0353546142578,334.5278549194336,868.91357421875,378.511061668396,883.9984893798828,403.8439893722534,918.4198760986328,369.83272075653076,893.2324981689453,337.1156716346741,892.4704742431641,383.1178092956543,904.4005584716797,410.8131408691406,951.2997436523438,374.4527292251587,927.3049163818359,339.4586992263794,915.1384735107422,369.5134735107422,916.2596130371094,396.9822120666504,195,1787812581.3251684
931.7055511474609,501.7798089981079,886.2196350097656,474.4956922531128,845.3653717041016,429.13185596466064,835.2682495117188,381.145977973938,850.9605407714844,339.6505093574524,860.5531311035156,387.13447093963623,835.4569244384766,356.76392555236816,809.4381713867188,346.85863494873047,790.5542755126953,340.2724814414978,887.7330017089844,379.4300937652588,862.7086639404297,342.65994787216187,867.1047210693359,389.77067470550537,880.2238464355469,417.0096015930176,917.872314453125,379.1979646682739,890.6278228759766,348.70927333831787,890.0605773925781,395.81053733825684,901.0161590576172,423.221640586853,951.3453674316406,383.86951446533203,924.8838806152344,351.1617136001587,913.8442993164062,381.5354347229004,915.2685546875,408.03205490112305,196,1787812581.3641508
937.5106048583984,512.8512382507324,893.0429077148438,488.9435291290283,852.6850128173828,445.2470827102661,839.4253540039062,399.81247901916504,851.0305023193359,358.31812620162964,863.0966186523438,399.28908348083496,840.423583984375,367.0259714126587,815.9671783447266,367.2832489013672,797.5785827636719,376.44794940948486,889.9952697753906,392.5994396209717,863.8241577148438,356.7587113380432,869.7693634033203,402.92332649230957,883.7993621826172,429.4612741470337,921.2059020996094,392.3216485977173,893.1748199462891,364.0553283691406,895.1429748535156,411.19285583496094,906.8777465820312,437.3609161376953,955.3866577148438,397.1426725387573,928.8607025146484,367.10484981536865,920.0236511230469,398.99670124053955,922.5359344482422,424.28757190704346,197,1787812581.411655
952.3796081542969,523.1933212280273,909.1567230224609,504.5622253417969,866.5224456787109,459.8549509048462,853.3090209960938,413.40136528015137,866.1631774902344,373.89543056488037,874.1812133789062,409.9984359741211,851.5523529052734,379.5476818084717,828.37890625,380.3943157196045,811.8616485595703,392.5483274459839,902.9692840576172,403.4959030151367,876.4297485351562,368.2285451889038,883.14697265625,414.3089818954468,897.9735565185547,442.27476596832275,936.0211181640625,404.2576503753662,908.2619476318359,377.2251033782959,909.7880554199219,423.14889907836914,920.3463745117188,447.78719902038574,971.4087677001953,411.3403558731079,943.4163665771484,385.5461311340332,937.3341369628906,420.2936553955078,942.4029541015625,444.790678024292,198,1787812581.4453073
971.8191528320312,536.0523462295532,927.6792144775391,515.6209516525269,887.7305603027344,469.1016626358032,878.7300872802734,422.5736618041992,889.4732666015625,383.0253267288208,895.0727081298828,423.36145877838135,873.2740783691406,389.50069427490234,850.9078216552734,390.18935680389404,835.9333038330078,405.24569034576416,924.7545623779297,417.0001173019409,900.4379272460938,379.7154378890991,904.6984100341797,422.9852628707886,917.7735137939453,448.25647830963135,958.0649566650391,418.1627368927002,933.0242919921875,390.83385944366455,934.3067932128906,435.13051986694336,944.605712890625,456.3560199737549,993.4654998779297,425.60773372650146,968.0825805664062,399.7351026535034,962.2045135498047,433.5755681991577,967.3024749755859,455.0576591491699,199,1787812581.481616
991.8647766113281,544.6962690353394,949.4007873535156,521.270112991333,913.0457305908203,471.6900587081909,908.7059783935547,425.03520011901855,922.8143310546875,388.9083766937256,925.2873229980469,426.2554121017456,904.8240661621094,390.6237030029297,881.2966918945312,388.83087158203125,863.4942626953125,403.12296867370605,954.7589111328125,422.9143238067627,932.4295806884766,382.03874588012695,932.77587890625,422.34543800354004,941.5818786621094,450.78032970428467,987.8300476074219,427.23233699798584,965.7839965820312,397.9991340637207,963.2607269287109,443.84220600128174,969.4776153564453,469.6326541900635,1022.7606964111328,437.55480766296387,1000.0811767578125,411.24722957611084,991.2359619140625,445.5132007598877,993.1005096435547,468.56861114501953,200,1787812581.5237494
1013.1910705566406,553.0736017227173,971.1153411865234,526.3806009292603,936.3420104980469,471.2388038635254,934.6302795410156,422.1766519546509,953.3135986328125,389.1221809387207,955.6356048583984,430.58316707611084,938.7859344482422,396.7860460281372,915.5070495605469,383.83960247039795,893.9842224121094,379.35142993927,985.13916015625,428.377103805542,965.9462738037109,384.54461574554443,964.4554138183594,427.35443115234375,971.7941284179688,459.7963285446167,1017.2255706787109,434.02909755706787,998.2112884521484,402.40435123443604,993.5868072509766,448.3033847808838,998.7519836425781,476.2724733352661,1051.3932800292969,445.65576553344727,1032.2270202636719,414.40545558929443,1021.1380767822266,447.96152114868164,1021.72119140625,473.1947994232178,201,1787812581.5562375
1030.5411529541016,553.751106262207,989.3865203857422,524.7203350067139,961.0174560546875,468.8544702529907,964.7624206542969,418.77453804016113,983.8407135009766,383.7249755859375,976.2245178222656,429.3720531463623,956.5059661865234,390.9943199157715,938.4060668945312,366.33593559265137,924.5824432373047,343.8914465904236,1007.5702667236328,426.08821392059326,996.9259643554688,382.0875406265259,993.9134216308594,425.58292865753174,996.8870544433594,458.5906219482422,1039.8451232910156,432.0193290710449,1028.5149383544922,401.60136222839355,1019.1596984863281,447.01828479766846,1018.8327789306641,475.9619379043579,1072.7433013916016,444.36920642852783,1060.0886535644531,414.3888473510742,1045.8418273925781,444.6379852294922,1040.1998901367188,469.1342782974243,202,1787812581.6039433
1035.892105102539,553.3444404602051,998.4396362304688,524.0479803085327,972.73681640625,465.64774990081787,980.2684020996094,412.8406763076782,1004.9762725830078,378.9435625076294,986.7901611328125,423.33948612213135,969.0167999267578,372.9658842086792,955.8180236816406,342.14356899261475,948.9134216308594,312.611289024353,1020.3517150878906,423.15327644348145,1009.96826171875,382.6467704772949,1006.4312744140625,433.3966541290283,1012.6824951171875,462.28704929351807,1053.604736328125,431.7882299423218,1043.8348388671875,396.99328422546387,1031.5972137451172,446.88395977020264,1033.2007598876953,475.5957841873169,1087.2979736328125,446.30340099334717,1077.5242614746094,412.41435527801514,1060.12451171875,443.09020042419434,1053.6289978027344,467.76888370513916,203,1787812581.6512866
1039.7863006591797,558.9314603805542,1002.1189117431641,528.684253692627,975.3993988037109,469.11213397979736,981.9451904296875,413.1103992462158,1012.1002960205078,379.32915687561035,988.5818481445312,422.7112913131714,971.6292572021484,365.50299167633057,960.1833343505859,330.48282623291016,953.7633514404297,297.29703426361084,1023.4381866455078,422.95968532562256,1015.6864929199219,382.16384410858154,1010.9799957275391,434.09286975860596,1014.4395446777344,463.67411613464355,1057.5447845458984,432.03271865844727,1050.4035186767578,398.35726261138916,1036.5010833740234,448.4964179992676,1035.448226928711,477.9253149032593,1090.9161376953125,447.39169120788574,1083.4230041503906,413.9900779724121,1065.0457763671875,445.2951908111572,1057.2441101074219,470.7601261138916,204,1787812581.6953695
1023.7346649169922,607.1189975738525,985.0189208984375,581.2335777282715,943.3807373046875,534.3645715713501,935.3736877441406,485.99756240844727,957.8390502929688,452.49866008758545,959.1353607177734,469.43060874938965,919.9949645996094,415.24582386016846,890.2204895019531,388.81048679351807,870.7933044433594,363.2505798339844,996.4533233642578,468.3756637573242,964.5449829101562,438.5348653793335,960.9571838378906,496.88509941101074,976.7995452880859,522.0999670028687,1033.6927795410156,478.50892066955566,1000.7876586914062,461.69816493988037,990.1815032958984,516.5795516967773,1002.7998352050781,535.6223344802856,1071.0847473144531,495.8654737472534,1037.1282958984375,477.1488046646118,1019.6247863769531,518.4437084197998,1024.047622680664,538.5031127929688,205,1787812581.7387438
1022.5457000732422,638.3226156234741,981.5342712402344,607.0871114730835,939.7631072998047,560.8843231201172,928.5983276367188,513.9409875869751,950.3192901611328,476.84110164642334,961.2850189208984,491.15105152130127,918.8932800292969,451.7509889602661,885.9336853027344,431.1466455459595,860.77392578125,409.609580039978,998.7583160400391,488.0380582809448,962.9544067382812,463.36950302124023,963.2280731201172,520.6235074996948,977.9804992675781,546.4900875091553,1034.9728393554688,497.85528659820557,997.4235534667969,486.8581008911133,990.39306640625,540.7593441009521,1002.2203826904297,560.5972194671631,1069.4068145751953,516.6347408294678,1032.8881072998047,504.49742317199707,1017.4184417724609,544.5488548278809,1021.634521484375,564.8313760757446,206,1787812581.7722096
1026.6432189941406,662.3012208938599,986.5220642089844,630.3218650817871,944.9415588378906,580.3843259811401,931.9900512695312,534.1501665115356,955.6375122070312,499.71768379211426,968.3354949951172,506.5737533569336,933.5095977783203,478.9485454559326,900.3522491455078,471.13842487335205,871.2523651123047,463.0678939819336,1005.595703125,503.8848066329956,967.8766632080078,484.7976064682007,970.2539825439453,542.7286863327026,985.0859832763672,566.698408126831,1042.2412109375,514.5059680938721,1002.6187133789062,511.26285552978516,997.958984375,563.1380224227905,1009.2070007324219,578.4980249404907,1077.3216247558594,535.5614805221558,1041.0498809814453,527.9900550842285,1025.7369232177734,566.5168333053589,1027.7092742919922,583.648853302002,207,1787812581.8309515
1035.1219177246094,674.1034126281738,995.3158569335938,642.7572727203369,954.96337890625,593.3464336395264,945.0421905517578,549.4891834259033,970.601806640625,521.101884841919,985.2466583251953,516.9766044616699,957.562255859375,494.78233337402344,926.3046264648438,492.28118419647217,897.0155334472656,492.1072483062744,1021.6225433349609,514.9224615097046,986.8553924560547,502.8756093978882,984.4881439208984,557.466287612915,996.8515014648438,579.4098901748657,1057.3634338378906,527.4951124191284,1021.9229888916016,524.8398971557617,1013.4519958496094,573.8105964660645,1022.5740051269531,589.1195297241211,1091.4469146728516,550.8795118331909,1057.9732513427734,544.2331695556641,1042.3212432861328,580.7926654815674,1044.6759796142578,596.6532325744629,208,1787812581.8710752
1042.5808715820312,680.4347133636475,1006.7012023925781,646.5540361404419,968.4071350097656,593.8115501403809,960.8473205566406,546.0876274108887,995.1153564453125,520.7155179977417,1000.4393768310547,523.3883714675903,976.7897796630859,503.989520072937,949.7432708740234,493.6964464187622,924.3897247314453,480.9403324127197,1038.8086700439453,522.4868488311768,1010.6879425048828,504.9550724029541,1002.7652740478516,559.7092151641846,1012.4003601074219,581.569390296936,1074.9795532226562,536.5163898468018,1044.478988647461,533.1827259063721,1031.3719940185547,580.3984451293945,1039.5770263671875,592.6339101791382,1108.824691772461,560.0933504104614,1079.0733337402344,553.8263368606567,1061.4483642578125,588.3627605438232,1063.7064361572266,601.7474126815796,209,1787812581.924669
1051.9393157958984,676.8407678604126,1017.5031280517578,646.6770315170288,984.7759246826172,591.8414354324341,987.4761962890625,544.5332336425781,1022.5166320800781,520.1415681838989,1012.6564025878906,527.7162981033325,993.4619903564453,497.6742696762085,973.7646484375,474.4576692581177,959.1426849365234,451.2386655807495,1052.630386352539,525.3859949111938,1031.8756866455078,500.77739238739014,1021.4921569824219,553.8622140884399,1028.9877319335938,576.2108087539673,1090.09033203125,537.9368448257446,1067.132568359375,530.621280670166,1050.4645538330078,577.7543020248413,1055.3727722167969,592.0608186721802,1125.1583099365234,560.3463363647461,1102.4689483642578,552.8557634353638,1081.2715148925781,585.8159065246582,1078.8805389404297,599.8630857467651,210,1787812581.977025
1061.1247253417969,674.9333953857422,1028.0755615234375,644.5892858505249,1003.0291748046875,589.9301147460938,1013.3432006835938,542.0236301422119,1045.497055053711,513.9786672592163,1019.4032287597656,524.1710186004639,1006.1339569091797,480.6968307495117,995.8671569824219,446.6492986679077,991.3868713378906,417.16637134552,1061.8730163574219,525.6698369979858,1050.0495910644531,498.69436740875244,1038.4892272949219,554.677562713623,1042.1080780029297,577.4056577682495,1101.3520812988281,540.1784420013428,1087.064208984375,524.9235391616821,1068.0870056152344,573.4416103363037,1068.0599975585938,590.7752895355225,1137.757568359375,564.0391159057617,1123.0693054199219,546.8183898925781,1100.7442474365234,580.2186298370361,1094.1265106201172,595.6784105300903,211,1787812582.025067
1076.216812133789,682.6103496551514,1043.6261749267578,649.1052675247192,1020.6224822998047,594.3654584884644,1031.8267822265625,545.5111885070801,1063.359603881836,513.6905336380005,1036.0185241699219,528.0219411849976,1017.3495483398438,477.271671295166,998.8017272949219,440.13354778289795,987.5302886962891,410.1772212982178,1077.3298645019531,532.011137008667,1065.9262084960938,500.33703804016113,1055.2767944335938,560.5199289321899,1063.0906677246094,579.5089387893677,1116.0701751708984,547.7590942382812,1103.9490509033203,529.6348285675049,1084.9565124511719,579.4093322753906,1088.5697174072266,591.6946220397949,1151.9877624511719,571.9788837432861,1141.5697479248047,552.8050374984741,1119.6056365966797,586.5914297103882,1115.8854675292969,598.6781930923462,212,1787812582.06766
1082.3536682128906,696.7727994918823,1048.9122009277344,657.5671005249023,1028.4114074707031,599.6474361419678,1042.0230102539062,551.1163187026978,1074.5185089111328,520.974555015564,1043.5542297363281,539.9721908569336,1029.4367218017578,501.52403354644775,1014.2018127441406,476.644549369812,1001.9677734375,452.3614168167114,1083.7834930419922,540.9821176528931,1078.5449981689453,502.16033935546875,1068.5836029052734,551.5587329864502,1069.8772430419922,573.6054182052612,1122.3727416992188,554.0571355819702,1116.7620086669922,535.6120777130127,1096.1759185791016,584.492654800415,1091.804428100586,599.5435380935669,1157.76123046875,576.8230819702148,1151.811294555664,560.4227256774902,1130.267333984375,594.528923034668,1121.9651794433594,606.9989204406738,213,1787812582.104678
1089.6682739257812,699.8773813247681,1058.3891296386719,659.0318441390991,1040.7904815673828,600.8579063415527,1056.6412353515625,552.9565715789795,1091.3726806640625,523.0890369415283,1050.2825164794922,540.7768964767456,1045.2571105957031,513.2538270950317,1038.6093139648438,491.5787887573242,1036.25732421875,471.0306644439697,1091.3416290283203,542.3864793777466,1090.0768280029297,510.24224281311035,1079.0811920166016,560.644941329956,1080.9369659423828,578.7285661697388,1130.5127716064453,555.1929330825806,1131.1107635498047,536.2656784057617,1109.9832153320312,582.4709987640381,1104.0229034423828,595.5521106719971,1166.9638061523438,578.7906646728516,1167.0832824707031,561.1896657943726,1145.1277923583984,593.0309629440308,1133.3171844482422,604.7554779052734,214,1787812582.1584423
1099.505844116211,693.7368822097778,1069.0961456298828,654.7099685668945,1051.8140411376953,597.0026063919067,1070.9297180175781,547.9100704193115,1108.74755859375,520.5728244781494,1060.1422119140625,536.2443923950195,1057.4251556396484,500.41162490844727,1055.2487182617188,476.3205814361572,1061.1758422851562,451.43659114837646,1103.4344482421875,539.0455198287964,1109.7652435302734,506.10129833221436,1094.2724609375,562.0125246047974,1094.0032958984375,579.6139097213745,1142.5189208984375,554.0217304229736,1147.8028869628906,536.504545211792,1124.3508911132812,584.6553039550781,1119.1437530517578,595.0781106948853,1178.353271484375,578.7938404083252,1180.944595336914,562.6532077789307,1157.317886352539,594.6511888504028,1145.4857635498047,604.3162822723389,215,1787812582.2151616
1103.0103302001953,688.6693525314331,1075.84228515625,651.2515926361084,1063.7065887451172,592.1493530273438,1084.0249633789062,542.6559019088745,1120.95947265625,512.5485563278198,1070.9915161132812,528.3482265472412,1072.4482727050781,481.9769096374512,1075.0716400146484,449.7217798233032,1085.2172088623047,420.65062522888184,1113.9281463623047,535.8114624023438,1122.5730895996094,504.5165205001831,1103.7152099609375,561.4689588546753,1100.4539489746094,582.5778150558472,1152.513427734375,554.7258424758911,1161.4582061767578,531.1554479598999,1134.4252014160156,579.2131233215332,1124.9649810791016,595.7324409484863,1186.7532348632812,582.2821283340454,1193.9241790771484,558.1619453430176,1168.9838409423828,588.2541847229004,1154.3938446044922,601.5543365478516,216,1787812582.2544634
1105.1129150390625,684.9151182174683,1077.2135925292969,644.2952728271484,1071.1003112792969,584.4408988952637,1094.7368621826172,535.6822872161865,1131.56005859375,507.2600984573364,1078.4110260009766,521.7675018310547,1084.15283203125,466.0944986343384,1088.3866882324219,427.8955936431885,1100.384292602539,395.7959032058716,1120.6330108642578,533.2393312454224,1134.4024658203125,501.23499870300293,1113.8916015625,556.9055557250977,1107.6083374023438,582.204065322876,1158.4489440917969,553.417911529541,1168.8307189941406,531.1099147796631,1141.6321563720703,576.6433525085449,1131.075210571289,596.0994958877563,1191.4149475097656,581.5659999847412,1201.9562530517578,553.6347198486328,1175.9300231933594,582.733039855957,1159.5657348632812,598.4160661697388,217,1787812582.2921686
1106.0427856445312,687.4361801147461,1079.7333526611328,645.6860303878784,1071.3069915771484,585.5593585968018,1093.9486694335938,535.8671236038208,1129.986343383789,505.2355670928955,1082.1540832519531,519.786787033081,1084.9747467041016,461.541223526001,1086.2411499023438,422.648549079895,1094.4429779052734,389.2654752731323,1123.1006622314453,532.8476428985596,1138.2258605957031,497.6149606704712,1116.1954498291016,552.0597696304321,1109.1901397705078,578.0188751220703,1160.0831604003906,553.8606262207031,1171.204833984375,529.6301507949829,1140.959701538086,574.4597768783569,1129.3115997314453,591.5401268005371,1192.0698547363281,582.3107528686523,1203.1505584716797,554.4056081771851,1176.1300659179688,582.9377031326294,1160.676040649414,596.56662940979,218,1787812582.3345208
1106.5355682373047,691.0725688934326,1081.0399627685547,647.7433919906616,1074.2601776123047,587.0932817459106,1096.8479919433594,537.5468730926514,1129.2659759521484,504.82752799987793,1082.4501037597656,524.0098285675049,1083.2868194580078,468.65156650543213,1083.8288116455078,432.2476387023926,1092.2452545166016,400.8734321594238,1122.8099822998047,536.281943321228,1136.8699645996094,498.84045124053955,1118.0587005615234,550.5207395553589,1113.5733032226562,575.9634447097778,1159.7054290771484,556.5758371353149,1170.8798217773438,531.6418504714966,1142.9491424560547,575.2210521697998,1132.5541687011719,591.7116594314575,1191.7230987548828,584.2284679412842,1203.1275939941406,556.3902711868286,1177.6071166992188,584.5481014251709,1162.9393768310547,598.0844593048096,219,1787812582.3829606
1134.5519256591797,688.21457862854,1111.0062408447266,642.5664281845093,1115.8610534667969,581.5168190002441,1146.8519592285156,538.6206579208374,1182.6518249511719,512.5931024551392,1127.7661895751953,515.4193353652954,1143.5466003417969,457.8389596939087,1159.6952056884766,421.84993743896484,1178.7552642822266,390.92711448669434,1170.230712890625,532.8522348403931,1197.1116638183594,502.30968475341797,1173.7823486328125,551.172194480896,1158.0015563964844,580.4940176010132,1206.573257446289,557.6669597625732,1224.9154663085938,537.6235198974609,1194.4612884521484,575.7769346237183,1176.2297058105469,595.2556085586548,1236.82373046875,589.1851043701172,1256.5367889404297,562.533860206604,1227.6123809814453,583.3002090454102,1204.794692993164,594.9228858947754,220,1787812582.4263632
1142.6777648925781,682.4024248123169,1122.542953491211,634.1284990310669,1129.872817993164,572.4603509902954,1166.7142486572266,533.6203336715698,1206.5863037109375,513.109073638916,1144.4261932373047,510.7883834838867,1166.4696502685547,448.2723569869995,1185.7195281982422,412.89307594299316,1206.009521484375,382.4588871002197,1183.7211608886719,530.7492542266846,1209.0833282470703,502.53632068634033,1182.681884765625,545.3915405273438,1164.6619415283203,574.6311807632446,1217.1343994140625,558.2242155075073,1234.7623443603516,534.210934638977,1201.9185638427734,568.5791730880737,1183.0924224853516,590.3727865219116,1244.010009765625,591.2874412536621,1257.6104736328125,565.7309675216675,1226.8789672851562,580.3595638275146,1204.2015838623047,591.1215305328369,221,1787812582.456249
1145.6977844238281,679.2298221588135,1128.3588409423828,629.8987197875977,1139.2682647705078,565.9707355499268,1179.5671081542969,527.37473487854,1221.4278411865234,509.97621059417725,1158.96240234375,506.63546562194824,1188.6337280273438,442.2972106933594,1214.3360137939453,408.6055326461792,1238.7739562988281,380.04627227783203,1195.4007720947266,529.6464157104492,1229.7234344482422,501.6465139389038,1200.1556396484375,543.9848184585571,1176.8262481689453,572.3716020584106,1225.9758758544922,558.3071708679199,1251.661605834961,537.3492050170898,1215.2471923828125,572.5319766998291,1191.7063903808594,593.8268709182739,1249.6134185791016,591.6910171508789,1271.0844421386719,570.1501321792603,1239.3277740478516,586.6731834411621,1214.8535919189453,598.033561706543,222,1787812582.4885929
1146.1837768554688,678.9021635055542,1131.2950134277344,629.7808742523193,1147.4890899658203,564.3389225006104,1190.7981872558594,524.4758033752441,1233.6157989501953,509.1479015350342,1167.8400421142578,508.40168952941895,1207.0909881591797,446.14216804504395,1236.9115447998047,413.7214708328247,1265.2886962890625,386.28796577453613,1204.090576171875,533.8034105300903,1240.2288818359375,503.3125305175781,1206.5245056152344,544.2431259155273,1181.9384765625,574.7119903564453,1233.9004516601562,563.7283658981323,1258.4927368164062,538.7889719009399,1219.428482055664,574.1877365112305,1196.3948822021484,597.1987724304199,1256.7684936523438,597.965669631958,1274.5204162597656,571.7952489852905,1242.3141479492188,589.2765140533447,1220.2262878417969,602.7366542816162,223,1787812582.5262272
1146.7947387695312,678.4228849411011,1133.9920043945312,628.3409357070923,1151.9712829589844,563.2032108306885,1195.8252716064453,524.7257423400879,1241.092300415039,510.8920669555664,1175.778579711914,506.06306076049805,1217.665023803711,445.88098526000977,1248.6250305175781,413.6927604675293,1277.1354675292969,386.83247566223145,1212.8497314453125,531.382212638855,1247.0626831054688,505.03416538238525,1213.3592224121094,545.0705766677856,1189.6038055419922,573.5104465484619,1243.1861114501953,561.6418647766113,1269.0972137451172,539.4440746307373,1226.9141387939453,573.2632112503052,1201.1406707763672,594.030032157898,1265.4230499267578,596.0804843902588,1279.4954681396484,574.205846786499,1245.0144958496094,591.736249923706,1222.056655883789,603.1661081314087,224,1787812582.5767796
1147.5077819824219,680.6571865081787,1131.7965698242188,629.0383958816528,1150.150146484375,560.3534603118896,1197.181625366211,519.7969579696655,1243.0949401855469,505.2295160293579,1173.3209991455078,506.5340566635132,1215.9538269042969,446.60462379455566,1246.8282318115234,415.54121017456055,1276.0370635986328,388.73937606811523,1209.4381713867188,531.4676570892334,1244.06494140625,503.94484519958496,1212.8599548339844,545.1388120651245,1189.6114349365234,575.7416152954102,1240.6353759765625,560.6268739700317,1266.4921569824219,537.6238632202148,1225.6097412109375,572.4799203872681,1198.644790649414,595.872859954834,1264.6044158935547,594.0018796920776,1279.3737030029297,571.1377000808716,1244.0196228027344,585.4680347442627,1217.3026275634766,595.6192302703857,225,1787812582.6266868
1138.6575317382812,676.4378786087036,1121.3899230957031,622.9273796081543,1138.6772155761719,557.1364831924438,1182.1575164794922,517.2101497650146,1225.2051544189453,499.8890447616577,1162.305679321289,507.62569427490234,1199.6806335449219,445.96660137176514,1228.3688354492188,414.94121074676514,1257.5263214111328,388.0724287033081,1197.0410919189453,529.8696184158325,1232.5679779052734,502.6991844177246,1201.2149810791016,544.3569803237915,1180.749740600586,572.4176073074341,1226.93115234375,556.7647933959961,1253.0809020996094,537.7499914169312,1214.6244049072266,571.4098691940308,1193.2173156738281,591.2101078033447,1250.904769897461,587.5467681884766,1271.0490417480469,569.2129468917847,1240.6539154052734,580.9090518951416,1220.6206512451172,587.7627611160278,226,1787812582.6750712
1126.7864990234375,673.0138778686523,1105.9313201904297,615.7978963851929,1121.9290161132812,546.8906593322754,1164.2955780029297,504.53450202941895,1206.4507293701172,490.34286975860596,1148.5668182373047,502.61459827423096,1179.205551147461,442.7650308609009,1202.8485107421875,411.0820484161377,1227.5223541259766,384.6552515029907,1183.6186981201172,525.2945852279663,1214.6387481689453,492.0298719406128,1182.89794921875,530.370569229126,1160.0495910644531,560.5942153930664,1214.0003204345703,552.3241710662842,1232.462387084961,527.6345443725586,1194.1976928710938,561.2088918685913,1172.4018096923828,585.460696220398,1239.1609954833984,583.1019830703735,1252.3528289794922,560.2584028244019,1221.8905639648438,575.3707838058472,1202.3489379882812,589.1111612319946,227,1787812582.7271764
1114.8233032226562,668.4265279769897,1091.2895202636719,613.9359283447266,1099.2961883544922,547.5219011306763,1133.5832214355469,500.87382316589355,1173.5800170898438,482.9270553588867,1128.1105041503906,504.202938079834,1151.5364837646484,445.41629791259766,1168.6656188964844,413.1288528442383,1187.5724029541016,385.74671745300293,1164.0877532958984,522.0975637435913,1189.7276306152344,487.5688648223877,1162.3965454101562,528.8197374343872,1143.1698608398438,559.281907081604,1195.716552734375,545.7655048370361,1211.0911560058594,524.1113662719727,1177.71240234375,560.1392698287964,1158.5397338867188,583.4591245651245,1222.9895782470703,574.1338348388672,1235.5799865722656,552.907133102417,1208.2210540771484,571.052041053772,1189.9347686767578,585.2059507369995,228,1787812582.7837195
1099.6800994873047,665.455756187439,1073.0329132080078,612.7157592773438,1076.8856811523438,546.7505836486816,1104.6649932861328,497.9948043823242,1140.1465606689453,476.64673805236816,1104.1305541992188,506.98144912719727,1119.698486328125,449.7684717178345,1131.5818786621094,416.4289140701294,1146.1549377441406,387.48783588409424,1138.6872863769531,521.4957189559937,1160.8812713623047,478.44051361083984,1138.8025665283203,520.7810068130493,1123.5523986816406,554.1231822967529,1170.7356262207031,542.8168773651123,1183.9832305908203,516.9986629486084,1154.1897583007812,556.893367767334,1136.598129272461,584.0301132202148,1200.3612518310547,569.1138553619385,1212.9251098632812,540.9977388381958,1185.8744049072266,561.2841653823853,1165.8818054199219,578.7210988998413,229,1787812582.8271534
1050.0775909423828,685.3654289245605,1014.4181823730469,622.5244474411011,1003.9979553222656,557.7944612503052,1015.8580017089844,502.66785621643066,1032.4530029296875,463.7099504470825,1035.7038879394531,527.794919013977,1027.170181274414,472.2034978866577,1015.3341674804688,440.70964336395264,1008.1243133544922,414.3168783187866,1063.3265686035156,534.0028381347656,1053.3362579345703,481.4906358718872,1032.864761352539,518.1518840789795,1027.4749755859375,551.3220977783203,1093.2203674316406,549.2736625671387,1081.755142211914,508.4183406829834,1053.3969116210938,548.7377786636353,1045.1287841796875,581.4726161956787,1125.4512786865234,571.6228580474854,1116.4454650878906,525.4234170913696,1086.029281616211,547.1884059906006,1070.6283569335938,573.3683967590332,230,1787812582.880189
1010.5454254150391,682.210636138916,973.3224487304688,628.5336685180664,958.3435821533203,561.6587734222412,965.7277679443359,506.52907848358154,993.3990478515625,475.70594787597656,992.0282745361328,529.047532081604,985.1121520996094,477.3076343536377,973.3014678955078,443.4648084640503,965.3399658203125,412.9635429382324,1023.7551879882812,533.6293888092041,1019.0451812744141,486.2523937225342,1003.3753204345703,528.1964778900146,998.2518005371094,563.3043622970581,1056.5789031982422,548.0410051345825,1048.9179992675781,508.31706047058105,1027.4272155761719,552.5284910202026,1020.3435516357422,587.8441286087036,1090.6568908691406,570.2201700210571,1082.7559661865234,526.9871664047241,1056.2054443359375,550.9374046325684,1040.4419708251953,579.2572402954102,231,1787812582.9322577
990.965576171875,680.2126693725586,955.2406311035156,631.3565111160278,936.8928527832031,565.4927015304565,939.5810699462891,509.3623924255371,962.8223419189453,475.21267890930176,969.7755432128906,531.0721063613892,962.8623199462891,480.2582788467407,950.9457397460938,445.8221912384033,944.0962982177734,415.7302522659302,1001.9560241699219,536.4354515075684,997.5354766845703,486.7091417312622,981.4669799804688,529.0557289123535,976.6374969482422,566.1505508422852,1035.2381896972656,551.241888999939,1027.8530883789062,512.1156692504883,1007.5004577636719,555.378155708313,1001.7303466796875,590.8068752288818,1069.021224975586,573.3998107910156,1060.0225830078125,531.632194519043,1034.1107177734375,555.2862739562988,1019.4659423828125,583.6950302124023,232,1787812582.9628298
970.5960845947266,679.8095655441284,936.1399078369141,634.9782228469849,915.8943176269531,567.8345489501953,916.8083953857422,511.4762306213379,940.9233856201172,476.83934211730957,950.4255676269531,531.2023973464966,942.4923706054688,480.54551124572754,928.5183715820312,446.7768430709839,919.6104431152344,417.5534248352051,982.1466827392578,536.482572555542,974.9290466308594,487.22399711608887,957.7650451660156,530.7251787185669,953.5486602783203,567.6726722717285,1015.2576446533203,551.7329263687134,1004.8526763916016,511.8181371688843,984.2916107177734,556.2949132919312,980.1229095458984,591.7561626434326,1048.9058685302734,574.4859981536865,1036.4662170410156,531.414098739624,1010.3345489501953,555.859751701355,997.3003387451172,584.9017667770386,233,1787812583.015142
953.658447265625,678.9958477020264,917.720947265625,634.703221321106,895.0585174560547,567.6410865783691,896.2559509277344,510.85009574890137,924.7545623779297,480.33342361450195,931.0575866699219,530.698356628418,923.3404541015625,481.3115930557251,907.6524353027344,448.2875061035156,896.9205474853516,420.2576494216919,962.4011993408203,536.2313890457153,955.0139617919922,485.4058027267456,937.196044921875,528.2523965835571,932.8437042236328,566.7130422592163,995.1033020019531,551.3246297836304,984.6417999267578,509.78227615356445,963.4608459472656,552.9275178909302,959.0192413330078,589.6953248977661,1028.978271484375,573.3056974411011,1015.8110046386719,529.4638967514038,990.2989196777344,552.3730516433716,977.8345489501953,581.9903039932251,234,1787812583.055894
930.0252532958984,675.7192182540894,897.7182006835938,631.489634513855,878.3939361572266,561.8990135192871,890.1708221435547,505.5059337615967,928.7966918945312,482.65758991241455,916.7117309570312,527.4025440216064,909.4805145263672,479.98241901397705,891.5500640869141,450.7238960266113,878.621826171875,422.61709213256836,948.1902313232422,533.3913803100586,938.5894012451172,483.8412380218506,918.9543914794922,529.3209457397461,916.2725830078125,565.9265756607056,978.7380981445312,548.7933111190796,964.2855834960938,506.1051607131958,940.4415893554688,551.7135715484619,937.6974487304688,586.8621826171875,1010.1463317871094,570.6018161773682,994.129638671875,527.341775894165,967.9480743408203,552.987470626831,958.9466857910156,581.8254661560059,235,1787812583.1082442
913.8966369628906,674.0951728820801,881.3218688964844,625.861930847168,862.3081970214844,561.1622428894043,873.1699371337891,507.3581600189209,910.3046417236328,483.60610485076904,901.9873046875,528.7093162536621,893.2360076904297,481.2803077697754,874.4771575927734,450.48108100891113,861.0184478759766,422.2127866744995,932.2651672363281,534.0352392196655,922.474365234375,483.8754415512085,901.9547271728516,524.6246767044067,896.4398956298828,561.5924692153931,961.5781402587891,547.7317571640015,946.3047027587891,505.42340755462646,922.3897552490234,548.8109922409058,918.3918762207031,586.3187885284424,991.8565368652344,567.5873565673828,975.4972839355469,521.6227054595947,949.8785400390625,544.0974712371826,940.670166015625,573.9683532714844,236,1787812583.1551094
875.81787109375,703.8641738891602,832.9807281494141,656.8626880645752,806.7868804931641,595.3361177444458,813.5378265380859,540.5954504013062,846.7091369628906,512.3223495483398,847.7938079833984,562.3325443267822,833.6006927490234,514.5224046707153,801.8732452392578,494.90086555480957,774.7010040283203,482.69548416137695,873.2671356201172,565.9109115600586,849.4876098632812,510.4223155975342,827.9585266113281,553.2473659515381,825.9288787841797,590.8752393722534,902.6239013671875,576.8662548065186,872.5011444091797,528.2042026519775,851.8585968017578,579.5047760009766,855.0087738037109,621.3998079299927,936.201171875,594.4320631027222,902.6686859130859,543.4894466400146,879.1886901855469,575.8626794815063,877.9725646972656,611.4233207702637,237,1787812583.2011502
875.3014373779297,719.696888923645,831.7346954345703,679.3630313873291,804.2906951904297,610.576343536377,810.1319885253906,552.8188991546631,843.8179779052734,520.9430551528931,841.6497802734375,576.6015958786011,830.1556396484375,532.3512840270996,801.58203125,513.9558792114258,774.3482971191406,498.3915138244629,870.8009338378906,577.6174449920654,855.0226593017578,519.9413251876831,836.7874145507812,560.5420303344727,832.6929473876953,597.9663133621216,901.0252380371094,586.6391515731812,874.5547485351562,536.7284345626831,857.1192169189453,588.2220840454102,859.1848754882812,629.6910095214844,934.2657470703125,601.8898916244507,902.3300933837891,555.0823402404785,882.3465728759766,587.1558094024658,882.1119689941406,621.9073677062988,238,1787812583.245514
888.3074188232422,721.7404747009277,849.5061492919922,673.9121389389038,822.7977752685547,612.4824714660645,825.2842712402344,558.3886671066284,859.5066833496094,526.242241859436,861.5306091308594,574.3739891052246,847.4908447265625,529.9547624588013,817.4567413330078,510.934681892395,789.1310119628906,497.9740333557129,888.5991668701172,576.9320011138916,868.3291625976562,522.8213739395142,852.0286560058594,564.1904354095459,850.5658721923828,599.9411916732788,916.9247436523438,587.6281356811523,890.0186157226562,540.2943134307861,872.3825073242188,589.6567869186401,874.6275329589844,628.7799167633057,948.0675506591797,605.1331329345703,918.6587524414062,561.3743305206299,898.1892395019531,590.9819269180298,896.0821533203125,622.9732131958008,239,1787812583.2938821
895.0422668457031,718.3651828765869,859.7045135498047,673.3638954162598,836.4626312255859,603.3881950378418,845.9653472900391,546.3872623443604,882.8142547607422,518.0261421203613,877.4899291992188,566.4500570297241,864.7415161132812,520.937991142273,836.3207244873047,497.9502582550049,812.2840118408203,479.3125104904175,907.1152496337891,570.3032112121582,887.6332092285156,518.6361837387085,870.3448486328125,566.4516448974609,872.5862884521484,604.2920351028442,936.2748718261719,583.4190845489502,911.0444641113281,537.6305150985718,889.6302795410156,586.1414194107056,891.5453338623047,623.2337093353271,967.5780487060547,602.7199172973633,940.3323364257812,557.1412467956543,917.8252410888672,586.0776472091675,916.7775726318359,617.2562885284424,240,1787812583.3439848
901.7153167724609,706.2814235687256,867.6762390136719,655.9561014175415,848.0014038085938,589.8729515075684,860.3450012207031,534.4560241699219,897.5694274902344,505.1172924041748,888.9321899414062,556.8392086029053,878.9718627929688,510.55131912231445,854.5452880859375,483.32024574279785,834.4225311279297,459.15358543395996,918.5237884521484,561.7626285552979,907.1041107177734,505.457181930542,886.5897369384766,548.86399269104,883.3316040039062,588.5190582275391,948.2714080810547,575.9174823760986,928.9884185791016,528.2678031921387,904.7391510009766,574.365062713623,901.9527435302734,613.6099863052368,980.6890106201172,596.8646764755249,959.4204711914062,548.2763957977295,933.3570098876953,573.975305557251,925.0257110595703,605.8367300033569,241,1787812583.3897526
904.5613098144531,699.786958694458,872.5959014892578,648.9992666244507,854.3350219726562,579.1392230987549,868.9717102050781,523.4161376953125,907.5881958007812,493.63104343414307,895.6025695800781,547.0264434814453,885.2533721923828,499.352388381958,863.2334899902344,470.4616928100586,848.1169128417969,442.59135246276855,926.2467193603516,553.0059242248535,915.2840423583984,495.42404651641846,893.1272888183594,544.4228982925415,891.5634155273438,584.3151998519897,955.732421875,568.7720346450806,936.7623901367188,518.7073373794556,911.1237335205078,569.2691659927368,910.3772735595703,608.5697507858276,986.5535736083984,591.0708475112915,968.0154418945312,538.3093070983887,940.3693389892578,566.0063552856445,932.4189758300781,598.3451271057129,242,1787812583.410856
908.4683990478516,699.700870513916,873.2175445556641,647.8776741027832,854.7953033447266,575.0076341629028,869.8237609863281,517.2297191619873,910.4303741455078,487.7603530883789,895.9761810302734,543.78830909729,885.9041595458984,495.12775897979736,863.9868927001953,463.03184509277344,849.0479278564453,432.26892471313477,926.9868469238281,550.2508020401001,918.3968353271484,492.1514081954956,894.8138427734375,540.6301689147949,890.3195190429688,581.7851686477661,956.5337371826172,565.871901512146,939.5664978027344,516.2095355987549,911.8742370605469,566.9547843933105,908.4328460693359,608.1509399414062,986.9570159912109,587.6556444168091,967.7205657958984,535.1583766937256,941.1233520507812,563.615026473999,934.4070434570312,597.3094511032104,243,1787812583.4587584
908.4441375732422,707.2636699676514,870.7295227050781,655.8192014694214,853.2968139648438,582.4857187271118,868.6378479003906,524.4693231582642,905.1061248779297,491.12616062164307,892.6633453369141,551.6645193099976,883.3358764648438,504.8779535293579,861.142578125,475.93854904174805,844.1381072998047,446.65045738220215,923.5731506347656,557.1620178222656,913.9305114746094,499.29269313812256,892.4435424804688,545.2814197540283,887.8310394287109,585.0778913497925,954.1819000244141,571.9046401977539,934.7641754150391,522.332181930542,909.3611907958984,572.632999420166,905.9014892578125,613.7004947662354,986.2778472900391,592.8733348846436,964.2467498779297,541.6793632507324,939.2484283447266,570.9093475341797,933.2639312744141,604.8939657211304,244,1787812583.4980469
911.2836456298828,719.1044425964355,870.5520629882812,672.2619152069092,849.6579742431641,596.3993883132935,863.3303070068359,538.4323024749756,899.5323181152344,507.1792459487915,888.8895416259766,561.4409351348877,882.0576477050781,516.9658756256104,856.7625427246094,494.02865409851074,834.5789337158203,473.2272434234619,919.9629211425781,567.3663425445557,908.2791900634766,510.931978225708,888.4294128417969,562.4081182479858,888.0483245849609,603.9689683914185,951.490478515625,582.6485824584961,931.6504669189453,533.6161279678345,908.5954284667969,586.8059206008911,908.4051513671875,628.0279541015625,984.9945068359375,604.7698545455933,962.6853179931641,554.1381597518921,938.1351470947266,585.5143404006958,933.6353302001953,619.9133920669556,245,1787812583.5449092
921.3142395019531,736.565408706665,879.5601654052734,695.6711196899414,852.1070861816406,619.3199157714844,861.1911010742188,558.4843254089355,897.1502685546875,525.5974817276001,891.3467407226562,579.0015506744385,882.5523376464844,533.1913089752197,854.185791015625,513.0834531784058,828.5340881347656,495.48884868621826,923.6945343017578,584.279408454895,907.3760986328125,529.0471887588501,888.9829254150391,583.7432670593262,891.2967681884766,625.7581186294556,956.0671997070312,598.7144136428833,932.1663665771484,552.6882219314575,910.7041931152344,607.0233821868896,913.1848907470703,646.2210130691528,990.5506896972656,619.7137498855591,967.6548004150391,570.4217863082886,942.1159362792969,601.2713956832886,937.3661041259766,633.6144590377808,246,1787812583.5885994
949.7890472412109,725.4426097869873,914.2315673828125,673.286304473877,901.1107635498047,595.9112691879272,923.0308532714844,537.2302007675171,967.5972747802734,511.1435079574585,942.6821899414062,560.9511423110962,933.9842987060547,515.4570579528809,914.0966796875,486.1614990234375,898.8607788085938,458.56873512268066,976.5408325195312,567.527961730957,974.2779541015625,510.804648399353,948.9563751220703,558.8905191421509,941.1266326904297,603.1701850891113,1007.5239562988281,584.6316146850586,996.6827392578125,537.9886436462402,967.8683471679688,589.5963621139526,961.8087768554688,632.2033596038818,1038.7181091308594,609.0158128738403,1027.8080749511719,558.8434839248657,997.6692962646484,585.6204271316528,984.1440582275391,617.5811147689819,247,1787812583.6359768
931.9513702392578,722.2845554351807,898.6355590820312,665.9013891220093,888.4571075439453,593.5268926620483,909.1252899169922,536.2019062042236,949.5143127441406,508.82994174957275,926.3944244384766,562.9456758499146,919.9545288085938,518.3055210113525,897.3091125488281,488.52845191955566,877.7649688720703,461.51787757873535,957.1012878417969,567.717776298523,952.96875,507.7693748474121,930.7237243652344,545.8916330337524,922.4749755859375,584.0432453155518,988.2382202148438,582.6945877075195,976.9654083251953,535.0474834442139,949.2945861816406,581.0263395309448,941.0433197021484,621.4550828933716,1021.1502075195312,605.1797389984131,1007.6400756835938,554.7005224227905,980.3108978271484,582.1281480789185,970.1844024658203,616.6236734390259,248,1787812583.680539
900.8153533935547,723.1716156005859,866.7230987548828,662.6602077484131,856.939697265625,594.1897201538086,873.8600921630859,540.0675058364868,907.3525238037109,508.6485815048218,896.1655426025391,565.9526252746582,886.3072204589844,522.0274829864502,862.2841644287109,491.4608144760132,841.7559051513672,463.6258792877197,924.9014282226562,571.0556888580322,917.802734375,512.0122861862183,896.0219573974609,549.5759582519531,887.4051666259766,588.3006620407104,955.5605316162109,585.4895353317261,938.7057495117188,535.5113983154297,913.458251953125,580.1504373550415,907.0790100097656,620.7291269302368,988.1230926513672,607.4269151687622,969.5362854003906,556.1371564865112,943.5328674316406,584.2686367034912,934.0637969970703,619.6404075622559,249,1787812583.7352197
873.3090972900391,722.9125785827637,840.6773376464844,659.7341537475586,828.1015014648438,597.7855110168457,840.9010314941406,546.3221597671509,874.0462493896484,513.0873155593872,867.1841430664062,569.3299341201782,856.3602447509766,525.1274299621582,830.3403472900391,496.77120208740234,808.1324768066406,472.04166412353516,894.1704559326172,575.9139204025269,883.1198120117188,518.3592510223389,862.0131683349609,557.2815370559692,856.3401794433594,595.2848768234253,922.92724609375,590.1391553878784,903.1981658935547,538.1560134887695,878.6457824707031,584.3991422653198,874.6122741699219,625.5745697021484,954.5206451416016,611.1899471282959,931.9686126708984,558.6384344100952,907.6404571533203,588.1298589706421,901.4900970458984,623.9933109283447,250,1787812583.775893
857.5603485107422,726.2117385864258,819.5279693603516,670.9276342391968,801.5914916992188,607.0793867111206,813.2187652587891,553.7655258178711,843.8315582275391,519.1807794570923,837.5790405273438,571.9369554519653,826.3609313964844,529.6324682235718,800.6021118164062,502.7719259262085,777.8422546386719,479.6881914138794,866.6860961914062,577.3231315612793,853.5922241210938,521.2328624725342,833.8973999023438,563.6672973632812,829.4316101074219,603.8735675811768,897.1173858642578,590.9595680236816,875.9935760498047,542.742977142334,853.0397033691406,591.2003660202026,849.9733734130859,632.9031372070312,929.1454315185547,611.4782953262329,903.2314300537109,563.0412912368774,880.4938507080078,593.6416912078857,876.2305450439453,628.8636875152588,251,1787812583.82212
848.1687927246094,727.6748943328857,808.51318359375,676.9780111312866,784.6397399902344,612.2848033905029,793.8066101074219,557.2349309921265,824.8942565917969,521.2284851074219,820.7420349121094,576.2244558334351,805.2027893066406,531.4133262634277,776.8815612792969,505.8943176269531,753.4674072265625,482.47992038726807,850.0341796875,578.75075340271,832.4008178710938,522.8990507125854,814.9143981933594,569.5263576507568,814.874267578125,610.430645942688,880.0249481201172,590.4358291625977,854.8017120361328,543.0359601974487,834.1239166259766,595.4417324066162,835.6301879882812,637.1002149581909,911.9219970703125,608.9638423919678,885.5355834960938,561.0711765289307,863.2256317138672,593.619589805603,860.8819580078125,628.5900592803955,252,1787812583.8674295
843.6214447021484,728.1251621246338,805.692138671875,681.05149269104,780.2517700195312,611.9299793243408,788.9990997314453,555.2642154693604,821.1066436767578,519.5105838775635,812.7481842041016,572.871994972229,798.2920837402344,528.4117412567139,770.6174468994141,502.9664611816406,748.08349609375,479.0488815307617,843.2923889160156,575.7070255279541,828.3053588867188,519.5316123962402,810.1042938232422,569.8351335525513,809.9951171875,612.3142433166504,874.619140625,587.9589700698853,853.4676361083984,541.5004062652588,831.5753936767578,596.4741897583008,831.6947174072266,638.8931322097778,907.4660491943359,608.4092044830322,880.6049346923828,560.6671714782715,858.4999847412109,595.2883529663086,856.5555572509766,631.4101552963257,253,1787812583.9129407
857.7670288085938,730.9235858917236,816.9670104980469,683.5860300064087,789.376220703125,616.9312477111816,794.2274475097656,558.6112260818481,826.4961242675781,524.3620777130127,824.6076202392578,575.4340839385986,808.1350708007812,529.1028070449829,780.1200103759766,503.6198902130127,757.6435089111328,478.81739616394043,855.1117706298828,577.3741149902344,835.7149505615234,520.6259536743164,819.8288726806641,573.6451578140259,824.6073913574219,613.8618993759155,886.0329437255859,589.2436838150024,860.7830047607422,541.3243675231934,840.9075927734375,595.458254814148,845.4602813720703,634.814887046814,918.5768127441406,609.2772960662842,889.8348236083984,562.2857666015625,867.7993011474609,596.5546131134033,867.5354766845703,631.9223928451538,254,1787812583.9649014
1081.1270904541016,731.5864562988281,1040.3793334960938,688.9166307449341,1023.5393524169922,616.1076164245605,1037.964859008789,560.618462562561,1063.6053466796875,533.1455612182617,1052.8277587890625,583.0203151702881,1041.2334442138672,536.4115905761719,1028.8002014160156,505.8115768432617,1021.8766021728516,481.833701133728,1088.7300109863281,591.0711050033569,1090.8511352539062,539.0349197387695,1072.2793579101562,583.6531019210815,1063.1755065917969,625.6352519989014,1124.6784210205078,609.7344732284546,1122.916030883789,572.3255109786987,1100.4273986816406,619.1042232513428,1091.6879272460938,656.338005065918,1157.9828643798828,636.0196495056152,1154.361343383789,593.9634275436401,1131.1613464355469,621.0918045043945,1118.772964477539,650.1909399032593,255,1787812584.0894523
1088.404541015625,742.8256416320801,1056.2532043457031,695.4232406616211,1051.9727325439453,619.3274259567261,1077.693862915039,567.6113033294678,1112.5638580322266,546.6150140762329,1083.7044525146484,593.4021806716919,1078.0010223388672,549.8628044128418,1073.7477111816406,516.4180183410645,1074.3635559082031,488.66320610046387,1120.663070678711,601.9391584396362,1125.624771118164,551.236138343811,1105.1549530029297,592.0996570587158,1095.5921173095703,631.6895341873169,1155.1020812988281,621.6301345825195,1155.4106903076172,586.8613243103027,1127.625961303711,631.174635887146,1115.7554626464844,667.3070383071899,1187.9755401611328,649.7173261642456,1190.2098846435547,611.7493057250977,1161.3785552978516,635.865068435669,1143.1060791015625,663.9184856414795,256,1787812584.1325853
1100.8091735839844,746.6565227508545,1066.0238647460938,702.1006965637207,1058.0584716796875,627.3125982284546,1081.9833374023438,570.3483581542969,1120.4456329345703,543.3898401260376,1087.3339080810547,595.8701133728027,1079.5536804199219,553.4230184555054,1077.0845794677734,522.365140914917,1083.3638000488281,494.1605758666992,1125.4141235351562,603.69873046875,1133.8325500488281,554.5378303527832,1111.0628509521484,600.8830547332764,1101.2721252441406,639.2401027679443,1160.4360961914062,622.194128036499,1162.8389739990234,585.7710599899292,1130.2655792236328,634.7604703903198,1114.954833984375,671.6860342025757,1193.7686920166016,649.0340280532837,1195.753402709961,611.5882015228271,1166.7013549804688,637.2064733505249,1147.6051330566406,663.9539766311646,257,1787812584.1839604
1110.0305938720703,752.4747276306152,1071.4653778076172,705.1410341262817,1056.0627746582031,635.2248573303223,1072.8597259521484,575.8942651748657,1112.2972869873047,545.363302230835,1076.908187866211,599.4720840454102,1068.4126281738281,558.746452331543,1065.4906463623047,528.5323333740234,1070.7438659667969,500.3956604003906,1115.9846496582031,603.9834308624268,1120.2163696289062,555.5778408050537,1102.6837158203125,606.0389041900635,1095.3216552734375,646.6799068450928,1152.981185913086,619.4883584976196,1154.2509460449219,584.8238754272461,1128.4569549560547,637.7812385559082,1116.0514831542969,677.1239233016968,1188.413314819336,644.2569065093994,1190.123062133789,604.8163747787476,1164.7039794921875,632.1476125717163,1145.5425262451172,661.0100269317627,258,1787812584.2327025
1151.6413879394531,706.1560249328613,1107.540283203125,640.0676822662354,1090.3912353515625,566.1443281173706,1095.9706115722656,507.12547302246094,1115.56640625,463.3410930633545,1101.1292266845703,542.5377988815308,1098.4725952148438,499.94985580444336,1099.3260955810547,468.13791275024414,1103.5421752929688,439.57457542419434,1135.9642791748047,542.8788900375366,1139.6300506591797,493.3001232147217,1134.6526336669922,519.0644359588623,1135.7279968261719,540.9934043884277,1172.5708770751953,550.4131937026978,1175.435791015625,509.5561122894287,1162.2734832763672,539.5124816894531,1158.9033508300781,563.0812883377075,1210.6056213378906,562.0208072662354,1212.933120727539,518.471474647522,1196.810302734375,540.2613544464111,1188.7708282470703,564.9743700027466,259,1787812584.2691154
1152.9779052734375,660.882568359375,1101.9122314453125,592.10618019104,1087.9279327392578,516.6269731521606,1104.613037109375,458.1116008758545,1126.399917602539,415.77385425567627,1096.4488983154297,491.7926359176636,1096.1065673828125,443.9354610443115,1097.7957153320312,406.99273109436035,1102.5941467285156,371.6929292678833,1134.6735382080078,492.0009469985962,1141.1870574951172,435.83991050720215,1138.6420440673828,473.4016513824463,1139.5104217529297,503.966646194458,1172.230224609375,500.8442544937134,1179.1407012939453,456.0905456542969,1165.1229095458984,497.35437870025635,1160.7996368408203,528.9345359802246,1211.3872528076172,513.8742542266846,1216.8294525146484,471.4765977859497,1199.6922302246094,498.7838888168335,1189.6569061279297,525.1656246185303,260,1787812584.309344
1150.3079986572266,612.7014255523682,1097.7694702148438,546.2361145019531,1080.243911743164,473.7985324859619,1089.7283172607422,411.81740283966064,1103.681411743164,372.79945850372314,1086.780776977539,445.7044744491577,1083.738021850586,393.6621952056885,1085.5023956298828,357.6124048233032,1090.9468841552734,322.54003286361694,1124.7449493408203,446.400089263916,1131.4990997314453,392.52832889556885,1127.4602508544922,427.86945819854736,1126.960220336914,459.63149070739746,1161.995849609375,454.2498207092285,1167.942886352539,414.5624828338623,1154.835205078125,453.43292713165283,1151.1200714111328,485.0918769836426,1200.9062194824219,467.4229431152344,1206.1077117919922,425.5639171600342,1191.7253112792969,449.2708683013916,1184.8571014404297,475.45549392700195,261,1787812584.3489707
1141.0980987548828,565.0022220611572,1083.185806274414,504.0302896499634,1063.0682373046875,430.2155113220215,1070.907974243164,369.05513763427734,1083.675308227539,328.53273153305054,1074.6806335449219,403.6992359161377,1068.586196899414,353.93035411834717,1067.4559020996094,319.7245502471924,1070.0457000732422,287.2864508628845,1111.7393493652344,405.0763463973999,1114.3331909179688,353.3728837966919,1112.3538208007812,388.29005241394043,1114.0580749511719,419.0355062484741,1148.4149932861328,413.88643741607666,1150.8351135253906,375.70645809173584,1140.2540588378906,415.0060987472534,1138.0699157714844,445.51908016204834,1186.2328338623047,427.4235677719116,1187.6625061035156,389.1511917114258,1173.0181121826172,414.679856300354,1166.5567779541016,439.09478187561035,262,1787812584.3939734
1127.3872375488281,525.5054712295532,1071.971435546875,469.106125831604,1050.7168579101562,400.5563735961914,1056.6912841796875,341.7879295349121,1071.1669158935547,303.83718252182007,1060.2552795410156,376.1983108520508,1050.9135437011719,327.0659065246582,1047.5906372070312,292.88885593414307,1048.721923828125,261.4675283432007,1095.85205078125,376.7176294326782,1095.0147247314453,324.2714524269104,1092.2541809082031,352.3689007759094,1095.3797912597656,382.95494556427,1132.054672241211,384.52435970306396,1131.7683410644531,345.5805516242981,1120.6794738769531,380.78441619873047,1120.1453399658203,414.18281078338623,1170.0064849853516,396.86638355255127,1169.1337585449219,356.9686532020569,1153.2202911376953,377.75296211242676,1146.9702911376953,404.56496715545654,263,1787812584.4452784
1113.2865905761719,490.8543348312378,1058.3354949951172,443.3160209655762,1035.8348083496094,380.4888582229614,1042.8766632080078,324.0411043167114,1059.2160034179688,290.04103660583496,1044.8839569091797,353.15390825271606,1032.9984283447266,305.33915519714355,1027.6231384277344,271.5480852127075,1027.955551147461,241.03960990905762,1079.0406036376953,352.7367925643921,1076.7259979248047,302.1311902999878,1074.4648742675781,332.52606868743896,1079.3894958496094,363.59416007995605,1114.2253875732422,358.9776062965393,1113.0062866210938,321.0258722305298,1102.2789764404297,360.0065231323242,1102.3313903808594,394.0307092666626,1151.0887145996094,370.55434226989746,1149.2678833007812,330.22217988967896,1132.7845001220703,352.49616622924805,1125.455322265625,380.23853302001953,264,1787812584.4879851
1098.1134796142578,460.62304973602295,1042.2754669189453,419.25201416015625,1017.8885650634766,360.15488147735596,1024.2090606689453,305.8313512802124,1044.6833038330078,274.74851846694946,1031.585922241211,335.35534858703613,1017.1604156494141,289.43668127059937,1010.0927734375,257.6127862930298,1008.8761901855469,228.72410774230957,1064.2822265625,334.1296434402466,1058.681411743164,287.13871479034424,1056.6752624511719,313.09492349624634,1061.4579772949219,343.1339478492737,1097.5575256347656,338.90841722488403,1092.398681640625,303.84278297424316,1084.0760040283203,343.21643114089966,1085.9577941894531,380.34796714782715,1133.2599639892578,347.5548505783081,1130.5596160888672,309.5570468902588,1114.410629272461,330.6994843482971,1105.995101928711,360.65149784088135,265,1787812584.5337937
1083.2756805419922,443.13268661499023,1029.03564453125,405.4107856750488,1004.2272186279297,348.53010177612305,1009.3476104736328,295.8907198905945,1029.8465728759766,265.599889755249,1019.361572265625,325.9623169898987,1002.7420043945312,280.0427055358887,994.3347930908203,247.48772621154785,992.4349975585938,218.89288902282715,1051.1337280273438,324.3508458137512,1048.7667846679688,278.65289211273193,1046.6275787353516,305.84484815597534,1050.252914428711,338.5052490234375,1083.3196258544922,328.8343620300293,1078.8243103027344,294.22459602355957,1070.721664428711,332.9497289657593,1071.9975280761719,370.9106683731079,1117.4444580078125,337.0774984359741,1115.5396270751953,297.6814270019531,1098.6673736572266,315.82526206970215,1088.034896850586,344.81135845184326,266,1787812584.5822153
1072.8118896484375,436.42287254333496,1016.9474029541016,397.986044883728,993.6540985107422,344.205801486969,999.7245788574219,291.7187261581421,1020.4091644287109,260.1428174972534,1009.1748809814453,325.24445056915283,992.8342437744141,278.80459785461426,983.5239410400391,244.8528528213501,980.7835388183594,215.18560409545898,1040.9976196289062,321.5005159378052,1037.6167297363281,273.62699031829834,1034.4393920898438,299.200222492218,1036.2187194824219,332.8223133087158,1072.891845703125,325.106520652771,1066.7322540283203,288.89225721359253,1057.995834350586,327.85911083221436,1059.3797302246094,368.4468984603882,1106.5502166748047,331.41129970550537,1103.4274291992188,290.5426526069641,1086.3755798339844,306.4846730232239,1075.252914428711,335.65972566604614,267,1787812584.6091354
1062.7625274658203,436.9324064254761,1008.2103729248047,398.93876552581787,985.3172302246094,346.33774995803833,991.6386413574219,294.87229585647583,1014.7948455810547,265.04353523254395,1003.3164215087891,328.4807825088501,986.25,281.5690326690674,975.9729766845703,247.67026662826538,973.0685424804688,217.2399616241455,1034.483642578125,325.0247883796692,1031.5074920654297,277.15235710144043,1026.9042205810547,303.6085081100464,1028.0927276611328,336.5950870513916,1065.6971740722656,328.7917685508728,1060.7793426513672,290.38262128829956,1050.3141021728516,328.89899253845215,1051.1127471923828,368.9268207550049,1099.7027587890625,334.7095584869385,1097.0366668701172,293.8659739494324,1080.9120178222656,310.24497985839844,1071.479263305664,339.5954704284668,268,1787812584.646838
1054.7298431396484,446.9516372680664,1004.65576171875,413.59130859375,979.4324493408203,357.25517749786377,986.4965057373047,304.92626667022705,1013.7427520751953,277.01919078826904,999.8651885986328,336.0983204841614,984.0525054931641,289.5299792289734,972.4242401123047,256.0304117202759,968.5317993164062,226.56452178955078,1031.3862609863281,333.70439529418945,1027.6742553710938,286.1726474761963,1021.1418151855469,318.74996423721313,1022.3699951171875,353.5100197792053,1063.2939147949219,338.6782193183899,1056.3998413085938,299.58839178085327,1046.524429321289,339.5896553993225,1048.8640594482422,377.6754570007324,1098.4532928466797,346.51299476623535,1095.1121520996094,304.43346977233887,1079.0861511230469,323.4069228172302,1070.4976654052734,352.598819732666,269,1787812584.69577
1034.959487915039,502.4937915802002,1001.7093658447266,486.61648750305176,973.760986328125,444.64532375335693,977.6365661621094,400.4284858703613,1005.9392547607422,376.7599868774414,988.6928558349609,406.15060329437256,965.4738616943359,366.88615322113037,952.5872802734375,347.15054512023926,944.4541168212891,328.81537199020386,1020.9792327880859,404.08225536346436,1015.2676391601562,379.84079360961914,1010.7485198974609,427.0613193511963,1010.5364227294922,467.947154045105,1053.1616973876953,412.4634075164795,1048.2878875732422,403.52118015289307,1039.385986328125,453.693208694458,1037.769775390625,488.88997077941895,1084.794692993164,427.69311904907227,1078.6070251464844,422.2940254211426,1065.4986572265625,455.74636459350586,1059.4901275634766,481.2146472930908,270,1787812584.7360275
1019.8442840576172,550.9603214263916,984.2796325683594,534.6809005737305,957.2518157958984,483.6263608932495,966.9264221191406,433.943567276001,991.6025543212891,402.7578020095825,975.341796875,450.2438020706177,953.343505859375,408.99348735809326,935.6519317626953,383.06686878204346,925.0308990478516,359.84222173690796,1009.6932220458984,448.4828567504883,999.2787170410156,415.35804748535156,995.4512023925781,466.86203956604004,1000.2126312255859,508.4110450744629,1044.5829772949219,456.73749446868896,1037.0784759521484,431.88976764678955,1027.4498748779297,489.27037239074707,1029.52392578125,529.5582246780396,1079.6696472167969,471.4591312408447,1071.5018463134766,449.10757541656494,1055.5048370361328,486.66300773620605,1050.9745788574219,517.2135829925537,271,1787812584.7803755
1026.8286895751953,594.5198678970337,986.5863037109375,583.5707473754883,950.3889465332031,520.9714221954346,954.7572326660156,459.9086809158325,979.8236083984375,423.2101821899414,966.99951171875,479.847149848938,943.8629150390625,438.3653497695923,926.3697052001953,407.8584623336792,914.9699401855469,381.9866466522217,1004.6835327148438,475.9476900100708,991.6656494140625,439.4876718521118,990.7688140869141,492.46996879577637,995.3988647460938,533.6969375610352,1041.4280700683594,483.262996673584,1030.8634185791016,453.2900619506836,1021.6500091552734,512.0639991760254,1022.4185943603516,554.7283315658569,1078.8030242919922,496.77369117736816,1067.3867797851562,469.7026062011719,1050.8424377441406,507.73860454559326,1044.2321014404297,539.636721611023,272,1787812584.8345578
1031.3603973388672,634.0539121627808,988.382568359375,616.517972946167,953.1356048583984,539.7288608551025,958.9818572998047,475.2770948410034,984.6837615966797,434.8080539703369,975.4384613037109,501.31404876708984,955.6169891357422,457.9180955886841,936.5142059326172,425.3101587295532,922.9241180419922,396.12635135650635,1013.6742401123047,498.5825300216675,996.5462493896484,446.99665546417236,991.6532135009766,499.52731132507324,996.5472412109375,542.2185945510864,1050.562515258789,507.2813844680786,1036.0560607910156,465.13752937316895,1026.4555358886719,524.1315793991089,1030.518798828125,567.623233795166,1090.4481506347656,522.0038366317749,1074.7130584716797,481.3069152832031,1058.0217742919922,518.847541809082,1053.8235473632812,553.9289903640747,273,1787812584.8793097
1050.4889678955078,660.7700872421265,1003.4025573730469,625.513973236084,973.291015625,549.694447517395,978.0068969726562,485.6293487548828,1006.2679290771484,446.68388843536377,994.2565155029297,512.8579330444336,975.0835418701172,468.6480474472046,956.5756988525391,433.8294553756714,943.0680847167969,404.3264436721802,1030.851058959961,511.7512321472168,1022.9581451416016,456.1351776123047,1015.2652740478516,507.47167110443115,1017.1550750732422,549.2283010482788,1068.7744903564453,521.6697406768799,1062.1981811523438,477.54838943481445,1048.6418914794922,529.9148511886597,1049.144058227539,569.1219663619995,1108.5501861572266,539.5547962188721,1101.726303100586,493.96844387054443,1081.7352294921875,526.0847425460815,1072.891616821289,559.7161245346069,274,1787812584.9229593
1073.2453918457031,676.4093399047852,1028.363265991211,632.1567535400391,1005.2629089355469,554.0023756027222,1016.7029571533203,491.1219120025635,1041.3501739501953,452.9366970062256,1026.7752838134766,521.0484552383423,1011.4410400390625,474.57839012145996,995.9051513671875,437.99511909484863,986.9718933105469,407.67332553863525,1063.679428100586,521.4271402359009,1056.8284606933594,463.95122051239014,1047.3118591308594,509.7006940841675,1049.4515228271484,549.01526927948,1102.238998413086,532.5066804885864,1096.3162231445312,489.2246675491333,1080.0811004638672,538.0831861495972,1079.4061279296875,575.2294635772705,1142.0719146728516,551.7377328872681,1135.3028106689453,507.1216106414795,1115.1716613769531,539.1674423217773,1107.8108978271484,572.278904914856,275,1787812584.9656258
1097.4382019042969,688.5927486419678,1056.9187927246094,634.463152885437,1044.9954223632812,557.5467109680176,1059.090805053711,499.8034715652466,1081.9422912597656,464.5863676071167,1065.279312133789,524.2680501937866,1053.1485748291016,476.98315143585205,1042.4561309814453,439.56135749816895,1034.9484252929688,408.488245010376,1103.0670928955078,527.5513315200806,1103.9307403564453,472.87550926208496,1093.4007263183594,512.5893688201904,1089.433822631836,552.3464012145996,1141.2815856933594,541.8501663208008,1143.346939086914,503.2705593109131,1125.7889556884766,545.7904815673828,1118.827133178711,582.0444631576538,1180.1170349121094,566.0124492645264,1185.3721618652344,522.6001024246216,1162.1945190429688,546.359281539917,1144.6951293945312,576.6225385665894,276,1787812585.0053403
1121.4093017578125,700.5323553085327,1083.8314056396484,642.1001100540161,1078.6581420898438,561.1437463760376,1101.8720245361328,504.17332649230957,1131.467056274414,470.59640407562256,1103.8278198242188,530.2091217041016,1099.2388916015625,483.62000942230225,1092.2802734375,446.6521739959717,1088.3731079101562,415.2359962463379,1143.2132720947266,537.5001811981201,1148.5301208496094,483.25355529785156,1131.9861602783203,524.6608972549438,1124.4377899169922,563.7445449829102,1180.8872985839844,556.1845779418945,1184.6876525878906,518.4794998168945,1160.250473022461,561.1012172698975,1149.371566772461,595.6162261962891,1218.2476806640625,583.9394330978394,1226.96044921875,538.9669418334961,1201.261978149414,560.985517501831,1182.3287963867188,588.5815000534058,277,1787812585.0611315
1132.0906066894531,704.2886924743652,1098.6384582519531,639.7836685180664,1100.3012084960938,561.0960674285889,1130.3258514404297,508.1895160675049,1166.2055206298828,482.3506164550781,1127.5467681884766,534.0260124206543,1124.6255493164062,487.4838066101074,1122.6992797851562,451.06541633605957,1125.1232147216797,420.9884548187256,1166.625747680664,543.8104104995728,1178.9735412597656,489.1698217391968,1160.2293395996094,526.4915370941162,1147.1430969238281,567.4188280105591,1204.692611694336,565.0116634368896,1210.9173583984375,529.3614149093628,1181.5852355957031,571.3613319396973,1165.6741333007812,609.1267490386963,1241.279296875,594.7996759414673,1252.5971984863281,549.7237586975098,1223.4428405761719,567.5074911117554,1199.5355987548828,594.2849493026733,278,1787812585.1006021
1125.9908294677734,723.1772804260254,1090.489730834961,659.4418144226074,1092.5994873046875,588.2052183151245,1123.43017578125,535.2891397476196,1155.3060913085938,504.005184173584,1121.2763214111328,558.4246730804443,1119.6925354003906,513.8083791732788,1120.189208984375,481.0315704345703,1125.6214141845703,453.7496852874756,1158.943099975586,571.1809587478638,1173.8077545166016,519.2581558227539,1152.9086303710938,558.2196664810181,1139.4805908203125,597.6512718200684,1194.7168731689453,592.8814888000488,1203.6927032470703,557.2657442092896,1170.86181640625,600.1568841934204,1151.8639373779297,637.7719688415527,1228.5896301269531,623.0221366882324,1238.2208251953125,581.4562654495239,1208.160629272461,602.6236152648926,1184.5710754394531,630.1947498321533,279,1787812585.155815
1114.7388458251953,729.484806060791,1083.7155151367188,673.3449268341064,1087.1949005126953,599.3834209442139,1117.9092407226562,547.3095989227295,1151.0955047607422,514.701189994812,1118.8282012939453,572.1415758132935,1117.2074127197266,528.4231567382812,1115.0346374511719,494.915714263916,1118.9241027832031,466.0956144332886,1154.5075225830078,584.3392753601074,1168.067626953125,532.3401689529419,1141.478271484375,576.9173669815063,1126.9535064697266,616.9988393783569,1188.288803100586,607.0934200286865,1196.8189239501953,568.2049512863159,1161.83349609375,612.135157585144,1143.8223266601562,648.4893035888672,1221.0567474365234,638.4134244918823,1231.2178802490234,595.2305889129639,1199.7630310058594,617.223072052002,1176.1534881591797,644.1124105453491,280,1787812585.2028344
1102.638168334961,736.8351745605469,1078.1442260742188,681.4521932601929,1082.9935455322266,611.1179780960083,1111.5084075927734,559.8090362548828,1148.7802124023438,528.9236354827881,1121.4820861816406,584.0020895004272,1119.3216705322266,543.9469242095947,1112.9850769042969,510.53728580474854,1112.1589660644531,481.9202184677124,1156.9676971435547,597.8956747055054,1166.2251281738281,548.1661462783813,1136.2431335449219,589.9761629104614,1119.8619842529297,629.4602966308594,1189.0789031982422,621.997447013855,1192.7118682861328,585.60622215271,1153.9959716796875,629.755425453186,1133.5568237304688,667.2151136398315,1219.466552734375,654.1990184783936,1225.04638671875,611.5354156494141,1192.2785949707031,633.5528326034546,1168.5198974609375,661.5472841262817,281,1787812585.2476196
1103.4060668945312,749.4679069519043,1074.015884399414,697.9228448867798,1073.4180450439453,626.789288520813,1100.3182983398438,576.2809753417969,1138.8155364990234,550.9050035476685,1114.6784973144531,598.9979553222656,1113.7310791015625,560.4973554611206,1108.5970306396484,528.3576250076294,1105.7623291015625,500.2328395843506,1150.8584594726562,613.1295919418335,1161.9960021972656,562.3311281204224,1132.0881652832031,601.7382287979126,1110.9033966064453,641.9727802276611,1183.7611389160156,637.6125383377075,1183.6848449707031,604.2044019699097,1145.7166290283203,647.701849937439,1122.5384521484375,684.4648933410645,1213.9434814453125,669.5372200012207,1217.0259094238281,630.4260635375977,1183.9889526367188,652.4870824813843,1157.3546600341797,679.0735673904419,282,1787812585.2924688
1101.4276885986328,762.7687454223633,1069.0325164794922,716.5586185455322,1064.0105438232422,648.7641334533691,1089.7895812988281,595.7532978057861,1131.1116790771484,569.6356201171875,1102.0438385009766,614.4603967666626,1102.7438354492188,574.6144008636475,1101.1759185791016,544.4648694992065,1100.2143859863281,517.1377086639404,1140.7649230957031,627.7756118774414,1154.964599609375,581.6586971282959,1129.2823028564453,619.332447052002,1103.4779357910156,657.4961614608765,1174.8493957519531,650.426287651062,1175.184326171875,627.9757690429688,1136.8814849853516,671.7502784729004,1106.3323974609375,704.681282043457,1204.2523193359375,680.9105157852173,1203.3248138427734,655.82435131073,1169.8728942871094,681.7478799819946,1139.695816040039,705.7815885543823,283,1787812585.3370025
1092.2758483886719,774.0723896026611,1060.68359375,732.0689964294434,1055.8162689208984,661.5998554229736,1083.3361053466797,612.9217529296875,1121.4655303955078,591.4791011810303,1098.4171295166016,627.3123407363892,1097.1516418457031,587.9271697998047,1093.2117462158203,560.2287483215332,1089.9478149414062,536.6371536254883,1137.1158599853516,640.0819301605225,1139.6607208251953,605.9553050994873,1109.5223236083984,644.0326738357544,1086.0026550292969,682.7336883544922,1169.7612762451172,663.9740610122681,1163.1039428710938,649.3441343307495,1127.1845245361328,684.7849559783936,1101.8083953857422,714.819860458374,1196.9407653808594,696.1536598205566,1185.3944396972656,686.623706817627,1159.320068359375,704.6158790588379,1142.5035858154297,721.6646862030029,284,1787812585.3667328
1069.2362213134766,775.9923362731934,1049.7515869140625,734.194164276123,1054.2586517333984,677.8327989578247,1080.127944946289,637.6577281951904,1106.7569732666016,609.0214776992798,1096.1454010009766,643.907961845398,1099.9496459960938,608.4383869171143,1086.5728759765625,585.5927038192749,1076.272201538086,569.2197704315186,1128.6843872070312,663.2005977630615,1128.2723236083984,634.8637247085571,1090.6800079345703,671.632776260376,1074.5381927490234,707.4349021911621,1152.4602508544922,693.2522821426392,1144.0725708007812,679.5459365844727,1106.3373565673828,714.9355602264404,1095.6214904785156,745.4532623291016,1171.1370849609375,730.0042533874512,1158.873291015625,718.8218021392822,1130.7445526123047,737.010612487793,1123.8062286376953,757.9901218414307,285,1787812585.4159973
