P0_x,P0_y,P1_x,P1_y,P2_x,P2_y,P3_x,P3_y,P4_x,P4_y,P5_x,P5_y,P6_x,P6_y,P7_x,P7_y,P8_x,P8_y,P9_x,P9_y,P10_x,P10_y,P11_x,P11_y,P12_x,P12_y,P13_x,P13_y,P14_x,P14_y,P15_x,P15_y,P16_x,P16_y,P17_x,P17_y,P18_x,P18_y,P19_x,P19_y,P20_x,P20_y,frame_number,timestamp
875.0112915039062,578.5899066925049,865.2024078369141,581.7990303039551,853.9668273925781,581.6212320327759,852.4929046630859,589.560399055481,853.8385772705078,601.7601585388184,863.2741546630859,516.1868333816528,868.7044525146484,548.6916875839233,870.5311584472656,581.1836242675781,871.3280487060547,606.2191915512085,886.0647583007812,513.6291217803955,893.9099884033203,547.3617839813232,894.515380859375,580.5695915222168,894.5027160644531,605.9889078140259,905.9391021728516,519.6989822387695,912.4236297607422,549.9000978469849,913.0959320068359,580.2256679534912,912.18994140625,603.9042091369629,924.3131256103516,531.146092414856,930.6938934326172,555.2241325378418,930.8988952636719,578.7096405029297,930.7662200927734,596.1200952529907,1,1787749065.9461591
835.3372192382812,491.5853977203369,812.0526123046875,468.24095249176025,804.5976257324219,432.50993728637695,822.3085021972656,407.682466506958,840.1962280273438,392.752947807312,817.6919555664062,391.39025688171387,809.7067260742188,351.4267373085022,803.7179565429688,322.0755386352539,799.1931915283203,298.5088348388672,842.1484375,398.06848526000977,845.40283203125,373.0651044845581,837.4275207519531,400.7085084915161,833.1320953369141,420.8642578125,863.0109405517578,410.3621435165405,864.0444946289062,394.78747844696045,852.5385284423828,418.5050296783447,848.7455749511719,433.11641693115234,880.8056640625,426.7646026611328,880.8952331542969,411.8544387817383,867.8566741943359,429.1667890548706,863.3312225341797,440.1617431640625,2,1787749066.2520216
826.4380645751953,467.0754146575928,802.7897644042969,437.35881328582764,795.7558441162109,399.7379779815674,809.6430969238281,368.5242748260498,824.3521881103516,347.9903984069824,802.1468353271484,364.74493503570557,795.9820556640625,324.0119004249573,792.5484466552734,295.45311212539673,788.4755706787109,271.0182523727417,825.4318237304688,369.75783348083496,829.1500854492188,338.4999489784241,821.9559478759766,362.8246021270752,815.1473999023438,384.3361759185791,846.1083221435547,380.51636695861816,848.8767242431641,361.06146812438965,837.4588775634766,386.7806339263916,831.1083221435547,404.48771953582764,864.5072937011719,395.53274631500244,868.0623626708984,375.7274866104126,856.4112854003906,392.8812646865845,850.0707244873047,406.36462211608887,3,1787749066.297938
823.5931396484375,452.1552515029907,801.0891723632812,431.3447856903076,790.6317138671875,397.488956451416,796.1435699462891,368.2714605331421,807.0786285400391,348.9599847793579,801.2764739990234,351.9594669342041,791.9711303710938,304.656286239624,787.3054504394531,275.0794816017151,783.6757659912109,250.01101970672607,824.0265655517578,356.9565939903259,827.2211456298828,324.8277425765991,819.4013214111328,352.40803956985474,813.8546752929688,374.49899196624756,844.4081878662109,367.704119682312,845.78369140625,348.71843576431274,834.6643829345703,377.60499000549316,829.7667694091797,395.872163772583,862.3908996582031,383.32122802734375,865.609130859375,364.3682670593262,853.3466339111328,384.20708656311035,846.6331481933594,398.2884693145752,4,1787749066.3569636
823.0793762207031,452.09486961364746,800.7893371582031,430.5129146575928,790.1768493652344,396.12364768981934,796.8540191650391,366.4254570007324,808.9032745361328,346.80917501449585,801.0092163085938,350.32525062561035,792.3906707763672,302.9151248931885,787.27294921875,273.9162826538086,783.7902069091797,249.19519901275635,824.0975189208984,354.2864441871643,826.9696807861328,323.92467498779297,819.002685546875,351.233446598053,813.2949066162109,371.5616512298584,844.8322296142578,364.3829011917114,846.2198638916016,349.33927059173584,835.3962707519531,378.2820224761963,829.6096801757812,394.48548316955566,862.8630828857422,379.41142559051514,865.4593658447266,364.0856695175171,853.5294342041016,385.09663581848145,846.9011688232422,397.404842376709,5,1787749066.4000752
820.792236328125,443.5974597930908,798.3445739746094,416.4878797531128,789.7943878173828,381.10211849212646,798.3683776855469,351.7244839668274,814.2115020751953,331.93772077560425,800.8559417724609,339.0680193901062,791.5865325927734,290.2705693244934,786.4710998535156,259.3222761154175,783.7615966796875,233.0975890159607,823.7744140625,345.0445818901062,826.148681640625,311.31661891937256,814.1551208496094,338.40933322906494,807.1327209472656,361.5112638473511,843.9059448242188,357.28410243988037,843.6191558837891,333.0544853210449,828.7625885009766,359.93045568466187,823.1344604492188,380.0384187698364,861.5462493896484,374.13262367248535,864.9604797363281,348.2684898376465,851.5947723388672,362.99999713897705,844.9527740478516,377.6610803604126,6,1787749066.4692023
822.7063751220703,439.4586181640625,797.9532623291016,413.6350393295288,789.6932220458984,377.32011795043945,799.90966796875,346.87264680862427,815.0528717041016,327.1739673614502,798.4259033203125,334.4908404350281,789.8284912109375,286.30109310150146,784.6781921386719,256.1610460281372,781.7686462402344,230.42711734771729,822.5237274169922,339.70696449279785,825.169677734375,307.8316140174866,815.5017852783203,336.5921902656555,810.0391387939453,359.34032678604126,843.9097595214844,350.9785723686218,842.5453186035156,329.898898601532,830.0074005126953,358.58795642852783,826.03271484375,377.5065851211548,862.4140167236328,367.11450576782227,863.6959075927734,345.5213499069214,851.1899566650391,364.10240650177,847.0021820068359,377.7971649169922,7,1787749066.529778
822.8092193603516,437.7935028076172,798.8278198242188,411.60711765289307,790.0107574462891,375.08654594421387,800.9201812744141,343.7300419807434,820.2448272705078,326.1072850227356,798.3653259277344,333.13085317611694,789.6217346191406,284.54368829727173,784.5654296875,254.79140281677246,781.9865417480469,229.17274475097656,822.2076416015625,338.5408043861389,824.7921752929688,306.0332250595093,814.9427795410156,334.21942234039307,809.5507049560547,356.6254162788391,843.6747741699219,349.9926781654358,842.5584411621094,328.67759227752686,830.5192565917969,357.64549255371094,826.8641662597656,376.73436641693115,862.0587921142578,366.3763189315796,863.0949401855469,344.7104001045227,850.8940124511719,363.36344718933105,847.0447540283203,377.1502161026001,8,1787749066.5740457
823.2221221923828,435.56593894958496,799.1670227050781,411.0302495956421,789.1523742675781,375.9885835647583,797.7994537353516,344.7024607658386,816.4714050292969,325.0050473213196,799.0533447265625,332.3743200302124,790.0654602050781,283.1238126754761,784.8931884765625,252.96432495117188,782.476806640625,226.86881303787231,822.705078125,337.56149768829346,824.8458862304688,306.1708331108093,815.65673828125,336.67293548583984,811.04248046875,359.44512605667114,844.3377685546875,348.6247515678406,842.6033782958984,327.23398447036743,831.0850524902344,357.71872758865356,827.7532196044922,376.72642707824707,863.1287384033203,364.6633529663086,862.7198028564453,343.217568397522,851.0622406005859,363.110032081604,847.9109954833984,376.5537357330322,9,1787749066.6199934
822.6927185058594,435.58160305023193,798.9616394042969,410.45140743255615,789.2458343505859,375.2434015274048,798.2913970947266,343.8785934448242,817.410888671875,324.01556968688965,799.2048645019531,332.83591747283936,790.1571655273438,283.35484743118286,784.8716735839844,252.70835638046265,782.4462890625,226.36037349700928,822.7809906005859,338.05350065231323,824.4578552246094,306.24160051345825,815.6137847900391,335.749933719635,811.3356018066406,358.7883710861206,844.4071197509766,349.24065113067627,842.5089263916016,328.15537691116333,831.0051727294922,358.405544757843,827.3273468017578,377.8253173828125,863.4644317626953,365.1609992980957,862.8340148925781,343.53471279144287,851.2406921386719,363.1830310821533,847.557373046875,377.2282361984253,10,1787749066.6587555
821.444091796875,433.38343620300293,795.5149841308594,406.2957429885864,786.3326263427734,370.77775955200195,797.0757293701172,341.49627685546875,813.0294799804688,324.16399240493774,794.8983764648438,329.49517250061035,786.1643218994141,281.9300150871277,780.9144592285156,252.11992263793945,777.6812744140625,226.84978008270264,818.4590911865234,335.735342502594,821.5320587158203,304.6654486656189,812.9244232177734,331.3986825942993,808.0767822265625,353.7042546272278,839.9176788330078,346.6216564178467,839.5481872558594,326.77895307540894,828.1809997558594,354.43705558776855,824.359130859375,373.4682512283325,858.9689636230469,362.0625114440918,860.4019165039062,340.7709217071533,849.0032196044922,359.62773084640503,844.7918701171875,373.89942169189453,11,1787749066.710413
816.6172027587891,433.99789810180664,791.7705535888672,405.5792713165283,781.6083526611328,371.12022399902344,788.5710144042969,341.003201007843,803.8702392578125,322.72862434387207,791.0005950927734,330.31524181365967,781.5255737304688,281.41161918640137,776.7374420166016,250.96341848373413,773.96484375,225.51403999328613,814.6774291992188,336.3752317428589,817.7362823486328,305.79879999160767,808.5929107666016,332.04769134521484,802.7529907226562,355.35969257354736,836.3455200195312,347.6040744781494,836.0581207275391,326.89937353134155,823.3176422119141,353.126163482666,817.6957702636719,373.27290058135986,855.6315612792969,363.185133934021,857.6450347900391,341.290647983551,845.2200317382812,357.25674390792847,838.5187530517578,371.9942378997803,12,1787749066.7673793
816.8775939941406,434.2347478866577,791.9664001464844,405.2076244354248,781.8303680419922,370.1469898223877,790.21728515625,339.5852565765381,808.0014801025391,321.04389667510986,790.4183197021484,329.78834867477417,781.5334320068359,281.1043882369995,776.7234802246094,251.01850032806396,773.9823913574219,225.55770635604858,814.468994140625,335.9654760360718,816.4292144775391,305.6133842468262,806.9763946533203,333.75001430511475,801.7881011962891,357.0973777770996,836.4672088623047,347.29167222976685,835.9756469726562,326.41404390335083,822.8913879394531,353.7416982650757,817.5913238525391,373.5614204406738,855.7697296142578,362.96030044555664,857.5668334960938,340.9364891052246,844.9236297607422,357.4700331687927,838.9784240722656,371.84532165527344,13,1787749066.8180456
815.2599334716797,432.71241188049316,789.052734375,405.11518478393555,778.2128143310547,370.859899520874,784.9240875244141,340.8167767524719,800.8925628662109,322.6409912109375,790.3990936279297,329.48094606399536,781.4791107177734,280.79760789871216,776.3712310791016,250.7709002494812,773.6595916748047,225.27392864227295,813.8746643066406,335.88213443756104,816.3674163818359,305.9306788444519,806.4720916748047,333.9287567138672,800.3751373291016,357.8274965286255,835.6334686279297,347.2908353805542,835.5908203125,325.77462673187256,822.0170593261719,353.1520199775696,815.3795623779297,373.63441944122314,855.3116607666016,362.96849727630615,856.9613647460938,341.1812353134155,843.9002227783203,357.9839015007019,836.9073486328125,372.91035175323486,14,1787749066.8694053
814.6907806396484,432.32428550720215,789.3168640136719,405.55305004119873,778.2763671875,371.57122135162354,784.1761779785156,341.99280738830566,799.1818237304688,322.6809239387512,790.3336334228516,329.3042850494385,781.3436889648438,280.5858850479126,776.2761688232422,250.61391592025757,773.408203125,225.46842098236084,813.9031219482422,335.41849851608276,815.5537414550781,305.6280827522278,805.8632659912109,333.0845046043396,799.7754669189453,356.5743899345398,835.8504486083984,347.0769453048706,834.9620056152344,325.84917068481445,821.5792846679688,352.53360986709595,814.6198272705078,372.73096561431885,855.8518218994141,363.02531719207764,857.3685455322266,341.0495710372925,844.5139312744141,357.064311504364,837.0341491699219,371.8199586868286,15,1787749066.9266052
814.5886993408203,427.4433946609497,788.9779663085938,403.3426523208618,777.7308654785156,370.2706289291382,779.9052429199219,341.7871141433716,787.2820281982422,320.72715997695923,789.6604919433594,325.4295873641968,781.0159301757812,277.01256036758423,776.2834930419922,248.20709466934204,774.2683410644531,223.43843936920166,813.6024475097656,332.05912828445435,815.2964782714844,301.38094425201416,805.7624816894531,329.1512703895569,799.7432708740234,353.44594717025757,835.9444427490234,343.71100902557373,835.7217407226562,323.1981825828552,821.7504119873047,351.7548680305481,813.7132263183594,372.71246910095215,856.9418334960938,359.75589752197266,858.2545471191406,339.21684980392456,844.7246551513672,357.68707752227783,836.2017059326172,373.4399700164795,16,1787749066.970191
813.2994079589844,426.08452320098877,786.3568878173828,398.5833406448364,775.7066345214844,362.7848196029663,781.6409301757812,332.3106336593628,796.6578674316406,316.45562410354614,788.9968872070312,324.0977954864502,780.8366394042969,276.8182182312012,775.9165954589844,247.2493314743042,773.3091735839844,221.67676448822021,812.7963256835938,330.25490283966064,815.0204467773438,300.74440240859985,805.8469390869141,329.5593309402466,800.0115966796875,354.94892835617065,835.2301025390625,341.6627240180969,836.2494659423828,319.4791603088379,822.3374176025391,349.0275979042053,814.9443817138672,371.9148015975952,855.7105255126953,357.7920699119568,857.2856140136719,337.1139335632324,844.2733764648438,356.19006156921387,837.5291442871094,372.94159412384033,17,1787749067.0239508
813.6788177490234,426.4362144470215,786.7209625244141,399.0096187591553,776.2429809570312,363.0130863189697,782.4543762207031,332.49523401260376,798.3588409423828,315.80092906951904,789.0779113769531,324.53542470932007,780.5757141113281,277.1590733528137,775.6680297851562,247.23405361175537,772.9110717773438,221.86863899230957,812.7553558349609,330.61689376831055,814.6254730224609,300.2085614204407,805.5650329589844,328.09439420700073,799.5008087158203,353.7629199028015,835.1761627197266,342.02306270599365,835.2252197265625,319.8400354385376,821.5895080566406,348.995304107666,814.1342926025391,371.93926334381104,855.7111358642578,358.1468081474304,856.6323089599609,336.2891221046448,843.9163970947266,354.79031324386597,837.0745849609375,371.6670083999634,18,1787749067.0965867
813.4465789794922,426.26365184783936,786.0759735107422,397.8464412689209,775.3418731689453,360.89444160461426,780.9667205810547,330.66624641418457,794.5481872558594,313.0553126335144,788.6593627929688,323.38634490966797,780.8621215820312,276.8727421760559,776.4956665039062,247.27441549301147,774.0383148193359,222.05167293548584,812.5089263916016,329.70232486724854,815.6104278564453,300.23061990737915,806.0527801513672,328.5444688796997,799.3147277832031,354.1604232788086,834.9882507324219,341.1063051223755,836.4447784423828,319.7465658187866,822.3616790771484,349.20496702194214,814.5086669921875,372.0332908630371,855.3139495849609,357.45213747024536,856.9491577148438,336.3067388534546,844.0294647216797,355.4765725135803,837.0404815673828,372.534499168396,19,1787749067.1562095
813.6886596679688,426.6263723373413,786.3819885253906,398.162899017334,775.7088470458984,361.25990867614746,780.9738922119141,331.0979962348938,793.66943359375,313.0950951576233,788.5564422607422,323.6191177368164,780.8018493652344,277.02648639678955,776.4837646484375,247.30166673660278,773.9884185791016,221.97041273117065,812.4259948730469,329.9505686759949,815.6788635253906,299.7820043563843,806.2046051025391,328.1211519241333,799.4084167480469,353.93166303634644,834.9524688720703,341.41478061676025,836.4307403564453,319.5262384414673,822.1437835693359,348.89389514923096,814.0122222900391,371.77820205688477,855.3248596191406,357.81277656555176,857.1342468261719,336.46219968795776,844.0443420410156,355.3378915786743,836.6831970214844,372.3309087753296,20,1787749067.2258332
813.4883880615234,427.92640686035156,786.0166168212891,397.13911056518555,774.6997833251953,362.3115921020508,776.4788818359375,333.48052740097046,781.8875885009766,312.0147442817688,790.6398773193359,326.12406492233276,786.7818450927734,287.544801235199,783.4761810302734,263.0620050430298,781.0555267333984,241.30366802215576,813.8185882568359,331.6428279876709,814.68017578125,303.71888637542725,805.7933807373047,330.70637226104736,799.6767425537109,355.2516746520996,836.0855865478516,341.652467250824,837.7059173583984,318.4165334701538,824.2269897460938,347.3068428039551,816.2151336669922,370.93852043151855,857.1839904785156,356.7514157295227,857.1688842773438,335.890417098999,844.7257232666016,353.87372732162476,837.7725982666016,371.2700414657593,21,1787749067.265055
811.3979339599609,424.940185546875,785.2766418457031,395.5084991455078,773.8591766357422,360.38503646850586,778.8872528076172,331.5692067146301,791.2735748291016,312.77904510498047,791.5077972412109,327.2534251213074,786.9841003417969,289.5500421524048,782.9121398925781,265.0459599494934,779.6197509765625,243.8908839225769,813.775634765625,332.7955985069275,812.8307342529297,306.9685220718384,803.6182403564453,334.89830017089844,798.0477142333984,359.6800231933594,835.9234619140625,343.57975244522095,835.5384826660156,319.88951683044434,822.4782562255859,347.79064893722534,815.7428741455078,370.8538055419922,857.3293304443359,359.1665840148926,856.1116790771484,337.63359546661377,843.5752105712891,355.12303590774536,837.4089813232422,372.1687316894531,22,1787749067.3185518
811.6798400878906,423.2212972640991,785.8808898925781,395.6255292892456,773.9908599853516,360.7403755187988,778.2505035400391,332.2215414047241,791.0898590087891,314.2142629623413,791.5917205810547,328.043475151062,786.8020629882812,290.2552914619446,782.6406097412109,265.2513313293457,779.1090393066406,244.04364109039307,813.7854766845703,333.51513862609863,812.7642822265625,307.65815019607544,803.0434417724609,334.9744963645935,797.0333862304688,359.55971002578735,835.8915710449219,344.5335030555725,835.3195190429688,320.51517963409424,822.0709991455078,347.80401706695557,815.1013946533203,370.837926864624,857.3187255859375,360.4059362411499,857.0362854003906,338.32212924957275,844.3869018554688,355.32703399658203,837.7118682861328,372.54196643829346,23,1787749067.380195
808.5662078857422,424.308557510376,783.7890625,397.34617710113525,773.0554962158203,362.9513740539551,778.3612060546875,334.8749113082886,790.8705139160156,316.5593934059143,790.5320739746094,330.60030698776245,785.0572967529297,291.84120655059814,781.0958099365234,266.3819360733032,777.9440307617188,244.9638319015503,812.7245330810547,335.85838079452515,811.3972473144531,308.9122223854065,801.5995788574219,335.9583520889282,795.4644012451172,360.20676612854004,834.7573852539062,346.98102951049805,833.1901550292969,324.14122581481934,820.1481628417969,351.0407781600952,813.3305358886719,373.2406282424927,856.1370849609375,362.6291227340698,855.6889343261719,340.3204822540283,844.0631866455078,355.16459941864014,837.8800201416016,370.2309322357178,24,1787749067.421226
809.4343566894531,425.5186414718628,784.1966247558594,399.0640354156494,772.845458984375,364.2426109313965,777.723388671875,335.8923053741455,789.9738311767578,316.9635486602783,790.4674530029297,331.26742601394653,785.0921630859375,292.40562915802,781.3867950439453,266.49574756622314,778.2321166992188,244.82227563858032,812.6076507568359,336.1870265007019,810.7355499267578,309.1975665092468,800.9869384765625,336.50039434432983,795.1383209228516,360.68042278289795,834.7740936279297,347.0220351219177,833.1320190429688,323.4709095954895,820.0358581542969,350.72824716567993,813.5871887207031,373.2157373428345,856.3264465332031,362.577109336853,855.6826782226562,339.76032972335815,843.7176513671875,355.18032789230347,837.8044891357422,370.9005832672119,25,1787749067.4937456
809.5276641845703,427.2479581832886,783.524169921875,401.8509578704834,771.2210845947266,365.27785778045654,777.4598693847656,334.3900966644287,793.2820892333984,316.93026781082153,789.9797058105469,332.25465059280396,783.7223052978516,291.58178329467773,780.0849914550781,264.962682723999,777.6338958740234,242.34453678131104,812.6795959472656,336.9317579269409,811.4502716064453,309.28489923477173,801.1726379394531,338.01562786102295,795.3236389160156,362.733793258667,835.0211334228516,347.47597217559814,833.3366394042969,323.3722472190857,819.7306823730469,351.6644883155823,813.3504486083984,374.33741569519043,856.6645050048828,362.7314758300781,855.5183410644531,339.93669033050537,843.6212158203125,356.28971099853516,838.2198333740234,372.0815706253052,26,1787749067.539098
809.7666168212891,426.8080759048462,783.4346771240234,401.485276222229,771.7772674560547,364.86655712127686,777.8275299072266,334.4752621650696,792.5765228271484,316.5154266357422,790.3527069091797,331.5318274497986,784.3351745605469,290.0825357437134,781.2324523925781,263.42942476272583,779.3886566162109,240.47673225402832,813.1288146972656,336.5041923522949,812.0065307617188,309.66957092285156,801.7704010009766,339.8095107078552,796.3629150390625,364.54705238342285,835.3577423095703,347.0946264266968,834.2183685302734,323.5166358947754,820.3302001953125,352.76835680007935,814.0544128417969,374.98573780059814,856.7288970947266,362.35527992248535,856.4692687988281,340.2887463569641,844.0569305419922,357.2082495689392,838.629150390625,372.34489917755127,27,1787749067.5898316
809.383544921875,426.98123931884766,783.12255859375,400.75249671936035,771.6854095458984,364.0135717391968,778.1317138671875,333.4265613555908,793.5764312744141,315.7460403442383,789.9479675292969,331.4384651184082,784.0396881103516,289.58654165267944,780.9894561767578,262.9948425292969,779.2909240722656,240.10748863220215,812.7222442626953,336.6998219490051,812.1378326416016,310.05226850509644,801.8824768066406,339.643771648407,796.1394500732422,363.97387504577637,834.9680328369141,347.42666244506836,834.1423797607422,323.7788915634155,820.2356719970703,352.4584650993347,813.5853576660156,374.43642139434814,856.3365936279297,362.7157258987427,856.1911773681641,340.6632471084595,843.9350128173828,356.9640612602234,838.3354187011719,371.6999673843384,28,1787749067.6392834
809.8412322998047,427.5427007675171,783.4561920166016,401.9017696380615,771.9214630126953,365.6730651855469,778.2154846191406,335.819091796875,792.1180725097656,318.4753918647766,790.7223510742188,332.53031730651855,785.21240234375,289.68441009521484,782.4220275878906,262.4604606628418,781.0043334960938,239.26231384277344,813.3842468261719,338.2049059867859,812.8211212158203,310.8617162704468,802.1037292480469,338.94017457962036,796.2686920166016,363.1011915206909,835.252685546875,349.1299295425415,835.3725433349609,324.73124742507935,820.8285522460938,352.11155891418457,813.5089111328125,374.038724899292,856.2428283691406,364.56275939941406,857.4478149414062,341.77932500839233,844.2629241943359,357.1372890472412,837.2079467773438,372.1934938430786,29,1787749067.6967707
809.5326232910156,427.7348327636719,783.3043670654297,401.93889141082764,771.7819976806641,365.664439201355,778.0754852294922,335.6537175178528,792.6024627685547,318.4298801422119,790.6270599365234,332.4701714515686,785.0090789794922,289.61939334869385,782.2386169433594,262.5658178329468,780.8604431152344,239.44717168807983,813.2748413085938,338.1224012374878,812.8016662597656,310.71202754974365,802.0809936523438,339.0994334220886,796.2136840820312,363.3767509460449,835.1308441162109,349.03738260269165,835.3269195556641,324.1149401664734,820.7476806640625,351.6627287864685,813.3973693847656,373.7891721725464,856.1148071289062,364.4172763824463,857.2381591796875,341.3311171531677,844.2343139648438,356.6081643104553,837.3934936523438,371.65095806121826,30,1787749067.7398493
810.7703399658203,431.19651317596436,783.27880859375,403.8492250442505,771.0405731201172,367.75952339172363,776.3045501708984,337.3931837081909,790.5538177490234,318.5581970214844,788.9894866943359,333.74394178390503,782.9283142089844,290.5198860168457,779.9846649169922,262.24910259246826,778.3049774169922,238.42982053756714,811.9122314453125,338.9626622200012,809.9862670898438,312.4281048774719,800.3187561035156,341.4963626861572,795.1225280761719,366.44455432891846,834.6833038330078,349.4699263572693,833.5483551025391,323.63855838775635,819.8832702636719,351.52778148651123,813.4922027587891,375.04740715026855,856.5435791015625,364.9595546722412,855.4742431640625,341.58966064453125,842.5495147705078,357.5475597381592,836.3694000244141,373.97139072418213,31,1787749067.7846131
812.3896026611328,428.4784698486328,785.0364685058594,403.04760932922363,771.3144683837891,368.32501888275146,774.759521484375,338.5096049308777,785.1502990722656,317.4880599975586,787.5784301757812,330.6084609031677,780.0009918212891,287.1839690208435,776.9296264648438,259.41900730133057,775.9420776367188,235.75376987457275,809.9988555908203,335.29301404953003,808.2574462890625,309.2151618003845,799.5098876953125,339.0904211997986,795.8123779296875,363.4283781051636,832.5576019287109,344.77088928222656,831.9309997558594,319.89198446273804,818.9076232910156,348.94837617874146,813.3948516845703,371.71091079711914,854.5706939697266,359.2159581184387,853.6331176757812,334.7902178764343,840.9742736816406,353.3072018623352,835.4938507080078,370.8517026901245,32,1787749067.8402402
812.6239776611328,428.3639717102051,785.5351257324219,403.5877847671509,772.0851898193359,369.05736923217773,774.2514038085938,339.72099781036377,781.8649291992188,317.0534133911133,788.6048889160156,330.6064224243164,780.7916259765625,287.0558023452759,776.9488525390625,259.17752265930176,774.9665069580078,235.64253330230713,811.3175201416016,335.1823568344116,810.1522064208984,308.7076234817505,801.2109375,338.4325075149536,797.1275329589844,363.212685585022,833.4360504150391,344.34094190597534,832.9016876220703,320.40767669677734,819.8602294921875,350.0370526313782,814.5018005371094,372.61887073516846,854.8405456542969,358.28911542892456,853.8975524902344,335.80411434173584,841.4014434814453,354.5954132080078,836.3609313964844,371.2949752807617,33,1787749067.8875053
811.0408020019531,421.2458610534668,783.3518218994141,392.575364112854,769.1124725341797,358.63784551620483,771.5860748291016,328.6835789680481,785.0669097900391,308.04438829421997,784.8330688476562,323.0668830871582,776.4563751220703,280.79973220825195,771.4261627197266,253.86574029922485,769.0052032470703,230.76494693756104,807.2452545166016,327.1588611602783,804.4985198974609,300.241756439209,795.4264831542969,329.17644023895264,792.3197937011719,353.75757694244385,829.7610473632812,336.545627117157,825.9438323974609,311.10023975372314,813.6247253417969,339.1623258590698,809.7798156738281,362.40493297576904,852.4546051025391,350.8731508255005,847.4250030517578,327.0727729797363,836.3515472412109,343.14961194992065,833.1167602539062,360.0876760482788,34,1787749067.9577684
811.0084533691406,421.13574028015137,783.6435699462891,394.1032361984253,770.0625610351562,360.36967277526855,771.5015411376953,331.37134552001953,780.4749298095703,309.8005485534668,785.8034515380859,323.82579803466797,777.2858428955078,280.80434560775757,772.2787475585938,253.4053659439087,770.0771331787109,230.35295963287354,807.7564239501953,328.12827587127686,804.7805023193359,300.39350509643555,794.9417114257812,327.88857221603394,791.7929077148438,352.7112579345703,829.7703552246094,337.20399141311646,825.9046173095703,311.3824510574341,812.7661895751953,338.23099851608276,809.0617370605469,361.2727403640747,852.2231292724609,351.11000061035156,847.7910614013672,326.0452723503113,835.4657745361328,342.7845096588135,831.6819000244141,360.8397674560547,35,1787749068.019424
840.5155181884766,412.4268865585327,817.9390716552734,384.46650981903076,812.8556060791016,348.67313861846924,828.9259338378906,318.3732318878174,848.9797210693359,299.1314506530762,808.8939666748047,314.12920475006104,808.4381866455078,267.97497510910034,810.7456970214844,240.33794403076172,812.0751953125,218.93807888031006,830.5548095703125,314.3679642677307,840.0989532470703,287.70899534225464,842.2078704833984,308.62215757369995,838.9308929443359,327.39126920700073,851.4817047119141,319.76351737976074,858.1920623779297,296.6858768463135,856.4720153808594,317.1471405029297,851.7675018310547,334.11595344543457,869.8161315917969,330.5749011039734,872.8742218017578,308.91374588012695,868.8714599609375,324.01554822921753,864.3666839599609,339.5488429069519,36,1787749068.0766
857.3908996582031,394.5868921279907,834.2941284179688,362.9545497894287,826.9512939453125,325.95847606658936,834.7681427001953,296.7631673812866,850.6804656982422,280.52035331726074,836.2541198730469,293.2524347305298,835.4306793212891,247.83703565597534,837.4595642089844,219.5589780807495,839.6268463134766,195.77510118484497,859.0509033203125,299.96381521224976,868.6286926269531,277.8755235671997,861.0321807861328,304.9818205833435,852.9196929931641,328.64315271377563,881.1641693115234,310.2960276603699,888.7345123291016,289.7674083709717,878.5123443603516,315.42973279953003,871.0826873779297,335.91814041137695,901.4691925048828,324.32655572891235,906.7304992675781,303.6289358139038,896.8489074707031,319.8749256134033,890.6150054931641,334.5917773246765,37,1787749068.13357
857.3548889160156,396.4934492111206,834.2774200439453,364.62618827819824,828.3008575439453,327.9624080657959,838.0779266357422,299.0534520149231,850.8734893798828,283.1155514717102,836.7101287841797,296.15984201431274,836.1952972412109,250.50280809402466,838.9329528808594,221.4808988571167,841.1792755126953,197.60181427001953,859.1842651367188,301.3666534423828,866.3158416748047,277.27522373199463,859.8056030273438,302.4644923210144,852.12158203125,326.32293462753296,880.9727478027344,310.5723166465759,887.4800109863281,287.9919362068176,877.3177337646484,311.8902897834778,869.5462036132812,332.4486494064331,901.3106536865234,323.6342668533325,905.1426696777344,302.2378993034363,894.7267150878906,317.60002613067627,888.58154296875,332.5792407989502,38,1787749068.195771
880.2102661132812,395.87233543395996,855.0997924804688,366.247615814209,846.3560485839844,328.6112451553345,855.7164764404297,299.0008592605591,866.9287109375,282.13759660720825,854.3995666503906,296.145122051239,853.4850311279297,251.29088401794434,855.6543731689453,222.62768268585205,857.30224609375,198.24181079864502,876.7749786376953,301.130211353302,887.63671875,277.2440457344055,882.01171875,303.53928565979004,873.8577270507812,326.41101837158203,898.1634521484375,309.86125230789185,907.332763671875,289.05436992645264,897.8597259521484,315.8188247680664,889.9031829833984,336.0338616371155,918.1944274902344,322.73714303970337,926.2168884277344,302.9135584831238,916.5789794921875,320.39443731307983,909.0422821044922,335.82473516464233,39,1787749068.2408903
887.0107269287109,397.3719263076782,864.5329284667969,366.9097566604614,860.0086212158203,329.7170662879944,872.6715850830078,301.9401955604553,885.5366516113281,285.44259309768677,875.186767578125,296.6224694252014,876.9297790527344,252.22605228424072,880.6851196289062,223.97902250289917,882.9502868652344,200.2593469619751,897.1981811523438,304.4696259498596,907.4148559570312,285.0864815711975,897.4850463867188,312.8233551979065,886.0637664794922,335.57554721832275,917.6412963867188,315.74284315109253,926.7701721191406,297.3940443992615,912.8968811035156,324.2369484901428,901.4012145996094,344.84084129333496,936.2460327148438,329.9067950248718,944.4752502441406,311.26479864120483,932.8638458251953,328.62411975860596,923.4680938720703,343.7485384941101,40,1787749068.3177562
887.2627258300781,398.7159490585327,864.4439697265625,367.8868103027344,859.2973327636719,331.651668548584,871.1087036132812,302.8889036178589,883.5736083984375,286.4950919151306,875.0462341308594,298.6124539375305,876.0963439941406,252.078595161438,879.8483276367188,223.24429035186768,883.6736297607422,199.11915063858032,896.9210815429688,305.8287763595581,907.5695037841797,283.2710123062134,897.9328918457031,310.35967111587524,887.6606750488281,333.92268419265747,917.2175598144531,316.718373298645,927.6792144775391,295.5895400047302,913.2910919189453,321.51899099349976,902.2331237792969,343.79398584365845,935.7212066650391,330.93828678131104,945.5437469482422,309.71729278564453,933.1784057617188,325.44671058654785,923.0903625488281,342.0418167114258,41,1787749068.35954
882.3638916015625,408.98082733154297,859.3360900878906,373.74964714050293,854.7138214111328,335.65659284591675,866.2835693359375,307.630877494812,880.634765625,290.6984782218933,869.5018768310547,305.97644805908203,871.9058227539062,261.5408706665039,874.5517730712891,231.9740653038025,876.5211486816406,209.31326150894165,889.7953796386719,310.934693813324,894.6357727050781,284.7846794128418,885.5027770996094,305.9274387359619,876.6362762451172,329.0017533302307,909.4084930419922,320.03774642944336,911.6916656494141,295.7885813713074,900.52001953125,316.70908212661743,892.5174713134766,337.83649921417236,928.4912109375,333.7712574005127,930.7415771484375,309.0172576904297,919.0023803710938,322.23230838775635,910.4765319824219,339.24193382263184,42,1787749068.4244342
882.5905609130859,406.8611526489258,860.5374908447266,373.0936861038208,854.7338104248047,336.7911458015442,863.218994140625,309.7360897064209,876.4773559570312,293.6375141143799,870.8045196533203,304.7347354888916,873.1549835205078,261.0313367843628,875.2944946289062,233.40258836746216,877.7797698974609,212.74816274642944,890.5020904541016,310.1600933074951,893.7671661376953,284.27400827407837,883.8253784179688,304.7727370262146,875.986328125,328.2213807106018,909.6990966796875,319.6868062019348,911.2112426757812,296.10368728637695,899.3239593505859,315.4127812385559,892.0231628417969,336.62049293518066,928.5622406005859,333.2689332962036,930.9994506835938,309.6937108039856,919.2916107177734,321.28716230392456,911.6673278808594,338.1840705871582,43,1787749068.4782534
880.5655670166016,413.38231086730957,852.1045684814453,384.99003410339355,841.0606384277344,347.35713958740234,851.6971588134766,315.41428327560425,863.3708953857422,295.07412672042847,850.3813171386719,314.48347091674805,844.0303039550781,269.1041851043701,841.3388824462891,241.3400387763977,840.6288146972656,216.9397258758545,874.1631317138672,319.7104740142822,884.8943328857422,293.0638647079468,877.5640106201172,322.9817605018616,870.0009918212891,346.39014959335327,896.7908477783203,329.7362279891968,906.8766021728516,307.1900939941406,894.8557281494141,336.55790090560913,886.3202667236328,357.3408579826355,918.0856323242188,343.9900231361389,926.0466003417969,324.3650722503662,915.1869964599609,342.5912618637085,908.0225372314453,356.67019844055176,44,1787749068.5257668
873.8578796386719,422.7821445465088,844.1378021240234,392.9400157928467,830.5522155761719,359.48450088500977,836.5467834472656,329.88808393478394,849.4793701171875,310.24824142456055,839.0442657470703,325.70993185043335,828.0620574951172,285.0499391555786,822.3566436767578,257.06535816192627,819.5628356933594,234.40963983535767,863.5459136962891,327.1484327316284,867.0650482177734,301.57620906829834,861.3209533691406,327.7076196670532,857.5924682617188,354.9168276786804,888.12255859375,334.4236993789673,891.2982940673828,315.46775579452515,881.5142822265625,339.71065521240234,876.9854736328125,362.1919012069702,912.5119781494141,346.0816955566406,914.9369049072266,325.6955337524414,903.9919281005859,341.114501953125,898.3291625976562,357.67579078674316,45,1787749068.573346
874.3337249755859,423.77962589263916,845.2895355224609,394.54869747161865,831.5298461914062,360.5560111999512,836.9642639160156,331.98527097702026,850.5221557617188,312.98572540283203,840.4210662841797,328.1133842468262,829.3607330322266,288.1917715072632,822.8705596923828,260.3147792816162,819.7097015380859,238.33334684371948,863.9246368408203,328.3830428123474,865.0930786132812,301.7193102836609,859.1149139404297,326.7724084854126,856.5327453613281,354.1820526123047,888.2196044921875,334.6974778175354,890.1814270019531,312.7596688270569,880.5205535888672,335.99279165267944,876.9235992431641,359.5302700996399,912.8836822509766,345.80705881118774,915.0946044921875,323.29113721847534,904.4359588623047,337.6427364349365,898.82568359375,355.39082765579224,46,1787749068.615391
879.0264129638672,429.28433418273926,848.0978393554688,403.9190483093262,831.3664245605469,370.3504514694214,834.8957824707031,338.91807317733765,842.4385070800781,316.4291024208069,833.8809967041016,337.45970249176025,822.7413940429688,294.7531199455261,818.4117889404297,267.42117404937744,816.40869140625,244.07381057739258,857.8555297851562,337.9615330696106,864.3291473388672,306.5575861930847,863.8420104980469,333.36414098739624,862.2552490234375,357.6866054534912,882.1209716796875,343.3079695701599,888.6811828613281,321.3076114654541,882.8872680664062,349.81492280960083,878.7216186523438,371.0393285751343,906.0582733154297,353.4194254875183,911.9672393798828,333.2580542564392,904.37744140625,352.5768256187439,898.4674072265625,368.52152824401855,47,1787749068.6585472
878.9472198486328,428.8234233856201,846.6123962402344,402.82432079315186,830.3478240966797,368.404541015625,834.9231719970703,336.37162685394287,846.1329650878906,315.4171371459961,833.4580230712891,336.59266233444214,822.2992706298828,294.3744134902954,817.3079681396484,266.6718077659607,814.0933227539062,242.8847336769104,857.8933715820312,338.5049057006836,864.0131378173828,307.09125995635986,863.1525421142578,334.5094871520996,860.9983062744141,359.38693284988403,882.1980285644531,344.5230746269226,888.0848693847656,322.2024393081665,882.6754760742188,350.5036497116089,878.6468505859375,371.00658416748047,906.1563873291016,354.8198390007019,911.3398742675781,333.35665225982666,904.2000579833984,351.8812108039856,898.6567687988281,366.8313503265381,48,1787749068.6863334
885.8858489990234,431.4829730987549,856.6896057128906,400.2661371231079,844.8307037353516,363.2571029663086,849.1838073730469,333.31144094467163,860.8885192871094,316.83454513549805,856.5607452392578,333.38265895843506,858.3638000488281,292.81090021133423,861.6185760498047,266.4067840576172,864.1735076904297,245.10892868041992,881.0651397705078,338.6427927017212,890.3633117675781,317.57801055908203,886.4105224609375,343.7836003303528,878.4408569335938,365.77550411224365,905.1306915283203,347.06746101379395,912.5926208496094,327.08163499832153,905.9272766113281,352.8644871711731,897.2825622558594,372.7180480957031,926.7800903320312,359.3257141113281,933.1393432617188,339.6225929260254,926.3362884521484,356.66243076324463,919.3566131591797,371.5717363357544,49,1787749068.7249544
885.5878448486328,430.96073627471924,857.8012084960938,400.3502082824707,847.0772552490234,363.87319564819336,853.6851501464844,333.64596605300903,864.6959686279297,319.78325843811035,858.9942932128906,334.91960763931274,858.0095672607422,293.24870109558105,860.7728576660156,267.06740140914917,862.2686004638672,246.36533975601196,882.8973388671875,339.9621391296387,892.4363708496094,316.594820022583,889.2670440673828,342.1423029899597,880.0543212890625,363.30572605133057,905.7720947265625,348.35296869277954,913.721923828125,327.24265336990356,907.1540069580078,350.5968403816223,897.9555511474609,369.24503803253174,926.9730377197266,360.7180595397949,933.5670471191406,339.9995827674866,926.2272644042969,355.8834958076477,917.8846740722656,370.91431617736816,50,1787749068.7617426
883.9285278320312,430.6854772567749,857.7538299560547,399.8328638076782,847.9517364501953,363.40593338012695,856.2482452392578,333.73969316482544,872.7969360351562,320.1012182235718,861.5331268310547,335.5920910835266,860.3160858154297,294.53813552856445,863.0891418457031,268.8952302932739,866.2969970703125,248.58738899230957,884.3596649169922,341.10896587371826,895.5089569091797,317.32781410217285,890.8418273925781,341.6380476951599,882.7935791015625,362.7620315551758,906.1113739013672,350.3209376335144,916.0948181152344,327.8084921836853,908.1523132324219,350.84712266921997,899.6657562255859,369.9760150909424,925.980224609375,363.65445613861084,935.0891876220703,341.8585252761841,926.5016174316406,357.6534104347229,917.8726959228516,373.28598976135254,51,1787749068.7940102
884.3141937255859,429.9230432510376,858.5329437255859,400.8824872970581,847.7252960205078,364.4722509384155,855.2293395996094,334.0302300453186,871.3804626464844,319.72362756729126,861.1358642578125,335.37272930145264,860.5517578125,293.73523235321045,864.4680023193359,268.2366943359375,868.8246917724609,247.6764678955078,884.4183349609375,340.55065870285034,894.7678375244141,316.6208052635193,890.8601379394531,342.0882725715637,883.7712860107422,363.46657276153564,906.4500427246094,349.95250940322876,916.5086364746094,327.3103094100952,909.0984344482422,350.7973837852478,901.0552215576172,369.66230392456055,926.5785217285156,363.6635112762451,935.8885192871094,341.4829087257385,927.6724243164062,357.5237846374512,919.342041015625,372.7742671966553,52,1787749068.843434
876.4409637451172,444.73613262176514,846.6587829589844,417.7742671966553,830.3631591796875,385.8630609512329,833.7158966064453,355.21371603012085,843.6006164550781,333.3645486831665,831.468505859375,349.762179851532,821.3924407958984,309.4835329055786,816.2760162353516,281.7176055908203,813.6184692382812,259.19288635253906,855.9406280517578,349.50084686279297,858.0569458007812,319.63258266448975,856.6391754150391,340.3588056564331,854.7354888916016,362.9025363922119,881.1997222900391,354.4742202758789,882.9750061035156,329.4333744049072,877.1818542480469,351.73598527908325,874.8833465576172,373.0751895904541,905.5996704101562,364.9332904815674,907.9967498779297,342.4556493759155,899.6380615234375,357.71600246429443,895.5097198486328,374.4195556640625,53,1787749068.889918
877.3577880859375,445.97870349884033,845.2692413330078,419.06280040740967,826.6891479492188,384.75730419158936,827.8287506103516,352.18957901000977,837.1744537353516,331.15065336227417,829.4002532958984,352.36836433410645,819.4944763183594,311.586492061615,815.511474609375,284.9810600280762,813.1111907958984,262.62967586517334,854.1673278808594,352.0974397659302,855.1705932617188,318.520302772522,853.7456512451172,340.8477830886841,852.6398468017578,364.1024923324585,879.6668243408203,357.032253742218,879.8925018310547,329.77317810058594,875.7718658447266,353.1017875671387,874.8879241943359,373.2881784439087,905.1575469970703,367.45182037353516,905.6198883056641,342.3511075973511,898.0725860595703,358.4166383743286,894.9530792236328,374.37745571136475,54,1787749068.9511008
883.3348083496094,454.0078639984131,858.4780883789062,425.02030849456787,851.4591979980469,387.8523588180542,863.7743377685547,361.11807346343994,874.6785736083984,346.28685235977173,853.2845306396484,353.8660454750061,855.0891876220703,312.40671157836914,860.2589416503906,284.922137260437,864.6295928955078,263.1879186630249,875.8334350585938,357.9934072494507,890.3923797607422,334.7261881828308,892.6072692871094,356.5881872177124,886.6226196289062,376.02673530578613,898.3573913574219,365.10229110717773,911.6729736328125,345.9362554550171,909.1913604736328,367.3456907272339,900.2077484130859,383.92096996307373,918.5617828369141,376.43009662628174,930.6395721435547,359.705708026886,925.2127075195312,374.49620246887207,915.8279418945312,387.66443252563477,55,1787749069.0116913
885.3292846679688,453.00248622894287,861.5247344970703,422.3726463317871,855.4009246826172,382.9815101623535,868.4359741210938,353.2854437828064,883.3973693847656,339.4422197341919,871.6444396972656,351.5582299232483,874.932861328125,310.9166693687439,881.2339782714844,285.2873468399048,886.9202423095703,263.75397205352783,894.72900390625,358.743052482605,907.7454376220703,338.26573848724365,900.4470062255859,365.77649116516113,890.7394409179688,388.49621772766113,916.0383605957031,370.22621154785156,927.0230102539062,355.7469391822815,916.7360687255859,381.9533443450928,906.7798614501953,400.5600643157959,934.9315643310547,385.3585481643677,944.8019409179688,372.3270034790039,934.1187286376953,389.84195709228516,924.6666717529297,402.70707607269287,56,1787749069.068656
885.5344390869141,453.8294219970703,862.286376953125,424.2864990234375,856.0791015625,385.3295373916626,869.5291137695312,354.4515824317932,883.0159759521484,339.845666885376,871.6976165771484,353.7590789794922,874.7435760498047,311.4420175552368,880.2395629882812,285.1215648651123,885.7875061035156,262.39973545074463,895.2184295654297,360.1998567581177,909.3798065185547,340.07893323898315,900.9812927246094,368.1797933578491,890.4017639160156,391.02187156677246,916.1760711669922,371.5251302719116,928.2299041748047,357.2156310081482,915.2977752685547,383.4038829803467,904.1133880615234,402.2344493865967,934.3650054931641,387.2990942001343,946.5274047851562,373.00673961639404,934.6479034423828,390.2228307723999,924.1519927978516,403.8838577270508,57,1787749069.1132202
882.8238677978516,462.5795602798462,860.3759002685547,432.04739570617676,858.7709045410156,392.4817228317261,874.5485687255859,363.8100242614746,885.9021759033203,350.72477102279663,874.6976470947266,361.0801362991333,878.7978363037109,320.1953959465027,885.1362609863281,295.5108118057251,891.4595794677734,274.5530390739441,898.7190246582031,369.02385234832764,911.2510681152344,351.8194556236267,901.1578369140625,381.55959606170654,890.0550842285156,404.7508764266968,919.6469879150391,382.0976686477661,928.2009124755859,371.1247730255127,914.7216796875,397.1475648880005,904.378662109375,414.97734546661377,937.9939270019531,399.0778112411499,947.4210357666016,386.1681890487671,934.7674560546875,402.59819984436035,924.7396087646484,414.80220794677734,58,1787749069.1866531
876.1566162109375,471.1336612701416,857.877197265625,440.8294200897217,858.988037109375,400.7900047302246,879.3241882324219,372.47124195098877,903.5649871826172,367.0860528945923,879.5866394042969,375.60904026031494,888.7981414794922,329.87093925476074,897.4092864990234,303.4218692779541,905.4758453369141,280.6555366516113,902.0911407470703,386.5040445327759,914.8847198486328,367.2719621658325,899.2411804199219,395.81491470336914,885.5204010009766,418.33353996276855,921.199951171875,401.0838460922241,930.2935028076172,386.6577672958374,913.0340576171875,411.33400440216064,901.1277770996094,429.4402027130127,937.5284576416016,418.51962089538574,948.1175231933594,403.06735038757324,933.6965942382812,417.4358367919922,923.8704681396484,429.5294237136841,59,1787749069.260175
875.4848480224609,472.3523283004761,857.8987121582031,439.79631900787354,858.3975982666016,400.02233505249023,878.2115936279297,372.3397922515869,903.4763336181641,366.53008460998535,878.7405395507812,375.81542015075684,888.6161041259766,329.765989780426,897.4632263183594,302.7252244949341,906.8192291259766,279.71217155456543,901.3784027099609,386.40739917755127,915.0685119628906,365.7555913925171,898.2376098632812,394.32304859161377,884.4541168212891,417.96987533569336,920.9864807128906,400.61023235321045,931.7028045654297,385.9373903274536,912.744140625,411.4458417892456,899.8655700683594,431.43718242645264,937.5959014892578,418.12243938446045,949.7113800048828,401.9473457336426,934.9483489990234,416.9964265823364,924.7571563720703,430.57926177978516,60,1787749069.3261838
815.8109283447266,440.44768810272217,798.5648345947266,407.5464677810669,796.6666412353516,372.52625942230225,809.2233276367188,350.7285261154175,825.9012603759766,342.97595500946045,818.8394165039062,350.9277820587158,826.2103271484375,312.3522090911865,831.8235015869141,287.91642665863037,838.2644653320312,269.1605758666992,838.1338500976562,359.9950861930847,846.1717224121094,338.7125515937805,834.2721557617188,349.41497325897217,824.2826080322266,363.5182857513428,855.3716278076172,372.9188060760498,859.8406219482422,355.9351658821106,846.03515625,366.0654401779175,836.9534301757812,379.1011047363281,870.4077911376953,389.5129680633545,874.3513488769531,373.14372539520264,861.5155029296875,378.78185749053955,852.4182891845703,388.91056537628174,61,1787749069.4575193
814.2396545410156,440.71213245391846,797.5377655029297,409.9572801589966,794.7806549072266,372.31168270111084,807.0774078369141,349.3247652053833,825.7778930664062,341.9691824913025,818.2817077636719,349.0836238861084,824.7090148925781,310.04724740982056,830.4837036132812,286.44657611846924,836.6223907470703,267.6427459716797,837.5462341308594,358.9927339553833,848.0139923095703,339.06919956207275,836.4790344238281,353.54199171066284,825.7131195068359,368.06615352630615,854.9166870117188,372.94485569000244,860.7665252685547,357.9831075668335,846.0440826416016,373.0495262145996,835.9642028808594,385.91846466064453,869.9658203125,390.7351541519165,875.2738952636719,375.7952070236206,860.8759307861328,385.4348945617676,851.1778259277344,395.35627841949463,62,1787749069.5011168
810.1705932617188,431.875262260437,790.4930114746094,401.49484634399414,787.9665374755859,365.89768409729004,800.7884216308594,339.9419689178467,812.5721740722656,327.00181245803833,804.5526885986328,337.4626636505127,813.0344390869141,299.84534740448,820.9237670898438,277.60865449905396,828.4461212158203,258.90511751174927,821.9399261474609,346.05289936065674,838.1381988525391,330.4731488227844,827.2434234619141,351.0885214805603,814.8739624023438,366.61025047302246,838.3541107177734,357.01231956481934,852.2396087646484,345.6500744819641,837.1222686767578,365.86137771606445,824.5320129394531,379.3239641189575,852.7484130859375,371.25051498413086,865.9230041503906,360.10900497436523,852.6236724853516,373.375039100647,840.2567291259766,383.5007429122925,63,1787749069.5466893
810.0545501708984,430.9746837615967,789.9465179443359,400.5885171890259,787.2328948974609,364.6230983734131,800.8851623535156,339.54092502593994,813.9872741699219,327.82179594039917,803.5317230224609,337.7956438064575,810.599365234375,299.8172163963318,818.6676788330078,277.96547412872314,826.7271423339844,258.9959478378296,821.5770721435547,346.2359118461609,834.7476196289062,330.72250843048096,825.3241729736328,351.78778409957886,815.3315734863281,365.47797203063965,838.8582611083984,356.66322469711304,849.5786285400391,344.9990487098694,836.0764312744141,365.81550121307373,825.7212066650391,377.8494358062744,854.1387939453125,369.7218704223633,864.1578674316406,358.59370708465576,851.0418701171875,373.38048934936523,840.9465026855469,383.23132038116455,64,1787749069.5953813
810.1003265380859,422.05095291137695,796.6861724853516,394.37034130096436,800.2098083496094,359.23943281173706,818.9634704589844,335.8298635482788,840.4510498046875,327.8269672393799,807.9769897460938,328.58858585357666,822.0845031738281,291.2886714935303,833.7271118164062,269.2240262031555,844.7176361083984,250.94640254974365,826.5871429443359,335.785231590271,846.4051055908203,320.0734305381775,837.2187042236328,343.7116312980652,824.8014831542969,361.5891122817993,843.5630798339844,346.2954568862915,859.4370269775391,336.47998809814453,846.9969177246094,357.68362283706665,834.2173767089844,371.3472890853882,856.5632629394531,360.07874965667725,872.1833801269531,350.0728440284729,860.7319641113281,364.18158531188965,848.3654022216797,374.0545606613159,65,1787749069.6598322
811.1081695556641,417.10517406463623,799.8600006103516,383.34208488464355,807.0106506347656,344.6971821784973,826.9245910644531,324.11444664001465,848.1734466552734,318.7669587135315,817.5985717773438,321.33456230163574,838.9447021484375,287.431161403656,855.1320648193359,268.6429524421692,869.5363616943359,251.6430687904358,834.4779205322266,331.6919016838074,856.893310546875,318.9554214477539,841.8575286865234,341.86384677886963,826.190185546875,355.54375648498535,848.9324188232422,345.1766324043274,869.3470001220703,337.0431876182556,852.1108245849609,355.3645420074463,836.4636993408203,365.7831859588623,858.6971282958984,362.0700216293335,879.9200439453125,351.3645100593567,865.4779815673828,362.9287576675415,850.3062438964844,371.17751598358154,66,1787749069.716743
813.0323028564453,415.32641887664795,802.1375274658203,381.922402381897,808.690185546875,343.55417490005493,829.5848846435547,319.8755693435669,854.1648101806641,316.33110523223877,819.5133209228516,318.9532971382141,837.4679565429688,284.72285985946655,853.6702728271484,266.9441056251526,867.9997253417969,250.5893898010254,837.9615783691406,328.85406017303467,854.8861694335938,318.053834438324,841.5486907958984,342.27192878723145,826.7279815673828,357.24103689193726,853.8712310791016,341.31678342819214,868.4941101074219,334.2441415786743,852.2850799560547,354.9585199356079,837.0209503173828,367.82398223876953,864.9565124511719,356.41605377197266,879.2801666259766,348.754141330719,865.4274749755859,362.1604871749878,852.20947265625,371.30699157714844,67,1787749069.7573755
813.4412384033203,405.2818250656128,805.9358978271484,372.3073482513428,816.0009765625,337.7851939201355,837.0843505859375,321.41674518585205,858.2224273681641,320.7870054244995,831.0668182373047,315.4467272758484,854.4165802001953,283.4667706489563,872.1116638183594,267.52320528030396,886.7943572998047,253.37425231933594,846.6967010498047,327.9530954360962,862.7266693115234,321.05565547943115,846.5208435058594,345.1950216293335,830.4560089111328,360.2288246154785,860.7505798339844,341.7286205291748,872.7356719970703,337.6796007156372,855.2024078369141,357.7245855331421,840.323486328125,368.97522926330566,871.3232421875,356.98408126831055,882.8532409667969,351.3484811782837,867.6277160644531,364.3206310272217,855.3202819824219,372.02839851379395,68,1787749069.8234396
814.2912292480469,405.71059226989746,805.9184265136719,373.9877414703369,815.1923370361328,340.12232065200806,837.9940032958984,321.9437885284424,860.3575134277344,321.821072101593,827.6333618164062,316.9717240333557,851.0134124755859,284.39494371414185,869.55810546875,268.7693166732788,885.9461975097656,254.78586673736572,844.8979949951172,328.9939856529236,862.6844024658203,322.49464988708496,846.1915588378906,346.0497236251831,830.6179809570312,360.0835132598877,860.3155517578125,342.3952889442444,874.5755004882812,337.9364275932312,855.7170104980469,357.58405923843384,840.4131317138672,368.7559747695923,871.7478179931641,357.2648334503174,885.0505828857422,351.01234674453735,869.6408843994141,363.55433464050293,857.2522735595703,371.5906620025635,69,1787749069.8631139
824.7023010253906,405.8738422393799,820.4344177246094,379.8007535934448,835.4012298583984,351.4229393005371,860.4996490478516,339.82938051223755,881.4516448974609,340.4250240325928,842.9668426513672,318.16749572753906,870.8557891845703,287.74826288223267,891.5760040283203,272.3040819168091,909.8224639892578,258.34959983825684,860.0885009765625,327.4762201309204,881.2856292724609,330.25144815444946,864.6290588378906,351.99493646621704,848.6430358886719,360.7668972015381,874.6023559570312,339.81493949890137,889.7107696533203,345.0464916229248,871.8324279785156,362.4231290817261,856.5660095214844,367.7648448944092,884.3970489501953,353.41511249542236,897.4839019775391,355.64656019210815,883.5642242431641,368.2517623901367,872.3133850097656,372.87275791168213,70,1787749069.91295
825.5457305908203,408.51601123809814,816.4883422851562,383.371524810791,826.9729614257812,354.0423846244812,851.0457611083984,338.6599802970886,870.8118438720703,337.14581966400146,835.1582336425781,319.4657063484192,858.8236236572266,286.1687421798706,877.1132659912109,268.02329778671265,894.3281555175781,251.84985637664795,852.9307556152344,329.5629572868347,874.8053741455078,327.34060764312744,859.1139221191406,352.8296399116516,843.5923004150391,365.7558488845825,868.9550018310547,341.7599058151245,886.837158203125,340.5276346206665,867.9139709472656,361.894326210022,852.8374481201172,371.48097038269043,880.8057403564453,355.34250497817993,897.3485565185547,351.25526905059814,881.7302703857422,366.60510063171387,869.3103790283203,374.38745498657227,71,1787749069.9657445
826.3441467285156,409.58739280700684,817.5164794921875,385.1410961151123,828.5249328613281,355.1908850669861,853.3472442626953,339.2501950263977,874.8934173583984,334.83309030532837,834.4329071044922,319.30344343185425,859.403076171875,286.7915081977844,877.6009368896484,269.58515882492065,894.6333312988281,252.97855138778687,852.9788970947266,329.8993492126465,874.6051025390625,326.6997742652893,858.4358215332031,352.4547529220581,843.5879516601562,363.88439655303955,869.7222137451172,342.06810235977173,886.8472290039062,340.4358172416687,867.4574279785156,362.1933174133301,852.9903411865234,370.4255962371826,881.8568420410156,355.5161190032959,897.5933837890625,351.3645100593567,881.2767028808594,367.0628356933594,869.1329956054688,373.7358283996582,72,1787749070.0162172
831.3524627685547,410.31922817230225,825.3789520263672,387.33651638031006,837.5469207763672,360.4873466491699,864.4654846191406,349.3513083457947,887.3638153076172,347.5816512107849,844.3418121337891,321.2626791000366,869.6489715576172,289.17903900146484,889.4846343994141,272.30438232421875,907.1138763427734,257.06600189208984,862.4881744384766,330.137722492218,880.9346008300781,331.3318634033203,864.8287963867188,351.50113105773926,849.5769500732422,359.6767830848694,877.6297760009766,342.54130840301514,892.3918914794922,346.35513067245483,874.5127105712891,362.95098781585693,859.4965362548828,367.5440454483032,888.194580078125,356.4722943305969,902.3176574707031,357.97240018844604,886.7937469482422,370.2779245376587,873.7453460693359,374.13790225982666,73,1787749070.0641541
832.6110076904297,410.7188129425049,825.3572082519531,387.6154661178589,837.7140045166016,360.34074783325195,865.4937744140625,347.4370265007019,888.2475280761719,344.37896490097046,844.7900390625,321.17053985595703,869.7286987304688,288.78737211227417,888.6745452880859,272.50705003738403,906.2210845947266,257.9729747772217,863.5315704345703,330.64225673675537,881.4804840087891,329.6367287635803,865.4045104980469,351.7078971862793,850.4081726074219,360.89375495910645,878.8552093505859,342.6721143722534,892.3719787597656,344.7278022766113,874.3083190917969,363.00750732421875,859.8734283447266,368.19708824157715,888.8516235351562,356.0958409309387,901.6701507568359,356.4754056930542,886.9097137451172,369.5272493362427,875.1921081542969,373.75067710876465,74,1787749070.1139686
835.4808044433594,411.158652305603,827.0723724365234,384.8558807373047,838.3568572998047,352.82979011535645,862.2672271728516,333.9057755470276,884.2552947998047,326.31001710891724,846.3650512695312,317.65437841415405,873.28369140625,286.9321632385254,893.9636993408203,270.9574842453003,912.352294921875,255.66342115402222,866.4315032958984,329.15875911712646,885.5982971191406,329.7906446456909,868.1477355957031,356.79461002349854,851.7546844482422,369.27297592163086,883.2220458984375,342.1622371673584,899.6371459960938,342.5268030166626,879.8456573486328,364.3569803237915,863.5585021972656,373.7482738494873,894.1709899902344,356.0482692718506,910.0626373291016,352.05549001693726,895.1807403564453,368.00997734069824,882.8787231445312,375.7620334625244,75,1787749070.1563034
835.0631713867188,410.97012519836426,827.2445678710938,383.14870834350586,838.6515808105469,350.9280824661255,863.0329895019531,332.6793622970581,884.1487884521484,326.3531470298767,846.8390655517578,316.7269563674927,873.1485748291016,286.51865243911743,893.4194183349609,271.55091762542725,911.4870452880859,256.9924235343933,866.9091033935547,328.71467113494873,885.3471374511719,327.0141935348511,867.5526428222656,353.6061501502991,851.4888763427734,366.8492889404297,883.5982513427734,342.11194038391113,898.4489440917969,341.28652811050415,878.1956481933594,363.0326986312866,862.2591400146484,373.6784076690674,895.0356292724609,356.4893317222595,908.6656188964844,351.75469636917114,893.27392578125,367.10845470428467,881.5280151367188,375.4132604598999,76,1787749070.1948757
835.4927825927734,413.0062437057495,826.968994140625,388.1722927093506,838.2673645019531,356.13744735717773,860.6565093994141,333.4304666519165,881.1563110351562,323.6627411842346,846.9503784179688,317.82142639160156,873.2503509521484,286.58708095550537,893.5649108886719,270.7674980163574,912.0082092285156,255.9287452697754,866.6767120361328,329.07726287841797,887.4683380126953,326.9790244102478,869.9395751953125,355.2256679534912,854.2180633544922,369.58784580230713,882.996826171875,342.1596622467041,899.5733642578125,340.7925510406494,879.5186614990234,363.62780570983887,864.1094970703125,374.6164083480835,894.0743255615234,356.70369386672974,910.3398132324219,351.36998176574707,895.7636260986328,366.6419219970703,883.8655853271484,374.6915102005005,77,1787749070.2330227
835.0704193115234,413.68597984313965,826.7009735107422,388.36463928222656,837.4998474121094,355.99773645401,859.6419525146484,333.1381916999817,880.5019378662109,324.075071811676,846.9046020507812,317.73510217666626,873.0060577392578,286.3062858581543,893.4879302978516,270.77346324920654,912.1397399902344,256.1842632293701,866.287841796875,328.92366886138916,887.5689697265625,326.5864133834839,869.8782348632812,354.86908435821533,853.9823913574219,369.71633434295654,882.4500274658203,342.09481716156006,899.2964935302734,341.33161067962646,878.8536071777344,364.16690826416016,863.0406188964844,375.5675411224365,893.4049224853516,357.04248905181885,909.6399688720703,352.3699951171875,894.2314910888672,367.3227310180664,881.3287353515625,375.43540477752686,78,1787749070.2606952
840.7517242431641,426.6971826553345,823.7444305419922,391.8532705307007,820.9645080566406,357.2913336753845,828.7258148193359,329.82967615127563,836.5750885009766,311.6897678375244,844.5958709716797,329.4457983970642,855.5268096923828,307.3511338233948,846.7696380615234,320.1281690597534,839.0103149414062,336.8512272834778,861.4185333251953,332.8630828857422,869.8929595947266,313.14764499664307,856.0671234130859,331.010684967041,845.2580261230469,349.13904905319214,877.0616149902344,339.7269630432129,884.0203857421875,321.8572926521301,869.4896697998047,338.04365158081055,858.3611297607422,355.2497434616089,891.2163543701172,350.5942440032959,894.5175170898438,335.0162959098816,884.0164947509766,343.9167881011963,876.0612487792969,354.7095251083374,79,1787749070.304245
854.2439270019531,419.0948152542114,832.5288391113281,393.57649326324463,820.5191802978516,361.0601806640625,826.5139770507812,330.18598079681396,833.18359375,309.51035499572754,813.1705474853516,322.25003242492676,802.9228210449219,284.6841073036194,796.0699462890625,257.67361879348755,791.4512634277344,236.04387760162354,836.8409729003906,321.3968753814697,840.6734466552734,299.8028612136841,843.5832214355469,325.94918489456177,841.8532562255859,347.96509981155396,859.7510528564453,325.22700548171997,863.6703491210938,309.2857789993286,861.1929321289062,331.484169960022,857.1334075927734,349.13625955581665,880.5985260009766,333.65753173828125,885.2845764160156,316.64754152297974,880.8055114746094,330.8446455001831,875.2572631835938,345.3860378265381,80,1787749070.3667684
852.1159362792969,422.3989534378052,831.2908172607422,395.75148582458496,818.4241485595703,363.95267486572266,817.3472595214844,333.55818271636963,822.3575592041016,311.3539123535156,812.8323364257812,325.5842113494873,802.5563049316406,286.95722579956055,797.3111724853516,262.26970195770264,793.3856964111328,241.4393663406372,834.3714141845703,323.2072377204895,838.8104248046875,298.0712699890137,841.6267395019531,322.14868783950806,840.6244659423828,343.7861967086792,856.8601226806641,326.4063620567322,861.1848449707031,306.6891860961914,859.2657470703125,329.9478006362915,856.2593078613281,348.8630175590515,878.1230926513672,335.6225824356079,882.9974365234375,315.82807302474976,877.7500152587891,331.1559534072876,873.0009460449219,346.0974884033203,81,1787749070.4046116
846.2630462646484,414.7504949569702,816.5406036376953,385.20323753356934,802.6248168945312,352.8267002105713,805.4563903808594,323.0646300315857,812.3552703857422,303.5778021812439,803.8562774658203,320.72806119918823,793.7154388427734,282.3941659927368,786.55029296875,257.4353098869324,780.1062774658203,236.96235179901123,825.4787445068359,320.007061958313,823.7958526611328,293.8488507270813,824.2853546142578,316.5563893318176,824.1885375976562,339.64555263519287,847.8797149658203,323.77530813217163,845.5258941650391,301.54114723205566,842.5511932373047,325.3955554962158,842.2104644775391,346.94167613983154,871.1836242675781,332.2532558441162,870.6731414794922,310.14108180999756,863.9450073242188,325.4804849624634,860.4656219482422,342.6597332954407,82,1787749070.4589186
846.7032623291016,414.4544219970703,817.3374938964844,385.77946186065674,802.5100708007812,354.39759492874146,802.8508758544922,325.71499586105347,809.0673828125,307.1107006072998,804.4496154785156,322.68611669540405,793.3168029785156,283.42533588409424,786.7327117919922,258.2041597366333,780.7476806640625,236.99131965637207,825.4655456542969,321.5660262107849,823.8805389404297,296.6104316711426,825.7653045654297,320.1564073562622,826.4846801757812,343.5066246986389,847.6834106445312,324.8529553413391,847.2327423095703,302.931969165802,844.3400573730469,327.09734201431274,843.2289123535156,349.40593957901,870.4817962646484,333.18076372146606,873.1248474121094,311.7021703720093,866.2126922607422,327.2569441795349,861.6416168212891,344.96055364608765,83,1787749070.5179656
834.6424865722656,416.0819435119629,803.4165191650391,388.9029264450073,786.4962768554688,356.50851488113403,786.2676239013672,325.61163425445557,793.3323669433594,304.6127915382385,790.0361633300781,326.8199157714844,775.4605102539062,289.1348147392273,766.4170837402344,263.2228088378906,759.990234375,241.9932746887207,812.0388793945312,324.7549796104431,810.0141143798828,296.92718982696533,810.113525390625,316.7369556427002,811.0745239257812,339.53116178512573,835.11962890625,327.1360516548157,833.0708312988281,302.46485710144043,829.2529296875,324.16409969329834,829.6726989746094,346.93036794662476,858.7373352050781,334.07342433929443,857.3739624023438,308.26207637786865,850.2456665039062,323.14237117767334,847.80029296875,342.92492866516113,84,1787749070.5734034
834.7090911865234,415.91521739959717,804.4125366210938,388.43557834625244,787.0858001708984,356.47244453430176,786.83837890625,325.574254989624,794.2630004882812,304.7952461242676,787.6974487304688,325.9467387199402,773.2941436767578,288.58712911605835,765.3855133056641,263.04694175720215,759.6463775634766,241.8276858329773,810.1752471923828,323.17655324935913,807.347412109375,295.40807247161865,808.4291076660156,315.6450605392456,810.4694366455078,338.2169008255005,834.0654754638672,325.4684257507324,832.0259094238281,301.2947916984558,828.6590576171875,323.13387393951416,829.3947601318359,345.83958864212036,858.3354187011719,332.6789331436157,857.8281402587891,306.7616271972656,851.1726379394531,321.60136699676514,848.9520263671875,341.5245795249939,85,1787749070.62872
872.7487945556641,416.0182571411133,850.7047271728516,386.9693326950073,844.5504760742188,354.90028381347656,864.1504669189453,341.3940954208374,884.7689819335938,343.56561183929443,853.7496185302734,321.31449937820435,860.4962921142578,279.64739084243774,865.6584167480469,254.72930431365967,870.1229858398438,233.83006811141968,875.8372497558594,325.2553081512451,881.7786407470703,303.4028363227844,877.6373291015625,327.50147581100464,871.6195678710938,348.1334137916565,895.7758331298828,332.4192523956299,902.5823211669922,314.62167978286743,895.7797241210938,333.5480546951294,888.8727569580078,350.40058851242065,913.6634063720703,343.1040573120117,921.0853576660156,328.14361810684204,913.6795806884766,339.99428272247314,906.9335174560547,352.5772976875305,86,1787749070.7918313
877.8044128417969,420.87799072265625,855.4427337646484,389.6088409423828,847.3226928710938,354.5968508720398,859.7121429443359,324.75680351257324,880.0835418701172,310.8012056350708,857.7285766601562,324.32318687438965,859.1508483886719,283.6877202987671,863.2241821289062,258.7411379814148,866.910400390625,237.24810361862183,881.7796325683594,328.50764751434326,893.4457397460938,308.9609956741333,887.7417755126953,338.33820104599,879.5046997070312,364.23999309539795,904.0216827392578,336.20131731033325,915.0445556640625,320.2725148200989,903.4809875488281,346.0593366622925,892.4874114990234,369.4506025314331,924.2735290527344,347.0067358016968,937.7439117431641,328.084180355072,927.7735900878906,341.34336948394775,915.5692291259766,357.6145935058594,87,1787749070.8317714
878.4982299804688,421.1378002166748,855.0797271728516,390.4316568374634,847.3421478271484,354.47806119918823,860.0734710693359,323.5707950592041,879.9180603027344,308.6188530921936,858.4992980957031,326.12138271331787,859.0380859375,284.161741733551,863.7660217285156,258.88670682907104,868.5385894775391,236.4026927947998,881.7828369140625,330.1486873626709,893.7939453125,310.57220935821533,886.9326782226562,338.71830224990845,877.7436065673828,362.0748710632324,903.2557678222656,337.740797996521,914.5354461669922,321.08728408813477,902.4733734130859,346.8389368057251,891.7622375488281,368.83330821990967,922.4541473388672,348.62773418426514,936.9948577880859,329.97867822647095,926.7441558837891,344.0795660018921,914.9913024902344,359.9002432823181,88,1787749070.881783
881.630859375,415.68278789520264,861.9330596923828,385.7309675216675,857.3709869384766,349.67961072921753,868.1239318847656,320.2193856239319,886.1379241943359,305.94709396362305,864.8207092285156,320.8902168273926,868.7281036376953,280.30880212783813,876.6206359863281,256.5674114227295,884.2509460449219,236.90003871917725,886.0420989990234,325.0324273109436,901.8229675292969,309.3220853805542,894.6652221679688,334.4072413444519,883.292236328125,353.9079523086548,906.7984771728516,332.62627601623535,919.3593597412109,320.99287033081055,907.5474548339844,345.42860984802246,895.8122253417969,363.07029247283936,925.16845703125,343.73321771621704,937.0750427246094,330.5431652069092,926.4556884765625,346.50097846984863,915.0668334960938,360.5086326599121,89,1787749070.9542809
881.2126922607422,415.55691719055176,861.0786437988281,387.3097801208496,855.5058288574219,351.5111517906189,866.4127349853516,321.71348333358765,883.8942718505859,306.1022973060608,864.8225402832031,321.4843797683716,868.9356994628906,280.7200813293457,876.2968444824219,256.89987659454346,883.8445281982422,236.60229206085205,886.2409210205078,325.4014992713928,900.2340698242188,308.90153646469116,892.1903228759766,335.2136421203613,881.3479614257812,354.33536767959595,906.77490234375,332.6892113685608,919.3460083007812,320.22919178009033,906.689453125,345.6030607223511,894.7268676757812,362.794132232666,924.84375,343.6780285835266,937.2843170166016,330.69255352020264,925.4716491699219,347.94950008392334,913.5836029052734,361.5431499481201,90,1787749071.0116167
894.2243957519531,391.67680263519287,877.6050567626953,355.8121705055237,878.970947265625,317.29015588760376,895.5473327636719,290.9124755859375,911.5367126464844,277.0452833175659,892.3348236083984,289.7797679901123,907.0610046386719,254.6768832206726,921.8433380126953,233.0252981185913,934.4847869873047,215.04188060760498,913.5410308837891,298.0479669570923,932.2393798828125,283.61446380615234,921.4790344238281,306.4352345466614,908.0075836181641,323.5049843788147,932.3050689697266,308.3182096481323,947.9163360595703,297.4560785293579,933.4135437011719,318.61525297164917,919.8111724853516,333.1882309913635,947.3844909667969,321.48940086364746,962.1329498291016,311.60337924957275,950.1242828369141,324.84604597091675,937.7634429931641,334.57737922668457,91,1787749071.0697527
892.6869201660156,369.5037317276001,871.4970397949219,339.47524309158325,866.722412109375,301.5548586845398,878.40087890625,271.2658095359802,890.4349517822266,253.87696266174316,881.1732482910156,268.1010389328003,897.2418975830078,228.86555671691895,913.5665130615234,206.26487731933594,927.7024078369141,187.2078037261963,902.3030090332031,278.42872381210327,921.1176300048828,263.1680917739868,911.9290924072266,287.3919153213501,898.5540008544922,304.2961621284485,921.2781524658203,289.9002742767334,936.4812469482422,278.7742352485657,923.4371185302734,299.08265590667725,910.3012847900391,312.74057149887085,937.0158386230469,303.5557436943054,951.5531921386719,295.23016691207886,939.4214630126953,308.6372208595276,927.24609375,318.09552669525146,92,1787749071.126822
892.1296691894531,367.1534729003906,869.68505859375,337.75285720825195,864.8348999023438,300.4423427581787,877.2257232666016,271.68992042541504,889.4950866699219,254.94858026504517,881.6341400146484,267.0436906814575,895.9835815429688,227.43259191513062,912.0838928222656,206.03560209274292,925.9959411621094,187.86539554595947,902.1609497070312,277.4951219558716,919.1378021240234,263.21265935897827,912.2986602783203,287.5740694999695,901.307373046875,304.1449499130249,920.7685852050781,288.5382270812988,934.4357299804688,277.4914526939392,922.9441833496094,299.3627643585205,910.8697509765625,313.60445737838745,937.3587799072266,301.8886971473694,949.5442962646484,292.6038122177124,937.9425811767578,308.3953285217285,926.6201782226562,318.97857427597046,93,1787749071.1844044
875.1166534423828,358.9740014076233,852.2780609130859,326.49457454681396,846.7306518554688,288.01236391067505,855.1932525634766,259.7417736053467,868.6869049072266,242.31127738952637,866.3106536865234,254.93647813796997,877.8143310546875,213.31451654434204,887.8349304199219,187.38824129104614,896.8927764892578,167.48425483703613,887.7455139160156,263.08090925216675,897.8211212158203,242.73521661758423,886.3397979736328,266.27838134765625,876.0140991210938,285.1636219024658,908.4197998046875,274.203622341156,916.5068817138672,255.99665880203247,902.7771759033203,278.165545463562,892.6212310791016,294.77479219436646,926.7897033691406,289.5009684562683,934.7547149658203,272.20293045043945,920.9739685058594,287.23074674606323,910.6593322753906,299.96729135513306,94,1787749071.248209
873.6595916748047,358.73000621795654,852.1347808837891,326.65070056915283,846.2555694580078,288.357789516449,855.0447082519531,260.22772550582886,867.3409271240234,242.300226688385,866.4653015136719,254.04353857040405,876.8734741210938,213.00089120864868,886.8364715576172,188.97724628448486,895.8695983886719,169.27104592323303,888.7045288085938,262.75134086608887,897.0375823974609,242.800555229187,884.8949432373047,267.0636463165283,875.1026153564453,284.0726923942566,909.8855590820312,274.25758838653564,916.4350128173828,256.9789481163025,901.4750671386719,278.98250341415405,891.7825317382812,293.3305835723877,929.2411804199219,289.5546340942383,934.5166015625,274.2822217941284,919.5613098144531,289.5530676841736,910.3274536132812,300.4170870780945,95,1787749071.2993858
845.7959747314453,355.4471969604492,822.6577758789062,320.89579582214355,814.9913024902344,283.0470585823059,823.7575531005859,255.37756204605103,839.5470428466797,240.24889469146729,834.8912811279297,249.61237907409668,832.745361328125,205.28151512145996,832.6759338378906,176.43489360809326,834.1842651367188,153.9601707458496,856.9405364990234,254.81672286987305,855.4375457763672,233.28326225280762,843.9188385009766,254.07171249389648,837.1455383300781,275.74838161468506,877.4319458007812,264.79938983917236,873.5333251953125,248.13589811325073,860.1396942138672,269.01073694229126,854.8213958740234,289.03128147125244,896.8618011474609,279.2298889160156,893.0452728271484,261.82421922683716,878.8225555419922,276.4366149902344,873.4707641601562,292.1558618545532,96,1787749071.339088
824.7842407226562,359.5571565628052,801.6770935058594,326.4997673034668,792.9945373535156,289.48631286621094,800.8563232421875,261.69899225234985,817.2817993164062,244.91602420806885,813.2293701171875,255.6391954421997,808.8204956054688,213.5135793685913,807.8956604003906,186.52343273162842,809.0777587890625,164.7107434272766,836.1357116699219,260.156786441803,840.2472686767578,242.12478876113892,829.6815490722656,261.6044497489929,820.6401062011719,281.4937162399292,857.4757385253906,270.7402038574219,861.5026092529297,257.59905338287354,847.8727722167969,277.32863187789917,838.9891052246094,296.2700057029724,876.058349609375,285.9523844718933,879.9017333984375,272.03892946243286,867.1024322509766,285.4254484176636,859.3689727783203,300.269672870636,97,1787749071.375284
829.073486328125,357.05403327941895,804.9188995361328,326.764554977417,793.5126495361328,290.54179430007935,800.2140808105469,261.89719676971436,817.7262878417969,245.9472155570984,811.8267059326172,256.05060338974,806.5638732910156,212.270085811615,806.5699768066406,185.78290700912476,809.1758728027344,164.0777850151062,835.5194854736328,260.4616355895996,840.0164794921875,243.14804077148438,831.0810852050781,264.579062461853,824.0097808837891,284.51319694519043,857.80517578125,270.4343247413635,860.8689880371094,258.7160110473633,849.6317291259766,279.9608016014099,843.6701202392578,297.97619104385376,877.9836273193359,285.2669835090637,880.1846313476562,271.85492992401123,867.9277038574219,287.08356857299805,861.7201995849609,301.4991545677185,98,1787749071.4130218
815.0878143310547,367.998046875,790.7449340820312,334.7879219055176,783.8094329833984,297.30332136154175,793.7687683105469,271.61569833755493,808.1282043457031,257.56096601486206,801.4820098876953,264.3159055709839,797.2759246826172,224.7954225540161,796.4284515380859,197.60262966156006,795.6101989746094,175.4538381099701,826.1380767822266,269.1882348060608,827.3175048828125,255.12571334838867,818.9442443847656,281.79916620254517,810.8473968505859,306.1245059967041,849.0357208251953,280.10993242263794,849.9517059326172,268.9798164367676,837.6817321777344,294.55528020858765,828.7802886962891,316.2597155570984,869.6909332275391,295.7641410827637,871.6403961181641,280.4522466659546,860.4550170898438,296.7929935455322,853.3279418945312,311.7471671104431,99,1787749071.4501884
816.3179016113281,367.5050354003906,790.7456207275391,335.2665138244629,782.7529907226562,296.12372875213623,793.2521057128906,269.35096979141235,807.7354431152344,255.31230926513672,801.3865661621094,264.00702238082886,797.0150756835938,224.33798789978027,796.2925720214844,197.2023367881775,795.9811401367188,174.97727394104004,826.1781311035156,268.3960175514221,825.5819702148438,254.44732904434204,818.0377197265625,281.8994379043579,810.8293914794922,306.96086168289185,849.0393829345703,278.4600520133972,847.9985809326172,269.7973966598511,836.2313842773438,296.14595890045166,827.4687194824219,317.9982805252075,869.2923736572266,293.2752227783203,869.4863891601562,280.6735610961914,857.6966857910156,298.27179193496704,850.3656005859375,314.19829845428467,100,1787749071.4896553
820.7630157470703,383.20475578308105,794.9394989013672,354.07191038131714,786.0065460205078,317.6065707206726,794.730224609375,290.04395484924316,804.7843933105469,273.6124849319458,804.3347930908203,281.58594131469727,800.6903839111328,243.0659008026123,798.9964294433594,217.96825647354126,797.71484375,196.68112993240356,828.7825775146484,283.7326741218567,827.4260711669922,272.21468925476074,819.4800567626953,297.06576347351074,813.3253479003906,316.98477029800415,850.7423400878906,292.17573165893555,849.7589111328125,282.2117757797241,838.1865692138672,305.50485134124756,830.9223937988281,324.4416117668152,870.2948760986328,305.06572008132935,871.8598175048828,291.65409564971924,860.7315826416016,306.61859035491943,854.0461730957031,321.0108947753906,101,1787749071.526828
822.8617858886719,383.53443145751953,795.672607421875,355.5599355697632,785.0191497802734,318.4360599517822,793.7123870849609,289.34261083602905,806.0799407958984,273.09561252593994,804.6894836425781,282.70251274108887,801.1054229736328,243.60195636749268,800.1547241210938,218.7865662574768,800.0566101074219,197.36492156982422,828.641357421875,284.8059868812561,827.8366851806641,271.6373920440674,821.0611724853516,299.4331669807434,816.7414093017578,320.54431915283203,850.1161956787109,292.04679250717163,850.2109527587891,282.57580518722534,839.9497985839844,307.8663110733032,833.9242553710938,326.8916916847229,869.6803283691406,304.1146516799927,871.7153930664062,291.9318652153015,861.3983154296875,308.56544494628906,855.5494689941406,322.4567127227783,102,1787749071.5601742
826.6143798828125,396.11437797546387,805.3812408447266,364.17308807373047,800.9748077392578,326.07932567596436,811.7535400390625,298.9568281173706,824.1949462890625,284.31177377700806,808.4637451171875,297.2895669937134,816.409912109375,261.6323232650757,820.8686828613281,238.16001176834106,823.8699340820312,217.76026725769043,831.5095520019531,300.7687568664551,844.2051696777344,284.5342469215393,839.5121002197266,310.2107334136963,830.6745910644531,329.65627670288086,854.1703796386719,308.80263805389404,866.1564636230469,296.5886950492859,855.8547210693359,322.04051971435547,844.6472930908203,339.54487323760986,873.5448455810547,320.7085347175598,885.0225067138672,308.8196325302124,873.99658203125,327.23791122436523,864.0236663818359,340.58539867401123,103,1787749071.6013892
827.68310546875,394.11954402923584,804.0962982177734,363.5515022277832,798.0377197265625,327.74117946624756,808.2611846923828,300.0580358505249,817.6985931396484,284.77354288101196,810.0565338134766,297.8411793708801,817.8997039794922,262.9114580154419,822.6364898681641,240.73956727981567,826.2627410888672,221.43566608428955,832.9108428955078,300.75405836105347,845.7118225097656,286.59637212753296,840.0844573974609,311.19473934173584,831.1009216308594,329.3472218513489,854.9131011962891,308.59861850738525,867.3805236816406,297.97159910202026,857.6477813720703,320.3486895561218,847.0469665527344,336.18537425994873,873.0922698974609,321.0858678817749,885.7205963134766,309.96206045150757,874.949951171875,326.17571353912354,864.8919677734375,339.2805790901184,104,1787749071.6420095
837.7396392822266,400.4024362564087,826.20849609375,375.4914951324463,834.9045562744141,344.1322875022888,865.4518890380859,327.6298785209656,891.6555786132812,316.78366899490356,826.8527984619141,306.56335830688477,842.0317077636719,265.91403007507324,856.8939971923828,240.7623553276062,867.6541137695312,221.389639377594,848.9384460449219,309.4003200531006,866.8243408203125,290.3928565979004,865.9137725830078,308.80961179733276,856.0183715820312,326.57514810562134,869.7445678710938,317.79810190200806,884.5395660400391,301.4338803291321,878.9122009277344,319.52274084091187,867.5263977050781,334.32061672210693,886.9880676269531,330.5632495880127,900.416259765625,316.08232498168945,893.187255859375,328.66154193878174,882.2694396972656,340.8478045463562,105,1787749071.6833258
839.5677947998047,402.4821996688843,826.8408966064453,371.2375545501709,834.7042846679688,335.73654413223267,859.4902038574219,317.49913215637207,881.5798950195312,307.9232382774353,824.8042297363281,305.2471876144409,839.9702453613281,264.89689350128174,855.9014129638672,239.84827995300293,867.4009704589844,220.13713359832764,845.8251953125,308.8545227050781,868.8137817382812,292.14519739151,870.3636932373047,313.10962200164795,859.1624450683594,329.9078679084778,866.9429016113281,318.4998321533203,885.0,302.2091031074524,881.3600158691406,322.153000831604,868.8002777099609,335.85205078125,883.9193725585938,332.00578451156616,901.3088989257812,315.75565338134766,896.6310882568359,330.32487630844116,884.9905395507812,342.43412733078003,106,1787749071.7203743
843.3700561523438,413.78674507141113,822.138671875,378.2622814178467,816.1923217773438,341.0922932624817,824.4868469238281,312.56839513778687,835.0254058837891,298.03863286972046,824.5021820068359,313.87654066085815,831.5312194824219,271.59342527389526,839.0702819824219,243.07686567306519,844.5542907714844,222.1702480316162,844.8445892333984,317.2067713737488,858.5948944091797,291.16848707199097,859.7376251220703,305.9883785247803,854.1923522949219,325.3161835670471,865.2096557617188,323.9289665222168,876.3793182373047,300.30964851379395,873.8922882080078,314.0319585800171,867.3157501220703,331.8696999549866,882.7403259277344,335.4980421066284,892.7791595458984,314.27260637283325,889.1495513916016,322.78430700302124,882.293701171875,337.55422353744507,107,1787749071.7577896
820.9640502929688,397.65907287597656,796.4795684814453,369.1263771057129,787.918701171875,333.4975862503052,797.4766540527344,304.81395721435547,816.1775207519531,291.3680648803711,809.5533752441406,300.6380367279053,815.5323791503906,261.0508632659912,821.3774871826172,237.70661115646362,826.6402435302734,217.5050926208496,831.8793487548828,307.48586654663086,840.5651092529297,292.27739810943604,829.0694427490234,320.7708692550659,817.8929901123047,343.23323249816895,852.7471160888672,318.0878448486328,859.9228668212891,304.8430323600769,845.4996490478516,331.508309841156,834.5510864257812,351.0124111175537,872.3910522460938,332.5821375846863,878.2495880126953,318.3804202079773,864.4178771972656,335.671591758728,853.8745880126953,349.8541045188904,108,1787749071.8407063
821.4354705810547,393.230037689209,797.3924255371094,367.2835922241211,787.5913238525391,332.30441093444824,797.1306610107422,303.695969581604,816.9473266601562,291.43943309783936,809.7209167480469,300.137836933136,815.4462432861328,260.71794748306274,821.0258483886719,237.4257731437683,826.1002349853516,217.7902865409851,831.8001556396484,306.75012588500977,837.1920776367188,289.61626052856445,826.0715484619141,316.1495518684387,816.4998626708984,338.41514825820923,852.2434997558594,316.569242477417,855.8334350585938,302.44582414627075,841.8361663818359,328.48610401153564,832.5254821777344,348.23975801467896,871.54541015625,330.2930974960327,873.5205078125,316.0694932937622,860.3007507324219,333.7246298789978,852.1926879882812,348.370156288147,109,1787749071.8877234
821.5761566162109,396.41602993011475,798.3809661865234,368.6565399169922,791.5944671630859,332.512571811676,801.5705108642578,303.8528895378113,821.1336517333984,292.91990518569946,814.2955780029297,305.2122759819031,821.5162658691406,266.3373899459839,828.5397338867188,241.92941665649414,834.6300506591797,222.75786638259888,834.715576171875,312.8620219230652,843.2898712158203,294.1533136367798,833.6072540283203,315.7444739341736,823.4584045410156,335.8634877204895,853.8376617431641,323.72541904449463,862.1188354492188,307.6458978652954,848.7486267089844,329.42464113235474,837.5101470947266,347.31778621673584,870.8187103271484,338.16417932510376,879.6139526367188,321.6737222671509,866.6959381103516,336.2429451942444,855.8944702148438,349.9368667602539,110,1787749071.9258265
821.3275146484375,396.7496967315674,798.607177734375,370.22294998168945,791.1418914794922,333.7839603424072,802.2415161132812,304.42660331726074,822.8704833984375,293.30461978912354,814.3685913085938,305.6241989135742,820.1845550537109,266.0373044013977,826.7325592041016,241.86802625656128,833.6719512939453,222.6407289505005,834.9826049804688,312.87418842315674,843.8385009765625,292.6430153846741,833.2966613769531,315.1167297363281,823.4326934814453,336.43883228302,853.9482879638672,323.6245036125183,862.2882843017578,306.21269702911377,848.1193542480469,328.30740451812744,837.4299621582031,347.1146893501282,870.9540557861328,338.28277587890625,879.3775939941406,320.0920557975769,866.3638305664062,334.7934579849243,856.0505676269531,349.54994201660156,111,1787749071.9732037
826.0618591308594,395.2173614501953,805.4458618164062,362.223744392395,803.5052490234375,324.56849098205566,818.8751220703125,298.100323677063,842.6374816894531,291.82785987854004,830.6776428222656,303.8655924797058,843.2860565185547,265.1032519340515,853.3456420898438,240.1016092300415,860.6028747558594,220.5378770828247,851.455078125,313.65638494491577,859.0847015380859,294.30137157440186,841.9922637939453,318.0231714248657,827.2025299072266,340.7895040512085,870.7347869873047,327.1181344985962,878.0173492431641,305.9354853630066,859.4192504882812,327.9755187034607,845.4177093505859,349.5458221435547,888.3230590820312,343.9554977416992,898.6727142333984,321.044282913208,886.009521484375,331.2576627731323,875.2740478515625,345.8384943008423,112,1787749072.0135937
825.7585144042969,396.5219020843506,804.9763488769531,363.9659357070923,802.8614044189453,325.547411441803,818.7667083740234,297.6946449279785,842.8392791748047,291.76039695739746,830.0788116455078,304.7662353515625,843.7761688232422,265.1365113258362,853.6834716796875,240.21409034729004,862.0859527587891,220.06604433059692,850.3398895263672,315.30800342559814,857.7104187011719,293.59376192092896,840.7990264892578,315.79768896102905,827.1568298339844,337.62372493743896,869.0155792236328,328.90382051467896,877.0819854736328,305.3737235069275,857.9515838623047,325.8747911453247,844.3865966796875,347.03360080718994,886.2580108642578,345.5723762512207,896.0868835449219,321.9472002983093,882.7008056640625,331.08999252319336,871.7926788330078,345.7857084274292,113,1787749072.0664043
773.0827331542969,424.5815849304199,738.9933776855469,395.523476600647,723.0728149414062,356.74012899398804,728.6138916015625,325.68293809890747,742.9402923583984,307.9787063598633,747.5732421875,320.9549117088318,747.7458190917969,289.9869203567505,743.0126190185547,302.99087047576904,743.5488891601562,314.9280524253845,771.7106628417969,322.9211640357971,768.5237121582031,300.5830192565918,757.5263977050781,325.97551345825195,752.5506591796875,348.03503036499023,794.9945068359375,330.56385040283203,786.3361358642578,309.80318784713745,775.6125640869141,335.6167244911194,771.6753387451172,356.39036893844604,817.3516845703125,343.51529359817505,807.8278350830078,323.52972507476807,797.0864105224609,341.44256830215454,794.0338897705078,357.1945595741272,114,1787749072.193325
766.6291809082031,417.7783441543579,732.5639343261719,391.6900634765625,714.1372680664062,355.8419966697693,716.4801025390625,323.68921995162964,729.7688293457031,305.6945586204529,740.699462890625,321.6073966026306,740.4794311523438,285.2465558052063,738.4696960449219,277.61740922927856,738.9577484130859,269.9773836135864,763.45703125,322.4161148071289,764.1838836669922,303.1353449821472,756.5081787109375,326.4327549934387,750.6165313720703,342.5826573371887,786.2332916259766,327.9176688194275,785.1059722900391,310.3779101371765,777.1681213378906,333.54316234588623,772.2573089599609,348.89344453811646,808.1060028076172,338.80213737487793,807.5674438476562,321.146035194397,798.2135009765625,339.1197967529297,793.8538360595703,353.0360198020935,115,1787749072.2410717
741.2362670898438,413.542685508728,716.6041564941406,388.61011505126953,706.8170166015625,346.33622646331787,717.7194213867188,315.5615258216858,738.0734252929688,305.2409863471985,734.7531890869141,315.81519842147827,734.6719360351562,272.7900552749634,734.959716796875,244.47386741638184,735.2653503417969,221.33833408355713,758.2419586181641,322.14227199554443,756.2657928466797,298.95204305648804,742.5469207763672,327.7145290374756,733.8188934326172,353.6098623275757,780.8014678955078,333.77140760421753,777.1605682373047,310.9931445121765,761.2300872802734,337.79736042022705,752.227783203125,361.40419006347656,803.8021850585938,349.3991804122925,804.0687561035156,322.1854877471924,789.6651458740234,335.45493364334106,780.4065704345703,352.9226803779602,116,1787749072.2895465
743.1575775146484,415.66484928131104,715.5461120605469,387.42766857147217,704.3731689453125,344.7804594039917,716.1272430419922,312.0436477661133,740.5864715576172,304.0938377380371,734.244384765625,314.6739935874939,735.0707244873047,271.24220609664917,735.8448028564453,244.1714859008789,737.2408294677734,221.4366102218628,758.37646484375,321.2246775627136,756.1752319335938,298.30477237701416,742.2367095947266,327.77536153793335,732.7996063232422,354.42246437072754,780.5599212646484,332.93301343917847,777.2901153564453,311.0522389411926,761.4118957519531,337.23042726516724,752.2773742675781,362.54741191864014,802.1626281738281,348.59054803848267,804.5059967041016,322.319598197937,791.4735412597656,331.43640518188477,781.6578674316406,347.17316150665283,117,1787749072.3349447
743.2404327392578,417.75002002716064,716.7207336425781,387.4266815185547,707.2286987304688,342.7960538864136,721.2029266357422,309.80151414871216,747.3753356933594,303.89074087142944,738.4900665283203,314.9129891395569,741.1996459960938,271.94058895111084,742.5248718261719,244.17564868927002,743.5482025146484,221.18950366973877,762.5148773193359,322.644681930542,761.2128448486328,299.4980978965759,745.6922149658203,327.1889662742615,734.8468017578125,353.8510036468506,784.0523529052734,335.04215240478516,781.7210388183594,312.4937438964844,764.7119903564453,337.97155380249023,754.2115020751953,362.59788036346436,804.4835662841797,351.4473366737366,806.1051940917969,324.59123611450195,792.4752807617188,336.3712191581726,783.0636596679688,353.92529010772705,118,1787749072.357454
743.1353759765625,422.62301445007324,716.2679290771484,389.37053203582764,707.6242065429688,345.66908597946167,721.23046875,312.5212097167969,745.4810333251953,308.3662748336792,737.2727203369141,319.38157081604004,740.1735687255859,277.14531898498535,740.9562683105469,249.80524063110352,742.7517700195312,226.84789180755615,761.2858581542969,326.89566135406494,760.9291076660156,303.5852909088135,745.0105285644531,331.3464331626892,734.4677734375,358.1006956100464,783.0579376220703,339.0214991569519,781.2440490722656,316.85160398483276,764.3409729003906,342.66082763671875,754.7166442871094,368.1100559234619,804.0095520019531,354.81606245040894,807.3551177978516,328.02995681762695,795.4195404052734,338.37403535842896,787.5240325927734,354.9839472770691,119,1787749072.4317079
743.7915802001953,423.24554443359375,716.7529296875,389.7948360443115,707.2499847412109,345.86726903915405,721.3374328613281,313.1536102294922,745.8900451660156,309.10107135772705,736.9811248779297,319.34852600097656,739.9550628662109,276.3534665107727,741.4299774169922,248.5174798965454,742.4840545654297,225.40080785751343,761.3779449462891,326.7008900642395,760.9241485595703,303.83694648742676,746.1881256103516,331.3754868507385,735.4075622558594,357.94883966445923,783.4554290771484,338.8371992111206,782.2437286376953,316.5541362762451,766.3529205322266,342.6345205307007,756.5009307861328,368.3500385284424,804.4467163085938,354.81732845306396,807.3839569091797,328.78915071487427,795.7544708251953,339.7548580169678,787.7964019775391,356.6032290458679,120,1787749072.4736645
743.8433074951172,424.9167537689209,717.3947143554688,390.5098485946655,706.7268371582031,347.32585430145264,720.5246734619141,314.0545105934143,749.3775177001953,309.5733976364136,736.8293762207031,320.90253353118896,739.4775390625,278.5445523262024,739.9933624267578,251.31298542022705,740.9381103515625,228.5478115081787,761.5054321289062,327.9806685447693,760.6142425537109,306.04644298553467,745.9739685058594,333.81436586380005,735.6237030029297,361.09867572784424,783.6482238769531,339.35271978378296,781.9175720214844,318.7974715232849,765.9820556640625,344.9655747413635,756.270751953125,370.924916267395,804.5623779296875,354.59547758102417,807.0073699951172,329.19306993484497,794.8438262939453,341.5488910675049,786.4604187011719,359.61225986480713,121,1787749072.5432491
743.7992858886719,424.2227268218994,717.7090454101562,390.31269550323486,707.1515655517578,347.2361397743225,720.8390045166016,314.08573150634766,749.11376953125,309.85161781311035,736.6542053222656,320.92057943344116,739.2160797119141,278.2501745223999,740.0405120849609,250.86355447769165,740.6470489501953,228.06278228759766,761.0706329345703,328.16636323928833,760.3835296630859,306.326208114624,746.2276458740234,334.37514066696167,735.579833984375,361.42414569854736,783.2463836669922,339.5258617401123,781.9496917724609,318.4938883781433,766.2974548339844,345.00001430511475,756.2966918945312,370.7890462875366,804.3397521972656,354.6782612800598,806.7002868652344,329.2233896255493,794.5443725585938,341.99201345443726,786.1368560791016,359.9821901321411,122,1787749072.5956278
731.4494323730469,424.32555198669434,699.7038269042969,393.7672519683838,685.0150299072266,357.4462580680847,686.37939453125,329.0084481239319,691.6622924804688,308.31969022750854,708.7783813476562,322.5574994087219,702.1856689453125,279.37429904937744,694.146728515625,249.91686344146729,688.0781555175781,226.25853538513184,730.2407073974609,326.5126633644104,722.3262786865234,297.0855903625488,714.2440795898438,317.2496008872986,713.3017730712891,337.7968668937683,752.564697265625,333.2331418991089,744.0464782714844,306.5285325050354,733.3610534667969,326.3955044746399,732.3570251464844,345.99843978881836,775.5320739746094,343.801474571228,769.4773101806641,315.6219720840454,757.0114135742188,328.76908779144287,753.9931488037109,345.803325176239,123,1787749072.656581
719.3718719482422,403.1851100921631,689.7257995605469,377.17763900756836,672.9667663574219,343.16057682037354,674.1381072998047,315.29454946517944,679.7647094726562,296.1084294319153,695.4956817626953,298.58153343200684,690.9148406982422,257.9377841949463,685.8575439453125,231.81482791900635,682.4740600585938,209.66988801956177,718.1364440917969,302.4708652496338,711.2992858886719,280.27206659317017,702.7639770507812,305.1777505874634,700.7585144042969,327.16943979263306,739.5321655273438,310.76584339141846,730.9813690185547,292.7883267402649,721.7616271972656,319.0547275543213,720.426025390625,340.241174697876,760.5535125732422,323.93810749053955,752.2716522216797,302.92128324508667,741.8942260742188,320.63435554504395,740.1619720458984,337.3585510253906,124,1787749072.705369
719.5887756347656,402.28049755096436,689.0229034423828,378.5894250869751,672.4725341796875,342.22240447998047,674.5855712890625,313.5074472427368,680.7976531982422,294.14700508117676,696.566162109375,299.57470178604126,691.2580108642578,258.4073853492737,685.6882476806641,232.0304775238037,682.0439910888672,210.069580078125,718.8727569580078,303.69903802871704,710.015869140625,279.6030378341675,701.4588928222656,306.688756942749,700.9449768066406,330.82799434661865,740.1174163818359,312.14102268218994,728.9054107666016,291.27541065216064,719.896240234375,319.1751480102539,719.9774169921875,340.96734523773193,761.3157653808594,325.5132722854614,751.7164611816406,302.04379320144653,740.8469390869141,320.9160089492798,739.8644256591797,338.60125064849854,125,1787749072.7664564
710.6575775146484,387.13292598724365,681.507568359375,360.92199325561523,666.4691925048828,324.6228003501892,669.6530914306641,295.24261236190796,677.87109375,276.84634923934937,689.1290283203125,288.3844184875488,684.2389678955078,247.23939657211304,679.3646240234375,220.49047708511353,675.2082824707031,198.07750940322876,710.8432006835938,293.02582025527954,703.3242797851562,268.3213233947754,694.5170593261719,295.71266412734985,692.1253967285156,319.3432688713074,731.8841552734375,301.0678553581238,723.6607360839844,278.91308784484863,714.0211486816406,305.1628804206848,712.4555206298828,326.1304807662964,753.1940460205078,313.0468153953552,745.9109497070312,285.55694103240967,735.8059692382812,301.09347581863403,734.5005035400391,317.7277207374573,126,1787749072.8295965
710.9389495849609,387.333083152771,681.9992828369141,361.0821533203125,667.6834106445312,323.30439805984497,671.5294647216797,293.33927392959595,679.9406433105469,276.3683581352234,690.2667236328125,289.8996949195862,684.4979858398438,248.63073348999023,678.861083984375,221.6204595565796,674.3129730224609,199.04720306396484,711.8229675292969,294.0433645248413,703.6986541748047,269.185209274292,695.2102661132812,297.7700901031494,693.1838989257812,322.50381231307983,732.7400970458984,301.8691921234131,725.5358123779297,278.43968868255615,716.3365936279297,305.54465532302856,714.7410583496094,327.6314878463745,754.0985107421875,313.7988209724426,749.6468353271484,288.2301592826843,740.142822265625,300.6122660636902,737.9642486572266,314.7743082046509,127,1787749072.8789206
702.1709442138672,377.399640083313,673.2579803466797,348.04470777511597,658.9503479003906,312.10033893585205,662.2576141357422,283.1226110458374,674.3267059326172,265.8949112892151,682.6687622070312,280.97270250320435,675.7212829589844,240.1083469390869,668.7729644775391,212.7653932571411,663.0865478515625,190.26932001113892,703.5787200927734,285.33843755722046,698.3174133300781,259.99497413635254,687.0987701416016,285.2496886253357,681.8358612060547,310.2840542793274,723.8520050048828,293.9748287200928,717.7734375,271.17523670196533,704.6495819091797,295.2759575843811,699.6876525878906,318.71185541152954,744.2731475830078,306.37118339538574,740.3148651123047,278.9020371437073,727.8749847412109,290.8078694343567,721.7536163330078,309.15387868881226,128,1787749072.9383743
704.5523071289062,385.0049686431885,674.1835784912109,360.3124237060547,659.8812866210938,318.44743251800537,664.1070556640625,286.22586250305176,675.9442138671875,268.70670318603516,682.5014495849609,284.4930911064148,674.3030548095703,244.70449447631836,665.3594970703125,216.40435695648193,656.8421936035156,194.86291408538818,705.3913116455078,289.3248653411865,698.2941436767578,268.0915117263794,690.9807586669922,296.0214400291443,687.7802276611328,321.78242683410645,727.108154296875,298.0530095100403,718.6182403564453,277.7449321746826,710.4057312011719,305.6134057044983,708.0202484130859,328.3803606033325,748.4220886230469,311.098952293396,741.8815612792969,286.95340633392334,731.9783020019531,305.5599546432495,729.1505432128906,323.3106851577759,129,1787749073.0097036
704.9984741210938,387.5928497314453,674.1166687011719,359.41060066223145,660.4386901855469,317.3900628089905,665.1143646240234,285.96420764923096,674.6598052978516,266.4310956001282,682.83935546875,285.04850149154663,674.9641418457031,245.39259910583496,665.9671783447266,217.26508855819702,656.8537902832031,195.89627265930176,705.2675628662109,289.9495196342468,697.3444366455078,268.0248427391052,688.8292694091797,294.69248056411743,684.8400115966797,320.03821849823,726.8216705322266,298.3091711997986,717.1243286132812,277.6845717430115,709.2991638183594,305.4267883300781,707.4990844726562,328.1110453605652,748.7156677246094,311.0973000526428,740.1627349853516,286.56476497650146,730.8185577392578,304.6809411048889,729.1597747802734,321.84195041656494,130,1787749073.0748115
720.4060363769531,413.3425712585449,688.6958312988281,385.8349084854126,672.5450134277344,348.2155108451843,671.0481262207031,319.7996520996094,678.8600158691406,300.41693687438965,695.0691223144531,313.0580163002014,687.0562744140625,276.76249265670776,674.0799713134766,258.93166065216064,660.4656219482422,248.9006495475769,716.5431976318359,316.7185664176941,705.2848052978516,291.4233613014221,698.2733154296875,319.0225410461426,696.846923828125,345.81459045410156,738.7501525878906,324.841046333313,726.2738800048828,303.2164764404297,717.4748229980469,330.63324451446533,716.2435913085938,354.9729824066162,761.219482421875,336.88470125198364,753.1089019775391,310.69011926651,741.2461090087891,324.52630519866943,736.6563415527344,342.2852325439453,131,1787749073.1369042
722.8892517089844,401.4335632324219,695.5436706542969,376.6948413848877,679.8702239990234,342.79759883880615,679.4214630126953,315.2127528190613,689.1970825195312,296.53706789016724,700.4942321777344,306.381311416626,687.6884460449219,264.76741790771484,677.9420471191406,236.96393966674805,671.2298583984375,214.73941326141357,723.3446502685547,310.12470960617065,715.0461578369141,283.926522731781,704.7202301025391,311.11247062683105,702.2563171386719,338.04041147232056,745.6991577148438,320.2821922302246,737.2743988037109,300.2851867675781,725.1998901367188,325.3011631965637,722.6413726806641,348.4472966194153,768.1427001953125,334.91681814193726,762.2853851318359,310.60643434524536,748.1732177734375,324.89012002944946,742.3110961914062,342.78313636779785,132,1787749073.1988027
721.3679504394531,402.78162002563477,695.2353668212891,379.6659994125366,679.3683624267578,344.52157258987427,680.4180908203125,317.5025010108948,689.3038177490234,299.15775775909424,699.7206115722656,307.0005798339844,688.4506225585938,265.89622020721436,678.5292816162109,238.92362594604492,671.7033386230469,217.12366104125977,722.9904174804688,310.51483154296875,713.427734375,282.8227186203003,702.1303558349609,310.1720881462097,699.7992706298828,335.96938133239746,745.5987548828125,320.6734085083008,735.4441833496094,298.3262085914612,722.8435516357422,324.31174993515015,720.5324554443359,346.45368576049805,767.9119110107422,336.35207891464233,762.7680206298828,309.89232301712036,747.6309967041016,325.31601190567017,741.4128112792969,343.54501247406006,133,1787749073.2346597
730.3868103027344,395.82972049713135,704.3630981445312,373.116774559021,688.3358001708984,336.4512777328491,689.9974060058594,307.2639513015747,697.9199981689453,290.51568031311035,707.4468231201172,297.0925211906433,696.5412139892578,256.53215646743774,688.0546569824219,229.65768814086914,681.6808319091797,207.84375429153442,730.7586669921875,301.62699937820435,723.8798522949219,277.34654903411865,714.2545318603516,306.46334409713745,711.4016723632812,332.5932312011719,752.9225158691406,311.7881727218628,745.2523803710938,293.081738948822,733.3204650878906,320.2644681930542,730.48583984375,342.9745388031006,774.8310852050781,326.6765356063843,769.4276428222656,303.8279342651367,756.2591552734375,320.57461738586426,751.7533111572266,338.44703435897827,134,1787749073.2752366
729.5051574707031,398.9449882507324,702.1607208251953,372.27147102355957,688.3786010742188,335.3929853439331,691.1018371582031,306.7898225784302,697.3435974121094,288.30978870391846,706.5205383300781,298.56887340545654,696.2263488769531,257.37866163253784,688.131103515625,230.2143430709839,681.9815063476562,207.88018941879272,729.7235870361328,302.44603872299194,721.0127258300781,277.781925201416,711.7997741699219,303.8828444480896,708.7675476074219,328.58319997787476,752.4951934814453,311.9000315666199,742.0063781738281,293.0825114250183,731.3709259033203,319.44326162338257,728.7629699707031,341.1586618423462,775.3973388671875,326.74846172332764,767.1782684326172,302.88729429244995,753.6727905273438,320.27798652648926,748.5240173339844,338.61157178878784,135,1787749073.306739
738.7388610839844,401.4897394180298,709.1976928710938,367.60889053344727,695.9526062011719,329.3333387374878,700.5164337158203,297.59441614151,720.1064300537109,283.3095717430115,717.6222991943359,301.85839891433716,706.8944549560547,267.8345561027527,694.0608215332031,246.64534091949463,682.8593444824219,230.838782787323,739.8076629638672,305.01997232437134,733.8771057128906,278.3063292503357,723.7013244628906,301.1445665359497,719.9884033203125,324.9018359184265,761.66015625,312.4384903907776,754.0363311767578,292.6282525062561,742.2032928466797,317.73598194122314,739.4671630859375,340.6439137458801,783.4619903564453,324.1228151321411,776.5334320068359,299.98510122299194,764.6068572998047,315.16520261764526,761.0489654541016,333.64654541015625,136,1787749073.3509276
737.0748901367188,399.110426902771,708.9291381835938,365.8873414993286,696.6763305664062,327.22862005233765,702.2307586669922,295.77620029449463,719.3389892578125,280.9089946746826,717.2158813476562,300.732901096344,706.3805389404297,269.02262449264526,693.8392639160156,247.24948167800903,682.3773193359375,230.3904891014099,739.7489166259766,303.6236786842346,734.7862243652344,279.7922086715698,724.5392608642578,303.3042597770691,719.0507507324219,326.9866418838501,761.8993377685547,311.85887575149536,753.9060211181641,294.2594861984253,742.6908111572266,318.5517382621765,739.1839599609375,340.65088748931885,783.9018249511719,324.739830493927,776.6028594970703,302.02518939971924,765.7992553710938,317.14821338653564,762.4092864990234,335.3440189361572,137,1787749073.3878672
743.7297821044922,391.3914155960083,717.3531341552734,361.3099479675293,705.9026336669922,324.0417695045471,711.6390991210938,292.7951502799988,731.1506652832031,279.3509316444397,726.8159484863281,295.87589263916016,717.0868682861328,260.29173374176025,709.1461181640625,234.38876152038574,702.2286987304688,214.3208384513855,749.5494842529297,300.34775733947754,746.8376922607422,276.59308433532715,735.8733367919922,301.34963750839233,728.8784790039062,326.0969853401184,771.3513946533203,310.75509309768677,766.6758728027344,291.6997790336609,753.1134033203125,315.344717502594,746.9896697998047,337.4579429626465,792.7601623535156,325.8404588699341,788.9659881591797,303.0785036087036,775.9544372558594,317.15518712997437,769.7895812988281,334.3415379524231,138,1787749073.4290934
744.107666015625,394.70945835113525,717.7099609375,365.52844047546387,705.4368591308594,327.71234035491943,710.4612731933594,296.591591835022,727.1399688720703,281.070077419281,726.7669677734375,297.62123823165894,716.6682434082031,261.5493893623352,708.4132385253906,235.6588840484619,701.5505981445312,215.56604862213135,749.6842193603516,301.6643786430359,747.8706359863281,276.6315793991089,736.578369140625,300.17107486724854,729.2373657226562,324.13114070892334,771.6451263427734,312.0911121368408,766.9964599609375,292.5444173812866,752.7191925048828,315.4393458366394,746.0733795166016,336.8020248413086,792.4706268310547,327.6149010658264,789.1287994384766,304.6790099143982,774.8416900634766,318.4211254119873,767.0040893554688,335.77083349227905,139,1787749073.4605422
763.4515380859375,382.1485233306885,736.1093902587891,354.83168363571167,722.5217437744141,317.93609619140625,727.2148895263672,286.7112135887146,744.344482421875,271.6605877876282,739.8143768310547,287.28434801101685,732.969970703125,245.3912901878357,729.2442321777344,217.61341094970703,727.1399688720703,195.1028537750244,761.9397735595703,291.55547618865967,761.3008880615234,265.87669372558594,752.3775482177734,291.99055194854736,747.9690551757812,316.62413120269775,783.5552215576172,300.74865102767944,780.8421325683594,282.87033319473267,768.7720489501953,307.72363901138306,764.6046447753906,328.7172245979309,804.8644256591797,314.10950660705566,803.4831237792969,291.5481162071228,791.6185760498047,306.69000148773193,786.8112945556641,323.06121826171875,140,1787749073.487573
774.4373321533203,394.7970485687256,747.4669647216797,366.0646677017212,735.1565551757812,327.3026919364929,737.6506042480469,297.4266815185547,743.4189605712891,279.8608732223511,753.3217620849609,294.21539068222046,748.9048004150391,263.41597080230713,740.1541900634766,242.04975128173828,730.3407287597656,225.5348539352417,774.4239807128906,298.9169383049011,774.0196990966797,271.95460081100464,766.9517517089844,291.0848021507263,761.1347198486328,311.5276765823364,794.6391296386719,307.836012840271,794.7458648681641,287.78042793273926,784.9333190917969,311.30945205688477,778.9958190917969,330.7699728012085,814.2089080810547,321.31595849990845,815.4899597167969,299.76279973983765,805.5125427246094,315.4430150985718,800.2197265625,330.3628993034363,141,1787749073.5652647
773.2792663574219,393.4560298919678,746.8670654296875,364.84522819519043,734.9611663818359,326.31787061691284,739.6077728271484,294.9554228782654,748.3523559570312,277.61876106262207,753.2467651367188,295.82834243774414,748.3033752441406,264.979612827301,739.9388122558594,243.69220733642578,732.1341705322266,226.52594089508057,774.8100280761719,299.31124448776245,774.0692901611328,272.46748208999634,767.6504516601562,292.01634407043457,763.7823486328125,312.6689887046814,795.6356811523438,307.82137870788574,795.3922271728516,287.0692777633667,786.539306640625,309.67918395996094,782.242431640625,329.67185497283936,815.3525543212891,321.43770933151245,816.265869140625,297.8663921356201,807.0123291015625,312.8477740287781,802.3231506347656,329.8576784133911,142,1787749073.635458
781.0287475585938,392.7245807647705,755.4704284667969,362.51153469085693,745.870361328125,324.6235942840576,752.5083160400391,294.5946764945984,767.9967498779297,281.10445261001587,759.6375274658203,300.19811153411865,756.0395050048828,269.14222955703735,755.9281158447266,249.29956912994385,757.0084381103516,234.67880487442017,781.6132354736328,304.4868564605713,788.1393432617188,279.1041040420532,782.1681976318359,302.7297520637512,775.4416656494141,327.6577949523926,803.0681610107422,312.61489391326904,808.0142211914062,296.4607858657837,798.9656066894531,322.6470422744751,792.6533508300781,344.5978546142578,823.9173889160156,324.8995614051819,828.3010101318359,305.8284115791321,819.4379425048828,322.6030969619751,813.4835052490234,338.7271213531494,143,1787749073.6809487
780.3680419921875,392.6024866104126,754.9153900146484,363.0676746368408,745.5906677246094,324.19626474380493,752.3401641845703,293.3006286621094,768.8542938232422,281.17361068725586,761.5503692626953,300.9173083305359,757.7329254150391,271.42805099487305,756.3087463378906,251.5583324432373,756.7067718505859,236.36162281036377,783.4578704833984,305.34630060195923,788.5729217529297,279.95322704315186,781.6342163085938,303.6723017692566,775.6290435791016,328.03220987319946,804.6109771728516,314.09377813339233,808.7544250488281,296.86599254608154,798.2762908935547,322.4462842941284,791.5109252929688,345.00855445861816,824.4108581542969,327.28636264801025,828.7648010253906,307.60122299194336,817.9940032958984,324.4859218597412,810.4967498779297,342.3758053779602,144,1787749073.72113
788.1749725341797,382.4867820739746,765.0446319580078,355.67638635635376,757.8009796142578,319.2158532142639,766.6075134277344,290.0750470161438,785.4312896728516,277.2311496734619,772.7825927734375,294.4930958747864,771.175537109375,257.4585485458374,772.9239654541016,232.68244743347168,774.8446655273438,211.8647289276123,794.344482421875,299.9689221382141,801.0092926025391,276.9770908355713,791.4324188232422,301.77565813064575,782.4235534667969,324.3982458114624,814.7985076904297,310.1756286621094,817.6004791259766,293.8260841369629,805.1717376708984,318.11275720596313,797.1806335449219,337.2581076622009,834.2679595947266,324.2465400695801,837.3957824707031,305.02851247787476,827.1468353271484,319.54606533050537,820.9259033203125,333.7017560005188,145,1787749073.7633183
787.5926208496094,384.6508312225342,765.5958557128906,356.8125915527344,756.9981384277344,320.45565605163574,764.3862915039062,289.26053524017334,784.5284271240234,276.64934635162354,772.7559661865234,295.4684114456177,770.3040313720703,256.0565257072449,771.4020538330078,230.56856632232666,773.7843322753906,209.09589529037476,794.3750762939453,300.71940422058105,799.8968505859375,276.3244557380676,790.8198547363281,301.07869148254395,783.0243682861328,323.8060784339905,815.0121307373047,310.97265243530273,818.1324768066406,294.3050193786621,805.3021240234375,318.8084149360657,796.9020843505859,338.4432792663574,834.2815399169922,325.55412769317627,837.4840545654297,306.65165662765503,825.9852600097656,322.174072265625,818.3351135253906,337.20869064331055,146,1787749073.8053203
798.5311126708984,382.77002334594727,775.5287170410156,355.47996282577515,768.6898803710938,318.4644055366516,778.4981536865234,288.71267795562744,795.7524108886719,273.36580753326416,783.1832885742188,289.576199054718,782.3138427734375,248.22775840759277,784.4420623779297,221.65693759918213,787.7207183837891,199.4392991065979,804.7621154785156,296.3024067878723,814.9495697021484,271.9675397872925,805.9572601318359,297.56147861480713,797.0187377929688,321.8499970436096,824.8921966552734,306.9880700111389,831.8486022949219,290.37127017974854,819.2707061767578,316.4455819129944,810.5282592773438,338.49085092544556,843.5635375976562,321.1171531677246,852.4183654785156,300.44684886932373,842.1810913085938,315.6422710418701,833.4797668457031,332.31788635253906,147,1787749073.839604
809.9105834960938,394.1040086746216,786.5275573730469,366.76551818847656,778.0490112304688,333.38868856430054,783.8893890380859,308.85486602783203,790.03173828125,295.06065130233765,791.22314453125,296.59300804138184,793.1810760498047,264.4719886779785,795.850830078125,242.79197216033936,796.4199066162109,225.76144695281982,813.1393432617188,302.3936176300049,822.5253295898438,283.09531688690186,817.7829742431641,305.38621187210083,808.2876586914062,325.0744414329529,833.6180114746094,311.62155389785767,841.9735717773438,300.1356911659241,831.7654418945312,322.5969171524048,820.5428314208984,339.89742279052734,852.1867370605469,324.679491519928,861.043701171875,313.2513928413391,850.7732391357422,328.9109230041504,840.4830932617188,341.8854331970215,148,1787749073.9025688
809.5426940917969,394.32618141174316,785.7746887207031,368.29291820526123,776.8163299560547,332.3045825958252,782.9859924316406,303.5226559638977,788.7134552001953,284.8201274871826,789.7585296630859,299.3987488746643,791.2387084960938,266.32108211517334,795.0562286376953,245.03369808197021,797.6751708984375,227.63096809387207,811.2998199462891,303.55340480804443,821.5597534179688,285.4467988014221,817.3033142089844,308.6354398727417,808.4369659423828,327.80898571014404,831.8367767333984,312.0757484436035,840.4098510742188,301.18746042251587,832.6885223388672,323.5410976409912,822.8139495849609,339.88250970840454,850.2351379394531,325.1409387588501,858.2201385498047,313.5701036453247,849.6061706542969,329.5416498184204,840.2972412109375,342.8271675109863,149,1787749073.9262671
813.8970947265625,398.87181758880615,794.7174835205078,369.7828960418701,792.8061676025391,334.2599129676819,805.9822845458984,310.90014696121216,820.1511383056641,299.92690801620483,804.5610809326172,306.1809825897217,813.4947204589844,271.53375148773193,825.6534576416016,253.1820774078369,837.352294921875,239.48500156402588,825.0490570068359,313.5283899307251,839.3822479248047,296.16904735565186,832.5189208984375,313.67855072021484,822.2171783447266,329.74573373794556,844.052734375,323.54180574417114,856.5379333496094,311.42199754714966,846.6461181640625,329.30943489074707,835.7422637939453,343.2566428184509,860.8644866943359,336.9679355621338,872.5603485107422,325.02272844314575,861.9990539550781,337.581582069397,851.2586975097656,348.27518463134766,150,1787749073.9780848
814.6475219726562,399.86238956451416,796.3859558105469,370.8045816421509,794.7026824951172,337.03524827957153,807.8949737548828,314.33101415634155,820.5352020263672,303.9805197715759,804.0967559814453,307.4465560913086,812.3385620117188,273.8700199127197,824.1002655029297,255.76315641403198,835.3359222412109,241.63216352462769,824.6475219726562,314.5037055015564,840.5679321289062,296.55142307281494,836.0729217529297,316.7407751083374,826.6648101806641,333.498637676239,844.3189239501953,324.2248249053955,857.3667144775391,312.6982355117798,848.9823913574219,332.7517604827881,839.1568756103516,347.1250534057617,861.5913391113281,337.6302480697632,873.2097625732422,326.12930059432983,863.3135223388672,340.7118272781372,853.2872009277344,352.07945823669434,151,1787749074.0224133
816.0300445556641,390.97161769866943,799.3914794921875,361.46693229675293,800.7613372802734,323.91353845596313,816.3890838623047,297.6596689224243,839.3645477294922,287.86361932754517,819.6746826171875,301.6167426109314,832.4249267578125,263.0343246459961,844.5801544189453,240.93639850616455,855.1650238037109,222.33673810958862,840.1248931884766,311.7061185836792,850.4804992675781,292.6026964187622,837.3871612548828,319.79705572128296,826.6062164306641,341.35377645492554,857.5099945068359,324.6926021575928,864.4478607177734,309.8571968078613,849.7180938720703,334.28791522979736,840.2078247070312,353.4597873687744,873.3088684082031,340.4285001754761,882.6493072509766,321.7431163787842,870.9107971191406,334.94829654693604,861.9344329833984,348.49828004837036,152,1787749074.0639873
814.3358612060547,388.8417720794678,800.5967712402344,359.68920707702637,800.9401702880859,324.09268856048584,816.4527130126953,297.0413017272949,840.7849884033203,288.435959815979,819.3632507324219,300.94260692596436,832.6708221435547,262.03843116760254,844.9039459228516,239.78661060333252,856.2206268310547,220.5661153793335,839.73876953125,310.95889806747437,851.0253143310547,292.37194061279297,836.9626617431641,318.63123893737793,824.3864440917969,339.0835118293762,857.5590515136719,324.006986618042,865.5314636230469,309.6988821029663,849.4307708740234,333.75516414642334,837.8176879882812,351.7060089111328,873.1840515136719,339.9853777885437,882.9671478271484,321.5184760093689,871.1454772949219,335.0438690185547,861.6722106933594,348.37796688079834,153,1787749074.1055434
818.9239501953125,394.39600467681885,803.0870819091797,365.4442834854126,801.8018341064453,327.8291344642639,815.0607299804688,297.1103310585022,835.1130676269531,286.3897132873535,814.5457458496094,302.3349094390869,822.6490783691406,261.029212474823,831.5164947509766,236.7053747177124,840.8358001708984,216.2940216064453,834.7960662841797,309.94165420532227,850.5094146728516,291.1302924156189,839.2024230957031,317.68587827682495,827.7887725830078,338.46462965011597,853.4952545166016,321.33458375930786,866.5450286865234,308.511221408844,851.3350677490234,331.9373345375061,839.6289825439453,349.60686922073364,869.5607757568359,336.1214089393616,884.1778564453125,320.5146861076355,872.0261383056641,334.670033454895,861.1007690429688,348.06451320648193,154,1787749074.144949
818.7956237792969,397.18215465545654,802.5452423095703,368.5087823867798,801.6791534423828,330.1070165634155,815.0653839111328,299.1466426849365,834.1300964355469,286.7144536972046,810.5313110351562,303.2095670700073,818.72802734375,260.8005380630493,828.6576843261719,236.41419410705566,838.5643768310547,215.14798879623413,832.4280548095703,310.38095712661743,849.8772430419922,292.0613622665405,839.2017364501953,320.2967834472656,826.9905090332031,340.7418894767761,852.08740234375,321.35305881500244,865.8673858642578,308.4569549560547,851.7142486572266,333.5990381240845,840.032958984375,350.94237327575684,868.6521148681641,336.0479807853699,883.9984893798828,320.42887687683105,873.0126190185547,335.965518951416,862.5975799560547,349.22324895858765,155,1787749074.1809094
818.3596801757812,404.2998790740967,800.6480407714844,373.4022045135498,797.9784393310547,333.5680317878723,811.4681243896484,300.7942271232605,834.0589141845703,287.3445796966553,809.2958068847656,307.9762601852417,817.7992248535156,270.9101915359497,827.479248046875,250.13197660446167,837.1266174316406,231.75802946090698,830.8010864257812,313.6644744873047,846.8889617919922,293.4408760070801,837.2974395751953,322.7497172355652,826.8590545654297,344.8205637931824,850.2527618408203,322.6169800758362,864.1466522216797,308.7957501411438,850.2949523925781,335.69596767425537,838.8531494140625,354.74162578582764,866.7816925048828,335.33427715301514,880.9407806396484,319.55578565597534,870.3433990478516,336.1334252357483,860.164794921875,350.09586811065674,156,1787749074.2188866
819.8516845703125,407.1864080429077,801.2152099609375,376.62720680236816,798.9897918701172,334.1953468322754,812.9888153076172,300.28881311416626,834.8518371582031,287.1453022956848,808.5540771484375,309.1669464111328,816.6188812255859,273.44438552856445,826.4364624023438,252.54289627075195,836.8194580078125,234.3462324142456,830.6388092041016,314.70858335494995,847.1937561035156,292.67584562301636,837.9692840576172,321.26304388046265,828.3206939697266,343.6435031890869,850.7170104980469,323.80234479904175,864.5410919189453,307.6447820663452,851.2830352783203,334.3947100639343,841.1724090576172,354.2380356788635,867.7587127685547,336.81013584136963,881.2644195556641,319.4554281234741,870.5066680908203,336.3464570045471,860.9181976318359,351.45662784576416,157,1787749074.2549176
819.8043060302734,397.1401834487915,804.8026275634766,363.6603784561157,806.439208984375,325.2606511116028,821.6702270507812,297.4801754951477,842.5359344482422,295.3542137145996,824.0514373779297,303.16888332366943,834.7043609619141,265.9267544746399,845.8973693847656,245.76019048690796,857.8573608398438,229.82694625854492,841.9364929199219,312.27871656417847,856.4019775390625,298.0372381210327,845.1478576660156,320.65780878067017,834.5642852783203,338.3365058898926,858.4526824951172,323.40033531188965,871.1295318603516,313.6011743545532,856.6447448730469,334.16311740875244,846.4942169189453,349.6230697631836,872.7336120605469,337.5260066986084,884.8928833007812,326.4495778083801,871.4195251464844,339.45687532424927,861.4430236816406,350.8535385131836,158,1787749074.2928536
817.7198028564453,395.88980197906494,804.5978546142578,364.29659843444824,806.7456817626953,327.8641104698181,820.8834838867188,300.0185751914978,841.5989685058594,292.99241065979004,822.6625823974609,303.9962911605835,834.3119812011719,265.314416885376,846.7943572998047,244.38361644744873,859.4795989990234,227.97883987426758,840.4055023193359,312.7902674674988,855.9031677246094,298.7291622161865,844.48486328125,322.35395193099976,833.2427215576172,339.8774242401123,857.4569702148438,324.2145895957947,870.6430816650391,314.6315288543701,855.1180267333984,336.6848659515381,843.6026763916016,351.7136263847351,871.6223907470703,338.8764452934265,884.4989013671875,327.84406900405884,870.2667999267578,342.71215438842773,859.5523071289062,354.0979599952698,159,1787749074.3294141
833.2365417480469,394.9138641357422,822.6484680175781,365.54423332214355,829.6724700927734,328.7835931777954,846.8544769287109,301.90579891204834,869.0709686279297,290.95356702804565,845.4137420654297,298.6280107498169,869.4632720947266,260.8376169204712,890.1861572265625,238.77245664596558,907.6992797851562,220.79893112182617,865.0422668457031,309.8898124694824,880.7241821289062,297.920401096344,865.5095672607422,323.66836309432983,850.9958648681641,339.604868888855,881.9075775146484,323.74048233032227,894.1845703125,314.12575006484985,877.3674774169922,335.9649610519409,863.1793975830078,348.3291721343994,894.0425109863281,340.5703568458557,906.7599487304688,328.1267523765564,893.1188201904297,342.378466129303,881.1717224121094,352.0064163208008,160,1787749074.3667223
836.0633087158203,392.50858783721924,826.4198303222656,361.55855655670166,835.4027557373047,323.82923126220703,856.7403411865234,298.04972648620605,881.8657684326172,290.3130555152893,856.0741424560547,296.49436712265015,881.3861083984375,255.21154403686523,901.2897491455078,233.1267499923706,918.9795684814453,215.3645396232605,873.2741546630859,311.43107414245605,893.8493347167969,294.7580337524414,874.7350311279297,319.05715227127075,857.509765625,337.41923332214355,887.9386138916016,327.6309084892273,903.2540130615234,314.49705362319946,882.80517578125,335.00839948654175,867.7163696289062,349.7279119491577,898.9559936523438,345.79641580581665,915.6112670898438,330.8624768257141,901.5972137451172,342.2711777687073,889.8578643798828,352.784321308136,161,1787749074.4258876
835.2208709716797,395.0821352005005,825.6751251220703,361.8920946121216,834.9475860595703,325.0355386734009,856.5121459960938,299.43074226379395,881.2096405029297,290.94974756240845,855.0501251220703,294.69677209854126,880.2631378173828,253.49366426467896,900.5171203613281,232.12403297424316,919.1325378417969,214.39589738845825,872.2380065917969,309.6876811981201,891.5483093261719,293.1016945838928,872.9080963134766,317.4302315711975,856.8769836425781,334.09629821777344,888.0287933349609,326.10747814178467,903.7306213378906,311.56391859054565,882.5968170166016,332.6058268547058,867.6249694824219,346.82541847229004,900.1466369628906,344.6853804588318,914.7486877441406,329.52613592147827,899.6236419677734,341.4171624183655,888.6312103271484,351.7316722869873,162,1787749074.4607778
834.5864868164062,401.54741764068604,825.7700347900391,365.8900022506714,838.1016540527344,324.4622755050659,862.8557586669922,297.74118661880493,890.7917785644531,293.01092863082886,863.8870239257812,300.6285095214844,893.7133026123047,263.09526443481445,916.7964935302734,243.51561069488525,937.0802307128906,228.26579332351685,880.22705078125,316.14227771759033,900.7958221435547,299.6018886566162,878.8109588623047,321.97065353393555,861.0169982910156,339.11168575286865,894.0423583984375,332.72043228149414,910.3965759277344,319.18001890182495,887.1162414550781,339.0770959854126,871.4827728271484,353.5557460784912,904.8754119873047,351.6662907600403,920.7669067382812,337.78019428253174,903.7026214599609,348.87110710144043,891.6249847412109,358.9351415634155,163,1787749074.5101311
833.5468292236328,406.0991907119751,825.9712982177734,367.9520845413208,838.2372283935547,326.6700339317322,862.5551605224609,298.38478803634644,892.1098327636719,294.54418659210205,863.9144897460938,303.52291345596313,893.6390686035156,265.6239652633667,915.7600402832031,245.76287269592285,935.9239196777344,230.00856399536133,879.8871612548828,318.0382776260376,898.1234741210938,299.3552756309509,875.1522827148438,322.130491733551,858.6341094970703,340.53980112075806,893.9507293701172,333.64105224609375,909.9407196044922,317.5898766517639,885.2805328369141,337.012996673584,869.5199584960938,353.1609892845154,904.686279296875,351.81130170822144,920.0770568847656,335.77812910079956,902.7295684814453,345.96391439437866,890.9660339355469,357.3408579826355,164,1787749074.5482671
839.3598937988281,408.5882806777954,827.1092987060547,371.9157028198242,838.3229827880859,327.64801025390625,865.5673217773438,300.21965503692627,896.0677337646484,299.4793438911438,873.3167266845703,305.50809144973755,903.0209350585938,265.58577060699463,924.9195098876953,244.11670446395874,943.6029052734375,227.4832534790039,889.7567749023438,322.29552268981934,904.0735626220703,304.5830726623535,880.5728149414062,328.2431387901306,862.6701354980469,348.1071066856384,902.8620910644531,340.19991159439087,912.5736236572266,326.2484550476074,888.0838012695312,347.53639698028564,871.9409942626953,364.5463228225708,912.8591918945312,360.7035541534424,922.8372192382812,346.9130301475525,904.130859375,359.54179286956787,891.8942260742188,371.2339496612549,165,1787749074.6017938
838.4017944335938,409.6764850616455,827.4118041992188,371.7125415802002,839.3428802490234,327.8824996948242,865.5225372314453,300.64833641052246,896.5037536621094,300.4059076309204,875.4619598388672,305.57197093963623,904.3190002441406,266.23825550079346,925.3150177001953,245.02477169036865,943.7970733642578,228.462495803833,891.497802734375,322.31256008148193,903.1815338134766,303.7480902671814,878.7313842773438,326.33108854293823,861.6633605957031,346.30749464035034,904.3256378173828,340.3462743759155,912.0832824707031,325.31980991363525,886.2734985351562,345.87308406829834,870.4007720947266,363.4708642959595,913.9185333251953,361.10339641571045,921.8730163574219,345.66221952438354,901.9204711914062,357.59987354278564,890.1819610595703,369.9486780166626,166,1787749074.6376736
