P0_x,P0_y,P1_x,P1_y,P2_x,P2_y,P3_x,P3_y,P4_x,P4_y,P5_x,P5_y,P6_x,P6_y,P7_x,P7_y,P8_x,P8_y,P9_x,P9_y,P10_x,P10_y,P11_x,P11_y,P12_x,P12_y,P13_x,P13_y,P14_x,P14_y,P15_x,P15_y,P16_x,P16_y,P17_x,P17_y,P18_x,P18_y,P19_x,P19_y,P20_x,P20_y,frame_number,timestamp
893.9214324951172,633.9140510559082,862.6831817626953,608.2314491271973,843.5255432128906,558.198766708374,843.7538909912109,518.6760950088501,846.9389343261719,489.2698574066162,877.0756530761719,530.2631521224976,864.742431640625,485.74307441711426,850.0829315185547,456.4079475402832,835.9715270996094,434.4629716873169,906.0930633544922,542.4403810501099,898.1624603271484,522.7658843994141,890.0871276855469,538.8380241394043,886.4544677734375,546.9340467453003,933.1038665771484,564.085636138916,926.1427307128906,549.8004484176636,914.4657897949219,568.7522506713867,908.9620208740234,578.7430286407471,958.6787414550781,589.6866130828857,954.5653533935547,577.6183891296387,941.9103240966797,592.6630067825317,935.3134155273438,602.9620885848999,1,1787748830.231491
885.2824401855469,612.0362377166748,855.0432586669922,589.4691181182861,830.4925537109375,540.9709596633911,826.0655212402344,502.39877700805664,838.2884216308594,478.3261442184448,860.1126861572266,500.45878887176514,843.489990234375,455.8851099014282,829.8320007324219,425.5182123184204,820.5820465087891,400.4376268386841,888.5160827636719,505.8115339279175,868.4608459472656,476.7983150482178,858.1306457519531,512.9587411880493,864.2958831787109,537.2771501541138,914.8403167724609,520.1548719406128,892.1278381347656,497.1422481536865,879.3034362792969,531.4979124069214,886.888427734375,549.3065786361694,941.0121154785156,540.4761028289795,916.1078643798828,519.367504119873,901.014404296875,545.3656196594238,906.5721893310547,560.9337615966797,2,1787748830.2876177
885.5131530761719,614.7095203399658,856.0895538330078,594.210319519043,831.722412109375,541.728458404541,829.1637420654297,501.53579235076904,840.3725433349609,479.48490142822266,857.7099609375,498.1809711456299,839.7154235839844,448.49684715270996,824.4084167480469,413.5489511489868,813.4427642822266,385.4386281967163,887.0659637451172,502.6359701156616,867.379150390625,476.3922929763794,858.8203430175781,513.2642126083374,864.1404724121094,536.9924068450928,914.3215179443359,516.7770910263062,891.4548492431641,497.8850269317627,881.7284393310547,532.8494024276733,887.7879333496094,549.7539281845093,940.4989624023438,537.5520658493042,917.5079345703125,519.0376567840576,904.4609832763672,545.3327894210815,908.2832336425781,559.3541765213013,3,1787748830.3289301
871.7915344238281,591.56334400177,836.6699981689453,565.1087379455566,813.3129119873047,517.1081399917603,807.6766967773438,481.25314235687256,813.4026336669922,456.9838285446167,836.7787170410156,468.539514541626,815.5574035644531,417.5126552581787,799.2967224121094,383.49048614501953,788.1978607177734,353.6679697036743,865.8112335205078,471.9814109802246,843.4733581542969,443.2305335998535,836.4276123046875,482.6930809020996,845.6578826904297,503.3284521102905,892.3625946044922,483.6893606185913,865.2610778808594,466.85937881469727,856.5358734130859,504.2836618423462,867.6906585693359,516.9356203079224,919.2368316650391,501.5779781341553,888.8455963134766,484.69542503356934,877.2075653076172,513.6154747009277,885.9185791015625,525.2221441268921,4,1787748830.382627
870.6565093994141,594.4845056533813,836.8606567382812,566.1574172973633,812.6477813720703,517.2612619400024,808.3905029296875,481.4619255065918,813.2212829589844,457.30045795440674,835.3974914550781,467.952561378479,814.3265533447266,415.3758144378662,798.1781005859375,382.3421573638916,788.9863586425781,352.78417110443115,864.7647857666016,471.04718685150146,841.0063171386719,441.63172245025635,831.976318359375,482.3458957672119,841.5038299560547,502.2027826309204,892.06787109375,482.86070823669434,863.3447265625,466.66093826293945,854.9269104003906,504.32666301727295,866.7969512939453,515.2099943161011,919.5148468017578,501.7221736907959,889.1339111328125,484.1849899291992,876.9049072265625,513.0292081832886,885.1667022705078,524.3212652206421,5,1787748830.4456568
860.2120208740234,594.1529417037964,824.0943908691406,559.5272970199585,800.364990234375,512.6012992858887,790.5088806152344,476.6575527191162,793.0709075927734,451.38951301574707,823.9263916015625,467.24703311920166,803.6003112792969,416.73949241638184,787.3880767822266,384.3353605270386,777.3933410644531,356.3921928405762,849.1765594482422,468.750057220459,820.7292175292969,439.4180202484131,812.0962524414062,471.8988847732544,819.2546081542969,494.2176103591919,872.6154327392578,476.3060760498047,841.3088226318359,455.1789379119873,832.9427337646484,488.26791286468506,840.6771850585938,506.87077045440674,896.9683074951172,488.93292903900146,864.7236633300781,470.85479736328125,852.1652221679688,492.7865982055664,856.1206817626953,507.23331928253174,6,1787748830.4871156
861.4975738525391,594.2271852493286,826.0462951660156,562.0150136947632,801.0855865478516,513.161301612854,791.9889831542969,476.53193950653076,794.3138885498047,450.7570695877075,824.9969482421875,467.64344215393066,803.8607788085938,416.25957012176514,787.3936462402344,384.70898151397705,776.6339111328125,357.4335765838623,849.9636077880859,469.117112159729,821.1061859130859,439.7654628753662,813.3612060546875,473.4151268005371,820.9166717529297,494.5030403137207,873.3648681640625,476.3390350341797,840.1111602783203,455.3143787384033,833.4683227539062,489.59880352020264,842.6483154296875,506.7857551574707,897.2759246826172,488.17294120788574,863.0961608886719,470.396933555603,853.3670806884766,495.1311492919922,859.9565887451172,509.5646095275879,7,1787748830.5546868
849.6823120117188,593.7749862670898,807.1612548828125,561.1197996139526,778.8591003417969,515.9464645385742,761.7137145996094,482.2233295440674,761.1696624755859,452.963604927063,801.6197967529297,460.9274482727051,771.1547088623047,415.3622531890869,744.9588775634766,390.94496726989746,726.4589691162109,370.1482343673706,827.8690338134766,459.5108127593994,790.8126068115234,437.6345443725586,789.6575927734375,478.152379989624,806.5171813964844,492.1110248565674,854.0129089355469,466.42842292785645,814.8986053466797,457.2898578643799,812.1743774414062,496.1409902572632,828.6511993408203,503.98183822631836,879.9623870849609,481.0023880004883,842.4032592773438,471.16331577301025,836.2677764892578,501.05059146881104,849.7662353515625,511.6333866119385,8,1787748830.6160016
845.5947875976562,571.113109588623,803.0857086181641,536.7144012451172,772.938232421875,492.07879543304443,760.0408172607422,456.19736194610596,764.2975616455078,424.0729093551636,793.2117462158203,437.4602222442627,768.9586639404297,393.65713119506836,747.6213073730469,369.69659328460693,730.4244995117188,348.6276698112488,820.42724609375,437.19929695129395,791.5045166015625,412.01828956604004,789.2578125,453.3833599090576,800.0782012939453,473.7426996231079,847.4324798583984,444.9690771102905,815.3568267822266,432.162709236145,812.8449249267578,471.8602180480957,824.8586273193359,484.92785453796387,875.4286956787109,459.8595428466797,842.7011871337891,445.5337142944336,834.9443054199219,474.8212480545044,844.0663909912109,487.46681213378906,9,1787748830.659447
845.9837341308594,556.7500734329224,805.5902862548828,526.3675117492676,776.0588836669922,478.8199281692505,766.2216949462891,439.31493759155273,770.8266448974609,405.70921897888184,796.138916015625,426.51620864868164,772.1551513671875,379.330358505249,753.1336212158203,351.9908809661865,739.2559814453125,326.7098379135132,823.2123565673828,427.45150566101074,795.4817962646484,406.02391719818115,792.55859375,450.2177095413208,803.7559509277344,469.6602487564087,849.69970703125,435.34518241882324,817.7289581298828,423.6003255844116,815.2608489990234,465.1684284210205,828.2582092285156,478.1607913970947,877.3922729492188,449.0110158920288,845.3426361083984,435.81493377685547,838.2437896728516,465.83752155303955,848.9361572265625,477.69108295440674,10,1787748830.7181952
844.8194122314453,556.498761177063,805.5844879150391,523.3724069595337,775.4868316650391,475.7986879348755,764.87060546875,437.27757453918457,769.7354125976562,405.14445304870605,795.2301788330078,427.62492656707764,772.0443725585938,380.16231536865234,752.3542785644531,352.99072265625,738.1443023681641,327.60093212127686,821.67724609375,428.1269073486328,794.6169281005859,403.56049060821533,789.5358276367188,446.2411308288574,798.9011383056641,468.1610441207886,848.6869049072266,435.71773052215576,817.6511383056641,422.2594356536865,813.9856719970703,463.83702278137207,825.576171875,479.23354625701904,877.1533203125,449.8546886444092,846.3807678222656,434.2983055114746,838.0349731445312,464.2378520965576,846.7951965332031,477.5273609161377,11,1787748830.7798314
843.5044097900391,555.800142288208,804.7942352294922,522.7442979812622,775.0955963134766,475.5356168746948,764.6833801269531,437.20075607299805,769.8843383789062,404.9297904968262,795.1927947998047,427.4348545074463,772.1743774414062,380.07262229919434,752.5057983398438,352.960102558136,738.5244750976562,327.4817132949829,821.5803527832031,427.9662752151489,794.0818023681641,403.3692169189453,788.7393188476562,446.4749765396118,798.5464477539062,467.6387643814087,848.5253143310547,435.6192398071289,817.0381164550781,421.4504814147949,812.8649139404297,463.56176376342773,824.7676849365234,478.5990858078003,876.9345855712891,449.8534870147705,845.7939910888672,433.57994556427,837.0315551757812,463.8711404800415,845.9554290771484,477.2615432739258,12,1787748830.8273733
838.7104797363281,532.6937484741211,797.0400238037109,499.785532951355,766.9332885742188,456.5641164779663,756.1469268798828,421.0463047027588,758.3386993408203,391.0906648635864,784.7463989257812,405.0081539154053,758.3336639404297,364.6435260772705,733.6708831787109,345.4004144668579,712.5713348388672,329.18622493743896,811.0829162597656,403.6999225616455,779.3098449707031,384.59577083587646,779.3666076660156,422.8754425048828,791.029052734375,440.69775581359863,837.4009704589844,409.80566024780273,803.0551147460938,400.6970500946045,803.5622406005859,438.5186433792114,815.9945678710938,450.95319271087646,865.0489807128906,422.27179527282715,829.3977355957031,414.23079013824463,826.2418365478516,441.6092777252197,837.3997497558594,451.6041326522827,13,1787748830.8852618
832.4876403808594,508.2329034805298,790.0356292724609,479.88882064819336,760.1023864746094,437.36881256103516,750.27099609375,400.5397653579712,750.0363159179688,369.323787689209,774.6892547607422,388.11744689941406,748.6359405517578,347.08829641342163,726.8143463134766,325.265736579895,708.4159088134766,306.2772846221924,801.1853790283203,385.8485984802246,773.8057708740234,361.3328218460083,773.8794708251953,398.94099712371826,782.8420257568359,421.1242389678955,827.8017425537109,390.59374809265137,796.9931030273438,379.89439487457275,798.5215759277344,417.3684597015381,809.4963073730469,432.5504493713379,856.0907745361328,401.32816314697266,823.6241149902344,392.41400241851807,820.5786895751953,419.72957611083984,830.0572204589844,431.5754556655884,14,1787748830.942211
824.4468688964844,497.3865222930908,783.2548522949219,468.28176498413086,754.5095062255859,424.4527530670166,745.5874633789062,387.9825210571289,745.6753540039062,357.93830394744873,770.1811981201172,378.90223503112793,742.5896453857422,338.75428676605225,720.8651733398438,316.5786838531494,704.3540191650391,296.06178045272827,795.5218505859375,377.67189502716064,766.6867065429688,355.1703071594238,767.509765625,394.89948749542236,779.3039703369141,414.081015586853,821.3396453857422,383.0247688293457,789.5475769042969,371.26261711120605,791.0778045654297,410.729284286499,803.8284301757812,423.91223430633545,848.4651947021484,394.13713932037354,815.9749603271484,379.9500560760498,812.2945404052734,409.10648345947266,822.8697967529297,421.1766815185547,15,1787748830.999216
824.9107360839844,496.19163036346436,784.9681854248047,469.1304588317871,755.4237365722656,428.0249834060669,745.4658508300781,393.30531120300293,745.3040313720703,364.74918365478516,769.7259521484375,380.79952239990234,741.7743682861328,341.2956476211548,719.9925994873047,319.39311504364014,703.62548828125,298.56865882873535,794.8118591308594,378.7892818450928,767.0090484619141,356.0626029968262,766.0793304443359,394.00869369506836,777.0115661621094,413.34999561309814,820.89599609375,383.51370334625244,790.5441284179688,371.5149164199829,790.3533172607422,409.5740032196045,802.5025939941406,423.6404514312744,848.6272430419922,394.4684886932373,817.708740234375,379.5842456817627,812.2475433349609,407.7271842956543,821.734619140625,420.7074022293091,16,1787748831.0409322
820.9305572509766,489.4900131225586,781.5982055664062,464.47946548461914,750.3495025634766,424.613299369812,736.8290710449219,390.101637840271,735.6109619140625,360.48309803009033,761.5717315673828,378.336181640625,731.6049194335938,339.6957206726074,708.6686706542969,316.75519466400146,692.1372985839844,295.0223922729492,786.52587890625,375.53213596343994,759.7587585449219,349.9701261520386,758.6807250976562,387.9486608505249,768.8365936279297,408.0475044250488,812.9576873779297,379.9944734573364,783.9138031005859,367.3212718963623,783.8391876220703,405.12325286865234,796.0264587402344,418.9868402481079,840.9473419189453,390.3235960006714,810.8837127685547,376.30353927612305,805.1865386962891,403.8283681869507,813.9045715332031,416.3615369796753,17,1787748831.110626
818.6933898925781,482.4595355987549,781.0614013671875,457.0712900161743,751.6360473632812,418.87723445892334,740.4075622558594,385.3678607940674,739.5924377441406,355.2953624725342,763.5618591308594,371.1542558670044,737.3398590087891,331.89255237579346,717.6329040527344,309.5038104057312,703.040771484375,288.73141050338745,789.5333862304688,368.2229232788086,765.8053588867188,344.62278842926025,764.8616790771484,381.8363571166992,773.9706420898438,401.15766048431396,816.1247253417969,372.82074451446533,789.3561553955078,361.1582851409912,788.031005859375,398.46081733703613,798.1757354736328,413.1814670562744,844.2540740966797,383.30676555633545,816.3095092773438,370.2799415588379,809.7477722167969,397.8343391418457,817.2161865234375,411.24916076660156,18,1787748831.1769552
822.7191162109375,469.2091226577759,784.8199462890625,444.0139961242676,757.7661895751953,404.8820686340332,745.5792999267578,370.5992317199707,744.0418243408203,338.85897874832153,772.5437927246094,357.36647844314575,748.8438415527344,315.75419425964355,730.9255218505859,292.03999042510986,717.7237701416016,271.4694857597351,797.0943450927734,356.7204737663269,772.3264312744141,331.32349491119385,770.7893371582031,368.9203405380249,779.5072174072266,390.5391597747803,822.7439880371094,362.85807609558105,795.6044006347656,348.8564729690552,793.8002777099609,386.4531898498535,803.5674285888672,402.794451713562,849.7335815429688,374.69314098358154,821.9741821289062,359.70523595809937,814.9296569824219,387.438268661499,821.7889404296875,402.51545906066895,19,1787748831.2239046
821.1763763427734,470.47967433929443,783.9527130126953,443.6658239364624,755.5482482910156,403.06121349334717,743.6928558349609,367.84719944000244,743.3720397949219,336.67978048324585,772.2888946533203,358.21744680404663,750.853271484375,316.53903007507324,732.6726531982422,292.64142751693726,718.7086486816406,271.7465901374817,796.6294860839844,357.5139355659485,772.1151733398438,331.72471046447754,767.720947265625,367.5461483001709,773.8899230957031,390.85068225860596,822.1312713623047,363.57094287872314,795.5661010742188,349.12686109542847,792.6034545898438,386.487135887146,800.5518341064453,405.5944633483887,849.1542053222656,375.7950782775879,821.8759155273438,358.4920620918274,814.5742797851562,386.44100189208984,820.4329681396484,403.4148359298706,20,1787748831.289065
826.3086700439453,476.2075424194336,786.0682678222656,446.8111324310303,759.4418334960938,403.0717706680298,750.3143310546875,365.50904273986816,747.2895050048828,333.5738682746887,774.7537994384766,362.2332715988159,752.2275543212891,326.8793535232544,732.3948669433594,308.23890209198,717.1818542480469,291.56152725219727,798.9894866943359,360.15140533447266,773.2588958740234,333.61356496810913,771.0563659667969,371.35063648223877,781.2787628173828,390.5716896057129,825.0830078125,365.18009662628174,797.4748992919922,350.1320457458496,796.70654296875,387.87304401397705,808.7985229492188,402.4956750869751,852.3139953613281,376.04591846466064,824.8628997802734,358.852379322052,819.5835876464844,385.88632106781006,829.7139739990234,399.04197692871094,21,1787748831.349217
845.458984375,480.46311378479004,802.8752899169922,448.2516288757324,777.2148895263672,407.86065101623535,766.1977386474609,371.55542850494385,761.5745544433594,340.3325843811035,794.8184204101562,370.358304977417,777.4030303955078,334.43932056427,771.2923431396484,349.2662715911865,772.9543304443359,369.0808868408203,818.4450531005859,370.59747219085693,800.1716613769531,341.520631313324,797.1791839599609,370.0662660598755,804.1444396972656,390.32548427581787,844.0092468261719,375.7101058959961,822.9799652099609,361.0100984573364,820.2879333496094,391.8989324569702,827.5108337402344,410.0081777572632,870.3898620605469,385.45034408569336,845.9995269775391,370.48211574554443,840.3539276123047,394.49410915374756,846.5092468261719,410.06474018096924,22,1787748831.406329
849.7075653076172,478.9653253555298,815.2096557617188,453.53034496307373,791.3211059570312,410.44827461242676,783.5962677001953,373.8241481781006,780.5194091796875,342.2174263000488,805.6029510498047,366.2322950363159,790.9206390380859,325.67765951156616,778.8902282714844,298.1748676300049,771.7212677001953,275.8495759963989,829.7312164306641,367.2459125518799,809.2829132080078,338.9288663864136,806.6876983642578,374.77746963500977,814.8873901367188,394.7319459915161,855.4410552978516,374.7787570953369,833.6200714111328,359.4946503639221,830.4812622070312,394.21091079711914,838.5088348388672,409.41422939300537,882.3147583007812,387.5530672073364,859.4310760498047,371.4423894882202,852.1302795410156,396.68025970458984,857.6616668701172,410.5259943008423,23,1787748831.443296
851.2427520751953,481.95837020874023,815.2520751953125,456.1226463317871,790.9542846679688,411.61608695983887,784.6291351318359,374.6291971206665,781.9599151611328,343.3941650390625,805.2430725097656,366.5664339065552,789.9282836914062,324.4304323196411,778.13720703125,297.0953965187073,771.3373565673828,274.19325828552246,829.6868133544922,367.651891708374,809.1129302978516,339.34025287628174,804.1899871826172,374.7953224182129,811.4048004150391,395.5426597595215,855.263671875,375.4487085342407,833.3096313476562,358.05335998535156,828.4033203125,392.3276996612549,835.9513854980469,407.7125072479248,881.7522430419922,389.22672271728516,859.4139862060547,371.0281276702881,851.0453033447266,395.9558916091919,855.9954071044922,410.139799118042,24,1787748831.4916184
854.6549987792969,485.258731842041,820.5258941650391,462.2274398803711,795.4972076416016,420.48424243927,787.6705932617188,385.9675598144531,790.7052612304688,357.7284264564514,809.0098571777344,369.09775257110596,792.2658538818359,322.1051073074341,779.3986511230469,293.1305122375488,771.9732666015625,267.95759439468384,834.6457672119141,369.59359645843506,812.9114532470703,346.3455390930176,807.6299285888672,385.0238084793091,814.5217895507812,403.488392829895,860.5055999755859,377.4522542953491,838.2120513916016,370.5965280532837,833.7101745605469,406.99174404144287,841.6439056396484,417.9030132293701,886.4582061767578,391.4409828186035,863.0849456787109,382.6350975036621,855.5410766601562,409.53237533569336,861.5601348876953,419.1430950164795,25,1787748831.5332775
855.618896484375,487.5816535949707,820.4974365234375,462.26048469543457,794.7643280029297,420.7987689971924,787.6243591308594,386.6877222061157,792.23388671875,358.9325022697449,808.6639404296875,369.1510534286499,791.7228698730469,322.11549282073975,779.6485137939453,294.0201687812805,773.21044921875,268.572678565979,834.017333984375,370.02588272094727,812.4890899658203,347.11612701416016,807.1810150146484,384.39788818359375,814.0393829345703,403.10176849365234,859.4370269775391,377.75158882141113,836.9379425048828,369.93271350860596,832.3866271972656,405.16878604888916,840.1634216308594,416.3694763183594,885.1528167724609,391.55234813690186,862.3770904541016,381.75816535949707,854.3881988525391,408.1362533569336,859.7499847412109,418.4750747680664,26,1787748831.574063
855.8945465087891,488.842248916626,820.9622192382812,463.4915542602539,795.3878021240234,421.05390071868896,787.4053192138672,386.8342351913452,791.2025451660156,359.02753829956055,809.3312072753906,368.9642858505249,792.3503875732422,321.403226852417,779.5545196533203,293.2985258102417,772.0486450195312,267.9845666885376,834.7208404541016,370.057168006897,813.0331420898438,347.0642638206482,806.7481231689453,384.7407388687134,812.8033447265625,403.6664056777954,860.0260925292969,378.0704069137573,837.6157379150391,370.2142810821533,832.681884765625,406.1293601989746,840.1512145996094,417.4616289138794,885.6006622314453,392.0447587966919,863.28125,381.8797016143799,854.9121856689453,408.62003803253174,860.1560211181641,418.9897584915161,27,1787748831.6109166
873.6576843261719,504.1417407989502,830.7727813720703,467.0553731918335,804.4854736328125,424.3199300765991,796.1312103271484,390.867977142334,795.5516815185547,363.15513610839844,817.6622009277344,380.68708419799805,793.2134246826172,353.1383728981018,768.7033843994141,347.24997997283936,748.897705078125,343.9599823951721,842.6963043212891,378.08109283447266,818.1184387207031,362.8455448150635,817.6117706298828,396.0338258743286,828.1069183349609,409.4966697692871,868.294677734375,383.5859727859497,843.2155609130859,380.68528175354004,841.3495635986328,411.4245557785034,851.3665771484375,420.3043842315674,892.5548553466797,395.83757400512695,869.7685241699219,391.810998916626,864.2327880859375,415.3169345855713,871.7279052734375,423.6870574951172,28,1787748831.653883
873.9421844482422,492.49966621398926,833.2883453369141,453.66076469421387,812.8047180175781,412.2643232345581,805.0340270996094,381.3475513458252,803.7063598632812,354.7954201698303,838.9495849609375,370.8958625793457,827.3503875732422,342.22463607788086,820.6328582763672,364.89792823791504,822.7555847167969,386.60545349121094,861.3692474365234,373.8819122314453,843.8523864746094,352.8772974014282,837.4436950683594,382.72921085357666,844.1836547851562,401.4224910736084,884.2195892333984,381.77799224853516,865.4510498046875,372.89395809173584,858.4729766845703,399.12257194519043,863.9640808105469,414.5749282836914,905.6148529052734,394.14233207702637,890.0916290283203,382.13135719299316,880.0511169433594,400.6152534484863,881.4405059814453,414.0441942214966,29,1787748831.7140365
871.4572906494141,478.48411560058594,836.566162109375,447.0274257659912,818.7062835693359,404.76083278656006,817.1059417724609,369.2390727996826,816.7813873291016,341.76273822784424,829.2538452148438,369.28954124450684,808.1833648681641,333.4077215194702,792.5540161132812,310.08100032806396,780.7781982421875,288.3898901939392,854.1587066650391,369.6827745437622,841.2376403808594,342.2888159751892,836.4241790771484,376.12295150756836,839.3390655517578,397.7667045593262,879.1923522949219,377.56168842315674,862.5874328613281,361.5168857574463,856.8080902099609,394.2572593688965,861.7973327636719,410.4059600830078,904.2713165283203,390.60190200805664,886.7575073242188,373.6859607696533,878.9023590087891,395.85358142852783,882.8495788574219,408.3385992050171,30,1787748831.7919788
872.0843505859375,477.6625871658325,836.9841766357422,446.3654136657715,818.7256622314453,403.14695835113525,818.2963562011719,367.9018306732178,817.933349609375,341.68190717697144,828.1224822998047,369.16637420654297,807.5745391845703,333.5973858833313,792.9140472412109,310.37501335144043,782.2586059570312,288.9624881744385,852.9910278320312,368.90540599823,839.8666381835938,343.5240054130554,835.1461791992188,376.8919515609741,837.7933502197266,398.0090045928955,878.3000183105469,376.06342792510986,862.4250030517578,361.4858150482178,856.7177581787109,393.6740827560425,861.007080078125,409.9909257888794,903.0792999267578,388.92773151397705,885.3690338134766,372.89889335632324,876.8836975097656,395.401554107666,879.8755645751953,408.3412170410156,31,1787748831.8375297
872.3573303222656,481.65882110595703,836.5318298339844,450.75350761413574,815.9490966796875,412.25797176361084,811.7085266113281,381.4989995956421,813.4427642822266,354.74894285202026,831.7341613769531,374.5030689239502,818.2766723632812,343.4519934654236,806.0114288330078,336.55738592147827,797.7556610107422,334.0151023864746,854.5492553710938,375.2850294113159,839.8542785644531,353.4225368499756,835.6960296630859,384.3414115905762,840.1715087890625,400.67915439605713,878.0490875244141,381.2716341018677,861.8552398681641,370.1764726638794,857.017822265625,400.788631439209,861.9602203369141,414.09517765045166,901.3310241699219,392.1913146972656,884.6167755126953,378.6981725692749,876.6973114013672,401.598916053772,879.3800354003906,413.90939712524414,32,1787748831.9067824
873.4842681884766,485.612096786499,840.0141143798828,459.64728355407715,819.0089416503906,422.1110773086548,811.8405151367188,391.4791774749756,813.9424133300781,364.7815418243408,834.7539520263672,379.9977779388428,816.4161682128906,353.8887906074524,796.9286346435547,350.5057096481323,781.6359710693359,350.3518581390381,858.0950164794922,379.4226264953613,839.6086883544922,361.2169075012207,835.6609344482422,394.36235904693604,841.1441802978516,408.45369815826416,881.8771362304688,385.8127212524414,862.2212219238281,378.47582817077637,857.6792144775391,410.3876781463623,863.5712432861328,421.3083028793335,905.2900695800781,397.6737070083618,886.8521881103516,387.7766990661621,878.7260437011719,411.6581439971924,881.512451171875,422.32762813568115,33,1787748831.972189
875.7340240478516,479.5901298522949,844.2128753662109,453.863582611084,826.7913818359375,415.22977352142334,823.9402770996094,383.68128776550293,826.0021209716797,358.05546283721924,839.0787506103516,380.72575092315674,820.8380126953125,344.49902057647705,806.9718933105469,318.44135999679565,797.4137878417969,297.284631729126,861.7037200927734,380.3789949417114,850.9484100341797,359.62483406066895,847.7762603759766,389.76157665252686,852.6145172119141,408.05527210235596,885.2390289306641,387.5042724609375,874.1548919677734,375.3584146499634,868.3926391601562,403.05314540863037,872.9418182373047,417.719464302063,908.6403656005859,399.78672981262207,898.800048828125,385.00505447387695,889.8799896240234,403.7075185775757,891.5432739257812,415.96465587615967,34,1787748832.0172153
875.3935241699219,480.15777111053467,843.5120391845703,452.3301315307617,825.8560180664062,413.42200756073,824.1496276855469,381.60083770751953,827.252197265625,357.2985649108887,837.4490356445312,380.476713180542,819.6653747558594,344.1141128540039,806.0669708251953,318.9938735961914,796.0031890869141,297.5688171386719,859.7897338867188,380.3713130950928,849.0596771240234,356.62389278411865,845.6570434570312,385.82452297210693,849.0541839599609,405.3181314468384,883.36181640625,387.30196952819824,871.6036987304688,373.1721353530884,866.3599395751953,400.74305534362793,869.8357391357422,416.58302307128906,907.122802734375,399.4216060638428,894.3304443359375,384.15000915527344,885.7820892333984,403.18674087524414,886.9281005859375,416.166615486145,35,1787748832.085471
877.0351409912109,480.7124090194702,848.2200622558594,453.839635848999,830.8439636230469,414.8502731323242,829.4420623779297,380.59627532958984,834.993896484375,353.81375312805176,840.3414916992188,381.0267162322998,822.1484375,345.5040979385376,806.0879516601562,320.6628727912903,793.6897277832031,298.7284755706787,864.7340393066406,381.59972190856934,854.3428039550781,356.5555715560913,849.6973419189453,390.7479429244995,853.9031219482422,411.15006923675537,889.295654296875,389.9186038970947,877.3130035400391,373.7735939025879,869.1607666015625,405.4503536224365,872.5492095947266,421.3296318054199,913.1474304199219,403.3629083633423,901.5518951416016,385.3273057937622,890.46630859375,406.65515899658203,890.4983520507812,419.799485206604,36,1787748832.1340473
880.9918975830078,486.9087839126587,852.2023773193359,456.7429447174072,835.6172943115234,418.8301992416382,832.9753112792969,387.1685457229614,841.3164520263672,362.3759651184082,846.1464691162109,386.6280698776245,837.6756286621094,358.3504629135132,827.8773498535156,348.7284564971924,819.7821044921875,345.08769035339355,868.5562133789062,387.7856683731079,864.8291778564453,362.51265048980713,860.7853698730469,389.72119331359863,861.6991424560547,402.90131092071533,892.8852844238281,394.48230743408203,889.4160461425781,379.8647403717041,883.1134796142578,405.8050060272217,884.1386413574219,417.02191829681396,916.6310119628906,405.70226669311523,914.8900604248047,389.3192481994629,905.8561706542969,407.36549377441406,903.8845825195312,417.9072618484497,37,1787748832.161269
886.4641571044922,471.93167209625244,857.3941040039062,448.5744380950928,842.9021453857422,410.6735372543335,847.5107574462891,376.64806365966797,855.5873107910156,350.9392833709717,849.4179534912109,375.37004470825195,836.8087768554688,337.1255421638489,829.1646575927734,310.47861099243164,824.1614532470703,287.29153633117676,874.5102691650391,376.5149402618408,870.308837890625,350.1406717300415,866.6885375976562,383.4863233566284,868.3053588867188,402.93487071990967,899.2636871337891,385.5907201766968,894.7104644775391,369.6116638183594,887.2844696044922,400.2222776412964,888.900146484375,413.1988477706909,923.2814025878906,399.61116313934326,917.3995208740234,383.9202404022217,908.3050537109375,405.0322723388672,907.9473876953125,414.97901916503906,38,1787748832.2549415
886.2874603271484,474.4627332687378,857.8077697753906,449.3624496459961,842.503662109375,410.4866409301758,846.71142578125,376.41026973724365,855.2859497070312,351.88294887542725,849.0517425537109,375.0244903564453,836.7633056640625,335.62432050704956,829.2626190185547,309.5506954193115,824.7222900390625,286.7783546447754,874.1287231445312,376.26285552978516,871.0890197753906,350.49476623535156,868.0355834960938,383.1729984283447,869.0753173828125,402.43499279022217,898.9848327636719,384.94900703430176,895.169677734375,370.5692768096924,888.3887481689453,400.8999538421631,888.7371063232422,414.20825958251953,922.3007965087891,399.14368629455566,917.5450134277344,383.93187046051025,908.9009857177734,404.99300479888916,907.6217651367188,415.24415016174316,39,1787748832.3187492
888.5728454589844,481.6941833496094,859.7445678710938,453.32722663879395,843.8349151611328,414.0995979309082,846.7671203613281,380.5164957046509,853.624267578125,354.92324352264404,852.6017761230469,379.761700630188,834.2988586425781,345.5859589576721,820.1567840576172,322.0663547515869,809.9485015869141,301.33214950561523,876.9532012939453,380.0651550292969,867.9961395263672,352.3401474952698,865.1142883300781,384.27480697631836,870.0027465820312,402.2934150695801,901.5663909912109,387.9033422470093,891.9855499267578,371.69692039489746,885.4945373535156,401.7916488647461,889.6451568603516,413.84056091308594,925.6278228759766,400.99745750427246,915.9778594970703,383.51245880126953,907.2361755371094,404.2698383331299,908.7382507324219,414.4735622406006,40,1787748832.3605843
894.5226287841797,491.96335315704346,866.6124725341797,459.84156131744385,852.8232574462891,420.49818992614746,853.2112884521484,389.40306186676025,858.1314086914062,366.08123302459717,860.3450775146484,388.8805675506592,856.1759185791016,362.91601181030273,845.8802032470703,352.9589653015137,834.2866516113281,353.2373571395874,883.2082366943359,389.9694585800171,879.7113037109375,366.38142585754395,878.4495544433594,388.48982334136963,878.7174987792969,404.76418018341064,906.8852233886719,396.515851020813,904.1810607910156,383.3365058898926,899.0939331054688,408.23238372802734,898.0829620361328,421.27216815948486,929.9862670898438,408.6805486679077,926.3722991943359,394.06160831451416,918.5773468017578,412.4418640136719,916.5916442871094,423.11336517333984,41,1787748832.4191859
906.7250823974609,486.29796981811523,882.1040344238281,460.99122047424316,870.1411437988281,423.73117446899414,875.9477233886719,392.37945556640625,886.1058044433594,372.7755546569824,868.0612945556641,389.61055755615234,860.73486328125,353.3837413787842,859.3637847900391,328.4347128868103,860.546875,306.8532085418701,892.1759033203125,391.8584632873535,897.3201751708984,366.7586946487427,893.8935852050781,392.72204875946045,890.5650329589844,405.1817464828491,916.4263916015625,399.63837146759033,922.9929351806641,386.7990446090698,915.0237274169922,413.03319454193115,909.9370574951172,422.0000123977661,939.0049743652344,412.19218254089355,946.4286041259766,396.98113918304443,937.0189666748047,415.6212043762207,929.4545745849609,425.4737949371338,42,1787748832.489782
907.1676635742188,488.6720895767212,881.1773681640625,461.52212619781494,869.27978515625,423.5473680496216,877.4507904052734,391.65616035461426,889.6689605712891,372.0330762863159,868.0030059814453,387.9166030883789,861.4987182617188,350.9591746330261,860.8634948730469,326.1452007293701,862.5058746337891,304.28030490875244,892.9782104492188,390.8434724807739,898.294677734375,364.6727514266968,893.9462280273438,390.8397388458252,889.7507476806641,404.0587377548218,917.8314208984375,398.57462882995605,922.7322387695312,385.34661769866943,914.3919372558594,411.48828506469727,909.0039825439453,420.90906143188477,940.5315399169922,411.31327629089355,945.0351715087891,396.86904430389404,935.2786254882812,416.3623523712158,928.06396484375,426.1658477783203,43,1787748832.5640595
912.5080871582031,487.405743598938,889.3527984619141,461.6825866699219,878.505859375,421.488676071167,886.3980102539062,387.52225399017334,895.60791015625,360.05609035491943,881.8787384033203,385.7392930984497,871.2277221679688,341.8855834007263,866.2323760986328,313.27338695526123,864.5475769042969,288.0626177787781,907.2014617919922,389.4827127456665,907.8975677490234,360.836763381958,901.6321563720703,394.1366243362427,900.5467224121094,413.98059368133545,931.2138366699219,400.3178930282593,929.3292236328125,383.61485481262207,918.9166259765625,416.65430545806885,917.8022003173828,430.3649425506592,953.2164764404297,415.7364749908447,949.8509979248047,399.2520046234131,939.005126953125,421.94812774658203,937.0687103271484,432.44457721710205,44,1787748832.624802
923.2765960693359,511.5151119232178,896.6876220703125,481.40313148498535,885.4750061035156,442.77666091918945,890.8351135253906,412.80694484710693,896.6432189941406,391.3408613204956,894.0007781982422,410.554575920105,881.2423706054688,376.94589614868164,870.9379577636719,355.5924868583679,862.6917266845703,338.7505531311035,918.1359100341797,414.05921459198,917.0317840576172,385.49149990081787,912.0889282226562,408.00797939300537,910.8220672607422,424.41593170166016,942.5054931640625,423.70606899261475,942.5184631347656,408.307785987854,934.1389465332031,435.3951358795166,932.6522827148438,449.4793939590454,965.6565856933594,438.3348798751831,964.8935699462891,424.51961517333984,954.9613189697266,442.17018127441406,952.3976898193359,452.37836837768555,45,1787748832.6629913
928.9041137695312,507.52995014190674,906.0441589355469,481.1174440383911,897.9279327392578,446.0916566848755,906.1233520507812,421.2812662124634,919.8125457763672,405.56283473968506,905.0013732910156,408.8277053833008,897.2767639160156,367.12390422821045,894.3315887451172,338.6538863182068,892.5749206542969,315.26315689086914,929.2478179931641,413.3772039413452,929.6256256103516,388.57771396636963,923.9121246337891,415.2811861038208,920.7622528076172,433.50329875946045,953.4111022949219,424.9070119857788,953.5208129882812,410.5607557296753,943.9151000976562,435.9254837036133,940.5216979980469,449.3011236190796,976.1064910888672,441.60481452941895,977.081298828125,425.47632694244385,965.2651977539062,442.8120231628418,960.4587554931641,453.2163333892822,46,1787748832.7068613
930.7192230224609,513.2721090316772,906.4271545410156,484.4189214706421,898.7036895751953,447.4700975418091,906.6653442382812,419.86870765686035,919.1395568847656,403.49976539611816,903.5142517089844,412.1980619430542,895.2998352050781,369.6202039718628,893.0494689941406,340.87353229522705,893.1643676757812,316.20338916778564,928.9777374267578,415.65176010131836,929.9431610107422,389.61111545562744,924.061279296875,417.01003074645996,920.3134918212891,435.25291442871094,954.0034484863281,426.5851306915283,953.785400390625,412.3071098327637,944.1469573974609,437.2562026977539,940.7076263427734,449.96506690979004,976.3382720947266,443.2683849334717,977.9048156738281,427.00934886932373,965.5457305908203,444.55734729766846,959.9808502197266,455.2567434310913,47,1787748832.755357
929.6369171142578,514.9470520019531,906.7671966552734,484.9280261993408,899.4267272949219,447.4166679382324,906.3630676269531,420.1295042037964,919.5941925048828,404.4640302658081,904.2364501953125,410.72447776794434,896.2391662597656,368.6357259750366,893.9451599121094,339.9973511695862,894.0164947509766,315.5000925064087,929.3620300292969,414.7002840042114,929.7639465332031,389.37838554382324,923.8105010986328,416.5170192718506,920.1396179199219,433.72761726379395,954.4402313232422,425.96041202545166,954.4075012207031,412.13197231292725,944.5838165283203,436.7481279373169,940.6795501708984,448.5909605026245,977.0302581787109,442.95342922210693,978.1772613525391,427.19122409820557,965.7774353027344,444.1880178451538,960.1815795898438,454.07644271850586,48,1787748832.7973416
929.2131042480469,505.68742275238037,908.9934539794922,478.8210439682007,902.9775238037109,441.1720561981201,911.8051910400391,410.09302139282227,921.5254974365234,385.13495922088623,909.2752075195312,401.50111198425293,902.784423828125,354.0579843521118,898.9628601074219,322.20025062561035,899.0134429931641,295.323486328125,935.4649353027344,407.9060983657837,937.1419525146484,381.319785118103,927.6683807373047,416.4099884033203,927.021484375,433.4848880767822,959.7235870361328,421.7622184753418,958.5585021972656,408.3355522155762,944.3991088867188,438.99367332458496,943.8748168945312,448.52105140686035,981.2364196777344,440.107626914978,978.5195922851562,426.93660736083984,964.3008422851562,447.5045156478882,962.3386383056641,454.4823360443115,49,1787748832.8380244
932.2592163085938,511.16732597351074,910.1152801513672,483.3454370498657,903.3716583251953,444.843807220459,912.5701904296875,412.0554542541504,921.2453460693359,386.02858543395996,909.3727111816406,403.64344596862793,901.9771575927734,354.78728771209717,898.8301086425781,322.52941131591797,898.1658935546875,295.851194858551,935.1728057861328,409.7058391571045,938.9385986328125,381.5585231781006,930.4881286621094,415.3854274749756,927.0974731445312,435.85021018981934,958.7277984619141,422.62035369873047,959.3714904785156,408.07565689086914,946.8746185302734,438.0063199996948,943.7128448486328,450.59038639068604,979.7813415527344,440.53467750549316,980.0749969482422,425.63116550445557,966.6426849365234,445.5188226699829,961.6038513183594,454.49100494384766,50,1787748832.8789701
931.0592651367188,522.1523666381836,908.0091857910156,492.50245571136475,897.9859924316406,454.2943239212036,904.5975494384766,422.31067657470703,912.8388977050781,398.07977199554443,908.023681640625,409.41800594329834,893.9534759521484,362.6006269454956,884.6642303466797,329.74103450775146,877.5762176513672,303.122341632843,933.6495208740234,414.0569829940796,930.3334045410156,386.2583112716675,922.0227813720703,418.60978603363037,919.7711944580078,439.25361156463623,957.6386260986328,427.48918533325195,952.822265625,415.23977279663086,940.8467102050781,443.25971603393555,939.039306640625,455.9511137008667,979.5077514648438,446.61736965179443,977.0350646972656,432.57482528686523,964.0204620361328,449.6202850341797,960.0133514404297,458.25648307800293,51,1787748832.9155374
931.8334197998047,524.9434947967529,907.7896881103516,493.9167308807373,897.7073669433594,454.46868896484375,904.4963836669922,421.9728899002075,913.2062530517578,398.0215787887573,907.0594024658203,409.71892833709717,892.3788452148438,363.84448528289795,882.9478454589844,331.7071795463562,875.6619262695312,305.69273471832275,932.4996185302734,414.14113998413086,930.9169006347656,386.9272756576538,922.1327209472656,418.408727645874,918.6945343017578,440.8428955078125,956.5335845947266,427.5385808944702,954.2231750488281,413.300986289978,941.6391754150391,440.7374095916748,938.2089996337891,456.12457752227783,978.2937622070312,446.83722496032715,978.8717651367188,431.0504722595215,966.0308837890625,447.18990325927734,961.1947631835938,457.6263999938965,52,1787748832.9553976
935.2570343017578,541.7966508865356,910.5582427978516,512.564435005188,898.6695098876953,472.82830238342285,905.3110504150391,439.26841735839844,910.7347869873047,413.16267013549805,905.7898712158203,425.2212381362915,891.3812255859375,380.1943302154541,880.6631469726562,348.9987373352051,872.1449279785156,322.41748809814453,931.8328094482422,429.7960567474365,930.3337097167969,406.17794036865234,924.407958984375,443.2177448272705,924.6385192871094,458.47522258758545,955.9788513183594,440.92074394226074,953.0907440185547,430.7208824157715,941.9944763183594,462.59857177734375,941.5962982177734,470.18935203552246,978.0795288085938,456.95383071899414,974.1130828857422,447.35255241394043,962.034912109375,469.8292922973633,960.0478363037109,476.1767292022705,53,1787748832.995023
946.2342071533203,556.4348602294922,923.309326171875,516.200909614563,916.2016296386719,471.3436031341553,921.0759735107422,439.12126064300537,924.9267578125,417.85417556762695,928.7956237792969,440.0330400466919,919.7557067871094,397.2408628463745,913.3043670654297,369.31700706481934,909.9875640869141,344.10237550735474,950.1771545410156,445.43299198150635,941.6065979003906,418.8729429244995,937.7785491943359,444.0815019607544,942.4092864990234,459.2381286621094,970.9194183349609,455.6271028518677,962.3026275634766,435.88531494140625,954.7921752929688,459.6611022949219,958.0869293212891,471.18945121765137,991.0783386230469,469.83821868896484,982.6234436035156,450.1397752761841,972.0965576171875,465.60401916503906,972.7314758300781,476.0003900527954,54,1787748833.037506
953.1747436523438,552.5735092163086,931.1849212646484,505.7738971710205,930.6510162353516,459.6366834640503,941.4398956298828,430.3988027572632,950.1572418212891,407.27447032928467,962.2659301757812,433.1169319152832,962.8437042236328,397.0339250564575,961.5066528320312,391.48677349090576,969.0624237060547,384.7737407684326,980.2102661132812,442.36772060394287,973.9835357666016,417.6331615447998,956.312255859375,441.7039489746094,955.5037689208984,456.27010345458984,997.3426055908203,456.23680114746094,986.8505859375,436.4820957183838,970.4515075683594,457.7885341644287,972.5857543945312,469.309458732605,1013.3599090576172,473.3149194717407,999.4152069091797,454.21947956085205,984.6218872070312,469.6538543701172,986.7803192138672,479.3746519088745,55,1787748833.0736146
957.9560089111328,552.377815246582,937.5718688964844,515.0065755844116,934.5592498779297,468.12559604644775,942.9891967773438,437.4419832229614,952.0304870605469,413.73734951019287,963.7647247314453,433.98738384246826,959.2239379882812,388.03110122680664,956.4862060546875,359.2056155204773,959.0010070800781,334.385290145874,985.4483032226562,443.75452995300293,976.3283538818359,421.6578483581543,959.9530792236328,447.9769277572632,959.2776489257812,463.3490324020386,1004.0414428710938,460.51533222198486,991.9244384765625,442.4968957901001,975.4640960693359,466.15076065063477,977.0997619628906,478.88760566711426,1020.4247283935547,482.26075172424316,1009.163818359375,463.9887285232544,992.8164672851562,479.94731426239014,991.9557952880859,491.3991451263428,56,1787748833.1169605
959.0325927734375,554.2522287368774,937.6222229003906,517.3233604431152,934.6807861328125,468.86906147003174,945.5577850341797,438.7612009048462,951.1241912841797,415.63270568847656,958.8139343261719,432.15837478637695,954.8518371582031,380.47229290008545,953.9345550537109,345.9503746032715,957.0635986328125,316.6464042663574,982.7861785888672,441.6297483444214,973.3295440673828,419.55448150634766,957.9902648925781,448.9428234100342,958.974609375,466.1930751800537,1002.7279663085938,458.29081535339355,990.1692199707031,440.52480697631836,973.7057495117188,466.138916015625,976.8785858154297,479.3114376068115,1020.4593658447266,480.27308464050293,1009.80712890625,461.6440486907959,992.2966003417969,478.38219165802,991.9536590576172,489.8264694213867,57,1787748833.155523
964.453125,570.3745794296265,941.2705230712891,536.0803699493408,933.2783508300781,493.7048578262329,942.2085571289062,464.150390625,946.6856384277344,441.4206647872925,954.095458984375,446.0514450073242,946.5482330322266,395.8531951904297,944.3666076660156,364.4404077529907,945.137939453125,338.2261276245117,981.1225128173828,453.64012241363525,977.0738220214844,434.4013023376465,967.2596740722656,467.87651538848877,965.6671905517578,485.8858108520508,1004.273681640625,467.8251028060913,995.0260162353516,458.1191110610962,981.7221832275391,486.23600006103516,980.3585815429688,498.81019592285156,1023.6642456054688,486.74192905426025,1014.8231506347656,478.48570346832275,1000.3636932373047,496.760516166687,997.8089904785156,505.0741195678711,58,1787748833.1899397
963.5610961914062,572.450737953186,941.077880859375,537.8350067138672,933.7352752685547,494.19726848602295,941.9522857666016,462.86481857299805,946.4892578125,439.9644613265991,953.0946350097656,448.83068561553955,946.1570739746094,396.4262008666992,944.3406677246094,364.98603343963623,945.8618927001953,337.5611114501953,978.7937927246094,457.5122022628784,977.762451171875,434.73556995391846,968.0978393554688,468.8378620147705,966.2260437011719,488.02428245544434,1001.2623596191406,471.9403839111328,997.1271514892578,458.4624767303467,983.697509765625,486.7700386047363,980.6696319580078,499.6638250350952,1021.0094451904297,491.0155248641968,1019.8268890380859,476.84281826019287,1004.1879272460938,494.627366065979,998.4236907958984,503.96222591400146,59,1787748833.2359548
968.0780029296875,569.9380445480347,949.1075134277344,539.900393486023,942.4822235107422,497.98441886901855,946.2081146240234,467.09996223449707,957.2183990478516,443.75452995300293,967.6618957519531,446.4388847351074,971.9496154785156,393.6366605758667,976.5505218505859,361.04129791259766,984.6109008789062,333.1372261047363,991.2227630615234,455.4534673690796,984.9095916748047,435.5028963088989,970.4867553710938,467.776780128479,972.060546875,478.84902477264404,1012.4247741699219,471.0550832748413,1003.3957672119141,462.22482204437256,986.8482971191406,490.75472831726074,988.3857727050781,497.05907821655273,1031.3252258300781,492.1917486190796,1023.6200714111328,481.622257232666,1006.3008880615234,501.23422622680664,1005.4434204101562,507.9521083831787,60,1787748833.274038
967.3203277587891,569.0190124511719,949.1671752929688,536.0241079330444,943.1061553955078,493.8614559173584,949.0348052978516,463.30440044403076,960.7517242431641,441.8375873565674,968.2667541503906,445.36381244659424,972.5209045410156,391.79739475250244,977.2605133056641,358.19899320602417,986.0507202148438,330.27666091918945,991.7653656005859,455.09357929229736,981.4089965820312,431.7842388153076,965.0884246826172,465.05122661590576,967.8945922851562,481.107873916626,1013.0827331542969,471.4166450500488,1000.9143829345703,459.5564317703247,984.1494750976562,488.30846786499023,988.0738830566406,498.28461170196533,1032.4835205078125,493.32273960113525,1023.1221008300781,478.96987438201904,1004.4776153564453,497.49415397644043,1004.9011993408203,506.02482318878174,61,1787748833.306537
975.8156585693359,565.9427547454834,957.6010131835938,524.1565132141113,957.9550933837891,481.53260707855225,972.703857421875,451.1911153793335,984.1287994384766,428.9490795135498,976.7871856689453,441.769437789917,973.2627105712891,388.2004451751709,971.3144683837891,355.202579498291,971.2413024902344,327.1781301498413,1002.9624938964844,453.9046096801758,1002.4166870117188,428.36753368377686,987.7130889892578,458.55255603790283,980.3350830078125,479.67986583709717,1024.54345703125,472.101788520813,1016.8662261962891,459.54222679138184,998.8494110107422,487.32081413269043,992.1640777587891,503.5165071487427,1041.7495727539062,494.126501083374,1035.8292388916016,479.5621061325073,1018.9053344726562,496.0046052932739,1012.4169921875,507.13847637176514,62,1787748833.343676
979.04541015625,580.669584274292,960.0414276123047,542.9954051971436,960.6554412841797,497.97072887420654,975.5171203613281,462.34464168548584,987.3838806152344,438.24690341949463,973.5067749023438,449.95678424835205,966.1965942382812,399.6616744995117,961.1232757568359,363.4381628036499,959.0814208984375,333.236768245697,1001.9822692871094,458.9205551147461,1003.6042022705078,434.5806884765625,988.0904388427734,469.99314308166504,983.7458801269531,489.1403388977051,1025.6742095947266,475.19989013671875,1023.2105255126953,463.54730129241943,1003.7763977050781,492.2529888153076,999.9806976318359,504.70702171325684,1043.8880920410156,496.41899585723877,1042.299575805664,484.59912300109863,1023.6946868896484,501.9489812850952,1018.9440155029297,510.0746154785156,63,1787748833.3839042
977.6799774169922,577.6085615158081,959.9481964111328,541.0344314575195,959.4453430175781,497.81031131744385,973.6068725585938,464.49324131011963,984.8097991943359,439.8427104949951,973.2826232910156,448.7263584136963,966.0452270507812,397.0831060409546,961.1944580078125,362.39956855773926,959.2716217041016,333.0093812942505,1000.8271026611328,458.5205841064453,1004.2435455322266,435.46302795410156,989.6016693115234,472.0562982559204,984.7388458251953,491.37446880340576,1023.5703277587891,475.2562379837036,1024.5207214355469,462.54960536956787,1005.0150299072266,492.7521800994873,999.7478485107422,506.2648057937622,1040.7120513916016,496.65799140930176,1042.8960418701172,483.8201665878296,1024.5325469970703,502.1571636199951,1018.5394287109375,511.4382076263428,64,1787748833.4188821
977.3535919189453,586.9020080566406,961.6355895996094,548.9291381835938,960.5321502685547,503.8351535797119,974.7116851806641,469.1353940963745,988.3204650878906,445.9355306625366,971.9942474365234,460.9016990661621,973.7057495117188,414.36760425567627,976.0511016845703,385.065221786499,982.1574401855469,359.5873260498047,999.0839385986328,469.11423683166504,1007.95166015625,443.10354709625244,992.8746032714844,474.8090600967407,987.5495910644531,489.4843053817749,1023.3387756347656,483.4193801879883,1029.3737030029297,468.9404296875,1010.4030609130859,496.3446235656738,1005.3492736816406,506.18112087249756,1043.7356567382812,502.8426504135132,1050.5584716796875,488.8941764831543,1032.557601928711,505.68347454071045,1025.9552001953125,513.687572479248,65,1787748833.457155
977.1089935302734,582.2208881378174,963.1304931640625,547.1296977996826,961.9573211669922,504.33687686920166,975.2651977539062,469.7322607040405,986.9432830810547,444.072961807251,972.7301788330078,457.9514408111572,976.0157012939453,412.6315498352051,979.8567962646484,384.14477348327637,986.1282348632812,359.7932553291321,998.2286071777344,466.3997554779053,1010.5950164794922,444.10287380218506,995.7022857666016,477.9654836654663,988.011474609375,491.9279479980469,1021.6132354736328,480.83510398864746,1030.9675598144531,469.77277278900146,1013.4004211425781,497.91511058807373,1006.5825653076172,506.2911558151245,1040.8564758300781,500.16619205474854,1048.7464141845703,490.7568311691284,1032.8194427490234,509.3269872665405,1026.109848022461,515.6960535049438,66,1787748833.4966822
977.784423828125,581.804051399231,962.9750823974609,546.5124464035034,962.0505523681641,504.12822246551514,976.2110900878906,469.9494981765747,987.8518676757812,444.6987533569336,973.0634307861328,459.06153202056885,975.6571197509766,413.82309436798096,979.2646026611328,385.19001960754395,985.4161834716797,360.36967277526855,998.4184265136719,467.6045608520508,1010.1654052734375,444.5280361175537,995.3156280517578,478.57483863830566,988.1149291992188,492.08712100982666,1021.9222259521484,482.1975374221802,1031.5370178222656,470.04730224609375,1013.4580993652344,498.09080600738525,1006.5883636474609,506.2935161590576,1041.0734558105469,501.62514209747314,1049.975814819336,490.4111051559448,1033.507308959961,508.38430881500244,1026.4110565185547,514.928297996521,67,1787748833.533652
983.4561920166016,570.4697227478027,970.5621337890625,537.8582239151001,975.2854156494141,493.02160263061523,989.5940399169922,459.472918510437,1005.3984069824219,436.53664112091064,987.4561309814453,448.98470878601074,995.9187316894531,396.4959383010864,1004.1912078857422,363.2946968078613,1014.0483093261719,334.6694326400757,1011.6196441650391,460.3045320510864,1023.7812805175781,432.16532707214355,1007.3731994628906,462.5299072265625,1001.0713195800781,480.6749439239502,1031.8767547607422,478.01891326904297,1039.447250366211,462.651572227478,1019.6291351318359,488.855037689209,1015.6381988525391,499.7123193740845,1048.5164642333984,500.08885860443115,1056.1214447021484,482.5963497161865,1038.0714416503906,496.9456100463867,1031.6480255126953,505.62528133392334,68,1787748833.5739279
982.5643920898438,573.7780237197876,968.4793090820312,537.185697555542,973.3197784423828,492.70883560180664,989.0958404541016,459.99258041381836,1005.2787780761719,439.31751251220703,985.9518432617188,448.6541748046875,995.2797698974609,395.5715847015381,1003.1758117675781,362.3953628540039,1012.9213714599609,333.9063549041748,1010.8618927001953,460.9070634841919,1022.7300262451172,433.33404064178467,1007.4577331542969,465.0786066055298,1000.4267883300781,484.8920202255249,1032.183837890625,479.4738292694092,1039.4441223144531,462.2489404678345,1020.8798980712891,489.4683837890625,1016.1188507080078,503.4635066986084,1049.2759704589844,502.7950143814087,1057.6809692382812,484.19782161712646,1039.307861328125,499.3351364135742,1032.284164428711,509.5860242843628,69,1787748833.6139116
984.9560546875,593.2751083374023,972.8221893310547,551.5646553039551,978.3219909667969,501.6023111343384,995.5406188964844,469.68947410583496,1013.2602691650391,454.4740104675293,990.8493041992188,464.79944229125977,994.2618560791016,421.38224601745605,993.4674835205078,393.3309316635132,996.3697814941406,367.6345109939575,1016.5444946289062,472.34713554382324,1024.3795013427734,444.6480703353882,1011.0092926025391,472.8416061401367,1007.9248809814453,491.2795400619507,1038.2286834716797,486.8509769439697,1041.2869262695312,469.5728302001953,1023.4552001953125,494.8099708557129,1021.2390899658203,508.1218385696411,1056.1085510253906,506.18412494659424,1058.4134674072266,491.9688892364502,1040.5142211914062,507.78388023376465,1036.0885620117188,518.0698299407959,70,1787748833.6502306
995.1026916503906,581.7167615890503,988.3241271972656,540.9631061553955,998.7200927734375,497.0193386077881,1020.4936981201172,467.9032516479492,1043.6746215820312,455.299015045166,1004.0428161621094,459.13139820098877,1011.1212921142578,407.51011848449707,1018.3782196044922,374.007568359375,1025.9723663330078,345.4572129249573,1026.7875671386719,471.6261577606201,1051.5390014648438,445.606369972229,1037.0800018310547,471.85704231262207,1021.3703155517578,491.1686897277832,1045.551528930664,491.2308740615845,1064.1447448730469,474.9133014678955,1046.2240600585938,497.1121644973755,1032.7487182617188,511.1847925186157,1058.8105773925781,515.5143070220947,1078.7826538085938,500.76404571533203,1063.6091613769531,512.3971509933472,1050.8307647705078,521.9986009597778,71,1787748833.7075377
997.3538970947266,579.9719953536987,988.6299133300781,544.5085573196411,1000.6439971923828,499.7429609298706,1022.9827117919922,470.2651834487915,1043.8152313232422,453.12419414520264,1011.3052368164062,453.15020084381104,1013.5562133789062,402.8217887878418,1014.0373229980469,370.82427978515625,1018.7905120849609,342.9464077949524,1036.5371704101562,466.8880033493042,1054.6907806396484,447.35280990600586,1035.458984375,480.8332586288452,1026.2334442138672,496.1369562149048,1056.0071563720703,487.1610403060913,1067.9946899414062,479.5900869369507,1043.6398315429688,506.5786027908325,1034.9590301513672,514.7424745559692,1068.5736846923828,510.52428245544434,1080.6068420410156,500.6307077407837,1059.1290283203125,517.6880979537964,1048.8829803466797,523.9308214187622,72,1787748833.7736752
996.4624786376953,581.6476249694824,987.4021911621094,543.1537628173828,1000.2442169189453,497.55191802978516,1024.2771911621094,468.94004344940186,1048.2640838623047,454.5127201080322,1012.8665924072266,456.082820892334,1013.7480163574219,403.8498258590698,1012.9586791992188,371.52135372161865,1017.2315216064453,342.66634225845337,1038.4659576416016,468.7811279296875,1052.9673767089844,447.75132179260254,1034.763412475586,478.77302169799805,1026.9591522216797,494.2984199523926,1057.6889038085938,488.44884395599365,1065.8953094482422,479.09501552581787,1042.1324920654297,505.00356674194336,1034.7795867919922,514.6881008148193,1070.4212951660156,511.01454734802246,1078.7386322021484,500.4386615753174,1057.3297119140625,516.2384176254272,1048.8229370117188,523.7131977081299,73,1787748833.8110156
997.5819396972656,600.4617977142334,992.4485015869141,569.4447326660156,1000.6031036376953,529.5670223236084,1018.0229949951172,498.9949035644531,1033.9305114746094,479.7523498535156,1008.7468719482422,471.2257146835327,1013.7823486328125,421.92542552948,1016.4093780517578,386.7458724975586,1018.3016204833984,357.8386116027832,1032.8621673583984,481.96321964263916,1050.389404296875,461.8003463745117,1039.1606140136719,493.25501918792725,1028.271255493164,510.2168798446655,1053.0619049072266,498.7374973297119,1066.4569091796875,487.08027362823486,1050.2452850341797,513.6263751983643,1037.7685546875,525.1453256607056,1067.0423889160156,519.8553228378296,1081.5306091308594,509.74596977233887,1065.9874725341797,527.4415111541748,1053.8316345214844,536.046895980835,74,1787748833.8539135
995.5995178222656,598.8156080245972,990.72998046875,562.2927188873291,1001.2056732177734,520.6555652618408,1020.3652954101562,491.34382724761963,1036.127700805664,473.9640140533447,1010.4831695556641,471.8915891647339,1014.5478057861328,421.023473739624,1015.9847259521484,386.51644706726074,1018.0741119384766,357.432804107666,1033.5790252685547,483.2750988006592,1046.8134307861328,461.4903259277344,1032.463150024414,490.89656352996826,1022.3995208740234,508.3189916610718,1052.618637084961,500.42797565460205,1062.3350524902344,484.1644763946533,1044.7267150878906,509.5390319824219,1035.4705810546875,522.1678161621094,1067.2373962402344,522.0601844787598,1076.8270874023438,506.33213996887207,1059.3597412109375,522.8082418441772,1049.4871520996094,533.2800149917603,75,1787748833.8926444
996.8603515625,601.1319208145142,992.470703125,570.7648086547852,1003.1400299072266,532.749924659729,1024.2745208740234,504.0778398513794,1042.3395538330078,485.81225395202637,1009.9663543701172,474.37883377075195,1013.9031219482422,422.05957889556885,1016.0207366943359,386.5115547180176,1018.7844085693359,357.1638536453247,1034.0097045898438,484.2630958557129,1049.002456665039,462.27391719818115,1035.4354858398438,493.2194423675537,1024.5477294921875,510.25511741638184,1053.3914184570312,500.3186273574829,1064.0772247314453,486.70154571533203,1047.3701477050781,513.2095384597778,1036.9392395019531,524.0223169326782,1067.3356628417969,520.0387859344482,1078.3210754394531,508.34890365600586,1062.383804321289,525.7145547866821,1051.8212127685547,534.2626905441284,76,1787748833.9271216
998.7753295898438,603.8594484329224,999.3076324462891,571.5843200683594,1018.0625152587891,538.0204439163208,1048.6383056640625,521.1189222335815,1074.4995880126953,512.954363822937,1021.2330627441406,481.8844270706177,1042.3097229003906,434.0948009490967,1061.8892669677734,407.5677967071533,1078.4282684326172,386.5445137023926,1041.3521575927734,494.0948724746704,1067.436294555664,478.2500123977661,1063.4565734863281,495.27101039886475,1051.6117858886719,507.0964193344116,1058.1031799316406,513.5480976104736,1078.0316925048828,505.16767501831055,1068.6132049560547,521.2325191497803,1054.881820678711,530.7627725601196,1069.3965911865234,534.9009704589844,1088.593978881836,528.0981159210205,1078.0501556396484,538.2178974151611,1065.3278350830078,544.9507999420166,77,1787748833.9751847
997.7866363525391,609.3419694900513,1000.1957702636719,576.2581872940063,1018.7557220458984,541.6228008270264,1046.8848419189453,519.2467403411865,1069.6360778808594,509.0112590789795,1020.0672149658203,485.93713760375977,1041.510238647461,439.4261312484741,1059.676284790039,412.3422145843506,1075.8914947509766,391.05259895324707,1039.2057800292969,497.60079860687256,1067.2700500488281,476.49001121520996,1061.4212799072266,494.940390586853,1048.1219482421875,510.2058935165405,1055.5512237548828,515.5944299697876,1078.1487274169922,501.49725437164307,1067.7159118652344,517.9654169082642,1053.5014343261719,530.3386402130127,1066.8755340576172,536.5264320373535,1089.5560455322266,524.289379119873,1079.1568756103516,534.0298748016357,1066.584243774414,542.6563310623169,78,1787748834.0151503
1014.1389465332031,589.5777368545532,1011.1457061767578,554.007740020752,1026.539077758789,514.4473028182983,1051.851577758789,488.73491764068604,1076.9115447998047,475.84696769714355,1038.958740234375,469.23388481140137,1057.6475524902344,423.77490520477295,1069.912338256836,397.84266471862793,1083.436050415039,375.06813526153564,1061.686782836914,485.39103984832764,1088.3988189697266,467.56709575653076,1069.5258331298828,493.60053062438965,1054.7856903076172,508.297061920166,1078.6958312988281,506.19657039642334,1096.5878295898438,497.40248680114746,1075.3033447265625,518.7217140197754,1063.1160736083984,527.6077222824097,1089.2225646972656,529.0937089920044,1107.1593475341797,522.5901460647583,1089.8383331298828,534.4228076934814,1077.8421020507812,539.6244049072266,79,1787748834.0543485
1005.6883239746094,607.0233821868896,1002.6214599609375,566.6217613220215,1019.3700408935547,523.615608215332,1043.5051727294922,491.03633880615234,1067.147445678711,474.1525411605835,1030.7896423339844,487.24751472473145,1051.1152648925781,447.8495979309082,1064.9990844726562,423.85901927948,1078.8529205322266,403.436336517334,1051.3577270507812,500.1634883880615,1077.6207733154297,473.7113285064697,1063.0014038085938,492.9976558685303,1049.6443176269531,508.62231731414795,1068.4223937988281,517.9818964004517,1087.7955627441406,502.2904586791992,1066.0626983642578,521.6691827774048,1051.6081237792969,534.8299026489258,1080.153579711914,539.7828483581543,1096.8061065673828,525.1186323165894,1078.3511352539062,536.2328052520752,1065.1287841796875,545.931887626648,80,1787748834.1392279
1017.2372436523438,606.0861968994141,1017.02392578125,568.0204582214355,1037.50732421875,525.1769542694092,1067.6761627197266,496.9582271575928,1095.4108428955078,483.6085081100464,1045.7415008544922,486.5338325500488,1066.258316040039,449.4756603240967,1084.2340850830078,430.426869392395,1101.9234466552734,413.1957149505615,1066.9737243652344,501.46172046661377,1098.7899017333984,485.2026414871216,1080.9368896484375,512.2153186798096,1063.7141418457031,525.8841562271118,1083.5474395751953,520.4108619689941,1105.7716369628906,514.2164611816406,1084.498519897461,537.4094152450562,1069.6016693115234,544.908185005188,1093.4783935546875,541.8826961517334,1115.1692962646484,537.4519872665405,1098.1916809082031,549.8010492324829,1083.0607604980469,553.1970691680908,81,1787748834.176987
1016.9805908203125,605.8815765380859,1018.8320922851562,567.4949598312378,1037.1006774902344,526.3216781616211,1065.4369354248047,497.21198558807373,1092.1831512451172,482.34538078308105,1045.2595520019531,486.3696813583374,1066.5959930419922,450.04656314849854,1084.221420288086,430.22061824798584,1101.0088348388672,411.38657569885254,1067.1221160888672,500.92605113983154,1096.7645263671875,484.3298292160034,1080.4603576660156,509.86939430236816,1063.886489868164,522.8314590454102,1084.2189025878906,519.9716663360596,1105.3565979003906,514.2773580551147,1085.1567077636719,535.1271772384644,1069.5442199707031,542.0201539993286,1093.5407257080078,541.4968872070312,1114.0082550048828,537.2749185562134,1097.3902130126953,549.0962505340576,1082.4488067626953,552.8934860229492,82,1787748834.2149289
1026.6232299804688,594.176459312439,1026.8962860107422,549.9585485458374,1045.7136535644531,508.7328243255615,1078.7296295166016,486.54237270355225,1108.272705078125,476.2712287902832,1054.31640625,477.00568199157715,1077.8455352783203,436.7187309265137,1094.97314453125,412.9804515838623,1111.8987274169922,391.8943405151367,1075.1142120361328,494.5216655731201,1107.3664855957031,477.2150230407715,1088.5791778564453,501.36730670928955,1071.5630340576172,517.2789859771729,1091.2797546386719,516.4723062515259,1117.48779296875,506.72932147979736,1093.2000732421875,525.9160852432251,1076.5776062011719,537.1213245391846,1100.6620025634766,540.9287738800049,1124.6516418457031,531.7500829696655,1105.5918884277344,541.4903211593628,1090.6781768798828,548.5989046096802,83,1787748834.2535372
1027.3419952392578,595.0966501235962,1030.0161743164062,554.0323734283447,1047.9008483886719,513.3780241012573,1077.9949188232422,488.80890369415283,1106.2931823730469,476.3901472091675,1054.9771118164062,476.61017417907715,1078.3384704589844,436.389741897583,1096.0482025146484,412.74652004241943,1112.6789093017578,391.05483055114746,1076.7498779296875,494.0143632888794,1108.5736846923828,479.22423362731934,1088.7781524658203,504.875807762146,1069.5045471191406,518.9598941802979,1093.8585662841797,514.3512582778931,1116.3288879394531,507.97008991241455,1092.4664306640625,528.7996101379395,1074.705581665039,538.0406141281128,1103.181381225586,536.1089944839478,1122.4622344970703,530.7447481155396,1103.8237762451172,543.1243228912354,1088.958740234375,549.0851783752441,84,1787748834.2917228
1026.6104125976562,595.756516456604,1029.4127655029297,553.6784934997559,1047.6898193359375,512.3773670196533,1077.6429748535156,487.39033699035645,1106.1685180664062,475.32477378845215,1055.1179504394531,477.1161890029907,1077.8160858154297,436.8601369857788,1095.7396697998047,412.931227684021,1112.7168273925781,391.09045028686523,1076.8697357177734,494.4993495941162,1108.9075469970703,479.5452404022217,1088.9219665527344,505.44143199920654,1069.010238647461,520.1216125488281,1093.8970947265625,514.8918199539185,1116.4384460449219,508.40507984161377,1092.4931335449219,529.5141077041626,1074.3013763427734,539.4457483291626,1102.875747680664,536.7899751663208,1122.322769165039,531.2118816375732,1103.5368347167969,543.7671518325806,1088.394546508789,550.2168560028076,85,1787748834.3278677
1025.135498046875,617.7481842041016,1027.0028686523438,592.4767541885376,1041.686782836914,554.147515296936,1060.7869720458984,517.4461841583252,1075.2468872070312,492.40392208099365,1048.443603515625,495.35040378570557,1070.268783569336,449.05646324157715,1091.0856628417969,418.8997220993042,1108.2257843017578,395.54162979125977,1066.959228515625,505.12394428253174,1102.3471069335938,488.11994075775146,1092.7633666992188,511.39009952545166,1074.1349792480469,527.9975652694702,1081.8018341064453,520.1533269882202,1107.212142944336,515.1412868499756,1091.4274597167969,535.7612085342407,1074.019775390625,543.7052249908447,1089.5946502685547,537.8738880157471,1112.5759887695312,533.6253547668457,1099.2396545410156,547.1201705932617,1081.571044921875,553.3195066452026,86,1787748834.3700755
1019.7926330566406,620.4783296585083,1022.6235198974609,593.0278301239014,1037.6863861083984,552.6113176345825,1056.0246276855469,516.2426662445068,1072.1014404296875,491.68869495391846,1046.4556121826172,496.4478349685669,1069.1346740722656,449.1586446762085,1090.0923919677734,419.90728855133057,1108.1866455078125,397.77833461761475,1063.9511108398438,507.53913402557373,1102.3377227783203,492.205867767334,1090.9532928466797,513.3799123764038,1071.6499328613281,527.3382139205933,1078.8571166992188,523.7910461425781,1107.3949432373047,518.7199974060059,1091.0572052001953,536.8832302093506,1073.497314453125,541.983847618103,1087.4929809570312,542.2328424453735,1112.0183563232422,537.7659559249878,1097.4159240722656,549.5197820663452,1079.2035675048828,553.2814407348633,87,1787748834.4028802
1009.2200469970703,644.1015100479126,1020.5215454101562,612.8210735321045,1046.3206481933594,583.0282545089722,1077.1206665039062,570.080394744873,1101.3888549804688,567.6484251022339,1046.817398071289,526.1413478851318,1073.9691162109375,484.8256301879883,1100.7083892822266,461.7231845855713,1123.8229370117188,445.7070064544678,1061.3726043701172,540.815863609314,1097.4703979492188,526.1780834197998,1097.025146484375,538.1777715682983,1085.6997680664062,548.273606300354,1075.1472473144531,561.1629295349121,1104.274673461914,556.9510459899902,1092.8898620605469,569.4555473327637,1076.4781951904297,574.6817779541016,1083.2807159423828,583.6523723602295,1108.4980773925781,582.0221900939941,1097.8216552734375,588.4416389465332,1081.6204833984375,591.6241979598999,88,1787748834.44374
1005.9176635742188,649.2254734039307,1022.3196411132812,618.9590835571289,1046.7964935302734,588.054928779602,1077.9338073730469,571.4377641677856,1103.3362579345703,565.8467102050781,1039.901123046875,534.9925518035889,1068.3702087402344,491.28589153289795,1097.9450988769531,465.7477855682373,1121.330337524414,448.78626823425293,1052.2260284423828,546.3004446029663,1093.7163543701172,527.6431274414062,1095.1946258544922,542.3930883407593,1083.5926818847656,553.3255577087402,1065.3565216064453,563.0906438827515,1100.9567260742188,554.9042844772339,1091.7941284179688,568.7882995605469,1075.4625701904297,575.2577447891235,1073.9293670654297,583.4534168243408,1102.943344116211,578.2183885574341,1095.4879760742188,586.2675476074219,1079.644775390625,591.6126537322998,89,1787748834.483364
1011.4533996582031,661.0501527786255,1022.830810546875,626.9765281677246,1050.3474426269531,590.3861331939697,1081.67236328125,567.6749467849731,1107.9734802246094,560.5700540542603,1053.7081146240234,544.4234991073608,1089.8333740234375,504.7563314437866,1120.453872680664,481.0726833343506,1146.5602111816406,463.3612632751465,1069.3974304199219,561.1205720901489,1114.8938751220703,545.537838935852,1108.4748077392578,565.7636260986328,1093.4535217285156,578.3992767333984,1081.9746398925781,583.3568572998047,1117.9096221923828,570.3092193603516,1107.1940612792969,585.7435941696167,1091.7086791992188,593.8084173202515,1087.2887420654297,608.776388168335,1115.6603240966797,598.0264377593994,1107.943115234375,605.7407283782959,1094.1368103027344,610.6465530395508,90,1787748834.518124
1011.9130706787109,664.2620658874512,1026.3744354248047,633.9301013946533,1054.7642517089844,601.317572593689,1087.6583099365234,578.6216640472412,1113.9549255371094,571.4328289031982,1052.4765014648438,545.0534963607788,1089.7733306884766,505.06317615509033,1119.2766571044922,482.53764152526855,1144.9746704101562,465.08169651031494,1069.6526336669922,561.5133762359619,1114.9335479736328,545.2621936798096,1104.8429107666016,565.9573459625244,1087.492446899414,577.2045564651489,1084.099349975586,582.075662612915,1118.1957244873047,570.1278591156006,1103.9031219482422,587.3953628540039,1087.1183013916016,593.8149404525757,1090.8515930175781,604.4903469085693,1118.4232330322266,595.7202100753784,1106.9281768798828,606.2494468688965,1091.4730072021484,611.018328666687,91,1787748834.5599372
1018.0525207519531,665.4018974304199,1042.1803283691406,626.4818859100342,1075.2104187011719,590.6419944763184,1108.0197143554688,566.2758207321167,1136.2552642822266,554.2232608795166,1064.6306610107422,541.9390869140625,1102.9561614990234,500.7050371170044,1132.4880981445312,477.12764739990234,1156.7436981201172,460.2490425109863,1073.628158569336,562.6066017150879,1114.6479797363281,541.2701654434204,1128.8076782226562,547.2138547897339,1136.6371154785156,553.6948442459106,1082.2134399414062,588.1324768066406,1117.9689025878906,570.2268648147583,1128.1932067871094,574.4258737564087,1130.472183227539,581.0189580917358,1087.9129791259766,614.2187404632568,1118.9143371582031,599.263129234314,1131.3604736328125,597.152853012085,1137.5482177734375,596.6953325271606,92,1787748834.598237
1024.1143035888672,664.1837882995605,1039.1358184814453,628.1428384780884,1069.4630432128906,593.6422920227051,1104.0958404541016,573.3324337005615,1133.9835357666016,564.131383895874,1070.3541564941406,536.9742965698242,1110.110092163086,498.67552757263184,1139.4740295410156,478.2484245300293,1161.9635009765625,461.8420171737671,1087.5745391845703,553.3329820632935,1134.7824096679688,541.4501523971558,1133.556137084961,561.3702964782715,1120.6324005126953,572.5185012817383,1102.8921508789062,576.0469150543213,1139.9252319335938,567.5683879852295,1132.6992797851562,583.6071825027466,1117.0454406738281,591.0829067230225,1111.9398498535156,599.3646669387817,1143.0602264404297,591.211051940918,1137.6643371582031,601.3168430328369,1124.5377349853516,607.3138761520386,93,1787748834.636675
1017.3733520507812,688.52867603302,1038.9533996582031,655.8369255065918,1071.4916229248047,624.6542501449585,1109.1159057617188,610.019474029541,1140.0138092041016,609.1525411605835,1076.5459442138672,565.0222635269165,1118.1491088867188,541.2460899353027,1127.9864501953125,558.4199094772339,1120.8177947998047,579.0154981613159,1086.4102935791016,580.5414390563965,1127.280044555664,562.4657535552979,1132.4999237060547,580.8004331588745,1123.3043670654297,596.7648553848267,1093.976821899414,602.8192663192749,1131.165771484375,589.371657371521,1131.9786834716797,603.8191080093384,1120.4135131835938,614.080810546875,1099.0050506591797,627.5617218017578,1132.9248809814453,616.3227081298828,1132.850570678711,624.6832180023193,1121.9481658935547,632.2838258743286,94,1787748834.6768043
1018.5274505615234,700.3844690322876,1049.3206024169922,672.7995157241821,1083.3879089355469,642.0322608947754,1115.7088470458984,619.5214462280273,1146.1267852783203,606.7758464813232,1078.7186431884766,577.757306098938,1122.8801727294922,561.5089988708496,1150.7925415039062,571.9799137115479,1166.7936706542969,585.8666753768921,1085.1222229003906,596.6161108016968,1125.0901794433594,584.5176315307617,1149.0735626220703,593.4235954284668,1163.6381530761719,608.4371852874756,1090.9811401367188,620.4269170761108,1122.9833984375,610.9793186187744,1142.0357513427734,619.0969276428223,1153.0012512207031,631.636233329773,1096.0049438476562,644.6418571472168,1121.635513305664,636.5941572189331,1135.86669921875,640.6245517730713,1145.1021575927734,648.9218044281006,95,1787748834.7174604
1021.2831878662109,703.5426950454712,1046.5978240966797,674.3777704238892,1082.0817565917969,645.3604316711426,1119.1663360595703,625.14404296875,1150.8269500732422,615.5415630340576,1077.7642059326172,581.8943452835083,1121.5686798095703,563.1366491317749,1149.7293853759766,572.487301826477,1166.2104797363281,585.726900100708,1086.8051147460938,601.2477922439575,1125.6653594970703,586.7627048492432,1148.9151000976562,594.4661378860474,1163.8837432861328,606.4926910400391,1094.4955444335938,625.5537986755371,1125.873794555664,613.2892370223999,1141.4266967773438,620.1316165924072,1150.6446075439453,630.9995412826538,1100.3581237792969,648.6872291564941,1124.404067993164,638.4593868255615,1135.914306640625,642.0638036727905,1143.990249633789,649.8435401916504,96,1787748834.7578993
1013.2791900634766,691.6348028182983,1036.5801239013672,654.274377822876,1071.237564086914,620.1978778839111,1106.006851196289,607.7355194091797,1133.7915802001953,607.606258392334,1064.6786499023438,577.0337104797363,1098.2292175292969,541.5733194351196,1131.7744445800781,530.9487676620483,1155.44677734375,529.5072841644287,1074.7813415527344,591.439619064331,1123.0265045166016,567.5878715515137,1145.7984161376953,580.0519037246704,1152.3175811767578,595.4771375656128,1084.8612976074219,613.3892726898193,1129.2070007324219,595.5033159255981,1142.7873992919922,607.0112800598145,1140.8316802978516,619.401068687439,1093.6815643310547,640.1794767379761,1129.4694519042969,626.5356159210205,1136.8767547607422,633.8254308700562,1131.8199157714844,643.1865549087524,97,1787748834.7960448
1015.1488494873047,694.1679668426514,1041.9491577148438,666.6393184661865,1076.4576721191406,634.4831943511963,1110.8515167236328,619.9437761306763,1139.2227172851562,617.0774602890015,1066.0079193115234,579.1402101516724,1102.4829864501953,542.6121711730957,1138.0680847167969,532.7355909347534,1162.2251892089844,532.8080749511719,1072.5544738769531,591.3255929946899,1120.5558013916016,565.2093315124512,1147.8846740722656,575.938982963562,1159.8495483398438,591.2753820419312,1080.9420013427734,612.0295000076294,1125.0536346435547,590.8149862289429,1145.8773803710938,600.4314136505127,1151.9210052490234,613.0407571792603,1088.561019897461,637.8437662124634,1123.9490509033203,621.1568212509155,1138.264389038086,627.13454246521,1140.7131958007812,636.6762971878052,98,1787748834.836795
1004.1203308105469,689.6069240570068,1024.1468048095703,664.046802520752,1056.8746185302734,633.2642269134521,1093.7798309326172,612.3340702056885,1127.515869140625,601.9663238525391,1049.6875762939453,577.7421998977661,1081.4572143554688,535.714602470398,1111.6264343261719,515.3607559204102,1133.319091796875,506.6619873046875,1060.0088500976562,582.1607637405396,1100.3794860839844,552.66921043396,1118.1259155273438,561.4760398864746,1122.9844665527344,574.7209596633911,1071.8824768066406,594.3488931655884,1112.3302459716797,570.0169229507446,1121.185531616211,578.4162712097168,1116.8941497802734,589.0010833740234,1081.3166809082031,611.2093877792358,1115.1456451416016,589.0186786651611,1124.438247680664,593.7741708755493,1119.7294616699219,601.6708517074585,99,1787748834.8763387
1004.4056701660156,690.5120515823364,1017.5172424316406,656.0629177093506,1049.134292602539,620.2447843551636,1085.4261016845703,601.1865091323853,1118.1238555908203,595.2746629714966,1046.6312408447266,583.348274230957,1081.8679809570312,540.7575416564941,1110.0633239746094,520.156888961792,1130.2578735351562,512.0210838317871,1057.2058868408203,590.6585168838501,1101.9441223144531,558.2115125656128,1111.0881042480469,562.4965238571167,1108.6683654785156,573.2001256942749,1068.9225006103516,604.6017551422119,1110.6670379638672,574.5271110534668,1114.4361877441406,578.8683843612671,1106.8879699707031,588.469877243042,1078.4709167480469,623.2985973358154,1112.4971008300781,596.8104314804077,1118.5340118408203,598.4300994873047,1112.2293853759766,605.3306293487549,100,1787748834.9215958
985.8786010742188,671.8495416641235,983.0897521972656,629.4654035568237,1005.5696868896484,589.1424894332886,1034.3524932861328,570.1800441741943,1063.414535522461,568.1927633285522,1019.5565032958984,554.9809312820435,1041.0139465332031,511.01566314697266,1066.5941619873047,486.9499397277832,1091.21826171875,474.9800777435303,1039.0274810791016,567.4197721481323,1088.5171508789062,547.4369716644287,1073.0470275878906,560.4416513442993,1048.3026885986328,575.8828496932983,1055.9964752197266,586.0787200927734,1098.9263916015625,569.4528007507324,1080.5806732177734,579.6315050125122,1060.052261352539,592.4225521087646,1068.7421417236328,609.216570854187,1103.0992126464844,593.357892036438,1090.4804229736328,598.2658195495605,1073.4236907958984,608.694634437561,101,1787748834.9649708
955.7471466064453,680.9148502349854,958.0673217773438,622.9896926879883,974.5132446289062,572.8592491149902,993.3715057373047,538.2984924316406,1011.2253570556641,512.671594619751,1019.8526000976562,562.4033546447754,1025.2891540527344,529.6377468109131,999.3976593017578,537.7017545700073,981.8096160888672,552.8529739379883,1033.3284759521484,578.0233383178711,1028.8402557373047,552.0114898681641,998.9522552490234,565.4092311859131,981.9374847412109,582.6265668869019,1043.3820343017578,597.4486255645752,1034.720458984375,576.753044128418,1007.042236328125,588.9670085906982,989.4206237792969,606.3340759277344,1050.333480834961,619.7588109970093,1047.4322509765625,599.8976755142212,1028.226547241211,605.8245849609375,1015.4481506347656,617.4335289001465,102,1787748835.0066493
954.0901947021484,681.0899877548218,953.1214904785156,626.0983943939209,965.2565765380859,573.7758350372314,983.7864685058594,538.0376958847046,1003.2257843017578,513.7507009506226,1011.60888671875,559.8773145675659,1013.9338684082031,533.5554027557373,989.6097564697266,551.2127923965454,976.1613464355469,568.6989498138428,1028.008804321289,574.7249937057495,1022.4990081787109,558.500247001648,995.2257537841797,579.5107841491699,982.2323608398438,596.7889738082886,1040.7910919189453,593.9043760299683,1032.3490142822266,581.7583894729614,1006.9026184082031,600.4644584655762,992.7785491943359,617.1922159194946,1049.5868682861328,615.1791429519653,1045.934066772461,601.598539352417,1027.8404235839844,612.5416946411133,1018.2388305664062,623.8560676574707,103,1787748835.052459
955.6708526611328,673.3757829666138,954.0415954589844,621.3949155807495,967.1898651123047,570.5166292190552,984.4044494628906,536.1390352249146,1001.3309478759766,512.6467037200928,1009.2425537109375,556.8003273010254,1017.1219635009766,534.090986251831,993.6648559570312,553.2789087295532,979.0943145751953,571.0251331329346,1026.2320709228516,572.5781106948853,1026.9170379638672,558.7709999084473,999.0482330322266,580.8395719528198,984.4476318359375,598.5176038742065,1039.9977111816406,592.069616317749,1036.3172149658203,583.2965612411499,1010.2900695800781,601.9536209106445,995.2352905273438,617.7308464050293,1050.1883697509766,613.4493112564087,1049.9151611328125,602.6585912704468,1030.7951354980469,613.6862468719482,1019.9626922607422,624.0991401672363,104,1787748835.093517
960.2445983886719,668.4921455383301,949.8362731933594,625.5373191833496,955.3813934326172,573.7119770050049,973.2670593261719,533.8360261917114,994.8487091064453,508.4361505508423,983.5436248779297,549.0459108352661,1001.3610076904297,516.8824052810669,1005.5964660644531,509.8290538787842,1006.4434814453125,509.22914028167725,1005.1296997070312,565.3174781799316,1022.4427032470703,553.1406354904175,1002.1974945068359,578.7320423126221,985.5523681640625,594.1848278045654,1023.0979919433594,584.4211578369141,1035.6810760498047,580.3067779541016,1013.2262420654297,601.4937400817871,995.8409118652344,612.6316452026367,1035.8218383789062,605.8581447601318,1046.5679168701172,601.1047554016113,1026.9107055664062,616.3539505004883,1011.1664581298828,624.4366264343262,105,1787748835.1333873
948.0158996582031,664.6752119064331,937.4908447265625,613.3379459381104,947.7317810058594,564.8444652557373,969.7162628173828,532.8838205337524,992.80029296875,516.3734292984009,973.1709289550781,548.6275720596313,986.8266296386719,518.6748933792114,977.2825622558594,519.0513038635254,973.2666015625,525.0509548187256,992.9525756835938,561.1675643920898,1003.3850860595703,539.4827842712402,980.8261871337891,558.5629463195801,968.5533905029297,576.4963245391846,1011.2928771972656,578.9664888381958,1015.7447052001953,559.1695547103882,994.3329620361328,578.261775970459,983.9352416992188,595.9959411621094,1027.0404052734375,601.8462467193604,1029.3733215332031,582.2065544128418,1009.5473480224609,594.3917655944824,1000.1610565185547,607.654538154602,106,1787748835.1846113
950.5335235595703,659.1862535476685,940.9020233154297,610.0880527496338,951.6690063476562,565.3245162963867,973.0284881591797,537.4957609176636,995.7314300537109,526.240611076355,979.8836517333984,550.4238796234131,996.5335083007812,521.7777156829834,983.7483215332031,526.5717458724976,974.5211029052734,538.9039421081543,997.3591613769531,563.2129526138306,1008.7907409667969,539.6814823150635,986.3082122802734,554.9611902236938,972.2593688964844,573.971529006958,1013.7794494628906,580.8908987045288,1019.8606109619141,559.1187858581543,998.6131286621094,575.5548048019409,986.8086242675781,594.1834545135498,1027.6075744628906,603.4148454666138,1030.8528137207031,580.9908485412598,1011.4377593994141,592.8070735931396,1001.6226959228516,607.9134464263916,107,1787748835.225946
944.4633483886719,670.393123626709,919.6968078613281,627.2548770904541,915.8457946777344,582.6655340194702,923.2963562011719,556.3043117523193,931.3536071777344,540.3297185897827,967.2945404052734,538.9147138595581,958.5446166992188,510.4726552963257,951.2862396240234,496.756911277771,947.7037811279297,487.789363861084,987.6081085205078,545.0608777999878,949.8387908935547,540.3972244262695,933.0411529541016,566.3957262039185,932.7050018310547,588.1903266906738,1000.3916931152344,559.5215892791748,960.4657745361328,557.8279781341553,947.1315765380859,582.7892589569092,949.2041778564453,601.2338447570801,1009.4440460205078,580.4245376586914,975.7399749755859,575.8701038360596,963.4071350097656,595.3832817077637,965.8658599853516,610.0436782836914,108,1787748835.2661855
929.0083312988281,668.1625127792358,906.2741851806641,624.7010278701782,903.1863403320312,575.7971048355103,913.0406951904297,546.0779285430908,927.9119873046875,530.2152585983276,952.4920654296875,538.8888359069824,948.0391693115234,508.42241764068604,942.7674865722656,490.127477645874,941.0404968261719,475.8406162261963,975.4322052001953,544.6019840240479,947.4404907226562,534.6636486053467,928.2907867431641,563.7630414962769,927.4198913574219,586.2917947769165,991.7842864990234,558.2629251480103,960.5443572998047,552.7686452865601,944.9433135986328,579.3625974655151,946.4908599853516,597.2405290603638,1004.0546417236328,578.0529928207397,977.7133941650391,569.4683361053467,963.6495971679688,589.3638896942139,965.5764770507812,603.0059909820557,109,1787748835.306776
907.8528594970703,681.4063167572021,883.9910125732422,643.4328889846802,870.7644653320312,603.3001756668091,880.3096008300781,569.8445320129395,900.1607513427734,552.322883605957,878.9299774169922,558.8115119934082,874.1787719726562,518.6603450775146,880.2403259277344,517.6753520965576,884.0088653564453,533.2584285736084,906.5618133544922,563.6615896224976,916.6549682617188,538.014349937439,909.3181610107422,568.1426811218262,900.4807281494141,589.2099952697754,933.7522888183594,574.109845161438,942.1773529052734,561.6268873214722,928.0558013916016,591.3312149047852,916.7794799804688,609.0079164505005,957.8990936279297,590.5774927139282,964.4938659667969,579.100170135498,949.1101837158203,599.7997426986694,936.890869140625,612.7528810501099,110,1787748835.3455062
905.4487609863281,676.3010215759277,882.4331665039062,628.0816841125488,875.4522705078125,577.7584648132324,875.8441162109375,539.4655752182007,879.4300842285156,511.46528720855713,907.8634643554688,554.8070812225342,909.3927001953125,519.7139596939087,895.4735565185547,538.8186264038086,890.7086181640625,560.7211589813232,927.9420471191406,563.871660232544,924.5203399658203,535.6070137023926,907.9775238037109,560.1867341995239,904.3655395507812,581.9161033630371,947.4916839599609,577.2996139526367,942.3473358154297,553.7841939926147,926.7671203613281,575.2895450592041,923.3073425292969,595.0851488113403,966.068115234375,594.6759510040283,963.1087493896484,573.4933662414551,948.7381744384766,588.1130790710449,944.9290466308594,602.7990102767944,111,1787748835.391552
904.3642425537109,672.7271175384521,882.6322937011719,623.330225944519,876.8369293212891,573.3744478225708,877.9302215576172,538.7400913238525,881.6872406005859,512.7349805831909,912.0557403564453,554.7649812698364,910.8855438232422,522.385311126709,896.0488128662109,538.2667779922485,889.4192504882812,559.6694755554199,930.8399200439453,563.9343595504761,926.1098480224609,534.5406103134155,906.6582489013672,556.7842769622803,900.2106475830078,580.3218412399292,949.8122406005859,577.5871467590332,943.3963775634766,552.8879928588867,926.3676452636719,573.8212823867798,921.8929290771484,595.5966567993164,967.9774475097656,595.7355737686157,964.1033172607422,573.7365674972534,948.6821746826172,586.9532060623169,943.7310791015625,602.6839971542358,112,1787748835.4315062
904.3276977539062,671.1143589019775,883.2862854003906,623.6916160583496,876.8251037597656,575.4916763305664,878.0620574951172,540.8583927154541,881.0271453857422,514.601583480835,910.208740234375,557.6054191589355,913.0491638183594,525.5226802825928,898.785400390625,540.7429933547974,891.4804077148438,561.3864755630493,929.129638671875,566.9704484939575,929.6248626708984,537.6879787445068,911.6168975830078,557.8883171081543,904.5896911621094,579.8054838180542,947.8291320800781,580.4226493835449,946.8058013916016,556.0510683059692,930.1070404052734,575.204873085022,924.0186309814453,595.9080076217651,965.1669311523438,598.2704544067383,965.6285858154297,576.4213514328003,950.4965209960938,588.6418390274048,944.1366577148438,603.8282918930054,113,1787748835.4709287
918.6750793457031,649.1323471069336,899.9763488769531,607.0178890228271,898.8300323486328,563.0064010620117,917.9896545410156,534.0840339660645,938.8761138916016,516.978235244751,904.3247985839844,532.0380449295044,905.5924224853516,503.30772399902344,910.6681823730469,485.8297634124756,915.6951141357422,471.6264581680298,931.8086242675781,538.7103080749512,946.3864135742188,514.7972774505615,941.2492370605469,539.995493888855,934.3453979492188,558.1876516342163,956.3810729980469,552.6723003387451,969.8345184326172,542.886700630188,957.1170043945312,567.5423383712769,947.2019195556641,581.1878728866577,976.1561584472656,571.9207763671875,987.7334594726562,562.3405265808105,974.0168762207031,578.7653875350952,963.387451171875,589.0636110305786,114,1787748835.511725
920.3379821777344,635.4987859725952,901.3429260253906,602.1347665786743,898.4511566162109,561.4105081558228,913.0763244628906,530.0716209411621,929.7978210449219,510.0446605682373,909.1693115234375,529.0935373306274,908.8411712646484,499.1257095336914,912.8057861328125,482.946195602417,917.4880981445312,471.14885330200195,934.737548828125,536.6929006576538,948.5401916503906,513.3820152282715,941.0106658935547,541.5488147735596,931.4398956298828,562.0006799697876,957.7039337158203,550.7443284988403,969.1461181640625,542.2118997573853,956.3624572753906,569.2420434951782,945.555419921875,583.9795160293579,976.69189453125,569.9627637863159,986.3795471191406,562.571325302124,971.8257141113281,580.8858346939087,959.3901824951172,591.3618993759155,115,1787748835.5560014
839.4377899169922,651.2509059906006,810.2369689941406,622.266526222229,797.5852966308594,579.4131946563721,804.0747833251953,547.4714756011963,817.4151611328125,524.8963737487793,822.8563690185547,542.3296165466309,815.8248138427734,510.0303268432617,803.3156585693359,497.20593452453613,792.7047729492188,493.8382387161255,849.892578125,546.763801574707,842.77587890625,525.3879261016846,829.8918151855469,554.3779277801514,830.5834197998047,571.54625415802,875.2249145507812,558.9308166503906,867.3109436035156,545.8378601074219,851.2278747558594,572.4138736724854,851.6626739501953,584.7707033157349,898.0561828613281,576.7672491073608,892.1937561035156,564.1793632507324,875.6142425537109,583.0932283401489,873.4834289550781,593.6523342132568,116,1787748835.66497
839.9575042724609,650.3913974761963,811.2075805664062,624.0973377227783,795.4772186279297,581.7147445678711,802.4314880371094,549.835638999939,820.3643035888672,531.1478090286255,819.4699096679688,542.4539852142334,812.1047210693359,514.674882888794,800.1132965087891,500.4797315597534,790.2202606201172,493.9213228225708,847.2064971923828,546.5535163879395,840.5465698242188,527.2930669784546,828.2782745361328,556.7340230941772,828.9044952392578,571.8827104568481,873.0879211425781,558.7732744216919,865.4642486572266,545.4735946655273,850.9719848632812,572.6735544204712,851.0652923583984,583.8675928115845,897.1237182617188,577.1395397186279,889.4486236572266,564.6284294128418,873.8195037841797,583.9589595794678,870.7351684570312,594.2617321014404,117,1787748835.7009723
881.4199066162109,636.2980842590332,862.9428863525391,601.2004566192627,864.5106506347656,558.1399297714233,884.4478607177734,528.0154609680176,907.6421356201172,509.52105045318604,883.4525299072266,532.6011371612549,882.3291015625,500.9984064102173,881.8905639648438,482.75625228881836,885.0480651855469,472.2514343261719,908.5169219970703,542.9636478424072,919.0811920166016,510.08281230926514,901.4904022216797,534.1578912734985,893.2445526123047,555.6021738052368,931.0694122314453,559.4795322418213,937.4814605712891,537.7975416183472,914.3784332275391,565.0330352783203,904.5947265625,585.9474849700928,950.8847045898438,581.3364458084106,956.2823486328125,559.6220541000366,936.2237548828125,576.4658546447754,925.9165191650391,592.4614763259888,118,1787748835.8200676
837.5022888183594,657.0167112350464,810.9231567382812,635.5308437347412,791.6402435302734,593.0573129653931,793.1869506835938,560.2250146865845,804.6859741210938,537.8695106506348,813.8627624511719,550.3127288818359,801.3229370117188,517.5703382492065,785.8980560302734,497.3440361022949,773.1037902832031,480.52658557891846,841.6487884521484,553.0119752883911,829.7198486328125,528.1418466567993,821.8115997314453,559.6647119522095,825.8649444580078,579.2210626602173,867.6498413085938,563.3995914459229,855.2957916259766,547.5924110412598,844.1343688964844,576.7241191864014,847.7152252197266,590.1894521713257,892.4515533447266,579.4920301437378,880.7772827148438,565.350136756897,869.5781707763672,585.9413909912109,871.9708251953125,596.6720724105835,119,1787748835.9432268
836.5512084960938,662.3777389526367,808.6747741699219,635.759539604187,789.6105194091797,592.0357990264893,789.0868377685547,560.0019407272339,799.4999694824219,539.6792078018188,820.8509826660156,552.9196214675903,812.5537109375,530.1615715026855,802.8919219970703,541.8308544158936,798.6949157714844,547.1060943603516,846.8278503417969,556.8338871002197,835.1158142089844,537.4316453933716,824.6031188964844,564.3471622467041,825.8448791503906,578.6815738677979,870.9149932861328,566.7549705505371,856.7719268798828,553.1783151626587,846.5786743164062,579.0578985214233,848.4718322753906,591.410608291626,893.1356811523438,581.4540767669678,879.1642761230469,566.9647407531738,868.3205413818359,586.1364841461182,869.2560577392578,596.5271043777466,120,1787748835.980477
834.7057342529297,649.8584747314453,807.4617004394531,617.7966785430908,796.0688781738281,568.9464426040649,796.5816497802734,533.3091115951538,795.4914093017578,508.2953453063965,821.0780334472656,543.1215763092041,823.3436584472656,516.4889144897461,815.7965850830078,538.6028480529785,811.2420654296875,558.9406871795654,846.3229370117188,548.4727764129639,846.3846588134766,527.9122495651245,834.9880981445312,556.230411529541,833.3412170410156,573.6033582687378,870.5889892578125,559.001669883728,871.5032196044922,543.0031299591064,857.8504943847656,568.2016468048096,854.737548828125,584.0848302841187,893.1463623046875,573.8713645935059,895.0765228271484,557.3548364639282,881.6037750244141,574.4543695449829,877.8885650634766,586.5725040435791,121,1787748836.016991
836.2355041503906,652.8756380081177,806.4109039306641,619.8349857330322,794.5433807373047,568.6159944534302,794.8909759521484,532.3221015930176,794.1631317138672,507.04925537109375,823.0799102783203,544.6482467651367,826.2101745605469,517.2915601730347,818.7593841552734,540.2946138381958,814.5018005371094,560.5822420120239,848.5807037353516,549.5844554901123,849.2394256591797,530.2143573760986,837.8558349609375,558.4450149536133,835.4734039306641,575.1109743118286,872.6610565185547,559.5073843002319,874.1542816162109,544.8511505126953,861.0220336914062,570.1058864593506,857.4800872802734,585.8128595352173,894.1524505615234,573.6753702163696,897.5764465332031,557.543363571167,883.9385986328125,575.2246141433716,879.5565032958984,587.5798559188843,122,1787748836.0546153
858.2874298095703,632.5265979766846,833.9684295654297,594.3416833877563,826.326904296875,546.0008955001831,834.6794128417969,508.6929988861084,850.1283264160156,481.23438835144043,849.1934204101562,520.945029258728,851.3048553466797,493.5465431213379,838.2697296142578,499.4942235946655,827.8000640869141,507.9619789123535,872.8920745849609,526.7440509796143,874.1756439208984,494.2519426345825,855.4084014892578,518.8236808776855,847.9280090332031,541.1067867279053,896.1105346679688,539.4661331176758,893.8631439208984,513.6404943466187,873.9606475830078,540.032229423523,867.8565979003906,562.1789503097534,917.3831939697266,557.7954483032227,914.6479797363281,532.4426937103271,896.6391754150391,549.5700788497925,890.6655883789062,567.8500843048096,123,1787748836.0935144
861.1553955078125,617.2442722320557,837.7108001708984,591.3146495819092,827.6930999755859,549.4303464889526,837.9999542236328,516.4300346374512,861.8138885498047,497.47196674346924,846.8915557861328,510.9762668609619,834.415283203125,466.05591773986816,825.7881164550781,431.51824951171875,819.4587707519531,403.7709903717041,873.9996337890625,515.5094146728516,870.6832885742188,484.2873001098633,855.3648376464844,513.8875150680542,848.5744476318359,541.3217067718506,897.8050231933594,530.2798891067505,890.3372955322266,509.48856353759766,873.64013671875,538.7391471862793,870.6657409667969,560.9489107131958,919.8902893066406,551.9732522964478,914.5281219482422,530.0373315811157,897.5460815429688,549.1998481750488,893.0608367919922,567.533712387085,124,1787748836.1313446
861.8238830566406,618.7443351745605,836.2757873535156,587.7756786346436,827.6766967773438,542.1226358413696,832.4996948242188,509.9288320541382,841.9636535644531,487.23206520080566,849.6083831787109,508.9856815338135,836.1831665039062,460.53460121154785,822.7099609375,425.6428813934326,814.4852447509766,397.6680850982666,871.5248870849609,513.5727739334106,860.7364654541016,483.5892391204834,848.1581115722656,513.5764217376709,850.7730102539062,537.5912475585938,893.1605529785156,524.4734001159668,878.6648559570312,498.04089546203613,865.6563568115234,528.0091953277588,870.8119964599609,548.0790710449219,916.3187408447266,540.7896423339844,899.4353485107422,514.7305870056152,884.9481964111328,537.7948808670044,888.3063507080078,556.0205984115601,125,1787748836.170691
858.1925964355469,638.2694435119629,819.6119689941406,598.5509920120239,800.1026153564453,554.4388675689697,792.0064544677734,522.8928279876709,783.8585662841797,496.3753080368042,824.0670013427734,514.0412378311157,799.7415161132812,489.56013679504395,790.6666564941406,510.17756938934326,790.5506896972656,529.3139934539795,844.9729156494141,514.5121908187866,816.4561462402344,494.17572498321533,810.5564880371094,522.267894744873,815.9699249267578,541.5981674194336,866.2501525878906,518.4988117218018,833.0691528320312,502.17098236083984,828.6725616455078,531.9993782043457,835.6496429443359,550.8941888809204,887.0578765869141,526.6404104232788,851.5568542480469,510.47754764556885,845.3714752197266,532.9172515869141,852.5888824462891,548.7712526321411,126,1787748836.2343
842.8291320800781,618.4159898757935,799.0106201171875,592.7241611480713,768.4408569335938,554.7187614440918,756.8408966064453,520.5714082717896,760.9066009521484,494.85666275024414,769.2331695556641,508.6741590499878,735.4471588134766,473.9236307144165,709.1639709472656,449.4418430328369,689.7893524169922,429.7837829589844,797.8408813476562,505.1004695892334,780.2210998535156,480.2183246612549,786.26953125,515.6756687164307,795.2639770507812,538.6428880691528,827.8201293945312,509.1195774078369,810.1298522949219,498.85388374328613,811.3233947753906,533.3469200134277,819.0706634521484,548.2662677764893,858.2544708251953,519.5417404174805,839.786376953125,507.7576160430908,834.4267272949219,535.0147390365601,839.3587493896484,547.7775478363037,127,1787748836.2718306
837.2780609130859,603.7266254425049,798.3072662353516,579.9468898773193,767.9562377929688,542.9778957366943,755.54931640625,509.5307493209839,757.373046875,479.32950496673584,774.5014953613281,492.4272680282593,743.3001708984375,455.77674865722656,719.2478179931641,433.7291193008423,700.4167938232422,414.21714305877686,801.4452362060547,487.6090335845947,782.4300384521484,463.8026475906372,782.830810546875,498.83740425109863,791.0731506347656,521.8536329269409,828.8941955566406,491.72950744628906,809.0995025634766,479.18243408203125,807.8680419921875,513.1630182266235,816.1526489257812,530.1148366928101,857.0302581787109,502.47040271759033,836.1726379394531,489.5541715621948,829.5395660400391,515.6850671768188,835.4000854492188,530.8431100845337,128,1787748836.318379
838.4488677978516,601.3873100280762,798.5763549804688,578.5590505599976,766.5754699707031,541.3845348358154,751.5715026855469,507.70307064056396,757.9679870605469,479.41112995147705,773.1049346923828,492.95971870422363,742.3593139648438,455.4825210571289,718.8741302490234,432.86283016204834,700.9630584716797,412.7611970901489,800.5577087402344,487.89939880371094,782.7040100097656,464.58666801452637,780.2515411376953,496.89866065979004,784.9613952636719,519.4006776809692,829.1531372070312,491.6161251068115,809.4040679931641,479.11033630371094,807.3316192626953,511.51880264282227,814.0495300292969,529.1676950454712,858.3382415771484,502.4931478500366,837.6799011230469,488.86035919189453,830.0387573242188,514.1588687896729,834.4415283203125,529.9881505966187,129,1787748836.3569944
848.3782196044922,583.8290548324585,809.7933959960938,559.052996635437,778.1603240966797,521.667594909668,764.1363525390625,487.99771785736084,767.5637817382812,458.11052799224854,783.9293670654297,473.8198184967041,749.9526977539062,439.1240930557251,724.8024749755859,417.9944658279419,706.6623687744141,396.6935634613037,811.1818695068359,468.38969707489014,788.5002899169922,448.9248847961426,792.2573089599609,489.21956062316895,804.4059753417969,505.531210899353,839.4192504882812,472.2492027282715,815.9187316894531,466.83706283569336,816.1095428466797,504.17027950286865,827.5807952880859,511.9703149795532,868.2007598876953,482.68964767456055,843.6053466796875,476.3658142089844,838.1822204589844,504.76109504699707,846.2548828125,513.4000825881958,130,1787748836.397668
845.5473327636719,579.8247957229614,807.5347900390625,556.3328504562378,775.3609466552734,519.2371702194214,764.0044403076172,487.11555004119873,769.4131469726562,460.8223485946655,781.9272613525391,470.40534496307373,748.4463500976562,437.50210762023926,723.2907867431641,418.2900667190552,704.6138763427734,398.0441951751709,809.7599792480469,466.1378860473633,787.3681640625,449.3531370162964,788.4803009033203,489.7902488708496,798.8642883300781,505.9975290298462,838.1948852539062,470.9083127975464,814.43603515625,467.20141410827637,814.0204620361328,504.34966564178467,824.4274139404297,512.6677322387695,867.0151519775391,482.4855422973633,841.9408416748047,474.8222351074219,836.3768768310547,503.68743896484375,843.7808227539062,512.7859210968018,131,1787748836.4375417
851.2172698974609,575.6294345855713,807.2762298583984,547.9123020172119,775.3980255126953,508.13445568084717,764.4425201416016,475.2408742904663,767.4809265136719,448.74112129211426,787.8884887695312,466.41387462615967,764.8854827880859,438.35711002349854,744.1284942626953,438.0576467514038,727.5416564941406,445.07585048675537,812.9244995117188,463.1520938873291,787.5775146484375,442.6932764053345,788.1521606445312,478.2443904876709,796.7477416992188,498.72350692749023,840.1731109619141,466.6381502151489,812.1963500976562,458.9563465118408,813.6184692382812,495.15140533447266,823.1634521484375,511.9952917098999,868.0641174316406,475.54359912872314,838.8960266113281,465.5924320220947,834.7284698486328,492.2643184661865,841.6349792480469,506.31969451904297,132,1787748836.4748495
849.1583251953125,572.7851343154907,807.3345184326172,547.3648738861084,776.8111419677734,507.9979419708252,765.8102416992188,477.1797466278076,765.8016204833984,451.25059604644775,789.8842620849609,465.4803800582886,766.4173889160156,438.97088527679443,744.6450042724609,438.03515911102295,726.6407012939453,444.18222427368164,814.5649719238281,462.5283622741699,789.4521331787109,442.8509044647217,789.6467590332031,477.96810150146484,798.3135986328125,498.5362672805786,841.0730743408203,466.53618335723877,813.7286376953125,459.826455116272,814.0118408203125,494.6959447860718,823.2817077636719,510.71130752563477,868.2102203369141,475.85636615753174,839.5269775390625,466.3709592819214,834.8828125,492.47353076934814,841.6452789306641,506.2544631958008,133,1787748836.513365
853.5216522216797,567.7286338806152,812.2034454345703,539.1665840148926,782.9998779296875,503.00907611846924,768.4828186035156,472.6599454879761,771.6153717041016,444.33079719543457,811.8563842773438,446.3430118560791,783.1981658935547,431.918306350708,780.7913970947266,462.6893377304077,788.5050201416016,481.644229888916,833.8456726074219,447.3465871810913,797.9611206054688,439.0331983566284,796.6610717773438,474.78185176849365,807.2280883789062,490.03623962402344,855.1694488525391,454.29505348205566,818.31787109375,457.68678188323975,816.7643737792969,490.40608406066895,826.8370819091797,503.121600151062,875.1814270019531,466.93169116973877,840.9312438964844,466.22852325439453,835.34423828125,490.6689405441284,842.6699829101562,502.8428649902344,134,1787748836.5525322
849.8600769042969,553.731279373169,815.5869293212891,533.1725549697876,786.4051055908203,495.34611225128174,770.3167724609375,465.1497173309326,775.7932281494141,440.0669002532959,810.3684234619141,439.91570949554443,778.3360290527344,409.654598236084,754.0283966064453,390.4065942764282,735.7472991943359,372.6554346084595,835.8625030517578,437.7310609817505,796.1294555664062,431.4255952835083,794.1200256347656,467.81896591186523,805.9967041015625,483.2662582397461,859.3534851074219,446.950306892395,819.4845581054688,450.5999994277954,816.8655395507812,484.0825939178467,829.0019989013672,495.26440143585205,880.2845001220703,464.22815322875977,845.6037139892578,465.0373649597168,838.2984924316406,489.2960786819458,846.6957855224609,499.9171543121338,135,1787748836.5913339
852.4546813964844,557.1525764465332,816.6643524169922,534.1713666915894,786.4057159423828,495.8834981918335,770.679931640625,465.6188678741455,775.3021240234375,441.0248565673828,809.9475860595703,439.2494058609009,778.8352966308594,407.7139663696289,754.1701507568359,388.3735656738281,734.6068572998047,371.99243545532227,834.5742797851562,437.70187854766846,796.2216949462891,431.5827512741089,794.6222686767578,467.0596647262573,805.7658386230469,482.52124786376953,857.8010559082031,446.6210174560547,818.7586975097656,449.6615695953369,816.8029022216797,482.7995538711548,828.0192565917969,494.19636726379395,878.9871978759766,463.8846158981323,843.9162445068359,464.1353702545166,837.6659393310547,488.36867809295654,845.765380859375,499.1209030151367,136,1787748836.633313
854.8688507080078,559.8506212234497,816.8413543701172,534.1313695907593,786.1824798583984,495.5816316604614,770.6282806396484,465.35948753356934,774.2364501953125,440.41022300720215,809.2118835449219,439.6668004989624,778.4207916259766,407.85528659820557,754.2743682861328,389.1925621032715,735.3971862792969,372.9171323776245,834.4392395019531,437.95323371887207,795.7250213623047,430.9399652481079,793.8167572021484,467.1021509170532,805.3864288330078,482.6044178009033,858.1656646728516,446.74877643585205,818.4201812744141,449.5869827270508,816.3664245605469,483.3318328857422,827.8591156005859,494.7526788711548,879.8458862304688,463.8330316543579,843.8629150390625,464.3579292297363,837.5281524658203,489.1384506225586,845.7836151123047,499.86926078796387,137,1787748836.6715806
859.0834045410156,563.1304264068604,821.2851715087891,536.8432760238647,791.5098571777344,498.35426330566406,775.4741668701172,467.7044677734375,778.3985900878906,443.05724143981934,815.6396484375,440.15809535980225,782.0435333251953,409.34547901153564,755.8450317382812,393.2875442504883,735.1116943359375,377.6540422439575,840.5112457275391,438.5316467285156,797.6850891113281,433.4200859069824,796.9612121582031,470.9580945968628,810.5002593994141,483.76901149749756,863.5639953613281,448.0045223236084,820.8828735351562,452.72894382476807,819.7657012939453,487.2868251800537,832.9965209960938,495.8709239959717,884.4870758056641,465.4465627670288,846.8504333496094,466.26757621765137,840.9124755859375,491.4712429046631,850.4898071289062,500.34858226776123,138,1787748836.7114305
861.9709014892578,564.6671390533447,822.1041870117188,537.0184135437012,792.11669921875,498.7212324142456,775.9757995605469,467.76463508605957,778.7501525878906,441.96221351623535,817.386474609375,439.3637752532959,783.5117340087891,408.94482135772705,757.1153259277344,392.4565315246582,736.6973876953125,376.99679374694824,841.5242004394531,438.1918430328369,797.6194000244141,434.1726064682007,797.2102355957031,472.7088260650635,811.3223266601562,483.5397148132324,863.8487243652344,447.57086277008057,820.1747131347656,451.98710918426514,819.4822692871094,487.4263858795166,833.2991790771484,495.0087547302246,883.6016082763672,465.2565336227417,845.9383392333984,466.1126947402954,840.5481719970703,491.27241611480713,850.6911468505859,499.23261165618896,139,1787748836.752048
874.8569488525391,573.8111114501953,831.8539428710938,533.1550884246826,803.2497406005859,493.429856300354,787.1826171875,460.81835746765137,791.5031433105469,432.5388193130493,839.5538330078125,435.8030033111572,804.5844268798828,427.6255702972412,802.4620819091797,460.20252227783203,811.2866973876953,474.5528984069824,861.5155792236328,438.8136863708496,820.1618194580078,437.0302104949951,817.9583740234375,473.4897994995117,828.2127380371094,484.7716426849365,882.1050262451172,448.5499334335327,840.5299377441406,453.702392578125,837.7770233154297,486.48855686187744,847.9862976074219,497.15980052948,899.0753173828125,464.04237270355225,863.4696197509766,464.85300064086914,857.9003143310547,488.32808017730713,865.8544921875,498.9554214477539,140,1787748836.7876775
866.1916351318359,557.6486778259277,829.4717407226562,531.2451410293579,801.8593597412109,494.7449541091919,786.4820861816406,464.70691680908203,795.2345275878906,439.9972915649414,827.3111724853516,437.5234794616699,796.1550140380859,407.98587799072266,771.7317199707031,389.99799728393555,752.4229431152344,373.32525730133057,852.6232147216797,436.216835975647,814.1409301757812,430.60380935668945,811.8370056152344,467.66215324401855,823.099365234375,483.1761360168457,876.1365509033203,446.18946075439453,836.9776153564453,450.17930030822754,833.5498046875,483.0363178253174,844.9915313720703,494.0017890930176,896.6504669189453,464.45929527282715,862.7014923095703,466.2247037887573,854.3354797363281,489.6759223937988,861.7745971679688,499.82720375061035,141,1787748836.8427622
868.3513641357422,559.1613149642944,831.0128784179688,533.2238817214966,801.9078826904297,495.11406898498535,786.6382598876953,463.96533966064453,793.5144805908203,439.8918056488037,827.8184509277344,437.07982063293457,795.8029937744141,406.43320083618164,771.063232421875,386.9333267211914,751.7996215820312,370.04244804382324,852.7199554443359,436.295371055603,813.6174774169922,431.53146743774414,811.8180847167969,468.0453872680664,822.4830627441406,482.86431312561035,876.0383605957031,446.29644870758057,836.4063262939453,450.2522134780884,833.7857055664062,482.5894832611084,844.2019653320312,493.17923069000244,896.4176940917969,464.6293258666992,862.3550415039062,465.792760848999,855.6768035888672,489.1985321044922,863.2272338867188,499.23583030700684,142,1787748836.87886
869.7760009765625,562.488112449646,829.8651123046875,535.374755859375,799.8316955566406,498.25671672821045,783.392333984375,468.77546310424805,788.3480834960938,444.79981899261475,825.543212890625,438.00940990448,793.392333984375,407.5937604904175,768.4326934814453,389.49026584625244,748.5247802734375,373.43799591064453,850.7522583007812,436.5036392211914,808.3396148681641,436.42609119415283,808.0738067626953,472.6942777633667,821.1780548095703,483.75497817993164,873.5520935058594,446.02256298065186,831.9668579101562,454.3955612182617,831.0470581054688,485.9534025192261,843.7641143798828,492.85041332244873,892.7088165283203,464.46118354797363,858.1257629394531,467.8126573562622,852.1943664550781,491.5067768096924,861.1795806884766,499.9004602432251,143,1787748836.9253643
871.0470581054688,564.2748069763184,830.732421875,535.9757852554321,799.7518157958984,498.64080905914307,783.2830047607422,468.30150604248047,789.0528869628906,444.25758361816406,825.0746154785156,437.7429485321045,792.9683685302734,408.3716011047363,767.9879760742188,391.22185707092285,747.9998016357422,376.05196952819824,850.3842926025391,436.2169647216797,808.0635070800781,436.57264709472656,807.9999542236328,473.5389804840088,821.439208984375,484.04916286468506,873.6756896972656,446.037540435791,832.2488403320312,453.8912630081177,830.6118774414062,486.4018249511719,842.9544830322266,493.2671642303467,893.7958526611328,464.74785804748535,858.6636352539062,467.59138584136963,852.5247192382812,491.5571594238281,861.7002105712891,499.67004776000977,144,1787748836.9592319
875.1725769042969,565.8049964904785,831.8262481689453,533.3658027648926,799.1555023193359,497.03362941741943,782.9426574707031,467.44723320007324,786.2673187255859,442.9656171798706,825.5857086181641,435.05013942718506,786.8115234375,419.52019214630127,757.8955841064453,420.80838203430176,733.8168334960938,422.12742805480957,849.9921417236328,434.0217590332031,803.3607482910156,436.90871715545654,807.1813201904297,473.57640266418457,821.3368225097656,482.9089021682739,873.0966949462891,443.4260129928589,827.5276184082031,454.387149810791,830.0617980957031,487.9825258255005,842.6466369628906,493.411660194397,893.3686828613281,461.5316963195801,854.6564483642578,467.0239591598511,851.5370941162109,492.6008176803589,860.2751922607422,499.2352294921875,145,1787748836.993094
873.2994079589844,563.1133460998535,830.9841918945312,531.94899559021,797.8385925292969,496.6044759750366,780.9291076660156,468.34068775177,787.2153472900391,444.9580907821655,829.5679473876953,433.58548164367676,790.7859802246094,419.520320892334,763.5890960693359,420.7640504837036,742.1381378173828,421.41129970550537,852.6091766357422,434.4238328933716,805.1187896728516,438.0991458892822,807.0279693603516,473.86256217956543,820.029296875,484.1476535797119,874.1941070556641,444.6209907531738,828.782958984375,456.4774703979492,830.5166625976562,488.50210189819336,842.7721405029297,494.81215953826904,893.3280181884766,462.48209953308105,856.4662170410156,466.84680461883545,852.1736907958984,491.177659034729,860.2604675292969,498.69102001190186,146,1787748837.0486507
870.0271606445312,553.5183763504028,831.4854431152344,526.7556810379028,800.2292633056641,491.599817276001,784.6750640869141,461.8499994277954,792.2913360595703,438.07112216949463,828.2574462890625,432.17034816741943,792.0459747314453,407.6968002319336,765.6065368652344,396.14562034606934,744.8402404785156,384.9393939971924,852.5495910644531,430.326189994812,808.7114715576172,432.5330686569214,809.0994262695312,468.1691551208496,821.0076904296875,482.7079725265503,874.1640472412109,439.09993171691895,830.9197998046875,451.2347173690796,830.4244995117188,483.5791540145874,841.4768981933594,495.0157928466797,892.8264617919922,455.74589252471924,856.9809722900391,462.0653486251831,850.8638763427734,486.11321926116943,857.6962280273438,496.89990520477295,147,1787748837.0877635
870.7592010498047,552.9125833511353,831.8727111816406,526.6421699523926,801.4389038085938,491.66908264160156,785.9425354003906,462.96961784362793,789.0290069580078,439.6095085144043,827.7369689941406,430.9031867980957,793.1862640380859,407.5275421142578,766.5380859375,396.35895252227783,744.0364074707031,385.98060607910156,851.9857025146484,430.10783672332764,808.6048126220703,429.6795845031738,808.4603881835938,466.31619930267334,819.4937133789062,481.4729976654053,874.0950775146484,439.48333740234375,830.8976745605469,448.15343856811523,830.6737518310547,481.406307220459,841.0043334960938,493.0659341812134,893.3234405517578,456.9207429885864,856.8184661865234,461.41685485839844,851.8194580078125,486.52791023254395,858.9269256591797,497.54977226257324,148,1787748837.1542065
872.6691436767578,548.1040477752686,829.4921875,517.7312278747559,796.1502075195312,483.2783603668213,780.3091430664062,457.85895824432373,782.7556610107422,436.02993965148926,819.6184539794922,423.8454580307007,783.1349182128906,412.8009796142578,755.6236267089844,418.30933570861816,732.3312377929688,424.2789888381958,844.0190124511719,421.69273853302,803.0403900146484,424.2465877532959,804.5322418212891,459.40412521362305,815.6451416015625,474.4617033004761,867.1767425537109,429.5657730102539,824.7272491455078,440.67153453826904,826.5287017822266,472.7031183242798,837.8377532958984,483.92316341400146,887.6935577392578,445.6867504119873,851.5782928466797,452.9959201812744,849.2234802246094,477.1734809875488,857.398681640625,487.1216869354248,149,1787748837.2146585
872.745361328125,535.0721168518066,827.9307556152344,502.8137254714966,796.4712524414062,468.8972997665405,779.5478820800781,443.22113513946533,774.5288848876953,416.5312671661377,836.6753387451172,405.3898000717163,796.4556121826172,400.3072500228882,795.1497650146484,432.2531318664551,806.8955230712891,450.21371841430664,854.6522521972656,407.8740406036377,806.3496398925781,405.179386138916,805.2664184570312,439.98570442199707,819.7940063476562,457.69789695739746,869.8872375488281,417.1466302871704,822.3265075683594,419.73429679870605,822.1542358398438,450.8473205566406,836.1868286132812,466.1930322647095,881.9658660888672,432.60890007019043,844.962158203125,435.2833843231201,841.5340423583984,457.1032190322876,852.0289611816406,469.40571784973145,150,1787748837.2556875
870.0828552246094,531.5340042114258,825.9866333007812,499.72180366516113,795.5448150634766,464.2427444458008,780.3688812255859,435.30471324920654,776.0393524169922,407.6689910888672,836.7484283447266,406.5088176727295,797.7688598632812,398.9706516265869,794.9564361572266,431.65030002593994,805.0837707519531,451.78935527801514,854.4928741455078,408.3061981201172,808.1212615966797,403.90355587005615,805.4145812988281,438.2036018371582,817.2174072265625,457.100772857666,869.5883941650391,416.791934967041,822.9493713378906,417.6671504974365,822.0555114746094,449.35957431793213,834.13330078125,466.56609535217285,881.41357421875,431.4492416381836,842.9755401611328,433.0670642852783,840.3345489501953,455.4912328720093,850.3933715820312,468.9085865020752,151,1787748837.294709
860.1547241210938,505.05073070526123,819.9383544921875,480.905442237854,790.6589508056641,448.3837652206421,774.5223999023438,422.9462957382202,772.5226593017578,400.5004119873047,805.0574493408203,396.16145610809326,773.1765747070312,369.25164699554443,748.1221008300781,350.81482887268066,729.4266510009766,333.82275581359863,826.9163513183594,392.82744884490967,795.5278778076172,383.73433113098145,798.6939239501953,415.7988739013672,811.3567352294922,433.83245944976807,848.9468383789062,398.08234691619873,816.7610931396484,400.09164333343506,818.8755035400391,429.19519901275635,831.5126800537109,442.33999729156494,870.3496551513672,411.1088705062866,839.8976898193359,411.39769077301025,837.9170227050781,433.90215396881104,847.5540924072266,445.6426763534546,152,1787748837.33101
854.0074157714844,495.36486625671387,817.2129058837891,478.4250211715698,785.5705261230469,446.9311237335205,772.2764587402344,420.5133390426636,772.0664978027344,398.3434009552002,795.9022521972656,391.79795265197754,760.3099060058594,360.0899076461792,735.0687408447266,340.02037525177,716.0085296630859,322.1203422546387,820.4193115234375,387.279052734375,790.8786773681641,383.4624195098877,794.9257659912109,417.1897602081299,807.7973175048828,433.72143745422363,844.649658203125,393.006534576416,814.2529296875,398.26229095458984,816.8190002441406,429.18962001800537,828.3017730712891,441.54876708984375,868.9959716796875,406.11292362213135,840.8042144775391,408.480863571167,838.2319641113281,432.99736976623535,846.4639282226562,444.3544864654541,153,1787748837.368581
853.0268096923828,482.52880096435547,811.0758972167969,461.6997528076172,778.0817413330078,433.37244987487793,760.8505249023438,409.86698627471924,757.9835510253906,389.05956745147705,791.1952972412109,380.0825786590576,752.0712280273438,353.2751226425171,725.5390930175781,337.1313142776489,706.7498779296875,321.3420510292053,814.0184783935547,374.05426025390625,778.0220031738281,373.78947257995605,782.2650909423828,405.8729410171509,797.9327392578125,417.93060779571533,835.5422210693359,377.2373342514038,798.3905792236328,383.47233295440674,801.8160247802734,413.06817054748535,816.5066528320312,420.9203052520752,856.6651153564453,387.8430461883545,822.9270935058594,393.8549280166626,822.0590209960938,417.1743106842041,833.4806060791016,425.4530668258667,154,1787748837.4053428
852.4762725830078,477.18090534210205,810.6510925292969,460.8424758911133,777.442626953125,432.7863121032715,761.4215087890625,408.54974269866943,758.089599609375,388.04770946502686,787.9637908935547,379.94439125061035,750.5717468261719,352.5638222694397,725.9169769287109,336.53202295303345,708.521728515625,321.0274386405945,811.9200134277344,373.58352184295654,777.7542877197266,374.1268301010132,782.8073883056641,405.0484085083008,797.0828247070312,416.82236194610596,834.4922637939453,376.77260398864746,799.3173217773438,385.55415630340576,804.18212890625,414.30413246154785,817.4301147460938,421.23204231262207,856.4698791503906,386.9044876098633,824.0789031982422,395.1795959472656,824.9466705322266,418.69394302368164,835.6405639648438,425.5355501174927,155,1787748837.4460125
851.4293670654297,473.5406970977783,808.5566711425781,451.310977935791,775.8928680419922,424.4815492630005,757.4605560302734,404.14684295654297,746.5365600585938,383.7743282318115,786.31591796875,373.5273027420044,750.5422210693359,355.3378915786743,722.5343322753906,354.5078229904175,700.0414276123047,355.9046959877014,805.8946990966797,365.7867479324341,766.4521789550781,361.7406463623047,773.1847381591797,393.14952850341797,788.8986968994141,405.8201551437378,826.0453033447266,366.0116243362427,786.2555694580078,368.6817741394043,794.241943359375,399.4927167892456,810.0062561035156,408.85602951049805,847.3136901855469,373.05943965911865,812.4002838134766,378.85159492492676,815.7262420654297,401.5429973602295,828.3528137207031,409.0373468399048,156,1787748837.4858456
847.3911285400391,468.268461227417,805.2906799316406,447.76063442230225,774.0327453613281,421.8476629257202,757.2833251953125,401.15663051605225,746.4188385009766,381.42664432525635,784.5260620117188,370.54803371429443,749.7857666015625,355.0855278968811,722.66357421875,354.67281103134155,701.1116027832031,356.4395070075989,804.9598693847656,362.8834390640259,767.0902252197266,360.1736783981323,773.878173828125,391.0436725616455,788.7922668457031,404.0062093734741,825.7244110107422,363.7891674041748,787.5456237792969,369.3871307373047,794.7878265380859,399.4814729690552,809.1923522949219,409.0403938293457,846.8337249755859,371.70833587646484,812.7852630615234,378.9674234390259,815.5485534667969,401.27739429473877,827.0115661621094,408.9141368865967,157,1787748837.5215952
843.2341766357422,453.1528615951538,802.0195007324219,434.55965995788574,769.3099975585938,408.37477684020996,749.9240875244141,384.9581480026245,743.7765502929688,360.2813959121704,784.9851989746094,358.5485601425171,758.3641815185547,340.7005190849304,759.4788360595703,364.6452856063843,770.6592559814453,381.2586736679077,801.8909454345703,354.9411392211914,769.8616790771484,341.1545205116272,772.9624938964844,371.41046047210693,787.4179840087891,385.2435350418091,821.3895416259766,355.3844976425171,789.2445373535156,349.87635612487793,792.4095916748047,378.08242321014404,805.9970855712891,388.675217628479,842.9529571533203,360.6698226928711,812.5292205810547,356.97678565979004,811.4010620117188,378.96334648132324,822.3603057861328,389.2540168762207,158,1787748837.558408
839.0339660644531,444.4713878631592,800.6819915771484,430.73023796081543,768.3724212646484,406.0514259338379,750.3089141845703,382.7784776687622,745.7591247558594,358.1672787666321,777.581787109375,357.47209310531616,751.6471099853516,337.4797010421753,730.439453125,332.6112985610962,716.4421844482422,330.86754083633423,797.0404052734375,351.1710262298584,767.9228973388672,340.72500228881836,770.4548645019531,369.19740200042725,782.7743530273438,384.2368268966675,818.3949279785156,351.6871476173401,788.6936950683594,350.1743173599243,792.1881866455078,377.3723888397217,804.7682952880859,389.0984058380127,841.1945343017578,357.69360065460205,812.2997283935547,357.8768491744995,812.2885894775391,378.6450004577637,822.7968597412109,389.1328239440918,159,1787748837.5963955
830.7746124267578,429.2704725265503,796.1241912841797,420.61208724975586,760.8395385742188,395.90718269348145,742.8951263427734,370.09647846221924,746.9384765625,347.4255037307739,763.8727569580078,350.5899739265442,728.8629913330078,322.8407835960388,702.7125549316406,304.6915626525879,682.3173522949219,288.22526693344116,785.7213592529297,343.2617712020874,759.8267364501953,331.2942695617676,767.0785522460938,361.9895553588867,779.4408416748047,378.33128929138184,809.3890380859375,343.45227241516113,784.7774505615234,340.83606719970703,791.1621856689453,370.3881311416626,802.9750823974609,381.7743444442749,835.3313446044922,349.28064823150635,809.4597625732422,346.32566928863525,810.9909820556641,370.53987979888916,820.5951690673828,381.2077331542969,160,1787748837.6366909
832.9186248779297,430.969877243042,798.0881500244141,420.65693378448486,762.7438354492188,396.17411613464355,744.6952819824219,371.51307106018066,744.2572021484375,347.2887969017029,761.8527984619141,350.84182262420654,727.1675109863281,323.43432426452637,702.9830169677734,306.31895542144775,685.3333282470703,288.98677825927734,784.2768096923828,342.942373752594,757.8382873535156,331.34827852249146,765.0042724609375,362.88764476776123,777.1595001220703,377.4003267288208,808.8751983642578,342.2144651412964,783.2048797607422,341.0240149497986,790.0145721435547,371.2171697616577,801.2293243408203,380.651593208313,835.4759979248047,347.29774475097656,808.7100219726562,344.8555827140808,810.6523895263672,370.0456237792969,820.0494384765625,379.75268840789795,161,1787748837.6743186
834.2023468017578,429.6825885772705,792.8231811523438,415.7499933242798,756.9535827636719,389.90808963775635,738.138427734375,365.4880142211914,729.8292541503906,341.6462230682373,758.2917022705078,345.0673484802246,729.0292358398438,326.1270475387573,706.6400146484375,322.15606927871704,688.4337615966797,320.1350140571594,777.7852630615234,337.2229814529419,749.45068359375,328.72557163238525,758.0658721923828,357.93699502944946,771.2928009033203,371.42552375793457,800.3160095214844,335.1888585090637,772.2440338134766,335.32384872436523,780.9463500976562,363.45605850219727,794.0870666503906,373.15526962280273,825.4585266113281,338.6683702468872,798.5663604736328,337.4929618835449,800.8895111083984,359.33281660079956,810.9872436523438,368.09104442596436,162,1787748837.7108567
833.1379699707031,428.02223682403564,792.2660064697266,415.27655124664307,756.6563415527344,390.12197971343994,738.4346771240234,366.43773078918457,729.4984436035156,343.7871837615967,757.1947479248047,347.264142036438,729.4326782226562,327.3304796218872,707.6748657226562,323.36467266082764,689.3811798095703,321.46369457244873,776.8509674072266,338.8726472854614,749.0431213378906,328.5921907424927,756.8580627441406,357.58787870407104,769.4120025634766,371.1912488937378,799.6286010742188,336.56343698501587,772.1142578125,335.5912113189697,779.8371124267578,363.6894750595093,791.9326782226562,373.15561294555664,825.3453826904297,339.32600498199463,797.7579498291016,337.42663621902466,799.1990661621094,359.38480854034424,808.5160827636719,368.6383008956909,163,1787748837.7459013
830.1967620849609,425.36333084106445,787.1546173095703,409.70995903015137,752.7166748046875,383.85157585144043,736.2574768066406,359.0846586227417,731.6538238525391,334.7793388366699,756.2162017822266,342.65411138534546,731.6684722900391,326.86551332473755,710.3758239746094,330.47731161117554,692.4700927734375,336.3535809516907,775.6248474121094,334.1230344772339,748.3739471435547,321.61359786987305,756.5380859375,350.74865341186523,769.7088623046875,364.17394638061523,798.4945678710938,330.9461188316345,771.5358734130859,329.01177406311035,779.6466827392578,358.77899408340454,792.3883056640625,368.9957857131958,824.43115234375,332.31204986572266,796.7772674560547,329.268536567688,798.3984375,353.19068670272827,808.3739471435547,363.8298511505127,164,1787748837.7800539
828.7534332275391,421.95653915405273,787.0761871337891,407.9109477996826,752.3146057128906,383.49082946777344,734.8001861572266,360.30877590179443,730.9306335449219,337.20656633377075,756.4510345458984,343.2076120376587,732.3773193359375,326.75230264663696,710.1673126220703,330.2400755882263,691.3494873046875,336.2373447418213,775.5633544921875,334.9193072319031,748.988037109375,321.6042637825012,756.8549346923828,348.9975142478943,769.7300720214844,361.7324495315552,798.1875610351562,331.8345308303833,771.6519165039062,329.67599630355835,779.3634796142578,357.81479358673096,791.6660308837891,367.3905372619629,823.7023162841797,333.2755637168884,796.1080169677734,330.7199549674988,798.0644989013672,353.8405108451843,807.9161834716797,364.29625511169434,165,1787748837.821402
826.4084625244141,413.6082601547241,792.1100616455078,405.2985620498657,759.3669891357422,380.0659704208374,743.4554290771484,353.5346531867981,743.134765625,329.6176314353943,758.7165832519531,340.0033378601074,727.0689392089844,312.307813167572,702.8138732910156,294.95675325393677,684.0635681152344,278.8869309425354,779.9047088623047,331.5624260902405,759.1386413574219,320.6042718887329,768.3605194091797,351.53911113739014,781.49169921875,365.17979621887207,803.5971832275391,329.964816570282,782.7372741699219,322.69697427749634,789.5926666259766,353.1101131439209,801.7739868164062,364.0668296813965,829.7981262207031,333.08053493499756,808.2549285888672,324.6206331253052,809.1083526611328,349.6492052078247,818.0759429931641,361.1906862258911,166,1787748837.8548787
836.5303802490234,419.75927352905273,800.4055023193359,413.3610677719116,768.2047271728516,388.24095726013184,755.8741760253906,362.53003120422363,750.5500030517578,343.22853326797485,763.1879425048828,348.7585401535034,726.7525482177734,326.47393226623535,700.3413391113281,310.32310724258423,680.1377105712891,296.1566233634949,786.5593719482422,339.08982038497925,765.2759552001953,326.31227016448975,774.652099609375,353.4716534614563,787.0102691650391,368.19125175476074,811.9525146484375,337.70698070526123,792.2138977050781,334.36022758483887,799.5832061767578,361.46706104278564,809.7845458984375,370.48357486724854,839.3759155273438,341.47024869918823,820.7627868652344,340.9271764755249,821.8440246582031,363.84538650512695,828.5601806640625,372.0929002761841,167,1787748837.9179316
837.598876953125,422.08983421325684,802.0906066894531,413.880558013916,769.9988555908203,387.85094261169434,757.0732879638672,362.93678283691406,751.0671997070312,343.49040269851685,765.7158660888672,349.26461935043335,728.6088562011719,327.3213601112366,702.3298645019531,312.16625690460205,681.9948577880859,298.3130121231079,788.5136413574219,339.7424125671387,765.0178527832031,328.1036639213562,775.1735687255859,355.6368398666382,788.3385467529297,369.0314054489136,813.4716033935547,338.6201548576355,791.8137359619141,336.6523790359497,800.0264739990234,363.49506855010986,810.8922576904297,370.75398445129395,840.5802154541016,342.7342987060547,819.8126220703125,341.652295589447,821.3242340087891,364.6844244003296,828.4854888916016,372.00788497924805,168,1787748837.9761393
365.11608123779297,499.41354274749756,422.8919982910156,483.1178569793701,462.13008880615234,449.84795093536377,485.4029083251953,412.35920906066895,502.41790771484375,380.91500759124756,462.42504119873047,426.8896150588989,491.8294906616211,391.7654228210449,492.35862731933594,402.88740634918213,487.0325469970703,414.75186824798584,443.28670501708984,415.4644775390625,477.42034912109375,381.38729095458984,475.08350372314453,401.7794179916382,464.88670349121094,414.5288372039795,418.1526565551758,406.9893407821655,451.3004684448242,378.94944190979004,440.61363220214844,411.492919921875,422.5994873046875,430.65135955810547,386.72298431396484,401.2716007232666,417.1388626098633,376.16496562957764,419.48192596435547,402.23307609558105,409.6261215209961,422.2502088546753,169,1787748838.7214901
363.3924102783203,495.8810091018677,418.6334228515625,482.87418365478516,462.4502182006836,453.7346649169922,486.6456604003906,416.8279838562012,501.89353942871094,385.6465530395508,465.67405700683594,425.5527591705322,495.9977722167969,394.7174835205078,503.05145263671875,398.76843452453613,504.3231964111328,404.5520067214966,446.1716079711914,414.2579984664917,479.8223876953125,381.7970895767212,484.33738708496094,394.22730445861816,482.1038055419922,402.6792240142822,420.43495178222656,405.30735969543457,451.68338775634766,381.5411424636841,440.8734893798828,411.3183403015137,424.0549850463867,430.33889293670654,388.8203430175781,398.8762378692627,420.20835876464844,379.02050971984863,420.11940002441406,403.3233833312988,409.0720748901367,421.644287109375,170,1787748838.7526271
313.3556365966797,584.4172954559326,351.39514923095703,553.6371231079102,374.08573150634766,497.75752544403076,374.47872161865234,448.71631622314453,350.6787872314453,417.3617219924927,358.5636520385742,449.3379878997803,377.0033264160156,390.18206119537354,389.0293884277344,351.1471652984619,396.11114501953125,318.58778715133667,325.0025177001953,454.15098667144775,329.4598388671875,394.2142152786255,337.6618957519531,426.01118087768555,339.967041015625,459.92194175720215,292.7540397644043,471.73494815826416,295.20336151123047,438.74424934387207,312.9540824890137,471.7678642272949,320.4615020751953,498.23946475982666,261.75697326660156,498.06557178497314,268.9424705505371,472.92091369628906,291.1185646057129,496.45191192626953,301.5855598449707,518.6954927444458,171,1787748839.1217911
306.7867088317871,576.393928527832,347.8913879394531,540.5072593688965,371.3704299926758,480.455002784729,370.39608001708984,429.52972412109375,348.40301513671875,396.278657913208,360.8959197998047,436.569299697876,375.67466735839844,378.1799268722534,385.6090545654297,341.24447107315063,392.2808074951172,310.1162552833557,328.2860565185547,439.71709728240967,332.89440155029297,384.1685914993286,338.93871307373047,408.7817859649658,339.8989486694336,437.9244804382324,294.81897354125977,451.76188945770264,300.89860916137695,422.7827453613281,314.76409912109375,460.2200746536255,319.02896881103516,489.2504596710205,263.0165100097656,472.55669116973877,274.05466079711914,453.0831241607666,293.079776763916,480.27020931243896,301.2209129333496,503.87588024139404,172,1787748839.1637962
303.83338928222656,580.4399013519287,346.03240966796875,543.63844871521,369.542236328125,482.4476480484009,368.9609146118164,429.96243953704834,349.4242858886719,394.81048107147217,360.15621185302734,437.4155044555664,375.6484603881836,379.9934434890747,386.19117736816406,342.2266960144043,392.98763275146484,311.26044273376465,327.3875427246094,440.0263023376465,332.6091003417969,384.7054624557495,338.95416259765625,408.56647968292236,339.8551940917969,439.417462348938,294.5538330078125,451.37097358703613,300.0787353515625,421.67059421539307,313.8813591003418,456.2119960784912,318.4931945800781,485.69642543792725,263.3639144897461,471.81790351867676,274.4015693664551,452.2433567047119,291.72834396362305,477.46058464050293,299.0423774719238,500.78009605407715,173,1787748839.2203004
305.4655075073242,577.2457122802734,349.08267974853516,536.4330053329468,372.81627655029297,476.3901901245117,373.1555938720703,425.10279178619385,352.52532958984375,389.4654607772827,363.15670013427734,434.5922327041626,378.0906677246094,377.557954788208,389.42718505859375,341.8514657020569,394.54776763916016,310.9950113296509,331.89476013183594,436.8162775039673,336.57581329345703,384.78296756744385,343.2984924316406,420.46038150787354,341.5878677368164,451.9192600250244,300.35139083862305,448.09335708618164,306.84303283691406,414.80066299438477,321.52156829833984,456.61651611328125,323.90167236328125,485.17096996307373,268.1815528869629,466.8501091003418,280.2174758911133,441.0969114303589,297.8638458251953,468.99909496307373,302.7746391296387,491.9918918609619,174,1787748839.274533
304.2787551879883,577.0617341995239,347.9241180419922,536.0406732559204,372.11158752441406,476.69763565063477,373.2089614868164,426.48505210876465,353.7633514404297,391.6900634765625,364.4835662841797,435.450496673584,379.8329162597656,378.4453582763672,390.6949234008789,342.1386981010437,395.66070556640625,310.9781885147095,333.6256790161133,437.90031909942627,337.4684524536133,385.4807710647583,343.2566833496094,421.80534839630127,341.74537658691406,453.4338712692261,302.41750717163086,449.1548252105713,307.8605079650879,414.8605728149414,322.4006652832031,456.0542392730713,325.3538513183594,484.17559146881104,270.17200469970703,467.73914337158203,279.8621368408203,440.66247940063477,297.62975692749023,467.5699281692505,303.6526870727539,490.0583839416504,175,1787748839.3237028
291.80152893066406,607.8024673461914,338.7339401245117,576.5850734710693,372.3570251464844,522.2650623321533,380.73978424072266,470.9817409515381,363.7228775024414,433.6325168609619,380.0674819946289,475.93653202056885,402.00347900390625,422.79016971588135,413.3985137939453,390.01022815704346,420.89569091796875,363.6907625198364,346.95533752441406,473.2468557357788,349.1106414794922,433.60711097717285,349.9910354614258,463.01909923553467,349.13150787353516,487.4111080169678,313.0923652648926,480.05842208862305,315.5258560180664,454.69292163848877,316.87042236328125,484.85060691833496,312.3159599304199,505.87316036224365,278.9759826660156,493.8067388534546,283.09940338134766,473.3654308319092,287.93222427368164,493.72125148773193,284.8760986328125,509.4286108016968,176,1787748839.3676975
