P0_x,P0_y,P1_x,P1_y,P2_x,P2_y,P3_x,P3_y,P4_x,P4_y,P5_x,P5_y,P6_x,P6_y,P7_x,P7_y,P8_x,P8_y,P9_x,P9_y,P10_x,P10_y,P11_x,P11_y,P12_x,P12_y,P13_x,P13_y,P14_x,P14_y,P15_x,P15_y,P16_x,P16_y,P17_x,P17_y,P18_x,P18_y,P19_x,P19_y,P20_x,P20_y,frame_number,timestamp
873.1653594970703,563.1696510314941,909.5571136474609,556.9539213180542,933.6579895019531,531.4692878723145,940.2987670898438,506.09198570251465,932.4247741699219,493.2911968231201,899.8171234130859,505.39658546447754,898.4514617919922,479.372935295105,897.7845764160156,466.2208843231201,899.3623352050781,455.4614067077637,872.9620361328125,491.63071632385254,863.2089996337891,442.3021459579468,860.4264068603516,409.5994520187378,860.0733184814453,383.53177070617676,853.7005615234375,484.86738681793213,837.5246429443359,437.8132438659668,827.81005859375,404.4003438949585,821.4084625244141,377.67322540283203,843.3505249023438,484.711217880249,828.2068634033203,445.14052391052246,814.4668579101562,418.26234340667725,802.4992370605469,395.4853677749634,1,1787749108.444571
875.7655334472656,564.8003911972046,891.1944580078125,547.7886629104614,901.0432434082031,517.1296834945679,904.0731048583984,489.82024669647217,896.8755340576172,474.97153759002686,865.4973602294922,494.4841146469116,847.8941345214844,450.3337526321411,838.798828125,423.96660804748535,833.5959625244141,403.87295722961426,863.9421081542969,490.8502149581909,852.0112609863281,436.70950412750244,846.4783477783203,401.4963912963867,845.2115631103516,374.3247127532959,870.3312683105469,495.08381366729736,857.5884246826172,449.4869899749756,846.7636871337891,417.0004177093506,841.9892883300781,390.7184171676636,881.3943481445312,503.80403995513916,877.3230743408203,474.2073440551758,869.3545532226562,455.4332971572876,864.8927307128906,439.86751556396484,2,1787749108.4836185
925.0054931640625,508.0718421936035,906.7950439453125,481.67272567749023,901.0542297363281,450.9554672241211,914.2752838134766,428.20891857147217,926.2567138671875,414.1039752960205,890.0595855712891,420.3434371948242,876.3752746582031,376.58570766448975,870.1361083984375,349.05686616897583,865.1618957519531,327.27938890457153,912.4929809570312,422.92166233062744,899.1114044189453,375.25254249572754,893.5590362548828,347.47498512268066,889.3738555908203,326.324200630188,934.8509216308594,437.7332925796509,944.1790771484375,412.9747438430786,949.8887634277344,419.49100971221924,951.7854309082031,427.4426221847534,955.2643585205078,459.56119537353516,964.4340515136719,448.08382987976074,963.7384796142578,454.6706485748291,959.4732666015625,462.3663568496704,3,1787749108.677873
917.7587127685547,475.7050895690918,894.3839263916016,458.13498973846436,880.3697967529297,433.5577583312988,887.4093627929688,412.0854949951172,896.1692810058594,398.3264493942261,862.5459289550781,397.4034261703491,837.2944641113281,360.01068592071533,824.9523162841797,337.828688621521,815.3705596923828,320.2497696876526,885.9013366699219,392.8119134902954,863.8181304931641,345.5444812774658,854.0325164794922,317.9460096359253,847.7243041992188,296.5017056465149,912.9135131835938,401.7135429382324,916.2646484375,376.03201389312744,920.9027862548828,384.74966526031494,922.5700378417969,392.7661657333374,940.5429077148438,419.14416790008545,947.4848175048828,410.21618843078613,946.6860961914062,417.9675579071045,942.6460266113281,425.65906047821045,4,1787749108.9223893
921.1473083496094,494.10401344299316,904.1377258300781,486.83956146240234,890.8902740478516,472.8430652618408,896.4943695068359,454.8441982269287,906.7737579345703,438.21531772613525,863.0568695068359,410.0469732284546,839.9236297607422,371.1852836608887,826.5025329589844,345.0688934326172,815.5315399169922,322.4350619316101,887.5955963134766,400.3253173828125,864.6662139892578,355.3077006340027,853.8365173339844,324.7306251525879,844.4886016845703,296.8555212020874,915.7555389404297,405.3060722351074,915.5904388427734,378.95394802093506,917.4813842773438,387.5080919265747,915.9889221191406,393.3947467803955,944.0189361572266,419.49191093444824,946.8605804443359,410.59611797332764,942.9664611816406,422.5747346878052,937.4919128417969,432.2766065597534,5,1787749108.9571161
914.2594909667969,489.07999992370605,916.8373107910156,471.3920545578003,913.6827850341797,433.84567737579346,917.4973297119141,395.25662899017334,919.9823760986328,360.7902431488037,879.7171020507812,398.52373123168945,853.6077880859375,357.5674295425415,839.20654296875,330.8132314682007,824.8176574707031,309.430832862854,893.1418609619141,390.9657382965088,871.0666656494141,343.1423807144165,862.0082092285156,314.9837350845337,852.0751190185547,292.57246255874634,911.7469787597656,395.2532386779785,918.5193634033203,375.2349901199341,926.1957550048828,397.285795211792,927.7687835693359,413.4606742858887,932.2644805908203,406.5065002441406,940.0650787353516,388.8849449157715,940.7251739501953,402.49271392822266,939.9217224121094,414.906964302063,6,1787749108.995979
918.9354705810547,470.57318687438965,905.2001953125,451.27535820007324,900.2494812011719,414.7281789779663,912.5880432128906,377.4063777923584,924.3556213378906,346.44731283187866,880.9442138671875,374.05928134918213,862.4246978759766,325.76831817626953,852.0754241943359,293.7042474746704,843.5450744628906,266.9178628921509,901.0717010498047,369.51094150543213,881.416015625,316.445152759552,872.8809356689453,283.21852684020996,866.2462615966797,253.22100162506104,924.4648742675781,378.4131717681885,925.4045867919922,346.014039516449,926.2776184082031,355.46695947647095,925.6130218505859,361.7051124572754,948.2568359375,395.7837152481079,949.1161346435547,375.48887729644775,942.9695129394531,383.7815809249878,937.508544921875,391.0339307785034,7,1787749109.0334687
918.5060119628906,471.99321269989014,906.9269561767578,449.91095066070557,903.7621307373047,414.3031883239746,915.7772827148438,378.5520887374878,923.9701843261719,348.40397357940674,878.2839202880859,373.26693534851074,861.2277984619141,325.8697485923767,852.1704864501953,295.5037522315979,843.8541412353516,270.22798776626587,900.5509185791016,368.67713928222656,884.4922637939453,312.977614402771,878.834228515625,280.4033660888672,874.0853881835938,253.41025829315186,924.6547698974609,377.7302598953247,927.3738861083984,342.5879144668579,928.5990905761719,354.5012140274048,926.5440368652344,364.253511428833,948.2785797119141,395.4398775100708,948.9633178710938,376.1173725128174,942.3131561279297,384.95806217193604,935.1580810546875,392.8386926651001,8,1787749109.0730312
918.2126617431641,473.3548307418823,907.2826385498047,451.9625186920166,903.7448120117188,417.8991508483887,915.0750732421875,383.1946277618408,922.8482818603516,353.95015954971313,877.2160339355469,373.60686779022217,860.0009155273438,326.838219165802,850.3293609619141,296.7815136909485,842.0016479492188,271.8986177444458,899.3977355957031,368.07005882263184,883.673095703125,312.58330821990967,878.4158325195312,279.5623540878296,873.907470703125,252.49835014343262,923.6032104492188,376.1959505081177,926.7724609375,341.6402792930603,928.3742523193359,352.2782635688782,926.1338043212891,361.3072872161865,947.2502136230469,393.27462673187256,948.3120727539062,374.87454414367676,941.9205474853516,383.50507736206055,934.9790954589844,391.30876064300537,9,1787749109.10816
914.4338989257812,472.15139865875244,921.5625762939453,453.6315393447876,913.3583068847656,423.90459537506104,901.5911865234375,395.3669214248657,885.6569671630859,369.2839193344116,867.1250152587891,373.9581298828125,831.5547943115234,335.01290559768677,808.6580657958984,309.74344968795776,789.6819305419922,289.3529748916626,867.2337341308594,367.0394468307495,834.5075988769531,323.935124874115,815.7005310058594,297.07080602645874,801.2208557128906,275.27283668518066,874.4326019287109,369.67084407806396,848.6635589599609,333.479905128479,829.2616271972656,308.11745166778564,814.6722412109375,287.9764652252197,884.7711944580078,377.98298835754395,881.2026977539062,359.76731300354004,878.5137939453125,356.602520942688,879.2713928222656,356.7825937271118,10,1787749109.142258
913.0558776855469,464.19485092163086,908.3560180664062,449.7593307495117,899.5944213867188,424.83431339263916,898.3574676513672,400.7347297668457,897.5679016113281,380.1585817337036,850.1132965087891,374.6815538406372,814.4481658935547,342.4947237968445,792.8306579589844,320.1093292236328,775.5642700195312,301.8494939804077,862.1772003173828,363.5649347305298,829.2568206787109,322.117338180542,811.8438720703125,298.39802742004395,797.5967407226562,278.6861300468445,881.6024780273438,363.8870573043823,865.8213806152344,327.5274395942688,854.7141265869141,308.07644605636597,844.5345306396484,290.63640117645264,905.8883666992188,372.97614097595215,902.6634979248047,354.79084968566895,903.2056427001953,362.37300395965576,906.9057464599609,371.4697265625,11,1787749109.175696
902.9267883300781,442.51431941986084,924.7848510742188,394.4951820373535,924.7762298583984,352.37956523895264,916.3130187988281,319.0568733215332,907.2586059570312,288.9841818809509,876.0286712646484,338.4281301498413,862.078857421875,295.21615505218506,856.9095611572266,269.17360067367554,851.2067413330078,248.7623119354248,864.3415832519531,339.187388420105,853.7671661376953,294.6297597885132,852.2361755371094,268.43080043792725,850.3858184814453,246.90115928649902,861.1285400390625,341.023907661438,854.1261291503906,299.7353768348694,853.3689117431641,275.1559782028198,852.3410034179688,255.31681537628174,864.2752075195312,343.4338402748108,862.5867462158203,312.9063320159912,866.8814086914062,293.81471157073975,871.9699859619141,280.10557651519775,12,1787749109.2162943
907.3673248291016,411.7035913467407,913.1621551513672,374.7275161743164,906.6380310058594,337.54021167755127,893.7583160400391,301.12008333206177,880.2773284912109,269.2672634124756,874.2192840576172,304.570369720459,846.9595336914062,270.48558712005615,824.35302734375,246.6016960144043,803.846435546875,225.7070517539978,864.4644927978516,302.9844331741333,840.9098052978516,268.3616852760315,822.1533203125,242.36148834228516,804.0081787109375,219.83297109603882,860.1856994628906,306.81490659713745,841.4692687988281,274.05895471572876,825.0630187988281,249.29845333099365,808.7420654296875,229.49169158935547,861.0350799560547,314.9722981452942,847.9157257080078,284.3807601928711,835.6242370605469,265.5016779899597,823.3682250976562,250.26604413986206,13,1787749109.2754195
906.2480926513672,381.99973583221436,914.6843719482422,363.6935091018677,907.1263885498047,338.7729549407959,894.0813446044922,309.98725175857544,883.4270477294922,280.59019804000854,857.9671478271484,290.98596811294556,823.74267578125,252.9326319694519,801.7349243164062,225.41396141052246,781.3461303710938,201.1915111541748,851.5926361083984,282.9648542404175,820.8546447753906,243.72718334197998,802.8118896484375,212.1752643585205,785.5339050292969,183.6124849319458,851.1132049560547,283.94336700439453,838.2636260986328,255.50538539886475,837.9151153564453,242.92927980422974,834.6882629394531,232.6054573059082,855.9169769287109,290.5282974243164,840.433349609375,265.386643409729,832.8910064697266,250.71560382843018,826.2008666992188,241.27976417541504,14,1787749109.314671
902.1273040771484,360.9030246734619,874.7722625732422,337.6515555381775,851.9692230224609,313.1671071052551,849.5652770996094,276.04645013809204,849.9335479736328,246.47282123565674,802.6025390625,283.97825717926025,763.0587005615234,257.5165057182312,739.0948486328125,237.94185161590576,719.1031646728516,223.34153652191162,820.9157562255859,272.98126459121704,802.3328399658203,240.7510256767273,816.4109039306641,247.94994592666626,824.5155334472656,261.6557765007019,842.8887176513672,268.6785936355591,837.8056335449219,242.98957586288452,850.9010314941406,260.0552487373352,857.2032928466797,278.96409273147583,865.9005737304688,269.8775625228882,862.0101928710938,248.4522271156311,869.2589569091797,261.03678703308105,874.7863006591797,277.2618556022644,15,1787749109.3790197
895.745849609375,346.10302448272705,872.5727844238281,332.6352024078369,843.3364868164062,305.6399917602539,828.5900115966797,271.1313557624817,813.0399322509766,242.20229387283325,793.9216613769531,284.55915927886963,749.8556518554688,260.7693600654602,725.3672027587891,243.5132932662964,706.1667633056641,229.99659061431885,807.8730010986328,270.07729053497314,759.0864562988281,243.7544345855713,735.2025604248047,227.72860050201416,718.787841796875,215.47547578811646,830.1942443847656,264.5027160644531,812.9109191894531,241.80150747299194,821.9957733154297,251.02641820907593,826.9406127929688,258.1688618659973,854.7881317138672,263.2587933540344,844.3094635009766,245.16480445861816,851.0396575927734,253.97513151168823,856.2509918212891,261.4455771446228,16,1787749109.4209409
893.3033752441406,346.0312271118164,871.0655212402344,331.50004863739014,841.7608642578125,304.1698408126831,826.0545349121094,270.86605310440063,811.1203002929688,242.10315942764282,791.5228271484375,284.6960163116455,748.0316162109375,260.24667263031006,724.4599151611328,242.34558820724487,706.0243988037109,227.99695014953613,805.8234405517578,270.8883476257324,759.0597534179688,243.155357837677,734.9376678466797,226.78300380706787,717.4775695800781,213.82368564605713,828.5179901123047,264.7209405899048,807.70263671875,240.66431522369385,805.9625244140625,243.51301431655884,801.9070434570312,244.62447881698608,854.7376251220703,262.89010763168335,844.7673034667969,244.74393367767334,849.0400695800781,253.4897804260254,852.2747039794922,259.8766779899597,17,1787749109.4591734
893.0214691162109,345.06245613098145,871.6899871826172,332.3408889770508,843.7150573730469,305.4506278038025,830.0083160400391,271.2274646759033,817.4018859863281,241.88281059265137,790.9172058105469,285.80421924591064,747.8953552246094,261.2407422065735,724.3776702880859,243.10222864151,706.0028076171875,228.83517265319824,804.9704742431641,270.5686068534851,757.9934692382812,241.65096044540405,734.1698455810547,225.26787757873535,717.1049499511719,212.45914936065674,827.7951049804688,263.3327794075012,807.8900146484375,239.56042528152466,807.9938507080078,244.81390714645386,805.0026702880859,247.2599744796753,854.0914154052734,261.0716986656189,843.3235168457031,243.2914638519287,847.9657745361328,253.7819266319275,851.1669921875,261.0892724990845,18,1787749109.494881
886.2980651855469,324.2034959793091,860.5441284179688,304.98308658599854,835.2487945556641,276.8110728263855,823.9847564697266,241.92304372787476,810.0476837158203,213.0023717880249,783.3218383789062,258.87200832366943,746.7682647705078,235.65536499023438,724.8011016845703,218.87065887451172,707.9959106445312,205.188946723938,799.9734497070312,244.90681886672974,760.3139495849609,218.57660293579102,739.9015808105469,204.749493598938,724.9307250976562,193.5582447052002,823.6449432373047,238.67340803146362,807.7985382080078,215.44775247573853,814.0685272216797,222.7966833114624,816.9965362548828,228.44138145446777,849.6385955810547,238.78741264343262,840.4181671142578,221.66054248809814,845.4828643798828,230.4460859298706,848.4133148193359,238.8559055328369,19,1787749109.532955
885.3919219970703,324.6805000305176,860.3398132324219,305.2450633049011,834.9641418457031,275.6708550453186,823.7839508056641,240.27309894561768,811.0047912597656,211.1156415939331,784.4074249267578,255.31209468841553,751.3710021972656,231.01145267486572,728.9208221435547,212.159686088562,710.8998107910156,197.3197102546692,803.8895416259766,241.78054332733154,780.4889678955078,214.15398359298706,782.4317169189453,210.20838975906372,785.7607269287109,209.37896490097046,828.9189910888672,235.84792613983154,817.1455383300781,213.9923644065857,823.6011505126953,224.489586353302,825.7178497314453,231.67775630950928,855.4081726074219,237.1877646446228,844.3389892578125,218.7157130241394,849.8307800292969,231.51843309402466,852.6791381835938,241.954243183136,20,1787749109.5710068
879.8430633544922,316.8193316459656,866.7062377929688,302.8264832496643,850.0839233398438,278.19037199020386,845.1554107666016,245.81119537353516,840.5020141601562,218.33595514297485,787.8070068359375,254.5263147354126,749.5095825195312,228.24012994766235,726.8302917480469,209.90740299224854,708.2460021972656,195.04279375076294,798.3769226074219,239.31971311569214,758.5669708251953,207.2268033027649,736.7014312744141,184.41083908081055,720.8848571777344,167.69845604896545,817.4172973632812,233.18846225738525,803.0120086669922,203.1449317932129,812.7893829345703,212.8998899459839,819.1901397705078,226.15184783935547,840.450439453125,231.92529201507568,835.28076171875,211.54303550720215,840.7466125488281,220.45135974884033,845.4097747802734,232.04410314559937,21,1787749109.6203148
879.7773742675781,319.1410732269287,868.6885070800781,302.34973669052124,851.7898559570312,276.4950656890869,843.3972930908203,243.5972785949707,837.0680236816406,214.37467575073242,788.5392761230469,254.55047607421875,752.2022247314453,227.08888292312622,730.3696441650391,207.486891746521,712.3061370849609,191.53768301010132,798.8047790527344,239.32578563690186,758.6695098876953,207.56632804870605,737.0263671875,186.0537886619568,721.11328125,169.96345281600952,817.3836517333984,233.61173629760742,801.6835021972656,204.80599164962769,813.6898803710938,216.659574508667,821.4447784423828,230.3830862045288,840.1155090332031,233.02368879318237,831.6979217529297,211.97360515594482,838.7857055664062,222.73364067077637,845.1765441894531,235.62229871749878,22,1787749109.6604252
863.1782531738281,316.4014220237732,863.4952545166016,272.77355432510376,841.0273742675781,243.69364500045776,822.8302001953125,221.32912874221802,806.3233947753906,200.4243779182434,769.6843719482422,245.71542978286743,721.7719268798828,226.65357112884521,694.0023803710938,209.76378679275513,672.1189880371094,197.57278203964233,768.8958740234375,247.97781944274902,737.7348327636719,216.93455457687378,741.1528778076172,206.73988580703735,746.9240570068359,205.06517887115479,775.9527587890625,251.73359870910645,756.6212463378906,214.07092094421387,764.7910308837891,206.75055027008057,770.8307647705078,206.9365668296814,789.5304107666016,255.50845384597778,778.1075286865234,225.7527995109558,784.1931915283203,215.42163848876953,790.9085083007812,214.18617010116577,23,1787749109.7307978
849.2689514160156,283.5352635383606,817.1514892578125,266.3458442687988,788.0956268310547,236.18772983551025,778.2746124267578,200.85790872573853,767.5852203369141,172.75837898254395,751.3822937011719,221.94891214370728,711.9594573974609,196.9811511039734,690.8702850341797,180.31733751296997,673.6829376220703,166.558495759964,766.1228179931641,206.80119037628174,723.1987762451172,179.23076391220093,700.7354736328125,162.6881217956543,684.1472625732422,148.50529789924622,787.9648590087891,199.84699487686157,770.6431579589844,180.30748844146729,774.7442626953125,192.89511680603027,776.8346405029297,201.03851795196533,811.3446044921875,196.86931371688843,801.9753265380859,187.5534439086914,805.7747650146484,198.95886182785034,809.6469116210938,205.97543478012085,24,1787749109.7695124
835.7072448730469,297.5364589691162,838.9198303222656,268.78294229507446,821.8008422851562,237.68714904785156,805.4592895507812,206.76421880722046,793.3010101318359,181.97277545928955,751.8538665771484,233.1023097038269,709.4593811035156,205.95301151275635,685.2261352539062,188.46670389175415,665.1117706298828,176.1130928993225,748.7686920166016,228.54025840759277,715.6562805175781,195.44888019561768,701.455078125,180.23324489593506,688.9434814453125,172.86003470420837,754.9372863769531,225.7931399345398,740.9906005859375,186.28527402877808,751.0570526123047,191.04735374450684,757.7555084228516,202.74028301239014,766.0555267333984,224.54649209976196,758.3837127685547,194.7150707244873,765.6803894042969,198.52030992507935,773.990478515625,209.2165732383728,25,1787749109.823603
831.4837646484375,286.4795994758606,809.1078948974609,273.1712079048157,786.0849761962891,248.06571006774902,783.9229583740234,213.97983312606812,791.5624237060547,188.83202075958252,738.5818481445312,229.32438611984253,700.3636169433594,205.1553440093994,678.1345367431641,188.0962586402893,660.4901885986328,174.29998397827148,752.6956939697266,215.5902099609375,725.0925445556641,185.70928573608398,716.4408111572266,179.0648317337036,709.7808074951172,177.78829336166382,773.6615753173828,207.89926528930664,759.8139953613281,178.71265769004822,767.2283935546875,196.44891500473022,771.8080139160156,213.6547064781189,799.0644836425781,204.8289942741394,789.0922546386719,184.3798327445984,791.3177490234375,198.94879817962646,794.7241973876953,214.52882766723633,26,1787749109.8610766
813.4567260742188,265.5038022994995,789.8770141601562,267.820565700531,763.0015563964844,256.4201259613037,757.1503448486328,233.6623764038086,756.2891387939453,214.6658992767334,716.8323516845703,250.26853322982788,686.3194274902344,239.48036670684814,671.7757415771484,238.00665378570557,659.6481323242188,236.65898323059082,725.1447296142578,238.5594892501831,691.6077423095703,224.3653678894043,679.9143981933594,221.36848211288452,672.9977416992188,219.03148412704468,743.7926483154297,228.11095476150513,711.041259765625,212.63978004455566,692.6938629150391,210.4099202156067,677.5982666015625,206.4557433128357,770.2783966064453,218.3360195159912,756.3124084472656,204.91439580917358,755.6986236572266,215.05499124526978,758.0935668945312,223.28731298446655,27,1787749109.9658933
817.8282928466797,274.2633819580078,793.9368438720703,271.50946140289307,758.9234161376953,255.38779735565186,734.3445587158203,230.36813020706177,714.2169952392578,211.5873885154724,713.8937377929688,258.60026836395264,671.8868255615234,249.36224699020386,641.5420532226562,239.4033122062683,617.1785354614258,230.881826877594,724.3867492675781,242.48733758926392,680.8917236328125,230.16511917114258,651.278076171875,220.0596284866333,625.4083633422852,209.14398193359375,745.8487701416016,229.82990741729736,721.8851470947266,212.0197606086731,716.0602569580078,214.4713854789734,706.9602966308594,213.8016700744629,776.3240051269531,219.4535779953003,759.7159576416016,204.1336154937744,765.8264923095703,216.8615984916687,769.3209075927734,228.48858833312988,28,1787749110.0048933
818.7650299072266,269.7546315193176,786.6885375976562,256.6332221031189,756.3326263427734,231.4581799507141,749.98046875,198.0076003074646,750.2141571044922,168.3562731742859,716.78955078125,217.61559963226318,680.8970642089844,196.07510089874268,656.4026641845703,180.45116901397705,637.28759765625,168.15300464630127,735.1480865478516,202.5900149345398,716.0482788085938,173.01979780197144,725.8512878417969,183.69919538497925,734.8342895507812,196.29680156707764,757.5870513916016,193.4020972251892,748.2656860351562,171.11135244369507,759.8204040527344,189.364492893219,763.8751983642578,203.19037914276123,781.9982147216797,191.06005668640137,772.8052520751953,173.67584466934204,778.1969451904297,187.22690105438232,780.3832244873047,200.43843269348145,29,1787749110.045853
818.4716796875,263.9046263694763,783.3737945556641,254.72009897232056,754.9266052246094,232.51198768615723,749.5780944824219,198.55878353118896,751.1952972412109,171.01056575775146,719.8057556152344,212.66327619552612,684.8410797119141,191.96943283081055,663.1001281738281,176.9342565536499,644.8125457763672,163.1890082359314,734.0618896484375,197.6711654663086,696.2733459472656,174.3901813030243,673.2440948486328,163.42950582504272,654.5018005371094,152.86788940429688,756.7012786865234,188.5058856010437,734.9957275390625,163.3087420463562,736.917724609375,178.6989676952362,741.6236114501953,193.234384059906,783.6756134033203,184.58782196044922,767.0368194580078,170.15773057937622,767.8077697753906,186.6305923461914,772.6407623291016,202.37226247787476,30,1787749110.0811832
817.8282928466797,263.41858863830566,781.5940093994141,254.753315448761,753.267822265625,232.78956413269043,747.8999328613281,198.40559720993042,749.5947265625,170.96382021903992,717.9209899902344,212.16513633728027,684.0361022949219,190.66834688186646,663.1284332275391,174.08987045288086,645.4032897949219,159.90222930908203,733.9005279541016,197.14279174804688,699.0202331542969,171.67553901672363,679.9223327636719,163.9757215976715,664.4719696044922,157.80784249305725,757.4268341064453,188.16685438156128,738.9363098144531,164.7240149974823,742.5891876220703,183.04201126098633,748.4097290039062,199.519464969635,784.6878051757812,185.4409146308899,768.2546234130859,169.52603816986084,768.1812286376953,186.92803859710693,771.9349670410156,203.8974094390869,31,1787749110.1199684
822.6286315917969,277.40057945251465,801.0697174072266,271.4053702354431,767.0030975341797,253.01732540130615,747.4620819091797,224.5200777053833,735.7871246337891,200.63328981399536,710.4391479492188,245.90919256210327,668.1721496582031,233.8451099395752,639.8292541503906,228.37284564971924,617.5100326538086,225.71694374084473,716.5160369873047,229.75690841674805,684.2236328125,210.92194318771362,679.5601654052734,209.26562547683716,677.9082489013672,211.89715147018433,732.5308990478516,217.45578289031982,699.8958587646484,199.69831466674805,678.8396453857422,200.23224592208862,660.4420471191406,202.8757667541504,755.7670593261719,207.59207725524902,740.0634002685547,189.5332145690918,732.9530334472656,192.5291132926941,727.1649169921875,197.40506887435913,32,1787749110.1554651
811.9063568115234,279.24405097961426,806.558837890625,245.5741310119629,781.90673828125,221.28417491912842,761.5994262695312,198.46200942993164,746.8148040771484,179.09727573394775,710.2176666259766,241.29291772842407,661.9729614257812,230.0928282737732,632.8088760375977,220.79305171966553,610.5723190307617,213.96640062332153,709.5309448242188,241.76067352294922,662.1296691894531,228.19442510604858,633.1243133544922,215.9498405456543,611.6123580932617,207.88864374160767,719.9403381347656,241.02611303329468,692.9158782958984,204.91145610809326,696.2191772460938,198.4765362739563,701.6349792480469,203.95774841308594,737.5388336181641,237.2104024887085,724.7210693359375,203.5654592514038,729.9107360839844,196.41958236694336,738.8935852050781,200.6066608428955,33,1787749110.218464
806.2113952636719,275.25309562683105,794.3644714355469,250.4085874557495,771.4868927001953,227.99113512039185,753.9470672607422,204.2894411087036,738.3946228027344,187.71165132522583,702.3056030273438,244.15374040603638,656.7417907714844,232.6164436340332,629.2868041992188,223.77493858337402,608.648567199707,216.89921379089355,704.1330718994141,240.3229022026062,657.9639434814453,226.09792470932007,629.4892883300781,213.61541748046875,608.9359283447266,204.5070219039917,718.1652069091797,235.94826221466064,691.4745330810547,202.1010160446167,690.0371551513672,195.57573795318604,692.0592498779297,199.83332633972168,740.4226684570312,230.16284465789795,730.1884460449219,198.3915638923645,735.0904846191406,191.4059329032898,743.0207824707031,193.79462242126465,34,1787749110.2600112
804.2078399658203,271.4103055000305,795.3683471679688,240.88133811950684,774.2042541503906,217.71301746368408,757.3627471923828,195.69843292236328,743.8945007324219,177.81009435653687,698.660888671875,238.93770217895508,654.8486328125,230.2047085762024,628.2482147216797,222.16681480407715,607.1401214599609,215.52201747894287,698.6899566650391,237.81147480010986,654.4894409179688,223.25446128845215,627.9812240600586,208.9062738418579,608.7078857421875,198.83872032165527,711.1643981933594,237.31584548950195,693.0782318115234,196.6413688659668,705.8728790283203,191.27519130706787,716.0960388183594,197.9468536376953,731.1092376708984,234.79557752609253,727.0768737792969,198.34485054016113,737.0930480957031,193.30615997314453,746.3494873046875,198.7360668182373,35,1787749110.296234
818.2884216308594,263.19469928741455,816.3006591796875,232.632794380188,800.0810241699219,202.76626825332642,783.5749053955078,177.0582926273346,772.9869842529297,157.11723804473877,725.3420257568359,202.27677583694458,680.2784729003906,186.01784706115723,652.0915985107422,173.95160794258118,630.6548309326172,165.2093768119812,723.1578063964844,203.35407972335815,691.8612670898438,182.0777678489685,698.0458068847656,169.0493667125702,711.3851928710938,163.31296920776367,729.1178131103516,203.91090631484985,709.2428588867188,181.16727590560913,719.9687957763672,173.9647614955902,730.9010314941406,172.5475788116455,739.8798370361328,204.5715880393982,732.3117828369141,187.60979175567627,740.6081390380859,182.3352599143982,751.8050384521484,181.66955709457397,36,1787749110.3351183
818.8033294677734,266.1313533782959,822.4965667724609,227.1651005744934,807.0254516601562,197.47246742248535,790.2416229248047,173.32149267196655,773.0808258056641,155.87136268615723,730.1605224609375,205.44508695602417,684.3618774414062,189.52463150024414,654.6318054199219,174.33061480522156,632.3276519775391,164.57520604133606,725.0323486328125,209.6205997467041,693.5836791992188,184.01648998260498,703.0914306640625,163.491690158844,719.9152374267578,156.2124001979828,729.700927734375,211.6098117828369,713.3788299560547,180.7702660560608,726.7941284179688,168.6071240901947,740.2163696289062,168.80244255065918,740.9825134277344,211.96637392044067,736.4902496337891,184.05554294586182,745.6700897216797,175.20394206047058,757.2762298583984,176.32846355438232,37,1787749110.374479
819.0204620361328,241.2741208076477,784.8912811279297,223.6469006538391,760.914306640625,196.37902736663818,758.1668090820312,163.53398323059082,763.5288238525391,136.38803243637085,725.5828857421875,179.38077449798584,701.0260009765625,155.00410795211792,684.6014404296875,137.76096940040588,670.865478515625,123.72058153152466,746.8776702880859,167.938631772995,724.6039581298828,139.28046226501465,724.0965270996094,142.68356323242188,724.8110961914062,146.86160802841187,771.9810485839844,161.94551467895508,765.2993774414062,144.48216676712036,771.4771270751953,163.98592472076416,774.5736694335938,176.13229751586914,798.4639739990234,163.31827998161316,790.4299926757812,145.42993068695068,791.7695617675781,162.3884654045105,792.3902130126953,175.88463306427002,38,1787749110.414061
820.7828521728516,241.03497505187988,786.4028167724609,222.40911483764648,761.8121337890625,197.21293687820435,756.6216278076172,163.58128666877747,759.0769195556641,136.30131125450134,729.4931030273438,181.687753200531,703.5034942626953,156.81498527526855,686.5601348876953,138.0031943321228,671.9219207763672,122.48011350631714,748.2518005371094,168.70311498641968,725.9056854248047,138.94098043441772,725.587158203125,138.4347403049469,726.0204315185547,140.32976388931274,771.4322662353516,161.6487443447113,762.3535919189453,141.48820996284485,767.9048919677734,159.30762648582458,771.9429016113281,172.94533967971802,796.1343383789062,160.68454384803772,787.0161437988281,141.50949597358704,788.9266204833984,157.0203137397766,791.9161987304688,170.85052371025085,39,1787749110.4536436
836.4841461181641,238.1771993637085,813.4447479248047,225.2122163772583,788.5840606689453,203.41122150421143,772.0990753173828,171.59631729125977,760.7277679443359,144.6107518672943,736.0147094726562,199.61759090423584,695.3863525390625,184.87297296524048,671.2985229492188,171.89579129219055,653.6675262451172,163.40080618858337,744.6526336669922,185.16992568969727,704.1727447509766,165.68720698356628,682.7121734619141,151.74744486808777,665.4653167724609,142.0293939113617,759.8531341552734,176.2116265296936,743.1958770751953,156.21054410934448,751.6184234619141,157.18868136405945,757.2224426269531,161.43304109573364,777.1662139892578,171.89704656600952,763.4969329833984,151.5277075767517,765.8978271484375,148.49475145339966,767.4751281738281,151.7484211921692,40,1787749110.4978848
873.9551544189453,265.2681541442871,850.0576019287109,236.64424180984497,836.4764404296875,204.33351516723633,839.4334411621094,173.61711502075195,849.8284912109375,151.73337936401367,813.2859039306641,194.38814163208008,811.3794708251953,164.01169538497925,822.7007293701172,156.2672781944275,834.1982269287109,159.09068942070007,833.2197570800781,192.961528301239,838.902587890625,158.70121121406555,845.4496765136719,166.11530900001526,848.7664031982422,178.72941613197327,853.4494781494141,193.7102723121643,859.2884826660156,166.21782302856445,859.9147033691406,177.4206805229187,857.9013824462891,190.55509328842163,870.8289337158203,198.27689409255981,873.8874053955078,177.6925492286682,871.7745971679688,183.01864385604858,868.2131958007812,191.99084758758545,41,1787749110.7373667
880.3895568847656,272.0875310897827,865.5722808837891,242.72989511489868,846.8265533447266,213.71251344680786,836.6188049316406,186.68442964553833,832.5780487060547,169.8062539100647,796.6139221191406,215.1035714149475,768.41796875,183.518328666687,747.8920745849609,159.10741567611694,731.9400787353516,141.962810754776,805.4283142089844,210.53508281707764,805.308837890625,171.73418283462524,823.2891845703125,172.7671229839325,833.8639068603516,182.76447772979736,821.2379455566406,208.79653930664062,828.0555725097656,174.98103976249695,842.7062225341797,182.37396955490112,847.3161315917969,194.08912897109985,839.1897583007812,211.16353511810303,841.7208862304688,179.76065039634705,849.8154449462891,179.91599321365356,852.4313354492188,187.27028846740723,42,1787749110.777469
872.0542907714844,277.0283102989197,849.1828155517578,255.4398536682129,831.9493103027344,223.3443260192871,831.1418914794922,188.88854026794434,833.9505767822266,163.47458839416504,789.5587921142578,207.78571128845215,757.6002502441406,180.60914039611816,738.0867767333984,160.27894020080566,723.863525390625,145.45937061309814,806.4376831054688,198.38622093200684,774.0319061279297,166.58291459083557,756.3285064697266,148.00949692726135,743.9553070068359,133.9080834388733,828.1438446044922,197.90853023529053,828.6253356933594,173.48748922348022,839.5564270019531,188.22365283966064,842.5153350830078,199.78624820709229,850.4666137695312,203.93457412719727,850.4188537597656,180.56334972381592,856.2158203125,191.13361358642578,856.7218780517578,204.2404317855835,43,1787749110.8194633
913.9390563964844,308.8790488243103,898.4051513671875,270.37932872772217,899.9729919433594,236.6077423095703,919.3526458740234,215.30666828155518,935.0189971923828,198.95482778549194,887.7397155761719,210.61793088912964,887.0580291748047,171.57947301864624,889.47265625,148.3991575241089,891.5215301513672,129.38379764556885,906.4448547363281,213.20375204086304,906.5448760986328,170.66776871681213,908.7242126464844,145.3384244441986,911.0135650634766,126.56659841537476,924.5795440673828,223.85364532470703,935.2275848388672,201.15039825439453,931.0176086425781,221.24471426010132,925.4853820800781,236.79637670516968,941.8527221679688,238.22547912597656,949.7761535644531,222.64216661453247,944.8703765869141,233.49616527557373,940.2391052246094,242.81845092773438,44,1787749111.0038617
921.8233489990234,325.1547145843506,907.9656219482422,289.2117190361023,903.7676239013672,254.08074617385864,913.3670806884766,221.57683610916138,922.8871154785156,200.39974451065063,870.3813171386719,231.6320514678955,851.7426300048828,189.73577499389648,840.7801818847656,160.3474760055542,832.8427886962891,139.15582537651062,889.1667175292969,228.5803198814392,873.0478668212891,183.4317684173584,866.3215637207031,154.05539989471436,861.2356567382812,131.02983713150024,909.9671936035156,234.06822681427002,921.9170379638672,207.09728479385376,925.4354858398438,224.9279236793518,922.8885650634766,237.6546835899353,928.5912322998047,244.98788595199585,942.0600891113281,226.1682629585266,943.2477569580078,237.14680194854736,938.1696319580078,247.46034622192383,45,1787749111.0444818
919.8633575439453,324.4668674468994,901.2747192382812,288.02120447158813,899.3715667724609,251.17233037948608,913.0832672119141,219.45220470428467,924.3199157714844,197.52915859222412,869.342041015625,226.50594234466553,850.3226470947266,187.4795436859131,839.9906158447266,159.72745656967163,832.3491668701172,138.9928436279297,891.8097686767578,225.79060792922974,876.3798522949219,181.4478349685669,868.0255889892578,155.75265884399414,862.8389739990234,135.7567048072815,914.6127319335938,234.34088945388794,924.4258880615234,211.85590982437134,924.1992950439453,232.93041229248047,919.5555877685547,244.26012754440308,933.4949493408203,248.5559105873108,941.7729949951172,228.40848684310913,938.2561492919922,242.44746923446655,930.7587432861328,253.32569360733032,46,1787749111.082908
913.8760375976562,324.25390005111694,901.2564086914062,282.06449031829834,903.5879516601562,245.29279947280884,919.0261840820312,219.00217294692993,931.8747711181641,201.86523914337158,872.6655578613281,219.4272494316101,858.9830017089844,182.0028591156006,850.5942535400391,155.44984817504883,846.8925476074219,136.37763619422913,892.2240447998047,222.33418464660645,882.1621704101562,181.00067853927612,875.5044555664062,155.99271655082703,872.3562622070312,136.02461457252502,912.8444671630859,232.09680318832397,928.6238098144531,205.84001541137695,932.07275390625,224.0403914451599,929.4956207275391,235.09995460510254,930.7194519042969,245.3287410736084,944.2695617675781,220.8963918685913,944.3234252929688,232.21048593521118,938.7433624267578,243.6747407913208,47,1787749111.122974
913.6419677734375,324.29494857788086,900.1826477050781,283.2529020309448,903.5584259033203,246.9392466545105,920.8527374267578,220.9541130065918,933.8703918457031,203.7009859085083,874.2118835449219,218.04477453231812,861.1642456054688,182.14027404785156,853.1809997558594,155.23954153060913,849.7780609130859,136.28479957580566,893.1388854980469,220.41170597076416,880.8945465087891,180.07254838943481,873.3296966552734,156.3189697265625,869.0476989746094,136.65130734443665,913.3514404296875,229.78965282440186,928.7503051757812,204.83152627944946,931.8161010742188,224.591166973114,928.4324645996094,235.48436880111694,932.1648406982422,242.37504959106445,945.2121734619141,218.63413095474243,944.6046447753906,231.82208061218262,937.9818725585938,244.10616874694824,48,1787749111.1600993
905.0701904296875,321.02741718292236,889.9002838134766,283.5305428504944,893.7180328369141,246.93675756454468,911.9971466064453,217.77103900909424,931.5364074707031,200.7817554473877,894.4947814941406,208.8934850692749,899.4777679443359,174.20068860054016,907.9381561279297,154.8111605644226,916.7569732666016,138.16993117332458,915.7523345947266,213.1022572517395,924.42626953125,176.4528751373291,931.3222503662109,154.92074489593506,939.1588592529297,136.98956608772278,936.1289978027344,225.74365854263306,943.009033203125,202.02584981918335,931.2649536132812,213.80883693695068,924.6605682373047,225.5036759376526,954.4197845458984,242.0461893081665,957.5904083251953,224.80876922607422,944.1612243652344,234.88316774368286,934.9864959716797,246.43898248672485,49,1787749111.2002482
904.4462585449219,307.91407585144043,891.4403533935547,264.74252700805664,899.3949890136719,226.58956289291382,924.9466705322266,205.18474102020264,948.6696624755859,196.58068656921387,894.32373046875,203.46246242523193,898.5427856445312,169.4113254547119,906.4373016357422,150.83056926727295,914.8303985595703,134.95194554328918,916.0337066650391,208.9891219139099,924.4087982177734,170.11683225631714,933.0989074707031,149.3629503250122,942.7118682861328,132.20535278320312,936.3095855712891,222.80769109725952,946.8730163574219,204.64784860610962,933.0934906005859,224.81595754623413,923.1401824951172,240.8569622039795,952.9568481445312,239.68865633010864,957.841796875,225.9087324142456,943.8986206054688,239.42419052124023,934.0174102783203,251.4412808418274,50,1787749111.236857
902.3535919189453,304.6699333190918,892.1768951416016,261.89897775650024,898.2865905761719,223.6560845375061,922.6441955566406,204.03385877609253,944.2720794677734,202.86302089691162,894.3272399902344,202.9090690612793,895.4874420166016,168.74487161636353,897.6934814453125,147.97062635421753,901.3198852539062,131.6736102104187,912.4127197265625,209.3067169189453,922.0672607421875,176.5100383758545,919.3379211425781,168.65718483924866,916.6462707519531,163.5749888420105,931.3807678222656,220.83828449249268,943.4041595458984,198.16662311553955,931.5914916992188,214.11128282546997,923.4078979492188,228.73279809951782,949.5034027099609,235.98549127578735,958.4471130371094,215.6737232208252,945.0159454345703,226.50293827056885,935.0472259521484,239.6077823638916,51,1787749111.278773
902.5563812255859,303.51890087127686,887.813720703125,267.0381546020508,892.3786926269531,231.1713981628418,917.1836090087891,205.5167555809021,938.1287384033203,189.44322109222412,883.8571166992188,206.23196125030518,880.9059143066406,165.83576917648315,880.7654571533203,140.18770337104797,880.7281494140625,118.62469553947449,906.9873046875,207.8699541091919,906.3092803955078,164.98906016349792,905.1441192626953,139.1531002521515,904.8494720458984,118.8749349117279,929.2860412597656,218.86821269989014,936.3653564453125,196.78054332733154,928.7992095947266,215.1020908355713,923.1148529052734,231.38410806655884,948.8587188720703,234.6146035194397,954.2218017578125,212.344651222229,943.3704376220703,223.8782787322998,934.5277404785156,237.60239124298096,52,1787749111.3843987
876.8740081787109,327.7084994316101,871.922607421875,293.23310136795044,889.7434234619141,257.7484631538391,926.31103515625,242.3810362815857,956.6919708251953,232.96199798583984,906.673583984375,226.40268802642822,940.3742218017578,189.03606176376343,965.9255218505859,165.13901710510254,986.5082550048828,145.44511198997498,926.8660736083984,242.92578220367432,961.8202972412109,204.56068754196167,987.9656219482422,179.79621648788452,1008.3242034912109,159.783353805542,939.1513824462891,266.7525100708008,952.8249359130859,255.9268569946289,932.6402282714844,268.4988212585449,914.8037719726562,278.2127094268799,944.1453552246094,292.98515796661377,953.2528686523438,281.5664792060852,936.4962005615234,288.0057764053345,920.9305572509766,293.8263416290283,53,1787749111.8771803
855.7013702392578,368.80446910858154,854.8468017578125,337.8061580657959,877.8025817871094,307.6541805267334,911.2528228759766,298.3365297317505,941.1991882324219,297.29780673980713,897.3639678955078,279.6365976333618,930.9761047363281,239.70940589904785,957.4322509765625,213.8080644607544,978.6239624023438,193.7428879737854,915.1123809814453,298.0541467666626,961.6266632080078,261.53621435165405,993.0055999755859,237.8989577293396,1018.4222412109375,219.74849224090576,923.741455078125,323.8881540298462,947.1393585205078,302.4624752998352,937.2987365722656,302.6334500312805,930.2942657470703,305.4499411582947,925.3504943847656,352.34832286834717,935.0757598876953,335.53765296936035,920.4035949707031,336.58435821533203,909.3561553955078,341.7280411720276,54,1787749112.3327012
851.8103790283203,368.51311683654785,856.1368560791016,334.9856758117676,883.6504364013672,305.6080198287964,916.1048126220703,298.24861764907837,943.6871337890625,295.9399437904358,901.3831329345703,271.86359882354736,937.1492767333984,232.50572204589844,962.5546264648438,209.4856309890747,982.5543975830078,190.32732009887695,915.5162048339844,292.1892499923706,962.7132415771484,252.08930253982544,996.3705444335938,231.4795732498169,1022.3155212402344,216.41208171844482,919.4015502929688,322.110493183136,943.6948394775391,301.95937871932983,946.9629669189453,298.89374256134033,949.4218444824219,297.20536708831787,915.0785827636719,355.1331853866577,926.9333648681641,342.2195291519165,921.4964294433594,339.2792272567749,915.6681823730469,338.988561630249,55,1787749112.3624582
852.5203704833984,376.62875175476074,852.6605224609375,340.5535125732422,877.1870422363281,309.49323177337646,907.2986602783203,301.53449535369873,931.9034576416016,299.59442138671875,899.9847412109375,272.2155261039734,936.3761138916016,231.7349410057068,962.9192352294922,208.92848253250122,983.3217620849609,190.36658763885498,917.7849578857422,292.4663543701172,964.0985107421875,251.1562156677246,997.0841217041016,230.32886266708374,1022.4185180664062,215.7600474357605,925.1261138916016,321.18669748306274,947.5705718994141,301.7075729370117,952.2007751464844,296.1779308319092,955.6951904296875,292.59499311447144,924.0835571289062,352.17071771621704,929.4541931152344,341.863009929657,921.4716339111328,340.9175419807434,914.9772644042969,342.20689058303833,56,1787749112.413909
856.9288635253906,385.3286361694336,856.8349456787109,349.62300539016724,881.7147827148438,321.3404417037964,915.3192901611328,314.47688341140747,941.9498443603516,311.502206325531,909.7019958496094,282.93680906295776,947.3390197753906,240.21368265151978,974.3718719482422,216.52061462402344,995.9305572509766,198.01504611968994,930.6106567382812,303.2197380065918,980.8992004394531,265.00544786453247,1013.7617492675781,246.28849983215332,1038.9656066894531,232.8411054611206,938.7157440185547,329.91295337677,960.0697326660156,311.30125522613525,952.2024536132812,310.4876661300659,946.2272644042969,310.6933379173279,936.1467742919922,357.53262519836426,941.6389465332031,346.5740633010864,927.0465850830078,347.212815284729,916.3088989257812,349.86133575439453,57,1787749112.4610107
855.7975769042969,381.39960765838623,859.2545318603516,345.8648872375488,884.1488647460938,315.7828187942505,912.4918365478516,306.6632008552551,934.9828338623047,304.7184920310974,912.5126647949219,278.5575556755066,951.1963653564453,237.52046585083008,976.4487457275391,215.38486003875732,995.6752014160156,197.80699253082275,930.6493377685547,298.4414792060852,980.4051971435547,259.60204124450684,1012.9749298095703,241.76899909973145,1037.6915740966797,229.86539840698242,936.9614410400391,325.4242014884949,961.1310577392578,309.31026220321655,962.9756164550781,306.3983702659607,964.2520141601562,303.74995708465576,933.9356994628906,354.1928029060364,937.7090454101562,345.22939682006836,926.3161468505859,344.76211309432983,917.4787902832031,345.38981437683105,58,1787749112.5024853
859.4437408447266,396.0512065887451,853.8606262207031,358.7974262237549,876.9306182861328,329.462513923645,914.2272186279297,320.7646894454956,944.8860931396484,316.47321939468384,915.325927734375,288.2954978942871,956.4855194091797,245.70068836212158,985.0106811523438,223.2021689414978,1008.9958953857422,205.66082239151,939.7802734375,310.00173568725586,994.2019653320312,272.4706792831421,1028.603515625,254.91401195526123,1056.5450286865234,242.1082878112793,949.5218658447266,337.907030582428,968.6985015869141,316.28544330596924,954.0065765380859,315.97344875335693,944.9508666992188,318.29156398773193,948.2157135009766,365.93433380126953,945.0629425048828,354.4567537307739,926.9783782958984,354.860200881958,917.1842193603516,358.47139835357666,59,1787749112.544871
859.2125701904297,396.5332317352295,853.5636138916016,361.35359287261963,874.4612121582031,329.2869257926941,909.974365234375,322.07661151885986,940.1409912109375,320.8024334907532,916.4698791503906,284.37430143356323,959.6432495117188,245.0982427597046,987.2722625732422,222.98091888427734,1009.8616027832031,205.8163046836853,940.516357421875,306.20720386505127,994.5819091796875,270.4401397705078,1028.8774871826172,252.6073980331421,1056.0179138183594,240.27910709381104,949.6298980712891,334.36370372772217,975.6709289550781,315.8762240409851,967.2885131835938,313.4751534461975,962.1857452392578,312.7434253692627,947.7530670166016,364.0978145599365,945.0837707519531,356.3869786262512,928.0324554443359,355.90853691101074,917.6902008056641,357.215781211853,60,1787749112.5830703
850.1850128173828,394.4551420211792,857.2023773193359,353.86823415756226,890.0540161132812,323.1089401245117,931.1013031005859,315.844509601593,963.7859344482422,309.02605533599854,909.0593719482422,282.1709418296814,951.9808197021484,243.3284568786621,980.5499267578125,221.98463916778564,1004.1985321044922,205.25705337524414,927.2393798828125,304.24275398254395,978.4928894042969,262.9256200790405,1012.9178619384766,243.06347608566284,1039.9726867675781,230.30575275421143,933.4158325195312,333.5510587692261,959.3963623046875,317.081823348999,957.4678802490234,315.45329332351685,954.6889495849609,314.17160511016846,929.7212219238281,363.57780933380127,935.6154632568359,357.0155382156372,926.6598510742188,356.11337184906006,919.6511077880859,355.52807092666626,61,1787749112.6235847
847.8877258300781,394.71508026123047,851.5243530273438,354.77527141571045,881.7805480957031,323.9410901069641,920.4312133789062,316.51750802993774,951.6343688964844,311.5121841430664,904.9379730224609,281.49378061294556,946.6368865966797,241.9276785850525,973.5931396484375,220.4979658126831,995.2813720703125,203.98860454559326,923.1024169921875,303.67416858673096,974.8073577880859,262.0079183578491,1009.0768432617188,242.08906173706055,1035.7014465332031,229.1339921951294,928.4731292724609,332.9531192779541,955.0468444824219,312.96759366989136,957.0912170410156,307.94594049453735,958.0140686035156,303.956937789917,923.7938690185547,362.4857425689697,928.5573577880859,353.8442873954773,920.5217742919922,350.922954082489,914.1733551025391,348.52447986602783,62,1787749112.684216
848.2277679443359,391.72735691070557,851.8354034423828,351.9721269607544,879.9243927001953,321.8747591972351,912.6673126220703,317.8558015823364,938.6502838134766,317.69999742507935,905.9192657470703,280.3164839744568,946.4418792724609,240.83260774612427,973.0506134033203,220.49938201904297,994.7392272949219,204.9021863937378,924.7382354736328,301.84436559677124,974.1072845458984,260.9733581542969,1007.7790832519531,242.20808744430542,1034.3497467041016,229.9891448020935,931.4088439941406,330.7195472717285,954.9647521972656,313.1179475784302,959.3436431884766,307.08508014678955,962.6490783691406,302.05535888671875,928.1583404541016,360.07952213287354,929.9213409423828,353.726270198822,919.7530364990234,352.2795081138611,911.7809295654297,351.61996364593506,63,1787749112.724697
842.1170806884766,396.4170169830322,845.3824615478516,353.03022623062134,879.4615173339844,320.453896522522,921.6239166259766,313.59617471694946,954.5439910888672,308.25186252593994,893.0348205566406,282.6496410369873,938.0101776123047,241.53839349746704,966.3774108886719,219.1184949874878,989.4082641601562,201.78910732269287,913.4957122802734,305.35138607025146,966.5338134765625,262.1047568321228,1001.9741821289062,241.9327211380005,1029.2857360839844,229.67395305633545,922.1797180175781,334.1927933692932,948.6154937744141,313.2785367965698,949.4603729248047,308.91308069229126,948.6725616455078,306.8852663040161,921.8100738525391,362.6563310623169,922.23388671875,353.63247871398926,909.6844482421875,353.4772324562073,900.5950164794922,354.831748008728,64,1787749112.7704434
842.3333740234375,393.40285778045654,842.0773315429688,350.7506489753723,867.5170135498047,319.70457315444946,898.3647155761719,316.62782192230225,923.3073425292969,318.5632395744324,895.6591033935547,280.79623460769653,938.0586242675781,240.62768697738647,965.5779266357422,219.15922164916992,987.6361083984375,203.18894147872925,917.4451446533203,302.7775812149048,968.0097198486328,261.33318185806274,1001.9630432128906,241.46039485931396,1028.426513671875,228.87079238891602,926.8439483642578,331.5780472755432,949.7710418701172,311.57275915145874,953.4362030029297,303.51061820983887,955.4527282714844,298.26531171798706,926.1664581298828,360.82054138183594,923.5544586181641,352.2774052619934,911.3014984130859,350.533390045166,902.0124816894531,351.10246896743774,65,1787749112.8189814
838.6824035644531,400.9658718109131,836.2651062011719,355.6702709197998,864.3962097167969,325.01219272613525,902.48779296875,318.92196893692017,933.3281707763672,317.02826499938965,886.5652465820312,286.093168258667,932.7397155761719,243.94858360290527,961.2306213378906,220.3577184677124,984.4226837158203,203.54825019836426,909.2919158935547,308.8890480995178,962.0722198486328,265.36057233810425,996.8688201904297,244.33632373809814,1023.1971740722656,232.90425539016724,920.0572967529297,338.3014440536499,949.1355133056641,313.90602350234985,948.262939453125,306.8697738647461,944.8644256591797,304.9072766304016,920.7785034179688,366.9280815124512,924.05029296875,356.2703561782837,912.7306365966797,354.65967893600464,904.3697357177734,357.0561146736145,66,1787749112.8611743
838.1742095947266,400.5958557128906,833.9170837402344,351.16628408432007,859.4392395019531,318.6066699028015,892.691650390625,313.3746027946472,919.9845123291016,314.72371101379395,887.6963806152344,286.93310737609863,932.3698425292969,243.79971027374268,960.7848358154297,220.32433032989502,983.7529754638672,204.2453670501709,911.1821746826172,309.51258659362793,962.2617340087891,266.0219621658325,996.2225341796875,244.05100107192993,1022.1114349365234,231.6624140739441,923.0222320556641,337.77742624282837,951.0385894775391,312.78016090393066,950.7704925537109,303.53156089782715,947.3716735839844,300.61166524887085,924.9018096923828,365.4967260360718,926.4311218261719,353.5495448112488,915.1607513427734,349.85554218292236,906.0048675537109,351.0844874382019,67,1787749112.883149
835.5779266357422,411.50304794311523,831.4360046386719,368.87836933135986,854.2942810058594,339.9295449256897,887.3041534423828,334.09181356430054,913.3255004882812,333.0495285987854,890.5510711669922,298.3760976791382,930.5496978759766,256.3993763923645,958.0290985107422,232.67184734344482,981.4857482910156,215.60733318328857,912.0383453369141,320.4217529296875,962.4188232421875,280.3942680358887,994.3828582763672,260.0753331184387,1020.6802368164062,246.82492017745972,920.7633209228516,348.6453080177307,940.8091735839844,328.4216237068176,918.1699371337891,331.4677119255066,901.1124420166016,336.24627113342285,918.9217376708984,376.4591932296753,925.3865814208984,364.4574451446533,907.6056671142578,365.79434394836426,895.5602264404297,369.38889026641846,68,1787749112.9341795
834.5284271240234,409.9295997619629,829.6534729003906,371.2671661376953,851.7012023925781,342.20959424972534,884.0023803710938,334.4088292121887,907.6454925537109,330.48003673553467,889.6826171875,297.4374532699585,930.8110046386719,257.0998191833496,958.5169219970703,234.58999156951904,981.2455749511719,218.3849859237671,912.1525573730469,318.4400510787964,961.6438293457031,278.93521070480347,994.59716796875,258.4923577308655,1019.7596740722656,245.5686378479004,920.3669738769531,346.13182067871094,946.2056732177734,326.170756816864,938.8868713378906,321.06462478637695,931.6034698486328,318.1742763519287,917.1409606933594,375.1776123046875,923.4814453125,367.0476007461548,907.8748321533203,366.38344287872314,894.1439819335938,367.54868030548096,69,1787749112.9955726
860.7823181152344,482.9631042480469,864.0721893310547,457.595157623291,882.5481414794922,443.4928321838379,903.9140319824219,455.17404556274414,921.8451690673828,468.55517864227295,938.2078552246094,431.16230964660645,985.8594512939453,419.7718906402588,1017.5836944580078,414.77555751800537,1041.271743774414,411.751012802124,947.440185546875,457.51615047454834,993.8054656982422,451.99024200439453,1025.0923919677734,449.3967819213867,1050.4109191894531,446.5420961380005,942.6882934570312,482.74749755859375,971.2264251708984,485.1391267776489,984.2057037353516,486.0757541656494,993.7236785888672,485.4473876953125,928.4783172607422,507.9130983352661,939.4448089599609,514.1480112075806,937.1996307373047,512.9311037063599,931.7035675048828,509.62507724761963,70,1787749113.2440305
837.7216339111328,501.2648677825928,838.4150695800781,472.2243118286133,857.5264739990234,450.79676628112793,886.0924530029297,462.11594581604004,907.6438903808594,478.71306896209717,925.5404663085938,437.9264545440674,967.0410919189453,424.1535472869873,994.4979858398438,416.9119691848755,1015.2665710449219,411.8662405014038,936.4490509033203,462.94644355773926,977.0133972167969,458.3445882797241,1002.4440002441406,455.8803462982178,1023.0236053466797,453.2625961303711,933.6438751220703,486.696138381958,962.5857543945312,488.9098834991455,978.7717437744141,488.13539028167725,992.3028564453125,485.75526237487793,920.9271240234375,511.7419624328613,935.4840850830078,514.9426746368408,933.7898254394531,510.97978591918945,929.3067169189453,504.8700141906738,71,1787749113.2932858
908.6534881591797,497.6410102844238,895.8936309814453,471.3914108276367,897.0751190185547,443.12084197998047,912.630615234375,426.11486434936523,922.9081726074219,416.5295934677124,898.1621551513672,416.1602210998535,899.0087890625,370.13145446777344,898.927001953125,341.8076705932617,899.2184448242188,316.8958067893982,920.9237670898438,422.64052391052246,926.6844177246094,374.7981548309326,932.0215606689453,345.4331374168396,936.7683410644531,319.89264965057373,941.1207580566406,440.4578161239624,957.9966735839844,409.94547843933105,957.2493743896484,420.50029277801514,953.0030822753906,430.5026578903198,958.3818817138672,463.0610704421997,970.4829406738281,448.96453857421875,965.5705261230469,455.38626194000244,958.5703277587891,461.60821437835693,72,1787749113.9742727
907.4043273925781,505.96263885498047,901.0578918457031,476.71420097351074,906.5242767333984,448.5918188095093,925.7901000976562,429.78331089019775,937.1800994873047,415.79110622406006,897.6304626464844,417.70864963531494,899.0065765380859,373.8114023208618,901.1495971679688,344.5071744918823,902.3631286621094,319.8194360733032,916.4530181884766,427.70466327667236,919.2467498779297,384.2730903625488,923.6154937744141,353.075909614563,927.5295257568359,325.8826446533203,933.3774566650391,448.6156368255615,945.5068206787109,424.35760974884033,953.0155181884766,423.10988903045654,956.6401672363281,422.44139671325684,947.4834442138672,474.1161918640137,958.9920806884766,462.4233913421631,962.3725891113281,463.3608341217041,962.2428131103516,464.14270877838135,73,1787749114.0205445
895.3661346435547,514.549355506897,899.3198394775391,479.2463779449463,910.4502105712891,446.902756690979,929.8048400878906,425.84874629974365,938.9628601074219,411.46618366241455,895.2185821533203,421.9997978210449,894.5378112792969,376.9563674926758,895.7698059082031,346.5108275413513,895.7354736328125,320.75567722320557,909.9942779541016,434.67634677886963,915.6593322753906,389.73835945129395,921.9203948974609,355.89735746383667,927.6347351074219,326.8550205230713,923.4957885742188,458.46882820129395,938.9054107666016,435.5669689178467,951.2165069580078,433.3639097213745,959.9555969238281,431.9994592666626,935.4334259033203,487.249960899353,950.1095581054688,473.8264274597168,960.4471588134766,468.9324903488159,966.9245910644531,464.4511413574219,74,1787749114.0653293
889.2950439453125,529.6562004089355,888.8221740722656,499.727725982666,900.3840637207031,462.19624042510986,919.1036987304688,437.6604652404785,937.0185089111328,425.7548475265503,886.1061096191406,437.8422975540161,883.0107116699219,394.72649574279785,881.2087249755859,362.16602325439453,878.1669616699219,337.6620054244995,898.8185882568359,444.1560459136963,919.5169067382812,412.55069732666016,928.0861663818359,415.6815004348755,929.2306518554688,423.98634910583496,912.6583099365234,459.81194972991943,930.9755706787109,431.7662572860718,933.7454986572266,430.0009775161743,930.4856109619141,430.3615951538086,924.7241973876953,479.05081272125244,934.2864227294922,455.80610275268555,932.7261352539062,452.95244693756104,928.2929992675781,452.5417900085449,75,1787749114.111952
880.1244354248047,529.2729234695435,890.8319091796875,494.3318510055542,903.6119079589844,456.33044242858887,916.3974761962891,430.6011915206909,931.3233184814453,416.94703102111816,886.2084197998047,439.2808198928833,886.5052032470703,396.11493587493896,886.8730926513672,364.12652492523193,885.7314300537109,340.0334858894348,890.5770874023438,451.4764595031738,909.1361236572266,422.9162549972534,919.9700927734375,416.0336637496948,926.3705444335938,413.51938247680664,897.8718566894531,472.15444564819336,912.4785614013672,443.4445524215698,922.3797607421875,430.5755281448364,929.4903564453125,419.81274604797363,905.7063293457031,495.5052852630615,913.0537414550781,470.2406358718872,919.4789886474609,457.0085906982422,925.1612854003906,446.7440128326416,76,1787749114.1504228
891.4560699462891,532.4983978271484,874.8497009277344,510.4617977142334,877.5276184082031,483.45229625701904,904.9155426025391,467.19386100769043,927.3866271972656,459.2484712600708,865.9642028808594,443.3533573150635,854.2952728271484,397.33124256134033,848.1879425048828,368.9316701889038,844.473876953125,344.2406702041626,891.9548034667969,442.6579999923706,884.8847198486328,392.103853225708,882.4483489990234,360.0972890853882,881.1936950683594,332.0021367073059,917.5125122070312,456.4260149002075,923.5176849365234,417.792592048645,924.08447265625,424.75942611694336,922.7863311767578,432.4743175506592,940.9991455078125,478.3963108062744,944.5920562744141,462.9233980178833,940.2802276611328,469.47086334228516,936.9207763671875,477.0449924468994,77,1787749114.1982932
889.5615386962891,537.151665687561,876.1940002441406,514.6359586715698,876.8651580810547,490.99406719207764,899.6832275390625,476.077036857605,920.3984832763672,466.30577087402344,866.3335418701172,443.17517280578613,855.6018829345703,397.2986698150635,850.1670837402344,369.04226303100586,845.9479522705078,343.0645966529846,892.386474609375,443.4163570404053,885.1399230957031,394.19859409332275,883.8323974609375,362.455530166626,882.923583984375,333.7961483001709,917.4941253662109,458.08945655822754,923.1003570556641,425.6855821609497,923.9315032958984,421.716685295105,921.785888671875,417.0597267150879,940.7762908935547,481.1500597000122,945.9246826171875,471.63100719451904,940.3726196289062,473.4813451766968,934.1712951660156,473.646183013916,78,1787749114.2350981
896.8331909179688,537.9376602172852,884.8841857910156,510.639123916626,886.8714904785156,479.13389682769775,910.5885314941406,457.38667488098145,930.3619384765625,446.6020917892456,872.6065063476562,443.2752513885498,863.1736755371094,398.8083028793335,859.4319152832031,370.5315113067627,855.0490570068359,345.86153984069824,899.1545104980469,444.0866947174072,896.5660858154297,393.28861713409424,896.724853515625,364.4409227371216,895.2402496337891,339.03834342956543,924.4332122802734,457.2983121871948,935.6779479980469,437.3499298095703,927.3179626464844,460.98804473876953,916.7311096191406,477.36677169799805,946.4266204833984,477.0724153518677,955.3700256347656,465.9917163848877,945.1803588867188,480.551176071167,935.3602600097656,491.20774269104004,79,1787749114.2729335
897.9444122314453,540.8187818527222,885.1326751708984,517.520341873169,886.4152526855469,486.4129400253296,911.6130065917969,462.7748680114746,932.4564361572266,448.75219345092773,873.6457824707031,443.48047256469727,864.7197723388672,399.58816051483154,860.3902435302734,371.61023139953613,855.7451629638672,347.59270191192627,900.6184387207031,443.2774829864502,897.5711822509766,393.4739685058594,896.1341857910156,365.2079916000366,893.2359313964844,340.04608154296875,925.3728485107422,457.00404167175293,935.7013702392578,432.5895023345947,927.4343109130859,454.7092294692993,917.4752807617188,470.45838832855225,946.4230346679688,478.48849296569824,955.7539367675781,465.9549379348755,945.5891418457031,480.0916385650635,936.1972808837891,491.00046157836914,80,1787749114.3061829
897.5673675537109,537.1727800369263,894.2860412597656,504.4860506057739,900.8249664306641,472.9029321670532,921.4107513427734,450.9033250808716,938.8689422607422,438.30822944641113,884.1373443603516,434.0644598007202,878.5794067382812,386.17565631866455,877.2476196289062,356.63590908050537,876.2483978271484,331.14827156066895,906.2445068359375,440.31357765197754,905.1126861572266,389.56369400024414,907.708740234375,355.5051326751709,910.7445526123047,326.4599418640137,927.6451873779297,460.4215621948242,938.7687683105469,429.5801067352295,945.4669189453125,421.9872236251831,948.8603973388672,416.6948175430298,946.8733215332031,487.97857761383057,955.8889770507812,472.87628173828125,959.0673828125,469.54068660736084,960.6075286865234,467.0903491973877,81,1787749114.3371742
894.0749359130859,542.6657724380493,896.3225555419922,502.3481798171997,906.4844512939453,466.81620597839355,926.5889739990234,443.079514503479,940.7833862304688,427.99580097198486,885.6385040283203,438.01069736480713,879.1084289550781,389.2159938812256,877.6731109619141,358.164381980896,876.2767791748047,331.41327381134033,903.6457061767578,448.581862449646,904.0140533447266,395.0201225280762,908.6703491210938,358.3011531829834,913.4236907958984,327.3137426376343,922.5360107421875,471.8088912963867,934.0204620361328,438.47083568573,943.3430480957031,426.9330024719238,948.4593200683594,417.3345136642456,941.1960601806641,501.5069103240967,952.7509307861328,483.8429546356201,959.3804931640625,474.16460037231445,963.52783203125,463.99975776672363,82,1787749114.3735874
892.2544860839844,539.4410705566406,896.71142578125,511.4698791503906,910.8477783203125,479.48455810546875,940.1339721679688,459.9804353713989,959.5933532714844,447.3301076889038,885.6971740722656,432.99367904663086,885.5171966552734,381.74044132232666,884.9656677246094,349.5310163497925,883.1695556640625,321.79025888442993,906.5083312988281,436.32184982299805,912.5550079345703,379.9615144729614,918.4038543701172,346.06993675231934,921.0173797607422,316.46324157714844,927.7816009521484,454.3733739852905,952.2545623779297,413.0553388595581,956.8728637695312,425.23943424224854,952.3574066162109,436.96051597595215,948.0358123779297,480.3099489212036,967.8998565673828,459.9994468688965,967.2818756103516,465.2007865905762,960.9957885742188,470.3568935394287,83,1787749114.4133115
887.3663330078125,545.1085996627808,894.8664093017578,506.80867195129395,913.3171844482422,471.7815971374512,943.1465148925781,455.6616497039795,961.6681671142578,447.22161769866943,889.6733093261719,433.16572666168213,888.0667114257812,381.7988061904907,886.0236358642578,349.746515750885,883.5028076171875,321.5337324142456,904.4040679931641,441.34024143218994,911.4068603515625,382.5182819366455,918.3316040039062,345.8037328720093,922.1708679199219,315.32864570617676,921.3037109375,463.39911460876465,946.0695648193359,418.867449760437,952.7835083007812,413.9012861251831,950.0510406494141,411.0542821884155,939.8714447021484,491.8988084793091,958.5431671142578,469.3479108810425,961.7109680175781,464.6043920516968,960.6502532958984,460.3149175643921,84,1787749114.450693
898.7569427490234,547.0309066772461,899.8194122314453,520.0637626647949,909.3983459472656,489.24423694610596,939.4808197021484,468.5696840286255,963.1185913085938,454.4475317001343,894.9549102783203,430.6748342514038,890.4146575927734,378.8411235809326,887.3457336425781,346.58095121383667,884.7635650634766,318.7905192375183,917.77099609375,433.18705558776855,917.8804016113281,377.70764350891113,920.7559967041016,341.7858910560608,923.2054901123047,311.67109966278076,938.0446624755859,450.86212635040283,952.7649688720703,413.1216859817505,955.6574249267578,410.8496618270874,952.9328918457031,410.09413719177246,956.1019134521484,477.1026277542114,967.845458984375,460.7155752182007,969.1128540039062,457.3903226852417,967.5237274169922,455.40364265441895,85,1787749114.4947612
899.5857238769531,550.447826385498,900.0212097167969,526.4476346969604,912.4552917480469,494.03350353240967,944.2958068847656,469.8886442184448,967.6972198486328,453.1188726425171,894.2179870605469,433.43029975891113,889.3689727783203,380.789737701416,886.7095184326172,348.95028591156006,885.1418304443359,321.09938621520996,917.6953887939453,432.3394775390625,917.3226928710938,376.25813484191895,920.7491302490234,341.83616638183594,923.6489105224609,312.38879442214966,938.5993194580078,445.7622814178467,955.9535217285156,407.80670642852783,955.5391693115234,416.88669204711914,949.5226287841797,425.052752494812,957.6927947998047,467.7462673187256,971.9454193115234,450.62424659729004,967.7081298828125,459.92507457733154,962.0121765136719,469.2051315307617,86,1787749114.523459
874.930419921875,551.3087940216064,871.524658203125,513.811297416687,883.5898590087891,476.6594409942627,911.011962890625,452.62388706207275,934.1374969482422,437.793288230896,865.6820678710938,436.1013078689575,862.9496765136719,384.4341516494751,861.4560699462891,352.14361667633057,860.9264373779297,325.0074291229248,887.9204559326172,437.22835063934326,893.1272125244141,379.52871322631836,897.8078460693359,347.00255155563354,900.0019836425781,320.48402309417725,911.5711212158203,450.98331928253174,933.9854431152344,411.7365074157715,931.1348724365234,426.4503765106201,921.3101196289062,441.317195892334,934.4539642333984,472.6634216308594,949.0869140625,450.9813451766968,944.9510955810547,459.9915933609009,938.1325531005859,471.0881280899048,87,1787749114.5643635
778.4702301025391,549.6714019775391,751.6424560546875,541.8240737915039,734.9779510498047,518.380880355835,741.510009765625,499.35569286346436,755.4120635986328,486.80994987487793,725.2323913574219,466.9229793548584,698.5985565185547,425.7372522354126,683.9724731445312,399.9983024597168,671.2069702148438,376.63055419921875,753.9661407470703,459.84718322753906,733.4457397460938,411.8869686126709,719.9261474609375,385.7347869873047,708.626708984375,362.14147567749023,784.5452117919922,467.9871940612793,774.7779846191406,454.6970844268799,767.7327728271484,485.6241989135742,764.9668884277344,507.15418338775635,812.7462005615234,487.30145931243896,801.7479705810547,482.990140914917,791.6603088378906,504.56849098205566,787.56591796875,521.6551494598389,88,1787749115.0125632
791.1111450195312,562.9843425750732,771.505126953125,549.3077373504639,758.8238525390625,512.5390720367432,765.2706146240234,476.20346546173096,770.8456420898438,446.103458404541,734.6881103515625,471.13160133361816,715.0991058349609,430.7735824584961,701.500244140625,401.57054901123047,690.3542327880859,378.34948539733887,758.0068969726562,462.586727142334,743.0272674560547,421.309289932251,732.6103210449219,394.3876361846924,722.9222106933594,369.95185375213623,784.7475433349609,467.32123374938965,784.4480133056641,446.1673593521118,782.9853057861328,474.5469331741333,780.4180908203125,494.717059135437,812.254638671875,482.78436183929443,813.8059234619141,466.8042325973511,805.9071350097656,485.07681369781494,800.257568359375,500.708212852478,89,1787749115.05072
788.8968658447266,569.0068674087524,779.1512298583984,547.9474067687988,772.4269866943359,503.93003940582275,779.4884490966797,465.05053997039795,782.9135894775391,433.11362743377686,738.6826324462891,471.9000005722046,721.3147735595703,431.871657371521,708.8948059082031,403.1358861923218,698.6846923828125,380.39989471435547,755.9874725341797,466.81307315826416,740.1998901367188,426.6893720626831,728.1257629394531,399.70802307128906,717.2878265380859,374.84930992126465,778.3774566650391,472.8070592880249,780.2530670166016,446.0978364944458,781.4641571044922,471.5989065170288,780.5828094482422,491.5584897994995,803.4002685546875,487.6531505584717,808.3069610595703,465.93034744262695,803.3595275878906,482.22148418426514,799.4337463378906,498.2440996170044,90,1787749115.086169
864.5604705810547,500.8770418167114,862.0771026611328,458.59572887420654,864.1007232666016,415.86509227752686,874.0094757080078,384.01156425476074,881.5746307373047,361.8663454055786,834.0278625488281,396.1738586425781,824.5993041992188,349.9434757232666,818.9579772949219,318.7563371658325,815.2532958984375,293.8739347457886,841.7728424072266,404.996395111084,829.62890625,358.4735655784607,824.8370361328125,327.5136208534241,820.9486389160156,301.98740243911743,856.5941619873047,423.68255138397217,858.5184478759766,392.02553272247314,862.6980590820312,383.2358694076538,863.9730834960938,376.3313913345337,875.9043121337891,448.10580253601074,884.7806549072266,426.7328882217407,891.1668395996094,421.3976526260376,894.0991973876953,417.5151014328003,91,1787749115.4341428
885.3055572509766,500.45153617858887,886.6868591308594,466.63939476013184,889.4075775146484,425.4704475402832,904.1773223876953,390.05361557006836,915.7468414306641,361.0275650024414,858.828125,386.9537544250488,843.5547637939453,341.39842987060547,837.5640869140625,310.43915033340454,831.4997863769531,285.0500679016113,876.5210723876953,390.88050842285156,869.2227172851562,338.28030824661255,868.7435913085938,304.32849884033203,868.2658386230469,276.8802738189697,895.7326507568359,408.32971572875977,911.9942474365234,374.92900371551514,919.0924072265625,377.3275852203369,919.3743133544922,381.80434226989746,914.5607757568359,434.8018741607666,929.6994781494141,411.58154010772705,932.3137664794922,409.6707773208618,928.3026885986328,410.64971923828125,92,1787749115.4794724
904.59228515625,496.6048192977905,900.8873748779297,471.41385555267334,903.0782318115234,437.2921657562256,921.5884399414062,404.7101068496704,936.6863250732422,380.55108547210693,871.7903137207031,388.56934547424316,860.8024597167969,340.3805637359619,854.542236328125,309.8320698738098,849.7450256347656,285.1002788543701,892.7191162109375,384.89506244659424,886.2419128417969,332.43545293807983,885.0679016113281,300.1130962371826,884.4989013671875,274.29898023605347,914.9978637695312,395.07144927978516,925.4074859619141,359.0332245826721,926.5212249755859,369.08307552337646,922.4129486083984,381.5606689453125,935.4425048828125,414.1546154022217,946.0408782958984,390.3860378265381,945.2753448486328,393.02563190460205,940.4342651367188,398.7994623184204,93,1787749115.512543
904.4094848632812,495.9485149383545,901.7593383789062,467.48637199401855,903.6913299560547,432.5066328048706,918.29345703125,399.18437004089355,930.1471710205078,374.3343687057495,871.2200927734375,387.80219078063965,860.6983947753906,340.075306892395,854.6657562255859,309.80408906936646,849.5374298095703,285.4199767112732,889.6047973632812,384.3370771408081,885.0908660888672,331.3787269592285,885.7875061035156,298.4926986694336,886.3950347900391,272.3332214355469,910.5826568603516,393.564133644104,924.9594879150391,359.15276527404785,927.2555541992188,372.3597049713135,922.6158142089844,386.00815773010254,931.1756896972656,411.12032890319824,945.2774047851562,388.7134122848511,944.8752593994141,395.644154548645,939.5221710205078,404.24052715301514,94,1787749115.541831
908.5967254638672,489.96281147003174,906.8204498291016,451.55662536621094,912.3820495605469,412.81750202178955,931.5323638916016,387.14489936828613,947.1212005615234,371.2301301956177,884.5770263671875,381.05040550231934,879.1024780273438,334.01158332824707,874.7719573974609,306.0035705566406,870.3122711181641,281.28188610076904,903.3911895751953,383.9047050476074,906.1168670654297,329.6673059463501,908.6775970458984,299.5204567909241,908.4385681152344,274.4193363189697,923.8098907470703,398.4315490722656,952.7342987060547,365.4095649719238,955.0572967529297,381.1413860321045,946.4839935302734,395.1572799682617,944.0574645996094,420.37789821624756,970.4286193847656,402.5281620025635,964.8888397216797,414.3349885940552,950.9435272216797,425.07824420928955,95,1787749115.5892143
912.9749298095703,486.13025665283203,908.4835052490234,451.5449094772339,910.3141021728516,415.62541007995605,927.0721435546875,389.7552680969238,943.0731201171875,373.3953809738159,883.4710693359375,379.75122928619385,878.5153198242188,333.9474892616272,874.9697113037109,305.86748600006104,871.7100524902344,281.23839139938354,904.5027160644531,380.01378536224365,907.5170135498047,328.69673252105713,909.9940490722656,298.47840785980225,909.9275207519531,271.83164834976196,926.5737915039062,393.1025791168213,951.400146484375,362.9765224456787,952.2598266601562,380.70871353149414,943.9244842529297,395.74273109436035,947.5333404541016,413.8705587387085,968.8392639160156,397.76580333709717,963.9338684082031,410.4535102844238,952.1868896484375,421.0777187347412,96,1787749115.629436
925.9378051757812,493.37968826293945,926.4146423339844,462.5339412689209,932.9423522949219,427.8611755371094,952.2038269042969,401.1908769607544,969.0742492675781,382.6302480697632,909.3555450439453,384.6449089050293,904.6261596679688,335.8849239349365,902.4493408203125,304.7144365310669,899.0908813476562,278.80358934402466,927.4761199951172,386.7037296295166,930.894775390625,334.2487120628357,932.8578186035156,303.4851264953613,931.5985107421875,279.56531524658203,946.4976501464844,401.5413236618042,968.7126922607422,369.7172784805298,970.1522827148438,381.1088991165161,963.3705139160156,394.94678020477295,963.8985443115234,424.8379611968994,983.3716583251953,403.42698097229004,981.7781829833984,411.4181613922119,973.3463287353516,423.4158754348755,97,1787749115.6676662
929.6563720703125,496.2840700149536,932.4375152587891,466.9010925292969,939.9650573730469,433.9895296096802,960.4615020751953,406.86480045318604,975.2763366699219,388.68212699890137,910.1100158691406,384.18635845184326,904.3608093261719,335.01670360565186,903.0210113525391,303.0703926086426,899.3020629882812,277.29329109191895,928.0101013183594,386.4989376068115,932.5882720947266,331.9948196411133,936.3156127929688,307.0869255065918,935.1409149169922,289.763503074646,947.2655487060547,401.32915019989014,970.8000183105469,370.42293548583984,971.9258880615234,385.21941661834717,963.9090728759766,399.9544429779053,964.2808532714844,424.39833641052246,984.0512847900391,401.96828842163086,983.6231994628906,409.7240352630615,975.7640838623047,419.7465705871582,98,1787749115.6925397
942.3178863525391,490.27647972106934,941.7331695556641,465.326828956604,950.1545715332031,432.029972076416,977.2428894042969,403.63112926483154,997.2089385986328,384.9035167694092,925.1392364501953,373.95482540130615,921.124267578125,328.36493253707886,919.8172760009766,299.7980332374573,917.1903991699219,276.5977621078491,950.1129150390625,374.45560455322266,953.3884429931641,324.4842267036438,956.2647247314453,296.78831577301025,956.5604400634766,274.5323324203491,972.2289276123047,388.45274448394775,989.1381072998047,364.37127113342285,986.2564849853516,383.0916738510132,978.6622619628906,399.25264835357666,988.6686706542969,411.41584396362305,1003.1049346923828,397.35626220703125,996.1354064941406,411.79028034210205,985.4566955566406,425.4249143600464,99,1787749115.7473438
943.2864379882812,486.1147212982178,939.7309112548828,458.19519996643066,944.8453521728516,425.62485694885254,971.7836761474609,399.8541069030762,996.6243743896484,385.8990240097046,927.6158142089844,373.9499759674072,922.7820587158203,328.595495223999,920.3982543945312,300.89359760284424,916.69189453125,277.1688151359558,951.4311981201172,375.0829839706421,955.2069091796875,323.8617181777954,957.2523498535156,296.641309261322,956.3755035400391,275.1982069015503,972.6313018798828,389.78007316589355,991.6875457763672,372.58513927459717,986.6909790039062,394.3877649307251,977.3726654052734,411.4103937149048,988.0211639404297,412.2187042236328,1003.5469818115234,401.6869783401489,995.343017578125,418.89538764953613,984.23828125,433.681697845459,100,1787749115.8156002
950.9220123291016,494.44806575775146,941.220703125,468.00127029418945,946.5064239501953,433.50501537323,976.0150909423828,406.5152978897095,998.8693237304688,387.7262306213379,934.1127014160156,377.7513313293457,931.7573547363281,327.5851607322693,930.4869842529297,295.7171702384949,929.5351409912109,267.97194957733154,960.7261657714844,377.8494358062744,964.0172576904297,325.68570613861084,969.5616912841797,295.39438247680664,973.1077575683594,267.3626160621643,982.5766754150391,393.4320402145386,1002.1543121337891,355.08567810058594,997.3526763916016,376.27461433410645,987.0673370361328,392.89255142211914,1000.777587890625,418.9399766921997,1018.0476379394531,398.3054208755493,1009.9504852294922,412.0990562438965,998.3226776123047,424.28478240966797,101,1787749115.8700528
935.4475402832031,496.61211490631104,929.2616271972656,453.72633934020996,937.0546722412109,416.2781524658203,961.5439605712891,395.21809101104736,983.8482666015625,383.87346267700195,922.5447082519531,380.05258083343506,921.6065216064453,329.1873836517334,921.1933135986328,297.3590040206909,920.27587890625,270.653772354126,945.7542419433594,385.5096101760864,953.5868835449219,328.4083843231201,958.2779693603516,294.64767694473267,961.5673828125,266.18892431259155,968.284912109375,403.939905166626,989.3002319335938,360.5449390411377,983.3571624755859,373.41143131256104,973.511962890625,387.1764850616455,987.3265838623047,430.3246879577637,1000.6230163574219,407.5678825378418,996.3655090332031,413.2542085647583,991.3361358642578,420.8892345428467,102,1787749115.925233
937.6893615722656,495.186767578125,931.6228485107422,459.22272205352783,937.4619293212891,422.89140701293945,962.2340393066406,398.1142330169678,984.8006439208984,385.0739336013794,924.9063110351562,377.50877380371094,922.2354125976562,327.47986793518066,921.4885711669922,296.44203186035156,920.0107574462891,270.90662956237793,949.7644805908203,379.79101181030273,956.4792633056641,324.6640205383301,960.6837463378906,293.18331956863403,963.0440521240234,266.62578105926514,972.1425628662109,395.5510711669922,991.7876434326172,357.70458698272705,984.4412994384766,374.8118019104004,973.5730743408203,389.877233505249,990.9430694580078,420.6680917739868,1004.6489715576172,403.24999809265137,996.9258117675781,414.264178276062,988.5368347167969,424.46717262268066,103,1787749115.966438
923.3058166503906,496.58288955688477,914.7740173339844,455.2470016479492,920.2748870849609,417.91245460510254,941.6629791259766,395.7698106765747,962.3064422607422,387.2494840621948,908.7352752685547,380.62541484832764,905.4985046386719,330.67776918411255,903.6743927001953,298.7496757507324,902.1792602539062,273.5339069366455,932.18994140625,383.2057857513428,941.0922241210938,329.28308486938477,942.2425842285156,296.07433319091797,940.8816528320312,272.4799919128418,955.9417724609375,398.29516410827637,976.7630004882812,359.1650176048279,967.7314758300781,364.25492763519287,954.8484802246094,375.6823396682739,977.6866149902344,422.05430030822754,989.3454742431641,397.965145111084,980.9358978271484,403.02499294281006,971.3912963867188,413.48822593688965,104,1787749116.025354
918.3322906494141,492.88517475128174,911.7897033691406,446.0800266265869,915.8869934082031,403.7454557418823,927.7378845214844,372.28559017181396,938.0460357666016,353.87091636657715,911.451416015625,377.31651306152344,905.9651184082031,330.47338485717773,903.0585479736328,299.5805597305298,900.4536437988281,274.3850255012512,933.7889099121094,382.72170066833496,940.9370422363281,332.89612770080566,942.9370880126953,299.52052116394043,942.6509857177734,274.77540493011475,955.6526184082031,400.5398941040039,974.2486572265625,366.2523365020752,968.2341766357422,365.1081705093384,957.8143310546875,369.81770038604736,975.343017578125,427.17560291290283,988.7965393066406,404.57350730895996,985.3779602050781,403.59817028045654,978.7343597412109,408.0557441711426,105,1787749116.0739343
894.9054718017578,493.7096643447876,885.2043151855469,466.76629543304443,889.6361541748047,435.2117156982422,914.5317077636719,409.9783515930176,934.8734283447266,396.8239402770996,871.8865966796875,382.2967529296875,864.3279266357422,336.67965173721313,860.0648498535156,307.01802492141724,856.5761566162109,283.7130832672119,892.3347473144531,378.90832901000977,889.4107055664062,328.5985207557678,890.0926971435547,294.12220001220703,890.5909729003906,265.80352306365967,912.3787689208984,389.7559976577759,926.3106536865234,358.0517292022705,926.49169921875,353.4547233581543,922.6704406738281,350.8228540420532,931.2645721435547,410.3652334213257,942.6473999023438,392.8724241256714,938.8787078857422,394.14589405059814,931.8181610107422,398.9903497695923,106,1787749116.113689
866.9789123535156,493.2790946960449,847.2418975830078,451.2878465652466,841.461181640625,408.76140117645264,845.9821319580078,372.9720211029053,849.6247863769531,353.7737989425659,843.8601684570312,376.8743133544922,832.3991394042969,328.73419761657715,825.1856231689453,297.649884223938,819.2861175537109,271.89293146133423,868.6819458007812,378.89305114746094,865.0297546386719,327.73532152175903,861.8482208251953,291.8127965927124,858.0238342285156,264.530611038208,892.3090362548828,394.78241443634033,906.3506317138672,357.20367908477783,898.7330627441406,349.5821714401245,887.0403289794922,349.4499707221985,913.2221221923828,419.94428157806396,921.8148040771484,395.69779872894287,909.4797515869141,396.6322374343872,893.5546875,405.5541229248047,107,1787749116.1567636
866.9976043701172,493.78279209136963,850.0014495849609,451.157169342041,844.4203186035156,408.5196590423584,848.4140777587891,372.67436027526855,852.8602600097656,351.9258427619934,845.3763580322266,377.4258613586426,831.9895935058594,329.65996742248535,824.9156188964844,298.5755681991577,819.3841552734375,272.0662450790405,869.2765045166016,379.10449504852295,864.3154144287109,327.7582812309265,862.0484161376953,291.3902950286865,859.5687103271484,263.0935478210449,891.689453125,395.0605058670044,905.2121734619141,360.46318531036377,899.5618438720703,350.29029607772827,888.5981750488281,346.89931869506836,912.0468139648438,420.5247974395752,922.0852661132812,396.58700466156006,912.14111328125,393.3925151824951,895.8710479736328,397.85772800445557,108,1787749116.2018454
855.8207702636719,490.0106191635132,835.5145263671875,451.24085426330566,833.7995147705078,409.78965282440186,855.6432342529297,378.64753246307373,873.3985137939453,360.85169792175293,820.2678680419922,375.23168563842773,808.8934326171875,328.37422370910645,802.2431945800781,297.5903606414795,797.1432495117188,272.7148246765137,844.7917938232422,375.4521417617798,839.9130249023438,323.5778331756592,837.789306640625,289.8453426361084,837.1862030029297,262.3769688606262,869.5774841308594,389.3225955963135,877.3533630371094,354.7991752624512,872.4312591552734,366.83220863342285,866.8062591552734,380.4166316986084,892.4974822998047,411.8748664855957,895.8537292480469,390.70125102996826,888.8697814941406,400.0236225128174,882.8472900390625,411.8306636810303,109,1787749116.243682
854.3060302734375,492.01502323150635,834.1020202636719,454.1045093536377,830.6272125244141,414.4047260284424,847.7326202392578,383.63099098205566,864.3279266357422,367.66669750213623,821.0671997070312,378.455228805542,808.2135009765625,331.37819051742554,800.1554107666016,300.74631214141846,793.7070465087891,275.75597763061523,844.5794677734375,377.4203681945801,839.2650604248047,323.7443447113037,837.662353515625,289.53452825546265,837.6699829101562,263.11723709106445,869.2880249023438,389.93555545806885,878.6171722412109,353.0989122390747,872.1369934082031,363.8850402832031,865.3003692626953,378.3016777038574,892.5872039794922,411.0087490081787,894.5718383789062,387.8282833099365,886.2792205810547,397.6395893096924,878.8332366943359,410.9687089920044,110,1787749116.2893631
833.6479187011719,493.76691341400146,811.4169311523438,455.40578842163086,806.4047241210938,413.9527416229248,817.847900390625,380.93414783477783,826.6712188720703,361.24969482421875,802.4481201171875,377.74948596954346,789.580078125,330.0589084625244,780.1817321777344,298.73881816864014,773.2080078125,272.92667627334595,826.1128997802734,378.03422927856445,820.8575439453125,324.2992830276489,816.5866088867188,288.63364934921265,814.2258453369141,262.0279598236084,850.4712677001953,392.5405168533325,860.0910186767578,348.9419174194336,849.9297332763672,351.5378451347351,839.8147583007812,361.0739994049072,873.6450958251953,416.38986110687256,877.3949432373047,391.70074939727783,866.9998168945312,395.4272174835205,857.1379852294922,405.079607963562,111,1787749116.326306
832.0011901855469,493.82004261016846,809.3512725830078,452.44269847869873,804.0069580078125,407.7102327346802,813.6013793945312,372.5697326660156,822.5511932373047,351.07850074768066,802.581787109375,376.99074268341064,789.0037536621094,328.5536527633667,779.7568511962891,297.9628658294678,773.1119537353516,272.14439392089844,826.3101959228516,377.41036891937256,821.483154296875,322.86882877349854,817.4971771240234,287.904109954834,816.3774108886719,260.6019687652588,851.0054779052734,391.6774892807007,859.8568725585938,347.53877878189087,849.51416015625,358.80510807037354,841.068115234375,375.00672340393066,874.3723297119141,414.8769235610962,875.1052856445312,389.3625497817993,864.4288635253906,396.3038921356201,856.5752410888672,408.29203605651855,112,1787749116.3538752
816.0293579101562,497.13744163513184,788.9503479003906,463.47490310668945,783.4113311767578,425.8004665374756,800.8098602294922,397.01066493988037,813.5959625244141,380.8537244796753,780.5296325683594,380.15223026275635,766.3152313232422,331.78009271621704,756.3533020019531,301.5210199356079,750.3334045410156,275.36192893981934,804.8773193359375,378.15396308898926,797.0714569091797,325.51810026168823,792.0138549804688,290.68116188049316,790.8687591552734,261.8422222137451,829.6510314941406,390.83364486694336,838.6923980712891,344.20753955841064,830.0446319580078,363.465371131897,822.689208984375,385.56042194366455,854.1338348388672,413.3640718460083,855.9974670410156,389.7129535675049,843.6913299560547,397.2919750213623,833.0594635009766,408.755521774292,113,1787749116.4064517
814.0542602539062,498.23083877563477,786.0150146484375,462.22314834594727,778.6917114257812,421.83762073516846,792.3203277587891,389.5076894760132,805.2178192138672,371.76867485046387,779.51171875,381.26275062561035,763.5803985595703,331.8976378440857,753.4945678710938,301.4773106575012,747.14599609375,275.07392406463623,804.7489929199219,378.65079402923584,797.4982452392578,325.4007053375244,792.0198059082031,290.4989004135132,791.126708984375,261.6724491119385,830.0373840332031,390.7192325592041,838.8169097900391,345.35144805908203,829.4408416748047,365.1093292236328,822.5287628173828,388.0265522003174,853.8575744628906,412.334361076355,855.0298309326172,389.43872451782227,842.8124237060547,397.96119689941406,833.1591033935547,410.7612133026123,114,1787749116.448949
797.8237915039062,504.73388671875,765.8139038085938,472.931170463562,755.9466552734375,432.61709690093994,765.4598999023438,397.76721954345703,771.3938140869141,376.0703372955322,756.0008239746094,384.6889400482178,734.7399139404297,335.85299491882324,721.1520385742188,306.4199995994568,711.8717956542969,281.30643367767334,782.81005859375,380.4503631591797,770.9260559082031,325.55262565612793,761.6204071044922,293.1056213378906,756.1731719970703,266.1255168914795,809.5227813720703,392.2440576553345,811.0194396972656,344.7855234146118,800.1763916015625,369.32353019714355,793.3251190185547,394.22279834747314,834.6216583251953,415.15973567962646,829.0917205810547,392.6979732513428,814.1776275634766,402.9380464553833,804.3417358398438,415.8736324310303,115,1787749116.4937682
795.8881378173828,505.1526117324829,766.2992095947266,474.01705741882324,757.7522277832031,434.04137134552,769.3889617919922,401.16615772247314,776.4217376708984,380.69223403930664,754.8569488525391,383.3011865615845,734.0050506591797,334.8809838294983,720.3469848632812,305.93733072280884,710.3903198242188,280.6900405883789,781.6322326660156,379.5260524749756,770.455322265625,325.37978410720825,761.8442535400391,292.8539228439331,757.1607208251953,266.0809278488159,808.3322143554688,391.80859565734863,809.6136474609375,346.28936290740967,800.5834197998047,371.18828773498535,795.5209350585938,396.59327030181885,833.023681640625,414.9685478210449,827.1736907958984,393.1323194503784,813.9653778076172,404.1676998138428,805.782470703125,418.2459497451782,116,1787749116.5479698
769.0287017822266,517.6488304138184,734.8664855957031,491.48566246032715,719.4379425048828,451.1601734161377,733.4738159179688,414.83619689941406,749.6292114257812,391.5535068511963,714.4910430908203,399.6886682510376,691.4842987060547,349.1024851799011,677.6031494140625,318.44346284866333,666.1665344238281,292.3123097419739,742.4669647216797,394.4744539260864,727.8952026367188,333.2476472854614,717.0022583007812,298.09176206588745,709.6762847900391,268.31602334976196,770.7305145263672,404.2904806137085,767.5369262695312,362.9539489746094,759.8868560791016,393.10755729675293,756.2808227539062,418.1719636917114,798.004150390625,423.68800163269043,791.90185546875,403.99153232574463,779.7357940673828,424.41524505615234,773.0870819091797,442.87935733795166,117,1787749116.6015196
767.6064300537109,514.7859048843384,734.3094635009766,488.11208724975586,717.4073791503906,446.3188934326172,728.3830261230469,405.7474994659424,742.967529296875,375.8052062988281,710.4376983642578,394.6756410598755,682.3558807373047,344.96536016464233,666.4041900634766,314.8305058479309,653.7706756591797,288.9039087295532,737.4848937988281,390.188627243042,717.6514434814453,328.6882996559143,704.6727752685547,295.1643991470337,696.1485290527344,266.79754972457886,766.0264587402344,400.48097133636475,760.3545379638672,363.3446502685547,753.5331726074219,391.02478981018066,751.8327331542969,413.9458751678467,792.0729827880859,420.3424072265625,782.7175140380859,400.55397033691406,772.1369171142578,423.72469425201416,767.9476165771484,443.91619205474854,118,1787749116.654008
766.7720794677734,515.6171321868896,734.5758056640625,489.2635917663574,718.2294464111328,448.09953689575195,729.7231292724609,409.25230979919434,744.7626495361328,381.0231113433838,710.0999450683594,394.23344135284424,681.8410491943359,345.40818214416504,664.5354461669922,315.49747467041016,650.7327270507812,290.04631519317627,736.77734375,388.88726234436035,717.1875,328.5151147842407,704.5212554931641,295.04183292388916,696.1853790283203,267.84483432769775,764.9602508544922,398.7722969055176,760.2993011474609,358.678936958313,754.1696929931641,385.675048828125,751.8609619140625,408.28169345855713,791.2947082519531,418.48936557769775,782.1907043457031,399.401650428772,772.3895263671875,422.2260904312134,768.2191467285156,441.61558628082275,119,1787749116.7037153
780.1619720458984,518.4507036209106,780.3668975830078,496.8208122253418,777.6104736328125,457.3581790924072,781.2753295898438,414.58531379699707,780.1485443115234,379.15775299072266,729.7000122070312,403.08584690093994,700.2143859863281,350.19206285476685,683.6101531982422,317.04643964767456,670.6764984130859,288.14104557037354,743.6183166503906,393.71532440185547,717.6509857177734,335.1190996170044,708.3130645751953,298.8536810874939,701.3739776611328,267.7320098876953,761.8798065185547,397.93428897857666,770.0110626220703,355.2001762390137,777.5184631347656,378.0613088607788,776.6436767578125,398.1244897842407,783.4873199462891,411.78547382354736,794.2360687255859,387.174768447876,795.4241943359375,403.5826349258423,792.4375152587891,421.1058282852173,120,1787749116.7623994
780.6147766113281,513.7143516540527,771.2721252441406,494.03225898742676,765.125732421875,455.8991861343384,772.5533294677734,414.15255546569824,777.5190734863281,379.89452362060547,726.4234924316406,401.4772081375122,697.4215698242188,350.1674294471741,679.9251556396484,318.42530965805054,666.3115692138672,290.92854738235474,744.6633148193359,391.20112895965576,719.4527435302734,333.15520763397217,708.1560516357422,298.85932445526123,700.1617431640625,267.81612396240234,766.4080810546875,395.2680444717407,771.3694000244141,349.881591796875,773.7759399414062,377.4537134170532,771.0694122314453,400.84261894226074,790.8127593994141,409.82763290405273,798.5417175292969,383.9158630371094,795.5914306640625,401.75439834594727,790.0369262695312,419.35604095458984,121,1787749116.80211
979.5992279052734,444.94139671325684,976.9532012939453,410.6097650527954,995.33203125,372.2430181503296,1028.8522338867188,350.62859773635864,1055.9375,341.41499519348145,989.2979431152344,345.35058975219727,999.8489379882812,295.6144094467163,1005.2072906494141,263.5850143432617,1008.3235931396484,236.4635467529297,1007.5356292724609,355.32705545425415,1023.8172912597656,303.9315962791443,1035.660171508789,269.5544743537903,1045.2266693115234,240.4808521270752,1022.6866149902344,376.64021015167236,1049.4236755371094,348.182315826416,1049.7321319580078,355.9490704536438,1044.7624206542969,364.54224586486816,1035.5872344970703,403.46397399902344,1055.3666687011719,382.99065113067627,1050.6224822998047,387.57662773132324,1041.7743682861328,394.68714237213135,122,1787749117.158505
1000.5919647216797,452.82464504241943,1002.1690368652344,413.987717628479,1023.382568359375,381.10031604766846,1054.0847778320312,361.1302614212036,1075.9456634521484,349.4044804573059,1012.9299926757812,347.531054019928,1016.1875915527344,291.3668203353882,1020.5507659912109,257.38765239715576,1023.4801483154297,229.89634037017822,1030.8490753173828,361.396164894104,1044.9785614013672,304.32268381118774,1056.4041900634766,267.3916482925415,1065.4572296142578,238.52580070495605,1044.8426055908203,387.12090969085693,1068.6563873291016,356.92054510116577,1078.6038208007812,347.7354598045349,1083.7677764892578,342.20322132110596,1054.625015258789,418.39495182037354,1069.0116119384766,400.2014207839966,1074.2719268798828,394.23657417297363,1076.282730102539,389.2541027069092,123,1787749117.2029195
994.9183654785156,460.2771520614624,997.1986389160156,420.89828968048096,1018.0682373046875,386.68742179870605,1048.6588287353516,364.518985748291,1074.3904876708984,350.74127197265625,1010.9340667724609,352.155225276947,1016.9950103759766,295.6326913833618,1021.9956970214844,260.5776357650757,1024.8942565917969,233.1157636642456,1030.6897735595703,364.33247566223145,1048.3201599121094,304.83633756637573,1059.490966796875,269.6730065345764,1067.1448516845703,242.2346305847168,1046.212387084961,388.48368644714355,1074.506607055664,352.2175168991089,1077.151870727539,348.4286069869995,1073.7406158447266,347.34203338623047,1056.940689086914,418.68518829345703,1073.6468505859375,398.0238103866577,1073.953857421875,394.49947357177734,1070.777587890625,393.2453155517578,124,1787749117.2509465
976.2279510498047,445.06799697875977,971.8753051757812,395.0032138824463,981.7575836181641,341.50290727615356,995.7567596435547,296.7551851272583,1005.9384155273438,264.1481065750122,1002.2584533691406,334.64070081710815,1007.5636291503906,289.1016411781311,1006.3637542724609,258.75892639160156,1007.5801849365234,233.758807182312,1023.9650726318359,345.51602840423584,1038.5371398925781,298.6270022392273,1041.8248748779297,265.78388929367065,1046.5788269042969,241.38044357299805,1041.7692565917969,367.5204849243164,1062.2383117675781,328.8631582260132,1043.0661010742188,323.498375415802,1025.1506805419922,327.6648759841919,1055.063247680664,397.5383949279785,1063.8361358642578,373.90268325805664,1044.6914672851562,369.02428150177,1025.5973815917969,372.06955432891846,125,1787749117.2794287
965.7804870605469,442.28236198425293,960.3104400634766,388.826322555542,967.8873443603516,334.2012691497803,980.9747314453125,295.6141948699951,987.9527282714844,267.1483826637268,1003.1163787841797,327.80169010162354,1007.2124481201172,286.2059283256531,1002.9176330566406,261.50707483291626,1002.0867919921875,241.47979259490967,1018.7239837646484,343.6509919166565,1013.3040618896484,311.49922370910645,991.1067199707031,323.75831365585327,983.0936431884766,340.60136318206787,1026.9017791748047,365.3597831726074,1018.7931060791016,336.8657112121582,996.9013214111328,350.679452419281,991.9907379150391,367.96804904937744,1030.063705444336,390.8566904067993,1019.4654083251953,366.7789936065674,1001.5609741210938,373.8882637023926,998.0200958251953,386.5015125274658,126,1787749117.3582525
963.3407592773438,436.65581703186035,958.3267974853516,381.1543035507202,964.1600799560547,322.3792290687561,971.19140625,278.5986042022705,970.1641082763672,243.79213571548462,1001.9274139404297,322.58185386657715,1007.8023529052734,282.1212887763977,1004.5513153076172,257.48270988464355,1003.3820343017578,237.4579381942749,1017.4452972412109,340.50763607025146,1014.2744445800781,307.96847105026245,991.3558197021484,322.88475036621094,984.4917297363281,340.29698610305786,1025.904312133789,364.37599182128906,1022.8013610839844,334.64853286743164,1000.0304412841797,348.7205171585083,994.979248046875,366.0519218444824,1028.9231872558594,391.55067443847656,1024.1887664794922,366.64509773254395,1006.2576293945312,373.33834648132324,1001.8252563476562,385.99339485168457,127,1787749117.4215093
929.8648834228516,439.39154148101807,920.7974243164062,379.72745418548584,925.5941009521484,321.12281799316406,929.5304870605469,278.56937885284424,925.3099060058594,243.5520887374878,976.9466400146484,323.56605291366577,976.700439453125,292.0599889755249,965.7830810546875,278.4725618362427,960.0271606445312,268.3992576599121,989.9708557128906,343.06060552597046,983.2091522216797,318.3932089805603,962.2293853759766,327.1644616127014,954.8278045654297,339.87006425857544,996.4305114746094,367.9574489593506,989.8738861083984,344.8061442375183,968.9553070068359,353.88213872909546,962.0305633544922,367.33174324035645,997.2793579101562,394.8235273361206,991.6380310058594,373.36838722229004,974.7633361816406,378.737096786499,969.6825408935547,389.80822563171387,128,1787749117.4655774
874.1390991210938,474.7125434875488,846.7246246337891,445.14163970947266,833.9804077148438,407.3868656158447,850.4030609130859,372.715859413147,872.1439361572266,349.596848487854,824.2334747314453,352.8479862213135,803.4380340576172,305.996789932251,790.0921630859375,277.48982191085815,777.9026794433594,252.8239917755127,850.5824279785156,351.69394969940186,836.650390625,297.9148864746094,829.8023986816406,264.65444326400757,822.8968811035156,239.50392723083496,877.7957916259766,364.2751407623291,880.5670928955078,319.78705644607544,876.4951324462891,318.14093112945557,869.9309539794922,323.61928939819336,905.1422119140625,386.06210231781006,904.9424743652344,362.21614837646484,895.2660369873047,373.444561958313,886.6753387451172,390.88664531707764,129,1787749117.7060368
872.6951599121094,468.3548927307129,848.7187957763672,443.0790424346924,837.0516204833984,402.26401805877686,849.4356536865234,362.2202682495117,863.1953430175781,330.9298324584961,815.296630859375,349.47625637054443,791.1784362792969,300.8844566345215,778.5940551757812,270.8541011810303,768.2838439941406,245.69133281707764,841.9066619873047,345.57050943374634,822.5955200195312,288.52927923202515,814.3966674804688,254.23509120941162,809.2570495605469,226.8065643310547,870.1260375976562,357.5955390930176,872.2568511962891,319.55198764801025,872.0085906982422,321.29520893096924,870.8200836181641,323.4705877304077,896.7384338378906,380.153431892395,898.1537628173828,360.75217723846436,893.2719421386719,374.8793935775757,889.276123046875,388.96875858306885,130,1787749117.7482953
872.8108215332031,471.3343334197998,852.0554351806641,446.00213527679443,841.0957336425781,404.99905586242676,853.9887237548828,362.5489568710327,870.2375793457031,328.9240765571594,815.0749206542969,351.5674352645874,790.6743621826172,301.7425060272217,777.5038146972656,271.1627697944641,766.165771484375,245.68403720855713,841.8983459472656,345.74161291122437,824.295654296875,286.46472930908203,817.0789337158203,254.76058959960938,811.8740081787109,228.65046501159668,870.0322723388672,355.9884238243103,875.3952026367188,317.92781352996826,874.4707489013672,330.75299978256226,871.6583251953125,339.21682834625244,896.7460632324219,376.7791271209717,899.6859741210938,356.55057191848755,893.0714416503906,376.9528913497925,886.8913269042969,394.0568447113037,131,1787749117.7892077
870.3919982910156,481.9227933883667,884.9409484863281,424.42524433135986,892.0704650878906,377.0473051071167,905.4535675048828,352.4069666862488,918.9691925048828,335.77465295791626,858.7643432617188,342.36720085144043,851.7426300048828,288.0599784851074,845.1750183105469,252.8792667388916,838.5688018798828,224.06019687652588,864.9351501464844,355.91379404067993,863.0142974853516,297.6338768005371,863.1801605224609,260.5770778656006,863.9588928222656,227.8337001800537,876.4198303222656,380.1574230194092,889.6367645263672,337.5648880004883,907.3736572265625,321.1741018295288,921.2516784667969,309.51271533966064,892.9878234863281,410.55710792541504,912.4138641357422,385.2485132217407,928.1649780273438,372.8107452392578,940.0785827636719,364.64142322540283,132,1787749117.834795
876.0572814941406,476.308650970459,892.3572540283203,419.1163158416748,912.3308563232422,367.72231578826904,927.8469848632812,334.5935583114624,939.7902679443359,306.96871519088745,882.0439147949219,347.8423833847046,879.6659088134766,284.8243546485901,879.4228363037109,245.5401849746704,879.2882537841797,213.3043670654297,887.1382904052734,359.9674701690674,895.3852844238281,290.31880617141724,904.5652008056641,245.962815284729,912.9746246337891,210.09150981903076,895.5418395996094,383.95822048187256,917.6249694824219,333.7979292869568,933.4736633300781,308.7638854980469,944.6434783935547,288.98207902908325,907.1503448486328,414.7022581100464,927.5242614746094,382.9708671569824,944.2373657226562,362.20301628112793,958.262939453125,344.9598026275635,133,1787749117.8864772
881.1117553710938,469.3684244155884,899.1128540039062,411.95979595184326,917.5630950927734,361.28166675567627,933.5340881347656,327.1473169326782,942.5846099853516,297.7994441986084,884.5346832275391,340.9421110153198,880.6715393066406,281.29343032836914,878.7732696533203,244.17871713638306,876.9097137451172,212.0214557647705,888.9459991455078,354.2921733856201,893.4603881835938,287.44534492492676,902.9990386962891,244.3945598602295,912.2848510742188,208.97974491119385,896.9779205322266,379.54025745391846,915.1142120361328,330.11849641799927,930.4788208007812,307.1462345123291,941.1448669433594,289.1216826438904,909.1802215576172,411.5234327316284,928.6281585693359,382.2306203842163,945.1200103759766,362.87039279937744,958.9131927490234,346.62620544433594,134,1787749117.9352252
878.0654144287109,456.36056900024414,895.1296234130859,399.8698568344116,916.5467071533203,351.2302279472351,935.4402923583984,321.3865113258362,947.8118896484375,296.7112612724304,884.991455078125,328.3454489707947,884.0351104736328,268.5612201690674,885.0359344482422,231.1907958984375,884.8252868652344,199.74719524383545,890.3298950195312,344.22168016433716,902.9538726806641,281.8601703643799,914.8282623291016,240.83986043930054,924.4123077392578,206.3865852355957,899.0631103515625,371.3175916671753,921.6274261474609,328.6313724517822,938.4037017822266,306.2945580482483,949.9630737304688,287.3226070404053,911.4471435546875,405.34388065338135,932.9241180419922,379.35619354248047,947.2572326660156,360.8175802230835,958.5265350341797,343.7737512588501,135,1787749118.004965
886.8119812011719,449.34571266174316,903.0902862548828,396.5409564971924,920.3835296630859,350.99316358566284,935.4804992675781,324.91732835769653,944.3930053710938,304.39445972442627,888.5620880126953,319.4930648803711,887.8553771972656,262.09932804107666,888.5348510742188,228.46206665039062,887.4134063720703,200.8163022994995,897.8153991699219,332.4880886077881,907.8462219238281,270.2724266052246,918.5738372802734,233.05237770080566,927.0703887939453,203.3542513847351,908.8076019287109,357.98718452453613,929.5552062988281,320.1247572898865,942.611083984375,302.691707611084,949.6725463867188,287.20664978027344,920.7964324951172,390.35719871520996,939.4016265869141,369.4046401977539,950.9075164794922,355.48039197921753,958.2442474365234,342.2208595275879,136,1787749118.0480068
883.6817932128906,446.9683313369751,866.9132232666016,403.4071969985962,871.5245056152344,357.20179080963135,895.281982421875,323.42636346817017,919.5846557617188,305.1629877090454,873.8694000244141,316.8198895454407,869.9861145019531,268.14326763153076,865.8102416992188,237.2773289680481,863.3572387695312,211.2114930152893,897.8485870361328,318.8231563568115,907.3870849609375,263.00737380981445,910.4941558837891,229.55278158187866,915.6848907470703,202.57299900054932,919.3656158447266,334.5313310623169,932.7477264404297,301.678991317749,916.6108703613281,325.31071186065674,905.7804870605469,345.35775661468506,937.3638153076172,358.59806299209595,943.0338287353516,334.2075562477112,927.8208160400391,351.23215913772583,918.2854461669922,366.5353202819824,137,1787749118.084878
882.7143859863281,440.32434940338135,866.3860321044922,398.2121229171753,871.6548919677734,352.53957509994507,897.2386932373047,322.33498334884644,922.8160095214844,307.42533445358276,874.9793243408203,313.4918475151062,869.8211669921875,267.1795177459717,864.8198699951172,237.97425270080566,861.3743591308594,213.01378726959229,898.6093902587891,315.51125049591064,906.4940643310547,261.5479302406311,908.8255310058594,229.2305088043213,913.3638763427734,203.09478521347046,920.0304412841797,331.01722955703735,930.8433532714844,301.1802077293396,914.8944854736328,324.44090366363525,904.3424224853516,343.1849527359009,938.1381225585938,354.3345522880554,940.5889129638672,333.02972316741943,925.7417297363281,351.05088472366333,917.9286193847656,365.60847759246826,138,1787749118.1261911
858.6721038818359,471.38201236724854,827.9695892333984,429.89879608154297,815.5297088623047,385.01904487609863,828.8388061523438,350.88533878326416,848.0165863037109,333.5808205604553,825.0304412841797,340.69517612457275,809.476318359375,290.82497119903564,797.5758361816406,257.9013705253601,791.5763854980469,230.33055782318115,851.2644195556641,346.2993621826172,855.2424621582031,300.14790058135986,844.2320251464844,325.698881149292,838.387451171875,352.3296117782593,875.494384765625,358.497576713562,873.8454437255859,325.54603815078735,859.1134643554688,350.9934425354004,855.3324890136719,374.4650459289551,897.1219635009766,376.44477367401123,890.8356475830078,348.52059602737427,875.9351348876953,366.5508556365967,872.7040863037109,385.25928497314453,139,1787749118.1669428
846.4842224121094,474.9231290817261,814.9153137207031,449.95330810546875,800.2756500244141,411.3366222381592,816.81884765625,372.68049716949463,837.5759124755859,345.4414629936218,785.6075286865234,357.4402713775635,768.1550598144531,304.0069341659546,760.7224273681641,270.44891595840454,755.0422668457031,240.9089756011963,811.1176300048828,352.51219511032104,787.5079345703125,295.22937297821045,777.7699279785156,259.9799966812134,770.6209564208984,229.74420547485352,839.3648529052734,360.97031593322754,836.2521362304688,317.4204897880554,835.1172637939453,325.75005769729614,831.9066619873047,336.1732077598572,869.5491027832031,378.67469787597656,867.2686004638672,354.2559742927551,859.3967437744141,371.2543773651123,852.9067993164062,390.68623065948486,140,1787749118.2297697
846.1057281494141,478.6099863052368,816.6765594482422,454.468731880188,802.2904968261719,416.32201194763184,812.5167083740234,377.9816150665283,828.709716796875,349.5312523841858,786.5875244140625,357.5180983543396,768.4550476074219,305.0005531311035,760.1614379882812,271.37314081192017,753.5463714599609,241.79333209991455,811.8624114990234,353.7897849082947,790.2132415771484,296.43975734710693,779.3057250976562,259.88738536834717,771.7288208007812,228.56446266174316,840.1567077636719,363.31645488739014,837.1057891845703,323.4283375740051,834.0559387207031,324.8886179924011,830.9591674804688,328.71716022491455,869.1822052001953,382.3541736602783,864.2235565185547,355.92628240585327,856.2245941162109,373.189902305603,850.5748748779297,392.9601001739502,141,1787749118.2877514
850.8719635009766,480.38097381591797,824.9225616455078,450.03119945526123,811.6334533691406,409.5872640609741,821.8912506103516,368.3173370361328,841.5840148925781,338.3562898635864,792.098388671875,358.27398777008057,775.5683135986328,307.46243476867676,766.9186401367188,273.0380845069885,759.5323944091797,242.6403307914734,817.4441528320312,352.6214575767517,796.0064697265625,296.36173725128174,784.4940948486328,262.974328994751,775.5194091796875,233.1776475906372,845.21484375,360.38477897644043,843.0976867675781,326.3484477996826,840.4805755615234,350.44790267944336,837.4729156494141,373.38576793670654,872.1597290039062,378.4203815460205,870.6153869628906,351.45313024520874,864.1127777099609,370.59863090515137,859.0628814697266,391.73014640808105,142,1787749118.3315635
850.6840515136719,482.2071933746338,823.9999389648438,449.63976860046387,809.3633270263672,409.73493576049805,821.07421875,368.22815895080566,842.052001953125,338.6694860458374,793.8016510009766,357.78162002563477,777.6927185058594,305.01686096191406,770.6926727294922,269.4713258743286,763.9140319824219,238.48037481307983,819.6569061279297,354.0450668334961,802.30712890625,297.47684955596924,790.0816345214844,270.79354763031006,779.5436859130859,248.01839590072632,847.0819854736328,362.8797483444214,843.3363342285156,328.9184546470642,837.7326202392578,353.71899604797363,834.3048095703125,377.5581693649292,873.6309814453125,381.9684934616089,870.2435302734375,352.05862283706665,862.5936889648438,371.0105323791504,858.1867218017578,393.07605743408203,143,1787749118.382304
872.9115295410156,471.92158699035645,871.4225769042969,423.7917709350586,874.7843170166016,377.45418548583984,888.0492401123047,343.95341634750366,904.022216796875,319.30174827575684,847.8654479980469,329.91230964660645,846.1750030517578,277.08309173583984,846.248779296875,241.10106468200684,845.2143859863281,211.77027225494385,864.0697479248047,342.16687202453613,879.2511749267578,301.57500743865967,892.6163482666016,304.675555229187,900.5308532714844,311.3027358055115,881.8751525878906,360.6168222427368,905.0019836425781,339.6920943260193,907.4106597900391,355.1315975189209,904.0814208984375,367.467999458313,898.0313873291016,383.5551595687866,920.5276489257812,366.35069847106934,920.4181671142578,374.2074680328369,915.0586700439453,381.37394428253174,144,1787749118.447821
891.9242095947266,454.953031539917,875.4303741455078,418.65909576416016,872.2357177734375,373.1123113632202,890.7865905761719,334.7812485694885,913.4486389160156,305.8887720108032,862.9043579101562,318.2001543045044,860.3309631347656,266.412513256073,860.7959747314453,233.39900493621826,861.9784545898438,205.34704685211182,888.3216857910156,319.46553468704224,880.858154296875,260.6410217285156,879.9683380126953,228.7963342666626,880.8397674560547,199.41760540008545,913.0760192871094,333.93083810806274,925.975341796875,297.09078311920166,916.9390869140625,327.5339412689209,906.1638641357422,349.61504459381104,935.3326416015625,357.86300897598267,943.9796447753906,334.5876145362854,935.0618743896484,353.92908811569214,925.6037139892578,369.0353536605835,145,1787749118.4954333
891.2985229492188,450.46687602996826,872.1401214599609,414.5389223098755,869.6979522705078,371.85171604156494,892.0004272460938,332.9791474342346,916.8021392822266,305.3200149536133,860.751953125,317.47387647628784,860.1259613037109,263.5901641845703,860.9877014160156,230.68885803222656,861.4552307128906,201.88360691070557,886.8643951416016,317.960729598999,882.841796875,258.9738893508911,881.9659423828125,226.9119644165039,881.9937133789062,197.41867303848267,912.1527099609375,332.1668243408203,925.0422668457031,295.3664445877075,916.7272186279297,322.6385450363159,907.1037292480469,342.6573085784912,934.3367004394531,355.77682971954346,940.4832458496094,334.8990511894226,929.7196197509766,354.85217571258545,920.3348541259766,370.47258853912354,146,1787749118.548927
880.0537109375,452.5349235534668,863.6940002441406,408.20826530456543,864.1275787353516,359.7778916358948,883.3396148681641,321.8650817871094,906.8221282958984,301.54058933258057,857.0088195800781,318.0043315887451,859.4506072998047,267.78282165527344,860.8416748046875,236.27909660339355,863.3322906494141,207.94175148010254,882.3595428466797,325.1382350921631,899.139404296875,286.82674169540405,894.6356201171875,307.0135831832886,887.3542022705078,328.4489607810974,905.9445953369141,338.8581848144531,919.0851593017578,324.2584490776062,905.4539489746094,352.3438811302185,893.6396789550781,372.6904535293579,925.5624389648438,358.66198539733887,934.9851226806641,345.6724762916565,921.4331817626953,365.6899309158325,910.8332824707031,380.8384895324707,147,1787749118.618382
881.2314605712891,451.1112928390503,863.421630859375,406.35260581970215,862.5649261474609,360.4493236541748,881.2469482421875,323.7450313568115,903.7586212158203,304.0422749519348,856.3217163085938,318.1142592430115,857.8465270996094,269.71375465393066,860.5420684814453,236.87124252319336,863.8404083251953,208.23896169662476,882.4203491210938,325.47619342803955,898.6004638671875,284.8530864715576,892.9558563232422,304.82292652130127,883.8703155517578,329.28375005722046,906.4340972900391,339.69584941864014,918.4725189208984,318.9477825164795,905.3138732910156,343.0253505706787,894.0287017822266,364.9322175979614,925.3135681152344,360.5715036392212,933.8777923583984,341.18475437164307,921.2226104736328,358.87139081954956,911.6345977783203,376.4985466003418,148,1787749118.6691148
839.9429321289062,474.0914726257324,811.8089294433594,432.0377826690674,805.0439453125,384.0239667892456,817.1018981933594,349.86494064331055,829.0428161621094,329.19650316238403,819.6814727783203,343.5216236114502,806.414794921875,295.9544277191162,792.2919464111328,263.2431721687317,782.7620697021484,236.85360431671143,845.4726409912109,351.8161940574646,852.1525573730469,306.68193340301514,832.48779296875,324.79753017425537,818.9776611328125,351.0697031021118,867.81982421875,368.0059862136841,865.4365539550781,335.37590503692627,842.755126953125,355.9453797340393,834.0859222412109,378.8175630569458,886.6347503662109,390.5391597747803,878.7429809570312,362.9336929321289,857.2698211669922,376.54571056365967,849.7083282470703,394.62916374206543,149,1787749118.711779
804.5013427734375,493.43496322631836,770.6757354736328,463.1933784484863,760.1530456542969,423.14048767089844,774.1333770751953,391.25159740448,787.8964996337891,372.8828430175781,768.5515594482422,361.805362701416,759.8624420166016,313.0408716201782,752.8882598876953,278.0660676956177,747.3610687255859,249.5228147506714,797.9954528808594,363.4111261367798,802.9798126220703,311.2790036201477,791.6478729248047,315.3631925582886,779.6654510498047,328.10606718063354,825.3488922119141,377.100305557251,827.0861053466797,342.7756690979004,810.7718658447266,363.5238218307495,800.1273345947266,385.17688751220703,849.3977355957031,400.76481342315674,846.9783020019531,377.2703790664673,830.4570770263672,391.82915210723877,820.8918762207031,409.49928760528564,150,1787749118.7667067
799.3885803222656,491.127233505249,767.8215026855469,459.2306184768677,758.0774688720703,416.5037155151367,771.2471771240234,383.3602809906006,789.3020629882812,363.35984230041504,764.4039154052734,362.73645401000977,753.3016967773438,313.64044189453125,746.6252899169922,279.22945976257324,741.2558746337891,251.48453950881958,793.1857299804688,363.45189571380615,789.5643615722656,309.4317555427551,774.72412109375,296.9140148162842,760.2072906494141,294.018452167511,821.3237762451172,377.3586130142212,820.9408569335938,338.3493375778198,807.119140625,357.5461220741272,797.2073364257812,380.53606510162354,846.1573028564453,402.1205949783325,841.0548400878906,377.32715606689453,827.7553558349609,391.4723539352417,820.3781890869141,410.25322437286377,151,1787749118.8180223
782.6868438720703,509.22308921813965,749.219970703125,481.0485649108887,733.0704498291016,442.0105791091919,736.9170379638672,409.6522808074951,742.2631072998047,385.79538345336914,740.3101348876953,380.95582008361816,727.4278259277344,327.087299823761,720.2259063720703,290.0308871269226,715.2428436279297,259.39945936203003,770.0205230712891,381.40982151031494,775.3855133056641,331.0202980041504,766.3787078857422,354.1907215118408,757.5474548339844,382.4823188781738,797.8797912597656,393.2568597793579,795.1844787597656,356.32893562316895,781.3526916503906,383.52481842041016,773.9734649658203,408.5594844818115,822.7357482910156,414.52003955841064,815.2682495117188,392.5066566467285,800.4521942138672,410.6055164337158,794.0606689453125,428.0103921890259,152,1787749118.885309
784.3846130371094,508.257794380188,751.2442016601562,480.4114866256714,734.2123413085938,444.12407398223877,736.7732238769531,411.86898708343506,745.0382995605469,388.0254793167114,736.0080718994141,382.52742290496826,721.8975830078125,329.54664945602417,715.5335235595703,293.69422674179077,711.3975524902344,263.603253364563,763.9908599853516,379.03823375701904,753.9673614501953,315.61317443847656,738.6363983154297,283.5091495513916,725.8909606933594,260.06739377975464,793.3244323730469,390.28613090515137,788.0696105957031,348.74581575393677,774.3304443359375,376.9477844238281,767.6460266113281,404.3672561645508,819.90966796875,413.6367130279541,811.6326141357422,389.1021394729614,797.8324127197266,408.1854772567749,792.7823638916016,427.491717338562,153,1787749118.943392
779.8895263671875,511.3214349746704,743.9860534667969,484.7316026687622,726.2645721435547,444.7484493255615,734.4476318359375,408.8163757324219,749.4084930419922,385.613808631897,720.9905242919922,385.5364751815796,704.4496917724609,334.67848777770996,695.9852600097656,302.0454239845276,690.9762573242188,273.03364276885986,747.8662872314453,380.7875919342041,726.4983367919922,323.591845035553,713.5234832763672,290.61726093292236,706.1412811279297,261.72635078430176,776.5714263916016,390.41470527648926,774.8789215087891,349.7039222717285,766.8946838378906,383.42920303344727,761.2010955810547,412.58713245391846,804.903564453125,410.8118963241577,798.8472747802734,394.9134349822998,787.4240112304688,417.8217315673828,780.4366302490234,437.7679252624512,154,1787749118.9930048
796.1445617675781,520.0798988342285,764.3368530273438,489.8874092102051,750.87890625,444.3511390686035,759.7063446044922,408.4064054489136,774.8930358886719,382.363657951355,740.2040100097656,392.8634977340698,728.0251312255859,338.83297204971313,722.5642395019531,300.3958225250244,716.9760131835938,269.3094277381897,766.9195556640625,390.4938840866089,775.2111053466797,348.12854290008545,783.6489868164062,374.37509536743164,779.6869659423828,399.08562183380127,794.6532440185547,397.2645950317383,801.9451904296875,366.3129758834839,803.7142944335938,391.7979097366333,795.4646301269531,413.11949729919434,818.9982604980469,412.7229166030884,824.0998840332031,391.66019439697266,821.0191345214844,408.355507850647,812.9554748535156,424.97172832489014,155,1787749119.0474112
790.2061462402344,515.150899887085,756.5343475341797,482.0784902572632,744.9978637695312,435.06872177124023,758.8616943359375,399.0185880661011,777.0387268066406,374.52096462249756,736.9641876220703,390.60550689697266,725.0824737548828,335.24821043014526,720.0402069091797,297.3270320892334,715.8432769775391,267.17376708984375,765.1719665527344,389.40349102020264,776.6091156005859,342.98335790634155,783.33740234375,367.2338104248047,779.9539947509766,389.9040985107422,793.5038757324219,397.88841247558594,802.7164459228516,369.4347667694092,801.6992950439453,396.5508699417114,792.7338409423828,414.87138748168945,818.6109924316406,413.872447013855,823.0118560791016,393.98534774780273,818.8818359375,411.4663553237915,810.2317047119141,426.04371070861816,156,1787749119.1132157
876.2005615234375,486.71669483184814,860.5117797851562,454.9679231643677,864.0703582763672,412.1043348312378,887.4703216552734,376.84062480926514,911.6275787353516,354.3905997276306,857.8554534912109,361.5278720855713,860.1285552978516,311.20495319366455,862.3712158203125,278.5913300514221,864.3365478515625,250.81971645355225,883.5911560058594,364.8217964172363,882.5776672363281,311.22387886047363,882.0964813232422,279.8119926452637,882.1216583251953,251.81520223617554,906.9625854492188,381.3743305206299,917.1722412109375,354.4557237625122,907.7668762207031,380.1324462890625,899.3563079833984,399.63335037231445,926.517333984375,405.70823192596436,935.6832885742188,385.1528549194336,922.1506500244141,403.4327745437622,911.5309143066406,419.42140102386475,157,1787749119.2665646
876.3717651367188,494.83795166015625,865.0988006591797,456.33254528045654,868.4373474121094,412.83689975738525,895.8845520019531,377.8068208694458,922.0359802246094,350.4898524284363,857.3778533935547,366.2430238723755,860.4942321777344,313.73238801956177,866.7410278320312,279.0744924545288,870.1536560058594,249.73211288452148,882.7061462402344,370.4067134857178,886.6166687011719,311.6627097129822,889.7541046142578,277.2347116470337,892.3599243164062,246.16893768310547,905.0583648681641,387.17966079711914,916.9168090820312,366.4186763763428,905.3898620605469,392.9393720626831,894.7261047363281,406.8917942047119,922.1733093261719,410.6407928466797,933.9289855957031,391.61006927490234,921.4150238037109,410.86339473724365,909.6215057373047,422.1771240234375,158,1787749119.3143167
874.3726348876953,499.58099842071533,864.0017700195312,459.91026878356934,868.3896636962891,414.563512802124,895.5032348632812,378.0008840560913,921.94091796875,350.4055666923523,856.8064117431641,366.23100757598877,860.1278686523438,312.60483026504517,866.2576293945312,277.80651569366455,869.5063018798828,248.65386486053467,882.2624206542969,370.8254384994507,886.5454864501953,310.80777168273926,889.7616577148438,276.1154794692993,892.3719787597656,244.4491481781006,904.4782257080078,388.09199810028076,918.0277252197266,365.87347984313965,906.5184783935547,392.39919662475586,895.17333984375,406.91187858581543,920.9720611572266,412.3258638381958,933.5958862304688,391.89245223999023,921.8093872070312,410.7266664505005,909.8305511474609,422.42079734802246,159,1787749119.3595815
867.9903411865234,505.81552505493164,850.6543731689453,462.56372451782227,849.8680114746094,418.91993522644043,869.9199676513672,384.2966079711914,890.9756469726562,365.57182788848877,845.6886291503906,371.87604904174805,844.9803161621094,320.5984354019165,845.7625579833984,287.1329641342163,846.8995666503906,258.87629985809326,872.2940063476562,379.19092655181885,887.9070281982422,331.6951847076416,886.6674041748047,339.1577124595642,882.564697265625,351.891725063324,895.6239318847656,395.1014041900635,904.9231719970703,367.59318351745605,893.1505584716797,387.78468132019043,883.8972473144531,406.68713092803955,914.9709320068359,417.8332328796387,920.8059692382812,393.7385845184326,909.8614501953125,408.84560108184814,903.1159973144531,424.7088289260864,160,1787749119.4041803
869.1249847412109,502.91491985321045,849.5075225830078,464.5286464691162,847.6062774658203,420.8566188812256,869.8057556152344,385.81928730010986,894.3941497802734,364.8574161529541,844.7869873046875,375.24121284484863,842.3135375976562,324.492723941803,842.0806884765625,290.84102153778076,841.8436431884766,261.5952658653259,869.9454498291016,377.79454708099365,869.3442535400391,319.8048448562622,864.6800994873047,289.0278697013855,862.1006011962891,264.20677185058594,893.5585021972656,392.49884605407715,903.0242919921875,361.02773666381836,892.0667266845703,381.99488639831543,884.0959167480469,402.251615524292,913.3930969238281,415.9173631668091,918.2421875,391.5347099304199,907.6805114746094,407.3284578323364,901.1904144287109,423.6557722091675,161,1787749119.4587572
873.8739776611328,515.0952386856079,861.5408325195312,477.99633979797363,863.0860900878906,434.38499450683594,881.0524749755859,402.26994037628174,900.2536010742188,384.9373769760132,847.4747467041016,384.5546579360962,847.1456909179688,334.63014364242554,848.3381652832031,300.9760808944702,848.1555938720703,272.04047441482544,871.5077209472656,388.38232040405273,879.8487091064453,345.34698486328125,886.2376403808594,346.8223285675049,885.7109832763672,350.5390977859497,895.84228515625,401.859712600708,910.0309753417969,375.19147396087646,907.1533966064453,395.0919198989868,897.8989410400391,410.7248640060425,917.1490478515625,422.54430770874023,930.2507781982422,403.6500549316406,923.1308746337891,417.12603092193604,913.77685546875,429.4200325012207,162,1787749119.4889212
878.1962585449219,514.0029144287109,869.6146392822266,479.91482734680176,877.413330078125,432.940936088562,901.2580108642578,393.5164546966553,921.9774627685547,360.26886463165283,859.1798400878906,381.4080619812012,862.7889251708984,325.5545139312744,867.9656982421875,289.5277690887451,870.7040405273438,259.6177268028259,884.98291015625,385.0133800506592,885.6531524658203,325.2331209182739,889.1333770751953,287.3443007469177,891.673583984375,254.77166175842285,909.4579315185547,402.35817432403564,926.3034057617188,367.4322509765625,921.4280700683594,374.9732494354248,913.3242034912109,379.33610916137695,931.43310546875,426.01590156555176,940.2513885498047,408.67398262023926,932.7374267578125,419.6490669250488,925.8946228027344,428.1457042694092,163,1787749119.5695455
879.0492248535156,516.5702819824219,864.9720001220703,481.1561965942383,868.8162994384766,434.4252920150757,895.2468872070312,395.86122035980225,918.7894439697266,366.3114309310913,859.7533416748047,379.51064586639404,863.3792877197266,323.96947860717773,868.1328582763672,289.7232913970947,872.0162200927734,260.20195484161377,885.8978271484375,383.8429927825928,885.9691619873047,324.19167280197144,889.7519683837891,287.37895488739014,894.2127227783203,255.63932418823242,909.4528961181641,402.17419624328613,924.6146392822266,369.1812229156494,919.3857574462891,378.09096336364746,911.3149261474609,383.9364194869995,929.2375183105469,427.9599666595459,938.0115509033203,410.4181909561157,931.1039733886719,421.9879102706909,923.8377380371094,431.29011154174805,164,1787749119.639822
883.0411529541016,525.443844795227,870.5327606201172,491.58097743988037,871.9575500488281,442.9937267303467,892.2871398925781,399.50666427612305,911.2517547607422,365.3104305267334,856.7833709716797,385.61290740966797,858.8040161132812,331.6999053955078,863.1387329101562,297.4968910217285,867.1836853027344,266.86717987060547,883.1796264648438,386.8739318847656,880.24658203125,327.8090500831604,881.8376922607422,292.5527858734131,884.3389892578125,259.7540259361267,907.1151733398438,403.4219169616699,923.2025146484375,361.4513111114502,919.5023345947266,382.92619228363037,911.2083435058594,401.6053533554077,928.1972503662109,429.50727939605713,940.5245208740234,406.65249824523926,934.35546875,421.9148254394531,925.7695007324219,436.1289882659912,165,1787749119.6828394
882.7180480957031,524.204535484314,871.8728637695312,488.32584857940674,874.8810577392578,439.96450424194336,896.2149810791016,397.60761737823486,915.4615783691406,363.13342094421387,858.3027648925781,382.7813529968262,858.2846832275391,328.4540891647339,861.0799407958984,294.90549087524414,863.3168029785156,265.6045460700989,884.578857421875,386.1860418319702,881.7174530029297,326.3703775405884,883.382568359375,290.5729937553406,885.4920959472656,259.1458511352539,908.2920074462891,404.0824270248413,923.3457946777344,369.7684335708618,919.1721343994141,384.027099609375,910.9604644775391,394.99956607818604,927.8530120849609,429.6552515029907,938.7540435791016,409.3309736251831,932.06787109375,423.4495210647583,923.4747314453125,435.4830265045166,166,1787749119.7302475
882.9075622558594,537.2728157043457,895.3153228759766,488.59046459198,912.9278564453125,443.7005424499512,932.6177978515625,413.8918876647949,949.7237396240234,390.5047416687012,891.2766265869141,396.1541175842285,896.9180297851562,341.72741889953613,902.4603271484375,306.8304419517517,907.8404998779297,277.12109327316284,907.0188140869141,407.6422119140625,912.7927398681641,348.7528324127197,918.1086730957031,311.06483459472656,922.8266906738281,278.52412462234497,922.3911285400391,430.63822746276855,940.7128143310547,390.5631494522095,944.2201232910156,384.02950286865234,941.9393157958984,382.18122482299805,936.9776153564453,461.9124412536621,954.1806030273438,437.51107692718506,955.8472442626953,433.086633682251,952.7159118652344,432.16790199279785,167,1787749119.7899957
886.8959045410156,536.1801052093506,891.7743682861328,487.00783252716064,910.8490753173828,436.851167678833,936.4043426513672,405.66776275634766,956.6704559326172,382.2289037704468,895.2169799804688,394.8446846008301,903.0387878417969,337.648401260376,910.4344177246094,302.3849058151245,916.2836456298828,270.9650158882141,913.8486480712891,405.8135461807251,922.6811981201172,342.00501680374146,931.6373443603516,303.32213401794434,938.5202789306641,268.88327836990356,931.663818359375,429.8372983932495,959.1252136230469,380.4440116882324,956.7174530029297,388.81473541259766,946.9458770751953,397.8009080886841,947.8957366943359,462.41742610931396,964.8806762695312,435.78866958618164,961.7701721191406,438.18098545074463,956.0052490234375,442.5680923461914,168,1787749119.8351343
882.6743316650391,541.6090679168701,891.3202667236328,488.5298681259155,911.8866729736328,436.7077445983887,938.3125305175781,405.7787847518921,959.7506713867188,379.4777297973633,896.6223907470703,396.9505834579468,904.2685699462891,338.46900701522827,911.9057464599609,302.1575403213501,918.4838104248047,269.65948820114136,909.5209503173828,412.2092628479004,919.3849182128906,347.0138168334961,931.1598968505859,305.10483741760254,940.7421112060547,268.7557125091553,921.4579010009766,440.4729652404785,947.1858215332031,395.8146142959595,957.3463439941406,385.3592348098755,958.3444976806641,375.97034454345703,932.0561218261719,476.72643184661865,951.2662506103516,450.7261276245117,961.4553070068359,439.6127700805664,966.7326354980469,428.8437223434448,169,1787749119.8939252
889.4200897216797,551.3400793075562,904.9620819091797,513.8371753692627,918.8648223876953,466.26375675201416,934.9913024902344,425.60309886932373,949.2672729492188,391.29695892333984,886.5829467773438,405.64870834350586,890.423583984375,350.68359375,895.3416442871094,316.30913257598877,900.6880187988281,284.901065826416,904.5659637451172,408.02029609680176,900.3291320800781,348.29033374786377,904.6095275878906,312.044312953949,909.7726440429688,280.67896842956543,923.0564880371094,423.6613082885742,940.5118560791016,380.7351493835449,944.7360229492188,391.23194217681885,942.0207214355469,400.2145528793335,942.7364349365234,446.4068269729614,957.8913879394531,423.7823724746704,958.4291076660156,434.43241596221924,957.3041534423828,445.70876598358154,170,1787749119.950828
898.6269378662109,544.3934154510498,893.8679504394531,504.8578691482544,902.7564239501953,458.6776113510132,925.8367156982422,420.65783500671387,947.5946044921875,389.2362070083618,886.6030120849609,399.78346824645996,890.4287719726562,345.9109139442444,895.2947998046875,312.71299839019775,900.1435089111328,283.27457427978516,910.9746551513672,404.26700592041016,907.5926971435547,343.6429238319397,909.5716094970703,308.32696437835693,913.4107208251953,278.61268043518066,932.2414398193359,422.2069501876831,950.0099182128906,386.7749261856079,945.8756256103516,400.5746126174927,938.1224060058594,409.7592258453369,950.3111267089844,446.2743043899536,963.2015991210938,426.77606105804443,957.2821044921875,442.12005615234375,950.5802154541016,453.91984462738037,171,1787749119.9940124
983.4455871582031,542.0446586608887,986.6471862792969,501.84834480285645,1004.1197204589844,462.1209239959717,1042.5676727294922,439.3761348724365,1076.8807983398438,427.9313850402832,1004.0330505371094,406.87209606170654,1019.5108032226562,364.2599058151245,1033.8846588134766,332.05329179763794,1047.6497650146484,306.17666959762573,1026.7472839355469,424.6629524230957,1038.9804077148438,381.206316947937,1050.084228515625,349.98703479766846,1062.4771881103516,323.52309465408325,1043.5527801513672,455.1589822769165,1065.5014038085938,431.9855546951294,1054.7965240478516,443.80396842956543,1043.5365295410156,453.6471176147461,1053.9547729492188,492.59807109832764,1073.2331848144531,472.9827547073364,1071.8755340576172,470.7272529602051,1068.3319091796875,467.91818618774414,172,1787749120.3686557
985.8489990234375,547.8699445724487,985.7884979248047,511.1378860473633,1001.2059783935547,472.329626083374,1039.0508270263672,443.2975673675537,1070.3531646728516,423.33691120147705,995.7961273193359,409.37543392181396,1010.2394104003906,357.7801823616028,1021.9986724853516,325.7477617263794,1032.1493530273438,297.0168614387512,1024.4535064697266,417.70405769348145,1036.9437408447266,361.1157989501953,1045.8157348632812,328.1306791305542,1055.2729034423828,298.33056449890137,1046.4530181884766,441.3551330566406,1073.8475799560547,403.6408281326294,1060.3824615478516,427.77032375335693,1046.8358612060547,446.3227128982544,1061.0037231445312,473.61313819885254,1076.0948944091797,453.8318681716919,1066.5662384033203,468.09589862823486,1057.2632598876953,480.986852645874,173,1787749120.411788
984.7713470458984,551.6832733154297,984.3060302734375,515.1514577865601,999.2230224609375,474.8943758010864,1034.7694396972656,445.85034370422363,1066.6510772705078,426.3559627532959,997.0799255371094,412.43950366973877,1011.907958984375,357.5819134712219,1023.7309265136719,324.6651792526245,1034.0823364257812,295.74740409851074,1025.4108428955078,420.53505420684814,1040.4448699951172,359.4605541229248,1048.0461120605469,327.0508861541748,1055.8171844482422,297.5859832763672,1047.784652709961,442.8573417663574,1075.5878448486328,404.5901584625244,1060.863265991211,426.6217803955078,1045.4603576660156,443.2007074356079,1062.7694702148438,474.6449089050293,1076.7675018310547,455.2337837219238,1065.5322265625,469.7849178314209,1055.567626953125,482.63360023498535,174,1787749120.4626222
963.9933776855469,561.5458631515503,992.7508544921875,511.225004196167,1023.6405944824219,466.3426351547241,1055.2872467041016,439.0465450286865,1082.6856994628906,419.8112440109253,1000.88623046875,426.4872407913208,1024.4355773925781,369.2646074295044,1040.1966094970703,333.7718152999878,1053.0780029296875,303.19793701171875,1011.0122680664062,443.70152950286865,1038.643798828125,378.96639347076416,1058.199462890625,341.8789529800415,1075.7508850097656,309.13647651672363,1023.0384063720703,472.95498847961426,1063.171157836914,429.16515827178955,1073.3291625976562,426.55491828918457,1075.0515747070312,424.15637969970703,1036.2139129638672,508.9954662322998,1063.8370513916016,480.643572807312,1076.7765045166016,470.22355556488037,1085.1806640625,461.05340480804443,175,1787749120.5117865
960.5251312255859,562.3309993743896,984.1690063476562,500.7776069641113,1011.7222595214844,454.59919452667236,1041.5994262695312,427.18178272247314,1061.7796325683594,418.13531398773193,988.8725280761719,424.6633815765381,1006.7890167236328,368.8230085372925,1023.2364654541016,332.8676748275757,1036.7243194580078,302.5485420227051,1001.6191101074219,447.98405170440674,1034.3004608154297,395.8247423171997,1043.0892181396484,391.12971782684326,1041.5950775146484,394.70126152038574,1016.6335296630859,480.0997066497803,1053.062973022461,438.76622200012207,1057.700424194336,437.41430282592773,1051.0092163085938,439.90193367004395,1030.7836151123047,516.3400840759277,1053.8233184814453,485.29563903808594,1064.2323303222656,471.2928771972656,1070.6094360351562,460.9421682357788,176,1787749120.561508
962.6329040527344,561.0851669311523,987.7229309082031,497.38029956817627,1015.9766387939453,449.9869108200073,1045.0519561767578,420.7144832611084,1061.8282318115234,409.58361625671387,988.4490203857422,422.8546714782715,1004.0994262695312,366.2362003326416,1018.5778045654297,330.7530641555786,1030.8192443847656,299.064245223999,1000.8159637451172,445.1264476776123,1024.023208618164,384.26965713500977,1035.8538818359375,353.99245262145996,1042.3905944824219,330.3121089935303,1015.7292175292969,478.360390663147,1052.65869140625,434.7408056259155,1056.923599243164,432.9441976547241,1050.7657623291016,434.50451374053955,1030.1676940917969,516.3745880126953,1054.4337463378906,484.67885971069336,1065.9921264648438,469.0275049209595,1073.1413269042969,457.3811388015747,177,1787749120.6243544
966.5354919433594,565.0058698654175,975.0539398193359,521.4797115325928,998.5347747802734,479.3376159667969,1037.4203491210938,455.0278329849243,1066.9181823730469,440.4055881500244,984.0420532226562,421.322979927063,997.0851898193359,365.6004524230957,1008.5220336914062,332.68723726272583,1018.6050415039062,302.76410579681396,1007.6728057861328,431.0810708999634,1021.2911987304688,369.0552234649658,1032.4227905273438,332.27771759033203,1042.354736328125,299.141149520874,1028.2685852050781,455.4235553741455,1061.9102478027344,411.0078477859497,1054.543228149414,425.1913261413574,1041.5191650390625,437.06879138946533,1045.1313018798828,488.2425928115845,1065.5976104736328,463.92263889312744,1061.018295288086,470.52555084228516,1054.3179321289062,477.82068729400635,178,1787749120.668152
966.0029602050781,565.8188152313232,973.8998413085938,523.6229038238525,996.8555450439453,480.9316635131836,1035.5146789550781,456.19646072387695,1065.9709167480469,440.9383821487427,982.6515197753906,423.1348657608032,998.1150817871094,365.93231678009033,1011.0926055908203,332.225124835968,1021.9039916992188,301.76892042160034,1006.4492797851562,431.38890266418457,1022.5939178466797,368.0335807800293,1033.5444641113281,331.96743965148926,1042.9360961914062,298.961763381958,1027.7989959716797,453.3867931365967,1063.794174194336,410.0914764404297,1054.3186950683594,427.9682493209839,1039.58984375,442.1507406234741,1046.012191772461,484.08246517181396,1068.1045532226562,458.7906503677368,1059.5897674560547,469.28521156311035,1049.560317993164,479.9967098236084,179,1787749120.7158504
934.8155212402344,575.0261306762695,954.8284149169922,513.0575323104858,986.3332366943359,460.5068349838257,1019.3360137939453,429.35698986053467,1046.8266296386719,417.0356512069702,960.2467346191406,442.42724418640137,981.7609405517578,381.90051555633545,995.1177978515625,341.8753910064697,1004.9102783203125,307.7034258842468,964.2803955078125,463.1525659561157,994.0341186523438,400.7021999359131,1011.4607238769531,357.682785987854,1023.6779022216797,320.663366317749,975.4619598388672,493.91801834106445,1012.6483154296875,447.0611572265625,1028.9932250976562,427.7781343460083,1035.3572082519531,413.8111639022827,992.2257995605469,530.4975128173828,1021.8370819091797,497.0738410949707,1038.9022827148438,477.5187349319458,1052.1985626220703,461.39805793762207,180,1787749120.7413461
938.69873046875,568.9077758789062,958.7818908691406,507.81413555145264,989.6434783935547,458.8948917388916,1018.0194854736328,428.5110855102539,1040.5435943603516,416.3189220428467,963.2672882080078,437.2046184539795,979.0883636474609,377.24905014038086,993.2770538330078,338.67437839508057,1004.9898529052734,306.40203952789307,969.541015625,458.15563201904297,995.8596801757812,397.5879192352295,1013.6257934570312,357.89047479629517,1025.8646392822266,326.6323971748352,981.4955902099609,489.87449169158936,1017.3629760742188,448.3382749557495,1031.7078399658203,433.2847309112549,1035.8505249023438,423.2256317138672,997.347412109375,527.5824022293091,1023.7062835693359,497.2410821914673,1038.8822937011719,478.75285148620605,1050.3535461425781,464.3612766265869,181,1787749120.772937
933.0650329589844,567.2281980514526,927.4078369140625,508.77960205078125,940.5713653564453,456.0899877548218,962.8260803222656,420.6144905090332,985.6352996826172,403.75948905944824,939.0489196777344,436.7167139053345,951.7279815673828,378.16267490386963,961.1601257324219,340.0222849845886,969.2629241943359,310.7329273223877,960.3205871582031,449.84838008880615,993.7071228027344,388.9639949798584,992.1646881103516,384.1738700866699,981.3653564453125,389.2480516433716,981.7237854003906,474.2557954788208,1017.9428100585938,421.9978666305542,1008.7102508544922,424.0178060531616,991.7011260986328,434.5461416244507,1000.2254486083984,505.7864284515381,1021.6259765625,470.2400779724121,1019.3585968017578,467.61683464050293,1011.8733215332031,471.79837703704834,182,1787749120.8370504
941.5582275390625,558.8862705230713,931.5740966796875,500.85082054138184,937.2579193115234,444.9485206604004,952.4083709716797,403.2435607910156,972.515869140625,382.5523567199707,944.5539093017578,430.9086799621582,952.4257659912109,374.6187686920166,959.5146942138672,337.9228448867798,964.6444702148438,309.14656162261963,967.3963165283203,442.2009086608887,984.3289947509766,385.60681343078613,986.6422271728516,364.0244722366333,982.8439331054688,351.9233536720276,988.2701873779297,464.77656841278076,1011.4599609375,417.212290763855,1006.7942810058594,413.42007637023926,994.5008087158203,420.35828590393066,1004.8374176025391,495.09278297424316,1018.8008880615234,462.241473197937,1017.3532867431641,457.01043605804443,1010.4378509521484,461.4489984512329,183,1787749120.8985717
919.647216796875,566.5081644058228,928.0371856689453,527.5496578216553,942.5730133056641,479.941349029541,964.1128540039062,437.86272525787354,981.9667816162109,406.75047397613525,914.0335845947266,441.1681079864502,920.1128387451172,379.72496509552,926.3457489013672,340.59507608413696,932.3130798339844,307.22208738327026,934.4363403320312,445.0106191635132,939.2758941650391,376.4793634414673,947.1701812744141,337.76474475860596,954.949951171875,303.86909008026123,956.6146087646484,461.5970993041992,986.7336273193359,411.0504198074341,980.3374481201172,433.3078622817993,968.7282562255859,453.53317737579346,978.6576080322266,485.42219638824463,998.3634185791016,451.8665599822998,992.6249694824219,465.23898124694824,984.9928283691406,480.51628589630127,184,1787749120.9633512
925.7717895507812,565.6279277801514,941.0671997070312,541.4834117889404,964.8130798339844,497.2731828689575,991.9938659667969,456.85452461242676,1012.6941680908203,422.38221645355225,937.0668029785156,424.0014123916626,948.2844543457031,365.64499855041504,959.3690490722656,328.02746772766113,968.2540130615234,296.3037586212158,960.8616638183594,425.3965902328491,974.5175170898438,364.75454807281494,984.0782165527344,327.1577024459839,993.3583068847656,292.1207356452942,981.2151336669922,441.32453441619873,1010.2676391601562,404.90241050720215,995.0128936767578,433.9249849319458,979.2609405517578,452.6410961151123,997.0854949951172,467.4658155441284,1019.0336608886719,446.28812313079834,1007.1583557128906,461.94664478302,994.8342895507812,473.7684488296509,185,1787749121.0280976
925.5409240722656,568.4624004364014,932.22412109375,540.7501173019409,955.1804351806641,495.6009864807129,990.7044219970703,457.99718856811523,1017.249755859375,429.1023302078247,935.1321411132812,422.75420665740967,948.9254760742188,363.85937690734863,961.0512542724609,327.56022691726685,970.6004333496094,295.6628608703613,960.3308868408203,425.1852321624756,972.7680969238281,361.25269889831543,981.5726470947266,325.14930725097656,989.7706604003906,291.38482332229614,981.3846588134766,442.33068466186523,1012.6200866699219,398.7292528152466,998.2384490966797,424.0154457092285,981.5570831298828,442.4419641494751,998.1231689453125,469.8565435409546,1017.9616546630859,446.44184589385986,1005.9929656982422,462.30138301849365,993.9410400390625,475.8754634857178,186,1787749121.0854516
874.6351623535156,575.1701545715332,842.5181579589844,564.4102048873901,822.5711059570312,532.3574209213257,839.4401550292969,499.24042224884033,859.3067169189453,475.0306749343872,806.6923522949219,471.32789611816406,784.8801422119141,416.4982223510742,772.9547882080078,382.46957302093506,764.9491882324219,353.6787414550781,836.1844635009766,464.63091373443604,810.0025177001953,406.8443298339844,795.5046081542969,373.5747241973877,787.0088958740234,341.6590976715088,869.3344116210938,473.0956220626831,860.3139495849609,434.29500102996826,855.4969024658203,464.4425582885742,854.8301696777344,486.1104726791382,904.527587890625,491.74225330352783,894.2958831787109,475.21533966064453,884.6999359130859,496.61147117614746,881.1861419677734,513.0567598342896,187,1787749121.2862434
871.8415832519531,593.3407688140869,838.5697937011719,571.1367130279541,824.9723815917969,530.1698541641235,845.7138061523438,492.5623655319214,866.5796661376953,469.36580657958984,808.4650421142578,470.2933359146118,789.2198944091797,417.88992404937744,778.4611511230469,382.2859811782837,769.2060089111328,351.92455530166626,837.1583557128906,463.378643989563,813.5347747802734,405.5350685119629,797.5954437255859,370.5839538574219,785.5158996582031,338.78411293029785,869.4924926757812,472.3967456817627,859.4211578369141,433.22147369384766,856.2631225585938,466.63763523101807,855.6295776367188,493.44916820526123,902.5942993164062,492.38229274749756,891.6788482666016,471.15859508514404,881.4665222167969,492.67961025238037,876.4379119873047,511.62609100341797,188,1787749121.3536289
880.6350708007812,601.3365411758423,888.7531280517578,574.8660135269165,898.1614685058594,531.8499040603638,914.7438049316406,494.47394371032715,929.2655181884766,461.0838317871094,871.9596099853516,452.1794128417969,872.2463226318359,397.26635456085205,870.6108093261719,358.6841940879822,870.1374816894531,326.4113402366638,886.3114166259766,452.99214363098145,884.0544128417969,397.9358768463135,882.3414611816406,359.3073892593384,882.2518920898438,326.2203884124756,902.7835845947266,467.5439214706421,917.3841857910156,425.9149646759033,922.7321624755859,423.18614959716797,924.4602203369141,423.8074779510498,921.1709594726562,490.95329761505127,939.4331359863281,467.0752429962158,938.9771270751953,472.4060583114624,935.4519653320312,482.56553649902344,189,1787749121.3920586
879.8464202880859,593.5285234451294,883.7153625488281,555.5646228790283,892.7069854736328,506.7044734954834,908.3815765380859,468.4418821334839,923.3439636230469,438.12652587890625,873.1507873535156,454.47752952575684,874.0875244140625,394.86339569091797,874.6886444091797,355.94831943511963,874.7002410888672,323.49565029144287,888.4048461914062,456.5091848373413,888.2479858398438,393.0037021636963,890.4000854492188,354.14872884750366,890.8422088623047,323.14876556396484,907.4532318115234,471.5999364852905,924.9800872802734,422.4931526184082,930.1561737060547,430.73967933654785,927.9019927978516,442.56890773773193,928.3594512939453,495.27873516082764,942.4663543701172,466.6124439239502,942.7410888671875,476.4273977279663,940.7220458984375,490.16035079956055,190,1787749121.4443793
882.0143890380859,598.4969615936279,898.7342834472656,581.15478515625,911.3280487060547,540.3943061828613,925.2036285400391,497.9285001754761,938.2511138916016,460.47675132751465,878.2448577880859,464.5006227493286,876.2385559082031,402.47374534606934,876.7578887939453,361.8798637390137,876.6493225097656,326.7972779273987,892.1762084960938,457.8687000274658,889.8385620117188,391.50501251220703,891.6458892822266,351.9863748550415,891.0771179199219,320.65645694732666,908.0563354492188,466.3399314880371,928.7173461914062,412.13892459869385,930.3468322753906,431.8547058105469,923.8759613037109,453.39653491973877,925.1813507080078,484.7636604309082,943.5401153564453,455.057315826416,941.1965179443359,470.9976625442505,935.8367156982422,490.83446502685547,191,1787749121.501942
969.9599456787109,643.8312292098999,980.8784484863281,606.5136337280273,997.9037475585938,567.0734024047852,1014.2420959472656,540.5012083053589,1023.4175872802734,525.0055074691772,987.0164489746094,538.6716413497925,1006.3951873779297,487.7906084060669,1019.4837188720703,457.3259925842285,1031.7252349853516,432.860426902771,992.3210144042969,556.1041975021362,1015.5559539794922,505.7403373718262,1035.2012634277344,470.5234479904175,1052.6331329345703,443.84851455688477,998.2701873779297,583.121166229248,1026.8702697753906,554.4264650344849,1038.771743774414,546.676082611084,1045.269775390625,542.4784898757935,1007.2501373291016,612.9634237289429,1035.3211212158203,599.3749666213989,1045.6736755371094,594.2620325088501,1050.7976531982422,590.6341409683228,192,1787749122.1413548
956.3726043701172,646.6785335540771,948.4108734130859,604.332160949707,963.2696533203125,559.8144006729126,994.6184539794922,536.5605926513672,1020.0627136230469,525.5936622619629,968.0420684814453,543.87619972229,995.8628082275391,493.8457918167114,1014.4499206542969,464.3527364730835,1028.7620544433594,439.58985328674316,991.2254333496094,563.2319211959839,1021.9844818115234,508.479323387146,1041.529769897461,473.7436866760254,1056.5148162841797,444.94457244873047,1013.1140899658203,590.1403141021729,1047.5271606445312,554.7955369949341,1043.122787475586,560.3326034545898,1034.7479248046875,566.9084358215332,1034.5398712158203,619.6430683135986,1058.0565643310547,601.6796064376831,1047.969970703125,606.7700529098511,1037.093505859375,612.4177551269531,193,1787749122.1657815
979.8053741455078,667.1988487243652,971.5003967285156,621.1519718170166,995.5255889892578,579.7629976272583,1032.5346374511719,561.8396615982056,1062.0270538330078,557.0851993560791,998.7667846679688,561.5940141677856,1031.014175415039,513.3384561538696,1053.570785522461,486.63373947143555,1073.5060119628906,464.71614360809326,1020.6859588623047,578.7583923339844,1052.8883361816406,524.8916530609131,1076.2399291992188,494.4476795196533,1096.2033081054688,471.004056930542,1040.2252197265625,603.7517309188843,1082.9838562011719,571.9534349441528,1076.2786102294922,583.8624858856201,1060.7816314697266,598.7550115585327,1059.0792846679688,632.2393226623535,1084.9481201171875,613.1127691268921,1073.6774444580078,618.0170917510986,1057.2879791259766,627.3902320861816,194,1787749122.440633
966.1348724365234,677.581615447998,961.1672210693359,642.1535396575928,985.7677459716797,610.2087306976318,1030.8858489990234,602.0849847793579,1067.7371978759766,602.5785112380981,1001.1028289794922,571.8849849700928,1029.1719818115234,520.4602575302124,1049.1934204101562,490.85034370422363,1066.7146301269531,465.81254482269287,1028.3041381835938,589.1231346130371,1058.1600952148438,532.5119590759277,1077.2477722167969,500.21799087524414,1094.410629272461,473.4024238586426,1047.1310424804688,616.8039608001709,1085.0204467773438,585.6890058517456,1070.2672576904297,594.1966724395752,1053.5333251953125,604.3787670135498,1059.5857238769531,648.9176416397095,1080.057144165039,629.4420576095581,1064.1436004638672,630.2929830551147,1047.526626586914,635.8351993560791,195,1787749122.518864
953.4559631347656,677.4350166320801,1000.8334350585938,676.9901132583618,1033.4352111816406,648.412356376648,1048.8628387451172,616.3901710510254,1058.2756042480469,590.6654262542725,1022.950439453125,588.1188726425171,1046.8087005615234,555.4866886138916,1055.6008911132812,560.3068113327026,1057.895278930664,568.5732507705688,1004.9701690673828,572.9373550415039,1020.9713745117188,521.1574602127075,1029.6015930175781,490.26261806488037,1035.2384948730469,464.3328666687012,986.8867492675781,566.0706853866577,1001.9799041748047,516.4853096008301,1013.2154083251953,483.6945962905884,1020.9040832519531,457.41178035736084,970.5316925048828,566.6631317138672,982.2351837158203,521.249942779541,989.9922180175781,491.60101890563965,998.4986877441406,467.9028654098511,196,1787749122.592788
