P0_x,P0_y,P1_x,P1_y,P2_x,P2_y,P3_x,P3_y,P4_x,P4_y,P5_x,P5_y,P6_x,P6_y,P7_x,P7_y,P8_x,P8_y,P9_x,P9_y,P10_x,P10_y,P11_x,P11_y,P12_x,P12_y,P13_x,P13_y,P14_x,P14_y,P15_x,P15_y,P16_x,P16_y,P17_x,P17_y,P18_x,P18_y,P19_x,P19_y,P20_x,P20_y,frame_number,timestamp
942.9049682617188,693.3626174926758,901.7636871337891,677.6935815811157,876.0445404052734,627.2799396514893,897.9448699951172,580.2302598953247,931.3321685791016,556.6545867919922,887.6235198974609,561.2178611755371,871.8042755126953,492.0124912261963,866.0136413574219,446.0728597640991,863.8270568847656,408.2135009765625,924.9323272705078,561.5219593048096,904.5830535888672,489.61785793304443,887.5100708007812,442.9542875289917,876.4297485351562,404.7483444213867,962.4760437011719,576.6233968734741,945.3455352783203,544.2599487304688,928.0984497070312,586.5431499481201,921.8752288818359,618.445086479187,999.1586303710938,602.665843963623,976.8881225585938,577.4956941604614,957.6036834716797,609.8475551605225,949.9697113037109,636.7266368865967,1,1787812982.8075871
918.214111328125,688.4462356567383,871.2213134765625,665.6032562255859,839.1799163818359,614.6024036407471,846.9046020507812,564.7512102127075,873.2290649414062,533.8311338424683,842.5706481933594,545.6898880004883,813.0483245849609,480.94539642333984,797.4040985107422,440.07535457611084,788.20556640625,406.05241298675537,874.5424652099609,540.230541229248,841.0218811035156,468.40385913848877,818.658447265625,425.9319591522217,805.3540802001953,389.85998153686523,910.3357696533203,549.6361255645752,891.2382507324219,503.23429584503174,880.4481506347656,550.5091953277588,878.4056854248047,587.4361753463745,947.8987884521484,569.5360994338989,920.3268432617188,546.0444974899292,907.4907684326172,581.447811126709,905.4745483398438,611.502628326416,2,1787812982.8458505
902.8346252441406,669.9241876602173,852.3674774169922,641.9196510314941,821.1451721191406,592.4010515213013,830.4705047607422,542.5523900985718,853.3808898925781,505.3305387496948,818.2189178466797,528.2086229324341,785.5535888671875,468.89665603637695,766.1392211914062,432.9154872894287,753.7550354003906,401.5865993499756,849.2066955566406,521.0614156723022,813.7576293945312,452.8778600692749,788.1819915771484,415.3272342681885,771.4797973632812,383.0779838562012,884.754638671875,527.6902914047241,862.8939819335938,483.0835247039795,854.0176391601562,524.2322158813477,854.9485015869141,558.365364074707,918.8388061523438,544.4758987426758,891.9888305664062,516.7127180099487,879.1207122802734,549.238429069519,877.7957153320312,578.4188890457153,3,1787812982.9092934
905.3199005126953,646.8603229522705,856.2386322021484,617.1741485595703,826.6017150878906,568.3317232131958,833.2527923583984,517.7281379699707,853.0052185058594,478.4957027435303,820.3573608398438,510.6528568267822,787.3052215576172,451.89891815185547,769.9456024169922,416.4762496948242,758.6577606201172,385.0393009185791,850.4810333251953,502.1589231491089,814.447021484375,433.4618854522705,790.19775390625,397.10546493530273,775.1094055175781,365.3088855743408,885.3876495361328,507.0480966567993,865.4483795166016,461.62580966949463,858.9779663085938,504.69393253326416,860.8675384521484,538.780517578125,920.4756164550781,521.5013408660889,896.9846343994141,492.961049079895,886.6349029541016,523.6882209777832,887.0507049560547,551.0237503051758,4,1787812982.9524255
922.6363372802734,621.424355506897,875.8969116210938,587.9906845092773,847.9742431640625,536.5620946884155,855.9646606445312,485.3429317474365,880.3099822998047,448.3838081359863,844.4998168945312,485.5586242675781,813.7616729736328,425.7333469390869,796.9847869873047,389.2561197280884,785.9930419921875,356.9791030883789,874.6549987792969,479.50687408447266,840.8554077148438,408.6517524719238,818.1735992431641,371.5425968170166,805.0926208496094,338.29721689224243,909.2356109619141,484.8241710662842,889.6894073486328,441.17197036743164,880.0872802734375,482.835431098938,880.9233093261719,513.7108325958252,942.9242706298828,498.76904010772705,916.6212463378906,470.3934144973755,905.5601501464844,501.98580265045166,906.3807678222656,527.4643421173096,5,1787812983.021362
955.8735656738281,580.8893966674805,916.5070343017578,535.2843332290649,907.5397491455078,469.20036792755127,940.0816345214844,422.0821523666382,975.1689147949219,400.619158744812,915.5722808837891,417.6016616821289,910.6360626220703,353.39065074920654,908.9224243164062,313.6223101615906,910.2545166015625,280.5578827857971,948.3982086181641,419.1377305984497,941.0435485839844,345.75191259384155,933.0984497070312,302.92540311813354,933.6834716796875,266.3320255279541,983.4565734863281,435.3914451599121,985.3244018554688,389.3952941894531,964.7781372070312,427.14680671691895,956.5447998046875,458.42535495758057,1013.7849426269531,461.2145948410034,1005.0175476074219,426.16657733917236,984.8098754882812,449.60140228271484,975.9615325927734,473.67098808288574,6,1787812983.0707545
947.1430969238281,576.7202138900757,907.1276092529297,531.1612844467163,898.2955169677734,470.32496452331543,927.2690582275391,422.85990715026855,961.2362670898438,398.5988759994507,909.8373413085938,421.6218852996826,904.5639038085938,353.6398386955261,904.6260070800781,313.58495235443115,907.8780364990234,279.89097833633423,942.2465515136719,424.23487186431885,936.0887145996094,347.9383635520935,928.8903045654297,305.3508710861206,928.3003997802734,270.0949287414551,975.4142761230469,438.9279270172119,974.4990539550781,392.84740447998047,955.7499694824219,432.72417068481445,946.8883514404297,465.99030017852783,1005.1072692871094,461.3675022125244,995.7618713378906,424.5551919937134,977.2053527832031,452.28803157806396,968.841552734375,479.59935665130615,7,1787812983.1362069
919.7312927246094,583.641471862793,879.5860290527344,540.3251266479492,868.9521026611328,483.76673698425293,894.5528411865234,437.93898582458496,927.4680328369141,410.00882148742676,882.2292327880859,433.8641309738159,873.5507202148438,364.2351007461548,872.0471954345703,322.6682424545288,875.2420043945312,288.0952978134155,913.1523895263672,434.3727207183838,906.7263793945312,354.8686981201172,899.7001647949219,311.80731296539307,899.9247741699219,276.4004588127136,944.9135589599609,447.3461151123047,942.4485778808594,399.8743200302124,922.3252105712891,440.0258731842041,913.9134216308594,472.41966247558594,974.2471313476562,469.37670707702637,963.8655090332031,432.01576709747314,944.5093536376953,460.92787742614746,936.6294097900391,487.5687789916992,8,1787812983.1985967
861.1110687255859,608.3164215087891,810.7529449462891,565.1454305648804,790.1299285888672,510.1431941986084,787.8007507324219,464.8132610321045,789.4308471679688,429.61864471435547,808.5263061523438,463.25933933258057,771.0682678222656,405.6029176712036,745.3269958496094,372.40880012512207,729.7986602783203,348.1547212600708,823.8744354248047,458.3745861053467,779.2691040039062,393.53894233703613,745.0071716308594,355.8554935455322,722.2386169433594,328.2342338562012,845.3301239013672,462.521710395813,797.5696563720703,428.39710235595703,780.5754852294922,466.4942979812622,782.0585632324219,498.561372756958,868.4353637695312,473.992338180542,820.2233123779297,452.13194847106934,798.5855102539062,485.3226327896118,795.8613586425781,514.2443561553955,9,1787812983.2428975
816.8763732910156,609.5737552642822,765.1314544677734,575.7306289672852,731.7311859130859,528.6391925811768,732.7906799316406,477.372522354126,755.5337524414062,439.0304946899414,737.5360107421875,468.6590766906738,703.8569641113281,407.7031946182251,685.3080749511719,370.15007972717285,674.3145751953125,337.84117698669434,764.7959899902344,460.9082221984863,728.0879211425781,393.07271003723145,700.8259582519531,354.59322452545166,682.8629302978516,322.92757987976074,797.8882598876953,463.9410924911499,768.8907623291016,423.4767723083496,762.1253967285156,468.58916759490967,765.7814788818359,505.03000259399414,832.0408630371094,475.6128215789795,797.6399230957031,446.48870944976807,786.3027191162109,481.3185453414917,787.0191955566406,513.5953044891357,10,1787812983.2985327
818.4127044677734,592.3338890075684,768.9214324951172,562.3408699035645,734.6819305419922,516.6083908081055,735.1925659179688,466.85251235961914,757.8302764892578,429.51963901519775,739.6842956542969,456.2810468673706,708.3155822753906,396.3064670562744,691.2960815429688,359.6916961669922,681.3347625732422,327.20327854156494,766.8694305419922,449.3834352493286,731.6865539550781,380.5024194717407,706.2305450439453,343.2521367073059,689.9270629882812,311.36335372924805,799.7316741943359,452.26837635040283,771.4757537841797,410.36407470703125,766.2734985351562,456.69140338897705,770.982666015625,493.65331649780273,833.9449310302734,463.203763961792,800.6857299804688,435.73867321014404,793.4375762939453,469.47532653808594,798.4928131103516,498.9860200881958,11,1787812983.3601487
835.3554534912109,574.5274543762207,785.4318237304688,544.3315744400024,750.6089782714844,496.70472621917725,752.8704071044922,449.22451972961426,776.8899536132812,416.56877517700195,757.0584106445312,439.2080354690552,723.8741302490234,379.9991512298584,706.0980987548828,343.5095000267029,696.6954040527344,311.04185342788696,784.9851989746094,433.79967212677,748.9070892333984,366.8101501464844,723.6866760253906,328.57287883758545,708.9625549316406,295.1472759246826,818.2036590576172,437.3918151855469,792.0295715332031,395.22826194763184,782.6590728759766,439.1861057281494,783.6332702636719,475.52274227142334,853.1636047363281,448.6622428894043,821.6570281982422,418.7707185745239,809.6290588378906,451.71966075897217,809.4917297363281,482.88268089294434,12,1787812983.4168663
852.9246520996094,555.6235885620117,801.1307525634766,520.4078578948975,770.6809997558594,472.6487874984741,778.6756896972656,423.5588264465332,804.0567779541016,389.27435874938965,778.7899780273438,421.46833419799805,748.5967254638672,362.594575881958,731.9740295410156,325.36375522613525,722.5668334960938,292.3722195625305,806.9600677490234,414.9029302597046,773.6735534667969,347.3176145553589,749.6257019042969,308.94837856292725,735.1409912109375,276.8494176864624,840.2857971191406,418.2785654067993,815.2303314208984,378.01753520965576,804.7452545166016,419.60052967071533,805.4322814941406,454.7944164276123,874.4322967529297,429.5136308670044,844.0354919433594,399.5603084564209,830.5323791503906,431.1197805404663,828.9900970458984,461.618127822876,13,1787812983.4754167
932.1617126464844,495.79826831817627,883.6931610107422,446.02672576904297,870.2124786376953,384.8781967163086,899.9327850341797,335.1907682418823,932.1225738525391,303.77021312713623,871.771240234375,350.1550054550171,858.9253234863281,286.8456244468689,851.4813995361328,247.7523636817932,847.5862884521484,214.67467546463013,900.4653930664062,345.2785134315491,888.6976623535156,279.0552234649658,876.3973236083984,237.9448127746582,872.3838043212891,204.14713382720947,931.15966796875,352.17339992523193,930.0035095214844,312.4072265625,917.8981018066406,340.7473611831665,916.2916564941406,366.4710760116577,958.9204406738281,366.42223834991455,952.5165557861328,332.52842903137207,941.7765808105469,351.79595947265625,940.5924224853516,372.25958347320557,14,1787812983.5117893
968.3016967773438,475.1186943054199,927.4755096435547,430.91657638549805,917.3284149169922,372.23379135131836,943.9501190185547,326.1485695838928,974.7402954101562,297.0644760131836,918.3195495605469,334.31703329086304,906.9982147216797,273.4726023674011,901.2676239013672,237.1722936630249,898.7577819824219,206.04553699493408,948.1400299072266,332.354793548584,933.9247894287109,264.26487922668457,921.0482025146484,226.12667798995972,916.2373352050781,192.6476240158081,981.3973236083984,342.5658130645752,982.5213623046875,298.7612843513489,967.7117919921875,338.7256622314453,961.7546081542969,369.3479061126709,1011.8910217285156,360.81663608551025,1002.6667022705078,326.4850044250488,988.2368469238281,353.7777042388916,983.6583709716797,378.43892097473145,15,1787812983.5588074
994.7071838378906,468.46046447753906,957.1296691894531,424.8761558532715,951.8099975585938,366.4836072921753,981.1411285400391,323.3920097351074,1012.3128509521484,300.09678840637207,950.2967834472656,329.2964744567871,940.9319305419922,270.15264987945557,936.2339782714844,234.98931884765625,934.5783233642578,204.84354257583618,979.9974822998047,328.3467364311218,968.4980773925781,261.84964656829834,959.1827392578125,225.9305763244629,955.5074310302734,195.52016258239746,1011.7678070068359,340.3686547279358,1016.1285400390625,295.97545623779297,1000.6202697753906,330.53245782852173,991.4702606201172,358.97631883621216,1040.2605438232422,360.92976093292236,1036.5064239501953,326.83244705200195,1020.0626373291016,351.31346225738525,1010.6610870361328,374.84111309051514,16,1787812983.6057158
1015.6293487548828,470.1654052734375,980.2878570556641,425.85144996643066,978.6643981933594,366.1695957183838,1011.2070465087891,322.9368495941162,1043.8160705566406,300.1744222640991,976.8598937988281,330.71765899658203,971.5360260009766,270.92694997787476,969.0568542480469,235.50653457641602,968.6338043212891,204.6787691116333,1006.9374084472656,331.46230459213257,999.2439270019531,265.4944682121277,992.0162200927734,229.81531620025635,990.2323150634766,199.06726598739624,1038.2368469238281,344.8239755630493,1045.7718658447266,301.50325298309326,1029.0967559814453,336.478807926178,1019.0483856201172,364.1827440261841,1065.8173370361328,366.3329744338989,1064.4010162353516,331.5011429786682,1046.7147064208984,355.22279262542725,1036.5196228027344,377.86012172698975,17,1787812983.6511378
1032.061767578125,473.2448387145996,998.1495666503906,427.4498748779297,999.3820953369141,367.3922109603882,1035.7010650634766,326.76661491394043,1068.2221221923828,304.68793630599976,997.1867370605469,333.9443778991699,995.1972198486328,275.76395988464355,994.7754669189453,240.6507968902588,996.6130065917969,209.730806350708,1028.06884765625,336.2186551094055,1023.7462615966797,271.67168140411377,1018.3157348632812,236.04392051696777,1019.0007781982422,204.86107349395752,1059.3498229980469,351.4370369911194,1069.8209381103516,307.7305269241333,1051.2335205078125,342.2863483428955,1040.0348663330078,369.71333026885986,1086.5934753417969,374.33539867401123,1086.6779327392578,339.94394302368164,1068.0623626708984,363.5045099258423,1057.4420166015625,385.8179998397827,18,1787812983.6996465
1042.8671264648438,481.17499351501465,1009.8118591308594,434.563307762146,1012.8179931640625,374.12755966186523,1051.229476928711,333.6034154891968,1084.9140930175781,313.28787088394165,1010.1213836669922,342.36565589904785,1008.4615325927734,281.3862347602844,1008.5692596435547,246.28671884536743,1010.4714965820312,216.3627290725708,1041.3948059082031,344.51438426971436,1038.8848876953125,279.24426555633545,1034.6896362304688,242.64972925186157,1034.6768951416016,212.95900583267212,1071.9964599609375,359.8932695388794,1085.450439453125,316.41839504241943,1067.5636291503906,347.45914936065674,1054.9951934814453,374.3019676208496,1097.6063537597656,381.7617702484131,1100.7593536376953,345.2812385559082,1083.3533477783203,367.1375513076782,1071.4750671386719,390.86098194122314,19,1787812983.7443368
1048.0447387695312,488.87563705444336,1016.0882568359375,441.1881923675537,1020.5052185058594,381.14636421203613,1059.608383178711,341.4362168312073,1091.6053009033203,320.55354595184326,1016.3819122314453,347.7413606643677,1016.9950103759766,287.003231048584,1018.4149169921875,251.3116979598999,1021.0336303710938,221.51795625686646,1048.8836669921875,350.8421230316162,1047.473373413086,285.60837507247925,1043.1906127929688,248.8889980316162,1043.0455780029297,218.357412815094,1079.8670959472656,367.55292892456055,1096.2354278564453,322.4730634689331,1078.0089569091797,352.32105016708374,1064.7438049316406,378.4208106994629,1104.9745178222656,390.8884048461914,1108.4931945800781,355.34488677978516,1091.044692993164,376.5057134628296,1078.8884735107422,399.4623327255249,20,1787812983.7741153
1051.3288879394531,497.9462242126465,1017.7700805664062,452.9133939743042,1020.8833312988281,393.3086585998535,1059.3587493896484,352.69909143447876,1092.4889373779297,333.87354612350464,1016.8160247802734,358.269567489624,1018.3007049560547,294.8442506790161,1020.1960754394531,257.6417541503906,1022.8145599365234,225.84603309631348,1048.934097290039,360.2338457107544,1048.3319854736328,293.80430459976196,1044.9510955810547,256.7025947570801,1045.6268310546875,224.30957794189453,1079.7721099853516,376.1104202270508,1096.8506622314453,333.2021141052246,1080.452651977539,365.8028841018677,1068.7706756591797,392.48000621795654,1105.0629425048828,399.24076080322266,1109.8983764648438,365.6544828414917,1094.504165649414,387.2464370727539,1084.209213256836,409.46422576904297,21,1787812983.8013551
1050.83740234375,511.4125442504883,1017.3013305664062,465.98806858062744,1018.8185882568359,405.79277515411377,1056.2062072753906,364.01636123657227,1089.3194580078125,344.6950578689575,1014.326171875,367.1845865249634,1015.0643920898438,303.0042600631714,1017.7842712402344,265.113787651062,1020.7664489746094,232.82870292663574,1046.3829040527344,370.19861698150635,1046.1737823486328,302.90926694869995,1043.506851196289,264.5661234855652,1044.303970336914,231.52085781097412,1077.2187805175781,386.6316747665405,1090.0820922851562,346.01388931274414,1073.5784912109375,380.14369010925293,1062.1613311767578,407.35403537750244,1102.809066772461,410.35622119903564,1106.455307006836,375.12632846832275,1090.555419921875,397.7319860458374,1079.8114013671875,420.5937623977661,22,1787812983.854931
1041.0403442382812,526.525182723999,1007.0992279052734,484.30026054382324,1008.3831024169922,423.30180644989014,1046.112060546875,378.7697982788086,1078.878173828125,353.46150398254395,1005.62255859375,379.59965229034424,1006.1056518554688,313.71736764907837,1008.5701751708984,274.46821689605713,1011.8904876708984,241.12743616104126,1038.4200286865234,382.8193759918213,1037.1900939941406,313.3322024345398,1033.8630676269531,273.3255100250244,1034.7335052490234,238.36267948150635,1069.9304962158203,399.5396661758423,1082.812271118164,356.50079011917114,1064.4680786132812,392.63630390167236,1052.5025939941406,421.2795066833496,1096.0891723632812,423.8670015335083,1098.7812042236328,388.27202796936035,1080.3189849853516,412.8450536727905,1068.4685516357422,436.49436950683594,23,1787812983.9007187
999.4854736328125,577.2497034072876,958.8867950439453,535.1812076568604,953.7808990478516,473.3094263076782,986.871337890625,423.08422565460205,1019.8539733886719,394.3173837661743,953.6286163330078,422.0411682128906,946.35009765625,349.46537733078003,946.0492706298828,307.7196264266968,947.5540924072266,271.6166639328003,988.2820892333984,423.5924291610718,978.5050964355469,348.1980013847351,971.3307952880859,305.4061245918274,969.2607879638672,268.8855743408203,1023.0455780029297,439.55955505371094,1025.3581237792969,397.57654666900635,1007.8594207763672,434.690465927124,998.6857604980469,464.9380159378052,1054.5361328125,464.2710256576538,1047.9170227050781,429.55045223236084,1028.0364227294922,455.06555557250977,1016.7955780029297,480.47813415527344,24,1787812983.946809
983.9434814453125,586.3832902908325,941.3908386230469,544.2238998413086,932.0075988769531,484.5335912704468,965.3809356689453,435.7405614852905,1000.4180908203125,405.1042413711548,934.3868255615234,428.96551609039307,928.095703125,357.472608089447,927.5952911376953,313.5311794281006,929.5513916015625,277.25616931915283,970.8847808837891,429.11468982696533,962.0904541015625,353.519504070282,954.3952178955078,307.85656929016113,952.5212097167969,268.2681941986084,1007.2777557373047,443.69384765625,1009.7150421142578,402.25989818573,992.5828552246094,444.38336849212646,982.5402069091797,475.25761127471924,1039.0168762207031,467.31707096099854,1031.4315032958984,433.66620540618896,1013.7803649902344,464.4894218444824,1003.5224151611328,491.42918586730957,25,1787812983.988415
972.3960876464844,590.0074052810669,928.3627319335938,548.498010635376,917.9854583740234,483.9115333557129,951.6239166259766,432.9716634750366,987.1938323974609,402.5430107116699,923.1210327148438,425.83239555358887,914.4734191894531,354.2216420173645,912.6554870605469,310.75603723526,913.5608673095703,274.68594789505005,959.5217132568359,427.06252098083496,948.5163116455078,348.6436986923218,939.2074584960938,303.491735458374,937.0137786865234,265.369713306427,996.3876342773438,442.950382232666,997.1683502197266,399.4367551803589,979.4783020019531,441.3437604904175,970.3044891357422,474.1108703613281,1029.2514038085938,468.27515602111816,1021.5718078613281,431.2964200973511,1003.7856292724609,461.0157251358032,994.2299652099609,488.95365715026855,26,1787812984.0400922
963.7663269042969,585.6949281692505,919.1211700439453,545.0065898895264,909.1925811767578,475.25782585144043,945.662841796875,424.7275400161743,983.3808898925781,398.5882759094238,915.9524536132812,415.937705039978,907.2182464599609,343.5315799713135,904.8439788818359,299.1911458969116,905.2122497558594,262.01770305633545,953.58642578125,417.74328231811523,943.507080078125,337.900185585022,933.7574005126953,292.93670654296875,930.888671875,254.19528722763062,991.8816375732422,434.6057939529419,994.2165374755859,392.9464530944824,974.2364501953125,438.3815288543701,963.3599090576172,472.1925973892212,1025.0421905517578,460.91946601867676,1018.2341766357422,424.96018409729004,998.6008453369141,457.13253021240234,988.419189453125,484.8146867752075,27,1787812984.0791476
961.8395233154297,581.3522386550903,915.8810424804688,536.9501352310181,907.5940704345703,469.6846675872803,944.9317169189453,420.58234691619873,982.9469299316406,394.27558422088623,915.7925415039062,405.96383571624756,911.0675811767578,331.0239028930664,911.1909484863281,285.08195400238037,913.6190795898438,246.73486232757568,954.6812438964844,408.0320978164673,948.6225891113281,324.9018144607544,941.1104583740234,277.69532203674316,939.4961547851562,237.49814987182617,993.6293029785156,426.0295057296753,997.1393585205078,378.89631271362305,976.3368988037109,424.6916198730469,964.1324615478516,460.30311584472656,1027.748794555664,454.5948600769043,1023.5245513916016,414.47476387023926,1001.7653656005859,444.4328498840332,987.6035308837891,472.79512882232666,28,1787812984.1225786
965.3315734863281,571.0828542709351,922.8452301025391,524.3654251098633,914.9005126953125,458.0160713195801,953.8150024414062,409.9524736404419,994.9256134033203,381.54303073883057,924.4676971435547,391.7835330963135,921.0321044921875,313.9733576774597,921.6165161132812,266.22096061706543,925.4724884033203,225.62068462371826,964.2515563964844,396.00743293762207,957.9927062988281,312.14497089385986,952.4728393554688,262.1352696418762,953.5088348388672,218.5623550415039,1003.7271118164062,416.09344482421875,1007.9142761230469,368.97398471832275,984.4340515136719,414.5280647277832,969.6927642822266,449.82516288757324,1038.482437133789,446.3382911682129,1034.5137786865234,407.51269340515137,1010.2259826660156,437.2256898880005,993.2942199707031,465.7427644729614,29,1787812984.163384
976.45751953125,558.3958768844604,932.9800415039062,512.742018699646,927.4764251708984,444.64905738830566,969.4757843017578,395.7941436767578,1009.8710632324219,363.78998279571533,934.7635650634766,375.53672790527344,934.3265533447266,296.04304790496826,936.6691589355469,246.7742156982422,940.860595703125,205.66253900527954,976.8869781494141,379.9376106262207,973.6628723144531,294.3270778656006,970.4735565185547,243.57712984085083,971.8581390380859,199.9346923828125,1017.6919555664062,400.77691555023193,1023.4195709228516,355.9551429748535,999.6779632568359,405.3964948654175,984.6604919433594,441.45044803619385,1052.4156188964844,431.3316535949707,1047.9393005371094,396.5969181060791,1023.5042572021484,429.8039960861206,1007.3432922363281,457.61223793029785,30,1787812984.2041795
993.0233001708984,547.0756244659424,950.8909606933594,496.9357395172119,946.2885284423828,426.7213439941406,990.5014038085938,377.4140167236328,1034.1683959960938,350.1598119735718,956.0089874267578,359.5672416687012,957.7315521240234,278.2738208770752,962.2140502929688,227.46909141540527,968.8854217529297,184.92897748947144,998.5233306884766,365.14705181121826,998.1760406494141,277.4916887283325,995.4631042480469,224.67088222503662,998.7208557128906,178.69638204574585,1039.6039581298828,388.36785793304443,1049.0682220458984,339.95417833328247,1021.5487670898438,389.15149211883545,1004.5027923583984,426.1855459213257,1074.1748046875,422.87793159484863,1074.0446472167969,383.07300567626953,1047.9302978515625,413.7412118911743,1030.2381896972656,441.5750741958618,31,1787812984.2500007
1018.7088012695312,531.0033988952637,979.9199676513672,479.41954135894775,979.2122650146484,406.84823513031006,1027.1356964111328,357.3636031150818,1073.2876586914062,327.6143002510071,984.8526000976562,337.3694944381714,990.0341033935547,256.8865728378296,996.5577697753906,205.27130126953125,1004.8191070556641,161.46331787109375,1028.2095336914062,343.9066171646118,1031.1736297607422,257.2323417663574,1031.3162994384766,205.78499794006348,1036.055908203125,160.0177788734436,1070.7808685302734,368.6467981338501,1083.3360290527344,325.0796127319336,1054.5174407958984,377.3500728607178,1035.631332397461,412.9803228378296,1105.6619262695312,404.9039125442505,1107.1510314941406,367.26651191711426,1080.9481048583984,401.4836883544922,1064.1484069824219,427.4891424179077,32,1787812984.3011343
1106.046142578125,503.9601230621338,1068.9498901367188,431.80668354034424,1086.7994689941406,343.650541305542,1153.3487701416016,293.39845418930054,1209.5866394042969,265.22011041641235,1091.3282012939453,280.01968145370483,1114.5267486572266,192.55565643310547,1131.798324584961,138.1084442138672,1148.1876373291016,92.44707584381104,1140.0495910644531,286.09947681427,1164.2176818847656,194.75858688354492,1178.9007568359375,138.62675428390503,1195.7674407958984,90.89212417602539,1183.7068939208984,312.29227781295776,1215.5461883544922,266.6478395462036,1184.68017578125,310.3227424621582,1161.5740966796875,345.4163146018982,1218.063735961914,348.95687341690063,1241.3910675048828,304.7464084625244,1215.318832397461,335.30479431152344,1192.4707794189453,364.3334627151489,33,1787812984.353146
1109.169692993164,504.01848793029785,1070.3813171386719,435.3846216201782,1082.5237274169922,350.87300062179565,1140.861587524414,292.61505603790283,1196.1437225341797,262.42462635040283,1086.1878204345703,280.47351121902466,1107.3189544677734,184.32260513305664,1124.5586395263672,127.70602226257324,1141.7752075195312,79.40669059753418,1132.892837524414,288.8443422317505,1151.5302276611328,188.1865096092224,1161.6470336914062,128.2707667350769,1176.1930847167969,74.04081344604492,1176.1872100830078,315.32102823257446,1204.3523406982422,265.3641986846924,1170.9883880615234,321.26763582229614,1147.501220703125,360.9731912612915,1211.2599182128906,352.78887033462524,1227.0004272460938,303.6824941635132,1198.1669616699219,339.16181087493896,1177.0272827148438,370.7755708694458,34,1787812984.3833897
1096.4972686767578,523.4470367431641,1050.3504943847656,455.70653915405273,1054.8092651367188,369.59672927856445,1112.0233917236328,309.600670337677,1165.3424835205078,271.98275327682495,1059.1802978515625,294.0211772918701,1071.6020965576172,201.06780767440796,1084.1841888427734,144.5535135269165,1097.8263854980469,95.83625078201294,1108.5307312011719,297.9853105545044,1118.239974975586,201.26142024993896,1123.5658264160156,141.5552008152008,1133.4580993652344,86.98654890060425,1154.3633270263672,323.0935335159302,1176.935043334961,273.59525442123413,1147.7129364013672,329.90346908569336,1126.8778991699219,368.78520011901855,1191.6395568847656,362.5814437866211,1204.6916961669922,315.4076099395752,1176.6525268554688,353.61597776412964,1155.550537109375,386.1784029006958,35,1787812984.4316337
1083.0015563964844,538.9890432357788,1032.457275390625,477.1915054321289,1032.0352172851562,393.6180353164673,1082.6116180419922,331.29347562789917,1130.9980010986328,290.2416658401489,1035.7083129882812,311.1718010902405,1046.3658142089844,219.87281799316406,1055.5725860595703,164.03308868408203,1065.7428741455078,115.32764911651611,1083.9452362060547,313.6752676963806,1089.0463256835938,220.64499378204346,1092.5259399414062,162.42245435714722,1100.0164031982422,107.52426624298096,1129.8531341552734,337.03853130340576,1150.91796875,285.5329728126526,1126.4381408691406,341.0797619819641,1107.2242736816406,380.3357791900635,1168.1785583496094,375.48213958740234,1180.0149536132812,328.1432104110718,1154.9439239501953,365.7516860961914,1135.0238037109375,399.21453952789307,36,1787812984.4750202
1077.2115325927734,537.7618789672852,1030.51025390625,478.0011463165283,1029.083480834961,398.5996913909912,1078.1346130371094,336.8513345718384,1126.1101531982422,298.92974853515625,1027.5797271728516,321.4639949798584,1035.09521484375,230.17621278762817,1041.954116821289,175.93245148658752,1049.9234771728516,127.972891330719,1074.360122680664,323.57937812805176,1075.5667877197266,229.59558963775635,1076.275634765625,174.80117082595825,1081.2423706054688,123.17216634750366,1119.0547180175781,345.20766019821167,1141.4313507080078,294.9952268600464,1120.0505828857422,352.3395895957947,1102.5608825683594,392.45936393737793,1155.9362030029297,380.61288356781006,1168.2461547851562,334.97052669525146,1145.9957885742188,372.74946212768555,1127.8633117675781,405.06553173065186,37,1787812984.5165532
1078.7066650390625,528.9645338058472,1034.0152740478516,471.2542963027954,1038.687973022461,390.4032039642334,1089.8668670654297,332.3164701461792,1135.295639038086,297.1128845214844,1035.9870910644531,312.3691391944885,1044.8590087890625,224.96596813201904,1051.495590209961,172.50713109970093,1059.6440887451172,127.479407787323,1082.2723388671875,315.5071949958801,1085.0157928466797,222.3586893081665,1085.125961303711,169.04935598373413,1090.5615234375,118.7637734413147,1126.6211700439453,339.9903988838196,1153.2785034179688,286.30388259887695,1128.3653259277344,346.5595579147339,1108.4317016601562,387.23381996154785,1163.2974243164062,379.05539989471436,1176.1021423339844,332.4013352394104,1153.2925415039062,371.19245052337646,1134.2213439941406,402.44258880615234,38,1787812984.5694885
1098.6551666259766,505.56005001068115,1057.5408172607422,446.8086862564087,1058.9860534667969,366.8975257873535,1109.2611694335938,312.02879905700684,1156.7089080810547,279.9212121963501,1058.1645965576172,296.3948678970337,1065.9088897705078,210.54302215576172,1073.3451843261719,159.09647226333618,1082.8421783447266,115.08888959884644,1103.6820220947266,301.01863145828247,1105.8213806152344,210.2096128463745,1106.97021484375,156.91173791885376,1114.5574951171875,107.1976375579834,1147.076187133789,324.5808506011963,1171.8446350097656,275.11801958084106,1145.2345275878906,329.8108148574829,1125.7461547851562,368.73327255249023,1182.3590850830078,360.4074811935425,1197.5955963134766,316.01640701293945,1173.887710571289,350.120952129364,1155.3257751464844,379.8328971862793,39,1787812984.6023452
1122.2976684570312,482.1319627761841,1080.56396484375,423.9608573913574,1085.4439544677734,343.4598898887634,1139.8509979248047,290.0209093093872,1189.9136352539062,262.04538345336914,1081.6545104980469,275.31798362731934,1092.4652099609375,190.73490858078003,1103.0078887939453,140.69591760635376,1114.301986694336,97.67098903656006,1127.307357788086,278.72254371643066,1133.536605834961,190.98705768585205,1137.947769165039,139.68536853790283,1146.5721893310547,92.52331495285034,1170.06103515625,301.39888286590576,1195.1164245605469,257.8149604797363,1170.0141143798828,307.41580724716187,1150.3397369384766,342.88772106170654,1203.9934539794922,335.9727931022644,1221.729965209961,293.8666605949402,1198.3428192138672,326.2049174308777,1178.5466766357422,355.2330279350281,40,1787812984.6426675
1132.881088256836,459.8488140106201,1096.369400024414,400.933256149292,1105.8837127685547,320.18322944641113,1161.5945434570312,268.2882785797119,1211.2106323242188,241.2750220298767,1099.2745971679688,254.248309135437,1114.423828125,170.3092861175537,1127.2173309326172,121.27151012420654,1140.3787231445312,79.47104215621948,1144.9581909179688,258.58211517333984,1156.8563842773438,172.6269507408142,1164.3409729003906,122.3632550239563,1174.790267944336,76.53898000717163,1187.0429992675781,281.3330626487732,1219.0127563476562,236.21768474578857,1194.8625946044922,282.97635555267334,1174.5287322998047,319.20121908187866,1220.4766845703125,314.5484232902527,1242.3406982421875,275.6010961532593,1221.2297058105469,304.50801372528076,1202.7203369140625,331.95295572280884,41,1787812984.686472
1131.8455505371094,443.07835578918457,1097.5263214111328,382.71856784820557,1112.9083251953125,296.08853816986084,1170.2436828613281,243.9192295074463,1219.034194946289,213.8282346725464,1105.0395965576172,237.52377033233643,1123.0127716064453,154.0965449810028,1135.9741973876953,104.84212160110474,1148.4671020507812,62.72725582122803,1149.2974853515625,243.4084939956665,1163.9593505859375,156.18324995040894,1171.5294647216797,106.08117341995239,1181.6523742675781,58.87845754623413,1189.4163513183594,267.87755727767944,1223.3881378173828,222.5598120689392,1195.5469512939453,272.26569414138794,1172.4310302734375,307.0062017440796,1220.4936218261719,300.9523272514343,1240.2272033691406,261.96096897125244,1216.4508056640625,293.8816809654236,1197.0513916015625,320.2104592323303,42,1787812984.735381
1077.833480834961,481.46458625793457,1023.1216430664062,422.1647644042969,1013.2451629638672,342.30735540390015,1058.6717224121094,277.0131826400757,1097.583236694336,233.65332126617432,1014.3000793457031,274.8349714279175,1002.3161315917969,179.53606367111206,1000.4347991943359,124.18571949005127,1004.1027069091797,77.27347612380981,1056.1320495605469,274.9466586112976,1045.0153350830078,175.61651945114136,1034.1068267822266,120.1638114452362,1033.6434173583984,73.38440179824829,1099.0580749511719,291.32532119750977,1104.5945739746094,236.1728596687317,1078.6461639404297,288.61461639404297,1067.104721069336,329.1660976409912,1138.1318664550781,319.54370498657227,1136.5327453613281,268.6737871170044,1110.8668518066406,305.61233282089233,1097.6278686523438,339.93621826171875,43,1787812984.7844572
1056.7704010009766,493.27454566955566,996.2654113769531,443.1841850280762,981.6248321533203,362.7655076980591,1020.8156585693359,295.6139802932739,1061.5033721923828,250.50961017608643,972.0691680908203,288.5196876525879,961.6435241699219,198.93558025360107,959.437255859375,143.42363834381104,959.7795104980469,95.49217700958252,1019.4959259033203,283.1147575378418,1005.5973052978516,189.2957639694214,995.8939361572266,133.79828453063965,991.1854553222656,84.10856008529663,1068.0787658691406,297.41779804229736,1076.5135192871094,245.37933826446533,1061.084213256836,301.0108423233032,1049.4356536865234,342.279589176178,1110.8307647705078,324.93168354034424,1110.1305389404297,280.0668668746948,1091.812744140625,318.5194659233093,1078.5208892822266,353.0139398574829,44,1787812984.830494
1071.6043090820312,493.5670566558838,1011.1571502685547,449.8292398452759,991.1116790771484,374.9245834350586,1026.2659454345703,306.247501373291,1065.9379577636719,263.26613187789917,979.268798828125,294.4138741493225,964.6414947509766,205.07861137390137,958.5868835449219,150.86377501487732,955.9113311767578,103.93641471862793,1026.6735076904297,287.4244451522827,1008.248291015625,193.4031057357788,995.6500244140625,137.84148931503296,988.3409881591797,87.98323631286621,1075.1782989501953,300.1576638221741,1081.4515686035156,250.21525382995605,1067.3272705078125,303.35030794143677,1056.4517211914062,344.01607275009155,1118.4535217285156,326.6641116142273,1118.4717559814453,281.467387676239,1101.8547058105469,318.9481043815613,1089.0403747558594,355.66720247268677,45,1787812984.8822346
1090.2298736572266,485.4164457321167,1031.9737243652344,437.6941967010498,1015.0048828125,358.3691096305847,1055.1541900634766,294.5759654045105,1096.6722106933594,251.72977924346924,1005.4392242431641,284.229998588562,993.2106018066406,196.56506538391113,988.0883026123047,142.1251380443573,987.2129058837891,94.02013778686523,1052.0148468017578,279.73036766052246,1035.1325225830078,187.75853633880615,1024.4013214111328,131.75437688827515,1021.1386108398438,80.87626218795776,1100.606918334961,294.00707960128784,1108.7493896484375,243.40016841888428,1092.3007202148438,299.16649103164673,1080.2542114257812,340.4691410064697,1144.9601745605469,320.8710765838623,1144.0794372558594,278.04418087005615,1125.1575469970703,315.11563539505005,1111.3854217529297,348.12665462493896,46,1787812984.9224734
1109.6223449707031,473.4736204147339,1055.2462768554688,423.7853765487671,1043.020248413086,344.88420724868774,1084.3211364746094,282.57773637771606,1126.3008117675781,240.9754514694214,1033.8800048828125,271.15360736846924,1026.9551086425781,184.7519302368164,1026.5119171142578,130.25119185447693,1029.1452026367188,81.9299840927124,1079.7596740722656,268.0448842048645,1067.2116088867188,174.92177367210388,1060.2086639404297,119.52281713485718,1059.561538696289,67.95588970184326,1127.8799438476562,283.8812041282654,1139.845962524414,231.82763814926147,1122.586669921875,293.01661491394043,1109.6382904052734,335.6499195098877,1171.7384338378906,312.8395342826843,1173.2322692871094,267.7511930465698,1153.6698150634766,307.776939868927,1138.7738037109375,340.4884099960327,47,1787812984.9746714
1122.692642211914,466.77088737487793,1069.875259399414,414.0585708618164,1063.7992858886719,329.1849374771118,1111.7383575439453,265.2883458137512,1153.945541381836,223.36848735809326,1053.9031219482422,259.9704051017761,1052.1954345703125,171.4669382572174,1054.3440246582031,116.86620712280273,1059.5414733886719,69.68799591064453,1101.915512084961,258.0977511405945,1095.5319213867188,163.9599072933197,1092.0497131347656,107.24587440490723,1095.0072479248047,54.844844341278076,1150.2395629882812,275.4728436470032,1167.2283935546875,220.52929401397705,1145.5078125,279.83887910842896,1129.3551635742188,323.0336666107178,1192.808837890625,304.07092094421387,1197.5704956054688,255.91449737548828,1177.589111328125,293.26919317245483,1163.1356811523438,326.4051389694214,48,1787812985.0185068
1125.0814819335938,463.6787509918213,1075.8726501464844,409.0034866333008,1073.1031799316406,322.74229288101196,1124.9966430664062,259.9910259246826,1170.4102325439453,220.80729961395264,1061.4881896972656,251.26223802566528,1065.7589721679688,161.44849061965942,1070.5908203125,107.66528606414795,1077.4124145507812,61.227214336395264,1110.2506256103516,249.97286796569824,1108.4168243408203,155.99619269371033,1107.6582336425781,100.81106185913086,1112.3403930664062,48.53156805038452,1158.1453704833984,269.35420989990234,1180.348892211914,216.12433433532715,1159.1756439208984,275.37493228912354,1142.325668334961,317.44171142578125,1199.2521667480469,301.21992588043213,1207.0075988769531,256.8162989616394,1187.533187866211,293.93513202667236,1172.7070617675781,324.82712030410767,49,1787812985.0621655
1083.902587890625,504.87555027008057,1015.6828308105469,453.64505767822266,997.8073120117188,370.02296447753906,1041.3275909423828,298.07918787002563,1084.0277862548828,248.23762893676758,990.5667114257812,290.34695863723755,972.8563690185547,195.9990119934082,968.9628601074219,139.7308909893036,969.6620941162109,89.61764574050903,1038.615493774414,284.10447120666504,1018.2464599609375,186.56334400177002,1005.6639099121094,128.54026436805725,1001.9605255126953,78.9044737815857,1088.00537109375,298.284215927124,1085.8333587646484,249.81221437454224,1069.487533569336,310.90789318084717,1062.2747039794922,355.0112843513489,1134.5560455322266,324.99255895614624,1126.7640686035156,277.17660427093506,1106.0627746582031,323.168420791626,1094.1966247558594,363.1208896636963,50,1787812985.1089497
1075.2995300292969,525.8424854278564,1014.0972137451172,478.09289932250977,989.0048980712891,402.9346561431885,1021.9424438476562,329.9594736099243,1059.9451446533203,279.87563610076904,982.7194213867188,313.71039390563965,963.3383178710938,219.44194793701172,955.3361511230469,162.5643754005432,952.2749328613281,112.17618227005005,1032.0338439941406,306.5738296508789,1008.6009216308594,209.70166683197021,994.5615386962891,151.34767770767212,988.4440612792969,100.2582049369812,1082.7555084228516,319.3779444694519,1080.0936889648438,269.9920392036438,1064.8504638671875,326.9669437408447,1055.3289031982422,372.39171981811523,1129.886245727539,346.86912775039673,1125.2645874023438,296.41229152679443,1104.3367004394531,335.4593324661255,1088.8067626953125,375.7987689971924,51,1787812985.1553636
1083.9574432373047,540.1908874511719,1024.3070983886719,494.9978542327881,999.7406005859375,419.3094778060913,1033.1178283691406,346.8790626525879,1075.0118255615234,302.3720097541809,990.6861114501953,334.3171191215515,971.7787933349609,239.0218162536621,963.052978515625,183.5683035850525,958.1417846679688,134.90221738815308,1040.6867980957031,325.9473180770874,1017.6641082763672,226.1557102203369,1001.3609313964844,169.91427183151245,991.4498901367188,120.15953063964844,1092.2773742675781,337.56765604019165,1090.8712768554688,286.74964427948,1076.2960052490234,342.98704862594604,1067.126235961914,385.0730323791504,1137.7851104736328,363.90997409820557,1132.9539489746094,318.1425619125366,1113.7176513671875,359.08483028411865,1101.9571685791016,397.8237819671631,52,1787812985.212918
1091.8570709228516,549.1363334655762,1036.2857055664062,502.1678924560547,1018.3990478515625,427.28259086608887,1057.0635986328125,360.76470851898193,1099.3253326416016,314.0902805328369,1019.14306640625,337.6549243927002,1006.3793182373047,245.6656050682068,1000.1084136962891,189.3853497505188,998.7124633789062,138.14603805541992,1068.6558532714844,332.519588470459,1052.4058532714844,236.48478984832764,1040.76904296875,178.44263434410095,1036.6248321533203,125.81787586212158,1119.560317993164,347.47642278671265,1120.4261016845703,296.37924671173096,1101.0491943359375,358.731529712677,1088.9077758789062,404.04178619384766,1165.4531860351562,377.6003122329712,1159.1360473632812,332.177574634552,1137.1932220458984,373.8471508026123,1123.3267974853516,412.077898979187,53,1787812985.2546105
1102.5482940673828,557.7577686309814,1049.8596954345703,507.55127906799316,1041.2151336669922,432.0249080657959,1086.9786834716797,371.20026111602783,1131.3288116455078,330.01142263412476,1050.0041198730469,341.39177799224854,1047.0703125,250.7294225692749,1047.5150299072266,192.953782081604,1052.4420166015625,140.28347969055176,1099.9850463867188,340.5989599227905,1092.1976470947266,245.60219764709473,1088.010025024414,184.30001020431519,1089.9837493896484,128.6534857749939,1149.5173645019531,359.6506690979004,1158.2862854003906,309.972939491272,1132.830810546875,368.9791774749756,1113.2438659667969,414.19941902160645,1193.802719116211,393.2342004776001,1195.5045318603516,348.5990238189697,1168.3663940429688,386.7526960372925,1146.1286163330078,424.5080280303955,54,1787812985.2853465
1109.4393920898438,584.2728853225708,1057.550277709961,525.5189895629883,1057.0149993896484,442.4160432815552,1109.1143798828125,382.20590114593506,1154.3037414550781,339.90988969802856,1066.6487121582031,357.5817632675171,1073.328628540039,260.0443696975708,1079.413070678711,200.01000881195068,1090.5573272705078,147.01698303222656,1118.024673461914,360.62828063964844,1120.3528594970703,261.8869614601135,1122.6158142089844,197.16420650482178,1132.9423522949219,139.05537128448486,1167.5582885742188,383.24106216430664,1181.5231323242188,326.0535764694214,1149.7435760498047,389.5913314819336,1127.4179077148438,436.4513683319092,1210.788803100586,418.6789655685425,1217.0082092285156,367.5703954696655,1187.4040985107422,406.71730041503906,1163.1095123291016,443.2616901397705,55,1787812985.3114464
1112.5228881835938,614.5221519470215,1059.8528289794922,558.4378480911255,1055.6534576416016,470.26355266571045,1109.4005584716797,404.9199628829956,1159.1786193847656,362.08216667175293,1063.0780792236328,379.90190505981445,1068.3360290527344,280.10860204696655,1075.7551574707031,219.6873378753662,1086.2078857421875,166.92148447036743,1115.8187866210938,383.7448024749756,1116.9343566894531,281.6886377334595,1118.3043670654297,219.81968879699707,1126.0025024414062,164.9146556854248,1165.9040069580078,408.19470405578613,1177.2288513183594,357.9855537414551,1146.8437957763672,421.2366771697998,1126.4811706542969,466.98426246643066,1208.1204986572266,445.3775882720947,1211.3834381103516,397.83438205718994,1182.895278930664,439.53320503234863,1163.3152770996094,476.2507152557373,56,1787812985.376163
1120.4660034179688,653.6437797546387,1057.4925994873047,600.0734996795654,1038.0207824707031,508.7630367279053,1087.0844268798828,435.4452180862427,1136.6145324707031,386.8025207519531,1043.6467742919922,419.0264081954956,1036.530990600586,315.7645797729492,1038.4774780273438,254.8385453224182,1044.6867370605469,199.78893041610718,1097.5701141357422,416.6662788391113,1089.2591094970703,310.26416301727295,1084.134292602539,247.0231032371521,1087.1153259277344,190.29479026794434,1150.822982788086,435.45302867889404,1151.8360137939453,378.4306812286377,1127.3272705078125,445.15326976776123,1115.5267333984375,495.71964740753174,1198.9784240722656,468.79026889801025,1191.9088745117188,417.6668930053711,1163.4691619873047,463.6315441131592,1148.0054473876953,506.3771152496338,57,1787812985.4179955
1132.6947021484375,684.0486145019531,1068.4477233886719,635.9948873519897,1044.0508270263672,548.0615186691284,1082.9290771484375,471.12507820129395,1124.7901916503906,418.419713973999,1034.6305847167969,457.48555183410645,1008.8356018066406,354.93826389312744,999.0779876708984,294.7071146965027,994.7352600097656,240.21563529968262,1086.9979858398438,449.1646099090576,1059.5671844482422,347.3727607727051,1042.2159576416016,285.5455684661865,1034.1039276123047,229.0831160545349,1140.7808685302734,460.9779167175293,1137.5132751464844,409.6812915802002,1122.2990417480469,479.65450286865234,1114.6353149414062,529.8785877227783,1191.15478515625,487.11052894592285,1182.3650360107422,442.07799911499023,1162.2431945800781,490.57087898254395,1152.2615814208984,533.3920240402222,58,1787812985.4408886
1154.0493774414062,698.2290458679199,1088.4393310546875,648.0635404586792,1063.928451538086,566.1654424667358,1104.2395782470703,490.2222776412964,1144.7127532958984,439.5996379852295,1047.7362060546875,474.4788694381714,1019.4879150390625,380.83608627319336,1007.052001953125,323.7613821029663,999.4978332519531,270.23120641708374,1102.0468139648438,462.2842597961426,1066.9908142089844,367.85492420196533,1046.4138793945312,311.51548862457275,1034.560546875,260.45618534088135,1159.323959350586,471.7651605606079,1156.4175415039062,423.0620813369751,1149.1730499267578,493.4947872161865,1144.2462158203125,546.0017538070679,1213.8819885253906,496.481351852417,1206.2728881835938,457.9975748062134,1188.8162231445312,508.78599643707275,1177.1953582763672,554.1867399215698,59,1787812985.4880326
1180.0016021728516,696.4214515686035,1118.9982604980469,643.7518358230591,1099.3031311035156,558.9230918884277,1152.3222351074219,488.5884475708008,1204.3380737304688,452.51784324645996,1092.7204895019531,471.3914966583252,1073.4886932373047,378.17400455474854,1063.6091613769531,320.15645027160645,1058.2882690429688,265.79721450805664,1145.479965209961,466.2994194030762,1121.3581848144531,370.345516204834,1105.4547119140625,313.3969187736511,1098.34716796875,259.4429326057434,1201.0491943359375,482.49369621276855,1212.3558807373047,428.70484828948975,1196.9193267822266,499.09614086151123,1185.3765106201172,551.4823007583618,1253.83056640625,515.0518941879272,1253.7886047363281,470.24471282958984,1235.66162109375,520.2230644226074,1224.7872161865234,564.6219062805176,60,1787812985.5295799
1198.5218048095703,694.2681312561035,1150.2194213867188,648.2888460159302,1152.8610229492188,561.9079828262329,1213.0952453613281,505.5620241165161,1254.380874633789,474.6785545349121,1139.281234741211,460.78333854675293,1149.8601531982422,359.6594452857971,1160.6329345703125,295.50883769989014,1172.3478698730469,239.75313663482666,1192.2179412841797,467.2084951400757,1204.4135284423828,367.97521591186523,1218.1497192382812,296.25032901763916,1235.7508087158203,236.57609224319458,1236.453628540039,493.09962272644043,1260.4722595214844,453.56330394744873,1247.1674346923828,516.4432525634766,1235.6865692138672,556.8064212799072,1274.4940185546875,526.9658803939819,1284.6527099609375,495.8513116836548,1265.6209564208984,543.6849689483643,1249.548568725586,582.040901184082,61,1787812985.5788589
1205.4733276367188,706.8735694885254,1149.3370819091797,664.0240144729614,1145.985107421875,575.027117729187,1206.5140533447266,501.9064950942993,1261.736831665039,465.7643938064575,1123.8361358642578,476.9120407104492,1113.7788391113281,374.60864067077637,1113.7284088134766,312.91221141815186,1115.1652526855469,256.72778606414795,1175.2043914794922,470.03880500793457,1167.455062866211,370.4512596130371,1167.475814819336,306.33455514907837,1168.9025115966797,247.73813724517822,1221.4153289794922,487.6982545852661,1249.0957641601562,437.3189449310303,1241.2686920166016,505.0610303878784,1231.3774108886719,553.4012603759766,1259.69970703125,517.8957223892212,1270.3166961669922,482.7608871459961,1255.4209899902344,535.8454942703247,1243.5366821289062,578.3866167068481,62,1787812985.6355026
1228.0078887939453,697.9883766174316,1168.8043975830078,658.1369304656982,1150.6441497802734,574.3202590942383,1202.7812957763672,503.09542179107666,1256.9630432128906,460.7764720916748,1123.8063049316406,474.5999765396118,1105.6549072265625,376.5579843521118,1097.948989868164,314.3181610107422,1091.3978576660156,257.65366315841675,1178.6491394042969,463.4247350692749,1160.3938293457031,367.82209396362305,1151.8572998046875,303.2444143295288,1146.4848327636719,245.81132411956787,1231.0214233398438,477.2105598449707,1248.3456420898438,437.062783241272,1249.1460418701172,511.3976526260376,1245.1780700683594,559.2117404937744,1277.333755493164,504.99232292175293,1284.7613525390625,467.26205348968506,1276.8075561523438,518.0128812789917,1268.6923217773438,556.5364408493042,63,1787812985.675988
1232.963638305664,682.5758457183838,1192.2183990478516,642.3577308654785,1186.1613464355469,557.362904548645,1239.958267211914,492.6790523529053,1282.3100280761719,452.5531196594238,1147.6724243164062,458.64830017089844,1131.9740295410156,361.3129949569702,1120.0189208984375,300.2873110771179,1111.6771697998047,244.5186710357666,1200.3148651123047,452.15482234954834,1183.7405395507812,357.5344491004944,1170.3080749511719,296.6919279098511,1163.0175018310547,240.41993379592896,1245.448989868164,468.66950511932373,1283.2582092285156,416.1711645126343,1294.4136047363281,475.79538345336914,1293.714599609375,512.0612955093384,1286.9377136230469,498.8603639602661,1306.8673706054688,456.71964168548584,1312.1482849121094,501.58771991729736,1308.2572937011719,540.5027532577515,64,1787812985.7042
1260.611343383789,664.5145797729492,1218.0918884277344,630.4475212097168,1203.5665893554688,565.3736972808838,1237.7179718017578,498.0492639541626,1283.4761047363281,450.6917953491211,1179.70458984375,448.2887935638428,1175.1875305175781,351.37659072875977,1171.7036437988281,284.0346693992615,1169.3612670898438,224.97156858444214,1230.4985046386719,432.59782791137695,1239.3435668945312,342.8811550140381,1241.8189239501953,280.7330846786499,1244.5474243164062,220.1663374900818,1279.7520446777344,438.64043712615967,1313.0992126464844,373.8526439666748,1334.974365234375,365.8233118057251,1348.8514709472656,355.8967351913452,1323.922119140625,456.1529016494751,1360.2256774902344,398.84769916534424,1382.7503967285156,385.3927516937256,1397.0501708984375,377.7875518798828,65,1787812985.7536516
1276.9723510742188,647.4874877929688,1239.9969482421875,610.1598072052002,1237.7960205078125,544.767894744873,1270.3730010986328,488.21881771087646,1298.3015441894531,455.8909034729004,1219.8773956298828,425.5613422393799,1220.052719116211,328.85706424713135,1222.276840209961,260.0733160972595,1226.857681274414,202.26269960403442,1271.40869140625,420.3576850891113,1281.865234375,319.5621585845947,1286.7242431640625,248.85835647583008,1294.2887878417969,187.1239686012268,1319.9415588378906,434.0115022659302,1346.69921875,346.1133670806885,1359.7474670410156,284.3859100341797,1371.9313049316406,233.61819505691528,1364.451904296875,462.1475315093994,1395.3273010253906,393.43401432037354,1412.3074340820312,348.77785205841064,1425.570068359375,313.11309814453125,66,1787812985.7926412
1282.1012878417969,630.6547164916992,1281.5557861328125,594.2188167572021,1291.5409851074219,514.4355010986328,1307.613525390625,444.90843772888184,1307.5384521484375,385.22242069244385,1253.6165618896484,401.66539192199707,1263.0062103271484,301.0350036621094,1273.428726196289,233.82547616958618,1280.8047485351562,184.216947555542,1269.1275024414062,403.7255859375,1287.0217895507812,305.0840449333191,1299.9679565429688,243.7829089164734,1310.1106262207031,192.89505243301392,1288.2333374023438,414.7328567504883,1315.2827453613281,333.36682319641113,1332.3176574707031,288.13883543014526,1345.2397155761719,246.390380859375,1307.1366882324219,428.75059604644775,1329.957275390625,365.00229835510254,1344.6310424804688,328.9346981048584,1356.1431884765625,299.79387044906616,67,1787812985.82092
1082.5511932373047,566.1511516571045,1004.8308563232422,504.946231842041,983.6393737792969,391.836576461792,1046.546401977539,293.95519495010376,1114.0789031982422,234.12272930145264,973.2696533203125,314.1790723800659,927.3567962646484,209.4156789779663,901.3175964355469,144.26717162132263,884.5010375976562,81.69712543487549,1039.8011016845703,295.74506521224976,994.4563293457031,186.30443572998047,956.3077545166016,122.80518651008606,929.6791076660156,62.36168146133423,1106.4414978027344,304.5519161224365,1098.6727142333984,228.3539628982544,1081.8501281738281,309.8134446144104,1075.2860260009766,371.3631248474121,1170.5682373046875,333.1023144721985,1154.2337036132812,263.4112071990967,1127.5634002685547,328.20582389831543,1114.9324035644531,388.49501609802246,68,1787812986.3793895
1074.5491790771484,536.924729347229,994.105224609375,471.58234119415283,974.8241424560547,354.0154552459717,1043.8689422607422,259.7928214073181,1109.6143341064453,204.52174186706543,977.3769378662109,271.9765305519104,939.5501708984375,169.55092906951904,916.6768646240234,99.81428861618042,904.0480041503906,35.224807262420654,1045.0716400146484,254.49296951293945,1004.7206115722656,128.2501459121704,974.9205017089844,46.74455165863037,960.8369445800781,-32.242469787597656,1115.3211975097656,268.0812120437622,1118.7345886230469,181.6071581840515,1092.8966522216797,261.348180770874,1078.8968658447266,326.9905471801758,1181.8836975097656,300.6083822250366,1168.3551025390625,233.90278816223145,1134.463119506836,289.1612935066223,1113.1680297851562,344.7374153137207,69,1787812986.4057362
1062.5846862792969,520.2070140838623,987.718505859375,451.38140201568604,974.8494720458984,329.7908592224121,1037.913818359375,236.87997579574585,1102.2159576416016,181.58846855163574,976.7716979980469,237.18735694885254,943.0433654785156,122.07275032997131,923.3074188232422,48.20403814315796,915.2816009521484,-16.450181007385254,1041.7155456542969,228.11533212661743,1011.2623596191406,97.24657773971558,989.7595977783203,21.939074993133545,984.3321990966797,-49.436094760894775,1109.0836334228516,247.0188331604004,1118.8426971435547,163.8063132762909,1084.1796875,244.62915658950806,1063.5489654541016,308.96554470062256,1170.7801818847656,282.5080418586731,1166.4403533935547,212.9949688911438,1130.6410217285156,267.14561462402344,1106.9098663330078,321.5474009513855,70,1787812986.4556346
1032.574234008789,513.4027862548828,927.4769592285156,451.2554454803467,858.6296844482422,342.241587638855,870.5736541748047,229.0350079536438,917.3385620117188,140.40167927742004,864.3017578125,257.1963143348694,786.2989807128906,164.513418674469,727.1030426025391,112.39863395690918,685.8845520019531,61.32750749588013,914.5814514160156,227.50537633895874,822.3209381103516,111.70951008796692,741.6219329833984,53.192946910858154,686.6728210449219,9.277868270874023,978.7187957763672,220.80798625946045,929.9990844726562,125.20242691040039,913.4880828857422,219.7807216644287,921.9977569580078,298.3805823326111,1052.7377319335938,226.29162311553955,995.2171325683594,151.7175543308258,968.7802886962891,220.61849355697632,968.897705078125,286.25961542129517,71,1787812986.5137446
1021.3289642333984,494.22786712646484,917.6064300537109,441.8188762664795,847.4174499511719,338.3241033554077,856.9947052001953,220.5419111251831,897.4179077148438,131.69621586799622,838.7390899658203,256.063392162323,755.4830932617188,158.81580591201782,701.6587066650391,100.96571803092957,660.8560943603516,41.27737283706665,893.3146667480469,220.85270404815674,795.5049896240234,113.7348997592926,727.0462036132812,63.78436803817749,680.2365112304688,11.282122135162354,962.7079772949219,209.7747302055359,916.1421203613281,108.23349595069885,913.2184600830078,202.82546997070312,922.6580810546875,277.34925270080566,1038.6732482910156,214.98510360717773,989.2838287353516,139.97939229011536,972.5784301757812,208.05826663970947,974.5948028564453,272.72501707077026,72,1787812986.5549488
1031.3300323486328,471.2300491333008,928.6577606201172,412.23973274230957,862.4459838867188,302.54841327667236,881.6331481933594,182.0410966873169,926.3029479980469,93.24833750724792,854.3163299560547,221.73467874526978,769.3227386474609,133.40079188346863,712.4506378173828,76.34910106658936,669.7896575927734,17.199032306671143,913.1649017333984,186.8921399116516,817.3943328857422,78.22459816932678,754.5307922363281,22.258450984954834,712.7709197998047,-35.51178216934204,985.6650543212891,178.28806400299072,941.6210174560547,78.7933337688446,934.0630340576172,172.0139479637146,941.9407653808594,247.96003103256226,1063.2095336914062,186.00372791290283,1010.675048828125,115.7500433921814,989.2855834960938,183.38074207305908,988.8224029541016,248.54543924331665,73,1787812986.6019788
1027.9322814941406,453.7518310546875,924.0065002441406,384.7107410430908,870.609130859375,262.24616289138794,905.3865051269531,139.7779369354248,954.3228912353516,52.39931344985962,870.0711822509766,182.52082586288452,795.4380798339844,93.0258321762085,746.2364959716797,31.73624038696289,712.8239440917969,-29.933366775512695,932.8798675537109,150.57401061058044,855.6942749023438,35.30580997467041,805.8073425292969,-26.6294002532959,777.6067352294922,-89.41997766494751,1007.6788330078125,148.9342474937439,974.5588684082031,39.098196029663086,952.9753875732422,133.66402387619019,951.6171264648438,213.91329288482666,1087.3458099365234,163.79546642303467,1043.9298248291016,86.12728714942932,1011.4202880859375,151.17116689682007,1001.3723754882812,217.18764781951904,74,1787812986.6454785
1009.2547607421875,442.5363349914551,910.2433776855469,376.91598415374756,865.1186370849609,245.5475878715515,899.0037536621094,128.39942693710327,950.8319091796875,44.77721571922302,873.6032867431641,155.39598941802979,805.6198120117188,52.59071588516235,767.3390197753906,-17.429358959197998,748.365478515625,-81.02994203567505,941.3188171386719,132.80720829963684,898.2420349121094,3.329308032989502,868.4556579589844,-66.87453031539917,857.1257019042969,-123.77491235733032,1012.4012756347656,137.54725098609924,987.1977996826172,39.21753287315369,951.0224151611328,127.83056259155273,936.7942810058594,206.8139362335205,1084.8826599121094,154.9775218963623,1053.7810516357422,71.84975981712341,1014.4734954833984,131.89741373062134,993.1067657470703,198.30294370651245,75,1787812986.6904218
990.6449890136719,444.3578338623047,888.8846588134766,381.20421409606934,840.9965515136719,252.6573944091797,876.5953063964844,131.97154998779297,931.6095733642578,43.342190980911255,840.5845642089844,163.22277188301086,775.487060546875,56.18414640426636,741.4700317382812,-15.645411014556885,723.7752532958984,-80.92087268829346,906.3255310058594,136.1917269229889,856.8643951416016,5.084824562072754,831.4685821533203,-66.50646686553955,823.4544372558594,-127.3888349533081,976.4290618896484,137.6861035823822,963.9644622802734,29.25635576248169,937.1169281005859,119.59435701370239,926.7549133300781,201.7376947402954,1049.3943786621094,153.40442776679993,1021.1374664306641,72.28779673576355,991.0334777832031,137.31079816818237,978.0110931396484,206.877601146698,76,1787812986.7438612
988.8277435302734,448.7668704986572,878.77197265625,399.5231008529663,814.5530700683594,283.173143863678,837.5038909912109,161.8768608570099,882.6590728759766,72.04955220222473,806.3562774658203,199.98998880386353,735.0755310058594,95.44573187828064,694.1677093505859,27.37147092819214,669.2642211914062,-36.94204330444336,863.6233520507812,165.16165494918823,785.7269287109375,38.42043399810791,736.0967254638672,-30.60739517211914,708.8711547851562,-89.803147315979,930.1128387451172,156.163090467453,902.2750854492188,50.588693618774414,885.72021484375,139.6084213256836,885.638427734375,221.69036865234375,1001.1280822753906,160.29160022735596,971.119384765625,81.8595278263092,945.3326416015625,142.8902006149292,936.190185546875,211.05270624160767,77,1787812986.794848
1092.4491882324219,385.4111623764038,979.7552490234375,344.88929271698,897.8953552246094,212.29727268218994,914.7112274169922,82.55250334739685,961.7098999023438,-7.217845916748047,863.2818603515625,118.4236478805542,786.0854339599609,20.638986825942993,753.7007904052734,-44.3178391456604,734.6208953857422,-99.30106401443481,930.0115203857422,83.79350781440735,880.5315399169922,-37.8643798828125,855.1057434082031,-95.67109107971191,840.9915161132812,-142.55080461502075,1006.099853515625,77.20886707305908,974.3887329101562,-13.427717685699463,974.2990875244141,77.19222664833069,989.9600219726562,152.08336472511292,1083.3888244628906,83.69260311126709,1037.0307159423828,17.44603157043457,1023.8044738769531,89.19523000717163,1033.2212829589844,152.95289397239685,78,1787812986.8406842
1117.4038696289062,388.5156583786011,1005.3396606445312,342.24278926849365,925.4698944091797,206.88884496688843,947.0491790771484,75.94648003578186,993.2912445068359,-11.798897981643677,885.0424957275391,108.58296632766724,812.3049926757812,-1.427321434020996,791.2187957763672,-69.01033043861389,784.4404602050781,-117.52063393592834,959.7660827636719,75.85816025733948,916.6619110107422,-50.81572651863098,927.7858734130859,-26.64707064628601,944.1158294677734,10.679247379302979,1039.0837860107422,66.29127323627472,1014.2362976074219,-37.61641502380371,1014.3473815917969,56.13864541053772,1025.5535888671875,136.09659433364868,1117.7024841308594,74.37198042869568,1089.9601745605469,-2.4333643913269043,1069.2311096191406,62.58282423019409,1065.9568786621094,127.70713806152344,79,1787812986.8921037
1156.1380767822266,397.1988916397095,1032.9456329345703,365.937294960022,943.3355712890625,228.0577826499939,964.6900177001953,88.144211769104,1002.1426391601562,-4.587661027908325,892.5994873046875,136.39472723007202,812.7023315429688,25.790550112724304,784.4486999511719,-52.140501737594604,769.9245452880859,-117.25992321968079,965.1313781738281,93.23525905609131,904.7789764404297,-31.281445026397705,884.8394775390625,-90.98302960395813,875.5335235595703,-136.8703258037567,1044.2987060546875,77.60855376720428,1011.5744018554688,-25.60791850090027,1021.8307495117188,60.53888440132141,1041.3616943359375,140.15333890914917,1125.4117584228516,74.6787178516388,1083.4456634521484,2.5627219676971436,1076.8223571777344,71.61607503890991,1087.0612335205078,141.1745846271515,80,1787812986.9325345
1187.0337677001953,418.3149576187134,1077.06298828125,387.5988578796387,985.216064453125,266.2751626968384,991.5225982666016,125.35234093666077,1022.6820373535156,26.527304649353027,914.180908203125,178.96142721176147,821.4589691162109,72.84989655017853,770.8329772949219,-0.1462554931640625,732.1353149414062,-63.596946001052856,978.2276916503906,130.9929084777832,882.4958801269531,7.726027965545654,837.3493194580078,-68.68874430656433,806.6233825683594,-135.4926359653473,1056.9976043701172,113.22967886924744,1026.7979431152344,31.403989791870117,1053.4723663330078,118.20783734321594,1077.79296875,191.73908472061157,1141.1588287353516,112.80646920204163,1098.9798736572266,41.07937753200531,1106.4226531982422,115.65274357795715,1123.3795166015625,187.45958805084229,81,1787812986.9792705
1219.0821838378906,467.0594072341919,1126.5599822998047,404.8818111419678,1065.8028411865234,288.4064984321594,1062.9889678955078,160.73760867118835,1083.07373046875,60.28931021690369,955.2762603759766,193.93566370010376,874.9198913574219,89.39003348350525,822.2495269775391,18.14668893814087,781.2894439697266,-41.292736530303955,1028.2794189453125,155.30136108398438,937.2686767578125,29.961057901382446,885.3612518310547,-36.46980285644531,843.7445068359375,-95.63976287841797,1114.1117858886719,151.7361044883728,1112.0655822753906,70.71902096271515,1138.1970977783203,160.80781817436218,1150.1751708984375,229.1054105758667,1199.3497467041016,175.78125,1192.2657775878906,116.03337049484253,1203.2977294921875,193.41248273849487,1202.6262664794922,256.05538845062256,82,1787812987.0257277
1277.1763610839844,485.0100374221802,1194.2036437988281,407.43342876434326,1143.8570404052734,299.27538871765137,1167.4352264404297,173.76084923744202,1210.4066467285156,76.73679828643799,1045.3679656982422,205.11223554611206,970.4430389404297,89.4708001613617,927.6206970214844,15.168406963348389,889.4291687011719,-40.27982711791992,1105.4400634765625,177.31515169143677,1027.8874206542969,41.645264625549316,988.8098907470703,-25.762639045715332,958.8661193847656,-78.35412740707397,1174.53857421875,181.16261959075928,1182.72705078125,109.2020845413208,1207.779312133789,183.73258352279663,1212.6472473144531,232.58376359939575,1238.5030364990234,203.34463834762573,1239.1567993164062,131.9499635696411,1250.2667236328125,173.6761450767517,1250.15625,212.2205400466919,83,1787812987.07601
1182.0429229736328,590.6183910369873,1087.894287109375,548.8745498657227,1049.552993774414,429.77232456207275,1110.2107238769531,321.5826344490051,1191.7900085449219,266.1248302459717,1061.9794464111328,358.77644062042236,1021.0226440429688,251.13574504852295,995.8907318115234,184.6087646484375,980.2245330810547,117.96612739562988,1134.6641540527344,336.3061594963074,1094.8043823242188,228.98181438446045,1056.025161743164,155.16433238983154,1032.5061798095703,80.54203748703003,1203.1673431396484,340.33923625946045,1209.1886901855469,269.43941831588745,1177.9719543457031,368.75919342041016,1160.2429962158203,443.3878183364868,1271.0601806640625,360.4096269607544,1255.6314849853516,318.862681388855,1222.2869873046875,389.5845079421997,1202.4360656738281,449.3705177307129,84,1787812988.1695085
1156.8324279785156,631.2242889404297,1065.0785827636719,581.5910196304321,1020.4825592041016,449.22833919525146,1076.9241333007812,344.68420028686523,1147.1099853515625,282.91402101516724,1041.6111755371094,376.5591859817505,995.9758758544922,274.8355722427368,968.4811401367188,210.27668952941895,955.1716613769531,147.36528396606445,1111.014633178711,356.56355381011963,1059.832534790039,243.29721450805664,1020.2517700195312,176.51784896850586,1000.05615234375,106.7776894569397,1184.5349884033203,361.05443000793457,1166.7559051513672,270.3138828277588,1134.0608978271484,370.35860538482666,1118.1253814697266,446.16379737854004,1259.779281616211,383.4012222290039,1226.8575286865234,320.10096073150635,1190.1150512695312,395.69822788238525,1171.0897827148438,461.205153465271,85,1787812988.1994822
1133.7114715576172,656.2312316894531,1045.2017211914062,591.0917043685913,1000.6468200683594,471.1272668838501,1047.1455383300781,365.78211307525635,1120.2626037597656,302.1270275115967,1023.1584167480469,404.0744876861572,970.2611541748047,306.24082803726196,935.0282287597656,246.15782260894775,914.8082733154297,186.78972244262695,1088.3694458007812,383.3765459060669,1030.0526428222656,272.2019863128662,979.2746734619141,210.68848371505737,945.8577728271484,150.74995279312134,1159.8016357421875,385.7872724533081,1134.8505401611328,298.43647956848145,1107.8451538085938,396.8406343460083,1095.6060028076172,472.5013732910156,1232.7975463867188,406.2151908874512,1195.094985961914,335.2064108848572,1162.4134826660156,406.10867500305176,1148.2615661621094,472.89825439453125,86,1787812988.2228916
1117.7701568603516,680.8822345733643,1031.0501098632812,609.5614385604858,992.7134704589844,491.1344003677368,1040.9097290039062,389.62300300598145,1105.2403259277344,323.7683343887329,1019.0061950683594,418.5786724090576,966.7436218261719,322.09068775177,928.5989379882812,263.642520904541,903.4346771240234,204.59012746810913,1081.7196655273438,401.46154403686523,1023.1036376953125,291.75121307373047,970.2637481689453,233.15020322799683,936.6990661621094,174.93109703063965,1150.5561828613281,408.6769437789917,1123.138427734375,318.5897397994995,1098.7350463867188,414.4836473464966,1091.9943237304688,488.3025026321411,1221.0226440429688,433.7289047241211,1181.2467956542969,359.90644454956055,1148.9122772216797,427.10779666900635,1139.2044830322266,490.8120632171631,87,1787812988.2779255
1094.0388488769531,692.1006488800049,1021.5810394287109,611.9734954833984,991.5336608886719,496.1617183685303,1040.5330657958984,406.2165641784668,1108.4166717529297,352.9783630371094,1019.6768188476562,429.33445930480957,972.3480987548828,330.082790851593,939.3925476074219,271.2917947769165,919.8375701904297,212.20996141433716,1079.4416046142578,418.39756965637207,1030.0361633300781,305.1956248283386,986.4858245849609,247.14000463485718,961.25244140625,188.87158870697021,1146.0807037353516,430.46266078948975,1128.9430236816406,336.3255786895752,1097.3400115966797,423.6295509338379,1083.5579681396484,492.4367952346802,1214.0252685546875,460.8835029602051,1180.6346130371094,387.36496925354004,1144.6647644042969,449.1032409667969,1130.928955078125,510.3182888031006,88,1787812988.3259597
1056.817398071289,693.4314107894897,999.5430755615234,612.8954458236694,985.1266479492188,500.1723289489746,1044.9370574951172,420.12173652648926,1113.7601470947266,378.82232666015625,1021.1450958251953,429.63568210601807,985.3855133056641,331.2557315826416,959.1809844970703,272.0823383331299,945.1658630371094,214.3920135498047,1080.489730834961,425.8625650405884,1047.396469116211,307.9174017906189,1013.837890625,249.645037651062,997.0658874511719,191.7300510406494,1143.4053039550781,446.13173961639404,1140.6251525878906,355.4224991798401,1097.6631164550781,438.6216402053833,1074.356918334961,501.60484313964844,1204.0155029296875,485.46875953674316,1182.9127502441406,412.32972621917725,1139.818344116211,472.0174169540405,1118.0377960205078,528.5691118240356,89,1787812988.3726134
1017.1408081054688,689.6252059936523,965.8037567138672,612.0943450927734,960.0122833251953,502.9545307159424,1026.582260131836,429.88218784332275,1098.175048828125,395.3796672821045,1002.8075408935547,433.9959239959717,985.1795196533203,332.6084017753601,972.4689483642578,270.4877972602844,969.9019622802734,211.85487985610962,1062.561264038086,435.4051351547241,1050.5538177490234,317.0696783065796,1030.5803680419922,254.7895359992981,1024.3148803710938,196.96005821228027,1122.1185302734375,460.10849475860596,1128.2548522949219,375.8157205581665,1078.0585479736328,454.2212390899658,1049.0950775146484,514.5580673217773,1176.9122314453125,502.76111125946045,1163.0846405029297,437.62609004974365,1115.147933959961,491.70058250427246,1088.867416381836,542.1707010269165,90,1787812988.4203467
957.8192901611328,708.1733465194702,883.0839538574219,634.7599124908447,837.8524017333984,542.2049903869629,850.0234985351562,460.2831172943115,903.9901733398438,414.26825523376465,886.016845703125,460.1617956161499,835.2947998046875,373.0173397064209,791.8682861328125,331.9341802597046,759.9394226074219,297.40960121154785,927.9252624511719,455.100359916687,864.8114013671875,353.4817171096802,801.4126586914062,309.2085528373718,750.0727844238281,276.2693953514099,978.1251525878906,465.4680633544922,919.9722290039062,393.1461811065674,885.1776885986328,473.30183029174805,878.45458984375,537.6851892471313,1030.2172088623047,488.80006313323975,963.2119750976562,434.0557050704956,927.4396514892578,494.86498832702637,920.748291015625,551.455864906311,91,1787812988.4760299
943.3155822753906,700.6975364685059,872.8383636474609,640.0682830810547,827.9322052001953,553.8086986541748,845.9799194335938,472.2452116012573,901.6116333007812,417.9675579071045,850.5960083007812,475.3954553604126,795.7574462890625,394.34004306793213,757.3228454589844,349.11169052124023,730.7982635498047,300.78585863113403,898.6489105224609,462.6001167297363,838.1734466552734,368.36780548095703,786.0397338867188,324.6257185935974,750.4920959472656,281.88546895980835,954.2041015625,469.1361665725708,921.5329742431641,387.6043939590454,899.1617584228516,465.1449966430664,892.9853057861328,528.1534337997437,1013.8253021240234,490.6597137451172,962.8885650634766,435.3978395462036,939.0501403808594,493.56847286224365,938.2798767089844,549.6999835968018,92,1787812988.515868
954.4984436035156,699.4046688079834,888.4408569335938,633.592357635498,852.3640441894531,545.2150726318359,880.1673889160156,466.1275005340576,935.3564453125,414.8157262802124,884.8893737792969,471.0025978088379,838.4117889404297,387.2170400619507,803.0403137207031,334.61523056030273,779.1196441650391,283.3476161956787,932.8602600097656,462.7210521697998,881.6249084472656,362.6902770996094,832.8407287597656,312.9836869239807,800.7219696044922,265.31046867370605,988.0003356933594,473.1949281692505,960.291748046875,395.94666481018066,931.8226623535156,474.97514247894287,921.7725372314453,537.9960250854492,1046.3323974609375,498.8304090499878,1004.5585632324219,440.12715339660645,974.6063995361328,497.2438716888428,965.8655548095703,551.3215398788452,93,1787812988.558173
950.1036834716797,687.1719932556152,889.7587585449219,615.7657527923584,870.9602355957031,516.3432598114014,924.2045593261719,442.25837230682373,986.9464111328125,406.88934803009033,907.7627563476562,456.8980836868286,874.8844909667969,367.28522300720215,852.1522521972656,311.77690744400024,839.3264770507812,258.8625240325928,961.4044189453125,452.4914503097534,927.1578216552734,351.1498689651489,893.3177947998047,294.7770023345947,873.9566802978516,242.7921438217163,1017.3929595947266,468.82691860198975,1002.9998779296875,392.75646686553955,966.5575408935547,465.8730983734131,946.812744140625,525.3293037414551,1072.6771545410156,499.6281623840332,1044.0876770019531,438.1556224822998,1008.2561492919922,488.82216453552246,990.3650665283203,539.3976831436157,94,1787812988.5992525
943.8328552246094,662.561502456665,893.2987213134766,597.270097732544,881.7815399169922,488.5337734222412,939.4078063964844,414.66020107269287,1009.1039276123047,387.66529083251953,927.0441436767578,437.58978366851807,906.102294921875,345.6030607223511,892.1923828125,288.54844093322754,887.1561431884766,234.27597999572754,980.1024627685547,436.37519359588623,959.6585083007812,326.5386486053467,933.2054138183594,269.13628578186035,921.6767883300781,216.81082963943481,1033.458480834961,456.12964153289795,1028.1023406982422,377.543363571167,983.1357574462891,450.4917240142822,959.3044281005859,507.1540117263794,1083.9280700683594,489.81338024139404,1059.9885559082031,429.99338150024414,1018.2170867919922,478.4554052352905,997.8440856933594,524.2147064208984,95,1787812988.6551402
932.1351623535156,642.2858047485352,877.2669982910156,570.132794380188,871.8600463867188,467.5836181640625,931.2371063232422,398.7197685241699,997.4822235107422,367.5075674057007,916.4604949951172,413.1415557861328,901.0916137695312,320.4211950302124,892.7561950683594,263.1616544723511,896.2168884277344,210.26930809020996,968.2045745849609,414.74650382995605,954.6178436279297,310.7191729545593,937.2280120849609,248.93401622772217,932.5956726074219,195.83076238632202,1019.9609375,436.00650787353516,1019.1439056396484,359.22606468200684,969.1077423095703,422.69991874694824,937.4533081054688,478.3919334411621,1069.6247100830078,470.7424020767212,1049.4742584228516,412.2932481765747,1004.5172119140625,455.3090572357178,977.8003692626953,499.38448905944824,96,1787812988.6969554
914.2565155029297,637.1250629425049,858.7289428710938,566.7522668838501,845.3216552734375,464.8987913131714,891.6273498535156,389.0992212295532,957.0009613037109,354.3962860107422,885.0688171386719,407.73812770843506,866.7105865478516,317.29867458343506,854.0990447998047,262.7511477470398,852.6740264892578,211.35324239730835,933.9885711669922,405.7326936721802,911.9773101806641,301.3391447067261,886.5003967285156,245.10858535766602,874.1128540039062,197.26844787597656,983.4328460693359,423.6507511138916,972.9880523681641,345.81579208374023,933.2158660888672,413.2257127761841,913.8105773925781,468.86034965515137,1033.656997680664,454.31732654571533,1006.3359832763672,389.14222240448,966.9380187988281,436.3797426223755,948.8644409179688,482.9675245285034,97,1787812988.7467816
907.4927520751953,634.22776222229,850.1238250732422,565.3385496139526,822.3057556152344,480.20987033843994,843.8462066650391,399.8356533050537,902.7541351318359,352.1509122848511,850.5422973632812,414.2382574081421,820.3746795654297,328.7161087989807,799.0541076660156,278.41076374053955,788.4507751464844,227.85011529922485,896.0331726074219,408.09574127197266,864.2195129394531,311.4958333969116,832.0789337158203,259.77009773254395,812.1356201171875,211.1710238456726,944.9514770507812,419.050612449646,924.2543029785156,345.7077741622925,895.4425048828125,413.8827896118164,884.7413635253906,468.5280990600586,996.2352752685547,441.9230318069458,962.0121765136719,378.21335792541504,933.0289459228516,427.80409812927246,923.7104797363281,476.93774700164795,98,1787812988.7736108
908.1736755371094,626.7293787002563,846.5119171142578,564.0455961227417,816.0826873779297,480.32445430755615,844.4110107421875,402.9145288467407,900.0279998779297,352.4159574508667,839.7462463378906,421.43370151519775,805.9728240966797,341.60661220550537,781.0597991943359,293.20048570632935,765.255126953125,244.73852634429932,884.532470703125,413.2656240463257,846.7047119140625,321.55115604400635,808.9406585693359,271.8087959289551,785.2275085449219,225.93173503875732,934.2052459716797,421.8893337249756,914.3571472167969,351.5783357620239,889.9301910400391,418.32903385162354,881.2958526611328,471.941499710083,985.2248382568359,442.7668762207031,948.5560607910156,386.0127067565918,925.0411224365234,436.2172222137451,922.2702026367188,485.148868560791,99,1787812988.8129716
966.0883331298828,613.2653331756592,918.5664367675781,541.6473913192749,915.4893493652344,456.63063526153564,970.4727935791016,395.6545400619507,1027.9118347167969,368.7989330291748,949.8316192626953,402.42692470550537,947.4961853027344,316.97054386138916,946.5108489990234,266.15418434143066,951.3092803955078,217.0252776145935,995.56640625,407.9832172393799,995.6325531005859,308.5146760940552,986.9894409179688,254.54326629638672,991.6891479492188,204.11848783493042,1040.9666442871094,430.07848262786865,1048.2533264160156,361.3505029678345,1007.7838897705078,423.51943016052246,987.4149322509766,470.2154016494751,1082.3152923583984,465.62251567840576,1072.465591430664,406.8341588973999,1039.7661590576172,451.33453845977783,1023.984375,491.67174339294434,100,1787812988.8651695
967.6325988769531,601.589183807373,920.2580261230469,532.3581075668335,915.2234649658203,446.2619876861572,965.5379486083984,386.2900686264038,1022.3787689208984,357.9493975639343,941.5895843505859,398.3427143096924,939.4629669189453,319.2628240585327,941.2599945068359,270.8663320541382,949.8485565185547,225.62066316604614,986.0375213623047,400.78378200531006,983.2503509521484,306.99933528900146,974.9948883056641,254.20183181762695,977.6210021972656,207.71732568740845,1029.6543884277344,421.3182592391968,1037.3787689208984,358.0749034881592,1002.2940063476562,415.8285713195801,983.1216430664062,462.72534370422363,1069.3452453613281,453.946795463562,1059.5266723632812,397.26858615875244,1028.3316802978516,437.1594715118408,1013.1214141845703,477.50208377838135,101,1787812988.915434
961.3031005859375,596.394624710083,910.2855682373047,531.9281387329102,897.6542663574219,453.5810708999634,938.1090545654297,392.7049684524536,986.9908142089844,356.1192512512207,909.2797088623047,407.3841619491577,895.7075500488281,330.6085681915283,890.7308959960938,283.2249641418457,892.3363494873047,239.47502374649048,951.26953125,405.1338529586792,938.9891052246094,316.42963886260986,924.3363952636719,266.28050565719604,918.6345672607422,222.99664735794067,993.3339691162109,417.5596046447754,992.5193786621094,358.23472023010254,966.9795989990234,407.3833465576172,953.6773681640625,448.6297559738159,1032.904052734375,440.5945014953613,1023.7242126464844,386.3060760498047,998.4869384765625,423.1818151473999,985.469970703125,462.56853103637695,102,1787812988.9614565
947.9666900634766,597.5853538513184,893.6299133300781,539.1039705276489,874.6028137207031,468.4519672393799,906.1904907226562,405.9693717956543,945.4128265380859,362.5020933151245,877.5186920166016,424.6369457244873,855.1423645019531,351.607346534729,843.1295776367188,306.5634870529175,836.9716644287109,264.41946029663086,916.7337799072266,417.1936225891113,893.0167388916016,334.07554864883423,872.9558563232422,287.7238655090332,861.8944549560547,246.73692226409912,958.3015441894531,424.40764904022217,950.6436920166016,367.29294776916504,933.82080078125,415.533185005188,926.346435546875,455.3221893310547,999.2405700683594,442.4984407424927,985.2191162109375,390.22107124328613,966.1344146728516,425.7738161087036,957.5364685058594,463.23041439056396,103,1787812989.003765
940.4171752929688,593.9494800567627,886.7694091796875,539.9024105072021,867.0050048828125,469.3699264526367,895.9684753417969,405.1642370223999,936.3745880126953,366.33366107940674,870.0702667236328,431.09403133392334,847.3952484130859,359.804949760437,833.6109161376953,318.67151498794556,824.7409057617188,279.9244952201843,906.5449523925781,423.68611335754395,882.3258972167969,343.6151361465454,861.7739868164062,301.4747357368469,850.8553314208984,262.2544240951538,947.1412658691406,430.9726667404175,941.6394805908203,373.7580156326294,927.0096588134766,423.8734817504883,922.7409362792969,463.7873697280884,987.5650787353516,447.7566862106323,972.9969024658203,399.62167739868164,955.5770874023438,435.04528999328613,951.0953521728516,469.4690179824829,104,1787812989.0526552
946.4426422119141,584.7152996063232,896.3667297363281,531.4796304702759,879.5878601074219,462.9670000076294,910.4884338378906,403.56152057647705,947.9967498779297,366.5468215942383,879.0650939941406,426.8661403656006,860.1277160644531,358.4622359275818,850.3678894042969,317.2201609611511,844.5286560058594,278.02860260009766,916.6249084472656,420.9889268875122,893.6499786376953,343.28378677368164,876.9293212890625,301.646933555603,868.6396026611328,262.85165548324585,956.5896606445312,429.5798063278198,951.4101409912109,374.09777641296387,937.296142578125,418.75380992889404,931.6287994384766,455.3359651565552,994.3636322021484,446.5452289581299,980.2542877197266,399.9784326553345,962.9979705810547,433.1944799423218,956.1632537841797,467.30926036834717,105,1787812989.0990424
955.7618713378906,576.3976192474365,910.3642272949219,523.6824703216553,899.5063018798828,455.85768699645996,935.6034088134766,402.0984935760498,973.3908843994141,369.8546075820923,901.9815063476562,416.9876289367676,889.2183685302734,351.14150047302246,882.5778198242188,311.0758638381958,880.478515625,273.32083225250244,938.6098480224609,414.2966651916504,922.1626281738281,338.8690423965454,908.9064025878906,297.3209810256958,904.5291137695312,258.44611644744873,977.3627471923828,426.03675842285156,975.5498504638672,373.2560348510742,957.4973297119141,419.2573356628418,949.1368865966797,455.08684158325195,1014.4252777099609,447.2678804397583,1003.0663299560547,401.3531827926636,984.8576354980469,434.14453983306885,978.2335662841797,465.7371425628662,106,1787812989.1510115
960.9663391113281,573.8467311859131,915.2772521972656,518.1851005554199,908.1513977050781,450.92345237731934,945.6965637207031,398.68998527526855,982.04833984375,366.5459203720093,913.4660339355469,416.5707063674927,905.7181549072266,348.3468747138977,902.2203063964844,307.88695335388184,902.6025390625,269.554603099823,950.0129699707031,414.81937408447266,939.5731353759766,339.54118251800537,931.8268585205078,295.1924228668213,931.861572265625,255.0128674507141,987.0236206054688,427.4131393432617,989.5751953125,371.5880012512207,969.2845916748047,410.8291482925415,957.2170257568359,446.2897539138794,1021.9682312011719,447.423620223999,1014.9526214599609,400.9651851654053,993.7790679931641,429.9596071243286,981.0244750976562,462.52213954925537,107,1787812989.2004778
990.9140014648438,618.5420751571655,945.9009552001953,569.4649457931519,938.3693695068359,503.7481212615967,969.6502685546875,452.7270984649658,1000.1799774169922,422.6720666885376,926.7053985595703,467.09846019744873,917.2316741943359,403.0026340484619,913.2726287841797,365.9863471984863,910.0862884521484,332.46336936950684,962.9117584228516,466.7039394378662,947.1971130371094,394.90124702453613,939.3006896972656,356.65854692459106,935.9342193603516,322.6325798034668,1000.0289154052734,480.48375606536865,1007.4494934082031,431.86723709106445,998.2939147949219,476.3455581665039,992.2703552246094,509.81510639190674,1032.9168701171875,500.2152442932129,1029.9757385253906,463.9019536972046,1018.0865478515625,495.44052600860596,1012.6383209228516,522.4501132965088,108,1787812989.246201
993.9732360839844,652.0950508117676,955.1964569091797,597.3739528656006,953.9081573486328,531.7122745513916,991.9652557373047,484.0577030181885,1023.4278869628906,459.0722608566284,958.2594299316406,494.6956443786621,955.0396728515625,432.998571395874,955.5050659179688,395.84911823272705,957.9437255859375,360.5711603164673,990.9195709228516,497.1189022064209,984.3338775634766,430.4643774032593,978.5723876953125,390.0276517868042,979.1768646240234,351.8856954574585,1024.786376953125,513.2909059524536,1031.5694427490234,462.1909189224243,1013.4132385253906,501.7816972732544,1005.4344940185547,536.7401504516602,1056.4962768554688,537.3702335357666,1054.0628051757812,497.1739196777344,1035.5438995361328,522.5349998474121,1028.1511688232422,549.7925519943237,109,1787812989.3058515
989.1873931884766,678.2759857177734,951.2055969238281,625.4293012619019,951.8886566162109,556.8512678146362,993.0464172363281,508.12312602996826,1029.2448425292969,484.0346145629883,952.6565551757812,520.2057695388794,956.4413452148438,455.20623207092285,962.1597290039062,417.2941732406616,969.6942138671875,381.83369636535645,987.4291229248047,523.0999803543091,987.2911834716797,453.5730457305908,987.5072479248047,413.28094482421875,992.3805999755859,376.2342309951782,1020.4667663574219,539.4414567947388,1034.4776916503906,490.95540046691895,1015.4542541503906,530.6978845596313,1002.5533294677734,563.9404964447021,1049.9532318115234,563.0485010147095,1052.7946472167969,523.9475154876709,1035.5249786376953,551.0186862945557,1025.497055053711,578.5590505599976,110,1787812989.3480842
980.4094696044922,698.1119728088379,938.7760925292969,646.2213563919067,934.754638671875,581.2604856491089,972.5855255126953,532.7448177337646,1008.8501739501953,503.93965244293213,930.0801086425781,539.328031539917,928.0320739746094,474.38655853271484,931.26953125,435.0037479400635,936.1865997314453,399.2896842956543,966.0441589355469,538.8521432876587,960.15869140625,470.3459072113037,956.1209106445312,429.89158630371094,956.4811706542969,392.7429485321045,1001.0889434814453,552.5989580154419,1009.1152954101562,508.11853408813477,995.8873748779297,550.4267978668213,987.9004669189453,582.9046583175659,1033.0703735351562,574.8900890350342,1033.6527252197266,534.2975807189941,1017.7741241455078,563.936333656311,1008.1713104248047,592.042407989502,111,1787812989.3928528
974.7814178466797,711.341872215271,933.115234375,664.9807262420654,924.6084594726562,602.5564956665039,955.9681701660156,548.774471282959,987.6966094970703,511.0956573486328,915.4278564453125,557.5297164916992,905.9809875488281,493.6604833602905,902.8802490234375,454.7035217285156,901.6611480712891,418.7134265899658,950.9980010986328,553.3878707885742,938.1297302246094,483.81136894226074,927.8605651855469,444.2218780517578,923.7790679931641,407.8966999053955,986.9817352294922,564.735631942749,991.7320251464844,515.5670499801636,981.9406127929688,561.139326095581,977.5513458251953,595.4336643218994,1021.6300964355469,583.7945079803467,1020.4658508300781,541.0675191879272,1008.6968231201172,572.9781675338745,1003.6479949951172,601.9652938842773,112,1787812989.4405258
980.6972503662109,714.6886682510376,941.3226318359375,669.5858001708984,933.4283447265625,609.1727542877197,966.5703582763672,557.8531694412231,999.6156311035156,523.5948371887207,921.9557952880859,558.2974290847778,913.497314453125,496.5077877044678,910.3491973876953,459.68878269195557,909.5401763916016,425.17755031585693,958.8869476318359,555.7299327850342,945.1770782470703,486.6551113128662,937.2555541992188,451.3063430786133,934.7858428955078,416.4043664932251,996.2460327148438,568.9631366729736,1002.1556854248047,524.6415853500366,993.3616638183594,572.0814085006714,987.8597259521484,602.5732755661011,1031.0662078857422,590.9522294998169,1029.4686889648438,551.2171697616577,1018.5270690917969,587.010498046875,1013.1327056884766,614.2680501937866,113,1787812989.4805446
993.267822265625,717.3033285140991,957.8202819824219,674.2153358459473,954.2543792724609,610.4669952392578,992.5,563.7788772583008,1023.1402587890625,533.0481863021851,948.2083129882812,557.8658294677734,945.5972290039062,494.1405773162842,944.7975158691406,456.71728134155273,945.9816741943359,421.41361713409424,983.9515686035156,557.013144493103,977.6287841796875,488.32722187042236,973.7370300292969,450.09132385253906,974.1886138916016,414.05247688293457,1018.5069274902344,571.1140966415405,1032.3319244384766,528.0234861373901,1020.5245971679688,572.7791690826416,1010.2193450927734,605.7539463043213,1050.317153930664,594.1859865188599,1056.709976196289,557.3003768920898,1042.8739166259766,589.1093158721924,1031.598892211914,617.3401880264282,114,1787812989.534731
950.0912475585938,759.437141418457,917.0413208007812,717.6396131515503,909.1191101074219,656.444993019104,944.0971374511719,605.291919708252,983.3872222900391,575.2371883392334,913.8108825683594,603.4674167633057,908.8154602050781,541.453070640564,909.256591796875,505.4379987716675,912.3464965820312,471.3032627105713,948.0201721191406,602.6141309738159,942.9897308349609,534.0298748016357,938.6986541748047,497.4907636642456,938.9070892333984,462.6493835449219,982.9261779785156,615.2150630950928,989.4822692871094,570.3997278213501,974.1390228271484,612.2838163375854,965.4853057861328,644.0332317352295,1017.1925354003906,637.9244470596313,1013.3476257324219,600.5205488204956,996.3365936279297,632.5081014633179,988.3160400390625,661.4140748977661,115,1787812989.5769176
943.2734680175781,761.7313957214355,913.25439453125,722.9552364349365,904.6421813964844,665.9959745407104,935.5485534667969,613.876576423645,969.9774932861328,578.521671295166,905.750732421875,614.5316362380981,895.4564666748047,555.0666761398315,890.68115234375,519.893217086792,889.4992828369141,485.56325912475586,940.3285980224609,611.0369968414307,929.5852661132812,546.7531585693359,918.8214111328125,512.078332901001,913.4322357177734,477.38651275634766,974.2362976074219,622.0964097976685,979.1923522949219,580.5326414108276,964.2713928222656,623.0826902389526,955.3199005126953,654.57839012146,1007.7362823486328,642.9021120071411,1005.877685546875,605.8987855911255,990.3012084960938,635.764045715332,981.5210723876953,664.2912912368774,116,1787812989.6259432
956.8061828613281,758.0446243286133,923.7334442138672,716.4045524597168,918.8345336914062,661.2968730926514,953.7216186523438,615.1772546768188,989.0995025634766,587.4885749816895,918.5675048828125,612.4828147888184,909.7100067138672,554.1611194610596,905.9455871582031,519.817385673523,905.7373809814453,486.3718271255493,953.5921478271484,611.662917137146,942.6058197021484,549.36936378479,934.2563629150391,515.2312803268433,930.4678344726562,483.10601234436035,987.7373504638672,624.7897338867188,993.4542846679688,583.3422231674194,980.1853942871094,620.1379680633545,971.1981201171875,649.4828796386719,1021.0784912109375,646.8043184280396,1019.5199584960938,608.9763736724854,1004.5212554931641,636.1917400360107,995.1174163818359,664.9653625488281,117,1787812989.6495974
977.3115539550781,756.2441539764404,946.455078125,711.9079685211182,945.5772399902344,653.1533861160278,985.2444458007812,611.4001035690308,1021.8228912353516,588.9357662200928,946.4625549316406,609.0164566040039,943.1147003173828,552.2693681716919,943.0959320068359,518.2253122329712,945.5846405029297,485.00012397766113,980.4783630371094,609.5785617828369,974.4125366210938,548.1259775161743,970.0882720947266,511.9315195083618,969.7021484375,478.26258659362793,1014.1992950439453,624.7555732727051,1026.0906982421875,584.3199634552002,1012.0387268066406,622.3048067092896,1000.9523773193359,652.5378513336182,1045.5194854736328,650.4103231430054,1049.4682312011719,616.334981918335,1033.1124114990234,642.6897239685059,1020.6931304931641,668.8106203079224,118,1787812989.6984208
995.6829071044922,747.9814052581787,968.5433959960938,705.1156711578369,972.2373199462891,647.6395797729492,1014.1737365722656,611.5981149673462,1047.9113006591797,592.1178102493286,975.1071166992188,602.3660373687744,978.1006622314453,546.9163227081299,981.9660186767578,513.6023855209351,987.7818298339844,481.3127088546753,1008.8917541503906,605.8227396011353,1009.7602081298828,545.6270599365234,1009.8230743408203,511.1716604232788,1013.4619903564453,479.47279930114746,1040.3636169433594,622.7918529510498,1059.7677612304688,588.1127786636353,1042.0692443847656,624.3228149414062,1027.5143432617188,652.6847076416016,1068.454818725586,649.2437124252319,1077.0022583007812,622.4876689910889,1058.7101745605469,648.8703918457031,1044.0095520019531,674.36279296875,119,1787812989.7376778
1011.0231781005859,749.646520614624,985.1015472412109,708.039493560791,989.2673492431641,650.7254076004028,1033.8594055175781,616.024489402771,1071.5275573730469,596.7913770675659,993.592529296875,606.2963104248047,1001.2330627441406,550.7053184509277,1008.0778503417969,516.6462421417236,1017.0043182373047,484.29768562316895,1027.4686431884766,610.221734046936,1036.7713928222656,550.4318618774414,1040.747299194336,514.834098815918,1047.6887512207031,482.72496700286865,1058.099365234375,626.9979000091553,1081.1341857910156,593.1521558761597,1058.4732818603516,632.7699279785156,1040.7609558105469,661.6075372695923,1084.2371368408203,652.3896217346191,1095.6084442138672,623.3292818069458,1074.7639465332031,651.5831565856934,1057.7806091308594,676.9360399246216,120,1787812989.7787316
1011.1020660400391,758.8938331604004,986.170654296875,716.5521383285522,992.0655059814453,659.6803379058838,1035.9773254394531,622.0785570144653,1074.542465209961,606.0708332061768,995.7756042480469,612.0056819915771,1007.0318603515625,555.5794286727905,1016.4601898193359,522.2236919403076,1027.1544647216797,490.3047180175781,1030.9265899658203,616.8573045730591,1041.8899536132812,559.8045301437378,1048.3267211914062,525.2993488311768,1056.6490936279297,493.4972333908081,1062.4107360839844,635.0655126571655,1083.8482666015625,602.5860214233398,1060.6781768798828,641.9404220581055,1041.563491821289,671.8087291717529,1088.1509399414062,662.8842687606812,1099.1928100585938,633.555793762207,1078.8501739501953,660.3955221176147,1060.9371185302734,686.5852546691895,121,1787812989.819294
999.6321868896484,764.7758102416992,970.8781433105469,727.4683856964111,972.1537017822266,671.5258312225342,1015.0345611572266,633.9359378814697,1053.8228607177734,614.3840074539185,981.9596862792969,619.2107820510864,990.3011322021484,565.0901985168457,999.0627288818359,532.1609973907471,1009.2316436767578,500.76091289520264,1017.4534606933594,623.9385938644409,1027.123794555664,566.1336851119995,1032.2037506103516,532.3065233230591,1039.6796417236328,500.08233547210693,1049.4941711425781,642.613935470581,1068.8448333740234,610.4706430435181,1042.7381896972656,649.1357803344727,1022.2293090820312,678.0479764938354,1076.0678100585938,671.6633319854736,1084.578857421875,644.5380449295044,1060.4161071777344,671.9755411148071,1039.7818756103516,696.9017171859741,122,1787812989.8627467
975.5386352539062,776.825065612793,937.1710205078125,740.7619285583496,932.635498046875,681.1953449249268,975.1653289794922,638.6647796630859,1017.7991485595703,620.8970546722412,945.2076721191406,630.4854583740234,948.3734130859375,573.6205673217773,953.6215972900391,539.8182964324951,961.6696166992188,508.46434593200684,981.8026733398438,634.4060325622559,985.4506683349609,574.4496488571167,985.4366302490234,539.3738222122192,987.4410247802734,508.2391691207886,1015.9194946289062,650.9156084060669,1029.3614196777344,615.4035472869873,1003.7054443359375,651.9185829162598,982.9637908935547,680.1121616363525,1045.6700134277344,677.2854137420654,1043.1343841552734,653.3454751968384,1018.3091735839844,681.4696168899536,999.3014526367188,707.0492649078369,123,1787812989.9025853
940.0395202636719,777.6287841796875,896.6786956787109,745.2912139892578,880.9980010986328,690.2697944641113,918.4527587890625,646.0725688934326,960.8272552490234,625.4657363891602,901.0120391845703,635.0778722763062,893.663330078125,582.5950241088867,892.2740936279297,549.8982095718384,893.9701080322266,518.4416913986206,935.1241302490234,634.9904537200928,924.7297668457031,576.941614151001,913.7213134765625,546.232123374939,909.1834259033203,516.3225746154785,968.0775451660156,649.5561361312866,971.1428833007812,621.0531806945801,943.5681915283203,666.875524520874,925.7672882080078,698.255181312561,999.0982818603516,676.7070007324219,988.1377410888672,657.7838659286499,963.6138916015625,690.354380607605,948.4130096435547,715.6183862686157,124,1787812989.944545
910.8068084716797,773.2834339141846,863.0673217773438,742.6505470275879,834.5534515380859,698.0545949935913,853.5924530029297,652.4725341796875,885.5752563476562,623.148136138916,850.4640960693359,632.4891328811646,829.4525909423828,583.108549118042,816.3459777832031,550.880241394043,809.8945617675781,520.0678396224976,883.7732696533203,631.0034465789795,856.1436462402344,577.5437164306641,832.4888610839844,549.7347021102905,819.1127014160156,521.3537120819092,919.0782165527344,643.5035276412964,909.7487640380859,611.4719867706299,885.7944488525391,660.9479284286499,872.9686737060547,697.1413993835449,954.0621948242188,668.769121170044,933.0455017089844,647.1780681610107,909.1693115234375,680.1173114776611,896.1961364746094,708.2591342926025,125,1787812989.9893873
851.6622924804688,781.5293598175049,808.3189392089844,748.0913543701172,786.3655090332031,692.8924798965454,806.5825653076172,643.6899948120117,833.6566925048828,609.8133945465088,809.5116424560547,635.8533954620361,782.2072601318359,584.6960306167603,760.5168914794922,550.7679748535156,745.9666442871094,519.4884395599365,840.8401489257812,631.8184947967529,806.5972137451172,572.5864362716675,773.9928436279297,544.0979433059692,754.0984344482422,519.6934461593628,875.4758453369141,642.8110456466675,858.7939453125,595.7218408584595,837.6513671875,641.7277765274048,831.0809326171875,681.8254280090332,909.4194030761719,665.5155801773071,886.6943359375,631.3450527191162,862.8325653076172,660.7547664642334,852.528076171875,692.4188232421875,126,1787812990.0331109
802.2849273681641,713.4848499298096,747.9612731933594,648.9076852798462,726.9272613525391,590.4284048080444,735.8320617675781,537.3451280593872,756.6847229003906,499.74669456481934,751.9882202148438,560.1169109344482,738.5192108154297,512.4597644805908,724.9087524414062,490.00619888305664,717.6267242431641,471.3068675994873,773.9242553710938,555.0213146209717,757.6670837402344,503.11975479125977,739.5182800292969,483.5685968399048,729.8880004882812,469.9324607849121,802.2199249267578,554.9285316467285,778.9333343505859,506.2339925765991,760.845947265625,531.1195278167725,757.4410247802734,561.6418647766113,836.8535614013672,557.2637701034546,805.3412628173828,513.2002258300781,787.080078125,536.1107110977173,784.1385650634766,568.1875276565552,127,1787812990.059721
799.4801330566406,661.4417123794556,745.3325653076172,601.1100769042969,719.9575042724609,544.7724008560181,729.6986389160156,488.76070976257324,757.1466827392578,447.29036808013916,738.5908508300781,506.202449798584,713.9881896972656,460.09180068969727,689.6943664550781,429.72254276275635,670.6684112548828,397.5926399230957,764.5602416992188,496.4176654815674,736.3764953613281,446.91773414611816,702.8085327148438,419.361834526062,678.0522155761719,395.41648864746094,796.6984558105469,496.9293022155762,773.0001831054688,444.23458099365234,757.7440643310547,483.7637758255005,756.6831970214844,525.4959011077881,833.1327056884766,502.51413345336914,800.7157897949219,459.6949625015259,781.6059112548828,489.0312910079956,779.0743255615234,528.0208253860474,128,1787812990.0926661
800.7054901123047,614.454345703125,748.2204437255859,557.8287506103516,725.877685546875,502.6606035232544,734.9909210205078,448.83716583251953,760.7431030273438,407.7344799041748,745.390625,463.71132373809814,717.4108123779297,406.58400535583496,692.3416900634766,367.43396759033203,672.7568817138672,329.02533531188965,771.5241241455078,453.96499156951904,736.0070037841797,395.4707336425781,694.7707366943359,364.0024137496948,666.9915008544922,337.5759816169739,803.5263061523438,455.2724075317383,780.8153533935547,397.1744728088379,763.7592315673828,439.7853755950928,762.1904754638672,481.7549514770508,840.3975677490234,464.496374130249,814.8325347900391,418.0922269821167,793.7210083007812,446.8766212463379,788.0838775634766,483.40242862701416,129,1787812990.1413672
804.2140960693359,568.1120824813843,756.6517639160156,511.27856254577637,738.4682464599609,456.2666702270508,754.0878295898438,403.63572120666504,783.9190673828125,368.0837917327881,758.8462066650391,419.2432165145874,734.0811157226562,362.7788543701172,711.4127349853516,326.6258955001831,694.5611572265625,292.2002577781677,786.0070037841797,413.5747003555298,756.6593933105469,353.7406253814697,718.946533203125,326.36091470718384,692.0576477050781,301.7896056175232,817.5448608398438,417.396183013916,798.07373046875,361.27771854400635,779.794921875,402.63999938964844,776.0726165771484,441.99615955352783,852.9064178466797,427.02964782714844,832.7801513671875,379.0044593811035,810.5356597900391,404.9764394760132,801.7240905761719,438.8366889953613,130,1787812990.1832037
809.3431854248047,524.0304708480835,766.4087677001953,466.9319486618042,751.5716552734375,412.5948143005371,775.6354522705078,363.4258460998535,811.8051147460938,332.44219064712524,775.6681060791016,381.35905265808105,755.8638000488281,328.74415397644043,735.9748077392578,292.6553535461426,722.4968719482422,258.45152378082275,803.6909484863281,377.4155616760254,779.35791015625,318.156316280365,746.0375213623047,287.73837089538574,722.8706359863281,260.84049224853516,835.1652526855469,383.1350612640381,824.6528625488281,328.7890648841858,803.8498687744141,367.181453704834,795.5237579345703,405.8960723876953,870.1626586914062,394.6626806259155,857.0164489746094,348.16083669662476,832.7021026611328,370.4698848724365,818.5989379882812,402.7337694168091,131,1787812990.2349684
815.8926391601562,484.1337490081787,775.8687591552734,426.76331520080566,768.3522033691406,372.91357040405273,800.9906768798828,328.13464879989624,836.8450927734375,300.7050919532776,792.6932525634766,352.6931047439575,775.1538848876953,301.93326473236084,756.4715576171875,266.5651845932007,744.6385192871094,233.25759887695312,821.3557434082031,348.63513708114624,801.3951873779297,289.451379776001,773.7830352783203,254.53176498413086,755.6818389892578,224.59659576416016,852.4591827392578,354.78479862213135,846.0782623291016,302.0656371116638,822.7085876464844,336.30939960479736,809.7338104248047,372.4054956436157,886.7775726318359,366.8983840942383,877.1749877929688,321.6049289703369,853.1136322021484,341.0763716697693,836.9969940185547,370.93920707702637,132,1787812990.282726
819.8220062255859,451.23759269714355,781.7864227294922,394.33716773986816,778.9751434326172,343.5905885696411,814.2566680908203,302.6121425628662,849.713134765625,278.81197929382324,804.4322967529297,329.8151922225952,787.4617767333984,279.5772457122803,768.9762878417969,243.60817909240723,757.8607177734375,210.17337083816528,833.0796051025391,325.4245662689209,817.0015716552734,268.56064081192017,792.7181243896484,230.75664281845093,777.0465850830078,199.50438022613525,864.2142486572266,332.09824562072754,858.5391235351562,280.7426977157593,837.0864868164062,310.39385318756104,825.7771301269531,344.4446039199829,899.1107940673828,344.58648204803467,889.2794799804688,298.881254196167,864.9015808105469,318.0261540412903,848.7028503417969,349.4904398918152,133,1787812990.3176541
821.7915344238281,421.1438512802124,783.7624359130859,367.07828521728516,781.5886688232422,319.3597912788391,816.3064575195312,280.9476828575134,849.4271087646484,256.1145043373108,803.7704467773438,308.0786991119385,789.1233062744141,259.68825817108154,774.5037841796875,224.34313774108887,767.4150085449219,191.52719020843506,832.8231048583984,303.65610122680664,818.1011199951172,248.00219535827637,796.5882873535156,209.36727046966553,782.7835083007812,178.32048654556274,863.2431030273438,309.56352710723877,861.3009643554688,260.51315546035767,839.5188903808594,287.59151458740234,824.7561645507812,319.6123266220093,897.0731353759766,321.0401201248169,889.3639373779297,277.6206922531128,865.2674865722656,295.01209259033203,846.1780548095703,324.44236278533936,134,1787812990.3635004
810.0263977050781,400.55800437927246,773.1037139892578,347.7287006378174,771.8150329589844,300.1413130760193,806.0844421386719,261.7742872238159,840.1651763916016,239.29666757583618,795.2500152587891,292.430477142334,779.7549438476562,247.99307584762573,763.0901336669922,213.18536281585693,754.6459197998047,181.6413402557373,823.7616729736328,287.57359743118286,809.0995025634766,234.10730123519897,785.1963806152344,194.41112279891968,771.1244201660156,163.3354675769806,854.1901397705078,293.58041524887085,852.506103515625,245.81658124923706,830.28564453125,274.4892883300781,818.9662933349609,307.87184715270996,888.35205078125,303.97886753082275,879.1690826416016,260.52894830703735,853.6660003662109,279.4131374359131,836.8152618408203,310.11640548706055,135,1787812990.4044263
784.3429565429688,378.77782344818115,749.853515625,325.86015701293945,752.7621459960938,281.35982036590576,788.3597564697266,244.9370312690735,822.1747589111328,222.13767528533936,774.1096496582031,275.7570290565491,761.3195037841797,234.57359790802002,746.5007019042969,199.78588342666626,738.3778381347656,168.21208834648132,802.8569793701172,271.2755084037781,792.2757720947266,220.25980710983276,770.0508117675781,180.08325576782227,755.4719543457031,148.97318243980408,832.8910064697266,277.30247497558594,831.4203643798828,230.81537246704102,806.253662109375,257.8526830673218,791.6969299316406,290.31593084335327,866.9109344482422,286.73468828201294,857.0840454101562,244.7169828414917,831.1588287353516,262.1469211578369,813.3924865722656,292.0845365524292,136,1787812990.433728
754.0116882324219,365.2321529388428,720.8153533935547,315.1873254776001,723.2118988037109,273.44528675079346,755.4267120361328,234.53257083892822,789.840087890625,209.76043939590454,749.3520355224609,262.0543313026428,740.9463500976562,223.23304653167725,725.2125549316406,189.5998191833496,716.094970703125,159.45273399353027,776.7751312255859,258.0652642250061,766.0354614257812,210.41728019714355,741.2594604492188,174.10282015800476,724.0036773681641,146.11077189445496,806.2709045410156,264.7222709655762,800.9077453613281,218.70163679122925,774.4742584228516,245.75639247894287,760.5657196044922,279.51499700546265,840.7614135742188,275.51801204681396,827.9255676269531,232.9863953590393,802.4066925048828,249.89283084869385,786.5182495117188,279.8017144203186,137,1787812990.4869435
519.8044586181641,432.4956464767456,482.452392578125,372.3056745529175,487.78934478759766,321.44288063049316,506.1077117919922,279.5834469795227,523.2895660400391,244.12621021270752,523.7969589233398,299.8441243171692,511.38275146484375,258.3072853088379,488.62762451171875,230.00178337097168,471.9853210449219,202.348530292511,543.9571380615234,292.96910762786865,528.96240234375,241.61630630493164,494.3009567260742,215.31804084777832,467.96512603759766,194.710693359375,568.2986068725586,294.24450874328613,549.8179626464844,243.8796830177307,527.1307754516602,281.3176989555359,519.4718933105469,320.4806113243103,594.7083282470703,298.19342851638794,570.4203414916992,250.76579332351685,544.7604751586914,275.8427095413208,533.2638549804688,312.74563550949097,138,1787812990.6186721
480.87806701660156,463.0930423736572,442.5176239013672,410.5185270309448,441.2990188598633,361.78240299224854,453.0858612060547,320.48861503601074,468.05309295654297,287.3638701438904,484.4975280761719,333.2305884361267,471.2472915649414,290.9562277793884,445.23387908935547,262.48260498046875,423.98021697998047,237.82207489013672,502.1553421020508,327.8098225593567,483.9295196533203,270.29345512390137,445.48728942871094,252.2829794883728,418.5285186767578,242.34923601150513,524.8854446411133,328.33813190460205,495.3726577758789,275.7129764556885,468.4225845336914,315.4159355163574,462.89039611816406,357.5421094894409,549.1730880737305,333.6294651031494,519.4234466552734,286.6047191619873,494.40242767333984,310.90651988983154,487.53345489501953,347.61218547821045,139,1787812990.640662
444.9911117553711,500.20365715026855,404.4742202758789,450.6324863433838,401.2981414794922,399.5456314086914,408.50616455078125,356.3834595680237,419.6049499511719,321.1697459220886,442.5428771972656,370.49031257629395,428.47721099853516,327.7505564689636,400.3135681152344,300.6757593154907,377.70408630371094,277.56782054901123,458.3449172973633,363.9287281036377,437.8416061401367,307.17339992523193,397.37545013427734,287.96717405319214,368.58165740966797,276.8802738189697,480.2247619628906,363.0471181869507,446.36268615722656,311.68912410736084,419.3680191040039,351.3088059425354,414.42726135253906,392.47386932373047,504.37931060791016,366.5609407424927,467.58888244628906,321.6658902168274,441.1383056640625,349.67896699905396,434.93629455566406,388.3026695251465,140,1787812990.6917975
422.0466995239258,538.579888343811,376.7048645019531,490.59834480285645,368.19591522216797,441.71626567840576,367.41844177246094,398.47819805145264,373.525390625,360.7088327407837,408.49761962890625,405.0597381591797,389.5814514160156,363.16492080688477,361.26964569091797,335.051851272583,340.05828857421875,312.3944592475891,424.89444732666016,398.289155960083,394.77203369140625,345.4556679725647,359.2555618286133,339.5501518249512,338.2276916503906,340.9259533882141,445.77903747558594,396.2972831726074,401.35902404785156,352.9636216163635,379.68807220458984,395.019736289978,381.0342025756836,437.27753162384033,466.7564392089844,398.60424041748047,425.0465774536133,356.39139890670776,400.51536560058594,384.5828104019165,395.81470489501953,423.5447072982788,141,1787812990.7470207
406.3727569580078,567.0763635635376,354.3855285644531,517.9824542999268,341.8526840209961,471.3148069381714,336.7119598388672,429.36492919921875,338.6726760864258,390.5115222930908,393.75675201416016,429.36840534210205,365.50132751464844,388.6738872528076,333.9919662475586,360.21899700164795,310.3766632080078,335.50838470458984,411.7073059082031,423.0636262893677,371.5414810180664,379.0840673446655,341.796875,396.5408706665039,327.99266815185547,414.5423126220703,429.48169708251953,421.31383895874023,374.84256744384766,383.4784698486328,352.9033660888672,428.1641149520874,354.1644287109375,468.3597421646118,442.8234100341797,424.1550922393799,390.1363754272461,388.6556053161621,369.4560241699219,419.2326593399048,368.7004089355469,456.15551948547363,142,1787812990.788418
430.42579650878906,534.5701360702515,379.54944610595703,497.7783393859863,353.15319061279297,446.3809061050415,338.29288482666016,402.862343788147,332.88230895996094,358.52238178253174,388.2843017578125,394.89485263824463,365.0809860229492,349.1037940979004,339.42710876464844,316.62436723709106,320.8268737792969,287.9137659072876,407.4678039550781,386.3278341293335,374.1323471069336,337.3061513900757,336.4578628540039,314.97122526168823,311.7631149291992,297.0536398887634,429.81719970703125,385.18688678741455,378.8813018798828,346.1684274673462,360.2964782714844,387.7384614944458,363.3542251586914,427.2781276702881,451.2494659423828,390.70764541625977,395.2790069580078,363.77071380615234,376.34674072265625,395.48274993896484,379.9131393432617,431.6578960418701,143,1787812990.8540723
456.8929672241211,505.5098819732666,401.4389419555664,468.111047744751,372.64575958251953,418.03399085998535,360.25177001953125,370.4383420944214,360.302734375,324.4030952453613,408.17188262939453,370.27543544769287,391.6258239746094,320.69267749786377,375.18566131591797,301.3433504104614,368.87943267822266,286.66630268096924,427.40039825439453,361.7295742034912,398.3663558959961,303.50542545318604,360.54203033447266,270.77505111694336,333.52916717529297,243.5830307006836,453.0155944824219,359.81653690338135,409.5635986328125,318.41052532196045,391.4244079589844,360.0006437301636,391.70055389404297,398.6895990371704,479.3537902832031,362.96223163604736,429.31732177734375,331.5865659713745,409.1538619995117,363.19942474365234,409.8554992675781,398.85980129241943,144,1787812990.894611
486.93904876708984,476.2360382080078,435.4615783691406,434.4506549835205,410.46390533447266,383.2266426086426,401.1041259765625,334.68518257141113,403.0916976928711,288.2343006134033,447.191162109375,334.2714786529541,425.2775573730469,280.0787544250488,399.57942962646484,243.2449436187744,381.10904693603516,210.4086971282959,465.9251403808594,327.87447452545166,436.91173553466797,265.59398889541626,401.2147903442383,234.10837411880493,376.87278747558594,209.04926776885986,491.40193939208984,328.04800271987915,450.9488296508789,281.47079944610596,430.8871841430664,324.1722106933594,430.2207946777344,364.9034643173218,519.5588684082031,334.18129205703735,471.75819396972656,298.22168827056885,452.67337799072266,331.4965295791626,454.69703674316406,369.09998416900635,145,1787812990.9384549
524.5261383056641,449.24726486206055,475.9165954589844,402.54382610321045,454.8695373535156,346.9594645500183,449.81128692626953,296.03442192077637,456.73954010009766,247.3186182975769,494.38507080078125,297.29222774505615,475.85906982421875,241.89521312713623,451.24706268310547,203.00541400909424,433.18599700927734,169.01566743850708,517.5959014892578,291.889271736145,487.6080322265625,228.17800998687744,451.1809539794922,193.69398593902588,426.8289566040039,165.8574414253235,545.2280807495117,294.834680557251,508.72764587402344,243.52307796478271,485.6208038330078,284.94335889816284,481.8697738647461,326.60094022750854,572.6852798461914,304.34465646743774,528.6506271362305,264.9663734436035,505.9419631958008,298.09961557388306,503.4044647216797,337.51622200012207,146,1787812990.9832814
573.065299987793,428.92444610595703,525.4039001464844,376.40825271606445,505.8304214477539,318.08645009994507,508.8539123535156,267.7511501312256,525.9816360473633,221.85402631759644,552.496452331543,270.4677987098694,537.3381805419922,205.33430099487305,516.8981170654297,162.11700439453125,502.4579620361328,125.83214521408081,576.6776657104492,269.6911382675171,556.8147659301758,218.66236925125122,533.4241485595703,252.0271611213684,528.9728546142578,287.4176001548767,602.3607635498047,275.82728147506714,574.2725372314453,221.09968185424805,547.9133605957031,262.91064262390137,547.8100204467773,305.5216097831726,629.622802734375,287.78780937194824,593.9508438110352,239.5366930961609,568.3073425292969,268.96913051605225,566.4710998535156,308.54089736938477,147,1787812991.0454514
626.1069107055664,411.8292045593262,583.046760559082,366.4100933074951,561.6794967651367,300.34921646118164,570.3767395019531,246.24504804611206,594.1691207885742,204.39441204071045,604.8698043823242,244.3666648864746,596.1113739013672,179.7649848461151,580.2717590332031,133.93863916397095,569.7731018066406,96.05720043182373,634.0377044677734,245.17119884490967,619.7063064575195,180.90240240097046,594.4118881225586,207.42942810058594,585.6292343139648,241.98615074157715,665.0089263916016,255.36977291107178,643.8925170898438,195.64011096954346,614.3628692626953,236.4743185043335,609.0469360351562,280.9348940849304,696.9572448730469,273.54929208755493,664.4040679931641,224.05230045318604,637.1043395996094,252.99957990646362,632.6782608032227,292.0874333381653,148,1787812991.0851254
670.8998107910156,406.9335079193115,633.0210113525391,349.86830949783325,622.8742218017578,285.8823251724243,642.0642852783203,231.40314102172852,668.0597686767578,188.36514472961426,657.6554870605469,243.80910873413086,650.7952117919922,176.5089225769043,641.6278839111328,130.01059770584106,636.987190246582,87.36469745635986,686.0948944091797,242.64743328094482,675.0621795654297,165.6567370891571,651.6304016113281,120.53481459617615,638.4961318969727,83.95573854446411,718.1986999511719,253.87166261672974,707.9841613769531,184.4340991973877,675.3767395019531,224.19276237487793,660.7549285888672,268.4874486923218,751.7544555664062,273.0247163772583,727.4966430664062,220.33557415008545,697.5547027587891,248.4574842453003,684.7467803955078,287.48287439346313,149,1787812991.1327457
691.9248962402344,467.582631111145,650.8943939208984,424.68295097351074,636.4171981811523,359.5364713668823,659.6774291992188,303.62436532974243,692.4118804931641,262.76666164398193,671.1366271972656,308.5612392425537,660.509033203125,241.56609535217285,653.2831573486328,200.20533800125122,653.4381866455078,163.6058235168457,701.5689086914062,309.26429986953735,690.3496551513672,222.6459002494812,670.3080749511719,174.51925992965698,660.8224487304688,137.09130764007568,734.2396545410156,323.9778685569763,722.5536346435547,259.21766996383667,692.75390625,305.4993152618408,681.8379974365234,349.3607711791992,766.0822296142578,348.5547995567322,740.4141235351562,299.5340394973755,713.7464141845703,333.8044738769531,705.1157379150391,372.6173686981201,150,1787812991.1772213
676.3927459716797,516.6736221313477,629.9307250976562,477.2583246231079,606.322135925293,410.36386013031006,617.2191619873047,351.30796909332275,640.4502105712891,304.98433113098145,632.6737976074219,352.05323696136475,616.8943786621094,279.8357892036438,607.2205352783203,236.05580806732178,602.5500869750977,198.45304012298584,664.9203491210938,347.8078579902649,650.3005981445312,263.0195188522339,627.4212646484375,219.54378604888916,611.9842147827148,186.81800365447998,700.7002258300781,356.6220474243164,676.8164825439453,293.3617401123047,651.4776611328125,341.78739309310913,643.9769744873047,385.0954341888428,738.4188842773438,375.2102279663086,702.6675415039062,332.49780893325806,678.4191131591797,365.02182483673096,672.4099731445312,399.9835395812988,151,1787812991.2204807
681.2157440185547,561.4899444580078,627.8687286376953,514.624457359314,599.9563217163086,450.0625276565552,606.5865707397461,389.12179470062256,625.388298034668,337.8065228462219,622.5209045410156,393.8297367095947,597.5443649291992,326.39299392700195,577.702751159668,284.6818971633911,563.7335205078125,245.89781999588013,652.1759033203125,386.01815700531006,620.1017379760742,310.39119243621826,585.0666046142578,271.861367225647,559.7360229492188,240.6626844406128,686.9478607177734,390.46324253082275,655.1610565185547,328.95390272140503,635.1687240600586,379.86353874206543,631.3966751098633,425.639705657959,724.5201110839844,403.39303493499756,683.6553192138672,357.2270464897156,662.5480651855469,395.9812116622925,659.4672393798828,437.0412826538086,152,1787812991.265344
695.3659820556641,576.5223741531372,640.8184051513672,529.5204162597656,614.819221496582,462.74856090545654,619.6491622924805,401.2825012207031,636.7882919311523,352.61173725128174,638.2113265991211,409.93011474609375,612.7214431762695,344.68565940856934,591.0304641723633,301.2037467956543,575.3543853759766,261.4901876449585,666.6496276855469,402.90504455566406,632.1928024291992,327.8376317024231,596.6973114013672,290.2974772453308,572.293586730957,259.07087802886963,700.4547882080078,407.753963470459,672.6263427734375,343.58320713043213,652.9766082763672,391.9748067855835,648.3724975585938,437.0240306854248,737.1235656738281,421.01115703582764,701.9849395751953,375.9379005432129,681.2293243408203,411.4901304244995,676.6783142089844,450.72831630706787,153,1787812991.3207786
731.4251708984375,581.4663505554199,676.2767028808594,532.1581649780273,654.9260711669922,464.93080615997314,663.7924194335938,405.9973955154419,682.2074890136719,361.8312406539917,677.3157501220703,412.47503757476807,652.2548675537109,347.0267343521118,630.2373504638672,303.3153533935547,614.9747848510742,262.5416564941406,704.8654174804688,406.3331651687622,669.6591186523438,331.89177989959717,636.4078521728516,290.08654832839966,615.7372283935547,254.74260807037354,738.5624694824219,412.61661529541016,714.5402526855469,349.0403652191162,694.4679260253906,395.05720138549805,688.7984466552734,439.8611640930176,775.8411407470703,428.5842990875244,742.3341369628906,383.37749004364014,721.1759185791016,418.2818269729614,716.0493469238281,457.6890563964844,154,1787812991.3635383
772.1624755859375,582.3373603820801,720.9487152099609,524.34898853302,703.4650421142578,455.64353942871094,721.4926910400391,396.255784034729,749.9337768554688,353.40970516204834,727.2742462158203,403.9147996902466,707.8475952148438,333.90620470046997,690.9848785400391,285.81172943115234,681.5773010253906,241.56013011932373,756.5525817871094,401.50819301605225,728.4030151367188,322.68781185150146,697.6637268066406,277.63453245162964,679.3764495849609,239.61580753326416,791.1574554443359,411.8549108505249,775.7798004150391,344.45147037506104,749.4102478027344,387.3929500579834,738.8227081298828,432.042932510376,826.1820983886719,432.4176263809204,798.3048248291016,383.83041858673096,774.21142578125,415.18874645233154,766.3494110107422,453.1517028808594,155,1787812991.391101
808.6650848388672,582.5879001617432,761.6267395019531,521.2361669540405,748.2486724853516,448.10279846191406,776.9287109375,392.099347114563,817.0952606201172,359.659788608551,779.2807006835938,398.2979965209961,764.163818359375,325.17093658447266,751.3483428955078,275.98480224609375,745.9315490722656,231.1156940460205,811.14501953125,400.33055305480957,789.8884582519531,316.74304962158203,762.3295593261719,269.75825786590576,747.6898956298828,230.029935836792,846.3716125488281,415.7198667526245,840.0627136230469,344.0458130836487,807.6583099365234,385.14281272888184,791.1508178710938,429.1200542449951,880.1959228515625,441.4486026763916,858.3863067626953,389.12278175354004,830.6333923339844,418.58991622924805,819.322509765625,455.4647970199585,156,1787812991.4401681
829.9716186523438,585.1120519638062,791.6222381591797,524.3316078186035,787.2489166259766,448.0808687210083,823.7935638427734,394.73761081695557,867.8025054931641,362.9256248474121,820.1344299316406,398.8151264190674,809.6595764160156,319.56597805023193,802.7880859375,268.3444547653198,803.0047607421875,222.9215669631958,855.4367065429688,404.1364574432373,843.9405822753906,314.14546966552734,826.0350799560547,263.10043573379517,819.1796112060547,220.67499160766602,890.8963775634766,424.05303955078125,891.2899780273438,351.4392685890198,856.0775756835938,393.3127784729004,835.9589385986328,434.56223487854004,922.7366638183594,454.290075302124,903.0937194824219,400.353684425354,872.3009490966797,429.8870372772217,856.7394256591797,465.154824256897,157,1787812991.4846125
833.5603332519531,596.3976287841797,795.9783935546875,538.5626792907715,794.3101501464844,461.26047134399414,835.9766387939453,406.162748336792,884.425048828125,373.0284118652344,829.3274688720703,412.24981784820557,827.9354095458984,324.5465397834778,829.012451171875,271.94588899612427,836.2701416015625,226.83823585510254,866.3558959960938,420.466046333313,867.9667663574219,321.4034628868103,861.6670227050781,265.9605932235718,864.9591064453125,220.40868043899536,900.8602142333984,442.1971321105957,907.1914672851562,370.4943895339966,868.3653259277344,414.74525928497314,846.0813140869141,456.3217306137085,930.9058380126953,472.5412845611572,915.3644561767578,417.3329257965088,883.7444305419922,449.9096202850342,867.5332641601562,486.68094635009766,158,1787812991.5346608
716.8836212158203,720.2005863189697,675.6412506103516,709.5496845245361,643.7060546875,661.814603805542,647.0730590820312,616.8318128585815,658.7656402587891,575.5114603042603,664.6917724609375,581.5411520004272,619.1444396972656,524.9319076538086,588.438720703125,484.4981861114502,566.3520050048828,450.9828042984009,705.2648162841797,578.9723253250122,669.7775268554688,529.866099357605,645.4191589355469,539.5072031021118,632.9778289794922,549.3629693984985,742.8388977050781,591.7390823364258,698.3119201660156,569.9489450454712,680.8027648925781,628.6215162277222,682.3470306396484,672.6094007492065,774.9321746826172,615.6376075744629,728.3011627197266,596.9223976135254,707.5505828857422,639.7846555709839,705.5250549316406,675.701322555542,159,1787812991.64096
762.1160888671875,747.4063396453857,719.0904235839844,730.5513381958008,682.8501892089844,678.337140083313,684.0843963623047,627.3147010803223,706.0203552246094,586.731162071228,700.1869964599609,598.5756683349609,656.7722320556641,534.7662591934204,627.6398849487305,490.1634407043457,605.4242706298828,451.7422342300415,739.3034362792969,593.8635635375977,696.3835906982422,524.329719543457,656.5206146240234,492.35199451446533,629.0160369873047,469.2069339752197,779.8947143554688,605.8608913421631,735.9210205078125,572.5432634353638,718.8990783691406,627.233419418335,721.3079833984375,673.7729644775391,817.3587799072266,630.530219078064,771.6981506347656,606.778678894043,751.3613128662109,649.8400211334229,751.7475128173828,690.2210855484009,160,1787812991.6612847
830.5113220214844,752.4601364135742,784.4148254394531,720.7307624816895,749.8223114013672,671.247181892395,758.4082794189453,622.1839570999146,781.9364166259766,585.0475072860718,759.7242736816406,594.0513610839844,720.7725524902344,527.562403678894,695.0439453125,481.26914978027344,673.9994049072266,440.37177085876465,798.037109375,594.1371059417725,766.961669921875,520.6534624099731,731.4823913574219,495.0819683074951,706.275634765625,478.7284326553345,839.4774627685547,610.2582120895386,810.0905609130859,579.9838399887085,787.3654174804688,630.716986656189,781.6170501708984,672.8485250473022,878.0448150634766,640.594596862793,846.378173828125,614.976110458374,821.2664794921875,652.5915813446045,813.3046722412109,687.6109313964844,161,1787812991.71703
889.4900512695312,771.7495536804199,844.75341796875,742.3045635223389,816.4859008789062,678.5656213760376,840.5897521972656,621.2411499023438,875.8775329589844,579.0343809127808,830.3535461425781,598.5946369171143,803.4568786621094,524.2629432678223,786.8704986572266,474.16438579559326,774.0713500976562,429.63186264038086,871.88720703125,601.5559673309326,839.4117736816406,517.194356918335,803.2038879394531,472.0656967163086,778.6128997802734,433.59835624694824,915.0069427490234,620.5630874633789,897.4491882324219,574.939227104187,872.0089721679688,627.0792245864868,861.7485809326172,669.9852132797241,955.6810760498047,652.302074432373,932.2611999511719,614.5483303070068,905.2174377441406,651.476469039917,892.5603485107422,688.800630569458,162,1787812991.7572985
953.6813354492188,783.9970779418945,906.7680358886719,748.6243629455566,889.798583984375,686.6666650772095,924.0805816650391,637.6962232589722,962.9521179199219,606.1303997039795,901.0623931884766,594.4171714782715,890.1929473876953,519.806957244873,886.0831451416016,470.2979278564453,883.489990234375,424.69685554504395,945.7301330566406,599.107174873352,934.7698974609375,517.7201986312866,920.2848815917969,466.82530403137207,911.4544677734375,422.666015625,989.2331695556641,622.1867036819458,992.8813171386719,589.7762203216553,963.0387115478516,634.1678953170776,941.512451171875,672.4437046051025,1025.3781127929688,658.4217596054077,1018.3911895751953,637.3952150344849,989.1970825195312,668.042049407959,967.1666717529297,698.9966726303101,163,1787812991.7980762
952.6362609863281,781.5062713623047,922.4618530273438,740.7929134368896,924.8859405517578,679.506025314331,979.3764495849609,648.4291791915894,1026.1357116699219,632.738299369812,953.0791473388672,589.6027135848999,970.2195739746094,518.5453748703003,981.5737915039062,473.4477424621582,994.0145111083984,432.24231719970703,997.7071380615234,602.2309827804565,1014.7219085693359,526.4525270462036,1023.2089996337891,478.2920265197754,1033.9471435546875,435.05249977111816,1035.3414916992188,634.7434759140015,1056.4639282226562,600.200400352478,1022.3333740234375,643.121280670166,997.8703308105469,676.58203125,1061.5966796875,678.3284711837769,1058.5087585449219,669.052619934082,1025.1777648925781,697.6879262924194,1003.4370422363281,721.2516689300537,164,1787812991.8218977
934.2594909667969,790.5459594726562,910.8056640625,746.9838809967041,920.8546447753906,689.5227670669556,979.9445343017578,657.9405927658081,1037.3418426513672,642.5146293640137,957.2910308837891,610.8110904693604,987.2557067871094,533.1753015518188,1011.2037658691406,487.6214361190796,1036.2723541259766,447.8321313858032,1001.9275665283203,626.7722082138062,1032.1966552734375,545.5363368988037,1053.8352966308594,499.5890235900879,1077.5984191894531,458.98943424224854,1033.4745788574219,661.7098903656006,1068.5736083984375,619.7620725631714,1033.5749053955078,659.3961524963379,1005.5520629882812,689.1136980056763,1053.0596923828125,707.8719520568848,1073.9629364013672,686.9195222854614,1043.5804748535156,709.2857980728149,1017.464599609375,729.0255260467529,165,1787812991.868161
913.8832855224609,824.8064804077148,882.7642059326172,772.5197124481201,882.0235443115234,710.5491828918457,929.3338012695312,673.7064456939697,984.1257476806641,659.8011016845703,909.4621276855469,639.180965423584,933.8479614257812,559.4488906860352,956.5617370605469,513.305196762085,978.4653472900391,474.69958305358887,949.490966796875,653.2402038574219,973.0663299560547,571.9991397857666,993.5011291503906,522.7849388122559,1013.0506896972656,482.9068422317505,981.1012268066406,685.4405307769775,1013.6782073974609,645.0783920288086,986.5992736816406,682.0333099365234,960.2643585205078,713.2155561447144,1005.3227996826172,729.0022659301758,1022.6728820800781,706.1449527740479,1000.1766204833984,727.9700660705566,978.5078430175781,750.3920459747314,166,1787812991.9091718
893.5148620605469,857.1959781646729,842.69287109375,816.0661697387695,809.8046875,758.2804870605469,803.7696838378906,706.2263202667236,797.3121643066406,656.7684459686279,850.8828735351562,673.2221031188965,846.5109252929688,592.5631427764893,849.4569396972656,546.7076683044434,857.8366851806641,507.0274543762207,900.9060668945312,673.0541753768921,888.9437866210938,597.4204730987549,886.8338012695312,552.841386795044,889.608154296875,517.5163078308105,942.3310089111328,691.9778680801392,917.4880981445312,705.1880264282227,897.7181243896484,751.8170070648193,884.8429107666016,786.2460136413574,970.7859039306641,726.359281539917,940.1641845703125,743.4360694885254,921.9448852539062,773.1509113311768,912.1022033691406,797.1205902099609,167,1787812991.9583933
981.0186004638672,743.0943775177002,949.0756988525391,687.1358585357666,966.0773468017578,621.750898361206,1019.6747589111328,589.7036075592041,1068.1000518798828,581.0098600387573,1008.3071899414062,564.2580270767212,1029.7115325927734,481.7498445510864,1046.6456604003906,435.31415462493896,1067.5691986083984,397.02049255371094,1053.8179016113281,586.2294387817383,1077.2662353515625,499.86655712127686,1091.06201171875,446.47802352905273,1109.5086669921875,403.3572006225586,1090.3227996826172,623.8114786148071,1106.7598724365234,572.6507234573364,1056.4244842529297,608.3228158950806,1021.9818115234375,642.1745252609253,1118.5835266113281,671.4381980895996,1113.6275482177734,630.590386390686,1074.802017211914,646.2586498260498,1048.6801147460938,669.2598152160645,168,1787812992.5236244
949.22607421875,715.6716871261597,919.4061279296875,657.5993299484253,934.3050384521484,586.2861728668213,991.4923858642578,545.9587955474854,1041.2687683105469,532.0297193527222,985.7942199707031,526.0253047943115,1012.4555969238281,448.15107822418213,1035.062026977539,398.9858865737915,1061.455078125,359.0423011779785,1027.3027801513672,543.658447265625,1056.044921875,455.6733226776123,1073.3387756347656,399.2919158935547,1096.655044555664,352.58004426956177,1062.9165649414062,580.035810470581,1085.992660522461,524.3674421310425,1032.3518371582031,565.5011129379272,996.612548828125,602.9616594314575,1091.5611267089844,628.4926843643188,1087.614974975586,582.778058052063,1045.3899383544922,603.6241006851196,1017.9962158203125,628.3817911148071,169,1787812992.5513484
911.0274505615234,699.8183727264404,882.8243255615234,632.503809928894,890.4921722412109,561.2612056732178,941.3886260986328,525.492467880249,989.9119567871094,511.5087604522705,944.8031616210938,496.61237239837646,968.8259887695312,420.3046417236328,989.041748046875,371.8136501312256,1012.8113555908203,330.0182890892029,985.4589080810547,510.7595443725586,1003.4053802490234,422.61966705322266,1011.8791198730469,367.84741401672363,1026.5493774414062,322.64251470565796,1020.8689117431641,542.7548217773438,1036.4750671386719,486.22321128845215,992.957763671875,523.9493608474731,962.6940155029297,563.5207414627075,1051.3089752197266,587.9345512390137,1050.8937072753906,542.7671813964844,1014.8274230957031,558.2863569259644,989.7077178955078,581.6748762130737,170,1787812992.606925
862.0657348632812,683.2743787765503,830.0144195556641,613.6868047714233,834.921875,537.0248937606812,879.2694854736328,502.7219295501709,926.0758972167969,494.95399475097656,893.5908508300781,478.6634159088135,906.1540222167969,400.2678966522217,918.2517242431641,346.4869022369385,933.2466888427734,300.17178297042847,932.5545501708984,493.46195697784424,949.6408843994141,420.2465343475342,927.4806976318359,419.43830966949463,910.9393310546875,426.89446449279785,965.6124114990234,522.1448135375977,961.7036437988281,458.33463191986084,920.0636291503906,501.83143615722656,901.0263061523438,546.5837287902832,991.9568634033203,561.2388467788696,972.8534698486328,503.8520622253418,932.8940582275391,525.8530855178833,915.8692932128906,558.0677890777588,171,1787812992.6505938
822.4383544921875,678.3490705490112,780.7935333251953,613.6552619934082,776.6162109375,539.5541095733643,808.2483673095703,491.11963748931885,843.0764007568359,464.693398475647,831.0150146484375,475.39013385772705,828.4962463378906,389.7326946258545,829.4635772705078,332.77469873428345,835.1039886474609,284.5080256462097,863.1253051757812,484.3282413482666,867.8578186035156,394.3032646179199,843.8262939453125,352.71108627319336,827.0706176757812,326.16822481155396,892.8537750244141,505.4940462112427,882.1865081787109,438.4264612197876,845.0926971435547,477.5742244720459,829.5281982421875,520.4381990432739,917.6535797119141,536.7801475524902,897.1583557128906,478.2756757736206,861.9453430175781,503.4553098678589,846.7513275146484,538.8636445999146,172,1787812992.6942923
775.7460784912109,672.6650619506836,727.1998596191406,613.2794952392578,712.0384216308594,539.688606262207,731.5713500976562,486.7658758163452,755.3533935546875,453.7396001815796,764.8782348632812,460.50692081451416,753.6207580566406,380.38744926452637,744.3897247314453,325.00927448272705,740.1337432861328,279.0008282661438,796.3698577880859,471.0961103439331,786.1464691162109,407.8045177459717,759.8396301269531,430.68294525146484,743.4202575683594,463.1017541885376,825.8134460449219,490.59722900390625,803.7184906005859,440.20461559295654,770.3382873535156,478.33056449890137,755.4564666748047,520.3177356719971,852.0021820068359,519.2086744308472,822.2547912597656,475.46399116516113,789.6288299560547,503.07872772216797,775.7627868652344,539.3139123916626,173,1787812992.741835
730.6709289550781,662.8259038925171,675.0673675537109,603.3951473236084,653.1552886962891,533.892502784729,664.5606994628906,476.45739555358887,688.7496185302734,441.0585021972656,694.8545837402344,456.11530780792236,674.0977478027344,386.78582668304443,654.4132232666016,337.89344787597656,639.720458984375,295.4176640510559,725.1302337646484,456.5904235839844,701.5028381347656,374.1806888580322,669.7648620605469,324.0356969833374,644.9668121337891,286.22307300567627,758.9781951904297,470.313720703125,728.7824249267578,420.2201843261719,698.0939483642578,462.52346992492676,682.8607177734375,506.518177986145,789.8569488525391,496.44792079925537,751.6794586181641,460.2238082885742,724.1439819335938,492.25740909576416,713.2508087158203,529.8047304153442,174,1787812992.780834
703.8992309570312,654.9953126907349,642.7371215820312,595.0045967102051,616.8759918212891,530.3786373138428,621.2825393676758,473.6834764480591,642.4099731445312,433.3199644088745,650.7606506347656,460.2227783203125,622.5215911865234,390.9127378463745,597.2483825683594,347.09962606430054,578.9953994750977,308.9664030075073,679.0398406982422,457.3606252670288,648.5047149658203,375.6557321548462,613.1077194213867,329.69818353652954,587.3804092407227,295.21536111831665,712.3895263671875,466.032657623291,673.4596252441406,421.45949363708496,647.8076171875,468.1425476074219,639.9844741821289,512.4177503585815,745.9876251220703,485.3964900970459,705.9767913818359,448.82274627685547,679.2887878417969,485.10440826416016,670.5023193359375,523.3892726898193,175,1787812992.8245609
700.1856231689453,579.3901920318604,638.0576705932617,508.8981771469116,605.3598022460938,448.3229970932007,593.5744476318359,392.37988471984863,605.4307174682617,343.5390043258667,634.9443435668945,386.15291118621826,606.927375793457,322.47256994247437,583.8548278808594,277.5651168823242,566.7926025390625,234.5647144317627,660.7662963867188,377.76463508605957,629.8100280761719,303.8988947868347,595.2072906494141,256.37654542922974,570.4000091552734,216.66163444519043,691.1306762695312,380.96779346466064,652.4760437011719,328.249146938324,630.4664993286133,372.0350503921509,625.1851272583008,414.7977018356323,722.0157623291016,396.53194427490234,679.9919128417969,353.3831834793091,659.0904998779297,385.4723596572876,655.37109375,422.5360679626465,176,1787812992.8768435
698.4791564941406,522.8385829925537,639.1571426391602,461.80652618408203,618.3235168457031,393.25016498565674,627.4127578735352,335.60814142227173,650.7679748535156,295.389404296875,642.0246887207031,346.4307475090027,618.5111999511719,281.0377836227417,597.8756713867188,243.7296724319458,582.0059585571289,207.80845642089844,670.5695343017578,343.3491253852844,645.9839630126953,265.6349515914917,615.1292037963867,225.38816928863525,591.0588836669922,190.11355876922607,703.5980224609375,349.23728227615356,671.9931030273438,293.3410978317261,654.8200988769531,343.27672719955444,651.3227081298828,385.9726667404175,735.1622009277344,362.7979516983032,698.2084655761719,314.037709236145,678.5978698730469,349.5868492126465,674.7517395019531,386.7665147781372,177,1787812992.9217398
701.2123107910156,490.85901260375977,649.8289489746094,432.1826648712158,631.6018295288086,367.8220510482788,644.3758392333984,311.86670780181885,671.1054229736328,271.60471200942993,661.17919921875,323.65304231643677,639.6514892578125,260.2606201171875,619.4406127929688,221.39047622680664,606.9659042358398,185.6843090057373,686.531982421875,320.78649044036865,664.2897033691406,246.25421047210693,632.1015930175781,206.04763984680176,610.2372360229492,173.16815614700317,717.3439788818359,326.8219327926636,692.2236633300781,272.87580013275146,672.8961944580078,319.00691986083984,669.6565246582031,360.66596031188965,748.95751953125,340.62333583831787,717.9384613037109,290.329384803772,696.2834167480469,323.36467266082764,691.3755798339844,361.07614517211914,178,1787812992.9605808
700.0664520263672,461.36024951934814,656.5779113769531,403.1892728805542,641.4218139648438,342.12249755859375,658.9447784423828,287.1415686607361,690.3607177734375,246.87219142913818,675.97900390625,301.61803007125854,660.4710388183594,237.9792308807373,645.5281829833984,196.50537014007568,635.1026916503906,158.0911374092102,702.3356628417969,299.4245195388794,686.1200714111328,225.96091747283936,653.3100128173828,192.91728258132935,629.4170761108398,168.4484338760376,732.0536041259766,305.9607410430908,709.8350524902344,245.30457973480225,685.7270812988281,291.6380023956299,680.2959442138672,336.3459849357605,762.4352264404297,319.97584104537964,732.4752044677734,267.3082637786865,709.0399169921875,299.7773480415344,703.5556793212891,339.4596004486084,179,1787812993.0039942
693.6380004882812,440.5412435531616,652.3280334472656,385.1342296600342,642.3073577880859,323.2211422920227,665.5293273925781,269.00623083114624,700.4345703125,229.93013620376587,674.9491882324219,288.50685596466064,663.7108612060547,228.05840492248535,649.6660614013672,187.63204336166382,641.5763854980469,149.79009747505188,702.2745513916016,284.135799407959,687.7231597900391,213.59902381896973,661.417236328125,173.38197112083435,644.2328643798828,139.66579914093018,732.9434204101562,291.5517210960388,717.9842376708984,230.2755832672119,692.5926971435547,278.1315350532532,683.55224609375,321.8554472923279,764.7332763671875,306.5002512931824,735.3183746337891,255.53735733032227,712.9215240478516,290.78482389450073,706.9875335693359,330.5648374557495,180,1787812993.0484526
687.4409484863281,434.30607318878174,645.1471710205078,379.43039417266846,636.5742111206055,319.47594165802,659.0179443359375,268.62349033355713,691.1738586425781,232.63614177703857,667.1837615966797,286.2768030166626,656.2931060791016,224.61899757385254,644.3830108642578,183.0505084991455,638.4730911254883,144.96787190437317,693.0966186523438,282.69118309020996,680.4991912841797,211.1855936050415,657.4485778808594,167.93290257453918,644.1670227050781,132.4709665775299,723.1349945068359,290.1837086677551,713.2096099853516,228.97011995315552,687.0432281494141,272.90077686309814,676.4620208740234,315.08883476257324,754.6581268310547,306.36322259902954,731.4144134521484,257.946195602417,706.7591857910156,290.46555519104004,697.5776672363281,328.56360912323,181,1787812993.0929108
662.6259613037109,444.4339656829834,623.9484405517578,389.66222763061523,614.6459579467773,332.20373153686523,630.1564025878906,281.1377549171448,661.8278503417969,246.29300594329834,652.8627777099609,299.67883586883545,644.0988922119141,243.92845630645752,628.9531707763672,204.72498893737793,618.5131454467773,169.37423586845398,675.1519012451172,295.3164052963257,662.8071594238281,225.22584199905396,635.2102279663086,180.8163356781006,615.1682662963867,145.88220477104187,702.445068359375,300.5280661582947,685.401611328125,244.0458083152771,661.7671203613281,282.91816234588623,653.8591766357422,322.35116243362427,732.1439361572266,313.99603843688965,706.4713287353516,265.0499939918518,683.9183044433594,295.6984806060791,678.074951171875,333.7893033027649,182,1787812993.142995
628.7688446044922,460.0766944885254,586.1788940429688,412.7152347564697,575.2611541748047,345.4062294960022,591.2076950073242,289.29596185684204,619.1279983520508,248.18527221679688,612.0014953613281,306.1194634437561,603.5372543334961,245.64934015274048,592.8927993774414,207.3656129837036,585.9091186523438,172.73192167282104,637.9567718505859,305.8217167854309,628.996696472168,236.3586187362671,605.253791809082,200.44568538665771,590.7622528076172,171.7265546321869,666.2871551513672,315.64254999160767,649.4734191894531,255.54675579071045,622.4668121337891,302.0501446723938,615.4378890991211,345.041127204895,695.9395599365234,333.26391220092773,670.3227996826172,282.61324882507324,645.4029083251953,315.74243545532227,639.9102401733398,353.96159648895264,183,1787812993.1889331
575.5776977539062,475.5287504196167,539.0788269042969,426.1176538467407,530.4494094848633,362.9800844192505,549.8940277099609,313.42779636383057,578.6563110351562,276.98816299438477,583.0560302734375,309.9431562423706,566.8739318847656,254.02338981628418,550.4050064086914,212.87362575531006,539.9449920654297,179.46276426315308,615.2022933959961,315.0041627883911,598.6976623535156,264.32369470596313,572.4828338623047,296.35590076446533,560.4449081420898,333.3618664741516,642.7631378173828,329.69616651535034,612.4235534667969,284.80592250823975,583.0129623413086,329.0958023071289,575.6409072875977,371.2747621536255,665.3823089599609,353.4525775909424,628.6183166503906,307.9243326187134,600.2946853637695,341.4835524559021,593.4564208984375,380.0464868545532,184,1787812993.213128
555.5584335327148,510.4801654815674,506.7333221435547,454.3218755722046,494.3965148925781,395.3019046783447,505.2364730834961,342.30778455734253,529.8360824584961,303.55263233184814,552.8575897216797,338.81215810775757,528.8409423828125,289.96391773223877,504.98512268066406,251.48554801940918,490.29624938964844,216.36725664138794,584.5176315307617,337.6393675804138,549.7291564941406,292.53973960876465,521.5405654907227,308.07485818862915,508.69537353515625,323.7461471557617,610.2939224243164,346.2782049179077,560.6095123291016,308.33805799484253,535.7459259033203,356.35618686676025,533.4514617919922,400.40127754211426,628.2744598388672,362.1840476989746,573.8663864135742,327.33153104782104,548.4625625610352,361.2863874435425,543.1695175170898,398.3726692199707,185,1787812993.2597475
508.17806243896484,516.8532228469849,452.6966857910156,460.3943109512329,435.9633255004883,404.85533237457275,435.2553939819336,356.4387559890747,448.5948181152344,317.4228286743164,495.1702880859375,355.8922076225281,463.3182907104492,308.15354347229004,433.9942932128906,281.5744614601135,412.1104049682617,260.00576734542847,514.4293975830078,350.10953664779663,471.6105270385742,287.8046751022339,428.16844940185547,254.82601404190063,396.48143768310547,229.5119047164917,534.0395355224609,353.3317708969116,472.7693557739258,310.00813007354736,449.1814422607422,360.03278732299805,449.0214157104492,401.07728004455566,548.5992050170898,365.87751388549805,491.6593933105469,331.63244247436523,467.12825775146484,366.73749446868896,464.07310485839844,401.62320613861084,186,1787812993.3067088
492.2833251953125,500.90519428253174,440.4257583618164,445.4740619659424,421.7750930786133,391.97497844696045,419.71923828125,344.77423667907715,438.63258361816406,306.0766553878784,471.7164611816406,340.8212614059448,445.60985565185547,290.5401849746704,420.2566146850586,254.24590587615967,402.33642578125,219.22966718673706,495.22727966308594,333.82322788238525,458.60107421875,274.10011053085327,421.9798278808594,239.82995510101318,396.3705062866211,211.3178586959839,518.4761810302734,337.75373697280884,468.25164794921875,298.25544118881226,447.9678726196289,348.6864423751831,446.9347381591797,389.7365140914917,535.4093933105469,351.4444398880005,484.94014739990234,318.17479133605957,464.4385528564453,353.96977186203003,463.80470275878906,388.2927131652832,187,1787812993.3470426
483.2659912109375,496.5536642074585,429.7220230102539,444.7885751724243,410.37086486816406,391.4705514907837,406.91097259521484,342.7317237854004,425.49232482910156,304.1680598258972,460.9773635864258,337.5386667251587,434.31766510009766,285.89344024658203,408.8728332519531,249.96123790740967,392.5962829589844,216.36517524719238,483.8716506958008,330.58361291885376,448.5041046142578,268.5532808303833,412.70286560058594,231.81060075759888,389.053955078125,200.63485622406006,506.5309143066406,334.63016510009766,456.22581481933594,296.22106075286865,436.51161193847656,344.70606565475464,437.6342010498047,383.9971446990967,522.2067642211914,349.1025924682617,470.1613235473633,318.12252044677734,452.04769134521484,354.04178380966187,455.657958984375,387.48011112213135,188,1787812993.3862355
472.4583435058594,505.81947326660156,415.0830841064453,458.7828826904297,395.1757049560547,404.82057094573975,391.26922607421875,354.8723030090332,403.2783508300781,312.1558713912964,442.46891021728516,344.6504473686218,414.51210021972656,293.41044902801514,390.49598693847656,257.86354064941406,375.06336212158203,224.3350911140442,463.7068557739258,337.5005793571472,424.8208999633789,279.0139174461365,389.4523239135742,249.65553045272827,367.2944641113281,222.8648543357849,485.5393600463867,339.8625326156616,431.4847946166992,305.65664291381836,413.23944091796875,353.1684350967407,416.7811965942383,390.2630424499512,501.7223358154297,352.2524070739746,448.4164810180664,322.88779735565186,429.1676712036133,359.43941831588745,432.45574951171875,394.3212890625,189,1787812993.4374669
459.5932388305664,517.4968242645264,400.96832275390625,470.6104373931885,378.0708694458008,420.47059535980225,370.33145904541016,371.8776798248291,377.8456115722656,328.9301919937134,414.97501373291016,364.27956104278564,390.513916015625,314.20722484588623,365.85803985595703,282.753324508667,348.8933563232422,252.57772207260132,433.52466583251953,356.01970911026,397.7186584472656,298.4175753593445,361.70753479003906,269.828896522522,336.6197204589844,244.43477153778076,456.5180206298828,354.9690771102905,406.2229919433594,320.26588439941406,392.6639175415039,367.29406356811523,397.60040283203125,405.5662250518799,478.7954330444336,362.54440784454346,428.8522720336914,331.34602546691895,410.03883361816406,367.1556615829468,412.0977020263672,403.83605003356934,190,1787812993.463516
458.1517791748047,523.7040996551514,395.2458190917969,482.6014995574951,367.98580169677734,431.4463233947754,357.72117614746094,383.9820384979248,362.4728012084961,340.560142993927,402.2146987915039,379.21255588531494,375.0674819946289,330.9353041648865,347.58148193359375,302.0810008049011,326.39129638671875,274.26265239715576,419.98809814453125,369.24057483673096,384.7415542602539,312.2927713394165,348.00193786621094,288.6697196960449,319.82288360595703,267.52060890197754,442.9966354370117,365.9222745895386,394.2173767089844,327.2759771347046,384.2238998413086,374.81188774108887,390.0848388671875,412.4095058441162,464.9884796142578,369.9769163131714,412.2200393676758,339.3904638290405,399.9798583984375,379.2176628112793,408.15574645996094,417.2599697113037,191,1787812993.4950566
452.2426986694336,518.9880895614624,388.54244232177734,476.54348373413086,364.2399215698242,429.0665817260742,355.3850555419922,382.3784637451172,358.18553924560547,337.40811824798584,398.6446762084961,376.7261266708374,370.2693557739258,328.26695680618286,343.3071517944336,298.89331340789795,320.8417510986328,269.7873544692993,417.1507263183594,365.82738876342773,379.7016143798828,310.94475746154785,342.70225524902344,287.8898620605469,312.5111389160156,268.6906957626343,440.7537841796875,362.7825450897217,389.2238235473633,326.96741580963135,380.31890869140625,377.9080581665039,386.3948059082031,417.37953186035156,461.8563461303711,367.96950817108154,407.86048889160156,338.91663551330566,395.26527404785156,377.5830602645874,402.1144485473633,413.27356338500977,192,1787812993.5283132
446.31591796875,513.5226488113403,384.5015335083008,470.19694805145264,361.88087463378906,420.4293966293335,353.3937072753906,373.0787944793701,357.9903793334961,327.33792543411255,401.790771484375,365.7554626464844,371.80877685546875,317.93555974960327,343.93177032470703,287.3722171783447,322.02728271484375,257.02510356903076,422.53562927246094,354.35452938079834,380.8253860473633,301.24168395996094,343.36692810058594,273.9974355697632,314.6010971069336,250.54104566574097,446.3043975830078,352.732458114624,390.6086730957031,320.30322074890137,380.70812225341797,371.0331916809082,387.46543884277344,410.53728103637695,464.26586151123047,361.059193611145,407.5979232788086,334.62454319000244,394.60697174072266,372.11628913879395,401.39049530029297,406.9279718399048,193,1787812993.5591836
440.66226959228516,508.64553451538086,382.24281311035156,466.19457721710205,357.3557662963867,415.8879232406616,347.6454162597656,368.77532958984375,356.01078033447266,324.58743810653687,400.7541275024414,355.85699558258057,369.5950698852539,305.8216953277588,341.690673828125,271.8055558204651,322.3725128173828,238.77893686294556,422.93601989746094,345.596022605896,378.6801528930664,290.18733501434326,338.0448913574219,260.2629804611206,309.30042266845703,233.06930780410767,446.861572265625,346.31423234939575,387.7781295776367,316.4691424369812,374.9298858642578,368.0680847167969,381.26461029052734,405.2530288696289,464.1095733642578,358.9894938468933,405.05550384521484,334.4961404800415,391.4377212524414,373.72321128845215,399.5429992675781,406.8951416015625,194,1787812993.594013
436.13304138183594,517.896580696106,375.9387969970703,476.371865272522,348.78273010253906,423.15263271331787,338.4749984741211,375.165638923645,343.0686950683594,332.8802490234375,403.50696563720703,355.06885528564453,364.44515228271484,302.4834394454956,331.3576126098633,266.481671333313,307.43927001953125,234.43129062652588,425.3544616699219,349.5416593551636,372.99560546875,320.74398279190063,352.7098083496094,360.9573984146118,352.877197265625,389.83285903930664,442.82352447509766,352.5969099998474,377.83599853515625,332.7554726600647,363.3302688598633,383.0094051361084,373.6830139160156,417.27280139923096,454.0099334716797,364.99131202697754,395.02967834472656,344.8222804069519,378.34068298339844,381.9985771179199,385.92716217041016,413.68138790130615,195,1787812993.632047
425.26512145996094,536.0644054412842,364.052734375,499.51087474823,336.4243698120117,448.3076763153076,322.9546356201172,400.80339431762695,322.94898986816406,357.80492305755615,382.98973083496094,378.28936100006104,345.379638671875,330.628137588501,313.2801818847656,295.0317907333374,290.33472061157227,262.633752822876,402.87052154541016,370.3559875488281,354.1210174560547,328.41456413269043,315.0105667114258,319.6312737464905,292.83924102783203,306.32095098495483,421.8282699584961,371.1077356338501,357.47467041015625,349.4175052642822,341.7442321777344,397.9946279525757,350.157470703125,435.0056791305542,434.4880676269531,381.92596435546875,375.8029556274414,364.2476749420166,357.98160552978516,399.68433380126953,363.58654022216797,432.49714851379395,196,1787812993.6635635
416.6135787963867,554.6468353271484,355.37670135498047,518.4937047958374,327.2659683227539,472.0988702774048,310.8958435058594,427.4662685394287,306.3087844848633,384.19189453125,365.7083511352539,409.5885944366455,328.56536865234375,363.5782814025879,295.9926223754883,332.5990676879883,271.94583892822266,303.67494106292725,383.05416107177734,400.3152322769165,336.5333938598633,354.81621265411377,297.1760559082031,340.89741468429565,271.79359436035156,324.59067821502686,402.2545623779297,398.1421709060669,339.6337890625,373.58678340911865,328.35540771484375,422.1922302246094,338.49884033203125,459.3835687637329,418.3988952636719,404.8133182525635,359.84127044677734,385.9146022796631,344.3116760253906,421.90388202667236,351.2547302246094,455.66057682037354,197,1787812993.7172034
415.3594207763672,570.147557258606,352.5382614135742,535.5655574798584,323.7416458129883,487.846097946167,307.48498916625977,443.92001152038574,301.4805603027344,401.82692527770996,366.05350494384766,422.18836784362793,323.8588333129883,382.22169399261475,288.0339813232422,355.74543714523315,259.935245513916,330.23383140563965,383.28861236572266,412.91221618652344,329.65301513671875,373.80818367004395,291.2631607055664,367.69218921661377,266.49824142456055,355.9500789642334,401.83658599853516,411.6959524154663,334.5773696899414,391.1795425415039,324.3539047241211,443.1963300704956,333.5597610473633,481.1341381072998,416.72000885009766,421.3167142868042,355.65670013427734,405.8032464981079,344.2911911010742,444.38371181488037,353.3267593383789,478.21675300598145,198,1787812993.7600877
419.1996383666992,582.3502349853516,354.69532012939453,548.5579204559326,323.6582565307617,499.0965270996094,305.99559783935547,456.50596618652344,298.2076835632324,414.9557161331177,379.86690521240234,424.70200538635254,329.3863296508789,388.1777858734131,287.99041748046875,362.7846908569336,255.6913948059082,338.96873474121094,397.12608337402344,418.12647342681885,337.5555419921875,392.3811721801758,311.76387786865234,419.8754024505615,303.88607025146484,434.12818908691406,411.1007308959961,421.5309476852417,336.8841552734375,406.44766330718994,328.3589172363281,459.9107837677002,341.9425964355469,494.5382308959961,418.6838912963867,435.58422088623047,355.72975158691406,424.0537691116333,346.42303466796875,462.14139461517334,358.8018035888672,491.32794857025146,199,1787812993.7874606
423.2655715942383,596.7501783370972,360.72933197021484,566.1344146728516,325.4879379272461,519.2492294311523,304.2335319519043,479.9054288864136,294.3104934692383,441.39551639556885,389.48699951171875,437.0192241668701,329.2756652832031,397.39707469940186,285.6619071960449,368.92544746398926,253.88015747070312,343.38266372680664,405.47054290771484,434.05853748321533,328.84666442871094,418.94911766052246,313.5451316833496,468.0245304107666,325.1993179321289,499.74188804626465,413.8463592529297,439.32167530059814,332.9727554321289,430.2736186981201,323.5514831542969,481.00861072540283,341.95064544677734,512.094554901123,415.99021911621094,453.8587760925293,352.74070739746094,446.17881774902344,341.52862548828125,483.0276918411255,355.14354705810547,510.1331090927124,200,1787812993.8418922
436.5050506591797,627.520694732666,365.98560333251953,596.7769145965576,326.78382873535156,549.0359973907471,302.57213592529297,511.2845706939697,286.87110900878906,473.32624912261963,386.1786651611328,462.4889659881592,323.9793014526367,425.82037925720215,279.9742126464844,399.03000354766846,248.10619354248047,375.02062797546387,400.70655822753906,458.739709854126,320.0083923339844,448.8647174835205,312.4276542663574,499.4409656524658,330.59581756591797,530.6597328186035,406.98070526123047,462.7536678314209,324.85973358154297,458.2340383529663,322.6421356201172,509.26905155181885,345.3057098388672,538.749189376831,407.31739044189453,475.6632900238037,342.29347229003906,469.3401002883911,336.3137435913086,507.55969047546387,352.4360656738281,533.581109046936,201,1787812993.8840148
476.00685119628906,691.342248916626,413.63086700439453,668.6568546295166,376.38721466064453,635.6110525131226,351.16844177246094,606.1365795135498,327.8424072265625,575.4600048065186,431.7994689941406,538.9785718917847,352.49706268310547,508.8879203796387,309.1835594177246,496.71356678009033,276.3947868347168,479.2760753631592,457.4407196044922,540.3025531768799,369.83570098876953,543.8210535049438,368.6150360107422,604.0330410003662,385.7775115966797,642.4427890777588,471.97383880615234,555.1084756851196,379.1172790527344,567.0386409759521,383.05408477783203,626.6955184936523,402.51625061035156,661.7104482650757,475.93883514404297,578.7145757675171,399.10552978515625,586.3800716400146,396.8331527709961,629.5093059539795,411.20880126953125,658.0262088775635,202,1787812993.9381218
521.7366027832031,723.5241222381592,460.34324645996094,703.3656692504883,417.6387023925781,669.2011499404907,393.6201477050781,642.120623588562,369.50557708740234,611.282901763916,445.6965637207031,578.2003211975098,377.5539779663086,542.8276062011719,335.44559478759766,518.2381868362427,304.3693161010742,494.7746515274048,477.2507858276367,576.9976186752319,399.5430374145508,573.7061834335327,388.76522064208984,611.5632677078247,395.52928924560547,637.9621696472168,501.7146301269531,588.943920135498,416.0567092895508,602.8499937057495,416.8003845214844,655.6896829605103,432.49168395996094,693.1240081787109,517.3760223388672,611.7339849472046,442.62001037597656,618.6213827133179,436.00189208984375,660.4215288162231,445.2984619140625,694.211311340332,203,1787812993.9842572
558.0782699584961,743.0259704589844,505.66246032714844,722.1589851379395,462.8116989135742,687.8411293029785,438.3528137207031,658.810658454895,413.7198257446289,627.3460292816162,475.81668853759766,596.9364738464355,413.00968170166016,559.5786666870117,370.8625793457031,534.1042900085449,339.1743850708008,509.4220447540283,506.1704635620117,592.087254524231,426.1457061767578,558.9429616928101,372.8276062011719,537.8711843490601,335.0415802001953,516.1073970794678,535.8096694946289,602.6072216033936,454.7246551513672,612.0488977432251,456.73511505126953,661.8720245361328,474.0519714355469,695.5476951599121,559.3569564819336,627.8165531158447,487.8340148925781,632.4143743515015,479.61185455322266,673.4177112579346,490.0305938720703,705.3700733184814,204,1787812994.0303972
599.157600402832,763.5621643066406,548.0080413818359,740.4929351806641,504.9063491821289,702.0428466796875,484.8836898803711,673.5798454284668,464.4209671020508,642.2665357589722,534.4567489624023,604.1342353820801,466.21517181396484,562.5233030319214,419.61544036865234,534.303674697876,384.7365188598633,507.86885261535645,566.3904571533203,603.0730676651001,491.45240783691406,573.0994033813477,449.48219299316406,567.4819993972778,426.22798919677734,551.3459157943726,593.4901809692383,617.8094244003296,509.76600646972656,615.0494527816772,506.44386291503906,663.456244468689,526.7660522460938,691.8983459472656,614.0418243408203,646.2060356140137,541.7144012451172,639.6413612365723,532.8066253662109,677.794132232666,548.6290740966797,704.7544956207275,205,1787812994.0748887
630.6765365600586,783.1657218933105,581.7853546142578,759.6308612823486,540.4496765136719,719.0651750564575,522.1006774902344,689.2875909805298,524.0655136108398,659.3525075912476,581.7547225952148,614.1644096374512,517.9039764404297,566.5190649032593,476.14105224609375,533.7604522705078,443.71856689453125,504.30705070495605,616.7086791992188,614.635534286499,541.9056701660156,560.1005172729492,484.7514343261719,528.384575843811,445.5023193359375,499.6834373474121,647.2543334960938,633.2301950454712,562.0457458496094,624.6518039703369,550.3533935546875,678.455286026001,564.0035247802734,713.3573055267334,668.8795471191406,666.5171384811401,596.8428039550781,659.575023651123,582.9899597167969,698.7041187286377,595.4442596435547,727.1896934509277,206,1787812994.1274328
676.6595458984375,801.8878841400146,625.0700759887695,772.4725914001465,581.2215423583984,732.0719146728516,553.8529968261719,707.516655921936,549.7484588623047,677.2452878952026,613.4004592895508,627.5640821456909,549.4976806640625,581.5541124343872,508.27491760253906,547.9642724990845,475.57289123535156,515.917067527771,647.969970703125,630.8092546463013,573.7130737304688,578.0881834030151,518.6881637573242,547.2633361816406,479.58335876464844,516.8207788467407,679.4899749755859,651.1330604553223,594.3532943725586,639.7485637664795,578.9952087402344,695.8678436279297,587.9933547973633,732.8492832183838,702.2964477539062,686.9836378097534,627.320671081543,680.1579093933105,611.8887710571289,717.4105739593506,622.5512313842773,744.8812866210938,207,1787812994.1737137
710.1080322265625,821.6153812408447,652.2486877441406,791.3978290557861,607.9571914672852,753.4159469604492,586.5034866333008,727.0208644866943,575.2577972412109,696.7323303222656,630.6393814086914,654.8482847213745,563.2444000244141,611.2597274780273,519.1806793212891,581.9666576385498,482.9689025878906,554.4150495529175,670.5134582519531,655.1285648345947,603.0088806152344,639.2898845672607,579.8818206787109,663.1498718261719,573.9748382568359,673.6324596405029,703.9182281494141,671.4925718307495,629.652099609375,677.676157951355,623.0691909790039,723.9135360717773,636.4388275146484,752.4199676513672,731.6120910644531,698.6542081832886,668.7091064453125,701.9033288955688,657.5547027587891,732.4998664855957,667.9909515380859,752.539873123169,208,1787812994.2197073
