P0_x,P0_y,P1_x,P1_y,P2_x,P2_y,P3_x,P3_y,P4_x,P4_y,P5_x,P5_y,P6_x,P6_y,P7_x,P7_y,P8_x,P8_y,P9_x,P9_y,P10_x,P10_y,P11_x,P11_y,P12_x,P12_y,P13_x,P13_y,P14_x,P14_y,P15_x,P15_y,P16_x,P16_y,P17_x,P17_y,P18_x,P18_y,P19_x,P19_y,P20_x,P20_y,frame_number,timestamp
858.6729431152344,700.3768301010132,826.3151550292969,703.7852096557617,789.2302703857422,688.6553192138672,788.7241363525391,664.9971628189087,808.4947967529297,643.1847524642944,787.8661346435547,612.2353649139404,755.4572296142578,558.3896541595459,737.2914123535156,524.7971534729004,723.9943695068359,495.83144187927246,821.8850708007812,605.5245208740234,791.1981201171875,548.1561040878296,764.5005798339844,514.6162176132202,746.9934844970703,486.6971683502197,860.15625,616.2647724151611,837.1983337402344,620.7924699783325,821.03515625,669.646053314209,817.8772735595703,699.2166996002197,894.1690826416016,638.3959150314331,861.8278503417969,646.2114858627319,843.0445098876953,675.8678770065308,837.0975494384766,695.1101303100586,1,1787812919.911867
849.6484375,717.1566867828369,819.6963500976562,717.8054809570312,778.6174011230469,683.0212640762329,773.2222747802734,643.323712348938,805.5768585205078,615.3690004348755,791.4547729492188,602.1835613250732,755.2677154541016,541.287202835083,737.5479888916016,501.7075824737549,724.6050262451172,468.0581331253052,825.5914306640625,594.4458818435669,787.2293090820312,523.1801891326904,755.855712890625,484.2659282684326,734.6055603027344,451.51585578918457,860.98876953125,603.6285209655762,825.8731842041016,570.9943199157715,815.8575439453125,628.6767053604126,820.7959747314453,667.9938125610352,893.6030578613281,624.5148611068726,850.9597015380859,607.1340179443359,835.7610321044922,642.2091579437256,838.045654296875,670.1886320114136,2,1787812919.974117
854.9858093261719,719.759030342102,813.0298614501953,707.5115060806274,770.9991455078125,667.571439743042,762.3281860351562,625.492000579834,791.5501403808594,596.3996028900146,776.5122985839844,588.9299726486206,740.7304382324219,528.6339998245239,722.6914978027344,490.6340503692627,712.6123046875,458.9563465118408,807.9569244384766,579.7933387756348,766.6462707519531,513.6551284790039,735.9698486328125,476.5168333053589,717.6909637451172,447.54661560058594,841.6965484619141,585.4516410827637,804.0505218505859,539.8412990570068,793.38134765625,588.1007623672485,796.2014770507812,624.5632696151733,874.473876953125,602.359471321106,827.9030609130859,588.31139087677,818.0194091796875,627.5660991668701,824.2501068115234,657.8878927230835,3,1787812920.0290794
856.953125,680.8094501495361,803.0164337158203,660.2754878997803,757.1484375,625.1292371749878,736.2729644775391,579.8920011520386,748.477783203125,535.5141448974609,751.0865020751953,567.6100158691406,712.3308563232422,515.5112171173096,686.3954162597656,486.2647533416748,667.3202514648438,458.20738792419434,771.6915893554688,553.276891708374,722.8366851806641,494.0250492095947,686.5043640136719,468.8608646392822,660.8827209472656,447.5018119812012,799.378662109375,547.905650138855,759.7319793701172,501.8401908874512,761.9111633300781,546.6982269287109,774.8018646240234,581.8849897384644,830.7022094726562,549.7512674331665,789.1310119628906,529.881591796875,785.8022308349609,565.7767581939697,797.0085144042969,594.8828029632568,4,1787812920.0849752
870.7696533203125,661.5699005126953,816.9557189941406,639.7783470153809,775.7940673828125,598.8410568237305,758.8960266113281,551.8289709091187,771.5703582763672,508.74587059020996,771.3006591796875,550.1298236846924,731.6996002197266,499.11463737487793,709.1594696044922,467.4923801422119,693.9610290527344,437.70870208740234,793.1592559814453,537.8079271316528,745.7858276367188,475.76323986053467,712.3799133300781,449.3050289154053,688.1033325195312,424.14753913879395,821.0580444335938,532.9333877563477,782.8604125976562,483.13931465148926,785.1747894287109,527.8077507019043,797.1096801757812,561.5071535110474,851.5397644042969,535.2355813980103,812.7307891845703,512.3526048660278,811.2782287597656,546.5930414199829,821.9245147705078,573.3468961715698,5,1787812920.1321094
882.8953552246094,639.8417329788208,830.9877777099609,615.2369070053101,793.4797668457031,570.928316116333,787.1274566650391,522.0963621139526,802.9112243652344,481.3432216644287,788.0831909179688,523.8584661483765,749.2916870117188,473.53477478027344,727.1425628662109,442.2762680053711,712.3661041259766,413.38497161865234,811.865234375,511.89323902130127,765.7441711425781,450.19972801208496,734.4212341308594,421.4982032775879,714.0189361572266,396.90123081207275,842.1830749511719,509.1368293762207,808.8911437988281,462.0367240905762,806.9526672363281,502.0655393600464,815.9080505371094,533.8973093032837,873.8739776611328,513.9299583435059,837.1099090576172,490.85339069366455,833.1597137451172,523.7663698196411,842.1448516845703,550.341739654541,6,1787812920.1813433
897.2066497802734,621.40221118927,846.4891815185547,594.5245456695557,810.3541564941406,544.8996448516846,809.4192504882812,493.6410427093506,827.7690887451172,453.8244867324829,804.4658660888672,500.2688455581665,768.3747100830078,448.7402629852295,747.7634429931641,417.822847366333,733.1146240234375,389.31774616241455,830.5007171630859,488.4013795852661,789.7288513183594,425.6549835205078,762.1921539306641,394.53522205352783,744.0955352783203,366.766676902771,862.4063110351562,487.1064519882202,832.7870941162109,438.0119848251343,828.6113739013672,477.71472930908203,834.9363708496094,509.20347690582275,894.9980926513672,493.13507080078125,859.9838256835938,469.72968578338623,854.2772674560547,502.8208923339844,861.6522216796875,529.0654706954956,7,1787812920.2322044
900.6349945068359,603.9266109466553,850.8309173583984,575.1056098937988,819.9365234375,524.8329019546509,822.5804138183594,473.7478494644165,838.3512878417969,433.9997863769531,813.1367492675781,479.8502826690674,779.3215179443359,427.56651878356934,761.7391967773438,396.8137264251709,750.6482696533203,368.9302968978882,839.9076843261719,469.0032148361206,801.5762329101562,406.45731925964355,776.4173889160156,374.82386112213135,760.6753540039062,346.6546583175659,871.3307952880859,469.14934158325195,846.5961456298828,419.09168243408203,839.4107818603516,457.39126682281494,842.5119018554688,488.49446296691895,902.6224517822266,477.77236461639404,871.6306304931641,452.3489713668823,862.8391265869141,482.0747995376587,867.1787261962891,507.9889726638794,8,1787812920.2749543
900.03173828125,593.6649513244629,850.1297760009766,566.9764137268066,818.5405731201172,517.5002574920654,819.8150634765625,464.7796583175659,834.4849395751953,422.08210945129395,811.1698913574219,472.1241044998169,777.6958465576172,418.6251497268677,760.3133392333984,387.22639560699463,749.5153045654297,357.31143951416016,837.6582336425781,461.50182723999023,799.5726013183594,400.75082302093506,774.4911193847656,369.8363256454468,759.3815612792969,341.62274837493896,868.3731842041016,460.9967565536499,843.6519622802734,409.4295930862427,836.8285369873047,446.2321615219116,840.7578277587891,478.7375736236572,899.1841888427734,467.0426273345947,867.0915985107422,437.4641704559326,859.117431640625,468.7052536010742,864.6707916259766,498.7139368057251,9,1787812920.3233001
943.4311676025391,537.3366737365723,891.2179565429688,519.3688774108887,852.1485137939453,477.08125591278076,842.8787994384766,424.5452356338501,847.44140625,376.9285583496094,826.7951965332031,439.4912338256836,781.6569519042969,393.2337713241577,755.9599304199219,368.0892848968506,735.5803680419922,342.29724884033203,850.7093811035156,424.43185329437256,798.2341003417969,373.03669452667236,765.4656219482422,349.43334102630615,741.9680786132812,326.7821502685547,879.5236968994141,419.7589302062988,853.0425262451172,382.67784118652344,860.6256866455078,417.13791847229004,872.0527648925781,442.5032901763916,909.5758056640625,419.2175102233887,880.1870727539062,394.2135715484619,881.9427490234375,423.77559185028076,892.1163940429688,447.99821376800537,10,1787812920.3698807
964.5015716552734,519.8729181289673,913.2443237304688,496.69970512390137,878.4033203125,450.85216999053955,873.0129241943359,398.85319232940674,881.5547180175781,355.05430698394775,855.7085418701172,416.7783737182617,811.0160827636719,369.6058702468872,786.748046875,339.84227657318115,768.2913208007812,313.3865976333618,878.6383819580078,401.4444637298584,829.4446563720703,347.90679931640625,798.4414672851562,320.8589744567871,777.2484588623047,296.6593551635742,909.2471313476562,395.4318952560425,883.8278961181641,356.98487520217896,885.5775451660156,392.1241092681885,893.1417846679688,419.56872940063477,942.2881317138672,397.13640689849854,915.8901977539062,369.8549509048462,911.7399597167969,397.1258068084717,916.3445281982422,422.37101554870605,11,1787812920.4294934
978.2709503173828,502.4584722518921,929.0346527099609,474.69318866729736,898.2921600341797,426.0321235656738,898.8402557373047,374.6843433380127,908.1849670410156,331.32819414138794,877.701416015625,389.5646381378174,837.3054504394531,340.2848410606384,816.0563659667969,308.826584815979,801.0539245605469,279.9485492706299,903.4422302246094,376.6238594055176,858.4185791015625,320.1708912849426,830.3636932373047,293.17123889923096,813.0625915527344,267.1693468093872,936.3423919677734,373.7664270401001,912.1977996826172,335.4781937599182,911.2055969238281,374.83441829681396,918.0718231201172,401.76602840423584,970.5682373046875,379.474081993103,943.9834594726562,350.3654408454895,937.9869842529297,379.22791957855225,942.5283050537109,402.60313510894775,12,1787812920.4682705
983.4362030029297,490.3358745574951,936.8022155761719,461.16296768188477,910.1930999755859,408.98048400878906,916.7502593994141,356.4444851875305,931.2281799316406,313.94168615341187,885.5583190917969,370.3138017654419,852.9971313476562,319.65039253234863,835.301513671875,289.12500858306885,822.9165649414062,261.3278818130493,913.7191009521484,358.9531445503235,874.2779541015625,302.1556091308594,850.6545257568359,273.3630394935608,836.0704803466797,246.21412754058838,948.1320190429688,360.42314529418945,931.4479827880859,319.2149519920349,932.7808380126953,358.93147230148315,939.2723083496094,386.96598529815674,982.3357391357422,369.9944257736206,962.6564025878906,338.42748641967773,958.1578826904297,366.955246925354,961.6866302490234,390.2893924713135,13,1787812920.5059295
986.8423461914062,489.39645767211914,938.8847351074219,464.8231315612793,909.5680999755859,413.01233768463135,914.8219299316406,358.4459066390991,925.0586700439453,313.7721920013428,882.3883819580078,372.2655487060547,848.8233184814453,321.4747667312622,830.263671875,289.5046377182007,816.6013336181641,261.18205547332764,910.4067230224609,359.60792541503906,870.4067993164062,303.9223909378052,845.7848358154297,273.92005920410156,829.1399383544922,246.33727312088013,944.7312927246094,359.4595456123352,929.2518615722656,319.41028118133545,931.8475341796875,355.33379316329956,937.8145599365234,382.94490337371826,978.5521697998047,367.30281829833984,959.8882293701172,336.5050935745239,956.1649322509766,365.34647941589355,959.3096160888672,391.2462329864502,14,1787812920.5484762
981.9364929199219,490.88501930236816,932.7034759521484,466.88469886779785,899.4202423095703,420.068736076355,899.2560577392578,366.115779876709,907.0991516113281,320.7818555831909,864.9982452392578,381.88446521759033,826.0444641113281,333.89811515808105,804.6084594726562,303.6243009567261,788.310546875,276.5075969696045,892.3360443115234,365.8462715148926,848.4549713134766,313.3614921569824,820.5078125,287.0514678955078,800.8484649658203,263.2546091079712,927.1533203125,363.023943901062,909.9509429931641,327.9662275314331,916.0316467285156,364.5780372619629,925.2211761474609,391.5870666503906,961.7675018310547,369.0243673324585,941.2361907958984,341.29101276397705,940.1313781738281,370.8037233352661,945.4039764404297,395.87624073028564,15,1787812920.5892916
976.5757751464844,489.99598503112793,929.4926452636719,470.69884300231934,893.8143920898438,426.47934436798096,887.5228118896484,372.73221015930176,888.5300445556641,325.6670594215393,852.2271728515625,388.63213062286377,807.7391052246094,344.80953454971313,781.8716430664062,317.2920227050781,762.2594451904297,292.32932567596436,878.0603790283203,371.0455513000488,826.4214324951172,324.37678813934326,795.4128265380859,300.4662251472473,773.3336639404297,277.4736213684082,912.548828125,366.09153270721436,889.6672821044922,329.33823108673096,900.7099151611328,364.16969776153564,913.2454681396484,389.27895069122314,947.3704528808594,369.2185592651367,923.2344055175781,343.9899158477783,927.4709320068359,373.84719371795654,937.3735809326172,397.029333114624,16,1787812920.633099
978.0238342285156,476.4604425430298,931.2174224853516,459.5199966430664,894.0049743652344,418.58867168426514,885.6514739990234,365.8318519592285,886.4891052246094,321.3930130004883,850.9322357177734,384.03881549835205,805.2156829833984,343.184072971344,778.3840179443359,316.39028549194336,756.5033721923828,293.464994430542,875.2215576171875,366.69264793395996,821.5865325927734,322.4238395690918,790.7814025878906,299.5117235183716,766.68701171875,277.86535263061523,908.8735961914062,361.26930713653564,887.5037384033203,326.34342670440674,900.3657531738281,358.1092357635498,911.6275787353516,380.9094715118408,943.5075378417969,364.57293033599854,921.3791656494141,339.87577199935913,926.6078186035156,366.84250831604004,935.064697265625,388.30455780029297,17,1787812920.6758702
983.5491943359375,460.16587257385254,937.8074645996094,443.54132652282715,900.3956604003906,403.6316442489624,892.0198822021484,352.28103160858154,892.4530029296875,306.32713079452515,857.4481201171875,367.10394859313965,812.7642822265625,327.53076553344727,787.2835540771484,302.38327503204346,767.2972106933594,279.4752359390259,881.2931823730469,350.10663986206055,828.5446166992188,306.54258728027344,798.8748931884766,283.8891649246216,776.7989349365234,261.3371515274048,914.4168090820312,344.76951599121094,894.8246002197266,309.6719741821289,907.3439025878906,342.99241304397583,918.2080078125,366.38893604278564,949.6798706054688,348.1091022491455,930.6590270996094,324.65502977371216,935.9833526611328,352.6781916618347,942.9885864257812,373.9413070678711,18,1787812920.7173107
998.1759643554688,445.3911066055298,951.3160705566406,424.3301010131836,916.0734558105469,384.4598579406738,909.6468353271484,333.03590297698975,911.7317962646484,286.4671540260315,873.9537048339844,349.6100449562073,830.1545715332031,307.86972284317017,805.8547973632812,280.88528394699097,785.9928131103516,257.6621603965759,898.6582183837891,333.3676815032959,848.2350921630859,287.49017000198364,820.1950836181641,263.86306285858154,799.9509429931641,242.40118503570557,932.1822357177734,328.9870548248291,916.1114501953125,295.9105896949768,927.4481964111328,327.1785593032837,936.556396484375,348.55872631073,966.5938568115234,333.247754573822,948.5523986816406,305.8793091773987,951.6744995117188,332.7033734321594,956.217041015625,354.38180208206177,19,1787812920.7599733
1000.5654907226562,429.604697227478,955.821533203125,410.5336332321167,923.1049346923828,367.732572555542,924.9269104003906,315.02639293670654,931.1374664306641,270.8440589904785,878.9855194091797,328.4636378288269,841.2068176269531,285.6054139137268,821.4376831054688,257.31330156326294,805.3681945800781,233.66778373718262,905.460205078125,313.9358067512512,861.2936401367188,266.448712348938,837.987060546875,241.1190891265869,821.6826629638672,219.72980260849,939.771728515625,312.3062467575073,931.6960906982422,280.2387857437134,943.3660125732422,312.77857303619385,949.5806121826172,333.83646726608276,973.8890075683594,319.7766709327698,962.4709320068359,294.8844838142395,967.5076293945312,322.30159521102905,970.4127502441406,341.59558296203613,20,1787812920.8022914
997.8638458251953,431.59111976623535,955.7950592041016,414.7097682952881,920.8121490478516,375.58874130249023,917.2899627685547,322.1940279006958,911.9100189208984,276.0221815109253,867.7265167236328,344.24487590789795,823.8417053222656,304.2725157737732,798.4773254394531,277.39375591278076,776.7038726806641,254.88882064819336,890.4666137695312,323.89562129974365,839.6348571777344,281.6946029663086,811.1461639404297,258.7106466293335,788.1021118164062,238.62984895706177,923.0281066894531,317.98821687698364,908.00048828125,286.67922019958496,928.5772705078125,317.6892042160034,939.5267486572266,337.04445362091064,956.9593048095703,321.8010091781616,941.8666076660156,295.1812219619751,952.3468017578125,321.784143447876,958.2914733886719,340.09509086608887,21,1787812920.8517857
1001.9271850585938,424.58038330078125,961.7628479003906,408.9061975479126,928.6608123779297,370.0089740753174,923.2499694824219,317.10047006607056,915.1528167724609,271.72343730926514,867.3100280761719,335.15830278396606,821.2635803222656,297.4065113067627,793.9851379394531,271.2685990333557,771.192626953125,249.99481916427612,891.0462951660156,315.651433467865,837.9007720947266,275.22138118743896,808.3792114257812,251.79157733917236,785.2383422851562,231.8060302734375,925.4438781738281,310.2496576309204,910.1451873779297,277.5806736946106,932.2987365722656,306.2876272201538,945.0667572021484,325.8464241027832,961.5568542480469,314.57374334335327,945.5960083007812,286.652569770813,957.7961730957031,313.4849166870117,964.9665832519531,334.2658567428589,22,1787812920.8999186
1017.3597717285156,413.8198757171631,980.1078033447266,395.58411598205566,947.5468444824219,353.9833331108093,942.3484802246094,300.47927141189575,934.6835327148438,256.37635231018066,884.8113250732422,317.10111379623413,840.8000183105469,274.728262424469,814.7837066650391,245.44596433639526,791.8589019775391,222.3610281944275,908.8233184814453,298.2405710220337,856.9654083251953,253.97077560424805,827.9475402832031,228.9707851409912,804.4324493408203,207.510666847229,942.5563812255859,293.2318353652954,934.3203735351562,260.99957942962646,954.4293212890625,292.062885761261,963.0882263183594,311.7977213859558,977.4469757080078,298.18087577819824,970.0215911865234,272.8463816642761,980.4996490478516,300.17817735671997,984.2807006835938,319.8118829727173,23,1787812920.9474692
1032.385025024414,403.4555196762085,996.08154296875,377.1163558959961,970.3466796875,330.677490234375,972.5889587402344,276.0432958602905,972.9425811767578,230.04098653793335,912.9739379882812,289.10651206970215,874.7733306884766,240.4590082168579,852.7237701416016,207.12571620941162,834.8042297363281,181.5968370437622,939.1909790039062,272.47016429901123,893.0508422851562,221.13867044448853,866.9725036621094,195.25086879730225,846.3845825195312,175.3648316860199,974.3074798583984,271.03177070617676,970.8155822753906,239.24480438232422,986.0751342773438,271.53332233428955,991.9957733154297,292.47427225112915,1009.6923065185547,282.09523916244507,1004.715576171875,254.95285034179688,1011.4625549316406,282.9281187057495,1012.2237396240234,304.1016912460327,24,1787812920.9752455
1046.7534637451172,392.50009059906006,1013.6762237548828,360.0265645980835,995.6231689453125,309.78471279144287,1007.8896331787109,256.44952297210693,1022.11669921875,214.91101026535034,945.9220123291016,261.6094708442688,916.6275787353516,207.67406702041626,900.4494476318359,172.9645872116089,887.1829223632812,145.88544487953186,973.9070129394531,249.43814277648926,937.7571105957031,192.93996334075928,917.3715209960938,162.64913320541382,900.8382415771484,138.70895862579346,1008.1304931640625,252.51699686050415,1010.4586029052734,220.65598011016846,1019.3962097167969,252.11781978607178,1020.9539031982422,274.0832018852234,1040.7279968261719,267.2493839263916,1040.9989929199219,240.1706600189209,1042.7830505371094,266.2000608444214,1040.1014709472656,288.12156200408936,25,1787812921.0233
1058.6550903320312,386.9601058959961,1027.6795959472656,350.37569761276245,1017.0008850097656,294.6401882171631,1035.068130493164,242.1968650817871,1051.3174438476562,200.2590036392212,967.4445343017578,245.5776071548462,947.9465484619141,188.4533143043518,937.0999908447266,151.6046440601349,928.4330749511719,123.35333347320557,998.0706787109375,236.5184783935547,970.7938385009766,175.98411083221436,956.2795257568359,143.14059019088745,944.6544647216797,118.0241060256958,1033.2217407226562,242.68504858016968,1040.6220245361328,210.5856156349182,1047.63427734375,243.83423566818237,1046.3550567626953,265.2902555465698,1064.0979766845703,260.4258871078491,1068.3515930175781,232.15527534484863,1067.3320770263672,261.3777494430542,1061.1750030517578,283.7230181694031,26,1787812921.0664086
1060.5517578125,385.97846031188965,1031.9288635253906,348.7120842933655,1024.7372436523438,293.76619577407837,1044.7478485107422,241.92602634429932,1062.835922241211,201.12443447113037,978.7803649902344,243.8387632369995,965.4147338867188,186.15933895111084,959.5604705810547,149.51531052589417,954.7317504882812,119.85693454742432,1008.4642791748047,236.43848419189453,989.6861267089844,174.05150413513184,981.8796539306641,139.17006254196167,975.1401519775391,110.63052177429199,1041.7033386230469,244.00737762451172,1051.5022277832031,210.385479927063,1055.2850341796875,242.70768642425537,1052.3031616210938,265.6848621368408,1070.0759887695312,262.44327306747437,1075.8450317382812,235.14613151550293,1074.3060302734375,262.4937629699707,1068.5540771484375,284.16167736053467,27,1787812921.1172101
1056.8510437011719,388.43008518218994,1024.8680877685547,353.52059841156006,1014.5001220703125,296.63485050201416,1035.1563262939453,245.10131120681763,1054.2521667480469,204.3960428237915,968.6788940429688,254.04171466827393,958.8338470458984,194.51667308807373,956.1149597167969,156.19371056556702,953.7489318847656,125.19186973571777,998.6454772949219,245.45482635498047,983.3942413330078,182.49878883361816,977.2495269775391,146.0626745223999,971.9993591308594,115.084308385849,1031.9589233398438,250.35507202148438,1045.0025939941406,219.06691074371338,1049.5348358154297,256.2577986717224,1046.8678283691406,278.2861804962158,1060.5730438232422,264.425790309906,1068.3648681640625,241.32699251174927,1065.69091796875,271.45920753479004,1059.3754577636719,290.4521656036377,28,1787812921.1405475
1055.8695983886719,398.0682706832886,1021.7449188232422,371.43560886383057,1004.1602325439453,318.8902759552002,1018.7882995605469,262.4570059776306,1032.7806854248047,215.8176612854004,951.6731262207031,277.16214179992676,933.6830902099609,215.11138200759888,926.3395690917969,176.31181240081787,918.7588500976562,144.88233089447021,981.6372680664062,262.61635065078735,958.1410217285156,199.02280569076538,946.7250823974609,162.13871955871582,936.5507507324219,131.3153100013733,1014.9416351318359,263.8834476470947,1017.9788208007812,228.05304050445557,1028.5385131835938,265.05104541778564,1031.4086151123047,287.923743724823,1044.3240356445312,274.2514729499817,1043.0709838867188,245.39485216140747,1046.8453979492188,274.1545057296753,1047.0748901367188,293.59107971191406,29,1787812921.1930165
1072.7822875976562,398.27460765838623,1041.1366271972656,364.81420040130615,1029.8735809326172,312.1665358543396,1049.6795654296875,257.72743463516235,1063.9657592773438,214.20539617538452,976.9978332519531,263.5466694831848,959.2220306396484,202.88602352142334,949.0005493164062,164.20505046844482,940.0197601318359,133.6920154094696,1008.2585906982422,251.03034496307373,984.9258422851562,188.69660139083862,972.6771545410156,151.00783109664917,962.5775146484375,120.65893650054932,1043.9877319335938,254.89478588104248,1051.4921569824219,220.35259008407593,1059.1004943847656,254.28779125213623,1058.8313293457031,277.31775283813477,1075.4903411865234,269.64197874069214,1081.3165283203125,242.66429901123047,1081.6056060791016,270.0601887702942,1076.8524932861328,291.0284113883972,30,1787812921.240059
1084.702377319336,394.69353675842285,1058.7784576416016,354.26891326904297,1052.5814056396484,299.1361927986145,1072.9859161376953,248.17572355270386,1091.3265991210938,207.1736741065979,1002.2103118896484,251.173574924469,992.1488189697266,189.120454788208,987.3664093017578,149.3836784362793,982.6725769042969,118.82320046424866,1032.6126098632812,243.23288440704346,1016.3663482666016,178.30498337745667,1009.5905303955078,140.45855283737183,1002.9490661621094,110.41524767875671,1066.4942932128906,250.16918420791626,1078.3345031738281,217.81170129776,1082.6512145996094,250.67893266677856,1079.4471740722656,273.99213552474976,1095.0209045410156,267.61781215667725,1103.8941955566406,243.84303331375122,1101.9376373291016,271.0682272911072,1095.3553771972656,293.0729627609253,31,1787812921.2975314
1091.2271118164062,396.05313777923584,1063.9136505126953,356.1298084259033,1060.6128692626953,296.99392318725586,1086.0905456542969,247.61518478393555,1106.8846893310547,209.76719856262207,1020.0942993164062,250.63000917434692,1014.2677307128906,190.07426977157593,1012.6821136474609,152.1225142478943,1010.8432769775391,121.32532596588135,1052.2114562988281,245.6285047531128,1040.1129913330078,181.50553464889526,1035.2245330810547,144.96832251548767,1031.432876586914,114.83692288398743,1085.9060668945312,255.52021265029907,1099.423599243164,221.84497117996216,1098.7054443359375,256.0306477546692,1092.7460479736328,279.7625970840454,1114.3571472167969,275.73246002197266,1121.6180419921875,252.8457498550415,1118.172378540039,277.1970534324646,1111.9229888916016,297.0248222351074,32,1787812921.339964
1092.7581024169922,405.53253650665283,1066.5838623046875,362.07839012145996,1069.2915344238281,304.3436050415039,1097.0327758789062,256.29528522491455,1119.8468780517578,219.21297311782837,1024.5375061035156,261.1115026473999,1022.9096984863281,200.6179904937744,1023.7519073486328,163.93364310264587,1024.3153381347656,134.74458932876587,1056.6094970703125,257.8419327735901,1049.078598022461,194.04889583587646,1047.9386901855469,157.42506980895996,1047.3851013183594,128.98889064788818,1088.6115264892578,268.3137917518616,1106.036605834961,234.55679655075073,1104.7621154785156,269.69802618026733,1097.731704711914,292.59613037109375,1114.6939849853516,285.2824115753174,1127.1973419189453,263.0013656616211,1123.1968688964844,290.1963472366333,1115.8080291748047,310.08097887039185,33,1787812921.3861697
1087.0297241210938,421.74548149108887,1059.958267211914,382.10161685943604,1061.2008666992188,326.96627855300903,1090.6861877441406,279.53787088394165,1118.2038879394531,244.27984714508057,1021.4460754394531,286.23154878616333,1025.992202758789,224.77138996124268,1031.9279479980469,186.561541557312,1035.8157348632812,156.79487943649292,1054.442138671875,282.33502864837646,1053.6177825927734,217.4937629699707,1055.4422760009766,181.08893394470215,1056.474838256836,151.58538579940796,1087.2853088378906,289.90336418151855,1102.1463775634766,258.108115196228,1097.107925415039,295.43113946914673,1089.197998046875,318.5213541984558,1114.8362731933594,304.4039011001587,1119.7118377685547,284.7237825393677,1112.048110961914,313.33752393722534,1104.4900512695312,332.593252658844,34,1787812921.4506736
1092.0123291015625,449.4766044616699,1061.050033569336,409.64133739471436,1060.1908874511719,353.1540369987488,1088.097152709961,302.3802065849304,1113.2343292236328,265.40262937545776,1013.8249206542969,313.9940857887268,1015.1376342773438,250.0114917755127,1019.296875,209.33658599853516,1022.2109985351562,175.9816324710846,1047.9725646972656,307.64774322509766,1043.0909729003906,243.16799640655518,1044.0337371826172,205.5391788482666,1044.1202545166016,173.91870260238647,1082.142562866211,314.84524726867676,1096.2803649902344,281.90845012664795,1095.1251220703125,320.48200607299805,1088.7020874023438,342.32810497283936,1110.8732604980469,330.05399465560913,1118.0426025390625,307.1941924095154,1112.9002380371094,336.84257984161377,1105.6277465820312,355.2683687210083,35,1787812921.490108
1099.676742553711,494.2778205871582,1081.6746520996094,456.69612407684326,1093.590087890625,405.57661056518555,1135.8354187011719,363.12535285949707,1168.9422607421875,330.90264558792114,1060.2851867675781,345.15092611312866,1072.4726104736328,281.86349630355835,1084.6053314208984,243.96847486495972,1094.2996978759766,213.2781457901001,1094.3130493164062,350.0252079963684,1102.9069519042969,283.0885148048401,1111.8907165527344,244.83465671539307,1118.7889862060547,214.26296710968018,1125.6571197509766,368.20807456970215,1149.441146850586,343.3024334907532,1140.3421783447266,382.1473217010498,1127.136459350586,405.7530355453491,1148.8481140136719,391.02478981018066,1161.9742584228516,368.8624906539917,1153.0386352539062,399.9942684173584,1141.2007904052734,421.3461112976074,36,1787812921.5388947
1101.9647979736328,518.69948387146,1080.5925750732422,473.0548095703125,1097.5799560546875,417.6089572906494,1141.6827392578125,377.7313756942749,1174.5366668701172,347.3787474632263,1066.7463684082031,362.43566036224365,1084.1448211669922,302.3493719100952,1098.5028076171875,264.5400094985962,1109.2927551269531,234.29434776306152,1101.806640625,368.5501527786255,1112.8057098388672,304.62459325790405,1123.7397766113281,269.16609048843384,1131.7923736572266,239.49658870697021,1133.136215209961,387.83042907714844,1151.4201354980469,361.67481422424316,1140.4000854492188,397.12443351745605,1129.2302703857422,416.9966411590576,1156.133804321289,412.84127712249756,1165.5242919921875,386.9831943511963,1152.6580810546875,413.74460220336914,1141.3883972167969,431.4047384262085,37,1787812921.5854669
1085.7137298583984,549.8524618148804,1064.6179962158203,506.8769931793213,1076.4030456542969,451.0842990875244,1118.4445190429688,407.3971223831177,1156.6167449951172,376.3010501861572,1049.4312286376953,393.5208749771118,1066.9607543945312,328.2380962371826,1081.6458892822266,287.6418972015381,1092.9292297363281,255.5625057220459,1083.8554382324219,395.3015184402466,1096.5728759765625,327.36730098724365,1106.6465759277344,289.39295053482056,1114.7416687011719,257.41430282592773,1114.7367858886719,412.02738761901855,1134.5794677734375,383.2020950317383,1124.2790222167969,420.83850860595703,1115.137710571289,443.60466957092285,1139.0232849121094,435.8749294281006,1148.8020324707031,406.48366928100586,1136.5765380859375,431.1379337310791,1127.1701049804688,448.79502296447754,38,1787812921.6304688
1071.3285827636719,586.8851852416992,1046.8025970458984,548.1243467330933,1051.5739440917969,493.1529664993286,1092.1195220947266,443.02453994750977,1127.677993774414,405.68153858184814,1019.9385833740234,429.0071439743042,1031.1955261230469,359.81091499328613,1042.9288482666016,318.70689868927,1050.9933471679688,284.67007398605347,1054.3890380859375,427.41734504699707,1060.2640533447266,356.56694412231445,1066.7620849609375,317.6607298851013,1070.5493927001953,286.3425064086914,1085.8683013916016,442.1693229675293,1104.2627716064453,409.86642837524414,1100.4347229003906,447.27230072021484,1094.1472625732422,470.27904510498047,1110.276107788086,464.0700101852417,1121.8533325195312,432.94981956481934,1114.7547149658203,460.02532482147217,1107.7173614501953,479.25105571746826,39,1787812921.6684391
1050.3624725341797,623.0809307098389,1022.2626495361328,585.6917095184326,1023.1961059570312,529.3289709091187,1057.6940155029297,476.5467882156372,1092.0387268066406,438.3441495895386,989.8104858398438,463.1562566757202,994.0193176269531,393.9588260650635,1000.5403137207031,351.92811727523804,1003.9105987548828,317.46803998947144,1024.0946960449219,459.1135883331299,1021.9145965576172,389.2989492416382,1023.5991668701172,349.9257731437683,1023.0644989013672,319.033420085907,1056.4788055419922,470.4762840270996,1071.5071868896484,441.09686851501465,1068.9464569091797,480.08575916290283,1062.2795867919922,504.79705810546875,1082.7049255371094,488.7110996246338,1092.1886444091797,462.17169284820557,1085.2278137207031,490.53242683410645,1076.8997955322266,510.6304121017456,40,1787812921.7158659
1033.3193969726562,639.0454387664795,1000.1513671875,599.0962743759155,998.2640075683594,542.9654502868652,1036.758041381836,494.8637008666992,1070.7261657714844,461.7983293533325,972.5212097167969,478.3413362503052,974.1352081298828,412.1504259109497,977.9531097412109,372.41918563842773,980.8402252197266,339.7037887573242,1007.4458312988281,475.72251319885254,1002.49755859375,408.67342472076416,1003.5219573974609,370.15600204467773,1003.9630126953125,337.77504444122314,1041.0260009765625,490.36651611328125,1055.7072448730469,461.22382164001465,1052.3667907714844,497.19486236572266,1045.2542114257812,520.8081722259521,1068.4451293945312,513.9082431793213,1076.681900024414,488.30331802368164,1069.333267211914,514.3889379501343,1060.5391693115234,533.7362480163574,41,1787812921.7587295
1024.7345733642578,630.8252620697021,997.8989410400391,592.0816326141357,998.7627410888672,538.369517326355,1035.8028411865234,494.5752239227295,1068.5489654541016,462.1781301498413,976.5975189208984,474.5180082321167,978.8835144042969,414.5722246170044,981.0482025146484,377.53804206848145,983.5968780517578,347.2244453430176,1009.423828125,475.0299024581909,1005.4119110107422,409.89895820617676,1006.2047576904297,374.1699171066284,1007.3491668701172,343.36451053619385,1040.877914428711,491.391806602478,1061.3103485107422,458.97947788238525,1054.4969177246094,493.3279323577881,1043.4941864013672,516.0871410369873,1065.5359649658203,517.5949716567993,1076.8838500976562,494.13392543792725,1066.7755889892578,522.8350639343262,1054.2107391357422,542.9101324081421,42,1787812921.7997239
1026.9744873046875,627.889895439148,1002.6634979248047,586.7882823944092,1008.3144378662109,532.046627998352,1047.770767211914,492.88002490997314,1081.0462951660156,464.8984479904175,990.8625793457031,472.93280124664307,998.7380981445312,413.33978176116943,1005.1767730712891,377.6291084289551,1010.7737731933594,347.4893617630005,1023.2662200927734,476.45623683929443,1025.4010009765625,415.2275848388672,1028.4339904785156,379.05685901641846,1031.7173767089844,348.0491065979004,1053.2921600341797,494.7079610824585,1072.7455139160156,468.72568130493164,1062.9519653320312,504.13496017456055,1051.73095703125,526.7582988739014,1075.6465911865234,520.8395862579346,1086.7753601074219,498.38181495666504,1074.5342254638672,525.1536512374878,1062.5828552246094,543.8566303253174,43,1787812921.8445573
1025.8021545410156,629.9712467193604,1004.7142791748047,587.6437568664551,1015.2324676513672,533.1502819061279,1058.1478118896484,496.5380001068115,1094.5932006835938,470.8294343948364,1002.7971649169922,477.44153022766113,1018.1986236572266,420.1053857803345,1030.6790161132812,385.3816795349121,1040.8745574951172,357.25414752960205,1034.8741149902344,484.19387340545654,1045.5093383789062,422.5471830368042,1053.130111694336,388.9043426513672,1060.3032684326172,360.66295623779297,1063.304214477539,504.6082305908203,1082.0708465576172,481.2136173248291,1068.8043212890625,515.477442741394,1058.384017944336,537.0675945281982,1083.2908630371094,532.3650169372559,1094.2753601074219,509.86883640289307,1081.023941040039,535.1232719421387,1071.220474243164,552.7795457839966,44,1787812921.891246
997.5254821777344,683.9733409881592,978.1092071533203,653.9070224761963,987.1244049072266,609.3005561828613,1029.7879028320312,575.3519439697266,1063.2989501953125,549.1558170318604,972.1112060546875,539.3615055084229,983.0132293701172,476.87384605407715,990.3043365478516,441.3817834854126,995.5696105957031,411.4630079269409,1003.1168365478516,545.3795671463013,1009.4813537597656,479.29882049560547,1014.6212768554688,444.2114496231079,1021.0726165771484,414.24525260925293,1030.475845336914,567.8801250457764,1054.3571472167969,550.315260887146,1043.0073547363281,590.8053302764893,1032.9241180419922,609.7664451599121,1049.9237823486328,597.8789377212524,1065.2822875976562,584.3272161483765,1048.6984252929688,616.116156578064,1034.3080139160156,632.1581268310547,45,1787812921.945773
1008.6914825439453,701.7087507247925,987.8717041015625,665.080976486206,996.9774627685547,619.2785453796387,1042.603988647461,589.3836736679077,1080.3760528564453,572.3280000686646,986.1677551269531,552.8112602233887,995.9416961669922,492.53528594970703,1004.6463775634766,454.445858001709,1011.1054229736328,422.40564823150635,1018.8639068603516,559.7189998626709,1026.3178253173828,496.7420196533203,1033.5026550292969,460.2455234527588,1038.914794921875,429.16738986968994,1047.4503326416016,581.361722946167,1066.8777465820312,564.6236228942871,1053.2101440429688,600.8826684951782,1039.5599365234375,619.0290784835815,1066.8673706054688,610.1649141311646,1081.9941711425781,595.6209468841553,1063.9189910888672,624.9850845336914,1046.651382446289,641.2326622009277,46,1787812921.9908237
1024.6591186523438,698.3152627944946,1009.7041320800781,660.4006290435791,1023.7247467041016,616.6691207885742,1072.7521514892578,589.0618515014648,1110.1561737060547,569.0051937103271,1016.2006378173828,546.3366651535034,1032.5749969482422,488.30580711364746,1045.6999969482422,451.9666814804077,1055.096664428711,422.7773380279541,1049.1988372802734,555.2402687072754,1062.46826171875,493.42934131622314,1072.4076843261719,457.04283714294434,1080.3075408935547,428.0663537979126,1076.684341430664,579.7375059127808,1099.6450805664062,564.4601583480835,1086.1470794677734,598.2635021209717,1072.4888610839844,615.4165506362915,1094.4834899902344,611.3179636001587,1111.54296875,594.7674894332886,1094.2535400390625,620.0580596923828,1076.5996551513672,634.8929500579834,47,1787812922.0164764
1046.3204956054688,685.64772605896,1037.9866790771484,644.9947500228882,1058.836441040039,602.464485168457,1111.4494323730469,579.4476985931396,1153.610610961914,563.8680982589722,1051.3519287109375,534.6591854095459,1077.8089904785156,477.8295707702637,1098.2696533203125,442.4819612503052,1113.4564208984375,414.2427635192871,1083.7129211425781,547.4941349029541,1108.2266998291016,487.6605749130249,1123.741683959961,453.2465887069702,1135.2106475830078,426.6826343536377,1108.786392211914,574.2025852203369,1137.2908782958984,558.3763074874878,1122.4761962890625,586.7997407913208,1107.8673553466797,603.2650279998779,1123.7808990478516,605.0551128387451,1143.056640625,591.0502052307129,1124.4718170166016,612.226824760437,1105.6844329833984,626.1050891876221,48,1787812922.0485237
1055.2168273925781,682.5016450881958,1052.6153564453125,637.5992774963379,1079.3428039550781,597.8219890594482,1132.1456146240234,576.7296552658081,1174.3062591552734,560.9344482421875,1075.2992248535156,528.7575101852417,1108.3878326416016,475.92588901519775,1132.8219604492188,442.9327440261841,1151.3291931152344,416.73803329467773,1104.7869110107422,545.8816337585449,1136.3859558105469,489.2780113220215,1158.158950805664,455.16263008117676,1175.2722930908203,428.3866310119629,1127.1514129638672,575.5149364471436,1153.4268188476562,562.1566772460938,1132.7388763427734,590.2309513092041,1115.8244323730469,605.6227970123291,1139.4801330566406,607.6993417739868,1158.4919738769531,591.7762470245361,1138.2386016845703,611.0967779159546,1121.2865447998047,622.5730276107788,49,1787812922.1019988
1051.0102081298828,683.0042695999146,1049.0973663330078,640.4350805282593,1076.9356536865234,598.6729574203491,1127.9280853271484,576.2451839447021,1170.9317016601562,561.9602108001709,1072.5273895263672,531.5889358520508,1108.641128540039,476.5942096710205,1132.8108215332031,443.17002296447754,1152.5682830810547,416.35385513305664,1102.302017211914,545.8434820175171,1135.3881072998047,489.24839973449707,1158.7651824951172,456.00308418273926,1178.7163543701172,429.4790840148926,1123.9276885986328,572.3179149627686,1152.4156951904297,559.0507221221924,1131.6341400146484,589.3029069900513,1114.8606872558594,607.7846574783325,1136.23046875,600.9467840194702,1157.2054290771484,588.1153106689453,1139.1775512695312,607.6224374771118,1124.1195678710938,621.2783145904541,50,1787812922.1454668
1042.035903930664,689.9974966049194,1036.3358306884766,643.7335109710693,1055.351791381836,599.9544095993042,1107.0011138916016,575.0956535339355,1151.343765258789,562.3263645172119,1048.2394409179688,536.6681385040283,1081.1424255371094,476.74561500549316,1102.713394165039,443.1946563720703,1118.9517211914062,415.60120582580566,1078.9451599121094,548.2946348190308,1108.250503540039,487.86352157592773,1126.9229125976562,454.3200731277466,1141.689453125,428.33792209625244,1103.231430053711,572.3998403549194,1129.0094757080078,554.9922180175781,1112.7145385742188,584.4024467468262,1099.0521240234375,601.8834543228149,1118.905258178711,599.0718984603882,1138.413314819336,578.0811882019043,1123.738021850586,593.8410758972168,1111.280746459961,605.162615776062,51,1787812922.1925209
1016.5242004394531,708.3138513565063,1005.5669403076172,665.0976276397705,1021.6550445556641,616.5346670150757,1070.0318145751953,584.0804529190063,1112.0111083984375,565.2948188781738,1014.9228668212891,549.623851776123,1038.5901641845703,489.6580696105957,1056.0103607177734,453.1910562515259,1068.7910461425781,422.3326063156128,1046.8379211425781,560.5412149429321,1068.823471069336,496.6519832611084,1080.9749603271484,460.4909133911133,1090.0672149658203,430.94618797302246,1073.1375885009766,586.1597871780396,1092.7687072753906,569.5207357406616,1073.6132049560547,603.5432481765747,1059.9886322021484,622.3786211013794,1088.4496307373047,618.9823007583618,1101.6349029541016,601.0003423690796,1079.5970916748047,625.9143733978271,1063.9832305908203,642.1961545944214,52,1787812922.2420554
1002.6531982421875,713.1044483184814,984.9810028076172,672.3122978210449,999.5321655273438,627.9160737991333,1049.8983001708984,599.2529582977295,1091.0612487792969,579.6466112136841,994.1546630859375,557.3280143737793,1012.0655822753906,496.1724901199341,1025.0155639648438,458.646240234375,1034.7499084472656,427.2359848022461,1027.071762084961,565.3685903549194,1042.5917053222656,501.8017387390137,1052.6504516601562,463.8264226913452,1060.5197143554688,432.2629165649414,1053.1756591796875,589.260721206665,1075.2922058105469,573.923807144165,1058.9469146728516,608.6540794372559,1045.286636352539,626.7932367324829,1070.3431701660156,619.34326171875,1086.6575622558594,603.5297298431396,1065.8303833007812,629.5558261871338,1048.448486328125,645.5175018310547,53,1787812922.2976625
1055.691909790039,708.1193161010742,1055.2653503417969,663.3546209335327,1078.5346984863281,622.9697799682617,1133.741226196289,606.8719339370728,1177.0282745361328,600.5909729003906,1078.5135650634766,560.0402212142944,1113.4329986572266,506.526460647583,1136.6238403320312,476.8099021911621,1155.3258514404297,452.4861717224121,1106.5933990478516,575.7743167877197,1138.038101196289,522.015552520752,1158.154296875,488.37520122528076,1175.8525085449219,462.6826000213623,1127.2721862792969,603.400468826294,1153.3941650390625,590.1959753036499,1140.318832397461,611.4685964584351,1129.2607879638672,625.7179927825928,1140.5184173583984,634.3538045883179,1158.4913635253906,620.6651830673218,1149.3097686767578,631.9085741043091,1140.8441162109375,642.3288488388062,54,1787812922.338884
1065.7296752929688,721.3800716400146,1070.849609375,677.4502086639404,1093.4838104248047,635.921630859375,1143.4928131103516,619.2522382736206,1184.8738861083984,612.5163316726685,1085.6453704833984,578.4637355804443,1117.28515625,526.1412620544434,1140.6440734863281,496.20025634765625,1160.806655883789,471.0649108886719,1113.4553527832031,595.0984954833984,1143.7987518310547,542.678689956665,1165.165786743164,512.5859785079956,1184.9918365478516,486.3600254058838,1135.0820922851562,623.3499240875244,1168.8257598876953,612.5512218475342,1149.0328979492188,643.4608268737793,1131.5266418457031,659.6005153656006,1147.2034454345703,656.7627382278442,1173.4127044677734,646.6169500350952,1153.546142578125,666.4828062057495,1134.9200439453125,678.1402444839478,55,1787812922.3843577
1054.588394165039,746.6996955871582,1052.1347045898438,698.9267635345459,1071.5409088134766,652.8985118865967,1121.0987854003906,631.0428857803345,1163.7096405029297,623.9556741714478,1061.9192504882812,605.437445640564,1090.1908874511719,547.1958303451538,1112.1397399902344,514.1406726837158,1131.655044555664,485.7666778564453,1091.398696899414,619.2891454696655,1117.6280975341797,562.2996711730957,1137.9051208496094,526.2869596481323,1156.0986328125,495.12170791625977,1116.3338470458984,644.3110656738281,1146.0313415527344,624.6757936477661,1127.3507690429688,656.1254024505615,1110.8097076416016,676.5836191177368,1132.4614715576172,674.9365711212158,1154.1520690917969,655.7711362838745,1134.364242553711,676.9056558609009,1117.0832061767578,694.1925144195557,56,1787812922.4390254
1051.7735290527344,775.9410095214844,1031.9595336914062,736.446704864502,1036.4704132080078,687.6050519943237,1080.6309509277344,651.2351560592651,1123.1082916259766,630.0498676300049,1023.9862823486328,627.9126834869385,1041.2239074707031,565.0933742523193,1056.3098907470703,528.4712219238281,1069.0646362304688,496.40024185180664,1058.3829498291016,634.7951030731201,1073.232421875,573.1388854980469,1085.7471466064453,533.8613891601562,1097.0355987548828,499.6131420135498,1088.7454223632812,655.9083366394043,1105.5626678466797,637.0630502700806,1090.14892578125,672.8531169891357,1078.8471984863281,694.2565011978149,1110.6599426269531,685.522928237915,1121.3557434082031,666.9524717330933,1103.0952453613281,693.1984663009644,1090.5892181396484,711.8987846374512,57,1787812922.4811323
1041.203384399414,781.728401184082,1017.6535034179688,753.7314605712891,1015.5956268310547,710.8168029785156,1051.4228820800781,671.9354152679443,1085.389633178711,646.7365550994873,994.7261047363281,647.805233001709,996.4733123779297,581.9210386276245,1000.9014129638672,544.0521955490112,1004.1238403320312,510.42901039123535,1027.7498626708984,643.7687015533447,1027.6265716552734,583.8699102401733,1031.8476104736328,546.2559843063354,1034.8924255371094,513.6121273040771,1058.9555358886719,654.9886178970337,1077.8909301757812,640.5674314498901,1073.637466430664,676.9177579879761,1066.1617279052734,698.5265350341797,1083.6666870117188,674.9911594390869,1097.7546691894531,667.840518951416,1088.7267303466797,692.5349521636963,1081.019058227539,709.218807220459,58,1787812922.5281217
1036.4997100830078,788.073263168335,1013.2301330566406,756.2114524841309,1011.7958831787109,713.0211067199707,1049.8749542236328,674.5231246948242,1082.4679565429688,646.7443227767944,993.43017578125,657.4359941482544,995.0601959228516,593.0510473251343,998.6034393310547,554.396595954895,1001.0502624511719,521.6959190368652,1028.5140228271484,655.9452867507935,1025.6321716308594,594.8865795135498,1027.3780822753906,558.8326263427734,1028.8605499267578,529.0640544891357,1060.9767150878906,670.7359743118286,1076.7356872558594,650.8876276016235,1073.1526184082031,683.1524133682251,1067.0418548583984,704.8990774154663,1086.6991424560547,696.3947582244873,1098.1863403320312,683.8548946380615,1088.6758422851562,707.0528697967529,1079.2533111572266,725.2123260498047,59,1787812922.5776784
1037.0664978027344,774.9961853027344,1025.0757598876953,739.2430686950684,1032.6062774658203,698.2041549682617,1070.5601501464844,666.714677810669,1103.0630493164062,649.7023916244507,1010.7432556152344,649.3943452835083,1015.5216217041016,586.0108280181885,1020.887451171875,548.5032892227173,1025.7796478271484,517.3559331893921,1040.9098815917969,648.8417673110962,1044.3478393554688,591.3782501220703,1049.3546295166016,552.5555276870728,1054.8807525634766,521.0009479522705,1069.5555114746094,660.7523202896118,1092.6516723632812,642.4756622314453,1088.1531524658203,670.0841760635376,1080.4935455322266,689.1858386993408,1092.7234649658203,680.1149940490723,1108.6898040771484,667.1765327453613,1102.0166778564453,682.0084190368652,1094.792251586914,695.6536960601807,60,1787812922.6225686
1016.2897491455078,772.2890853881836,1007.9322814941406,740.1209449768066,1018.2363128662109,703.5172462463379,1062.9781341552734,677.4952268600464,1102.855224609375,659.0901231765747,1010.0798797607422,654.1803073883057,1026.600341796875,595.0189733505249,1041.5022277832031,561.9568204879761,1055.6344604492188,535.1464033126831,1038.4119415283203,655.6689977645874,1055.4312896728516,600.9343385696411,1069.7063446044922,567.7918481826782,1082.8303527832031,541.6367483139038,1062.3580169677734,670.0009202957153,1087.3754119873047,661.276445388794,1078.113784790039,689.9105930328369,1068.5508728027344,707.2010135650635,1079.9240112304688,692.291407585144,1100.4102325439453,678.9841318130493,1093.4345245361328,695.6640386581421,1084.920654296875,709.8796606063843,61,1787812922.6745481
1003.2430267333984,787.501802444458,984.7751617431641,756.0048580169678,988.994140625,714.3225145339966,1022.56591796875,676.2784910202026,1052.2478485107422,651.3816261291504,966.9798278808594,674.8481225967407,968.8343811035156,608.6605596542358,973.1085205078125,570.7784557342529,977.9103851318359,537.7601623535156,997.0516967773438,672.3603200912476,994.0878295898438,610.5177211761475,995.8641815185547,573.0008697509766,997.6042938232422,541.6161918640137,1026.0079956054688,683.844723701477,1046.6104888916016,667.6474857330322,1043.5411834716797,699.4334650039673,1036.337890625,721.5493297576904,1050.6272888183594,703.7734508514404,1068.4056091308594,697.1595525741577,1060.4473876953125,718.7394046783447,1049.9453735351562,735.0527286529541,62,1787812922.7200408
1000.9999084472656,778.2405853271484,971.6060638427734,755.7215309143066,961.2808227539062,713.0139827728271,990.1185607910156,672.491512298584,1019.0492248535156,642.879581451416,937.3399353027344,670.5486488342285,930.8261871337891,608.5873889923096,928.9524078369141,571.6311407089233,928.6328125,538.4827280044556,969.6018218994141,663.5485124588013,958.7327575683594,604.6959114074707,955.3607940673828,567.471399307251,953.6058807373047,532.1358919143677,1003.2719421386719,670.9974145889282,1013.4717559814453,646.644115447998,1013.0546569824219,685.5671310424805,1010.079345703125,710.8272314071655,1033.322525024414,688.5305643081665,1038.1073760986328,675.8991193771362,1032.3707580566406,705.1131820678711,1027.8267669677734,725.7534027099609,63,1787812922.7689006
1013.3413696289062,769.817590713501,980.5256652832031,740.1917552947998,969.7258758544922,691.5832185745239,1000.6678009033203,649.0876722335815,1030.7929229736328,621.9584369659424,950.2395629882812,647.7426624298096,941.1091613769531,591.3468360900879,937.8148651123047,554.5640516281128,936.0443115234375,523.3505630493164,983.1436920166016,647.0389795303345,971.1996459960938,588.2050466537476,966.1396026611328,553.1982278823853,963.0349731445312,521.465163230896,1017.0014953613281,660.081639289856,1027.3077392578125,628.0941295623779,1020.0292205810547,665.5293560028076,1011.9061279296875,691.6144609451294,1045.8721923828125,684.0956497192383,1047.2557067871094,655.7931089401245,1038.427734375,686.4957332611084,1029.7509765625,711.0357570648193,64,1787812922.8095412
1029.9220275878906,757.4608039855957,997.2312164306641,713.9696216583252,992.8759002685547,658.3470439910889,1033.3863830566406,619.7285985946655,1069.21875,597.4388408660889,982.4046325683594,623.4745931625366,978.0017852783203,566.4169692993164,978.6744689941406,529.0927219390869,980.3913879394531,497.9130506515503,1015.8567047119141,627.3214387893677,1010.7187652587891,566.728105545044,1004.6654510498047,528.3377552032471,1004.2189025878906,494.6465063095093,1049.9675750732422,644.8314571380615,1061.145248413086,608.128924369812,1045.449447631836,645.3002643585205,1035.271224975586,672.7436399459839,1078.7374114990234,671.9524097442627,1080.0537872314453,636.329197883606,1063.4722900390625,662.9628467559814,1051.8233489990234,687.9992294311523,65,1787812922.8403175
1027.3876190185547,740.2535533905029,1005.0215911865234,691.7617893218994,1012.2245025634766,635.3686666488647,1057.5152587890625,602.1319770812988,1095.7489776611328,586.2302112579346,1011.571044921875,603.4066486358643,1015.7935333251953,546.3226318359375,1021.9623565673828,511.6924810409546,1029.5172119140625,482.213716506958,1042.5080108642578,610.5356168746948,1046.6199493408203,550.5853700637817,1049.8262786865234,512.9020071029663,1057.4285888671875,480.56267738342285,1073.1209564208984,630.4145622253418,1088.2463073730469,593.9422273635864,1068.5225677490234,625.8458805084229,1054.25537109375,651.5547895431519,1098.4831237792969,658.7640953063965,1103.5174560546875,624.481258392334,1083.4406280517578,644.8779344558716,1068.011703491211,666.4612197875977,66,1787812922.8820846
1021.6278076171875,730.7805061340332,1003.6823272705078,677.2764873504639,1014.3547058105469,623.3980321884155,1059.7200012207031,591.2116098403931,1099.2208862304688,576.5194129943848,1014.2198181152344,593.598518371582,1024.4428253173828,537.6570796966553,1034.1749572753906,503.25313568115234,1044.9967956542969,473.48761081695557,1044.9836730957031,602.8319692611694,1055.9992218017578,542.2083377838135,1060.8305358886719,506.75116539001465,1070.8219146728516,475.0090026855469,1074.0443420410156,624.1257905960083,1092.616195678711,583.0099296569824,1066.1190795898438,614.551591873169,1049.1896057128906,641.4553070068359,1098.6862182617188,652.0825624465942,1103.119125366211,614.2726421356201,1081.9503021240234,633.7904119491577,1068.9643096923828,656.9297647476196,67,1787812922.9051282
1013.037109375,729.6738910675049,985.5558776855469,679.0892744064331,988.9189910888672,621.1575937271118,1030.162353515625,583.9533376693726,1068.707504272461,565.9081649780273,988.0336761474609,593.1057643890381,994.3476867675781,533.3839988708496,1002.0311737060547,497.16919898986816,1010.8087921142578,464.5668411254883,1019.1842651367188,597.3801326751709,1023.2064056396484,533.511757850647,1024.2953491210938,494.7780418395996,1030.14892578125,460.11746406555176,1048.928451538086,614.6762609481812,1066.0981750488281,570.6162357330322,1045.420913696289,604.3664503097534,1031.349105834961,632.2490644454956,1075.2627563476562,640.1049757003784,1077.5404357910156,603.2519388198853,1059.3885040283203,626.3209533691406,1048.5209655761719,649.7678375244141,68,1787812922.958273
1000.7000732421875,738.6487770080566,960.6201171875,691.3652515411377,951.5254974365234,633.6634254455566,982.7770233154297,587.446174621582,1016.798095703125,559.5160961151123,945.5977630615234,598.4420299530029,939.3348693847656,538.1357574462891,940.6648254394531,500.5560779571533,943.7229919433594,466.775221824646,976.5277099609375,598.1731653213501,967.0246124267578,531.8679714202881,960.4883575439453,494.02204513549805,958.6861419677734,461.2998676300049,1007.8879547119141,611.5166187286377,1014.2735290527344,566.257495880127,1001.7062377929688,606.0817337036133,995.1157379150391,636.3894939422607,1038.6418151855469,631.9248819351196,1034.5305633544922,594.5638132095337,1020.3391265869141,622.4222230911255,1013.0603790283203,646.9856786727905,69,1787812923.0012643
996.0090637207031,736.8056488037109,950.6057739257812,705.2903366088867,925.2477264404297,652.0926904678345,943.8471984863281,599.7926187515259,969.1439819335938,560.9883499145508,906.9954681396484,612.3169469833374,885.4566955566406,551.8121910095215,876.6007995605469,514.898042678833,871.0277557373047,481.50333881378174,937.4167633056641,604.7089147567749,910.7030487060547,539.6852588653564,895.0511932373047,502.47636795043945,886.0590362548828,469.8951244354248,971.0593414306641,610.3287649154663,965.9119415283203,569.4576501846313,964.3636322021484,610.7480478286743,965.4818725585938,641.0250806808472,1004.4959259033203,624.4214344024658,992.3195648193359,587.234902381897,985.5984497070312,618.1397008895874,984.2965698242188,645.8665752410889,70,1787812923.040597
985.8000183105469,724.1935157775879,940.2729034423828,694.8287773132324,916.5713500976562,641.6751194000244,934.2598724365234,586.914324760437,957.2982025146484,547.0318937301636,897.0980072021484,603.9912843704224,871.1763763427734,548.0202770233154,859.3362426757812,514.4046020507812,849.5161437988281,484.19726371765137,928.4584808349609,596.9729948043823,897.0836639404297,535.0558090209961,876.9910430908203,502.0711612701416,862.9999542236328,471.67280673980713,964.4833374023438,602.3250532150269,957.8209686279297,564.3853998184204,956.168212890625,608.2502460479736,957.2908782958984,638.7407398223877,999.1787719726562,615.6015586853027,985.478515625,584.730019569397,980.4936981201172,618.0481624603271,982.3770141601562,644.3854379653931,71,1787812923.0871012
994.4734954833984,717.7799463272095,951.827392578125,680.149884223938,932.913818359375,622.985143661499,954.5723724365234,570.7200908660889,983.1326293945312,536.7062902450562,927.0816802978516,593.374285697937,901.9590759277344,535.2606868743896,889.7958374023438,498.90791416168213,881.7167663574219,466.55038833618164,956.9720458984375,587.7423334121704,928.3320617675781,521.8409299850464,907.0237731933594,486.4836645126343,895.4682159423828,454.39526081085205,990.9925842285156,593.9325284957886,979.5204925537109,551.2085437774658,973.7210845947266,592.8680562973022,975.2627563476562,621.6353273391724,1025.4135131835938,609.347677230835,1007.7623748779297,569.0067386627197,998.2893371582031,599.8733854293823,998.9596557617188,626.1253881454468,72,1787812923.1317277
992.8167724609375,682.1442031860352,951.7900085449219,625.8605146408081,948.023681640625,562.3241329193115,988.1924438476562,516.4466857910156,1026.2699890136719,492.7984857559204,960.0074005126953,529.7855472564697,956.3321685791016,473.4912586212158,957.9074859619141,435.8921813964844,964.1382598876953,402.48666286468506,990.8481597900391,536.0387420654297,982.3384857177734,471.8855381011963,971.2471771240234,433.185510635376,970.6295013427734,398.70311737060547,1022.1738433837891,551.8496131896973,1022.3808288574219,507.001748085022,1000.7556915283203,545.0332403182983,992.2927856445312,577.8436517715454,1051.00830078125,572.7839756011963,1043.0476379394531,528.7741184234619,1024.295425415039,554.1444253921509,1016.8171691894531,583.0633592605591,73,1787812923.1741848
976.5185546875,691.4144325256348,929.6179962158203,647.6266193389893,910.8790588378906,590.3668642044067,931.1954498291016,534.9635410308838,962.1056365966797,495.849552154541,909.3752288818359,550.2537202835083,892.6486206054688,488.47630977630615,883.2698822021484,448.62597942352295,879.6211242675781,413.150053024292,940.7591247558594,546.4738655090332,917.1938323974609,477.54053592681885,896.8204498291016,440.21461486816406,885.9353637695312,410.1033639907837,974.5187377929688,555.7962799072266,967.7035522460938,508.077335357666,955.2527618408203,547.2568130493164,953.5767364501953,580.2742910385132,1007.9755401611328,571.0753011703491,994.288330078125,530.3307437896729,979.0625,559.9131917953491,974.9236297607422,588.9501428604126,74,1787812923.2225347
954.4809722900391,687.907862663269,903.9809417724609,649.9790668487549,880.2384948730469,593.0888986587524,895.5767059326172,537.2173690795898,918.0290985107422,496.00048542022705,871.8257904052734,559.159426689148,837.5136566162109,498.8679599761963,817.5851440429688,463.037166595459,803.8271331787109,430.1111841201782,902.3236083984375,549.9837398529053,865.2190399169922,481.69032096862793,839.7476959228516,445.7149028778076,824.2526245117188,412.871618270874,936.9496154785156,553.5610342025757,921.5151977539062,509.762921333313,914.9736785888672,551.5461587905884,916.7864227294922,582.0402145385742,971.8130493164062,564.2569541931152,951.2002563476562,526.4986610412598,941.7601013183594,560.3117036819458,942.8972625732422,588.4727954864502,75,1787812923.2801802
943.2281494140625,669.8766803741455,894.4333648681641,634.1175985336304,869.4910430908203,576.3095998764038,887.1072387695312,519.8702573776245,913.1594085693359,479.63677883148193,868.3620452880859,539.6725988388062,836.4893341064453,480.7430076599121,818.3800506591797,444.6251964569092,806.6896057128906,412.00700283050537,899.1625213623047,532.4445819854736,862.0216369628906,466.0029172897339,835.4496765136719,432.66584873199463,819.5191955566406,402.4955892562866,934.0591430664062,536.3991022109985,916.5769958496094,494.12405490875244,907.2589111328125,537.69287109375,907.9651641845703,570.0670480728149,967.4732208251953,547.096996307373,945.0904846191406,515.1356649398804,933.8833618164062,548.6707878112793,934.5643615722656,576.6865253448486,76,1787812923.3223186
941.3150787353516,632.632942199707,895.3791046142578,592.55859375,875.4833221435547,533.8315629959106,900.9780120849609,484.69096183776855,927.9734039306641,451.99788093566895,881.7503356933594,495.3685998916626,855.8329772949219,437.95186042785645,839.5705413818359,402.56489753723145,829.3827056884766,370.82955837249756,913.0126953125,493.17622661590576,882.5833892822266,429.0149116516113,859.6910095214844,396.3536739349365,847.2760009765625,367.32938289642334,947.4652099609375,501.9611692428589,931.7409515380859,467.4770164489746,918.5958862304688,509.87351417541504,916.3260650634766,539.8164510726929,980.3707122802734,517.8717756271362,956.8087005615234,488.9754581451416,944.0229797363281,522.4926853179932,943.4029388427734,548.0087327957153,77,1787812923.368291
943.2473754882812,595.8039379119873,901.4189910888672,545.5594253540039,889.4685363769531,489.6775960922241,919.6529388427734,446.0488700866699,950.1445770263672,418.29607486724854,904.3473815917969,458.2448959350586,885.1654052734375,399.5991897583008,872.3922729492188,362.5056982040405,865.8451080322266,328.6637306213379,933.7802124023438,458.48230361938477,913.0009460449219,393.94196033477783,892.2306823730469,358.0271816253662,881.3437652587891,326.74869775772095,965.6756591796875,469.33868408203125,953.6300659179688,428.23848724365234,936.3121032714844,467.3009777069092,930.8854675292969,498.7486982345581,996.28662109375,487.39887714385986,976.6681671142578,453.99842262268066,959.8347473144531,483.1786251068115,955.2251434326172,509.21210289001465,78,1787812923.4316578
938.8488006591797,562.9738283157349,899.7718811035156,509.0953731536865,894.6601867675781,451.9641065597534,930.2139282226562,411.96953773498535,963.3435821533203,387.07374572753906,910.858154296875,428.1181526184082,896.590576171875,367.54743576049805,888.2879638671875,330.13877391815186,886.0995483398438,297.30969429016113,942.0375061035156,428.823938369751,930.3289794921875,361.3255262374878,915.4712677001953,321.30529403686523,909.3482971191406,287.4214839935303,973.4937286376953,441.0928773880005,963.2878875732422,395.43253898620605,942.1417236328125,431.62764072418213,934.9437713623047,463.64407539367676,1002.5312805175781,459.30335998535156,983.8555908203125,419.6270513534546,963.2315063476562,446.9474744796753,956.0323333740234,475.67522048950195,79,1787812923.4732134
900.6761932373047,571.5556526184082,846.0176849365234,526.7106199264526,828.7074279785156,474.4030809402466,829.0724945068359,426.5399408340454,830.9103393554688,388.72517108917236,860.2998352050781,444.1019296646118,839.2809295654297,396.9165515899658,827.9926300048828,391.4774179458618,825.936279296875,393.63773345947266,871.4830017089844,440.5003023147583,851.2384796142578,385.3894901275635,831.5473937988281,372.4001741409302,821.6449737548828,370.67986965179443,886.3791656494141,439.96785163879395,852.0298767089844,399.064679145813,832.7724456787109,429.32390213012695,831.9237518310547,464.3221378326416,902.1935272216797,440.99035263061523,865.7783508300781,404.99223232269287,843.4589385986328,431.7992162704468,838.1890106201172,466.50790214538574,80,1787812923.5161195
857.5685119628906,552.964768409729,800.5766296386719,520.5567312240601,769.9383544921875,473.82840156555176,774.859619140625,421.8380069732666,793.1759643554688,380.8826494216919,775.4502868652344,448.08516025543213,737.9229736328125,405.1103353500366,709.4764709472656,379.4957113265991,690.98876953125,354.91822242736816,798.4559631347656,435.294885635376,756.7691040039062,384.16829109191895,718.5923004150391,358.4955596923828,693.9381408691406,339.1419839859009,827.0331573486328,431.4506149291992,803.0294036865234,390.57692527770996,798.16162109375,427.80014991760254,804.0126037597656,459.20122146606445,859.2703247070312,431.7388343811035,829.9768829345703,398.1959009170532,820.6010437011719,430.6815719604492,822.8323364257812,460.69772243499756,81,1787812923.5576077
858.4432983398438,517.5200414657593,803.1304168701172,483.5727596282959,776.5640258789062,439.2393636703491,786.3144683837891,389.9766254425049,806.9569396972656,354.6755361557007,780.7209014892578,421.36563777923584,744.0087127685547,377.82759189605713,719.9880218505859,351.0330533981323,703.1948852539062,324.8413896560669,803.1566619873047,408.26568603515625,762.8929138183594,359.7178101539612,730.7464599609375,335.3295135498047,710.2178955078125,313.0788516998291,830.8993530273438,404.247350692749,808.2759094238281,366.0934638977051,807.7049255371094,401.7536687850952,815.7037353515625,431.28448963165283,861.0950469970703,404.95631217956543,836.4502716064453,371.9587469100952,830.2862548828125,399.297194480896,834.6468353271484,427.3072671890259,82,1787812923.6077478
867.9507446289062,477.3252296447754,814.8155975341797,439.84979152679443,793.3872222900391,395.8832788467407,807.2625732421875,350.4616355895996,827.8652191162109,318.83508682250977,803.0434417724609,375.24593353271484,770.794677734375,331.1850929260254,749.7055053710938,302.1974515914917,734.6572113037109,274.8941731452942,826.4025115966797,365.68233489990234,793.7793731689453,317.8011703491211,762.4137878417969,292.2035837173462,742.1430969238281,269.766583442688,854.8929595947266,364.09515380859375,836.6822814941406,328.64506244659424,830.5995178222656,362.8575611114502,835.6165313720703,393.1422758102417,885.5511474609375,368.2286310195923,865.4292297363281,335.1277256011963,853.4445190429688,361.04228496551514,852.957763671875,389.73488330841064,83,1787812923.6541986
880.4842376708984,439.66392517089844,830.7034301757812,397.38012313842773,814.5304870605469,351.9559693336487,833.9046478271484,305.7772994041443,860.9903717041016,275.0537967681885,826.4061737060547,337.852098941803,801.7194366455078,293.50338220596313,784.56787109375,263.21353912353516,773.1646728515625,233.42029094696045,850.3414916992188,329.5233464241028,824.8828125,279.94224071502686,797.0926666259766,251.0075569152832,779.8158264160156,225.93626260757446,879.1370391845703,329.59516525268555,865.0987243652344,287.44654655456543,854.9514770507812,319.267373085022,856.5566253662109,349.7302508354187,910.1287841796875,334.0750551223755,890.8551025390625,297.6375460624695,877.6789855957031,323.5826826095581,876.8321228027344,353.1880474090576,84,1787812923.6904738
886.4128875732422,407.7423334121704,839.9281311035156,363.68127822875977,829.1082763671875,315.87860584259033,855.3656005859375,272.6784324645996,883.22021484375,246.42226696014404,846.6810607910156,305.82197427749634,827.6305389404297,261.2743020057678,814.1323852539062,229.83368396759033,806.7769622802734,200.05601406097412,871.5346527099609,300.48746824264526,851.0984039306641,251.47574186325073,826.5850067138672,219.5606517791748,811.7462158203125,193.45269441604614,899.6006774902344,303.2504653930664,885.7557678222656,260.80023765563965,871.8627166748047,290.82520723342896,869.9858856201172,323.2645297050476,930.0892639160156,307.79356956481934,911.7198181152344,270.8249616622925,895.3351593017578,295.3614664077759,891.3300323486328,327.1817994117737,85,1787812923.7426693
875.9115600585938,396.75703525543213,830.6654357910156,355.88669300079346,822.5370788574219,310.32424449920654,850.0447082519531,268.93100023269653,878.8735198974609,242.82089710235596,841.2374877929688,297.7474522590637,826.5677642822266,254.66413736343384,815.0709533691406,223.12086582183838,810.2259063720703,193.13700914382935,866.9102478027344,291.80095195770264,848.1912994384766,243.28575611114502,829.4785308837891,210.44817924499512,819.9134826660156,183.24648141860962,894.7885131835938,294.7537851333618,884.1056060791016,254.97735500335693,870.5860900878906,285.98472118377686,867.059326171875,318.7409734725952,925.1235198974609,299.61853981018066,908.0474090576172,264.20893907546997,890.6011199951172,288.42188358306885,882.4407196044922,319.9252223968506,86,1787812923.78621
863.1428527832031,409.026575088501,814.266357421875,373.1600761413574,798.9196014404297,330.48896312713623,817.0112609863281,284.59357738494873,842.2036743164062,252.19511032104492,813.1317138671875,313.8733649253845,796.5812683105469,270.7203769683838,780.9836578369141,238.74977588653564,771.746826171875,209.36572551727295,838.6974334716797,305.2656626701355,816.7129516601562,257.96331882476807,790.6092071533203,226.89370393753052,773.9585113525391,203.11572790145874,866.8906402587891,305.6573510169983,852.9389953613281,269.10163164138794,844.1201019287109,300.7318711280823,846.5287017822266,333.0833673477173,898.0257415771484,307.95993089675903,877.1591186523438,275.19179105758667,863.5420989990234,300.950288772583,861.7377471923828,332.1460747718811,87,1787812923.8378127
865.7155609130859,407.6693344116211,815.0205230712891,382.61608600616455,783.62060546875,343.48769903182983,789.4818878173828,296.8964195251465,811.3336944580078,264.9491858482361,780.9772491455078,323.65012407302856,749.8561859130859,286.16294860839844,727.3713684082031,262.95063972473145,710.9629058837891,241.57542943954468,804.5639038085938,313.7901306152344,771.4353179931641,274.08573389053345,738.0786895751953,255.74474573135376,714.1600799560547,239.11466360092163,832.7199554443359,312.1364092826843,815.9854888916016,282.8511714935303,814.9272918701172,313.97262811660767,823.2773590087891,337.6220941543579,863.3042907714844,313.69704723358154,843.8999938964844,286.7776894569397,838.8532257080078,312.022705078125,844.0730285644531,336.05604887008667,88,1787812923.8742216
878.0264282226562,385.89855194091797,825.8487701416016,352.66139030456543,806.4276123046875,309.99894618988037,823.594970703125,265.6606149673462,845.8802032470703,238.94521236419678,805.3138732910156,299.22895431518555,778.4228515625,261.49829864501953,761.6094970703125,235.48872470855713,749.2762756347656,212.1633768081665,829.5925140380859,290.6813335418701,800.7921600341797,248.65146160125732,776.077880859375,223.98625373840332,761.1418151855469,202.35226392745972,859.1892242431641,289.88070487976074,847.9140472412109,259.16799545288086,845.6615447998047,289.0194582939148,850.8657836914062,314.8606324195862,889.2723083496094,293.6811590194702,875.802001953125,263.7635636329651,868.1256103515625,287.160108089447,867.9220581054688,313.5780644416809,89,1787812923.9169188
894.1001129150391,373.08613300323486,845.1612091064453,340.64125299453735,828.9838409423828,296.9702982902527,850.1507568359375,254.51065063476562,877.2769927978516,231.5661334991455,837.1643829345703,288.70407342910767,814.1623687744141,250.01859426498413,799.9818420410156,222.2408652305603,790.8123779296875,196.48640155792236,860.2117919921875,280.48067808151245,835.3112030029297,235.07517099380493,814.8829650878906,206.38049125671387,804.0409851074219,180.87193250656128,888.5918426513672,280.2343225479126,880.0343322753906,244.65481996536255,874.368896484375,274.91522312164307,876.8000793457031,303.243727684021,917.7764892578125,284.57892179489136,905.4985809326172,253.56966733932495,893.4877014160156,276.78813457489014,888.9236450195312,305.08490324020386,90,1787812923.9613168
895.3319549560547,374.66009616851807,851.5452575683594,338.4678268432617,840.9416961669922,292.6802444458008,866.607666015625,250.92164039611816,893.8978576660156,227.83955812454224,852.6897430419922,288.07356119155884,834.1012573242188,248.7040114402771,822.0615386962891,220.07181644439697,815.7768249511719,193.3977198600769,876.9329833984375,279.8138380050659,855.4679870605469,234.90368127822876,837.3841857910156,204.2506456375122,829.3753051757812,177.339506149292,904.5751953125,280.5396866798401,894.4924926757812,243.85552167892456,883.5533905029297,275.79558849334717,883.3914184570312,308.23675632476807,933.8124084472656,283.87547492980957,919.1898345947266,251.15389823913574,903.8182067871094,272.8588914871216,897.6187896728516,302.2775101661682,91,1787812924.013478
887.2506713867188,384.48826789855957,845.0907897949219,347.0363473892212,837.7373504638672,305.87029695510864,861.6568756103516,268.1960105895996,887.2109985351562,244.41264867782593,854.3814086914062,296.17027044296265,839.1967010498047,258.59132051467896,826.4689636230469,230.79996585845947,819.1114807128906,204.11762952804565,878.3369445800781,289.61108922958374,859.7416687011719,245.70461511611938,841.2954711914062,215.91952085494995,830.108642578125,191.45843982696533,905.0404357910156,291.5500044822693,893.2747650146484,254.3380880355835,881.4753723144531,281.7248797416687,877.5482177734375,311.28610610961914,934.5743560791016,295.8079147338867,917.0643615722656,264.3651294708252,902.3992156982422,286.8785619735718,895.4173278808594,315.8393168449402,92,1787812924.0512462
875.6082916259766,404.04255867004395,833.6498260498047,369.28842544555664,821.2651062011719,329.8307704925537,841.5137481689453,290.6630516052246,865.7974243164062,263.7878108024597,837.9627990722656,314.85490322113037,824.3171691894531,277.1860456466675,811.1592864990234,247.96863555908203,803.0393981933594,220.5631971359253,862.0747375488281,308.1524705886841,844.1598510742188,267.2141933441162,819.5005798339844,238.32568645477295,802.4949645996094,215.4829216003418,888.3074188232422,309.26552295684814,876.2532806396484,275.7193064689636,864.8989868164062,305.9737229347229,863.0258941650391,337.7666974067688,917.2200012207031,313.2820987701416,898.0579376220703,282.1300435066223,884.0110015869141,305.3473949432373,879.9522399902344,334.98237133026123,93,1787812924.0970962
877.7794647216797,418.5729646682739,831.1244964599609,395.9914255142212,807.1485900878906,352.1203351020813,817.022705078125,306.1971616744995,837.2105407714844,274.7535181045532,810.6133270263672,335.17802238464355,787.1855926513672,294.30001974105835,769.6772766113281,267.866313457489,757.7438354492188,243.28951120376587,834.4430541992188,325.0103688240051,808.270263671875,284.5620131492615,778.4051513671875,260.88162660598755,757.4285888671875,241.86328411102295,861.5909576416016,322.51782417297363,844.5499420166016,291.38437271118164,839.9867248535156,322.4762177467346,846.0010528564453,350.42569398880005,891.5755462646484,322.32781648635864,871.9002532958984,294.1184663772583,862.2456359863281,319.194974899292,864.3415832519531,346.9232654571533,94,1787812924.1471453
883.4124755859375,414.541540145874,830.9620666503906,399.00622844696045,798.0906677246094,359.51902627944946,802.2341918945312,311.05766773223877,814.989013671875,275.84846019744873,781.5764617919922,350.3669214248657,747.2506713867188,312.8690814971924,727.5350952148438,289.2071485519409,711.4713287353516,267.96435356140137,805.4250335693359,335.11118173599243,769.7184753417969,294.7271132469177,746.2017059326172,272.48406887054443,727.3802947998047,253.4173822402954,834.5633697509766,329.24147844314575,823.71826171875,298.04996252059937,832.19970703125,330.3856658935547,839.7975158691406,354.2780113220215,864.3568420410156,326.97177171707153,850.8799743652344,300.01136541366577,850.7640075683594,326.2200665473938,853.4737396240234,349.2598342895508,95,1787812924.191372
922.9981231689453,403.466420173645,868.2660675048828,358.7855815887451,853.9286804199219,299.1487669944763,872.5424194335938,251.1910843849182,901.2168884277344,229.60241317749023,856.1711883544922,283.00180435180664,848.8951110839844,229.39165592193604,843.1137847900391,195.6141471862793,841.9078063964844,166.93868279457092,881.1962127685547,280.88504791259766,877.9637908935547,227.18464851379395,864.7312927246094,193.21616649627686,859.5698547363281,166.93803906440735,909.7166442871094,285.68517208099365,909.439697265625,238.33242416381836,897.9628753662109,256.188383102417,895.2197265625,277.6920819282532,934.0138244628906,293.69553565979004,926.0696411132812,256.95806980133057,916.048583984375,268.8944149017334,912.8848266601562,288.2902193069458,96,1787812924.2438328
924.1032409667969,382.7239751815796,882.4925231933594,337.29881286621094,874.3766021728516,280.99141359329224,904.1384124755859,236.53079509735107,934.6250915527344,211.76522970199585,889.3363952636719,260.7221746444702,880.2529144287109,215.97631931304932,877.7723693847656,185.9830641746521,879.0812683105469,157.63954997062683,914.9391937255859,259.4733166694641,903.1239318847656,205.97923278808594,890.718994140625,171.88109278678894,885.3129577636719,143.11700820922852,943.31298828125,267.4248218536377,936.1727905273438,226.14502429962158,917.2237396240234,256.63787841796875,908.1874847412109,286.05714082717896,971.070556640625,280.3105401992798,955.6076049804688,245.06936073303223,938.9254760742188,269.1318655014038,931.3214874267578,296.9698691368103,97,1787812924.3091717
921.0828399658203,389.06651973724365,877.1894073486328,347.6112413406372,868.6183166503906,298.8609552383423,894.4725036621094,256.83093309402466,924.4418334960938,231.63947582244873,883.0548095703125,282.21617460250854,872.6020812988281,234.175386428833,866.1527252197266,201.13031387329102,864.8406982421875,171.36729955673218,907.2624206542969,278.38698863983154,891.6841125488281,223.29759120941162,875.8364868164062,188.9875888824463,868.2912445068359,162.9696249961853,933.8454437255859,281.48569107055664,927.6775360107422,237.57378816604614,911.9170379638672,265.7641911506653,904.9712371826172,297.01216220855713,961.7947387695312,287.6720666885376,947.4214172363281,251.4762783050537,930.7394409179688,274.80849266052246,922.6128387451172,305.2279829978943,98,1787812924.3534157
909.5085144042969,405.15870094299316,863.0301666259766,370.235652923584,846.1123657226562,321.0235548019409,865.3035736083984,275.2445125579834,893.2972717285156,247.43661403656006,852.774658203125,303.4996747970581,833.7006378173828,257.06613063812256,821.6785430908203,226.18969917297363,816.4269256591797,197.6776671409607,878.5079956054688,295.1963710784912,855.7117462158203,244.15886878967285,833.4925842285156,213.38659286499023,820.9226989746094,189.15847778320312,907.1818542480469,295.4887104034424,895.8690643310547,257.5606870651245,885.3294372558594,289.82017278671265,885.1148986816406,321.51506423950195,937.9875946044922,299.37424421310425,920.6420135498047,265.3843688964844,906.1692047119141,290.6260585784912,901.8232727050781,320.4606556892395,99,1787812924.4035287
911.9847869873047,426.1857604980469,856.9456481933594,400.6284713745117,826.5603637695312,352.72117137908936,834.9066162109375,299.89519357681274,857.4939727783203,264.5503091812134,820.8208465576172,333.0391216278076,789.4066619873047,285.94905853271484,770.5012512207031,255.5888557434082,758.1056976318359,226.2985324859619,846.6981506347656,319.6991229057312,812.4204254150391,270.9724831581116,784.4197082519531,242.9125213623047,767.3197937011719,219.59352493286133,876.4491271972656,315.7864451408386,861.6568756103516,280.1367115974426,858.5555267333984,316.47997856140137,864.4687652587891,348.1908130645752,908.3805084228516,315.8200693130493,890.3026580810547,284.5588159561157,881.3245391845703,311.7822504043579,882.0586395263672,339.6160697937012,100,1787812924.4491103
961.0835266113281,412.13656425476074,910.5160522460938,378.5502862930298,885.5257415771484,330.4427218437195,901.8518829345703,283.1089210510254,924.8131561279297,252.7960753440857,871.1510467529297,312.03566551208496,845.5933380126953,264.510440826416,830.9133148193359,234.10961866378784,819.3412017822266,207.63861894607544,899.8536682128906,302.4915933609009,870.2720642089844,250.53900718688965,848.2671356201172,222.09248542785645,835.0527954101562,195.16353607177734,934.4400024414062,303.40466022491455,928.8578033447266,269.4241189956665,927.559814453125,303.65889072418213,931.7890167236328,329.1899585723877,968.4552001953125,311.66691541671753,958.4005737304688,281.29308700561523,951.8798828125,307.77912855148315,950.9468078613281,332.97549962997437,101,1787812924.5016682
988.0180358886719,409.95646476745605,941.3843536376953,367.3869323730469,925.6785583496094,313.94087076187134,948.6643981933594,267.56880283355713,976.3207244873047,241.38997077941895,920.9505462646484,295.5643701553345,903.0580139160156,247.96427965164185,893.5308837890625,216.50550842285156,887.8060150146484,188.7279510498047,949.3714141845703,292.48034477233887,927.2691345214844,240.8538293838501,907.8012084960938,210.35406589508057,897.2669219970703,182.389075756073,981.3257598876953,298.1668424606323,975.447998046875,262.74786472320557,966.9811248779297,294.7451591491699,966.8978881835938,321.6282534599304,1012.5839233398438,309.60137844085693,1003.1935882568359,275.89266300201416,989.5653533935547,299.5309281349182,983.3623504638672,326.3224411010742,102,1787812924.5567453
1004.2428588867188,407.89472579956055,960.2959442138672,363.15414905548096,952.6564788818359,308.0225872993469,982.5716400146484,265.8916711807251,1017.0075988769531,247.49176025390625,962.5986480712891,295.1484775543213,949.3046569824219,249.46882724761963,942.1581268310547,219.7758936882019,939.8461151123047,191.52221202850342,989.7320556640625,291.81174516677856,974.5153045654297,240.77941417694092,959.1246032714844,207.88330078125,951.7098999023438,178.90881299972534,1020.2873992919922,297.94836044311523,1014.5110321044922,254.7576928138733,999.6142578125,284.3769407272339,993.4965515136719,313.84270191192627,1050.6771850585938,309.4263482093811,1037.3783111572266,273.8505792617798,1019.9325561523438,298.220272064209,1011.0878753662109,327.7470803260803,103,1787812924.6022167
1011.9205474853516,401.1919069290161,973.8005065917969,355.8244228363037,971.4501953125,303.7999963760376,1006.3534545898438,267.9706406593323,1041.6680145263672,257.0281720161438,991.3156127929688,295.2153182029724,983.3220672607422,250.37959814071655,979.16259765625,219.93925094604492,980.7089233398438,191.9313669204712,1016.5303802490234,295.00471115112305,1005.8761596679688,242.73706197738647,994.9744415283203,207.6870059967041,992.4131774902344,180.03023386001587,1043.847427368164,303.27527046203613,1038.731689453125,263.0580997467041,1016.1554718017578,287.73176193237305,1003.8495635986328,315.34512519836426,1071.6694641113281,315.59240341186523,1057.9704284667969,280.89511156082153,1038.3493041992188,301.8010425567627,1028.0290985107422,328.8091492652893,104,1787812924.6448057
1008.6800384521484,403.0190706253052,971.9515991210938,359.7901654243469,971.9004821777344,309.472975730896,1005.6242370605469,275.44679403305054,1038.8484954833984,261.9989490509033,991.5751647949219,300.2270579338074,987.4129486083984,255.04374504089355,986.090087890625,224.24902439117432,989.6475219726562,195.66620349884033,1017.0185089111328,299.9814748764038,1010.1626586914062,248.12617778778076,1001.6789245605469,213.72663259506226,999.6266174316406,186.107497215271,1043.8993072509766,308.29928398132324,1040.6559753417969,266.53568029403687,1019.7801208496094,291.8913531303406,1006.8843841552734,320.109007358551,1072.399673461914,320.40844917297363,1059.3946075439453,284.84538316726685,1039.5555114746094,305.58048963546753,1026.8771362304688,333.35798263549805,105,1787812924.681874
1010.5699157714844,410.1621150970459,967.1128082275391,374.6022891998291,955.8073425292969,322.34442472457886,981.0813140869141,279.84793424606323,1013.3295440673828,262.55131244659424,962.064208984375,306.49317026138306,952.1337890625,258.4570813179016,947.2357940673828,227.49447584152222,947.4382019042969,199.00497436523438,989.3103790283203,302.9692840576172,975.1137542724609,252.52341270446777,961.1672973632812,221.5473747253418,953.9725494384766,196.99413299560547,1017.2402954101562,309.3873381614685,1015.3194427490234,269.55207109451294,1002.5445556640625,301.62590503692627,998.0739593505859,333.19127798080444,1047.059326171875,319.66970443725586,1036.4202117919922,286.70923948287964,1019.6607208251953,309.1990041732788,1011.3963317871094,336.4202070236206,106,1787812924.7258167
1020.9046936035156,417.9599189758301,967.0037078857422,392.46331214904785,941.3062286376953,340.3873872756958,951.1255645751953,287.9125642776489,972.7082824707031,257.30265855789185,921.5359497070312,328.37398767471313,894.0578460693359,276.65565490722656,880.8104705810547,244.9139642715454,871.7085266113281,216.60361289978027,948.3224487304688,316.97768926620483,918.2685089111328,264.49805974960327,899.0270233154297,233.39136600494385,883.5723876953125,210.15116214752197,977.58544921875,316.1940550804138,975.806884765625,277.10429191589355,979.2052459716797,308.74903678894043,982.5826263427734,336.66276454925537,1006.4125061035156,318.24618101119995,998.6815643310547,288.00843715667725,994.8258209228516,312.70164728164673,993.7720489501953,337.062885761261,107,1787812924.7776568
1016.0044860839844,419.20472145080566,966.0418701171875,395.10385036468506,935.0703430175781,349.13156032562256,938.6306762695312,298.8122248649597,945.2580261230469,258.8803768157959,892.5070953369141,331.0077667236328,856.092529296875,283.03442001342773,834.1874694824219,252.14444875717163,816.3759613037109,228.0422043800354,918.1512451171875,315.24611949920654,882.9528045654297,270.463228225708,857.3786926269531,240.189049243927,836.7337036132812,215.43738842010498,949.5829010009766,312.34830379486084,947.1864318847656,281.57203674316406,963.712158203125,312.5051164627075,972.333984375,334.252724647522,977.8874969482422,316.2921380996704,969.853515625,288.025860786438,977.8398895263672,311.3088083267212,984.1463470458984,332.38481283187866,108,1787812924.8296862
1087.7838134765625,350.15665769577026,1051.2189483642578,309.269278049469,1049.6543884277344,262.14383125305176,1082.5587463378906,227.48647212982178,1116.2913513183594,218.35082530975342,1054.8497772216797,250.16405582427979,1047.0033264160156,210.5109429359436,1044.3545532226562,183.8649344444275,1046.4336395263672,160.1283824443817,1084.452133178711,252.4801754951477,1076.4311218261719,209.18947219848633,1070.7832336425781,181.23491048812866,1070.1316833496094,157.65947341918945,1113.067398071289,264.4998621940613,1115.0517272949219,232.2072672843933,1100.2204895019531,261.4975905418396,1092.0784759521484,291.0031771659851,1141.192855834961,279.66140270233154,1135.1173400878906,248.78939151763916,1117.206802368164,268.8236904144287,1104.7669982910156,295.2612590789795,109,1787812924.9346187
1087.1444702148438,354.60843801498413,1050.8037567138672,309.9034595489502,1048.0268859863281,261.9991207122803,1079.4386291503906,226.33488178253174,1109.1136932373047,216.68416500091553,1044.4105529785156,251.59043312072754,1036.5113067626953,209.89736080169678,1034.55078125,181.9776463508606,1036.4986419677734,157.87553071975708,1073.4394073486328,252.14080095291138,1065.9547424316406,207.97874450683594,1061.8145751953125,178.94612789154053,1062.4592590332031,154.7163712978363,1103.532485961914,263.8429355621338,1107.3302459716797,229.35803174972534,1093.7901306152344,257.64259099960327,1087.127685546875,286.08237504959106,1132.0372009277344,279.548921585083,1129.1429901123047,249.16436433792114,1112.4543762207031,268.24090003967285,1100.8118438720703,293.4892416000366,110,1787812924.9755359
1088.7187957763672,370.39825916290283,1040.9439849853516,337.8586006164551,1025.2534484863281,282.41504430770874,1047.6763153076172,235.8182716369629,1077.2758483886719,215.91147422790527,1011.26953125,273.77700090408325,995.3314971923828,221.79707765579224,990.7860565185547,189.57314729690552,989.573974609375,160.74177145957947,1040.1689910888672,266.53733253479004,1024.4786071777344,214.55541372299194,1014.5571899414062,183.50478887557983,1008.525390625,156.0651683807373,1071.3059997558594,269.0245985984802,1075.88134765625,233.0117154121399,1073.1504821777344,269.2298412322998,1072.8718566894531,297.3773717880249,1101.8449401855469,276.51721000671387,1100.7787322998047,248.18402767181396,1091.3607788085938,274.3182706832886,1085.265121459961,297.8859615325928,111,1787812925.0164645
1083.9157104492188,387.70206928253174,1038.1848907470703,358.33239555358887,1018.7778472900391,300.594220161438,1028.8964080810547,250.41714906692505,1047.6002502441406,223.00422191619873,973.8189697265625,291.6097640991211,948.1697845458984,236.36735200881958,934.0401458740234,201.56835079193115,924.2127990722656,172.7721118927002,1000.91552734375,278.32265853881836,972.5538635253906,228.04301977157593,955.0290679931641,192.37421035766602,942.8181457519531,164.52844977378845,1033.7898254394531,274.8686170578003,1036.3739013671875,238.9608335494995,1051.8661499023438,270.4755449295044,1061.2770080566406,295.3931164741516,1064.3624877929688,276.17446660995483,1060.3211212158203,248.06229829788208,1065.5753326416016,272.69057750701904,1069.926528930664,296.2634611129761,112,1787812925.0635233
1076.066665649414,403.99852752685547,1035.1229858398438,369.3688488006592,1015.5091094970703,319.8422884941101,1021.7751312255859,271.6030168533325,1032.9396057128906,235.9272336959839,957.9385375976562,303.61170530319214,932.6812744140625,248.9117431640625,916.292724609375,214.5582675933838,904.024658203125,187.902410030365,984.5763397216797,289.4407367706299,956.3275909423828,238.10516595840454,936.9552612304688,203.68085861206055,922.0948791503906,176.06261372566223,1016.2503051757812,286.166467666626,1020.9796142578125,251.2594485282898,1040.5728912353516,281.1081004142761,1048.4611511230469,304.3110966682434,1045.1055145263672,291.6262435913086,1039.5067596435547,257.7200746536255,1050.6755065917969,279.2641353607178,1058.1485748291016,304.963903427124,113,1787812925.1127484
1090.8917999267578,404.8386812210083,1047.0501708984375,374.4152641296387,1023.5221862792969,322.55829334259033,1036.2898254394531,271.2678265571594,1051.7333221435547,238.84723663330078,980.0951385498047,302.3705291748047,952.3139953613281,248.37504386901855,939.1613006591797,215.66797256469727,929.2604827880859,188.94471645355225,1007.2739410400391,289.9220323562622,975.1071929931641,238.01356315612793,956.9048309326172,205.232892036438,946.1888885498047,180.086088180542,1039.9411010742188,288.33096742630005,1042.3217010498047,255.44650554656982,1056.026611328125,284.3835711479187,1063.6952209472656,306.9049000740051,1072.4105072021484,294.1588068008423,1061.588134765625,265.06123781204224,1070.2154541015625,286.74402236938477,1080.8909606933594,309.5681619644165,114,1787812925.1759245
1090.2887725830078,416.09365940093994,1081.7928314208984,386.302170753479,1088.3387756347656,345.70361137390137,1121.0102081298828,314.62204456329346,1149.8260498046875,295.3258681297302,1080.649185180664,308.63035440444946,1093.694076538086,266.8175268173218,1105.3839111328125,245.54752349853516,1115.3236389160156,228.93001556396484,1090.8341217041016,313.61979961395264,1108.238525390625,273.3747124671936,1119.5765686035156,248.54754209518433,1127.5639343261719,224.06180620193481,1103.692398071289,322.5553321838379,1135.1776123046875,299.5646810531616,1151.9681549072266,306.971697807312,1162.3690032958984,310.78094959259033,1117.7482604980469,330.65626859664917,1145.7830810546875,318.83517265319824,1154.8921966552734,324.83201265335083,1159.6244049072266,331.11518383026123,115,1787812925.2168589
1134.9486541748047,448.58293533325195,1092.794189453125,409.4443988800049,1088.335952758789,357.19157695770264,1121.9322204589844,318.57881784439087,1151.4727020263672,302.1022439002991,1078.4423828125,340.7310748100281,1073.4061431884766,290.23473501205444,1075.4571533203125,257.6696705818176,1078.9595794677734,229.18503999710083,1109.7952270507812,341.82899951934814,1105.0138092041016,288.5654139518738,1102.332534790039,255.37882804870605,1103.1364440917969,226.30192279815674,1140.3124237060547,352.298583984375,1150.1517486572266,319.8127841949463,1137.5909423828125,354.14748430252075,1129.737319946289,379.44631576538086,1169.5808410644531,367.66785621643066,1172.8398132324219,339.86512899398804,1156.3082885742188,364.6116828918457,1143.1657409667969,388.0042791366577,116,1787812925.2662601
1134.2436981201172,480.6849002838135,1088.3673858642578,445.37827491760254,1074.2717742919922,388.15096378326416,1095.9101104736328,340.6972575187683,1121.3410186767578,314.3360996246338,1037.6580047607422,369.16032314300537,1026.3153076171875,311.89026832580566,1021.9517517089844,273.9995813369751,1019.3439483642578,242.55836248397827,1068.3696746826172,363.12252044677734,1056.0405731201172,306.50615215301514,1049.7513580322266,268.0075693130493,1045.4468536376953,235.22440910339355,1102.2551727294922,367.1332597732544,1114.200439453125,332.0871090888977,1118.2261657714844,368.60607147216797,1118.297119140625,394.15340423583984,1132.105484008789,375.72722911834717,1136.1738586425781,348.388352394104,1133.6201477050781,378.71246337890625,1130.174331665039,401.76044940948486,117,1787812925.3118534
1137.2721099853516,514.6035575866699,1092.8153991699219,484.52796936035156,1069.017562866211,429.64027404785156,1077.9789733886719,372.67594814300537,1089.3970489501953,332.02393770217896,1010.7416534423828,404.2865324020386,986.8551635742188,344.2156934738159,973.741455078125,303.9498996734619,963.4242248535156,270.74288606643677,1039.4010162353516,389.5491027832031,1012.84423828125,332.60509729385376,994.1777801513672,294.4577121734619,979.8893737792969,260.8287763595581,1072.9306030273438,387.4624300003052,1079.1332244873047,348.84121656417847,1094.507064819336,388.48209857940674,1100.2091217041016,413.09542179107666,1104.9655151367188,393.478045463562,1099.676284790039,361.63554668426514,1108.7165832519531,390.07884979248047,1114.217300415039,412.02279567718506,118,1787812925.3582096
1142.3851776123047,544.1666078567505,1093.58154296875,504.28014278411865,1068.6221313476562,444.62257862091064,1082.4185943603516,389.51507091522217,1099.4769287109375,352.5935626029968,1014.9677276611328,416.7790174484253,992.581787109375,356.95088624954224,979.3433380126953,318.9814281463623,968.9788818359375,290.9819984436035,1044.6336364746094,404.59938526153564,1017.7948760986328,344.40842628479004,1002.0530700683594,308.54357957839966,990.2649688720703,280.6972074508667,1080.1019287109375,405.142822265625,1086.7353820800781,370.17990589141846,1101.6297149658203,406.50203704833984,1107.26806640625,430.4563093185425,1113.6625671386719,412.9779624938965,1108.4152221679688,383.90363216400146,1117.459716796875,412.05373764038086,1123.9592742919922,435.07043838500977,119,1787812925.4044132
1166.461410522461,569.8841428756714,1119.1204071044922,522.3026990890503,1095.7508087158203,455.3360939025879,1112.1110534667969,404.113712310791,1132.5004577636719,369.9797058105469,1052.706527709961,427.2163724899292,1034.1598510742188,364.3004608154297,1025.203857421875,323.8358402252197,1019.2546844482422,291.3737726211548,1086.417007446289,418.24316024780273,1058.5778045654297,355.0664734840393,1043.4456634521484,315.9148049354553,1034.8886108398438,285.20883321762085,1123.4500885009766,422.35633850097656,1128.4578704833984,385.56424140930176,1140.1802062988281,421.4533567428589,1145.7011413574219,446.7954683303833,1158.7120056152344,432.6415157318115,1149.8655700683594,401.6678810119629,1154.983901977539,425.9725570678711,1160.0829315185547,449.7452974319458,120,1787812925.4444077
1179.652328491211,592.2248840332031,1136.1790466308594,533.5675048828125,1124.8201751708984,470.9832000732422,1149.1070556640625,420.9451961517334,1171.3229370117188,386.51172637939453,1096.8500518798828,430.3023290634155,1092.7519989013672,371.33548736572266,1092.2531127929688,332.7257537841797,1092.5465393066406,299.61493492126465,1132.597885131836,426.89120292663574,1115.7073974609375,365.86777210235596,1107.6856994628906,327.4431109428406,1103.2742309570312,293.8994264602661,1172.0997619628906,438.6281633377075,1183.9163970947266,399.514217376709,1186.6261291503906,440.4709053039551,1184.5101928710938,468.4061336517334,1211.2274169921875,457.57490158081055,1214.0386962890625,422.84274101257324,1211.432113647461,454.0151596069336,1206.8814086914062,479.07124042510986,121,1787812925.4865406
1170.5650329589844,634.7915410995483,1133.9542388916016,620.1638031005859,1114.3911743164062,581.0952615737915,1133.8819122314453,545.4997301101685,1160.1770782470703,528.8203811645508,1093.0146789550781,532.3932981491089,1070.0682067871094,465.2745580673218,1064.9828338623047,430.6863784790039,1062.6529693603516,401.7116117477417,1123.7648010253906,516.8360996246338,1099.440689086914,456.34456157684326,1093.7999725341797,422.2855281829834,1092.7369689941406,396.9866752624512,1159.6732330322266,515.2384042739868,1165.6754302978516,520.654149055481,1162.1758270263672,561.3223171234131,1156.1866760253906,588.8845682144165,1195.011978149414,522.969217300415,1194.2459106445312,530.2708768844604,1189.0475463867188,557.4033737182617,1184.7213745117188,579.6506452560425,122,1787812925.537169
1087.7532196044922,684.4281578063965,1061.0447692871094,674.4981050491333,1055.5818939208984,649.0958261489868,1078.2858276367188,617.9426765441895,1098.5580444335938,595.429801940918,1027.6026916503906,615.2720546722412,1009.8700714111328,550.1857423782349,998.7091064453125,511.86967849731445,990.5146789550781,478.41240406036377,1051.6600036621094,601.0340738296509,1034.7416687011719,545.2670860290527,1024.8332977294922,501.6223955154419,1016.13037109375,465.51642894744873,1080.8415222167969,598.2465934753418,1094.6903991699219,574.7798824310303,1102.8502655029297,593.5290813446045,1101.3014221191406,613.2302713394165,1109.8924255371094,601.3328075408936,1127.8024291992188,580.7378196716309,1131.8157958984375,587.5519180297852,1126.3483428955078,598.8880920410156,123,1787812925.665937
1114.157485961914,689.8574638366699,1080.1435852050781,678.9016914367676,1067.9840087890625,646.5262269973755,1097.6002502441406,622.6297187805176,1127.6685333251953,606.8881559371948,1064.4140625,615.6411695480347,1050.1197814941406,549.3505668640137,1043.7315368652344,508.05407524108887,1039.1024017333984,473.3856439590454,1093.8611602783203,600.9902143478394,1079.537582397461,546.2354707717896,1073.2589721679688,501.8506622314453,1069.4694519042969,465.7632350921631,1126.7278289794922,597.8025913238525,1143.1915283203125,598.7315368652344,1146.0237121582031,629.6783065795898,1144.1976165771484,655.3084230422974,1157.342300415039,602.4159049987793,1170.4483795166016,613.9489316940308,1171.0263061523438,640.8425188064575,1167.7609252929688,662.6738548278809,124,1787812925.7059603
1135.8560180664062,700.9766149520874,1112.71728515625,688.8289976119995,1112.2694396972656,662.0593500137329,1145.4798889160156,640.6580257415771,1173.6298370361328,624.2950057983398,1103.9293670654297,613.2195854187012,1102.6194763183594,547.7082824707031,1107.6657104492188,507.5184488296509,1111.4865112304688,472.34344482421875,1135.1161193847656,603.7439203262329,1136.9183349609375,547.9322576522827,1142.0806121826172,504.83967304229736,1146.0315704345703,470.2455711364746,1165.29052734375,608.5998773574829,1182.8031921386719,613.4065675735474,1179.0165710449219,645.1940059661865,1172.9817962646484,670.1903915405273,1190.7278442382812,621.051549911499,1205.0184631347656,629.7942209243774,1202.530517578125,652.4821901321411,1198.5520935058594,672.9227685928345,125,1787812925.75395
1128.1658172607422,728.1600952148438,1121.7060852050781,708.2791757583618,1129.5543670654297,676.7755794525146,1170.1551055908203,659.4043064117432,1204.2418670654297,646.568455696106,1134.9559020996094,611.0645484924316,1157.059326171875,559.2366313934326,1174.7367858886719,523.9459276199341,1189.8187255859375,494.30060863494873,1160.1659393310547,618.8271617889404,1182.69287109375,564.6198034286499,1198.9086151123047,528.4906625747681,1212.5840759277344,497.1946048736572,1178.5771942138672,639.3801784515381,1197.1190643310547,594.8324203491211,1207.8935241699219,559.6611499786377,1216.3421630859375,528.8941097259521,1193.4146118164062,669.3111848831177,1217.7531433105469,655.9674310684204,1234.8772430419922,659.529275894165,1249.5665740966797,667.5753879547119,126,1787812925.8028102
987.5627136230469,702.5554275512695,965.2186584472656,697.7178382873535,953.3391571044922,669.2979669570923,971.2200927734375,634.2194366455078,991.0018920898438,607.1937131881714,926.6303253173828,638.0483436584473,894.0938568115234,581.1639261245728,878.7123870849609,549.2976522445679,869.2738342285156,522.8312015533447,951.34765625,628.5970973968506,920.3019714355469,577.8154993057251,904.2630004882812,544.9898529052734,894.0470123291016,518.968391418457,980.8617401123047,631.1523628234863,975.928955078125,617.6548862457275,971.8289947509766,637.5868320465088,968.7380981445312,652.2304058074951,1009.3296813964844,639.0134239196777,1008.1086730957031,636.1092138290405,1007.2383880615234,653.8496446609497,1005.9434509277344,668.5121870040894,127,1787812925.9618082
1012.8496551513672,706.8169212341309,982.8355407714844,693.4831237792969,962.2886657714844,650.4364156723022,980.3182983398438,602.7058839797974,1006.8112182617188,568.8316011428833,952.6737213134766,613.8181686401367,927.5957489013672,555.1887273788452,913.8602447509766,516.104736328125,904.5807647705078,482.5733470916748,981.6098022460938,606.2285900115967,953.6750030517578,542.4218416213989,935.7221221923828,504.96768951416016,924.7422027587891,466.58952713012695,1016.2388610839844,610.454592704773,1009.6460723876953,581.8176984786987,1001.8690490722656,625.2186298370361,998.9231872558594,652.8109645843506,1050.2340698242188,625.1618957519531,1039.6316528320312,599.6493244171143,1029.0684509277344,630.4401397705078,1023.9004516601562,654.8789262771606,128,1787812926.013562
1015.2001190185547,708.6733102798462,979.9848937988281,674.5330810546875,972.1467590332031,610.336103439331,1004.8560333251953,561.7095851898193,1035.989761352539,533.5337734222412,976.2559509277344,578.3705234527588,959.5532989501953,517.7047061920166,950.3799438476562,477.62181758880615,946.1376953125,443.0816602706909,1008.9137268066406,576.5871334075928,989.9855041503906,508.5144281387329,973.3742523193359,468.24073791503906,966.7897033691406,429.68340396881104,1044.5386505126953,587.9001760482788,1036.5692901611328,544.5581245422363,1019.6106719970703,588.6760854721069,1013.5195159912109,620.0516653060913,1078.9527130126953,608.1472063064575,1066.3568115234375,569.1850519180298,1047.9591369628906,599.1085052490234,1040.4656219482422,625.7646417617798,129,1787812926.0542893
971.8110656738281,664.8815059661865,919.0753173828125,614.6892642974854,896.0646057128906,568.1933641433716,903.1745910644531,519.118595123291,923.6168670654297,485.79238414764404,910.1273345947266,531.4998865127563,885.51025390625,480.6219005584717,866.7942810058594,452.33073234558105,856.7540740966797,428.2947063446045,933.4986877441406,527.8107118606567,906.5071105957031,474.63778495788574,877.3201751708984,447.89234161376953,860.1144409179688,429.77365493774414,959.2334747314453,532.1691513061523,937.98828125,490.93029499053955,916.9577026367188,519.2191028594971,912.8842926025391,548.937463760376,987.6472473144531,539.867434501648,960.052490234375,504.13015365600586,940.1849365234375,528.3032083511353,936.9731903076172,556.70823097229,130,1787812926.0890362
955.0319671630859,636.8601894378662,900.1797485351562,615.3537654876709,858.7808227539062,573.456244468689,853.6502838134766,517.2769689559937,867.7616119384766,471.9636011123657,840.6724548339844,543.8370609283447,796.6257476806641,496.3276720046997,770.3322601318359,469.4533109664917,753.68896484375,442.85189151763916,867.1446228027344,527.7253532409668,819.3973541259766,473.76595973968506,785.5254364013672,447.74205207824707,761.9922637939453,426.23335361480713,898.4507751464844,523.6027336120605,878.997802734375,484.2280340194702,883.4468841552734,523.4388399124146,892.4061584472656,551.6591119766235,930.8311462402344,521.9110536575317,904.4626617431641,491.2099313735962,902.4395751953125,520.2252531051636,908.8302612304688,542.8373908996582,131,1787812926.1368086
953.2994842529297,616.6492938995361,899.9521636962891,595.8481407165527,857.3628234863281,550.3905344009399,849.3265533447266,492.2619581222534,863.0058288574219,448.63160133361816,845.159912109375,526.2128448486328,796.4421081542969,478.6998510360718,770.1480865478516,449.7427225112915,749.1323852539062,422.47637271881104,867.9930877685547,508.32075119018555,815.7064819335938,458.59594345092773,783.1635284423828,433.86653423309326,761.2010192871094,409.3603706359863,897.7013397216797,500.39960861206055,867.8839874267578,458.6908721923828,873.9607238769531,496.7114210128784,886.7766571044922,526.165509223938,930.0819396972656,498.1798553466797,898.1671905517578,467.6788902282715,897.3570251464844,495.18625259399414,908.1278991699219,521.388430595398,132,1787812926.1826692
970.1486968994141,591.216287612915,917.5841522216797,562.9779481887817,882.1609497070312,512.0009994506836,879.7831726074219,457.0386743545532,897.3900604248047,416.25836849212646,872.4137878417969,489.30388927459717,834.6270751953125,438.0387210845947,812.7940368652344,404.68525886535645,795.6184387207031,375.01938343048096,895.6000518798828,473.8765525817871,851.9590759277344,420.8667039871216,819.7105407714844,393.35766792297363,797.4965667724609,369.0685701370239,926.4268493652344,467.4723815917969,905.7125854492188,426.91712379455566,909.9752044677734,461.3189220428467,920.6474304199219,489.4398021697998,958.5801696777344,467.4208402633667,933.7931060791016,436.4310693740845,931.1359405517578,462.5263023376465,938.0073547363281,487.46771335601807,133,1787812926.227222
983.2079315185547,561.043496131897,931.7103576660156,520.4374265670776,905.7028198242188,467.3642349243164,919.0737152099609,414.9851989746094,945.8969116210938,381.79009437561035,906.1495208740234,444.02013301849365,877.8754425048828,393.68996143341064,862.0436859130859,361.18197441101074,850.2084350585938,331.744601726532,932.4403381347656,435.48319816589355,899.7715759277344,379.9577808380127,872.454833984375,350.13185262680054,855.8395385742188,325.02277135849,964.8297119140625,435.69820404052734,949.5326232910156,395.2873992919922,944.8590850830078,429.9079370498657,950.6980895996094,460.5640411376953,997.2342681884766,441.76347255706787,976.8422698974609,407.6526403427124,968.0888366699219,433.6435890197754,970.6458282470703,460.91440200805664,134,1787812926.2749808
980.0583648681641,534.4191598892212,936.3453674316406,483.57473373413086,925.8419036865234,431.9797611236572,951.9681549072266,387.2856616973877,984.8122406005859,365.29884338378906,940.5006408691406,409.891619682312,924.6100616455078,360.99108695983887,914.8612976074219,330.3159284591675,909.288330078125,300.4112720489502,966.7861175537109,408.4867000579834,949.0643310546875,353.58226776123047,929.56298828125,321.24083518981934,918.4701538085938,292.59113073349,997.2935485839844,416.0180854797363,988.6239624023438,372.8601837158203,971.8003082275391,404.7613048553467,965.7390594482422,435.1412057876587,1027.7435302734375,428.96942138671875,1012.0819854736328,391.71916007995605,996.0090637207031,415.1289653778076,990.6308746337891,442.6328945159912,135,1787812926.320285
968.1627655029297,513.0545282363892,931.8513488769531,461.4297294616699,926.8980407714844,409.58606243133545,955.3420257568359,372.11405754089355,989.3887329101562,360.1001214981079,955.1801300048828,394.9884080886841,946.7684936523438,347.5081157684326,941.5821838378906,316.89956188201904,942.4556732177734,289.4665288925171,980.0747680664062,395.99262714385986,971.7534637451172,340.87104320526123,960.4152679443359,306.2861680984497,957.7369689941406,277.98620223999023,1007.1112060546875,404.8760175704956,998.4726715087891,361.0637426376343,975.9274291992188,389.5545530319214,965.8375549316406,420.4745864868164,1034.9547576904297,417.6347064971924,1017.7642059326172,378.76593589782715,999.22607421875,401.3385057449341,992.5971984863281,431.07115745544434,136,1787812926.3692558
944.4951629638672,496.2449312210083,909.0048217773438,446.47489070892334,906.4280700683594,400.2599573135376,933.7282562255859,364.48851585388184,964.2997741699219,347.43945121765137,932.6522827148438,386.1979293823242,927.9098510742188,344.35338735580444,921.9404602050781,314.26666259765625,920.1834106445312,286.057505607605,954.8167419433594,385.40257930755615,946.6436004638672,336.2022829055786,929.9153137207031,305.1426029205322,919.6470642089844,281.2638831138611,979.7702026367188,392.4395799636841,972.9020690917969,348.53392124176025,954.2916107177734,377.15489387512207,945.9747314453125,409.23698902130127,1007.9058837890625,404.2643880844116,990.2959442138672,367.3932409286499,971.1878967285156,389.2450475692749,963.8583374023438,418.50537300109863,137,1787812926.396576
927.1518707275391,494.86597537994385,884.3856811523438,452.8019428253174,870.5086517333984,411.30194664001465,887.9842376708984,372.310996055603,913.7900543212891,349.126238822937,889.7944641113281,387.328405380249,875.2442932128906,346.7728900909424,862.6509094238281,318.0344581604004,855.2499389648438,291.9850158691406,911.6374969482422,382.57484436035156,891.7456817626953,335.69495916366577,869.1318511962891,307.1226954460144,853.7165832519531,285.9675121307373,936.9718170166016,385.8897542953491,924.1022491455078,347.02364444732666,909.8583984375,373.2146644592285,905.135498046875,402.4591541290283,965.9694671630859,394.79722023010254,947.5975799560547,362.6408815383911,930.5991363525391,383.8373279571533,923.4904479980469,411.48030281066895,138,1787812926.4454978
918.4596252441406,489.48546409606934,864.3032836914062,458.11795234680176,833.6544036865234,419.23081398010254,837.6226043701172,370.3577470779419,860.0199890136719,339.0432357788086,838.0893707275391,395.9997081756592,811.5082550048828,356.4115262031555,792.6371002197266,331.5210771560669,780.0885009765625,308.0910801887512,861.6065979003906,386.3737964630127,834.1435241699219,338.98311138153076,805.3118896484375,316.6178226470947,785.8360290527344,299.1944718360901,888.3856201171875,385.84529399871826,870.3070831298828,350.11213302612305,859.6010589599609,380.07802963256836,861.7501068115234,407.51840114593506,918.2048797607422,389.3919038772583,896.7263031005859,362.3269987106323,883.7586975097656,384.5507526397705,882.6521301269531,408.3843469619751,139,1787812926.4857402
886.5920257568359,469.23869132995605,830.9339141845703,425.2965545654297,813.0462646484375,378.99643421173096,828.597412109375,335.1788806915283,853.2454681396484,309.90272998809814,829.9398803710938,370.7418394088745,807.9872894287109,338.14576864242554,792.3553466796875,317.960729598999,781.1626434326172,296.89457416534424,849.4443511962891,362.38463401794434,825.6430053710938,324.2647361755371,803.1816864013672,303.5790252685547,788.0787658691406,284.7007155418396,875.0827789306641,359.83097791671753,857.6544952392578,316.54454469680786,839.7177886962891,332.0862078666687,832.1821594238281,351.7310070991516,903.2685852050781,356.6797685623169,878.6951446533203,326.99031114578247,864.9066925048828,349.2951536178589,862.8573608398438,376.5300464630127,140,1787812926.54133
868.8438415527344,448.3713626861572,823.5121917724609,402.3784303665161,819.6382141113281,358.4841012954712,841.3983917236328,321.9779062271118,865.0063323974609,302.9148030281067,851.1766052246094,346.31446838378906,841.1439514160156,314.22125816345215,831.3848876953125,294.5401954650879,825.9185028076172,274.4780445098877,870.5322265625,343.4723997116089,858.1426239013672,306.1021041870117,840.8657073974609,283.8426446914673,830.6163024902344,264.13158416748047,893.4516906738281,345.04767179489136,879.6394348144531,306.49664640426636,862.6350402832031,327.5404644012451,856.4619445800781,351.9925117492676,918.3561706542969,346.49718046188354,895.1505279541016,314.74836587905884,876.6761016845703,335.957407951355,870.4464721679688,363.9685535430908,141,1787812926.5872366
847.5322723388672,426.1418151855469,819.9802398681641,378.1158113479614,826.8824768066406,341.2732458114624,854.6437835693359,313.4817409515381,879.7551727294922,291.46297216415405,859.7244262695312,337.42485523223877,861.9516754150391,307.9163074493408,855.5495452880859,284.09430027008057,852.8034973144531,263.54583263397217,878.6784362792969,338.21574211120605,875.5570220947266,299.4460415840149,864.6821594238281,272.9348301887512,856.8956756591797,251.16829633712769,899.9932098388672,344.2285680770874,885.7877349853516,304.37435388565063,865.4104614257812,329.9757385253906,854.5327758789062,359.35073375701904,923.3555603027344,347.7218770980835,898.6384582519531,314.8555254936218,878.6011505126953,333.97939682006836,868.4328460693359,360.98503589630127,142,1787812926.631666
827.4826049804688,418.55738639831543,803.9873504638672,376.0930824279785,809.9871826171875,342.8644824028015,835.1760101318359,315.0447177886963,861.6992950439453,293.29612255096436,843.3048248291016,342.93537855148315,845.2776336669922,314.5523500442505,838.7084197998047,288.68624210357666,835.2549743652344,267.3683452606201,861.0691070556641,341.4731025695801,859.8966217041016,302.01969623565674,845.673828125,275.32806873321533,834.4139099121094,254.17807817459106,881.3066101074219,345.93992471694946,868.4807586669922,307.3211145401001,846.4054107666016,330.51082849502563,835.308837890625,358.7681579589844,903.4718322753906,350.7683300971985,881.0578918457031,316.5310049057007,859.8165130615234,333.49059104919434,849.1714477539062,360.71956157684326,143,1787812926.6776168
821.5337371826172,427.23345279693604,785.4286193847656,396.338095664978,777.4720001220703,364.65301036834717,795.5287933349609,334.15730237960815,821.5415954589844,317.29700088500977,809.3082427978516,352.1541953086853,800.1698303222656,322.82827377319336,789.0071868896484,299.4207429885864,782.9691314697266,279.8894762992859,826.9609069824219,348.10184955596924,819.8934173583984,306.29170417785645,799.5734405517578,284.01758909225464,782.1807861328125,270.2432441711426,849.1985321044922,350.29598236083984,836.8953704833984,313.40646743774414,819.9771881103516,338.090922832489,813.3023834228516,368.4655237197876,876.3375854492188,355.835645198822,855.4159545898438,327.0906686782837,836.4985656738281,345.17006635665894,827.5411987304688,372.29734897613525,144,1787812926.7271793
814.7832489013672,437.99511909484863,773.5665893554688,408.51794242858887,758.3042907714844,377.87930488586426,770.7099151611328,342.41206884384155,793.6421203613281,318.9704632759094,774.033203125,369.11431789398193,756.8267822265625,345.9934401512146,740.5942535400391,323.079993724823,729.7702026367188,303.80735635757446,794.2268371582031,365.00285625457764,784.0135955810547,329.50839042663574,765.9063720703125,326.52334928512573,753.165283203125,334.3790888786316,818.5936737060547,365.34712314605713,807.0111083984375,332.6720452308655,794.2707824707031,354.58097219467163,793.5292816162109,383.5724973678589,847.5035095214844,368.1679058074951,828.0458831787109,339.1699004173279,813.3768463134766,358.2775282859802,809.5084381103516,387.00263500213623,145,1787812926.7752235
