P0_x,P0_y,P1_x,P1_y,P2_x,P2_y,P3_x,P3_y,P4_x,P4_y,P5_x,P5_y,P6_x,P6_y,P7_x,P7_y,P8_x,P8_y,P9_x,P9_y,P10_x,P10_y,P11_x,P11_y,P12_x,P12_y,P13_x,P13_y,P14_x,P14_y,P15_x,P15_y,P16_x,P16_y,P17_x,P17_y,P18_x,P18_y,P19_x,P19_y,P20_x,P20_y,frame_number,timestamp
846.4765930175781,432.211332321167,851.0116577148438,390.8653163909912,870.1514434814453,356.576771736145,892.220458984375,339.22268629074097,912.7786254882812,336.36072635650635,874.6308135986328,346.7749500274658,900.4996490478516,328.54740858078003,919.3073272705078,323.10168743133545,930.4560852050781,323.83079767227173,884.2691040039062,363.0136013031006,913.7441253662109,344.5759677886963,928.6692810058594,343.68041038513184,934.6432495117188,347.51397371292114,892.3767852783203,383.37663173675537,919.3757629394531,365.0825071334839,928.2235717773438,366.4708185195923,928.7477874755859,370.98461151123047,898.6934661865234,407.0691204071045,920.7428741455078,391.5246248245239,927.1343231201172,391.1722469329834,926.1952972412109,393.61618995666504,1,1787749166.5468173
845.5445098876953,420.9189748764038,851.6705322265625,384.576416015625,872.1943664550781,357.4739599227905,899.7670745849609,349.30006742477417,921.6887664794922,348.6271333694458,865.7450103759766,334.59956645965576,886.7105102539062,311.399188041687,903.773193359375,299.499192237854,918.7103271484375,290.2825856208801,876.3205718994141,351.42499923706055,896.6033172607422,326.75678730010986,913.4339141845703,313.8972043991089,928.1500244140625,303.7205171585083,885.3939056396484,373.58107566833496,904.3352508544922,361.4372777938843,909.0050506591797,359.03854608535767,911.8622589111328,355.28253078460693,891.8569946289062,398.18821907043457,904.7577667236328,390.292911529541,903.2980346679688,389.3105363845825,901.8216705322266,387.4370241165161,2,1787749166.5953214
838.8070678710938,417.6767635345459,836.6770935058594,385.5434274673462,858.3145904541016,356.4362668991089,892.1141815185547,349.44310426712036,916.6943359375,348.5089874267578,857.9613494873047,333.0915641784668,882.8881072998047,305.68691968917847,901.5860748291016,288.1248879432678,917.8611755371094,273.87598514556885,873.1275177001953,346.68133020401,896.3371276855469,317.20350980758667,913.6514282226562,299.4594740867615,929.7473907470703,284.6407413482666,886.0393524169922,365.0936222076416,905.4526519775391,357.37364530563354,887.5121307373047,372.2171401977539,872.0208740234375,382.2526788711548,894.7113800048828,386.4535331726074,909.677734375,377.5095462799072,894.1488647460938,386.8187427520752,880.6803131103516,394.3274259567261,3,1787749166.6409423
833.8079071044922,421.407265663147,834.13330078125,388.4817123413086,858.0194854736328,358.30029487609863,891.8631744384766,349.9238848686218,917.2624969482422,348.8891100883484,854.2947387695312,335.99738359451294,879.5986938476562,306.7647171020508,898.6105346679688,288.2942318916321,915.5138397216797,273.4857988357544,867.646484375,349.659526348114,891.8126678466797,319.8364734649658,910.5751800537109,300.84975957870483,928.1674957275391,284.85021114349365,879.6328735351562,368.6990261077881,902.2180938720703,356.49868726730347,888.6441040039062,368.47972869873047,875.4499816894531,377.584433555603,888.5928344726562,391.2074375152588,907.4515533447266,378.22996616363525,895.8084106445312,384.7675609588623,884.4032287597656,391.6985607147217,4,1787749166.6815488
828.4062957763672,413.4847927093506,826.4202117919922,378.0575752258301,847.2010040283203,346.9641423225403,879.0205383300781,338.22649240493774,903.8908386230469,342.57182121276855,852.9823303222656,325.29247283935547,877.8054809570312,295.6094741821289,895.8177947998047,275.8051371574402,912.1147155761719,260.0108528137207,866.8434906005859,338.17347049713135,889.9660491943359,305.1906681060791,906.6297912597656,283.79998683929443,922.6013946533203,266.117148399353,878.5446166992188,358.2890725135803,894.0412902832031,347.5250458717346,877.3228454589844,358.6630582809448,863.1723785400391,367.7137327194214,886.1864471435547,382.2308349609375,896.4469909667969,370.8465528488159,882.0311737060547,375.8913803100586,870.3891754150391,381.8724060058594,5,1787749166.7268763
828.6639404296875,415.99267959594727,830.4833984375,378.7969207763672,852.9616546630859,348.3066201210022,885.8927917480469,340.51231384277344,911.5808868408203,343.42358350753784,852.2030639648438,325.84837675094604,876.9808959960938,294.3606376647949,894.6456146240234,274.43403482437134,910.2409362792969,257.7732467651367,866.2948608398438,340.3327989578247,891.6044616699219,307.64379501342773,909.2454528808594,286.11069917678833,925.5926513671875,268.00280570983887,877.802734375,361.04722023010254,895.9600830078125,348.00400257110596,882.2611999511719,356.6141724586487,869.7911071777344,364.01005268096924,884.9745941162109,384.8168706893921,898.968505859375,371.88892364501953,887.7661895751953,373.5588026046753,877.2785949707031,377.0735692977905,6,1787749166.774569
830.1665496826172,406.84600353240967,828.5073089599609,375.67843437194824,847.2226715087891,347.21478939056396,879.9758148193359,341.45044326782227,905.6718444824219,346.12679958343506,849.6955108642578,316.53793573379517,873.5465240478516,284.28229093551636,890.3899383544922,263.0393671989441,904.8536682128906,244.88003969192505,864.8019409179688,328.777391910553,889.0354919433594,293.7453603744507,906.2910461425781,271.8682336807251,922.6207733154297,251.90500259399414,876.6259002685547,347.8273630142212,898.3502197265625,341.49076223373413,879.7669219970703,356.80503845214844,863.304443359375,365.12786865234375,883.5361480712891,369.8736619949341,895.6867218017578,366.0744524002075,880.6195068359375,375.8360195159912,867.8646087646484,381.23292446136475,7,1787749166.817662
830.5821228027344,407.1745204925537,829.3704223632812,380.94603538513184,845.057373046875,356.42993688583374,873.7550354003906,350.28950214385986,896.0199737548828,353.7011218070984,850.1653289794922,319.0605425834656,873.4428405761719,286.00244522094727,890.086669921875,264.4091820716858,903.8661193847656,246.38930797576904,865.9743499755859,330.35847902297974,890.8696746826172,294.38555002212524,908.1565856933594,271.9293451309204,921.7575073242188,253.44838857650757,878.5216522216797,348.00904512405396,904.9761199951172,337.17126846313477,895.4595184326172,341.9088864326477,882.1773529052734,345.21849632263184,886.0588073730469,368.3841562271118,898.6738586425781,364.9912691116333,884.4442749023438,372.29310035705566,869.7884368896484,378.3831310272217,8,1787749166.8582556
831.7825317382812,417.66526222229004,834.1384887695312,386.6813278198242,853.6744689941406,360.4474353790283,884.9114227294922,352.7831840515137,907.3155212402344,356.282114982605,858.8764190673828,329.0923476219177,887.0106506347656,298.71502161026,908.6273193359375,277.2554397583008,926.365966796875,261.0590386390686,871.5577697753906,341.0225772857666,898.9463043212891,309.6094250679016,920.4421234130859,286.1350750923157,938.9331817626953,267.28856563568115,880.9674072265625,359.26361560821533,902.8925323486328,346.77104473114014,898.6461639404297,353.01512002944946,891.4080810546875,360.6550598144531,886.9436645507812,380.385217666626,905.2787780761719,368.38016510009766,903.0613708496094,369.8422050476074,897.0243072509766,374.3356132507324,9,1787749166.893565
836.4781188964844,416.96248054504395,846.2551116943359,393.48761558532715,871.0026550292969,371.36363983154297,899.5563507080078,363.6291790008545,919.8470306396484,363.73462200164795,868.9199829101562,328.0611562728882,904.2881011962891,297.08863735198975,929.2575073242188,278.3591151237488,948.2496643066406,262.4013662338257,878.677978515625,337.0101857185364,916.0234832763672,305.9246277809143,941.1910247802734,286.20476961135864,961.28173828125,269.575674533844,885.2210998535156,352.81444787979126,913.2372283935547,343.32382678985596,916.4022064208984,347.9481911659241,916.080322265625,351.14182233810425,889.0107727050781,372.33275413513184,908.1932067871094,362.7157688140869,915.7493591308594,365.99252700805664,920.2485656738281,372.92593002319336,10,1787749166.957008
833.6843109130859,423.4618377685547,837.628173828125,394.2997455596924,863.9743804931641,371.42003059387207,897.2196960449219,366.63896083831787,921.8645477294922,367.8557825088501,867.7591705322266,328.77904415130615,904.6987152099609,297.9224395751953,928.7975311279297,278.60652208328247,947.3660278320312,261.6900873184204,880.9550476074219,340.28496980667114,918.4838104248047,309.2634844779968,944.1195678710938,287.3347520828247,964.5521545410156,268.6129117012024,889.4900512695312,358.28450202941895,915.8164215087891,354.38010692596436,907.3078155517578,364.8745822906494,896.0444641113281,371.7258024215698,893.8252258300781,378.31305027008057,912.6943969726562,367.4793291091919,917.2146606445312,368.6707878112793,919.0451049804688,372.6488256454468,11,1787749167.0022733
830.4794311523438,419.38775539398193,844.2520904541016,403.19695472717285,867.1504211425781,381.4166450500488,893.3525848388672,368.21202278137207,914.6690368652344,364.6506929397583,867.51708984375,330.26535272598267,901.2955474853516,296.1427402496338,925.1747894287109,274.2901611328125,943.6656188964844,258.4157967567444,872.5289916992188,331.85579538345337,903.6412811279297,296.35100841522217,927.401123046875,273.02894353866577,948.6897277832031,255.8110499382019,877.29736328125,342.35816717147827,903.0284881591797,310.9435987472534,925.5158233642578,287.1334147453308,945.4033660888672,269.51250314712524,878.6837768554688,358.6394762992859,896.6163635253906,350.4981565475464,907.37548828125,354.0996766090393,915.4608917236328,362.03508853912354,12,1787749167.041758
828.4571838378906,418.8928556442261,844.0664672851562,392.8287363052368,867.3783874511719,369.50222969055176,895.7876586914062,362.448148727417,916.3671112060547,363.3997964859009,864.4567108154297,325.20331621170044,899.7888946533203,292.5263500213623,924.4901275634766,271.76459312438965,944.1888427734375,256.4623546600342,867.3822784423828,333.8551139831543,903.5117340087891,299.65137004852295,928.4999084472656,277.47679710388184,949.5142364501953,261.0195779800415,870.9449768066406,349.6838593482971,901.7002868652344,324.3892979621887,919.6726226806641,305.8198070526123,934.1334533691406,292.1636724472046,872.9714965820312,370.31564712524414,895.6488800048828,362.39428997039795,905.5459594726562,363.80749225616455,911.6663360595703,368.75782012939453,13,1787749167.0839336
818.2238006591797,421.71260833740234,827.9166412353516,385.77027797698975,853.3783721923828,358.7288475036621,884.7849273681641,354.05646085739136,908.4813690185547,355.72277784347534,854.6676635742188,322.8715109825134,891.2422180175781,293.3776617050171,915.4995727539062,275.7091784477234,935.4341125488281,262.34413862228394,861.7776489257812,339.95952129364014,898.2228088378906,305.48907995224,923.7586975097656,285.10369062423706,945.0823974609375,269.511923789978,866.9001770019531,362.8008270263672,900.3541564941406,353.7119793891907,898.5133361816406,359.1516709327698,891.1116790771484,363.099045753479,868.32275390625,387.87304401397705,893.5797119140625,377.8229570388794,893.1019592285156,376.9575262069702,887.5827026367188,375.4757881164551,14,1787749167.1221714
819.2839050292969,422.38152980804443,830.9336090087891,393.5599708557129,855.6782531738281,368.45011711120605,885.3695678710938,360.59287548065186,908.6161804199219,359.5488953590393,855.4165649414062,324.6667242050171,892.7595520019531,294.40471172332764,917.4269866943359,277.48400688171387,937.6453399658203,264.57045793533325,861.6674041748047,338.7001705169678,896.8198394775391,302.77833223342896,921.9014739990234,282.6638889312744,943.6940002441406,267.311053276062,866.1986541748047,359.95150566101074,898.6365509033203,351.26883029937744,903.2273101806641,357.7733373641968,901.7066192626953,362.6639699935913,867.6759338378906,384.7229290008545,891.2728118896484,375.985107421875,895.9841156005859,375.0945711135864,895.7929229736328,373.35851669311523,15,1787749167.1648266
819.2607116699219,434.4951581954956,833.7861633300781,408.1765937805176,857.6492309570312,384.3920946121216,883.8246917724609,370.0826597213745,909.7505950927734,361.41483306884766,857.8141021728516,330.76005935668945,894.4025421142578,315.5031394958496,920.3163146972656,308.4170436859131,941.7871856689453,301.19494915008545,870.3646087646484,335.74772357940674,907.2164154052734,321.30473613739014,933.1825256347656,312.7995800971985,952.7800750732422,303.31644773483276,878.9727783203125,347.0725893974304,908.0649566650391,353.33526849746704,894.3560028076172,369.5220136642456,878.6724090576172,376.37572288513184,883.9241027832031,360.9093761444092,902.4413299560547,366.56493186950684,892.4784851074219,376.976580619812,880.7640075683594,380.4171895980835,16,1787749167.200861
817.7059936523438,431.13012313842773,829.7509765625,398.95086765289307,855.0495910644531,373.69969367980957,883.2997894287109,364.3281412124634,908.6693572998047,361.7937755584717,854.6703338623047,326.08009815216064,891.3941192626953,315.126256942749,917.6963043212891,308.2355546951294,940.47119140625,302.8262686729431,864.68994140625,339.15101766586304,902.0919799804688,324.3615531921387,930.7567596435547,314.36766386032104,955.5416107177734,304.676456451416,870.9836578369141,358.9623284339905,902.4514770507812,359.3067455291748,899.2591857910156,365.672550201416,891.9013214111328,368.4642791748047,872.9306793212891,381.46870136260986,893.9939880371094,381.6265869140625,893.3476257324219,382.34679222106934,889.3534088134766,379.09865856170654,17,1787749167.2456186
828.1431579589844,419.6787643432617,837.5405883789062,402.0269536972046,861.0893249511719,382.6276731491089,889.9619293212891,369.6479272842407,916.2558746337891,361.16562366485596,860.6716918945312,325.4687476158142,897.5938415527344,306.5805459022522,924.8799133300781,297.44627237319946,947.1053314208984,290.8818769454956,874.1289520263672,330.52720069885254,907.3773956298828,309.1790699958801,932.9955291748047,299.1168165206909,953.2950592041016,291.91609382629395,885.0980377197266,341.5389561653137,910.6101226806641,344.0108370780945,903.6355590820312,360.80775260925293,894.2800140380859,370.4321622848511,892.2010040283203,353.99603605270386,908.8961791992188,354.8199677467346,905.283203125,365.0717782974243,899.9542236328125,370.3576183319092,18,1787749167.3052948
826.1144256591797,421.4518976211548,838.1660461425781,403.0403995513916,862.5332641601562,383.9963722229004,890.1628112792969,370.9081792831421,915.1039123535156,360.63591957092285,861.9167327880859,327.58065462112427,897.0698547363281,307.13958263397217,923.4916687011719,296.96635007858276,945.1376342773438,289.6080207824707,873.9839935302734,335.1904034614563,907.1888732910156,312.6790523529053,932.94921875,302.1671748161316,952.7091979980469,294.616219997406,883.3489227294922,348.36519956588745,908.3311462402344,350.51703929901123,899.4373321533203,364.8814058303833,888.2200622558594,371.8082857131958,888.9241790771484,361.62726402282715,905.7215118408203,362.87442684173584,900.1960754394531,372.2478675842285,893.3348846435547,376.0809803009033,19,1787749167.3446083
832.1341705322266,418.135142326355,833.6766052246094,395.73655128479004,853.5818481445312,370.9174060821533,885.5543518066406,358.316752910614,913.2284545898438,353.3335304260254,857.9830932617188,322.64697790145874,890.3174591064453,292.53905296325684,914.8566436767578,273.35849046707153,933.5324096679688,256.95480823516846,875.2241516113281,330.4043126106262,906.0652160644531,298.0901098251343,928.1934356689453,277.487998008728,946.0425567626953,258.1085443496704,887.0374298095703,344.2768692970276,906.8949127197266,346.0356903076172,892.8094482421875,362.8479480743408,879.3978881835938,370.33225536346436,891.9926452636719,360.5999565124512,905.2559661865234,360.9269714355469,896.9863891601562,371.4816999435425,887.1797943115234,377.41607666015625,20,1787749167.3920505
830.7478332519531,421.9484281539917,837.5203704833984,398.0550956726074,859.5896148681641,377.0301818847656,889.9786376953125,367.28771209716797,917.5044250488281,360.6744146347046,865.0016784667969,325.9579396247864,900.7560729980469,301.69952630996704,926.9711303710938,287.6554584503174,948.9448547363281,276.2284326553345,880.1676177978516,335.4498052597046,914.5289611816406,310.728657245636,939.3965148925781,296.2240219116211,958.9234924316406,284.47388648986816,891.4212799072266,349.8906898498535,915.4227447509766,349.60169792175293,904.0836334228516,364.47160720825195,892.0767211914062,371.7972993850708,898.8494110107422,364.2950963973999,918.1134796142578,360.5124092102051,913.3818817138672,368.56534481048584,906.5902709960938,372.6244068145752,21,1787749167.436888
826.9471740722656,420.79833984375,833.7200164794922,395.045485496521,858.4630584716797,372.6624298095703,891.5390777587891,366.7284393310547,918.4088134765625,362.9783248901367,862.2393035888672,325.2935457229614,899.4699096679688,302.3217988014221,925.9590148925781,288.84507179260254,947.5694274902344,277.72207975387573,875.7113647460938,336.17992401123047,913.2492065429688,311.6869354248047,938.8201904296875,297.74861097335815,959.6975708007812,285.0813102722168,885.8026123046875,352.40769624710083,911.6423797607422,353.99088621139526,897.1565246582031,365.5008888244629,882.4155426025391,370.1374626159668,890.4589080810547,370.11287212371826,910.2194213867188,369.1026449203491,901.9983673095703,375.7198476791382,892.7893829345703,377.61653423309326,22,1787749167.495432
829.9118041992188,418.8692092895508,839.5888519287109,400.3190517425537,863.6219787597656,380.45547008514404,892.9461669921875,369.7547435760498,919.2403411865234,362.17984199523926,866.6786956787109,325.01500368118286,903.4817504882812,302.4465751647949,929.2735290527344,289.88319396972656,949.8847198486328,278.95546674728394,880.2075958251953,331.57776832580566,915.4550933837891,308.7830901145935,940.0990295410156,296.0562014579773,959.08447265625,284.36623334884644,890.8375549316406,344.36817169189453,915.2108764648438,348.94221782684326,903.2389068603516,364.97453212738037,891.0111236572266,371.81480884552,896.4777374267578,359.2262363433838,914.2885589599609,361.70125007629395,907.142333984375,372.0524740219116,898.9112854003906,376.6310691833496,23,1787749167.555003
829.2130279541016,418.0388832092285,840.3783416748047,401.1662006378174,864.8405456542969,381.69336318969727,893.5879516601562,370.2454376220703,918.9217376708984,361.460280418396,865.2732849121094,325.33596754074097,902.8591156005859,303.2152318954468,928.9680480957031,290.7867121696472,949.6577453613281,279.9836754798889,878.8993072509766,330.41723012924194,914.3924713134766,308.60625743865967,939.31884765625,295.6613802909851,958.5472869873047,283.68342876434326,889.3944549560547,341.93212509155273,914.5257568359375,347.0492649078369,903.8059234619141,363.91340732574463,892.3030853271484,371.73859119415283,894.8961639404297,355.53837060928345,912.9368591308594,358.07511806488037,907.1613311767578,369.06603813171387,900.0566101074219,374.72712993621826,24,1787749167.611982
828.2660675048828,411.75620555877686,830.5461120605469,382.82233715057373,850.7070922851562,354.30575609207153,880.1107025146484,340.529522895813,903.0045318603516,335.03936290740967,847.4087524414062,309.85745429992676,873.1861114501953,273.073468208313,891.9570159912109,249.84609603881836,906.9556427001953,231.22673749923706,859.4484710693359,321.6534662246704,883.6156463623047,282.34657287597656,900.6111907958984,256.8258047103882,915.8798217773438,234.52059745788574,867.3664855957031,341.1494565010071,888.5912322998047,323.68271827697754,890.7369995117188,317.2944903373718,891.3672637939453,309.825975894928,870.6734466552734,364.5261526107788,885.5478668212891,352.3763036727905,888.5266876220703,350.3848385810852,890.0827026367188,349.83925580978394,25,1787749167.6654332
842.3513793945312,423.1339645385742,850.6775665283203,405.3285598754883,873.7306213378906,386.6170406341553,902.4720764160156,378.56672286987305,925.7472991943359,376.8974447250366,875.6519317626953,342.068510055542,905.2989196777344,317.75898456573486,928.1942749023438,301.6247892379761,946.0029602050781,290.53572177886963,885.3655242919922,348.0699849128723,916.0318756103516,326.69970989227295,940.5012512207031,310.7847476005554,960.1686859130859,297.8078556060791,893.6580657958984,359.945969581604,921.5567016601562,356.67131423950195,923.6192321777344,368.44058990478516,920.5545043945312,377.83119678497314,899.8648071289062,373.75213623046875,922.7136993408203,372.4803829193115,926.1431884765625,378.31862926483154,924.7957611083984,384.4151830673218,26,1787749167.846432
835.4656982421875,415.93225479125977,843.3738708496094,390.0243043899536,860.2228546142578,366.9088554382324,888.7673187255859,355.61368703842163,913.0206298828125,351.25559091567993,850.9938049316406,321.7328381538391,877.2209167480469,291.1128902435303,898.8385772705078,270.64621925354004,916.595458984375,255.51102876663208,861.4974975585938,331.9418406486511,885.6623840332031,300.4992485046387,905.9531402587891,277.9705810546875,923.9131164550781,260.0014114379883,870.6051635742188,348.18270206451416,895.2338409423828,337.30209589004517,893.0406188964844,347.7898120880127,887.6035308837891,357.02744722366333,877.0175933837891,366.99219703674316,897.8150177001953,355.2339506149292,897.452392578125,359.2709970474243,893.78662109375,363.59179973602295,27,1787749168.0904524
834.0846252441406,433.3697032928467,842.8935241699219,402.6822280883789,865.2874755859375,375.0140190124512,894.9694061279297,363.0494785308838,917.1691131591797,355.0701856613159,855.9804534912109,332.92760610580444,882.4472045898438,304.19230699539185,905.2753448486328,285.9518051147461,926.1865234375,273.7688684463501,864.0855407714844,347.7689552307129,891.8390655517578,319.0466594696045,915.1069641113281,299.139347076416,936.7019653320312,285.04581928253174,871.2979888916016,367.909255027771,899.9660491943359,362.2657585144043,891.3558959960938,372.1358585357666,880.8319854736328,380.5688524246216,875.8746337890625,389.5978116989136,898.720703125,381.2510347366333,899.4335174560547,381.1176538467407,896.9599151611328,381.007661819458,28,1787749168.145815
831.8870544433594,436.91566944122314,841.0926818847656,409.1315460205078,863.2259368896484,381.8381595611572,891.6852569580078,369.23418045043945,913.2050323486328,362.42724895477295,856.4900207519531,334.27364587783813,886.3440704345703,305.41234731674194,910.2579498291016,287.7770805358887,930.6907653808594,275.202841758728,864.5730590820312,347.50197887420654,892.659912109375,317.9836893081665,914.5831298828125,298.7844157218933,933.929443359375,284.7430086135864,871.8272399902344,366.07337951660156,899.4522094726562,359.6076464653015,893.8063049316406,370.00970363616943,885.8596801757812,379.2982578277588,876.5180206298828,386.56678676605225,898.7870025634766,378.25005054473877,901.1162567138672,377.9734182357788,899.9409484863281,377.86089420318604,29,1787749168.2044709
830.5074310302734,426.1070966720581,833.6183929443359,393.4729814529419,852.8398895263672,363.90276432037354,883.4092712402344,351.30088806152344,906.0597229003906,347.5860285758972,849.2615509033203,325.0229001045227,877.2569274902344,290.1326394081116,897.657470703125,267.6437759399414,914.9590301513672,249.65239763259888,862.1506500244141,336.4858675003052,887.4774932861328,300.71927547454834,905.9497833251953,275.77908754348755,923.0268859863281,255.51862478256226,872.5681304931641,354.2255687713623,898.2723236083984,347.5668668746948,885.4158020019531,361.4707946777344,871.5863800048828,371.49500370025635,879.9003601074219,375.660195350647,900.6034851074219,367.05416679382324,894.0277862548828,373.7809753417969,883.8844299316406,380.08901596069336,30,1787749168.2565877
830.916748046875,435.49933433532715,844.8760986328125,401.9337844848633,868.419189453125,370.4330635070801,897.44140625,358.9743661880493,922.1170043945312,354.2959713935852,858.8521575927734,332.34524488449097,890.6954956054688,305.2231979370117,915.9480285644531,289.28688526153564,937.5075531005859,277.8580570220947,864.0445709228516,344.02920484542847,896.7411804199219,314.1647171974182,920.6378173828125,297.47004747390747,942.8430938720703,284.63889598846436,869.296875,361.4686918258667,900.8625793457031,334.9893879890442,921.9073486328125,319.73066568374634,940.0183868408203,309.3771243095398,873.2457733154297,383.1202983856201,898.1367492675781,367.70145893096924,911.8497467041016,363.479061126709,922.6631164550781,362.1896696090698,31,1787749168.3188105
831.6745758056641,438.3772802352905,849.6177673339844,402.3631954193115,876.7605590820312,368.3455753326416,908.4690856933594,354.1164565086365,936.2832641601562,347.93606758117676,860.5567932128906,333.37276697158813,891.7912292480469,308.53763580322266,917.1378326416016,293.3800220489502,939.0329742431641,282.0480966567993,862.6752471923828,347.161660194397,894.2333984375,318.70571851730347,917.6569366455078,302.8565454483032,939.5262145996094,289.2795252799988,865.4679870605469,366.2237548828125,896.6785430908203,346.65942192077637,910.8756256103516,342.45601415634155,921.6658020019531,340.2641773223877,868.1478118896484,388.65496158599854,894.2119598388672,375.6399393081665,905.2223968505859,374.7409915924072,912.7935028076172,375.2964448928833,32,1787749168.3725789
839.0897369384766,442.44290828704834,850.8905792236328,419.53263759613037,872.2129821777344,394.63555812835693,898.2647705078125,380.03331184387207,922.8762054443359,369.6671533584595,872.4182891845703,336.8389964103699,907.3516845703125,319.167423248291,931.9084930419922,308.62260818481445,953.0197906494141,299.14687871932983,881.9084167480469,341.70759201049805,914.5736694335938,325.3542709350586,937.6109313964844,313.7939929962158,956.7397308349609,302.8124713897705,889.2562866210938,352.4892568588257,917.0899963378906,349.1420531272888,918.7020111083984,358.8499331474304,918.3847808837891,363.4842538833618,894.8939514160156,364.4492483139038,914.8923492431641,361.51843070983887,917.5849914550781,369.8701000213623,918.1349182128906,374.7058439254761,33,1787749168.427046
835.3462219238281,440.27873039245605,849.7846221923828,420.4250192642212,872.57080078125,396.1427879333496,898.543701171875,381.3355779647827,922.7055358886719,370.06231784820557,867.9307556152344,337.24177837371826,904.3248748779297,320.973858833313,929.6916961669922,310.5017423629761,950.2525329589844,301.11534118652344,875.2528381347656,342.54165172576904,910.2012634277344,325.2263402938843,934.2108154296875,313.52800369262695,953.5017395019531,302.4436140060425,881.6170501708984,355.1142168045044,911.9292449951172,355.64879179000854,908.1723022460938,369.7310543060303,901.7610168457031,377.55297660827637,886.8583679199219,369.83932971954346,909.6896362304688,367.255482673645,913.0213928222656,375.30086517333984,913.6211395263672,379.9812984466553,34,1787749168.4817357
834.12841796875,435.10901927948,845.0874328613281,409.14446353912354,866.9760894775391,385.5138158798218,896.7253875732422,374.86119747161865,921.4015197753906,370.644850730896,863.8722229003906,335.95927476882935,896.4157867431641,311.2333631515503,922.6731109619141,296.54953479766846,944.4895172119141,285.8219003677368,872.7764129638672,346.95738315582275,903.3759307861328,318.3849906921387,928.1497192382812,301.5369200706482,948.6203002929688,289.47275161743164,880.9792327880859,364.05996322631836,907.9055786132812,360.3508758544922,904.188232421875,372.66685009002686,896.6738128662109,381.93334579467773,887.2640991210938,382.57832050323486,908.5970306396484,379.23542976379395,906.7842102050781,386.440486907959,901.5879821777344,390.97959995269775,35,1787749168.5323343
839.1933441162109,444.247670173645,857.1134948730469,423.1077003479004,881.973876953125,398.99369716644287,909.3636322021484,388.3046007156372,931.6728210449219,385.13899326324463,881.1212158203125,347.7775812149048,915.6794738769531,330.074679851532,942.5724029541016,324.9804997444153,965.1902770996094,323.19464206695557,885.3406524658203,351.0862898826599,921.0452270507812,337.4270009994507,947.3104095458984,333.0836248397827,971.4682769775391,330.96701860427856,889.56298828125,360.4636573791504,921.9952392578125,346.5475630760193,945.0004577636719,342.64164447784424,966.7950439453125,341.0434341430664,892.6761627197266,372.6374101638794,915.4092407226562,365.4284906387329,928.7729644775391,367.1152353286743,940.6275939941406,369.25971508026123,36,1787749168.5743392
838.7803649902344,444.1136884689331,852.0563507080078,420.82091331481934,876.7617034912109,397.07194805145264,905.8895111083984,387.32621669769287,929.2739868164062,386.24183177948,881.8717956542969,349.5192790031433,917.7011871337891,333.32680463790894,944.7267150878906,326.7774724960327,967.1343231201172,322.7450394630432,888.4314727783203,354.6745276451111,924.2704772949219,339.949586391449,949.7800445556641,334.7430968284607,972.7468872070312,331.1244320869446,893.2921600341797,365.12683868408203,925.2105712890625,350.581111907959,947.9645538330078,345.6785273551941,969.1768646240234,342.91956424713135,895.858154296875,377.9029941558838,917.4198913574219,371.1830949783325,928.36181640625,373.59819889068604,937.9545593261719,376.6001272201538,37,1787749168.634961
840.2352905273438,438.59254360198975,855.0312042236328,423.6386489868164,878.1575012207031,404.0108013153076,903.1334686279297,393.35174560546875,927.8767395019531,388.3182907104492,880.0804138183594,348.7336277961731,919.8407745361328,340.06670236587524,948.9407348632812,335.43980598449707,973.0519866943359,332.34076023101807,888.4320831298828,350.774188041687,927.0692443847656,339.1848134994507,953.4637451171875,334.34428453445435,976.2886047363281,329.2878270149231,896.3875579833984,357.94506311416626,930.4789733886719,348.56117248535156,945.0457763671875,348.5176992416382,957.3457336425781,347.28450536727905,902.3996734619141,367.3279666900635,929.0082550048828,358.8428521156311,939.4957733154297,360.9506607055664,947.4479675292969,361.15038871765137,38,1787749168.6929119
842.2407531738281,436.20816707611084,855.1731872558594,423.41046810150146,877.7438354492188,404.18649673461914,903.1707763671875,393.6125421524048,927.0848846435547,388.10418605804443,880.10009765625,348.58930349349976,919.4114685058594,339.1866159439087,948.4119415283203,334.2690324783325,972.0897674560547,331.0914087295532,888.4606170654297,350.2888584136963,926.9140625,339.68387603759766,953.5407257080078,335.2521586418152,976.8109893798828,331.0433006286621,896.2822723388672,357.7661061286926,931.3722991943359,347.747905254364,952.0500183105469,344.62212324142456,970.0490570068359,341.8776226043701,902.2264099121094,367.8574562072754,928.8362884521484,361.56482219696045,940.5404663085938,364.55615043640137,950.2770233154297,366.36855125427246,39,1787749168.756315
841.7039489746094,394.05487060546875,854.2691802978516,382.8913879394531,878.3734893798828,360.100679397583,903.6964416503906,344.16048288345337,925.6153106689453,334.8096799850464,870.3486633300781,309.49960470199585,901.8722534179688,278.73305797576904,925.4794311523438,258.54625940322876,943.5755157470703,244.24148082733154,873.3260345458984,309.0137815475464,902.7678680419922,277.05575466156006,926.9789123535156,256.80209398269653,948.1546020507812,241.826913356781,877.2704315185547,315.38930654525757,902.3662567138672,286.0745859146118,925.5248260498047,265.79878091812134,946.0910797119141,251.05118036270142,879.12353515625,326.59385919570923,897.4440765380859,310.68389654159546,912.2782897949219,304.22091007232666,924.6228790283203,301.71958923339844,40,1787749168.8738303
841.8180084228516,394.87493991851807,856.3530731201172,381.3911533355713,879.9183654785156,357.6909828186035,903.6397552490234,341.98564052581787,924.0864562988281,332.4407744407654,869.5883941650391,308.2693290710449,901.1311340332031,278.06615352630615,925.2688598632812,258.75701665878296,943.9476013183594,244.75183010101318,874.5640563964844,308.2387948036194,905.771484375,277.3963522911072,928.7915802001953,258.70991706848145,947.5445556640625,244.3585753440857,879.688720703125,313.51075172424316,910.6793975830078,299.54275131225586,922.1001434326172,296.3967776298523,929.2238616943359,291.2186336517334,882.9305267333984,322.6962447166443,905.5458068847656,312.6078128814697,913.6977386474609,314.2608046531677,915.8949279785156,316.2487721443176,41,1787749168.9039135
885.1584625244141,439.84241008758545,900.3211212158203,429.0657663345337,925.3785705566406,416.2900400161743,951.6216278076172,412.4975252151489,974.1809844970703,413.45123291015625,937.0338439941406,365.66173553466797,980.6401824951172,353.210084438324,1012.1559143066406,346.4258551597595,1037.6773071289062,341.04034423828125,945.6592559814453,370.0593566894531,989.5297241210938,361.2611961364746,1021.6734313964844,355.72412967681885,1048.3358764648438,349.3431758880615,952.2950744628906,378.4850549697876,981.9503021240234,391.3430070877075,972.1160125732422,406.4757299423218,962.4920654296875,411.5972900390625,955.5718231201172,388.3993148803711,978.2546234130859,389.7734212875366,979.4599914550781,394.30579662323,976.8470764160156,394.75868225097656,42,1787749169.1704292
869.7369384765625,426.502046585083,879.2411041259766,408.049693107605,904.4236755371094,389.23088550567627,937.1259307861328,381.2455415725708,963.0226135253906,376.6449737548828,904.6883392333984,339.4498586654663,938.6925506591797,305.87523221969604,962.6701354980469,285.2088761329651,980.5660247802734,268.32048654556274,916.9371032714844,347.4856495857239,950.5709075927734,313.2926344871521,973.7628173828125,291.291139125824,992.4253845214844,272.5570034980774,926.3844299316406,362.87914752960205,953.6276245117188,361.7979383468628,947.5904083251953,374.9515771865845,938.4871673583984,382.3995351791382,933.0342102050781,380.69729804992676,955.7241821289062,374.26973819732666,962.2347259521484,375.84391593933105,964.2070007324219,377.85552978515625,43,1787749169.309769
867.7654266357422,432.9456567764282,879.8335266113281,414.4118070602417,904.9571228027344,394.3351936340332,935.3955078125,381.37797832489014,962.3556518554688,373.86242866516113,905.1368713378906,340.50782918930054,940.5323028564453,306.6603899002075,965.9066772460938,285.58741092681885,984.8287963867188,269.30009365081787,916.6400146484375,346.9586706161499,950.4257202148438,312.81644582748413,974.8961639404297,290.7960247993469,993.8140869140625,273.4852623939514,925.3170013427734,360.5855369567871,954.4346618652344,356.26951932907104,952.7657318115234,369.93485927581787,947.1623992919922,379.14942741394043,930.7305908203125,375.73997497558594,954.1233825683594,370.25341987609863,961.4622497558594,373.23556423187256,963.9076232910156,376.4613389968872,44,1787749169.365528
873.0403137207031,447.59077548980713,890.8975982666016,427.26799964904785,919.306640625,403.39603900909424,950.4087066650391,392.36138820648193,976.2645721435547,389.44220066070557,919.3675994873047,351.6729426383972,960.1481628417969,335.69740533828735,989.5819091796875,328.1236410140991,1013.8408660888672,324.07116651535034,928.0010986328125,357.47286558151245,967.7980041503906,343.5740876197815,995.7218933105469,335.43845415115356,1020.3669738769531,329.1327095031738,934.8503875732422,368.86815547943115,967.8860473632812,354.26251888275146,989.5120239257812,345.26606798171997,1009.3746185302734,340.11041164398193,938.3634185791016,381.8530511856079,959.2514801025391,375.1732349395752,970.8033752441406,375.8641719818115,981.3504791259766,378.6737108230591,45,1787749169.4303493
875.2745819091797,436.2446880340576,855.9728240966797,413.9958715438843,850.8589172363281,381.4321804046631,865.3667449951172,346.8449020385742,878.6074829101562,322.238552570343,831.1696624755859,341.63472175598145,820.8860778808594,297.5341200828552,813.5832977294922,268.39818477630615,808.8166809082031,244.03643131256104,852.5307464599609,338.24520349502563,835.3202819824219,292.7332019805908,830.3768920898438,263.8825249671936,828.4961700439453,240.52048444747925,876.1620330810547,346.29807472229004,877.9192352294922,324.16600942611694,876.4464569091797,344.36100482940674,874.6593475341797,360.3348684310913,900.60546875,360.3961944580078,904.0106964111328,344.36372995376587,898.8385772705078,357.8015971183777,893.897705078125,368.45964431762695,46,1787749169.953521
879.2388916015625,438.5450792312622,859.4684600830078,417.4227046966553,849.3373107910156,384.78163719177246,864.2948150634766,348.3961844444275,878.1021118164062,318.48116397857666,831.4692687988281,336.76835775375366,818.9592742919922,290.58237075805664,815.074462890625,259.28661346435547,811.0532379150391,233.447585105896,854.4550323486328,333.59867334365845,840.6934356689453,283.57354402542114,832.5101470947266,254.51580047607422,825.3327941894531,229.89818572998047,879.1609954833984,342.8733444213867,880.2345275878906,325.8629035949707,878.3387756347656,353.9181876182556,875.9583282470703,372.2015190124512,901.7996978759766,360.4179096221924,901.9368743896484,342.91786909103394,898.0136871337891,362.06512928009033,894.6436309814453,375.84211349487305,47,1787749170.0258555
884.5963287353516,432.3479747772217,869.7562408447266,403.1758403778076,869.5404815673828,364.2666006088257,890.6120300292969,329.1903877258301,909.2662811279297,301.93071126937866,854.3742370605469,313.52800369262695,850.7626342773438,265.6437063217163,850.0833129882812,233.13932418823242,849.3505859375,207.50004529953003,879.6285247802734,313.56804370880127,873.4765625,261.01490020751953,870.3926086425781,229.03335571289062,868.0030059814453,202.4050498008728,904.9124145507812,326.8446350097656,914.2860412597656,305.918447971344,910.09765625,333.6637759208679,904.5298767089844,353.20175886154175,925.1933288574219,348.14010858535767,931.7860412597656,328.19342136383057,925.9837341308594,346.00414752960205,918.9747619628906,359.89962100982666,48,1787749170.0691447
887.3423767089844,436.6907501220703,882.3030853271484,414.56475734710693,883.1774139404297,378.49127769470215,893.8067626953125,340.41817903518677,900.7131958007812,307.8961372375488,845.0167846679688,331.2147903442383,829.1531372070312,280.768940448761,823.1462097167969,246.0233473777771,816.3229370117188,217.10795402526855,864.3682098388672,321.855833530426,850.6301116943359,266.8637681007385,845.1163482666016,232.9764175415039,837.2480773925781,202.55351543426514,885.1872253417969,325.1654863357544,902.3907470703125,306.1869478225708,905.0430297851562,336.9451689720154,900.1313018798828,357.25457668304443,903.1870269775391,335.9252858161926,916.8656158447266,320.95126390457153,915.2132415771484,344.0857672691345,909.7531127929688,361.8465185165405,49,1787749170.1148984
884.3572998046875,439.4524383544922,874.3040466308594,413.92810821533203,874.0723419189453,375.6692934036255,884.5531463623047,337.6156997680664,895.8512878417969,308.21712255477905,846.3986968994141,330.82977533340454,828.5691070556641,278.8880467414856,821.7841339111328,243.39652061462402,815.220947265625,214.01697635650635,865.5345916748047,323.1749224662781,853.1204223632812,266.94037199020386,846.9171142578125,231.82701587677002,839.7718048095703,202.22628593444824,885.4714965820312,327.1490979194641,899.7378540039062,308.24012517929077,900.7917022705078,336.889808177948,896.40625,357.3801255226135,904.0815734863281,338.1569480895996,915.1851654052734,318.7664008140564,914.4634246826172,337.997989654541,909.8465728759766,355.6232786178589,50,1787749170.1559584
880.2011871337891,443.2939624786377,864.4528961181641,416.40071868896484,856.4813995361328,377.1980667114258,865.0881195068359,336.3348054885864,882.2172546386719,302.4567246437073,836.3658905029297,325.07349729537964,821.6960906982422,273.4005045890808,814.4178771972656,239.59484338760376,808.5527801513672,210.52778720855713,858.5580444335938,320.5554986000061,839.0704345703125,266.5547561645508,826.5451812744141,235.37954807281494,816.4859008789062,207.82386302947998,882.1778869628906,328.83363246917725,887.9468536376953,302.3326563835144,889.041748046875,334.24184560775757,886.5296936035156,358.4849810600281,903.8629913330078,344.11741733551025,906.6152954101562,317.4390721321106,907.3957824707031,334.46792364120483,906.5168762207031,351.0737371444702,51,1787749170.1949418
880.634765625,447.50580310821533,864.9997711181641,418.9753818511963,859.549560546875,378.43849182128906,867.8604125976562,336.35969638824463,884.0169525146484,301.4714741706848,838.5639190673828,327.31728315353394,823.5997009277344,274.6864628791809,815.6938171386719,239.57810640335083,809.0247344970703,209.62559938430786,860.8778381347656,322.1837282180786,843.1195831298828,266.1449360847473,832.177734375,232.00000762939453,823.1589508056641,202.50725269317627,883.3115386962891,329.43910360336304,889.5075988769531,302.8246593475342,888.9665222167969,333.79140615463257,885.4261016845703,357.7955460548401,902.7107238769531,342.9185128211975,905.0970458984375,315.60173749923706,904.3736267089844,333.6266756057739,902.7696228027344,351.5485954284668,52,1787749170.2462287
881.8801879882812,442.19794750213623,898.7444305419922,399.5146894454956,905.8837127685547,358.71333360671997,909.1996002197266,322.06169843673706,913.1861877441406,291.1016035079956,864.2951202392578,315.73694229125977,854.8196411132812,262.52354621887207,851.4228820800781,229.78064060211182,847.6516723632812,204.00092124938965,862.9853057861328,320.4763197898865,855.1530456542969,275.11812686920166,854.3070220947266,251.14896297454834,851.2015533447266,231.27975940704346,868.3872222900391,331.9089674949646,875.1913452148438,304.48537588119507,884.7010040283203,303.15218925476074,889.4808959960938,303.2184076309204,875.8306884765625,347.1428847312927,880.7738494873047,329.2498469352722,888.9954376220703,330.0112509727478,894.4687652587891,335.78239917755127,53,1787749170.28264
880.7672882080078,436.4100408554077,894.0981292724609,400.5259037017822,900.3998565673828,361.9496440887451,905.550537109375,325.3951048851013,910.9202575683594,293.17001581192017,861.1200714111328,314.25689935684204,851.3523101806641,260.64297437667847,847.2365570068359,228.42473030090332,843.5784912109375,203.7692427635193,863.8697052001953,315.60813188552856,854.5741271972656,267.82429933547974,851.9727325439453,241.95759057998657,849.5597076416016,223.228497505188,871.8953704833984,323.32531929016113,875.2202606201172,291.09984397888184,882.9383850097656,289.547381401062,887.7169036865234,290.36869525909424,881.1227416992188,334.4672155380249,884.5398712158203,310.0843906402588,892.3104858398438,308.65556716918945,898.0176544189453,312.9300856590271,54,1787749170.3200698
895.0550842285156,417.6086139678955,887.0460510253906,388.3801317214966,887.386474609375,351.87983751296997,900.2513885498047,316.35743379592896,920.4161834716797,288.1136441230774,870.6999206542969,300.0278663635254,865.6295013427734,248.36362838745117,864.9025726318359,215.18968105316162,863.9765167236328,189.34990167617798,891.7481994628906,298.421094417572,887.6278686523438,241.7221999168396,885.3270721435547,210.99946975708008,883.0387878417969,186.76180601119995,911.8329620361328,307.2150492668152,930.4827117919922,284.0301203727722,926.7811584472656,312.6850175857544,920.06591796875,333.8375186920166,927.3881530761719,322.9267430305481,939.3730163574219,304.0234136581421,936.1084747314453,323.46479415893555,930.7205963134766,340.32644748687744,55,1787749170.3577797
896.9274139404297,407.27099418640137,888.9508056640625,375.7591152191162,891.1433410644531,341.5889310836792,906.4830780029297,309.45542335510254,926.9944763183594,285.5604600906372,873.3047485351562,297.1680951118469,867.8331756591797,246.49548053741455,865.9748840332031,214.39857959747314,864.3951416015625,188.90950441360474,892.5228118896484,294.46672439575195,887.5613403320312,240.50492763519287,885.4350280761719,208.99141788482666,883.6125183105469,184.35333251953125,911.197509765625,302.0724391937256,927.6470947265625,288.0927014350891,924.7821044921875,314.2707395553589,918.6782073974609,332.8692626953125,925.0315093994141,315.3584289550781,935.4404449462891,303.21611166000366,932.3149108886719,321.2163519859314,927.8837585449219,336.7069888114929,56,1787749170.3972948
885.5121612548828,417.93142318725586,868.3090209960938,392.3340082168579,862.4900054931641,358.077392578125,877.0555877685547,321.4561629295349,892.081298828125,292.01261043548584,839.4534301757812,311.51291370391846,823.0541229248047,260.64059257507324,818.0914306640625,229.52181816101074,813.8522338867188,204.15181159973145,862.3837280273438,306.38880014419556,847.303466796875,252.59312868118286,840.5996704101562,221.91230535507202,834.5777893066406,196.88763856887817,884.4685363769531,313.3519649505615,892.293701171875,297.4178624153137,892.8494262695312,323.510799407959,890.1862335205078,340.9187650680542,902.6708221435547,326.01171255111694,908.0680847167969,311.8445420265198,906.6544342041016,329.3277597427368,903.8925170898438,343.5472011566162,57,1787749170.4457839
884.1089630126953,433.1118679046631,888.4883880615234,394.33287620544434,892.7101898193359,355.3781247138977,900.4487609863281,321.1088275909424,906.5620422363281,292.4596166610718,858.2439422607422,317.07693099975586,847.6985931396484,266.5655279159546,842.9656982421875,232.61627197265625,837.8793334960938,206.66845321655273,868.8758850097656,321.0663414001465,857.9798126220703,271.9282937049866,852.6211547851562,244.6260666847229,846.0138702392578,223.5104513168335,884.2868804931641,333.3836889266968,894.9030303955078,311.30930185317993,897.1763610839844,322.1460485458374,894.4956970214844,330.8215141296387,899.2948150634766,350.91291189193726,908.6334991455078,338.5538721084595,910.2686309814453,347.98943281173706,908.5842132568359,358.73807430267334,58,1787749170.501396
880.1043701171875,452.75580883026123,894.4398498535156,406.5313911437988,899.7655487060547,362.2490644454956,904.8820495605469,326.26115798950195,910.9471130371094,296.2959909439087,857.2329711914062,327.9420232772827,846.8354797363281,275.32257556915283,843.6451721191406,240.3361415863037,841.9731903076172,214.35617923736572,862.3499298095703,337.61162281036377,852.2432708740234,289.4195365905762,854.8748779296875,262.8209924697876,858.6885070800781,240.71903228759766,874.7592926025391,355.7628607749939,877.0894622802734,324.5112419128418,885.3850555419922,315.18277645111084,892.645263671875,308.20345401763916,889.5366668701172,379.8059034347534,894.4123840332031,363.0455732345581,901.5261077880859,361.22471809387207,907.0668029785156,364.17943954467773,59,1787749170.5423458
886.4942169189453,433.4148073196411,885.1921844482422,392.25817680358887,890.7792663574219,349.8645544052124,904.4334411621094,315.3790068626404,918.6162567138672,287.9689121246338,864.4072723388672,309.82616901397705,856.7324066162109,255.51748752593994,855.7571411132812,220.39016246795654,853.8497161865234,192.8175687789917,880.8995056152344,312.21670389175415,875.3854370117188,252.1640181541443,873.4658050537109,217.19889163970947,871.7138671875,190.63982963562012,897.8202056884766,326.2444853782654,915.7769775390625,304.6744179725647,912.4892425537109,324.9549436569214,904.9127960205078,340.73472261428833,911.0989379882812,347.4218988418579,923.7775421142578,332.6631832122803,920.5579376220703,345.81716537475586,913.1344604492188,357.462158203125,60,1787749170.6129994
888.6602020263672,424.92748260498047,885.003662109375,390.4192113876343,889.7357940673828,350.88890075683594,905.2766418457031,315.9866452217102,918.8775634765625,287.33054637908936,864.8933410644531,306.0563349723816,855.5544281005859,251.30229949951172,854.5243072509766,217.311372756958,852.3876953125,190.55440664291382,882.8471374511719,304.0971636772156,877.0864105224609,245.93090772628784,875.9709167480469,212.06220388412476,873.9956665039062,186.14693641662598,900.1031494140625,313.7272810935974,915.6890869140625,296.6530466079712,913.6797332763672,321.1674928665161,906.8081665039062,337.71745204925537,913.7624359130859,330.43192863464355,925.6836700439453,316.5871596336365,922.1551513671875,334.34449911117554,914.5652770996094,348.8579535484314,61,1787749170.6699812
874.0570831298828,423.4305953979492,858.1092071533203,396.24406814575195,854.9634552001953,358.9066243171692,869.7236633300781,321.0974335670471,885.7504272460938,293.0102205276489,833.6734771728516,307.98424243927,821.4173126220703,258.621768951416,816.7790222167969,228.16736698150635,813.2183837890625,203.08371305465698,855.5882263183594,304.4170117378235,842.8071594238281,249.98655796051025,836.5489959716797,220.37243843078613,831.0035705566406,194.97797012329102,877.0278930664062,312.2003102302551,888.2144165039062,293.1866455078125,886.1480712890625,321.6565775871277,880.6758880615234,341.36624336242676,894.7332000732422,326.7763352394104,900.6398010253906,308.0185317993164,897.6065826416016,328.87624740600586,894.0276336669922,347.04819202423096,62,1787749170.7418013
875.2394104003906,432.1996593475342,871.4572143554688,396.5449047088623,873.6347198486328,356.00677013397217,885.5595397949219,318.84148120880127,897.5478363037109,289.55742359161377,846.4279174804688,310.6623959541321,838.5879516601562,262.8427720069885,837.1645355224609,230.52942752838135,835.7386779785156,204.59645748138428,864.7060394287109,309.4861078262329,860.4351806640625,256.45806312561035,857.9963684082031,228.23118209838867,854.6666717529297,205.34756183624268,884.1849517822266,318.9666223526001,900.2142333984375,294.945273399353,897.2257232666016,316.0623049736023,889.7141265869141,331.96520805358887,901.2342071533203,336.0010528564453,913.8410186767578,315.43818712234497,910.2774810791016,329.89201068878174,904.2804718017578,342.7825355529785,63,1787749170.785312
876.4393615722656,424.2455577850342,867.2084045410156,393.2698631286621,868.0527496337891,354.7756361961365,882.6814270019531,318.7702417373657,899.3325042724609,289.9785089492798,843.4263610839844,306.65311574935913,836.2322998046875,258.65511417388916,836.1798095703125,226.06850624084473,836.2191772460938,199.2349147796631,863.8583374023438,303.4553003311157,857.9713439941406,251.9867992401123,854.5448303222656,223.16923141479492,850.9779357910156,199.53534364700317,885.035400390625,310.9581470489502,899.5359039306641,292.3744297027588,896.1197662353516,320.41046619415283,888.9265441894531,338.33019733428955,903.9016723632812,325.55524349212646,913.8784027099609,306.321702003479,910.0494384765625,323.9457035064697,904.5081329345703,337.85679817199707,64,1787749170.8421714
872.47314453125,419.59224700927734,863.5734558105469,392.42584705352783,862.5937652587891,359.2615342140198,867.4717712402344,328.80447149276733,877.0612335205078,304.2150092124939,845.6830596923828,305.8625078201294,839.0760803222656,256.55492305755615,838.0423736572266,225.0214147567749,837.1562194824219,199.55270290374756,865.2281188964844,303.0394506454468,862.0761108398438,249.98810291290283,859.1925811767578,220.51109790802002,855.5298614501953,196.55635356903076,885.1849365234375,310.21268606185913,899.6739196777344,291.2389540672302,892.8351593017578,317.71973848342896,884.0554809570312,335.8946442604065,901.9523620605469,324.1270422935486,910.2775573730469,308.81343126296997,903.4955596923828,327.64989852905273,896.9155120849609,342.4053955078125,65,1787749170.8920798
872.5478363037109,421.5758800506592,870.4467010498047,391.2813377380371,875.1699066162109,353.2583212852478,886.3922119140625,318.9915990829468,897.7334594726562,291.9030261039734,845.4252624511719,308.9995336532593,838.9485168457031,258.68639945983887,839.4141387939453,225.8356475830078,839.2286682128906,199.68475341796875,862.8102111816406,306.7146134376526,859.1061401367188,253.27340126037598,857.7873992919922,223.3473300933838,854.8482513427734,198.8468313217163,881.7437744140625,313.7020683288574,899.5043182373047,293.176646232605,895.1651000976562,317.4319911003113,886.1991119384766,333.366801738739,898.1234741210938,327.23984241485596,910.6917572021484,309.8298168182373,905.2954864501953,326.89454555511475,897.4734497070312,339.88205909729004,66,1787749170.9350185
869.0509033203125,421.2865447998047,863.2318115234375,390.254545211792,866.0237884521484,351.54541969299316,877.4037170410156,315.82067012786865,892.8927612304688,288.69866609573364,838.4388732910156,312.33094453811646,827.8506469726562,260.3715991973877,824.3302154541016,226.87670946121216,820.9824371337891,199.40927982330322,855.1506805419922,310.9173345565796,845.0634002685547,260.995888710022,837.6142883300781,230.7411289215088,830.0064849853516,205.659921169281,873.4165191650391,317.84651041030884,890.3127288818359,299.60328340530396,888.1913757324219,325.6817150115967,881.1761474609375,342.9211735725403,889.8116302490234,329.7770619392395,901.1690521240234,313.97292852401733,898.4343719482422,332.6328206062317,893.009033203125,347.5695061683655,67,1787749170.9755578
878.8312530517578,407.88159370422363,868.2811737060547,379.35134410858154,870.7335662841797,341.4851403236389,890.6418609619141,310.1502013206482,909.1703796386719,285.48874855041504,853.5593414306641,295.39249420166016,847.8517150878906,247.62672901153564,848.2325744628906,216.27430200576782,847.8539276123047,192.22623825073242,875.1493835449219,296.04180335998535,869.8549652099609,242.42268562316895,868.5105895996094,212.81993865966797,867.9430389404297,189.42656993865967,896.3761138916016,307.7451825141907,911.0124206542969,291.17507457733154,905.38818359375,317.8116202354431,898.251953125,334.6864700317383,912.5582885742188,326.6765785217285,922.1746826171875,311.74113750457764,914.5209503173828,330.9299612045288,905.5145263671875,344.4379734992981,68,1787749171.0582879
880.0440216064453,405.8356475830078,869.9899291992188,375.47317028045654,872.9050445556641,340.603723526001,891.6621398925781,308.35185527801514,910.1273345947266,283.56425285339355,854.1333770751953,296.4335560798645,848.2875823974609,247.88010120391846,847.2998809814453,216.3141918182373,846.021728515625,191.68232917785645,875.6954193115234,295.98039150238037,871.2770080566406,243.52157592773438,868.9281463623047,213.20029735565186,867.1788024902344,189.08474922180176,896.2593078613281,306.91582202911377,908.7447357177734,290.9804105758667,904.0299987792969,315.5385446548462,898.1880187988281,331.7621111869812,911.2409210205078,323.81858825683594,919.4245147705078,309.7948408126831,913.1195068359375,327.3966979980469,906.5193939208984,340.4010343551636,69,1787749171.11667
873.5911560058594,417.8146505355835,881.5190887451172,389.72290992736816,885.6681823730469,353.2021236419678,892.4624633789062,319.35612201690674,898.3254241943359,291.9714331626892,844.1653442382812,315.6337094306946,832.4089050292969,266.8429970741272,827.5439453125,233.56021642684937,823.1422424316406,209.7860813140869,853.0548095703125,311.64464235305786,845.4593658447266,257.2630262374878,844.7511291503906,226.2088394165039,842.3088073730469,203.59129428863525,866.5424346923828,316.8802070617676,885.1943206787109,290.61826944351196,890.7977294921875,309.71888065338135,888.9115905761719,325.9518885612488,879.6595001220703,327.9898524284363,895.758056640625,307.64885902404785,900.4012298583984,321.3855028152466,899.27001953125,336.64212226867676,70,1787749171.1610436
871.9650268554688,416.93140983581543,871.9917297363281,386.39830112457275,874.6966552734375,348.6335062980652,884.4954681396484,316.4508819580078,893.0236053466797,292.64207124710083,846.3799285888672,310.8386492729187,835.1732635498047,261.6546392440796,830.7130432128906,229.56576347351074,825.7772827148438,205.41893005371094,858.6520385742188,307.09864139556885,851.9019317626953,256.2403964996338,848.9387512207031,225.05591869354248,844.1505432128906,201.57217025756836,874.1994476318359,311.9143009185791,894.7845458984375,296.85088634490967,895.384521484375,320.01519441604614,889.0277099609375,337.7357769012451,889.6029663085938,322.9150915145874,905.7834625244141,310.64115285873413,904.7513580322266,328.33834648132324,897.5217437744141,344.44477558135986,71,1787749171.2032914
872.5127410888672,419.332480430603,868.8634490966797,385.27645111083984,870.9548187255859,347.7428197860718,882.2409820556641,313.82832527160645,892.9806518554688,284.39717531204224,836.1941528320312,312.9116106033325,824.8731231689453,262.20661640167236,820.9461975097656,227.265522480011,818.4323883056641,199.71996545791626,851.9219970703125,309.9436283111572,838.9651489257812,257.82272815704346,833.6397552490234,226.41423225402832,828.6985778808594,201.38619661331177,871.4104461669922,316.13882303237915,887.5762939453125,292.6044988632202,887.9499053955078,315.49771070480347,882.2115325927734,330.28732538223267,890.2060699462891,327.53623723983765,901.6696166992188,308.48618030548096,899.5823669433594,325.4353165626526,892.5886535644531,338.1132173538208,72,1787749171.2528772
864.8514556884766,413.4772825241089,881.5192413330078,384.84978675842285,889.0382385253906,347.3535132408142,893.5134887695312,316.1229872703552,895.2213287353516,286.9796919822693,855.8788299560547,304.705445766449,843.8254547119141,252.42996454238892,839.4749450683594,219.9253249168396,836.0818481445312,195.61891078948975,854.3217468261719,302.13754177093506,847.4309539794922,249.07312631607056,846.00830078125,216.2699031829834,844.1533660888672,193.63592147827148,856.9419097900391,307.5996136665344,871.7250061035156,283.3938145637512,880.1828002929688,299.9714756011963,882.4974822998047,313.75871658325195,862.7724456787109,316.61202907562256,875.4300689697266,295.94346284866333,883.7391662597656,305.29600381851196,887.6187133789062,316.8742632865906,73,1787749171.2986667
871.3656616210938,410.8615493774414,876.441650390625,384.1160202026367,881.2613677978516,349.5179271697998,890.8163452148438,318.15850496292114,895.1049041748047,286.8869948387146,845.0028228759766,304.22492265701294,834.9288177490234,253.25775861740112,831.0968780517578,219.97156620025635,827.6624298095703,194.1133975982666,856.9700622558594,300.7541227340698,849.4795989990234,246.94840908050537,848.4613800048828,214.10006046295166,846.0942077636719,189.04131889343262,871.3790130615234,306.67901515960693,892.1440124511719,286.59499883651733,894.1665649414062,311.93082332611084,889.3939208984375,328.06797981262207,885.2484893798828,317.95976400375366,902.137451171875,300.37129640579224,902.3347473144531,319.43171739578247,897.1484375,333.56393337249756,74,1787749171.344938
820.1566314697266,376.2955141067505,793.5466003417969,356.4407730102539,780.887451171875,325.3288006782532,790.9316253662109,293.51853132247925,804.1009521484375,269.9617624282837,770.9061431884766,291.0801029205322,754.7000122070312,247.9912304878235,744.876708984375,218.22351694107056,737.3850250244141,192.83636569976807,794.0185546875,285.87934255599976,779.310302734375,240.42729377746582,767.7169799804688,209.40349102020264,758.6013793945312,183.02003860473633,819.1315460205078,290.3512716293335,816.1973571777344,270.9539222717285,812.6934051513672,298.0244278907776,811.2394714355469,318.5829162597656,842.7759552001953,301.8351173400879,838.8972473144531,285.2508473396301,831.4736175537109,304.16282415390015,827.7121734619141,319.7721862792969,75,1787749171.571595
817.1147918701172,370.471773147583,790.0732421875,351.30683183670044,779.5527648925781,318.0373764038086,789.9466705322266,287.4191880226135,802.3202514648438,267.05875396728516,769.0737152099609,281.3478469848633,754.3080139160156,237.00509548187256,746.4073181152344,206.75501346588135,741.4025115966797,181.0396671295166,790.6886291503906,277.6850652694702,773.3574676513672,228.08157920837402,761.4466857910156,198.0332851409912,753.3791351318359,169.85706567764282,816.5802764892578,282.9535460472107,812.6831817626953,260.07692098617554,808.3101654052734,289.7980284690857,807.0179748535156,312.051157951355,841.6015625,294.87656593322754,833.5207366943359,274.31445121765137,828.2303619384766,293.27629566192627,828.2077789306641,308.9738702774048,76,1787749171.6088603
818.6227416992188,374.0163230895996,790.6578063964844,353.82070541381836,779.4976806640625,320.7262372970581,789.8140716552734,289.74438428878784,801.6875457763672,266.4649558067322,768.6887359619141,283.04474115371704,754.3535614013672,238.81120920181274,745.762939453125,209.0430235862732,740.1097869873047,184.0532898902893,791.4533996582031,278.7239170074463,775.2552032470703,230.07486820220947,764.7386169433594,200.36367416381836,758.0390930175781,173.239084482193,817.6289367675781,283.90987157821655,813.0173492431641,260.62791109085083,808.3100128173828,290.1307511329651,806.7734527587891,312.0731520652771,842.7015686035156,295.76401233673096,834.8384094238281,276.23705863952637,829.1007995605469,295.4863929748535,828.3378601074219,310.5715012550354,77,1787749171.6606698
807.8938293457031,370.4050397872925,778.6441802978516,346.54402256011963,761.6268157958984,314.97798442840576,764.8944854736328,283.2175397872925,773.4029388427734,260.7421088218689,749.5402526855469,277.2280812263489,729.8472595214844,234.37198162078857,718.5577392578125,205.49195051193237,709.9119567871094,181.62370204925537,772.2695922851562,275.1287055015564,772.1528625488281,246.230628490448,774.8245239257812,268.06745767593384,775.8121490478516,288.8823437690735,795.1621246337891,279.036340713501,794.0505218505859,257.86564350128174,791.7501831054688,285.01367568969727,791.72607421875,306.4084768295288,817.4294281005859,288.98149967193604,815.4161071777344,270.11228799819946,808.90380859375,289.4647693634033,805.8561706542969,306.09184741973877,78,1787749171.7058887
822.4627685546875,353.5243320465088,795.0078582763672,331.3955068588257,782.2286224365234,297.16062784194946,794.0515899658203,263.0647301673889,809.1863250732422,235.41905164718628,767.3065185546875,257.16509342193604,750.2890777587891,214.0020203590393,741.614990234375,185.33884048461914,735.38330078125,162.07621335983276,790.4266357421875,251.7069911956787,771.5170288085938,202.84568309783936,760.8231353759766,174.14448022842407,754.8804473876953,150.1439881324768,817.2769165039062,256.82417392730713,813.3096313476562,237.04140186309814,812.5551605224609,267.95838832855225,814.0346527099609,287.55005836486816,841.9188690185547,269.0866756439209,835.3933715820312,250.96099376678467,832.0756530761719,272.3894190788269,832.2975921630859,286.554594039917,79,1787749171.7751753
822.2881317138672,355.257511138916,794.9010467529297,331.17541551589966,781.9246673583984,296.7211318016052,793.2073974609375,261.7270588874817,807.945556640625,234.36498641967773,766.6670989990234,258.1213331222534,750.8950805664062,213.6173915863037,742.5785827636719,184.99980926513672,735.7077789306641,161.83910608291626,789.9878692626953,252.64488458633423,772.6425170898438,203.98671627044678,761.8804931640625,175.55482864379883,754.5936584472656,150.85863590240479,816.3117218017578,258.2790470123291,813.2899475097656,239.81499910354614,812.1009826660156,268.9493680000305,812.3567199707031,287.07125186920166,840.770263671875,270.51560640335083,835.7201385498047,253.9248776435852,830.9442901611328,274.91713285446167,829.2779541015625,288.51144790649414,80,1787749171.8148465
818.8672637939453,357.1086001396179,792.9357147216797,333.64229679107666,779.0265655517578,299.8457336425781,784.1975402832031,263.05973052978516,795.8036041259766,236.7347502708435,754.3935394287109,262.6962161064148,734.9488067626953,220.67254543304443,724.3133544921875,191.93793296813965,716.2853240966797,168.0915927886963,777.1849060058594,254.73312377929688,758.5783386230469,208.96886587142944,749.3752288818359,178.73373985290527,742.9499816894531,151.23207449913025,803.4662628173828,257.9588770866394,803.7319183349609,237.03032970428467,802.1559906005859,263.39783906936646,800.8831024169922,284.8082184791565,828.2784271240234,268.91385555267334,827.6094818115234,251.1844539642334,822.8150177001953,267.62118101119995,819.0521240234375,283.32738161087036,81,1787749171.8801231
819.1600799560547,355.68623542785645,793.1087493896484,333.2659077644348,777.8528594970703,300.3482508659363,781.2221527099609,263.97541522979736,793.1285095214844,237.08942413330078,755.5525207519531,261.8455696105957,735.9871673583984,218.00591468811035,725.3920745849609,189.03700590133667,716.5215301513672,165.26646494865417,778.5102081298828,255.31007766723633,761.4987182617188,207.53693103790283,751.8974304199219,177.28188157081604,744.8627471923828,151.7623472213745,804.4174194335938,259.59423065185547,801.7319488525391,238.5212516784668,800.6915283203125,263.66320610046387,800.8233642578125,283.97746324539185,828.2673645019531,271.49027824401855,825.0366973876953,251.86361074447632,821.1235809326172,269.44029808044434,818.9905548095703,285.6337380409241,82,1787749171.9454238
829.9360656738281,339.85246896743774,803.5513305664062,317.27253913879395,790.6345367431641,282.8816843032837,800.6235504150391,247.89321184158325,815.4169464111328,219.2423915863037,771.6845703125,244.84156608581543,755.8941650390625,200.41545152664185,747.7333831787109,172.19266891479492,741.2954711914062,149.5641267299652,794.6266174316406,239.35168504714966,775.4344940185547,190.13664722442627,765.7173156738281,163.0561637878418,759.9473571777344,139.82993960380554,821.2167358398438,244.1486120223999,819.2279815673828,221.14075183868408,818.6586761474609,251.27041339874268,818.7994384765625,269.56151247024536,845.8143615722656,256.21099948883057,840.875244140625,236.9662356376648,837.2893524169922,257.4487638473511,836.3562774658203,270.41327476501465,83,1787749172.0071561
825.9406280517578,344.55584049224854,799.1692352294922,316.87055110931396,785.4570007324219,282.81572341918945,792.0224761962891,246.58798456192017,803.7894439697266,220.26472091674805,761.9019317626953,251.35268211364746,739.8482513427734,211.233229637146,728.6505889892578,183.4667444229126,720.3841400146484,159.9613881111145,784.0892028808594,243.12950134277344,765.5528259277344,197.32629776000977,754.6015930175781,169.08125281333923,746.4369201660156,143.44719886779785,809.6763610839844,245.24595737457275,810.8951568603516,224.41669464111328,808.3921813964844,251.99523210525513,807.5421142578125,273.0604648590088,833.0582427978516,255.69824695587158,831.4426422119141,238.5765266418457,826.302490234375,257.34596014022827,824.1750335693359,273.02441596984863,84,1787749172.0657718
826.3868713378906,342.4157381057739,800.5447387695312,317.28678703308105,785.4442596435547,284.21096563339233,790.7592010498047,248.14834356307983,804.5925140380859,220.84697484970093,762.3561096191406,250.37193775177002,739.5848846435547,209.96010303497314,728.8970947265625,180.82489728927612,720.9012603759766,157.35817551612854,784.7964477539062,243.02895069122314,765.7770538330078,194.99427795410156,755.6486511230469,168.44098806381226,747.7690124511719,146.6954505443573,810.2439117431641,246.11692428588867,810.7274627685547,226.58881187438965,810.0455474853516,253.5964035987854,809.2774200439453,272.6757287979126,832.6387786865234,257.13046073913574,831.4551544189453,240.23520469665527,827.8654479980469,259.6990728378296,825.1328277587891,274.2779731750488,85,1787749172.1074393
827.0283508300781,340.31335830688477,802.44384765625,315.4301619529724,788.4453582763672,281.4391493797302,792.0586395263672,247.25175619125366,801.7139434814453,220.22515296936035,763.1935882568359,248.40027809143066,739.0302276611328,206.8306303024292,728.02734375,177.98720598220825,719.9173736572266,154.2233383655548,784.88525390625,241.46281957626343,763.7439727783203,194.517080783844,752.5564575195312,166.65279150009155,744.7281646728516,143.6180019378662,808.9769744873047,244.44665908813477,808.8731384277344,226.06721878051758,808.4532928466797,252.81216859817505,807.5516510009766,271.3638925552368,830.6389617919922,254.36626195907593,828.2303619384766,237.9211664199829,825.1907348632812,257.07891941070557,822.8526306152344,271.43049716949463,86,1787749172.1509464
826.5499114990234,339.6647787094116,801.1058807373047,313.581862449646,786.77734375,279.4355607032776,790.9633636474609,245.15849590301514,801.5977478027344,218.87537956237793,762.2238159179688,247.68573760986328,738.40087890625,206.74971342086792,727.1703338623047,178.4066605567932,718.9964294433594,155.02801179885864,784.1346740722656,240.98281145095825,764.1306304931641,193.80539417266846,753.3888244628906,166.32826566696167,745.8613586425781,143.23930621147156,808.6685943603516,244.2122983932495,808.2102966308594,225.59208154678345,807.1490478515625,252.99056768417358,806.3143920898438,272.11649894714355,830.6305694580078,254.67842817306519,828.8164520263672,238.7574577331543,825.0949096679688,258.5715579986572,822.3355102539062,273.1721091270447,87,1787749172.1745193
893.1065368652344,344.8107147216797,891.8328857421875,307.8800439834595,899.5590972900391,277.5670051574707,921.0023498535156,258.7225341796875,938.5440826416016,248.33144187927246,876.5563201904297,252.92503595352173,877.4273681640625,208.16448211669922,879.931640625,180.41996955871582,882.1347045898438,157.0566201210022,887.7199554443359,262.77554512023926,887.8772735595703,214.3885374069214,892.0236968994141,185.28663396835327,895.3630065917969,161.72317028045654,902.1676635742188,281.7352867126465,922.0360565185547,260.03422021865845,928.6849975585938,264.7111129760742,928.3657073974609,268.0234909057617,917.2505950927734,305.2719497680664,935.0093078613281,290.1203656196594,938.8547515869141,291.4078688621521,936.1532592773438,291.46822929382324,88,1787749172.5238428
905.4476165771484,357.573823928833,906.1695861816406,321.1620855331421,917.45361328125,287.79624223709106,935.8386993408203,268.2660698890686,955.213623046875,256.4049768447876,900.0440979003906,267.53899812698364,908.9837646484375,220.69726467132568,914.13330078125,189.84628200531006,917.4578857421875,166.30375027656555,908.8690185546875,280.49468994140625,922.5630950927734,254.44741487503052,936.2127685546875,252.3456358909607,946.318359375,254.49936389923096,921.1246490478516,297.95934677124023,939.6640014648438,281.95205211639404,945.0380706787109,285.7654666900635,945.4983520507812,291.2738013267517,935.6873321533203,315.20710945129395,953.1484985351562,298.27099800109863,956.2497711181641,297.43672370910645,954.9952697753906,299.0106225013733,89,1787749172.5695224
906.4694976806641,356.9679021835327,907.5418853759766,321.64655685424805,918.1148529052734,291.57384395599365,936.0782623291016,273.16994190216064,953.9366912841797,263.22027683258057,901.8190002441406,266.6242575645447,911.3790893554688,219.6125364303589,917.0455169677734,190.6864356994629,920.1008605957031,169.2482042312622,908.8114929199219,277.78746128082275,922.8968811035156,244.90572452545166,937.3602294921875,242.80888080596924,946.9403076171875,245.57801485061646,919.9120330810547,293.97615909576416,938.5608673095703,269.9498748779297,948.865966796875,270.76359272003174,953.3560943603516,273.74962091445923,933.5369110107422,311.8211531639099,950.6722259521484,293.7162208557129,956.6578674316406,292.2389030456543,957.821044921875,292.9357624053955,90,1787749172.610176
929.6581268310547,348.47875356674194,916.9266510009766,320.0764560699463,920.0328063964844,286.85781240463257,943.5884094238281,260.4018545150757,966.1931610107422,244.0125060081482,905.6114959716797,248.49769592285156,905.4422760009766,204.55620288848877,909.2287445068359,176.06661558151245,911.6275787353516,153.29680681228638,926.8230438232422,251.04321956634521,925.7489013671875,203.84674787521362,927.5175476074219,175.53739428520203,929.2285919189453,152.63564229011536,947.6255798339844,263.84456634521484,960.3060913085938,248.51295232772827,953.5086059570312,270.6456184387207,946.0012054443359,284.7963309288025,963.7672424316406,282.5632309913635,974.1454315185547,266.06024265289307,965.3786468505859,281.4679455757141,955.8841705322266,293.09633016586304,91,1787749172.6445818
926.3327026367188,354.41049098968506,922.4163055419922,324.179892539978,927.9139709472656,291.5677499771118,948.2100677490234,264.822199344635,969.0972137451172,247.4467420578003,905.548095703125,256.3485646247864,906.0413360595703,208.63783836364746,909.6416473388672,177.95411825180054,912.4873352050781,155.05972623825073,922.5509643554688,259.16271686553955,924.3293762207031,210.33020496368408,927.3909759521484,180.5156707763672,929.5447540283203,157.24429965019226,941.2051391601562,270.6233882904053,961.3426208496094,248.5320281982422,963.0799865722656,257.76365518569946,959.7449493408203,266.03625297546387,956.9245147705078,287.2316908836365,972.2695922851562,270.3239035606384,969.0384674072266,278.872447013855,962.3855590820312,287.188560962677,92,1787749172.6986885
925.6415557861328,353.5834050178528,923.7156677246094,319.81465101242065,929.9311065673828,287.12753534317017,948.682861328125,262.250497341156,968.1365966796875,246.10587358474731,904.8732757568359,254.93366718292236,905.2191925048828,207.86718606948853,909.276123046875,177.61251211166382,912.5942230224609,155.23372650146484,920.7119750976562,258.8257884979248,922.7638244628906,209.89892721176147,926.1627197265625,180.35074710845947,928.8787841796875,157.6651167869568,939.0262603759766,271.1599802970886,959.6961975097656,249.3702507019043,962.3314666748047,256.4354681968689,960.1695251464844,263.6363625526428,954.5929718017578,288.23614597320557,969.7932434082031,272.2889542579651,967.9142761230469,278.44071865081787,962.7102661132812,285.3238034248352,93,1787749172.7381597
932.535400390625,350.69329261779785,934.3003845214844,322.28902101516724,945.4697418212891,292.7887773513794,964.8199462890625,268.7320017814636,978.3319854736328,248.9608383178711,925.101318359375,250.74122428894043,930.2659606933594,206.41233444213867,934.75830078125,179.84317660331726,938.1745147705078,159.82267498970032,939.1047668457031,254.86461639404297,945.9473419189453,208.84430408477783,950.5412292480469,182.0613956451416,953.9005279541016,163.1519079208374,954.0311431884766,268.24525594711304,976.8223571777344,251.27416849136353,975.6215667724609,260.8269739151001,970.0316619873047,270.3706383705139,965.7745361328125,285.0346612930298,983.3678436279297,275.13437032699585,980.3045654296875,282.8493046760559,973.6803436279297,290.9229254722595,94,1787749172.778461
932.4388885498047,348.08303117752075,932.0204162597656,319.60599660873413,940.1847839355469,290.96513271331787,959.6279144287109,269.63985443115234,974.9185943603516,254.02772426605225,921.9792175292969,251.27114295959473,927.8277587890625,207.46543407440186,932.3117065429688,180.52524089813232,935.5589294433594,159.58460211753845,937.8922271728516,254.1674780845642,944.6976470947266,208.41924905776978,949.5204162597656,181.08670234680176,952.5034332275391,159.61288332939148,954.1993713378906,266.7367172241211,975.2670288085938,251.31616115570068,974.967041015625,263.25958728790283,969.4380187988281,273.03778409957886,967.0286560058594,283.730571269989,982.8203582763672,274.14716720581055,978.7608337402344,283.85459661483765,970.8924102783203,292.1571922302246,95,1787749172.8368003
932.6114654541016,350.3766202926636,931.0052490234375,322.0120882987976,938.5118865966797,293.4272289276123,959.2854309082031,268.7198996543884,980.5500030517578,251.39928817749023,915.4758453369141,253.5438108444214,919.1451263427734,210.64286470413208,925.8280944824219,183.2335638999939,933.5747528076172,163.35708618164062,930.8623504638672,257.68741607666016,934.5127868652344,213.4266972541809,941.0465240478516,187.3199200630188,946.9094848632812,167.04458713531494,948.0623626708984,270.0854229927063,967.9005432128906,253.31000804901123,968.0593109130859,267.0080280303955,962.9541015625,276.4585876464844,962.5284576416016,286.4345169067383,980.0155639648438,272.943799495697,977.3097229003906,284.33117151260376,969.3187713623047,293.6005640029907,96,1787749172.8760655
932.5087738037109,349.81440782546997,929.1829681396484,320.73647260665894,938.0840301513672,291.17443084716797,959.6710968017578,265.8110761642456,980.6410217285156,249.12224292755127,915.4466247558594,252.12618827819824,919.1828918457031,210.47967910766602,925.5264282226562,182.87047863006592,933.3777618408203,163.37481021881104,932.4188995361328,256.8667459487915,937.3220825195312,212.3306179046631,942.9769897460938,187.77688264846802,948.1964874267578,169.12187218666077,950.9868621826172,269.73113536834717,970.1255798339844,253.856942653656,967.4481201171875,270.5540156364441,960.1245880126953,281.1361241340637,964.9257659912109,286.6149115562439,981.8156433105469,271.9889760017395,977.2201538085938,285.4744791984558,967.5832366943359,295.1730680465698,97,1787749172.9130595
935.4447174072266,352.81442642211914,923.5914611816406,327.5028920173645,929.4313812255859,297.1911406517029,955.1800537109375,272.0412039756775,976.5567779541016,255.23943901062012,915.4970550537109,257.63731241226196,913.5404205322266,214.28421020507812,916.4815521240234,186.06144905090332,917.8543090820312,164.03379678726196,936.9566345214844,258.1167197227478,937.1681976318359,211.67746782302856,937.7778625488281,183.65076541900635,937.0558166503906,160.20432114601135,957.1493530273438,269.8772192001343,971.6922760009766,260.364089012146,964.6472930908203,283.21625232696533,956.0585784912109,295.9902620315552,970.8138275146484,287.46145963668823,981.6739654541016,277.5218152999878,973.7297058105469,294.70391750335693,964.8308563232422,305.44037103652954,98,1787749172.950497
936.2857818603516,355.27684450149536,924.3193054199219,330.63809394836426,928.9387512207031,300.1155209541321,953.5205841064453,274.3286347389221,974.6475982666016,256.43274307250977,915.1807403564453,260.12635946273804,913.5020446777344,215.53036451339722,916.0785675048828,186.93245887756348,917.1875,164.4091236591339,936.1617279052734,259.9120616912842,936.0399627685547,212.1777105331421,936.4768981933594,183.56609344482422,936.1182403564453,159.6884250640869,956.2838745117188,270.7230806350708,970.7073211669922,261.2032127380371,964.3637084960938,285.0939917564392,956.5773010253906,298.93798828125,970.7431793212891,287.50104904174805,981.2273406982422,276.84014797210693,974.0788269042969,294.5678114891052,966.0199737548828,305.8859181404114,99,1787749172.9879649
931.7630767822266,361.9955635070801,931.7922973632812,328.73106479644775,943.0136108398438,299.44926023483276,963.4292602539062,279.64571714401245,981.0726928710938,264.5278000831604,917.806396484375,265.42041778564453,921.9661712646484,223.35063457489014,927.1166229248047,195.81640720367432,932.5215148925781,174.2024266719818,931.7298889160156,269.1964316368103,937.6528167724609,226.78748846054077,942.8272247314453,201.06244325637817,946.5946960449219,181.62044048309326,948.7547302246094,280.6576180458069,974.6929931640625,267.2379684448242,971.4093017578125,282.83456325531006,962.6633453369141,294.5863723754883,964.7463989257812,295.17890453338623,985.0702667236328,285.7634711265564,981.7690277099609,296.1711072921753,973.8522338867188,304.9907684326172,100,1787749173.0291457
932.4563598632812,359.1675281524658,929.6336364746094,327.2412371635437,940.4525756835938,296.19359493255615,961.7605590820312,274.68133449554443,980.9895324707031,260.4385042190552,917.6498413085938,265.00229358673096,920.0206756591797,222.16917514801025,923.7822723388672,193.3013105392456,929.2674255371094,170.62849044799805,932.5122833251953,268.23695182800293,937.3018646240234,225.4152488708496,941.1698913574219,197.58636474609375,945.1203155517578,175.12561082839966,949.346923828125,279.08809661865234,975.6736755371094,265.1773238182068,969.6077728271484,284.0014100074768,959.5101928710938,296.72005891799927,964.5576477050781,294.1646647453308,984.9821472167969,283.32369089126587,979.1819763183594,296.4404225349426,968.6051177978516,305.8778500556946,101,1787749173.067157
942.9201507568359,366.12045764923096,945.6304168701172,335.237352848053,959.7633361816406,306.145920753479,985.1068115234375,288.8143014907837,1007.1586608886719,279.16824102401733,949.1156005859375,270.87841272354126,961.2921905517578,228.74979257583618,969.1543579101562,202.0885705947876,975.9979248046875,181.79441928863525,963.9495086669922,280.5713152885437,976.6394805908203,235.29292345046997,985.7736968994141,208.73813152313232,995.0464630126953,188.99799585342407,978.7016296386719,298.548059463501,1002.9654693603516,280.31665563583374,1004.8543548583984,284.886474609375,1003.8398742675781,290.5878210067749,989.5030975341797,320.1491117477417,1007.5486755371094,308.0549883842468,1005.3591918945312,311.9219398498535,1001.024169921875,316.908917427063,102,1787749173.1040444
947.1736145019531,370.79501152038574,942.8194427490234,340.406334400177,955.2242279052734,310.1633548736572,983.4783935546875,292.5934910774231,1008.1760406494141,285.3643584251404,953.4291076660156,272.88878202438354,967.1262359619141,233.42857360839844,977.8506469726562,208.6376667022705,987.2962188720703,188.77206802368164,970.4019165039062,279.8150396347046,983.0345916748047,237.1145725250244,991.0342407226562,213.36011409759521,999.0442657470703,193.20822715759277,986.1700439453125,295.53621768951416,1008.4809112548828,282.38420963287354,995.7288360595703,300.4050278663635,982.8690338134766,311.7994165420532,997.5997161865234,316.55078887939453,1013.5655975341797,306.06502532958984,1002.6089477539062,316.7496585845947,992.2954559326172,323.45616817474365,103,1787749173.1636086
948.3674621582031,370.79166412353516,944.7810363769531,337.3184895515442,956.0224914550781,306.803662776947,984.6310424804688,289.58709955215454,1009.5421600341797,282.68938064575195,952.5598907470703,270.5419993400574,967.1013641357422,231.77365064620972,978.4377288818359,207.45736598968506,987.8570556640625,187.92972564697266,969.8585510253906,278.8566327095032,983.6798095703125,236.81875705718994,992.1331787109375,212.03396558761597,999.2203521728516,191.6716432571411,985.9188842773438,295.607328414917,1006.0697174072266,283.4547758102417,994.2344665527344,299.9482583999634,981.5395355224609,310.76650857925415,997.1974945068359,316.34844303131104,1012.1485137939453,306.89429998397827,1001.4330291748047,317.28062868118286,990.9201812744141,324.1212272644043,104,1787749173.2039957
944.7593688964844,371.2348937988281,940.396728515625,337.35174894332886,950.9055328369141,308.3177375793457,979.5572662353516,296.2187433242798,1001.8206024169922,295.80581188201904,959.9989318847656,271.8025302886963,976.7224884033203,238.96579027175903,988.6030578613281,217.2049856185913,999.9712371826172,199.69561100006104,977.3367309570312,282.6549196243286,992.6802062988281,245.68174123764038,1003.2530212402344,223.39921474456787,1014.1669464111328,204.94145393371582,991.8052673339844,301.5912938117981,1012.1945190429688,291.692054271698,993.8766479492188,308.88087272644043,977.6548767089844,321.39018058776855,1000.5989074707031,324.50982570648193,1012.2929382324219,316.4526414871216,996.3973999023438,327.1854901313782,982.4111175537109,334.8337125778198,105,1787749173.2386632
945.7584381103516,371.9144582748413,941.9073486328125,339.8817801475525,955.1203155517578,308.48706007003784,985.7865905761719,294.8408603668213,1009.1324615478516,292.6810383796692,959.8557281494141,273.5445499420166,976.4304351806641,239.27905082702637,989.1864013671875,217.1130609512329,1000.635986328125,199.29349422454834,975.9996032714844,283.462393283844,990.2895355224609,247.06717729568481,1001.6287994384766,224.96317863464355,1013.1208038330078,206.18213653564453,989.8741149902344,300.81368923187256,1009.4296264648438,293.4216284751892,991.7586517333984,311.5359163284302,976.1271667480469,323.20361137390137,998.7775421142578,322.6204991340637,1011.5898132324219,316.3099479675293,995.9236145019531,328.60538721084595,982.4718475341797,336.4630365371704,106,1787749173.2747698
948.5453796386719,426.3595676422119,963.9112854003906,418.2090425491333,989.8360443115234,404.1135835647583,1019.0702819824219,399.0412902832031,1045.7559967041016,398.3548164367676,998.0413055419922,356.8719434738159,1036.7945098876953,340.586621761322,1071.2096405029297,333.46325397491455,1098.2002258300781,333.145272731781,1004.6735382080078,364.3307590484619,1042.3452758789062,353.5646724700928,1072.8800201416016,349.06652212142944,1099.4346618652344,346.7488145828247,1011.1376953125,375.5870246887207,1040.6195831298828,371.735200881958,1055.0370025634766,373.9009666442871,1067.001953125,376.64244174957275,1014.6100616455078,387.811803817749,1038.3040618896484,385.44909954071045,1047.5611114501953,388.51673126220703,1052.969970703125,392.3401880264282,107,1787749173.6651797
919.2372131347656,423.1663227081299,930.9815979003906,405.9125089645386,956.9425964355469,385.0635051727295,988.7562561035156,372.20083236694336,1018.0185699462891,368.90514850616455,962.3635101318359,330.8224582672119,1003.4583282470703,309.9447441101074,1037.210464477539,298.4780430793762,1063.0503845214844,292.45970249176025,971.8344879150391,341.77117109298706,1011.8235015869141,323.714497089386,1044.0432739257812,312.64821767807007,1069.527816772461,304.48848724365234,979.6224975585938,357.59315729141235,1007.7655792236328,354.85575914382935,1010.2956390380859,364.8070764541626,1009.9408721923828,371.78309440612793,984.0288543701172,373.3739233016968,1005.5918884277344,370.22921562194824,1008.2674407958984,377.57773876190186,1007.0386505126953,384.26188945770264,108,1787749173.8258564
911.2671661376953,428.91998291015625,926.1463165283203,414.8698854446411,954.6794891357422,395.0673294067383,985.2759552001953,382.6206350326538,1013.0002593994141,377.1512031555176,955.5915832519531,340.125367641449,996.7249298095703,317.1321415901184,1028.2220458984375,306.1993932723999,1053.9220428466797,301.5384864807129,963.5639953613281,343.3363151550293,1002.4883270263672,319.9640393257141,1032.2933959960938,310.06439208984375,1058.2313537597656,304.28770780563354,972.032470703125,352.5785207748413,1006.2107086181641,333.42638969421387,1031.328125,325.3873586654663,1053.9311981201172,319.82407093048096,977.5794982910156,364.85299587249756,1003.2594299316406,353.71612071990967,1019.4376373291016,351.87352895736694,1033.0374145507812,351.65908098220825,109,1787749173.8652444
909.9880981445312,427.5832986831665,926.5869140625,417.3286771774292,953.3411407470703,398.1996774673462,980.27099609375,383.96032333374023,1007.5745391845703,377.1689701080322,956.0082244873047,339.4346237182617,996.4479827880859,317.7748417854309,1027.9780578613281,306.96345806121826,1054.0998077392578,302.062783241272,961.3837432861328,340.20270109176636,1000.8306884765625,317.3862648010254,1032.13623046875,306.93936109542847,1059.937973022461,300.73384523391724,968.7745666503906,347.23877906799316,1004.0199279785156,325.46533584594727,1031.7146301269531,316.6646218299866,1057.0457458496094,311.4313316345215,973.9485168457031,357.51288414001465,1001.9606018066406,341.88148498535156,1022.230224609375,336.98580980300903,1039.9395751953125,334.5247220993042,110,1787749173.9037452
905.9012603759766,421.005277633667,923.69384765625,404.24134254455566,951.6678619384766,381.637659072876,982.3476409912109,371.3012409210205,1004.5042419433594,364.384446144104,949.2783355712891,330.2836561203003,986.1441802978516,301.01601362228394,1014.5539855957031,282.60955810546875,1036.8484497070312,269.9685859680176,951.8723297119141,336.1616635322571,988.5072326660156,303.9845323562622,1015.6602478027344,283.7976908683777,1039.5590209960938,268.0693244934082,954.5713806152344,349.69780683517456,986.7543792724609,325.4039239883423,1007.3136901855469,308.59694480895996,1024.532699584961,295.17006397247314,955.0548553466797,369.63728427886963,980.0518798828125,362.20447540283203,994.3012237548828,360.5398750305176,1004.5540618896484,360.55644035339355,111,1787749173.9421213
905.1416015625,423.6356019973755,926.64794921875,407.8622817993164,954.9164581298828,385.6211042404175,983.5052490234375,373.70694637298584,1003.958740234375,364.7387981414795,950.5774688720703,331.8697214126587,986.5958404541016,301.1083459854126,1014.1437530517578,282.5575876235962,1036.1848449707031,270.0830411911011,952.3394012451172,335.34470558166504,987.2834014892578,303.32179069519043,1014.7411346435547,283.41546535491943,1039.336929321289,269.74849462509155,954.5688629150391,346.65804862976074,985.4485321044922,320.13896226882935,1009.4240570068359,300.8633852005005,1030.4310607910156,287.4119782447815,954.749755859375,363.66913318634033,976.6538238525391,355.28570652008057,991.7289733886719,353.14131259918213,1003.8520812988281,354.3080520629883,112,1787749173.9789732
913.5236358642578,422.3707151412964,922.4703979492188,402.40628242492676,946.32568359375,379.6489191055298,978.6702728271484,367.98251152038574,1005.1153564453125,359.51664447784424,951.0251617431641,326.83066606521606,987.181396484375,292.3983120918274,1014.0045928955078,271.60717964172363,1034.3760681152344,255.09792566299438,963.1086730957031,335.30415058135986,999.0390014648438,300.2466058731079,1025.0113677978516,279.5751214027405,1045.51513671875,262.51522064208984,971.1753845214844,350.57870864868164,996.4952850341797,353.0606532096863,981.9420623779297,368.4221363067627,968.3921051025391,374.5585584640503,973.6319732666016,368.50783824920654,993.0644989013672,367.2054862976074,985.9033203125,377.0651578903198,976.7788696289062,381.88450813293457,113,1787749174.0208647
914.3143463134766,420.26576042175293,924.2750549316406,401.7712640762329,947.2334289550781,379.95044231414795,977.7675628662109,367.9995918273926,1003.0553436279297,358.0266237258911,951.6677093505859,327.497935295105,987.9676818847656,293.1531286239624,1014.3999481201172,273.5268259048462,1034.6719360351562,257.4325203895569,964.7356414794922,333.69282960891724,999.3508911132812,298.53825330734253,1024.4945526123047,278.2417631149292,1044.2415618896484,260.9844732284546,973.9737701416016,346.8445372581482,997.8326416015625,351.00290536880493,983.3827209472656,367.74866580963135,969.8908996582031,374.5601463317871,978.2480621337891,362.67019271850586,995.5155181884766,362.7146100997925,988.8519287109375,373.0017614364624,980.2841949462891,378.10821533203125,114,1787749174.0617356
912.2393798828125,421.265344619751,928.8855743408203,404.35631275177,954.0914916992188,382.5589656829834,983.34228515625,371.6416883468628,1008.5153961181641,369.74637508392334,957.5993347167969,329.1011667251587,994.4783020019531,300.8628273010254,1022.3065185546875,284.4334602355957,1043.885726928711,273.6475682258606,964.2677307128906,334.6810841560364,1000.4664611816406,307.7964234352112,1026.2626647949219,292.8453826904297,1048.2433319091797,281.8965196609497,970.9339141845703,346.53509616851807,1002.7348327636719,334.18431758880615,1021.9636535644531,328.80685329437256,1037.6953887939453,324.14425134658813,974.1706085205078,360.76616764068604,997.3667144775391,357.4467086791992,1007.1418762207031,361.5198040008545,1012.6801300048828,367.0746374130249,115,1787749174.1118574
911.7109680175781,418.5465717315674,930.5417633056641,405.78423500061035,955.7624816894531,385.33485889434814,983.0123138427734,372.7986431121826,1006.697998046875,367.6273441314697,958.4421539306641,329.7155427932739,994.9965667724609,300.6523060798645,1022.6941680908203,283.9689016342163,1044.1067504882812,272.786922454834,962.6345825195312,333.0444002151489,999.2647552490234,306.29554510116577,1026.0343933105469,291.0451912879944,1049.0374755859375,280.15085220336914,967.3057556152344,342.8781294822693,999.1207122802734,331.76292657852173,1017.4940490722656,328.51850509643555,1032.8205871582031,325.88425397872925,969.3804168701172,356.19697093963623,993.0401611328125,353.8491368293762,1004.530029296875,359.31663751602173,1011.3726806640625,366.5064811706543,116,1787749174.1498702
913.1330108642578,433.3954095840454,924.5545959472656,412.2003364562988,949.5211791992188,391.8582057952881,981.0048675537109,385.36168098449707,1008.1392669677734,381.067099571228,964.9213409423828,343.36451053619385,1005.8560180664062,320.9965395927429,1034.6800231933594,307.3893713951111,1057.3108673095703,295.962495803833,976.9583129882812,353.37093114852905,1015.7009887695312,327.93041467666626,1043.3229064941406,313.4183120727539,1064.8796844482422,301.08216762542725,983.8918304443359,368.59787464141846,1007.4822235107422,376.5987968444824,991.1476135253906,391.7309617996216,974.7949981689453,397.6536226272583,985.5095672607422,385.0950050354004,1003.9833831787109,391.54672622680664,992.6056671142578,401.00350856781006,978.9304351806641,404.55153465270996,117,1787749174.1882844
908.5125732421875,432.7287197113037,920.2027893066406,404.879150390625,947.2314453125,381.51397705078125,981.3484191894531,375.74516773223877,1007.3039245605469,372.93614387512207,950.8920288085938,334.9284052848816,991.4092254638672,308.347864151001,1019.5801544189453,292.48759746551514,1040.8675384521484,279.25108909606934,964.1134643554688,347.76934146881104,1005.6735229492188,317.1439218521118,1032.8062438964844,299.90000009536743,1054.6508026123047,284.8616695404053,972.611083984375,366.5458345413208,999.5473480224609,365.9384536743164,987.3968505859375,378.76863956451416,973.6249542236328,384.35295581817627,975.5431365966797,386.9081783294678,996.8569946289062,382.7968454360962,991.4377593994141,389.0145492553711,982.2675323486328,392.13226318359375,118,1787749174.252526
904.6689605712891,429.9020576477051,917.4986267089844,399.40881729125977,945.1145935058594,376.08887672424316,980.0363922119141,372.8435754776001,1006.0556030273438,373.0550193786621,950.3611755371094,333.84543657302856,992.7593994140625,307.89042949676514,1021.0107421875,292.42133617401123,1043.1953430175781,279.71221446990967,959.3836975097656,348.0012774467468,1003.4809875488281,316.43779277801514,1032.5957489013672,298.78121852874756,1056.1309051513672,284.1093420982361,965.2252960205078,368.78095149993896,998.9543914794922,366.61235332489014,988.0629730224609,376.857705116272,974.1496276855469,381.5669345855713,966.3323974609375,392.1799850463867,993.8493347167969,386.82835578918457,989.5921325683594,392.0802927017212,980.1125335693359,394.7074842453003,119,1787749174.2858453
907.2810363769531,430.96095085144043,924.5378112792969,414.8427200317383,952.3603057861328,395.1810550689697,982.5196838378906,385.2767515182495,1007.0699310302734,378.80597591400146,957.6337432861328,340.84907054901123,999.8777008056641,312.6788806915283,1028.2170104980469,297.28549003601074,1049.1703796386719,284.70670223236084,963.1902313232422,344.3595886230469,1005.0649261474609,318.6560869216919,1033.880386352539,303.3912491798401,1056.224594116211,291.83895349502563,966.4553070068359,354.3869733810425,996.8745422363281,360.41125774383545,989.8527526855469,376.80813789367676,980.6851959228516,386.2289571762085,967.3042297363281,367.9904508590698,991.6651153564453,367.4942207336426,996.6398620605469,376.1795139312744,996.1226654052734,383.5765314102173,120,1787749174.324156
907.5803375244141,431.4762353897095,924.2446899414062,415.6872081756592,951.624755859375,395.4637813568115,982.2885131835938,384.88420486450195,1007.5624847412109,378.40115547180176,957.5740051269531,341.34103059768677,999.7541809082031,313.3476948738098,1027.9827117919922,298.0606269836426,1049.0168762207031,285.77194690704346,963.53271484375,344.1170310974121,1004.4200897216797,318.1929874420166,1032.9705810546875,302.97919750213623,1055.1348114013672,291.7450547218323,967.1140289306641,353.33438873291016,997.8446197509766,358.8096570968628,993.0072021484375,375.8438301086426,985.2740478515625,386.2621736526489,968.2798004150391,366.0868978500366,992.5426483154297,366.72762393951416,997.0713806152344,376.6029167175293,995.5812835693359,384.99964714050293,121,1787749174.360057
914.0458679199219,441.135835647583,939.5748901367188,423.4140729904175,965.7862854003906,403.29561710357666,992.8872680664062,396.1891794204712,1014.9893951416016,397.3335599899292,964.3777465820312,356.9037437438965,1005.606689453125,333.84148836135864,1037.969970703125,320.62113761901855,1063.3927917480469,311.87286615371704,966.9483184814453,358.5436463356018,1010.7601165771484,334.8999094963074,1042.4016571044922,320.90197563171387,1069.4703674316406,310.30519008636475,968.3780670166016,364.5348644256592,1006.6902160644531,346.2986755371094,1031.3257598876953,336.58783435821533,1050.6333923339844,331.01025581359863,967.2154235839844,373.67523193359375,994.4533538818359,362.2850704193115,1012.4102020263672,362.8619384765625,1025.3478240966797,366.94511890411377,122,1787749174.3971648
921.6390228271484,435.0017309188843,936.2212371826172,421.8818235397339,961.0042572021484,404.1893720626831,990.8013153076172,395.5516290664673,1016.1727905273438,396.49731159210205,965.9647369384766,357.2500276565552,1004.3595886230469,330.7224440574646,1035.4285430908203,316.8636417388916,1060.0548553466797,308.92149209976196,974.3134307861328,359.01500701904297,1014.3439483642578,334.2748689651489,1043.6227416992188,319.9312090873718,1067.9564666748047,309.44656133651733,981.0604858398438,364.86844539642334,1014.0163421630859,346.0301971435547,1035.931396484375,333.7202739715576,1053.9479064941406,325.0878953933716,984.296875,373.32963466644287,1008.8732147216797,360.8540153503418,1022.1717834472656,357.98563957214355,1031.1304473876953,357.9860043525696,123,1787749174.4347274
928.9715576171875,455.0716495513916,932.1434020996094,434.0457487106323,956.1312103271484,413.4359121322632,990.5781555175781,408.887357711792,1020.6439971923828,407.79709339141846,977.4217224121094,367.27436542510986,1017.0381164550781,344.53691482543945,1046.1711120605469,329.90715980529785,1069.8551177978516,317.9716730117798,994.7032928466797,380.2944087982178,1033.5334014892578,354.39366817474365,1060.724868774414,338.1142258644104,1083.24951171875,323.6213278770447,1004.4105529785156,399.08236026763916,1025.6307220458984,401.71916484832764,1007.8924560546875,415.7306385040283,994.0837860107422,421.3708734512329,1006.5533447265625,420.0857734680176,1022.7298736572266,419.09597396850586,1009.1410827636719,426.99063777923584,995.9149169921875,430.90314388275146,124,1787749174.4759667
927.0716857910156,459.68350410461426,931.0626983642578,432.44122982025146,955.2864074707031,410.91214656829834,990.8565521240234,407.5677537918091,1020.1570129394531,410.1308298110962,977.9605865478516,366.9194984436035,1017.2776794433594,343.3558416366577,1046.6625213623047,329.1227960586548,1069.9607849121094,317.9541850090027,994.5930480957031,381.82610034942627,1034.1944122314453,353.38708877563477,1061.9487762451172,338.4010076522827,1085.1319885253906,325.77170848846436,1003.4008026123047,402.4779939651489,1024.5145416259766,404.7140121459961,1003.9944458007812,416.88918113708496,987.1314239501953,421.4994478225708,1004.2948913574219,424.0617084503174,1020.8670043945312,422.8797769546509,1004.8613739013672,429.761381149292,990.1091766357422,432.33325481414795,125,1787749174.514297
878.7966156005859,479.545841217041,862.6350402832031,447.35469818115234,857.1194458007812,415.8870220184326,866.1578369140625,387.92552947998047,878.8101959228516,370.8133363723755,866.1032867431641,381.5559482574463,879.0062713623047,360.1910161972046,877.991943359375,378.01963806152344,874.0618133544922,399.18372631073,881.9497680664062,384.0052556991577,889.9591064453125,364.1827869415283,884.5680999755859,385.98957538604736,878.2418823242188,408.1709289550781,896.9081115722656,389.59545135498047,900.8620452880859,372.3575162887573,894.4191741943359,390.62061309814453,888.09326171875,412.042236328125,910.9937286376953,397.8584575653076,915.8623504638672,374.27351474761963,907.7927398681641,370.1156187057495,897.8163146972656,372.9689311981201,126,1787749174.6840215
886.5640258789062,470.741286277771,867.2084045410156,441.22591495513916,861.9538116455078,411.0066890716553,870.3384399414062,384.4259548187256,884.8746490478516,367.3410129547119,877.5637817382812,380.81501483917236,882.1437072753906,354.4550156593323,876.5620422363281,364.65446949005127,872.3876953125,382.8099775314331,891.1013793945312,382.4805164337158,891.8970489501953,359.0764617919922,885.7550048828125,374.65245723724365,881.6809844970703,395.13050079345703,905.9828948974609,386.282901763916,903.8782501220703,366.9924545288086,896.7028045654297,383.6204767227173,892.5865936279297,404.73315238952637,921.3694763183594,393.0918502807617,917.4741363525391,373.5380744934082,909.6678924560547,385.91906547546387,905.0204467773438,403.19382190704346,127,1787749174.7203426
887.1941375732422,467.4504089355469,867.7003479003906,439.0440559387207,862.3739624023438,410.06958961486816,871.3167572021484,385.6117057800293,886.6342163085938,370.98628520965576,879.4550323486328,378.40673446655273,884.7917175292969,351.90526485443115,878.1967926025391,358.7937355041504,873.2659149169922,374.1668701171875,893.6185455322266,381.62259578704834,896.1331176757812,357.46230840682983,888.3588409423828,369.08329010009766,882.3171234130859,386.8792533874512,908.3345794677734,387.2842025756836,907.2675323486328,367.46525287628174,898.7508392333984,382.48098850250244,893.2914733886719,402.0645475387573,922.9242706298828,395.98846435546875,919.6524810791016,375.5396032333374,911.0200500488281,387.1808624267578,905.3208923339844,403.7214660644531,128,1787749174.7611985
896.85302734375,456.1017036437988,877.1530914306641,429.1749858856201,874.9787902832031,399.3143606185913,893.5545349121094,373.87916564941406,912.4862670898438,359.06633377075195,872.1528625488281,368.1988477706909,869.8226928710938,330.8649015426636,869.2514801025391,305.7186555862427,870.5568695068359,283.4548616409302,893.9772033691406,367.68768310546875,893.677978515625,331.8532419204712,895.3524017333984,305.26817321777344,898.0052947998047,283.1317090988159,916.0847473144531,374.73644256591797,918.0425262451172,354.909725189209,909.7681427001953,373.83543491363525,903.3572387695312,392.82684803009033,936.6769409179688,386.0493564605713,936.0458374023438,366.39434337615967,928.1931304931641,380.65197944641113,923.5117340087891,398.0073308944702,129,1787749174.7930412
897.7667999267578,451.22961044311523,880.1947021484375,428.9131164550781,877.1900177001953,399.23046112060547,891.4771270751953,372.59466648101807,907.8338623046875,356.34528636932373,874.9884033203125,361.8738555908203,869.5695495605469,320.19713401794434,867.5563812255859,291.79906368255615,866.7729187011719,268.72386932373047,895.5051422119141,362.4995183944702,895.2734375,318.17363262176514,895.6948852539062,288.9552354812622,896.1728668212891,265.00418186187744,916.7001342773438,371.1170482635498,918.1432342529297,356.15620136260986,908.3954620361328,378.6729383468628,900.8782958984375,397.44775772094727,935.9098815917969,385.04045963287354,935.8729553222656,368.66525173187256,926.9664001464844,384.3507242202759,920.8618927001953,399.703688621521,130,1787749174.822984
890.8442687988281,466.90298080444336,873.6110687255859,430.6376266479492,870.3447723388672,399.4132375717163,875.3648376464844,375.85086822509766,883.0173492431641,361.40976905822754,891.1766052246094,371.4732885360718,890.3669738769531,346.2670040130615,880.2750396728516,359.2036199569702,875.2395629882812,377.50632762908936,903.3757781982422,372.94137954711914,898.7169647216797,352.8234386444092,887.2669219970703,368.66220474243164,880.6886291503906,388.9624500274658,917.1449279785156,378.1123352050781,908.6348724365234,360.5922746658325,896.4272308349609,377.209997177124,890.2115631103516,397.8124952316284,931.5093994140625,387.03216075897217,923.0474090576172,368.42175006866455,910.1612091064453,380.0470447540283,903.1634521484375,396.75952434539795,131,1787749174.8604674
889.1448974609375,466.06287002563477,871.2035369873047,431.1338138580322,868.1927490234375,401.84924125671387,872.3326873779297,378.3548927307129,879.8604583740234,361.31762981414795,896.6178131103516,375.82808017730713,894.8279571533203,352.0025110244751,880.9893035888672,359.4666051864624,871.6104888916016,376.99263095855713,907.7475738525391,376.6173791885376,900.6219482421875,354.18033599853516,887.1414184570312,366.21272563934326,878.8178253173828,386.76848888397217,920.2346801757812,380.51151752471924,909.1855621337891,359.62676525115967,895.8617401123047,374.4119596481323,889.1967010498047,396.45134925842285,933.2142639160156,388.5196924209595,920.2680206298828,368.20168018341064,906.1183929443359,378.8797903060913,898.0617523193359,397.75288581848145,132,1787749174.890649
886.9317626953125,467.08468437194824,860.3868103027344,447.8780937194824,850.1276397705078,416.4601135253906,859.0050506591797,387.1147298812866,871.5549468994141,365.8942937850952,850.4454040527344,376.3730192184448,837.8668975830078,335.83799600601196,826.839599609375,307.87667512893677,820.3376007080078,284.5999503135681,873.1410217285156,374.28162574768066,858.3200073242188,335.5599045753479,845.3156280517578,308.2606601715088,834.990234375,287.18570709228516,897.3838043212891,379.9179983139038,884.5436096191406,361.8106412887573,876.8843841552734,388.9806890487671,874.8616027832031,413.27768325805664,922.4201202392578,390.20630836486816,908.3489227294922,370.4633617401123,898.2939147949219,388.0613136291504,895.78125,407.58856773376465,133,1787749174.9354944
884.0633392333984,464.34956073760986,857.2097778320312,441.5579080581665,846.8843078613281,411.3419437408447,855.2462768554688,384.2484140396118,867.1932983398438,366.0271167755127,846.5834045410156,373.6456632614136,829.8281097412109,330.8615970611572,821.4951324462891,302.9047393798828,817.2550201416016,278.5795283317566,868.5032653808594,370.1891756057739,851.7244720458984,326.04387760162354,840.9697723388672,296.38988971710205,833.5201263427734,270.71280241012573,893.466796875,375.1413917541504,880.8830261230469,361.62391662597656,872.5395965576172,389.7669839859009,868.6767578125,413.34630489349365,918.507080078125,386.69098377227783,904.0547180175781,370.278697013855,893.0692291259766,389.7214937210083,888.7696075439453,409.1873788833618,134,1787749174.9943943
887.8961181640625,468.6368465423584,864.01123046875,445.8369970321655,854.6859741210938,415.81363677978516,865.1566314697266,385.9590196609497,877.8634643554688,362.92141914367676,849.7149658203125,374.9813175201416,836.7549896240234,332.2735333442688,831.7707061767578,304.1601634025574,829.0116119384766,279.6983313560486,872.1259307861328,371.6770076751709,858.5276031494141,326.11855030059814,850.0566864013672,297.63885498046875,843.8475036621094,272.6561164855957,896.5760803222656,377.34423637390137,887.9970550537109,363.3351230621338,880.1579284667969,390.3207206726074,875.8718872070312,410.85026264190674,919.9341583251953,389.4567918777466,910.4060363769531,371.5019130706787,901.8215179443359,389.098105430603,898.0443572998047,405.52013397216797,135,1787749175.0404444
888.0309295654297,468.2478618621826,864.2362213134766,446.3356304168701,854.0970611572266,416.8398714065552,864.4123840332031,387.8944158554077,877.381591796875,365.46943187713623,849.5663452148438,373.3729362487793,837.3780059814453,331.1826467514038,832.3149108886719,303.48169326782227,829.3698883056641,278.9316701889038,871.8687438964844,370.27406215667725,858.5528564453125,325.46226739883423,850.2590942382812,297.83907651901245,844.0749359130859,272.72454500198364,896.4168548583984,376.42919540405273,890.4318237304688,364.36243057250977,883.4329986572266,391.955623626709,879.2227172851562,411.88645362854004,919.7458648681641,389.24702167510986,913.4345245361328,372.8078269958496,905.7346343994141,390.25360107421875,901.9652557373047,405.06608963012695,136,1787749175.0796201
871.9587707519531,486.93599224090576,841.0849761962891,465.300350189209,828.2257843017578,434.6669912338257,835.2574157714844,403.7393617630005,844.1424560546875,382.44300842285156,820.0475311279297,392.593731880188,798.5219573974609,352.605299949646,786.9656372070312,326.95722341537476,779.2254638671875,304.1896462440491,842.3513031005859,386.26534938812256,820.0792694091797,344.21371936798096,805.6428527832031,316.6825604438782,794.2947387695312,292.5105357170105,868.6116790771484,388.0959892272949,855.9474182128906,374.0638303756714,853.2840728759766,404.01298999786377,852.3854064941406,427.2526788711548,895.6510925292969,396.41165256500244,881.6688537597656,382.3803949356079,874.3587493896484,403.5216522216797,871.7868804931641,423.0159044265747,137,1787749175.117042
871.1365509033203,494.63582038879395,846.7201995849609,466.6449308395386,837.8176116943359,431.3007116317749,844.8474884033203,399.3222999572754,853.4260559082031,377.29745864868164,827.3773956298828,397.0673990249634,811.8309020996094,354.6370196342468,802.5623321533203,326.92514419555664,795.8963775634766,302.3679542541504,850.0844573974609,391.8565320968628,834.8603057861328,347.45490074157715,824.4805145263672,316.36784076690674,816.8654632568359,288.46027135849,875.4174041748047,394.07310962677,870.0398254394531,377.4162483215332,865.6099700927734,404.55187797546387,863.5282135009766,427.71796703338623,900.5390930175781,402.22766876220703,893.8294982910156,383.2350540161133,887.3909759521484,400.9444570541382,885.2143096923828,418.5366153717041,138,1787749175.162815
875.4112243652344,495.13458251953125,856.5433502197266,474.2122793197632,848.4996795654297,441.7076826095581,851.8135833740234,408.73706817626953,859.0074920654297,384.6124219894409,829.9131774902344,396.86243534088135,815.1506042480469,353.23044776916504,805.8208465576172,324.3097972869873,798.8221740722656,299.21303272247314,851.0143280029297,389.600772857666,834.5941925048828,343.88880729675293,823.3076477050781,314.24915313720703,814.1766357421875,287.6109981536865,874.8243713378906,391.8197536468506,873.4445190429688,375.5003786087036,870.4523468017578,403.0540466308594,867.2087860107422,425.39706230163574,898.2072448730469,401.4453649520874,895.9888458251953,383.40203762054443,893.0619812011719,399.81767177581787,892.3059844970703,415.73381423950195,139,1787749175.2013514
866.7559814453125,500.23863315582275,840.5484771728516,468.3984088897705,831.9169616699219,433.6408853530884,839.7508239746094,402.48653411865234,851.8693542480469,383.03592681884766,831.4716339111328,395.9827995300293,818.3383941650391,352.5469779968262,811.3594818115234,323.5784339904785,807.0816802978516,297.35870361328125,852.7909851074219,391.4092683792114,838.4426116943359,346.2985038757324,827.2929382324219,315.07192611694336,819.8813629150391,287.8870725631714,876.7980194091797,395.18255710601807,866.9759368896484,378.1310033798218,857.8209686279297,407.1703577041626,853.9231872558594,435.5937910079956,900.9110260009766,404.321551322937,891.6394805908203,382.5056219100952,882.9653930664062,395.94743728637695,878.9075469970703,414.75422859191895,140,1787749175.2394938
868.8324737548828,502.35114097595215,844.4071960449219,472.5892639160156,836.4496612548828,438.7704277038574,843.8995361328125,409.42676067352295,855.5546569824219,390.0470495223999,833.3584594726562,397.2920608520508,820.6378936767578,355.3330421447754,812.3014068603516,325.96420526504517,807.5552368164062,300.58924198150635,853.5015869140625,393.43427181243896,838.6865997314453,349.0033721923828,825.7203674316406,317.4725675582886,817.1243286132812,291.1346483230591,876.4900970458984,398.0427360534668,869.2789459228516,377.7691841125488,860.4575347900391,403.0524158477783,855.4990386962891,429.1904354095459,899.9478149414062,408.96331787109375,897.5994110107422,382.7967596054077,889.9784088134766,390.457706451416,884.5372772216797,405.3912162780762,141,1787749175.2743723
866.4804840087891,501.06788635253906,839.3267059326172,478.3491039276123,826.9574737548828,448.0597972869873,832.8857421875,416.5931510925293,839.66796875,392.3979949951172,814.1168212890625,401.05037212371826,796.7885589599609,359.0290832519531,786.7581939697266,330.44570446014404,780.6745147705078,305.2593970298767,836.2296295166016,394.1818571090698,814.7866058349609,350.0609350204468,802.0261383056641,320.08636951446533,793.7958526611328,292.3777985572815,861.7927551269531,397.45904445648193,855.6109619140625,377.904109954834,853.4828186035156,405.78410625457764,852.7159881591797,428.4323787689209,887.6065063476562,408.89143466949463,881.0266876220703,390.03456115722656,875.6728363037109,408.35177421569824,874.2657470703125,426.5813970565796,142,1787749175.3097703
866.1502838134766,504.37936305999756,840.2022552490234,483.1333065032959,827.4267578125,451.74227714538574,832.1054077148438,419.1583299636841,839.8794555664062,393.12553882598877,814.2197418212891,403.38955879211426,795.576171875,359.4925904273987,786.1074829101562,330.50803899765015,779.7886657714844,304.6453857421875,836.5193939208984,396.9348335266113,817.081298828125,350.62321186065674,804.7515106201172,320.33673763275146,796.0606384277344,293.4372067451477,861.915283203125,400.43118953704834,855.2131652832031,381.7634439468384,851.6697692871094,409.39603328704834,849.9795532226562,431.7880153656006,887.4451446533203,410.5069398880005,880.2932739257812,390.5479145050049,874.9428558349609,408.46970558166504,873.5922241210938,426.23425483703613,143,1787749175.3576612
