P0_x,P0_y,P1_x,P1_y,P2_x,P2_y,P3_x,P3_y,P4_x,P4_y,P5_x,P5_y,P6_x,P6_y,P7_x,P7_y,P8_x,P8_y,P9_x,P9_y,P10_x,P10_y,P11_x,P11_y,P12_x,P12_y,P13_x,P13_y,P14_x,P14_y,P15_x,P15_y,P16_x,P16_y,P17_x,P17_y,P18_x,P18_y,P19_x,P19_y,P20_x,P20_y,frame_number,timestamp
823.9887237548828,426.7567491531372,796.5457916259766,405.59759616851807,782.0518493652344,369.6393871307373,778.1276702880859,341.0612654685974,775.8786010742188,315.1172876358032,802.78564453125,320.43784618377686,794.7286987304688,283.8676857948303,785.374755859375,263.27598094940186,775.3941345214844,246.96810722351074,819.7989654541016,319.1010332107544,812.8219604492188,280.2609944343567,803.0142211914062,258.4724235534668,791.2623596191406,241.02418184280396,836.9887542724609,323.0039691925049,831.8280029296875,284.81703758239746,821.3930511474609,263.04179191589355,809.1046905517578,246.0315227508545,854.8668670654297,332.57044315338135,851.5424346923828,299.72572088241577,842.4698638916016,279.9302887916565,830.9174346923828,264.31395292282104,1,1787749319.874638
822.2420501708984,431.1753559112549,795.8663940429688,406.81952476501465,781.3023376464844,369.3830108642578,776.6859436035156,339.71134185791016,774.2057800292969,313.5235404968262,802.2260284423828,321.3957381248474,796.4051055908203,284.8767328262329,787.4526977539062,264.339337348938,777.2449493408203,247.66016006469727,820.0570678710938,321.05462551116943,815.6230926513672,283.2840371131897,806.1990356445312,261.6333532333374,793.9800262451172,243.32111835479736,837.8564453125,325.781729221344,835.6955718994141,288.823721408844,825.8644104003906,267.37722873687744,813.1375122070312,249.81974601745605,856.5419006347656,336.1336398124695,854.4402313232422,304.64263916015625,846.0767364501953,286.50912523269653,834.4316101074219,272.24408626556396,2,1787749319.9136765
812.5360870361328,425.9825563430786,783.9801025390625,401.17358207702637,766.2690734863281,363.9965772628784,758.1175231933594,332.8662586212158,757.2098541259766,307.1612548828125,785.8785247802734,317.81391620635986,774.9453735351562,279.88662242889404,762.8928375244141,256.404504776001,750.8131408691406,237.0595121383667,801.6959381103516,314.3637800216675,791.5499114990234,272.87646532058716,779.2790222167969,247.80856132507324,765.1166534423828,228.27467679977417,818.8227844238281,317.15956449508667,809.7559356689453,274.9096870422363,798.6640930175781,250.77152252197266,785.2924346923828,232.91751623153687,837.4958038330078,325.9787964820862,834.1126251220703,290.38395166397095,825.9115600585938,268.07387351989746,813.9315032958984,251.20625495910645,3,1787749319.9576633
814.6767425537109,427.5408124923706,784.954833984375,399.160852432251,766.6876220703125,362.40549087524414,758.0545806884766,332.59778022766113,757.4140167236328,307.8820610046387,785.4278564453125,317.4792194366455,776.4291381835938,279.0659523010254,764.7963714599609,256.9572329521179,752.5910186767578,240.21142959594727,801.5518951416016,313.93235206604004,792.9845428466797,272.29270935058594,779.5248413085938,247.70333290100098,764.0801239013672,228.69046211242676,819.5355987548828,316.7079019546509,811.6776275634766,274.0015125274658,799.9407196044922,249.93613243103027,785.7172393798828,232.43671417236328,839.1661834716797,325.97055673599243,836.0902404785156,289.72354888916016,826.0345458984375,266.93451404571533,812.0592498779297,249.50384616851807,4,1787749319.998909
805.2199554443359,419.4217872619629,768.955078125,391.4493942260742,744.2221832275391,358.5240340232849,732.6195526123047,328.8733720779419,727.2761535644531,304.07772302627563,751.7652893066406,320.5722141265869,735.5170440673828,286.96979999542236,723.1867218017578,269.67650413513184,711.3876342773438,253.75315189361572,771.3320922851562,314.7416281700134,758.8933563232422,275.5076265335083,749.0714263916016,253.04498434066772,739.5694732666016,232.68339157104492,792.1827697753906,316.0221791267395,781.9917297363281,277.1088194847107,773.6756134033203,255.40114402770996,764.6725463867188,236.76575660705566,814.9832916259766,323.4689784049988,808.6583709716797,292.05275774002075,802.8044128417969,272.39115715026855,796.6245269775391,255.05513906478882,5,1787749320.0418324
801.5029907226562,414.27452087402344,766.0521697998047,387.1178197860718,738.4077453613281,356.76624298095703,720.78369140625,327.7324891090393,714.8704528808594,300.0852656364441,750.0597381591797,324.153950214386,730.4508972167969,289.65726613998413,717.7932739257812,270.2904939651489,707.4107360839844,251.8435263633728,769.3454742431641,316.90033435821533,754.0946197509766,278.0984902381897,744.2121124267578,254.7988486289978,735.4354095458984,233.91235828399658,789.779052734375,316.2959575653076,777.8764343261719,280.3359031677246,770.44189453125,258.3830738067627,763.0084991455078,240.03448963165283,811.5048217773438,320.8550691604614,805.4961395263672,292.20386266708374,801.5977478027344,274.310245513916,797.3690795898438,259.012770652771,6,1787749320.1102967
800.3888702392578,412.17278480529785,765.5996704101562,388.55119228363037,738.4267425537109,359.17385816574097,721.0533142089844,330.08105278015137,714.8359680175781,302.6215195655823,749.4760131835938,326.5158176422119,728.8429260253906,292.0093274116516,715.55419921875,271.37402057647705,705.2760314941406,252.2126841545105,768.4880828857422,318.8583469390869,752.66845703125,280.0122356414795,743.5326385498047,255.98846197128296,735.8842468261719,234.93033170700073,789.2987060546875,317.79732942581177,777.0861053466797,281.31370782852173,770.2545166015625,258.9091730117798,763.6048126220703,240.2856731414795,811.6374206542969,321.77459478378296,806.2422180175781,293.03367376327515,803.1402587890625,274.5993232727051,799.9113464355469,259.00028228759766,7,1787749320.155485
800.7430267333984,408.64179611206055,766.6042327880859,386.8544912338257,738.4577178955078,358.1620216369629,720.0624084472656,330.23810148239136,709.5906066894531,304.5580315589905,748.8869476318359,322.9875326156616,727.4979400634766,290.490403175354,714.7873687744141,271.214439868927,705.5834197998047,253.4169101715088,768.5758209228516,314.65577602386475,753.9577484130859,276.90909147262573,745.5202484130859,254.89115953445435,739.0262603759766,236.415696144104,789.7347259521484,313.70502948760986,780.6100463867188,278.3268213272095,774.1663360595703,258.9942526817322,768.0439758300781,243.6401081085205,812.2698974609375,318.9864921569824,811.0105133056641,292.46665477752686,809.5908355712891,276.31048679351807,807.4186706542969,262.83103466033936,8,1787749320.1957412
801.3220977783203,408.59716415405273,766.8199157714844,386.9262886047363,738.6383819580078,358.04966926574707,720.0790405273438,330.1865601539612,709.5762634277344,304.46542024612427,748.3352661132812,322.42999792099,727.4546813964844,290.50962924957275,714.9127960205078,271.5967082977295,705.7649230957031,254.09490823745728,768.1587219238281,314.309298992157,753.8420867919922,277.1210718154907,745.7683563232422,255.29979944229126,739.5648956298828,236.94934844970703,789.5379638671875,313.6585736274719,780.5545043945312,278.81648540496826,774.3447875976562,259.47290897369385,768.5101318359375,244.14329051971436,812.2130584716797,319.161479473114,810.7405090332031,292.5083041191101,809.3276977539062,276.33140802383423,807.3137664794922,262.8344678878784,9,1787749320.238535
801.9451141357422,406.2428283691406,768.18603515625,383.6053276062012,741.1199951171875,354.3754291534424,722.0285034179688,327.37534761428833,708.1791687011719,304.21475172042847,754.2173767089844,317.9286503791809,736.3845825195312,286.1859726905823,726.9801330566406,268.1567430496216,720.7286834716797,251.30817890167236,774.0032196044922,310.32089710235596,761.2893676757812,273.54854106903076,753.97705078125,252.22296237945557,748.2878875732422,234.43918704986572,794.8646545410156,309.9982166290283,787.4327087402344,277.5999641418457,781.5625,259.21204805374146,775.9346771240234,244.8233699798584,816.8517303466797,315.8512473106384,817.2238922119141,292.05777883529663,816.4083099365234,277.5922179222107,815.0597381591797,265.77468395233154,10,1787749320.2796464
801.8894195556641,405.56485176086426,767.3118591308594,383.97851943969727,741.1085510253906,355.146381855011,723.255615234375,328.21326971054077,709.0260314941406,306.22894048690796,753.7657165527344,317.81614780426025,735.5891418457031,287.5170135498047,726.1558532714844,269.98467922210693,720.1070404052734,254.05306577682495,773.2984924316406,309.91408109664917,760.4788208007812,273.5399580001831,753.2872009277344,252.80822038650513,747.7529144287109,235.76421976089478,794.6009063720703,309.610755443573,786.7038726806641,276.3256573677063,780.6511688232422,258.48772287368774,774.8719024658203,244.78393077850342,817.2516632080078,315.86103200912476,817.9736328125,291.58751249313354,817.0133972167969,277.03646421432495,815.5276489257812,264.8424768447876,11,1787749320.3496778
807.5002288818359,403.99582386016846,773.6844635009766,378.97424697875977,749.9541473388672,345.711464881897,733.9924621582031,316.2736201286316,718.5095977783203,294.71973180770874,764.1855621337891,313.2681083679199,749.4244384765625,279.5386004447937,741.7376708984375,259.8230767250061,736.3661956787109,242.80428886413574,785.2235412597656,307.785587310791,774.3927764892578,270.3321433067322,767.4233245849609,249.20549869537354,761.1819458007812,232.22994804382324,806.8288421630859,308.7696146965027,799.2662048339844,274.63717460632324,792.379150390625,256.01938247680664,785.6537628173828,241.80461883544922,829.4765472412109,315.73604106903076,830.5481719970703,290.2437472343445,830.1348876953125,275.27114152908325,828.7217712402344,263.77034425735474,12,1787749320.3884182
824.3270874023438,399.4957637786865,791.2444305419922,374.4824695587158,766.4145660400391,340.7967138290405,751.2877655029297,312.66928911209106,741.2527465820312,289.59115505218506,779.2969512939453,308.8863015174866,766.1089324951172,274.76832389831543,758.0345153808594,253.04925441741943,751.7672729492188,235.87865352630615,801.4434051513672,303.45139503479004,791.9951629638672,265.7033586502075,785.2483367919922,242.50287294387817,779.3067932128906,224.70757484436035,824.4673156738281,305.58924436569214,817.6895141601562,268.4454560279846,809.8463439941406,244.39069747924805,802.2779846191406,225.55523872375488,849.3377685546875,315.18582344055176,848.7860107421875,290.8407211303711,845.8273315429688,275.90444326400757,841.9712829589844,264.75059509277344,13,1787749320.432712
824.8080444335938,398.8068437576294,791.0787963867188,373.49026679992676,765.6271362304688,339.99999046325684,751.5511322021484,312.16366052627563,741.6576385498047,289.8282194137573,777.3276519775391,308.91486167907715,763.3001708984375,275.37023305892944,754.9039459228516,253.94367456436157,749.1859436035156,236.37799501419067,800.1860046386719,303.48860263824463,789.344482421875,266.1805558204651,781.8244171142578,242.78446197509766,775.9829711914062,224.28906440734863,823.9248657226562,305.9037709236145,815.9335327148438,268.66138458251953,808.2975006103516,245.17317295074463,801.4938354492188,226.61056995391846,848.9039611816406,315.8089756965637,848.2249450683594,289.4102454185486,845.8942413330078,272.5190019607544,842.8509521484375,259.5226263999939,14,1787749320.4750884
864.6687316894531,420.41669368743896,830.5889129638672,395.0165605545044,810.1418304443359,355.4907989501953,802.2835540771484,322.98388481140137,797.9209136962891,296.4672660827637,821.3851928710938,321.75845861434937,810.2893829345703,275.2290415763855,805.0724029541016,248.08663129806519,800.9774780273438,228.14419269561768,849.0119171142578,315.9184527397156,845.5252838134766,263.1377935409546,844.151611328125,233.9033031463623,842.0016479492188,211.4893913269043,874.6942138671875,319.75184440612793,876.1248779296875,272.6862645149231,874.6107482910156,244.45412635803223,870.6622314453125,221.2962770462036,899.6646118164062,330.53033351898193,906.5252685546875,296.54404163360596,906.7481231689453,275.7949233055115,902.6709747314453,259.0880870819092,15,1787749320.587261
860.7674407958984,434.0313720703125,835.8970642089844,401.25945568084717,827.4721527099609,363.1990385055542,832.1011352539062,334.225172996521,840.3360748291016,321.3472867012024,835.1788330078125,322.7535152435303,829.5938110351562,275.6758117675781,827.0815277099609,246.61624431610107,826.0626220703125,223.0948805809021,860.2124786376953,323.153657913208,860.6004333496094,272.8077793121338,860.1670837402344,240.34762144088745,859.4034576416016,214.62276935577393,883.8442230224609,332.40712881088257,886.2812042236328,286.6022515296936,886.3059997558594,257.4000549316406,885.1224517822266,234.0279722213745,906.30859375,348.29054832458496,912.7409362792969,315.3547167778015,915.5534362792969,292.6544952392578,916.6083526611328,274.1148519515991,16,1787749320.62775
862.2524261474609,435.31200885772705,836.6696166992188,403.6402702331543,827.6393127441406,366.4211654663086,835.4674530029297,336.0324239730835,847.7390289306641,323.92667055130005,834.2433929443359,322.9915237426758,828.6094665527344,274.8318386077881,827.3725891113281,245.8151650428772,826.8603515625,222.49674797058105,859.3733978271484,322.32013463974,860.6961059570312,271.6435503959656,860.7118988037109,239.87836360931396,859.9293518066406,214.80790615081787,883.5520935058594,330.13068437576294,887.1045684814453,285.77205419540405,887.2686004638672,257.10235118865967,885.9285736083984,235.9477686882019,907.4433898925781,344.72100019454956,915.0068664550781,312.38194942474365,916.8614196777344,290.3521513938904,917.0659637451172,273.31701278686523,17,1787749320.6715593
846.1660766601562,441.89517974853516,814.5317077636719,410.90922832489014,794.4051361083984,375.6680488586426,788.49609375,342.9164958000183,791.1850738525391,318.4085941314697,805.6739044189453,328.187198638916,792.7877044677734,285.2440881729126,786.3542175292969,259.8171329498291,783.0648803710938,239.04608488082886,827.3731994628906,325.0862431526184,818.9678192138672,278.661367893219,813.5790252685547,251.59120559692383,809.02099609375,229.88546133041382,850.9333801269531,329.78753328323364,845.0662231445312,287.47100830078125,840.0289916992188,263.6021375656128,834.7068786621094,245.8711051940918,875.6974792480469,341.8860983848572,876.9670104980469,311.7860698699951,875.6486511230469,293.32470417022705,874.2469787597656,278.55384349823,18,1787749320.7345338
848.1203460693359,438.81561756134033,820.1675415039062,410.2070903778076,802.7503967285156,375.3945064544678,796.3436889648438,344.4419860839844,796.788330078125,317.9731321334839,816.5682983398438,326.7881155014038,808.7477874755859,282.9389762878418,805.0237274169922,257.25600957870483,803.7863922119141,235.50245761871338,839.8171234130859,324.7038245201111,835.8247375488281,277.0672559738159,833.804931640625,248.46319198608398,832.6651763916016,224.93558406829834,862.2006988525391,331.08211755752563,863.253173828125,288.1935739517212,862.7098846435547,263.48873376846313,861.1959838867188,243.42042446136475,884.4514465332031,344.4849228858948,890.7073211669922,314.77673292160034,893.25927734375,295.7129216194153,894.1408538818359,279.0971088409424,19,1787749320.7713358
849.0408325195312,437.54995822906494,820.8180999755859,410.740270614624,803.7547302246094,376.7889976501465,798.4453582763672,345.3603744506836,797.4832916259766,318.8118267059326,816.8611145019531,327.0560359954834,807.6717376708984,283.75144958496094,803.8117980957031,257.5365471839905,803.3993530273438,235.40928840637207,840.8866119384766,323.964478969574,836.2682342529297,276.6832494735718,834.5101928710938,247.48669624328613,834.0024566650391,223.51148128509521,864.0229797363281,330.2021813392639,864.4448852539062,288.4026575088501,864.8108673095703,263.656747341156,864.3102264404297,243.84073734283447,886.4696502685547,344.05954599380493,892.6239013671875,314.84421730041504,894.7988128662109,296.3075566291809,896.0983276367188,280.40879487991333,20,1787749320.8123534
840.9417724609375,435.66670417785645,811.3190460205078,403.70713233947754,795.5534362792969,366.90237522125244,791.9532012939453,334.82311248779297,789.5993804931641,312.81447172164917,811.0551452636719,325.0093388557434,804.4292449951172,281.6126775741577,802.4409484863281,256.1757016181946,802.2899627685547,235.01165628433228,835.0910186767578,323.85916471481323,833.0915069580078,276.56136989593506,832.27294921875,248.4945845603943,831.9660949707031,226.01280212402344,858.5720062255859,330.4940700531006,859.5609283447266,288.3955121040344,859.7328186035156,264.48265314102173,859.0976715087891,245.86215734481812,882.0305633544922,343.88569593429565,888.5272216796875,314.3290400505066,891.0348510742188,295.5777597427368,892.2767639160156,279.7561812400818,21,1787749320.8511841
841.9248962402344,434.75586891174316,811.9363403320312,403.22463512420654,796.4484405517578,367.19428539276123,793.7661743164062,335.7551908493042,791.0173797607422,313.6352062225342,811.6391754150391,323.88553619384766,804.66064453125,281.2462878227234,802.4266052246094,256.0406255722046,801.9712066650391,234.67801094055176,836.2947845458984,322.672963142395,833.8381195068359,276.5486669540405,832.9573822021484,248.8764238357544,832.5920867919922,226.24505996704102,860.01708984375,329.75236415863037,861.0246276855469,288.3666515350342,860.9663391113281,264.5416831970215,860.2566528320312,245.4991579055786,883.1031799316406,343.66459608078003,889.4814300537109,314.58121061325073,891.7094421386719,296.1174201965332,893.1214141845703,280.4588985443115,22,1787749320.8912187
834.7817993164062,435.15528202056885,805.0724029541016,408.6458730697632,782.6271057128906,374.83240127563477,772.0090484619141,343.38154792785645,769.5278930664062,315.21305322647095,802.7156829833984,328.2108449935913,795.2715301513672,282.57537603378296,792.6454162597656,255.66983699798584,792.0584106445312,232.91895389556885,826.0646057128906,324.8570966720581,823.7133026123047,276.42067193984985,822.2608184814453,246.7810821533203,820.6826019287109,222.61897087097168,848.3555603027344,330.18563747406006,849.1939544677734,286.64705514907837,847.8384399414062,260.4179048538208,845.1898193359375,239.15948867797852,870.7631683349609,343.27998876571655,877.1826171875,311.00440979003906,878.616943359375,290.13577222824097,878.9605712890625,271.84857845306396,23,1787749320.9329867
836.4837646484375,435.1329231262207,806.0785675048828,409.1972494125366,783.1556701660156,376.25452995300293,772.5144958496094,344.6641802787781,769.3296051025391,317.069034576416,801.6902923583984,326.483952999115,794.3779754638672,282.05002784729004,791.2408447265625,255.78025817871094,790.5304718017578,232.75132656097412,825.5385589599609,323.1593441963196,822.6419830322266,275.5636954307556,821.8644714355469,246.27262115478516,821.2195587158203,221.4731740951538,848.135986328125,328.76737117767334,848.9598083496094,285.4935121536255,848.4196472167969,259.64545011520386,846.6981506347656,238.14507722854614,870.7686614990234,341.74696683883667,877.0045471191406,309.936740398407,879.6132659912109,289.2908763885498,881.1679840087891,271.2589430809021,24,1787749320.9715579
832.7168273925781,441.2005090713501,802.1739959716797,413.9311122894287,783.6079406738281,376.6725254058838,772.8498840332031,346.7672896385193,763.0282592773438,321.1558413505554,807.7580261230469,334.633104801178,801.1098480224609,284.0834856033325,798.1769561767578,254.59317684173584,797.362060546875,230.86429595947266,828.7495422363281,335.72993516921997,825.0871276855469,282.47010469436646,822.6311492919922,249.74932193756104,821.0232543945312,223.72097253799438,849.2005920410156,344.3710255622864,849.4468688964844,294.08233165740967,848.0990600585938,263.68035078048706,846.2599182128906,239.117431640625,869.6099853515625,359.61024284362793,874.6915435791016,323.8186526298523,874.6474456787109,300.1692295074463,873.1145477294922,279.84469413757324,25,1787749321.0125377
833.3111572265625,441.1181974411011,803.2839965820312,413.9473342895508,784.6631622314453,377.34432220458984,773.9138793945312,347.21981048583984,763.8275146484375,321.4351987838745,807.3191070556641,333.01481008529663,800.6398773193359,282.54915475845337,797.7046966552734,252.93310403823853,797.1732330322266,228.7511444091797,827.7519226074219,334.13193941116333,823.8172149658203,282.03365564346313,822.1007537841797,249.62894439697266,821.6828918457031,223.38136196136475,848.0338287353516,343.1828713417053,848.6567687988281,294.62973833084106,848.3530426025391,264.9112272262573,848.0059814453125,240.005521774292,868.7119293212891,359.28144693374634,873.6407470703125,324.7714161872864,874.0400695800781,302.0314121246338,873.2131958007812,282.15731620788574,26,1787749321.0490527
831.8824005126953,452.2225856781006,802.0893096923828,413.42187881469727,785.1810455322266,373.2301998138428,774.5760345458984,343.0352854728699,765.3278350830078,319.4898462295532,816.4301300048828,342.0853114128113,810.2945709228516,302.59514808654785,801.8345642089844,280.52303552627563,792.8673553466797,264.1537284851074,835.0227355957031,347.23214864730835,836.2112426757812,304.36192989349365,821.8658447265625,291.4511489868164,804.5352172851562,291.34220838546753,852.5571441650391,358.7964391708374,857.5727844238281,317.4194383621216,840.8663940429688,309.24524545669556,822.0522308349609,313.63694429397583,869.5954132080078,376.6921806335449,872.0668029785156,345.7079243659973,856.6990661621094,338.2153558731079,838.3656311035156,340.5367112159729,27,1787749321.0880506
831.4251708984375,446.01616859436035,802.57568359375,413.3099555969238,784.2284393310547,375.04157066345215,772.8883361816406,345.6020522117615,764.50927734375,320.66023349761963,814.3285369873047,342.47775077819824,807.4903869628906,303.93399953842163,800.1644897460938,281.1036801338196,793.5209655761719,262.918496131897,833.4346771240234,345.88555097579956,833.6568450927734,304.053111076355,819.7795867919922,291.55187129974365,803.5753631591797,290.9787368774414,851.5723419189453,356.37444734573364,855.9107208251953,316.4957070350647,840.4249572753906,307.97666788101196,822.9967498779297,310.9984016418457,869.4441223144531,373.64484786987305,871.9413757324219,343.7218236923218,857.0896148681641,337.03209400177,839.7389221191406,339.26864862442017,28,1787749321.1568635
844.0603637695312,450.18513679504395,815.6646728515625,413.2815885543823,797.0634460449219,376.38293266296387,785.7398223876953,347.87441968917847,773.9048767089844,325.6860065460205,831.3148498535156,345.76489448547363,814.4278717041016,316.61091327667236,797.7020263671875,301.72656297683716,780.5502319335938,289.29920196533203,848.26416015625,349.585325717926,830.0929260253906,318.97125720977783,806.8508148193359,307.9815602302551,785.1100921630859,300.15470266342163,864.2299652099609,360.9646940231323,850.6240844726562,331.5773391723633,826.1223602294922,328.97769927978516,804.2101287841797,330.12137174606323,878.9340972900391,379.05561447143555,869.4542694091797,356.54606580734253,849.5945739746094,353.8040328025818,830.5558776855469,354.79117155075073,29,1787749321.197465
852.0285797119141,447.00875759124756,826.3003540039062,415.6158399581909,810.8736419677734,385.2595853805542,803.3116149902344,366.0730791091919,799.0323638916016,350.0554633140564,847.4956512451172,339.5908999443054,827.8561401367188,320.79915046691895,808.5918426513672,315.5323004722595,792.2046661376953,316.56091690063477,866.7520904541016,347.74672508239746,848.9763641357422,331.2431573867798,828.3132171630859,338.3469772338867,814.0363311767578,350.490882396698,883.2395172119141,365.1412582397461,869.8513031005859,351.6634798049927,852.3355102539062,361.7070436477661,841.6729736328125,375.1753807067871,896.3181304931641,389.7552251815796,887.7399444580078,378.049635887146,873.5760498046875,381.98480129241943,865.1303863525391,388.6814832687378,30,1787749321.2637916
852.0050811767578,444.89367485046387,826.0918426513672,415.50816535949707,811.0116577148438,384.76245403289795,803.5650634765625,364.84179496765137,799.9533843994141,349.33096647262573,848.4503936767578,343.57179164886475,829.8974609375,322.9530072212219,811.7057037353516,315.68941354751587,796.4005279541016,315.84343671798706,867.9486083984375,351.64652824401855,851.8051147460938,332.3099684715271,831.4288330078125,336.83996200561523,817.5370788574219,347.2080945968628,884.2684173583984,368.6237955093384,873.51318359375,351.7524218559265,854.7057342529297,359.2152714729309,843.3502197265625,371.68134212493896,896.4041900634766,392.4134874343872,888.9693450927734,377.41427421569824,874.0142059326172,379.18938159942627,864.4626617431641,385.64080238342285,31,1787749321.3013043
867.9840850830078,454.21566009521484,833.0362701416016,417.69701957702637,816.2770080566406,384.978232383728,804.9394226074219,363.0632543563843,792.5289154052734,349.8384618759155,863.1658935546875,342.1723222732544,815.263671875,333.251895904541,783.3712768554688,337.91057109832764,761.2781524658203,345.018789768219,878.580322265625,353.31466913223267,823.5025787353516,349.6272325515747,790.3144073486328,358.67756366729736,769.6005249023438,369.22126293182373,887.1360015869141,374.13060665130615,836.5428924560547,371.22270584106445,815.3451538085938,380.92856884002686,805.8018493652344,391.0242748260498,889.5108795166016,399.82080459594727,849.5367431640625,398.6630344390869,830.7196044921875,403.1963109970093,820.4718017578125,409.23776149749756,32,1787749321.340395
865.3374481201172,449.8225450515747,830.3440856933594,414.92722034454346,813.2450866699219,383.5195827484131,802.0889282226562,361.88745975494385,790.7533264160156,347.6479768753052,857.471923828125,340.53248405456543,811.605224609375,333.03547382354736,780.0883483886719,336.86204195022583,757.8958892822266,342.9642391204834,873.6901092529297,351.63822412490845,819.5076751708984,349.8276686668396,786.9512939453125,358.1307363510132,766.9012451171875,367.2139835357666,883.7226867675781,372.4187994003296,834.0299987792969,371.4996814727783,815.4002380371094,380.254111289978,808.9823913574219,388.4876775741577,887.8150939941406,397.5762462615967,848.0671691894531,396.81346893310547,830.4379272460938,401.48265838623047,822.4631500244141,407.3191452026367,33,1787749321.3771422
882.9780578613281,461.67760848999023,835.0003051757812,426.2225818634033,810.7064819335938,394.55204486846924,792.9622650146484,376.74200534820557,777.9581451416016,368.9271640777588,840.5809783935547,351.63294553756714,785.1543426513672,351.46825790405273,750.9431457519531,358.4680938720703,725.0242614746094,365.4410219192505,850.2413940429688,365.4871988296509,787.8379058837891,366.4069604873657,749.5907592773438,377.2074222564697,722.7302551269531,386.2391710281372,854.0522003173828,386.20063304901123,792.3005676269531,387.4243640899658,754.6987152099609,397.22275257110596,730.5555725097656,406.0948133468628,852.1027374267578,412.11223125457764,803.9145660400391,412.06013202667236,775.4213714599609,415.635666847229,755.1787567138672,420.54805755615234,34,1787749321.4179664
875.3834533691406,459.0548801422119,847.2963714599609,423.35206031799316,819.7227478027344,393.3011484146118,794.2477416992188,377.2634267807007,772.0472717285156,367.80282497406006,836.3003540039062,351.3901090621948,782.7529144287109,350.26585578918457,749.4406890869141,354.5564031600952,722.1487426757812,359.42944049835205,845.8258056640625,366.4555835723877,786.4025115966797,367.41517066955566,750.6377410888672,377.3326063156128,723.5677337646484,386.42229080200195,851.0134887695312,388.7331962585449,794.6783447265625,387.7103519439697,762.0175170898438,399.27234649658203,739.6877288818359,409.81329917907715,851.7915344238281,413.52242946624756,808.9144134521484,408.3335781097412,784.9977874755859,411.1850881576538,768.9791107177734,414.8066711425781,35,1787749321.454765
877.5450134277344,457.8305912017822,856.0344696044922,424.55077171325684,821.0026550292969,394.0656852722168,790.4367065429688,379.50596809387207,764.3505096435547,375.0628995895386,820.21240234375,354.78134393692017,770.9247589111328,352.2122383117676,741.1311340332031,355.33257007598877,717.7526092529297,357.9655122756958,820.340576171875,366.0036849975586,766.0468292236328,362.22219944000244,734.0390777587891,365.0725507736206,708.2314300537109,368.21635723114014,818.9669799804688,383.235182762146,767.470703125,380.38629055023193,737.6278686523438,385.2768802642822,715.1879119873047,389.8577928543091,815.4509735107422,404.36734199523926,775.6861877441406,401.5075922012329,753.3936309814453,404.9703884124756,735.7625579833984,408.9783811569214,36,1787749321.4952242
878.7718200683594,458.2192325592041,856.6505432128906,423.90562534332275,820.9892272949219,395.32851219177246,791.3953399658203,380.4294204711914,766.98486328125,374.4859457015991,820.3081512451172,356.69363021850586,771.4234924316406,353.5610890388489,743.9076232910156,355.7128858566284,722.0478057861328,357.1559143066406,821.4126586914062,366.9803524017334,767.6157379150391,365.9557056427002,738.6611938476562,370.16209602355957,714.9758911132812,373.4322452545166,820.5028533935547,383.826642036438,770.2368927001953,382.37932205200195,742.4919891357422,387.35196590423584,720.7468414306641,390.25853633880615,818.0072784423828,404.34056282043457,780.5097961425781,402.1447563171387,759.3228149414062,405.5778121948242,741.8463897705078,408.3894109725952,37,1787749321.536163
874.9362945556641,452.92669773101807,866.3763427734375,411.20856285095215,841.2236785888672,377.2159194946289,817.9237365722656,357.4050807952881,797.2304534912109,346.99931144714355,834.674072265625,352.28113889694214,798.7809753417969,329.4968891143799,772.6911163330078,321.47841453552246,754.0252685546875,318.5551714897156,829.3934631347656,362.02062606811523,791.3278961181641,338.62390995025635,765.3980255126953,329.3731427192688,744.7983551025391,325.65478563308716,823.9396667480469,378.3505582809448,787.2198486328125,355.36394119262695,761.7087554931641,346.7246103286743,741.97021484375,343.2103157043457,818.7284851074219,399.24110412597656,787.9287719726562,381.2344694137573,767.4387359619141,372.26190090179443,749.6562957763672,368.3639860153198,38,1787749321.5736465
877.8497314453125,445.752968788147,869.5696258544922,404.54938888549805,843.6501312255859,363.91602516174316,819.832763671875,336.8532657623291,798.8626861572266,319.1046166419983,844.5891571044922,346.18743896484375,815.5621337890625,314.48233366012573,794.166259765625,292.94782161712646,776.8252563476562,275.15490531921387,841.6317749023438,354.34109687805176,808.5092926025391,320.94536304473877,785.860595703125,299.27122592926025,765.4987335205078,280.62575340270996,837.0467376708984,368.558349609375,802.8465270996094,337.22922563552856,779.3766784667969,317.43093967437744,759.4371795654297,301.64023876190186,831.0588073730469,387.791805267334,802.3069000244141,364.5267105102539,782.8066253662109,349.2782235145569,765.7504272460938,337.65082597732544,39,1787749321.6316907
880.0389862060547,445.58971881866455,871.5857696533203,408.11779975891113,845.5265808105469,367.98654556274414,820.9091186523438,341.48314476013184,800.1100158691406,325.5679249763489,847.9325866699219,345.8873748779297,818.5297393798828,313.1027555465698,796.5869140625,290.8037281036377,778.6612701416016,272.81546115875244,845.1714324951172,353.75701904296875,810.9055328369141,318.89370918273926,788.0954742431641,296.37171506881714,768.2364654541016,277.7579998970032,840.1740264892578,368.2574272155762,804.8101043701172,335.9348773956299,780.6546020507812,315.3768825531006,760.3927612304688,299.1962957382202,832.8311920166016,388.0891227722168,802.7381134033203,364.220552444458,781.9620513916016,349.682936668396,763.695068359375,339.1885471343994,40,1787749321.6777432
887.6384735107422,446.4149808883667,880.5804443359375,406.97054386138916,860.4564666748047,365.96179962158203,843.4623718261719,336.4918327331543,827.19970703125,314.995322227478,865.3733825683594,343.9201354980469,844.5285034179688,305.04866123199463,827.9701995849609,279.08350467681885,813.2969665527344,259.0266752243042,861.9835662841797,351.3927483558655,830.7306671142578,311.3432264328003,807.4314880371094,288.58221530914307,786.5625,270.90409755706787,854.1734313964844,365.451922416687,821.5872192382812,328.3598470687866,796.7597198486328,306.91333293914795,775.5856323242188,291.28974437713623,842.5745391845703,384.3441581726074,816.4425659179688,355.6534481048584,797.3117065429688,338.3357334136963,779.178466796875,325.3273630142212,41,1787749321.7209852
889.8457336425781,446.2089443206787,879.5152282714844,409.0960121154785,858.5968780517578,365.81957817077637,840.9284973144531,334.05951976776123,823.7364196777344,312.824342250824,866.7519378662109,342.28327989578247,845.0830841064453,303.40646266937256,826.7612457275391,278.091344833374,809.8003387451172,258.5521388053894,865.0624847412109,350.58375120162964,833.702392578125,309.69645738601685,808.8313293457031,287.23222732543945,785.985107421875,271.54913663864136,858.4281921386719,365.7217311859131,826.0977935791016,328.0264163017273,799.4013214111328,306.3871479034424,775.5959320068359,291.419734954834,847.1781158447266,386.1653995513916,819.9513244628906,357.19696283340454,799.3083953857422,339.894118309021,779.6206665039062,327.5968337059021,42,1787749321.755975
902.4131011962891,443.41803073883057,896.5932464599609,403.52899074554443,878.5442352294922,362.3952341079712,862.7010345458984,333.1298875808716,848.1245422363281,311.8288993835449,884.0176391601562,343.6393189430237,868.3370971679688,301.921591758728,857.5525665283203,274.4912838935852,849.7609710693359,251.7568588256836,879.0546417236328,350.8974838256836,851.73828125,305.30359983444214,834.4846343994141,278.0129814147949,820.5388641357422,255.43092727661133,871.339111328125,365.6620788574219,838.7821960449219,326.8283271789551,815.545654296875,304.24232482910156,797.9736328125,284.8754024505615,861.2189483642578,386.8325185775757,832.5289916992188,362.6917362213135,812.6366424560547,346.6509675979614,796.4077758789062,331.91471815109253,43,1787749321.8048172
901.9935607910156,441.1050224304199,894.3570709228516,401.14980697631836,874.6952056884766,359.43180084228516,857.5221252441406,329.7699809074402,842.0278930664062,307.9627847671509,884.8468780517578,344.10284757614136,868.2600402832031,302.3187732696533,856.9387054443359,274.48988914489746,848.4181213378906,251.22307777404785,880.9934234619141,352.7590870857239,853.6518859863281,307.4355697631836,835.5744171142578,279.478862285614,820.5426025390625,256.02521896362305,873.5788726806641,368.0769681930542,841.7483520507812,328.3638381958008,817.6756286621094,303.97491931915283,798.7872314453125,283.6348485946655,863.3956146240234,388.83971214294434,834.4631958007812,363.3209180831909,813.0590057373047,345.71457624435425,795.0563812255859,330.3578782081604,44,1787749321.8390648
916.7652130126953,450.66741943359375,908.0581665039062,414.07925605773926,892.0894622802734,379.11312103271484,877.7241516113281,353.8237953186035,864.7674560546875,336.3218879699707,907.9573822021484,356.62681102752686,885.3099822998047,311.8457221984863,874.1717529296875,283.1847095489502,866.856689453125,258.4793758392334,905.0230407714844,367.9525136947632,869.3490600585938,319.5987868309021,848.3305358886719,288.87489795684814,832.7690887451172,263.4597659111023,897.0556640625,385.07500648498535,859.0316772460938,342.8058171272278,832.6059722900391,315.84487438201904,814.6604156494141,295.37075757980347,884.78759765625,405.36778450012207,851.2212371826172,373.82959842681885,829.8663330078125,353.7871241569519,814.04296875,337.25388050079346,45,1787749321.8800433
918.4024810791016,449.6527290344238,910.26123046875,411.2534523010254,896.1748504638672,374.2151927947998,883.5420989990234,346.7210268974304,869.9935913085938,328.13490629196167,908.5491180419922,358.0417728424072,885.5037689208984,312.1692180633545,872.7126312255859,283.54384660720825,864.0421295166016,259.2174768447876,905.6765747070312,369.2645215988159,871.2193298339844,321.120285987854,849.7660827636719,291.2557125091553,833.7116241455078,267.1956539154053,897.9862976074219,385.99090576171875,861.9975280761719,345.29542207717896,835.7684326171875,319.871985912323,816.8788909912109,300.9920883178711,886.2123107910156,405.75822830200195,854.1117858886719,376.2037181854248,833.0052185058594,357.05888271331787,816.2191009521484,340.44055938720703,46,1787749321.9124193
916.1062622070312,441.3292121887207,912.2152709960938,403.66477489471436,897.5910186767578,370.5828380584717,883.4287261962891,349.02594566345215,870.5405426025391,336.07600450515747,888.1329345703125,347.05074548721313,875.7460021972656,312.7916407585144,867.3075103759766,290.0781798362732,861.7536926269531,270.70308208465576,880.6997680664062,351.88080310821533,859.1722869873047,316.25767707824707,845.3163909912109,294.6513891220093,834.5094299316406,277.2245407104492,872.3780822753906,363.2514810562134,847.5040435791016,333.2654356956482,830.6654357910156,315.16921520233154,818.0963897705078,301.18005752563477,864.0520477294922,379.36859607696533,840.7763671875,359.434289932251,827.5284576416016,345.94863653182983,816.4117431640625,334.12018060684204,47,1787749321.9488719
909.1877746582031,465.3234386444092,886.0704040527344,433.80542278289795,847.5091552734375,414.5326566696167,814.9774932861328,412.8362989425659,791.641845703125,418.2719135284424,844.1063690185547,392.58909702301025,799.7296905517578,381.1666202545166,773.8675689697266,372.48424530029297,753.3997344970703,363.2708787918091,842.0964813232422,407.5813150405884,791.5101623535156,409.5930576324463,781.4072418212891,416.61653995513916,777.9487609863281,415.3156900405884,840.2056121826172,428.54889392852783,793.7998199462891,429.3278932571411,794.5771026611328,437.2485637664795,802.3164367675781,439.0102815628052,838.1147766113281,451.5340518951416,800.8859252929688,445.3526544570923,796.2844085693359,447.9531955718994,797.9795837402344,449.5499897003174,48,1787749322.0599916
909.5388793945312,483.02228450775146,880.7787322998047,459.79491233825684,841.8598175048828,432.37338066101074,811.2983703613281,416.0091161727905,785.3538513183594,403.8280248641968,853.6388397216797,399.09042835235596,819.5177459716797,380.3196430206299,796.6299438476562,366.87512397766113,777.9527282714844,354.9756860733032,855.0107574462891,401.5566873550415,821.6122436523438,381.7045211791992,798.8417816162109,368.9620113372803,778.4963226318359,356.4965844154358,854.3157958984375,408.9042663574219,821.6909790039062,389.6177673339844,799.7193908691406,376.74144744873047,780.1530456542969,364.11991596221924,850.7411193847656,421.840238571167,822.2799682617188,405.53725719451904,805.0782775878906,393.1397867202759,790.0995635986328,381.6919469833374,49,1787749322.1008723
907.5551605224609,482.2774887084961,884.5293426513672,459.87610816955566,848.2098388671875,431.4294147491455,819.3184661865234,415.0852346420288,796.9114685058594,403.2096576690674,855.2812194824219,401.291298866272,820.9159088134766,380.3762912750244,796.5211486816406,368.9187955856323,776.3862609863281,359.93760108947754,855.9658813476562,402.793550491333,821.7336273193359,382.58111000061035,798.3943176269531,371.37831687927246,776.6785430908203,361.09957695007324,854.3720245361328,408.63475799560547,822.2394561767578,389.3409204483032,799.7126770019531,378.8448143005371,778.3039855957031,368.7116003036499,850.3564453125,418.2794237136841,821.5550994873047,400.77133655548096,803.6522674560547,389.9956798553467,787.1952819824219,380.1775074005127,50,1787749322.1482565
916.2847900390625,492.49181270599365,920.5908966064453,454.9865913391113,904.2677307128906,413.9951419830322,886.7642211914062,384.10426139831543,873.1184387207031,362.8725814819336,906.7237091064453,402.68797874450684,900.3076171875,352.92596340179443,900.5674743652344,318.9811062812805,903.8604736328125,291.55972480773926,894.5945739746094,409.5198440551758,877.9084777832031,356.3549208641052,869.2641448974609,319.65556383132935,863.7946319580078,288.34060192108154,879.6070861816406,422.1834325790405,855.1161956787109,374.65614795684814,838.1813049316406,342.1316170692444,826.5610504150391,314.78593826293945,863.9478302001953,439.4127416610718,839.3695831298828,407.37467765808105,823.3766937255859,385.6665515899658,810.6148529052734,366.32164478302,51,1787749322.3165898
917.4237823486328,495.1310634613037,921.3434600830078,453.7937593460083,904.3360137939453,412.993540763855,887.7341461181641,384.05675411224365,875.6237030029297,363.5241222381592,906.1806488037109,401.34708881378174,901.1946105957031,352.1572422981262,902.0587921142578,317.89082050323486,905.78369140625,290.7904887199402,894.5086669921875,408.12050342559814,876.3640594482422,354.58502769470215,869.3965911865234,317.75671005249023,865.6412506103516,287.83525228500366,880.5653381347656,421.3791561126709,852.3033142089844,373.9427661895752,836.4525604248047,341.4402723312378,826.3486480712891,314.74109172821045,866.7236328125,439.17593479156494,839.2615509033203,407.16559410095215,822.7682495117188,384.95428562164307,810.0921630859375,365.6937503814697,52,1787749322.3566937
917.4503326416016,508.2189989089966,887.6956939697266,475.1103687286377,862.2073364257812,438.3017921447754,842.1408843994141,414.7948694229126,822.36572265625,398.13337326049805,892.3495483398438,398.1371068954468,869.28466796875,365.29279232025146,850.1430511474609,345.04271507263184,832.2531127929688,327.0909261703491,896.9654846191406,409.96028423309326,853.0836486816406,385.6931161880493,823.3350372314453,374.6704387664795,797.1781921386719,365.2082061767578,898.0325317382812,431.2759065628052,854.4349670410156,409.46744441986084,824.75341796875,398.9919376373291,799.4650268554688,390.42367458343506,895.5210876464844,458.38351249694824,861.9781494140625,438.2430410385132,838.4468841552734,428.452205657959,817.6810455322266,420.6316137313843,53,1787749322.395722
919.8720550537109,500.2471733093262,907.6007080078125,454.3567657470703,873.9801788330078,417.64710903167725,842.1300506591797,399.5158910751343,815.6671905517578,391.9461393356323,877.7215576171875,399.954571723938,838.8410949707031,363.2343578338623,815.6721496582031,340.3384852409363,795.6857299804688,320.4227828979492,869.2033386230469,417.9573440551758,813.9710998535156,385.79988956451416,779.6556091308594,367.40045070648193,751.9445037841797,352.07432985305786,860.4683685302734,442.10155963897705,807.5645446777344,413.6658525466919,773.5275268554688,396.69609546661377,746.7724609375,383.3210563659668,852.0149230957031,468.5207176208496,814.0866088867188,445.87750911712646,788.0032348632812,432.6550769805908,765.4240417480469,422.02932357788086,54,1787749322.4296472
920.2114868164062,499.8950958251953,906.5229034423828,455.28146266937256,873.6620330810547,419.68743324279785,843.4788513183594,399.3455171585083,818.3390045166016,387.8094434738159,877.3970031738281,399.35208320617676,838.61572265625,363.19517612457275,815.9154510498047,340.17680168151855,797.8137969970703,320.50453662872314,871.0603332519531,417.32648849487305,815.1412963867188,387.2969055175781,782.7651214599609,367.85651206970215,756.7862701416016,351.48900747299194,863.9228820800781,440.41696071624756,808.6809539794922,414.1014003753662,774.2379760742188,396.99337005615234,747.7281188964844,382.5050640106201,857.2452545166016,465.1687288284302,814.7775268554688,445.7909917831421,788.3347320556641,433.4049367904663,766.3389587402344,422.7653646469116,55,1787749322.4695098
900.8622741699219,501.0129976272583,934.6050262451172,476.0424041748047,962.9824829101562,441.521258354187,984.3212127685547,413.5013151168823,1004.183349609375,396.41100883483887,959.0303802490234,444.28247451782227,987.3171234130859,416.303129196167,1008.0065155029297,402.596697807312,1027.6712799072266,395.2495050430298,939.1608428955078,437.1153974533081,961.5385437011719,400.05520820617676,978.7698364257812,375.4145908355713,993.9205169677734,358.083701133728,912.3438262939453,431.61116123199463,915.8515930175781,385.3443431854248,922.3527526855469,354.3596363067627,930.3887939453125,331.9057273864746,885.0341033935547,429.58062171936035,883.4770965576172,392.36396312713623,885.9152221679688,369.58788871765137,890.3251647949219,351.3602828979492,56,1787749322.7404382
902.3516082763672,501.80577278137207,937.8107452392578,475.8089017868042,961.1317443847656,441.1364793777466,976.6697692871094,410.3043794631958,991.0593414306641,389.90023612976074,959.5025634765625,443.49055767059326,990.3168487548828,416.7343854904175,1012.9323577880859,404.57183361053467,1034.7032928466797,398.30859661102295,939.2391204833984,436.96240425109863,962.9972839355469,403.2160520553589,982.5502014160156,379.7882652282715,999.4527435302734,363.0920934677124,912.0793151855469,431.4934015274048,915.6751251220703,386.54794692993164,921.7071533203125,355.2792692184448,928.9506530761719,332.76145935058594,883.6180114746094,429.2365264892578,883.7971496582031,392.1814012527466,886.3745880126953,368.7894916534424,889.6901702880859,349.9758768081665,57,1787749322.779164
897.8199005126953,508.81728172302246,935.9187316894531,486.5810823440552,965.9939575195312,454.23909187316895,988.4843444824219,428.97950649261475,1011.4726257324219,414.39425468444824,962.1896362304688,455.0483465194702,996.6096496582031,431.6874647140503,1021.2323760986328,422.65151023864746,1044.2034149169922,418.61133098602295,941.9376373291016,444.65721130371094,969.5225524902344,414.3303966522217,991.04736328125,394.8262310028076,1009.0369415283203,380.75154304504395,915.0238800048828,437.6453161239624,922.9766082763672,396.7072105407715,933.1399536132812,368.74022483825684,943.1990814208984,347.05692529678345,885.2984619140625,435.1911163330078,887.4915313720703,400.86841106414795,891.9149780273438,378.9855766296387,896.8870544433594,361.16596698760986,58,1787749322.8211508
899.6499633789062,508.4581661224365,940.8059692382812,482.8750419616699,977.2692108154297,449.0992069244385,1007.3426818847656,426.7718553543091,1035.060806274414,415.7378053665161,965.0576019287109,452.4219274520874,998.0487823486328,430.93005180358887,1022.2560882568359,421.754150390625,1045.8534240722656,417.2930574417114,943.1533813476562,444.0369987487793,967.1052551269531,415.41117668151855,986.7205047607422,396.95895195007324,1003.7171936035156,383.6450242996216,915.1917266845703,437.16500759124756,922.3242950439453,398.1677055358887,931.3652038574219,370.08381843566895,940.5461120605469,348.7274694442749,885.4000854492188,433.3908176422119,888.2067108154297,399.42954540252686,892.9650115966797,376.93739891052246,898.4506225585938,358.51412057876587,59,1787749322.8616061
901.3465118408203,515.920672416687,945.7283782958984,490.7934808731079,975.1473236083984,455.9665632247925,993.1773376464844,426.2652826309204,1009.1289520263672,405.3800582885742,973.3271026611328,457.63365268707275,1010.1694488525391,433.4659194946289,1035.4502868652344,424.0513229370117,1060.7107543945312,418.8637161254883,951.2174224853516,449.3548536300659,976.8717956542969,418.280668258667,999.1625213623047,398.1253480911255,1019.5055389404297,383.9537572860718,922.7213287353516,441.86277866363525,930.4696655273438,398.51484775543213,941.4887237548828,368.27746868133545,953.7514495849609,345.2399969100952,892.4015808105469,437.8862428665161,896.8631744384766,401.90412998199463,902.3268890380859,379.10213470458984,908.9669036865234,360.4818534851074,60,1787749322.9003136
900.1229095458984,518.8708877563477,943.7512969970703,494.3243408203125,971.7424774169922,458.60602855682373,990.2670288085938,428.8368558883667,1006.9412994384766,408.79122734069824,973.7401580810547,458.8629627227783,1009.0247344970703,433.71654510498047,1034.8902893066406,423.5378408432007,1061.8620300292969,417.7821207046509,951.2480926513672,449.66843605041504,976.1903381347656,418.5464859008789,997.9563140869141,397.2903871536255,1018.6546325683594,382.47326374053955,922.7529907226562,441.5539598464966,929.9404144287109,397.9182815551758,940.0988006591797,367.40293979644775,952.1031188964844,344.45876598358154,892.9177856445312,437.06647396087646,898.13720703125,401.7094659805298,904.2755889892578,379.04364109039307,911.7461395263672,359.79198932647705,61,1787749322.9717035
899.8963928222656,520.0320053100586,942.8819274902344,495.07123947143555,969.6002197265625,459.3302249908447,985.0688171386719,429.2379426956177,998.5160827636719,408.8374900817871,973.0980682373047,458.81794452667236,1009.5348358154297,433.4553623199463,1035.518798828125,423.3633041381836,1062.3221588134766,417.9267883300781,950.7416534423828,450.1716613769531,976.3105773925781,418.2273244857788,998.2331848144531,396.88754081726074,1018.9253997802734,382.1597671508789,922.4724578857422,442.4264717102051,930.0006103515625,397.74627685546875,940.2043151855469,366.82178020477295,952.3231506347656,343.81799697875977,892.9775238037109,438.09858798980713,897.9391479492188,402.0395278930664,903.8284301757812,379.2620801925659,911.1363983154297,360.3485584259033,62,1787749323.0145135
900.628662109375,525.4698085784912,943.9760589599609,499.059362411499,971.7742919921875,462.33558654785156,987.7149200439453,432.93728828430176,1003.2809448242188,413.22107791900635,973.5533905029297,461.62649631500244,1010.0445556640625,435.55817127227783,1035.979232788086,425.0763988494873,1062.4404907226562,418.7743663787842,951.1188507080078,452.33081817626953,976.4448547363281,420.240740776062,998.7361145019531,398.4690570831299,1019.7595977783203,382.3797082901001,922.5569152832031,444.9016571044922,929.2153167724609,399.9180507659912,939.4351959228516,368.9685344696045,951.4639282226562,345.5443525314331,892.8645324707031,441.56996726989746,897.2933959960938,404.5069456100464,903.22265625,381.1389398574829,910.6807708740234,361.8707227706909,63,1787749323.0542676
899.6609497070312,523.8086843490601,944.7144317626953,496.96483612060547,973.4725189208984,460.7618808746338,990.2626037597656,430.6284427642822,1006.5353393554688,410.54019927978516,973.8536071777344,461.44084453582764,1010.1669311523438,434.9901866912842,1036.0514831542969,424.55944061279297,1062.6667785644531,418.6721420288086,950.5856323242188,452.40772247314453,975.4127502441406,420.50926208496094,998.2289886474609,398.598575592041,1019.6285247802734,382.588791847229,921.8970489501953,445.04714012145996,928.0924224853516,399.88938331604004,939.0528869628906,368.7641716003418,951.6808319091797,345.40985584259033,892.6476287841797,441.023268699646,896.8934631347656,404.2929697036743,903.2069396972656,381.17855072021484,911.0621643066406,362.2946834564209,64,1787749323.0972912
900.1145172119141,527.5528335571289,941.5621948242188,500.59264183044434,962.8323364257812,465.2950716018677,966.9207000732422,436.20726585388184,969.5690155029297,416.3674592971802,973.9073944091797,464.7385025024414,1010.526123046875,438.3797264099121,1036.514892578125,427.654709815979,1062.7056884765625,421.74402236938477,951.3634490966797,455.86463928222656,977.1750640869141,421.93220615386963,998.4294891357422,400.0564956665039,1019.3760681152344,384.1736125946045,922.5133514404297,448.61173152923584,929.9124908447266,402.7746248245239,939.2405700683594,371.93892002105713,951.3959503173828,348.68067026138306,892.8752899169922,445.24699687957764,896.8708038330078,408.02759170532227,902.0458984375,384.78296756744385,909.5868682861328,365.5809259414673,65,1787749323.1663535
900.5484008789062,526.3513326644897,943.3835601806641,500.45183658599854,967.5250244140625,465.0744867324829,976.1251068115234,434.58781242370605,982.8240203857422,413.46960067749023,973.9448547363281,464.4380521774292,1010.0072479248047,438.32518100738525,1035.3324127197266,428.23647022247314,1061.3023376464844,423.00530433654785,951.5930938720703,455.0268888473511,976.4185333251953,421.1448383331299,997.4909210205078,399.33165550231934,1018.2373809814453,383.75922203063965,922.9254913330078,447.5800895690918,929.7794342041016,402.36220836639404,939.5294189453125,371.68099880218506,951.754150390625,348.88359546661377,893.2539367675781,443.9419412612915,896.9686889648438,406.89239501953125,902.2369384765625,384.0870952606201,909.5986175537109,365.60912132263184,66,1787749323.20559
900.2805328369141,529.5411014556885,940.5124664306641,502.7723979949951,961.2139129638672,467.976336479187,962.1109771728516,438.09133529663086,958.9022064208984,416.098895072937,973.3755493164062,466.9986391067505,1010.1052093505859,440.16895294189453,1035.558853149414,428.75707626342773,1059.7406768798828,422.7458381652832,951.1865234375,458.51938247680664,975.7937622070312,422.4610948562622,994.4418334960938,398.8578271865845,1012.2921752929688,381.29146099090576,922.5141906738281,451.8901205062866,930.5831909179688,405.48837661743164,939.9374389648438,373.9264154434204,951.6843414306641,350.09363651275635,892.9499816894531,448.9434242248535,896.5938568115234,411.26821517944336,901.5849304199219,387.401704788208,909.0921783447266,367.73094177246094,67,1787749323.2419932
902.8071594238281,525.0001859664917,940.5517578125,497.04834938049316,965.2854156494141,460.7219696044922,978.4915924072266,427.1207571029663,986.4737701416016,399.3679618835449,969.9707794189453,464.4370651245117,1001.0171508789062,426.97428703308105,1020.6931304931641,404.787654876709,1039.6599578857422,388.4394836425781,947.708740234375,462.2323751449585,963.6714935302734,411.3542175292969,975.4029083251953,378.30463886260986,987.5849914550781,353.0971097946167,920.7826232910156,460.235652923584,925.3245544433594,409.0579891204834,931.3423919677734,374.8190116882324,940.0717163085938,349.04390573501587,892.3641204833984,459.9552011489868,893.7269592285156,420.46621799468994,898.0910491943359,394.709415435791,904.6681213378906,372.8877353668213,68,1787749323.291428
902.2882080078125,527.9821586608887,938.8109588623047,499.7437334060669,963.1716156005859,462.209415435791,977.6145172119141,428.1311559677124,989.3412780761719,401.57578468322754,969.6096801757812,465.8385944366455,999.7691345214844,426.6190767288208,1019.8446655273438,403.9255714416504,1038.3267211914062,387.0778226852417,948.1031036376953,463.11673164367676,963.9668273925781,412.23848819732666,975.1596832275391,379.4524097442627,985.7184600830078,353.78538608551025,921.7060089111328,460.58876037597656,926.3932800292969,409.839563369751,931.7055511474609,375.749888420105,938.1156158447266,349.8585033416748,893.2897186279297,459.5878028869629,895.047607421875,420.22812366485596,899.3019866943359,394.79395866394043,904.857177734375,372.8104877471924,69,1787749323.330638
897.6898956298828,532.090015411377,929.7413635253906,509.5243978500366,953.2208251953125,476.1605501174927,956.9051361083984,446.96112155914307,953.2344818115234,423.8647699356079,962.8895568847656,461.7439126968384,991.3221740722656,420.3723621368408,1010.2957153320312,395.975546836853,1027.9792022705078,376.99692249298096,944.3248748779297,458.36098194122314,961.5985107421875,410.3716278076172,973.3985900878906,378.0933666229248,983.084716796875,351.6205644607544,921.7356109619141,460.86195945739746,926.7496490478516,412.2888708114624,926.8544006347656,381.4968967437744,926.9070434570312,358.0226969718933,897.4405670166016,467.20935344696045,899.3704223632812,431.56846046447754,900.2610778808594,410.9919261932373,900.8561706542969,395.2161169052124,70,1787749323.3730726
895.3279876708984,536.5441131591797,927.3384094238281,512.4870157241821,951.2308502197266,478.3801746368408,954.0319061279297,449.5517921447754,947.8310394287109,426.81013584136963,963.1356811523438,464.27711963653564,991.231689453125,421.34143352508545,1010.4013061523438,396.2434244155884,1027.6192474365234,376.9505310058594,945.1457214355469,460.0508165359497,961.6233825683594,410.40849208831787,972.8427886962891,377.5235366821289,981.6575622558594,350.98194122314453,922.4242401123047,461.7754554748535,927.2152709960938,411.9948148727417,927.3606872558594,381.5232467651367,927.911376953125,358.4512710571289,897.3999786376953,466.9161558151245,900.0569152832031,430.77564239501953,900.9928131103516,409.53752517700195,901.727294921875,393.17776679992676,71,1787749323.4123194
862.554931640625,526.9007349014282,856.19140625,488.84546756744385,867.3063659667969,446.8362808227539,878.8428497314453,416.9076347351074,888.5736846923828,392.4933958053589,920.4930877685547,435.26368618011475,942.4864196777344,401.3063621520996,953.1690216064453,375.5163860321045,960.5157470703125,353.8402318954468,930.5977630615234,447.1593904495239,954.1599273681641,411.0856103897095,964.1136932373047,382.8496313095093,969.4059753417969,357.9419946670532,935.2888488769531,463.7498188018799,957.4696350097656,430.3981590270996,966.7918395996094,405.1459550857544,972.4907684326172,382.48592376708984,934.8345947265625,484.4354438781738,952.3321533203125,460.2027368545532,960.4763793945312,441.17626190185547,965.5538940429688,423.7156820297241,72,1787749323.4506123
866.9401550292969,526.6244459152222,858.7949371337891,488.74671936035156,867.5521087646484,447.50438690185547,877.9376220703125,418.28689098358154,888.1466674804688,396.57086849212646,922.7943420410156,434.9907445907593,945.7440185546875,401.3077783584595,956.5422058105469,377.2139024734497,963.9427947998047,356.78926706314087,932.5828552246094,446.8266248703003,955.0991058349609,411.43537044525146,964.4252014160156,385.13577461242676,969.6315765380859,362.1986389160156,937.772216796875,462.5785732269287,958.6988067626953,430.4405164718628,966.6522216796875,406.6776466369629,971.7890930175781,386.17286682128906,938.5222625732422,481.9248962402344,954.9539947509766,457.9776620864868,961.4035797119141,440.1604986190796,964.9411010742188,424.55888271331787,73,1787749323.4861093
857.24853515625,506.61014556884766,841.9263458251953,469.47871685028076,845.4505920410156,425.1234769821167,855.7872009277344,392.46610164642334,860.0408935546875,370.9298515319824,890.9300231933594,402.15874671936035,910.8391571044922,363.7211036682129,918.2720184326172,335.71600914001465,921.6151428222656,313.04080724716187,907.9914855957031,410.7359790802002,927.7131652832031,371.9828224182129,936.3584136962891,343.10332775115967,939.9955749511719,319.6174120903015,921.5175628662109,423.5230350494385,941.8295288085938,387.6317310333252,950.6362152099609,358.8955307006836,954.5999908447266,334.12331342697144,932.6676940917969,441.36401653289795,952.1559143066406,412.27367877960205,959.9154663085938,388.01775455474854,962.4390411376953,365.5826425552368,74,1787749323.5245242
850.992431640625,501.147837638855,837.0738220214844,465.5616617202759,841.6805267333984,420.25267124176025,849.8931121826172,387.1527099609375,853.204345703125,368.67924213409424,884.0566253662109,395.8025550842285,898.4230041503906,355.9041166305542,902.8691101074219,329.26825761795044,905.9007263183594,307.1638298034668,901.8355560302734,404.565954208374,919.3048858642578,364.35603618621826,925.7249450683594,336.09527349472046,929.0403747558594,311.94719552993774,915.9331512451172,419.12846088409424,936.0376739501953,381.83751583099365,944.2188262939453,354.8531198501587,949.0650177001953,331.1053991317749,927.5617218017578,439.0534973144531,948.7197875976562,409.589581489563,957.1295928955078,387.2998237609863,960.1641845703125,366.8638801574707,75,1787749323.561145
851.6835784912109,501.69041633605957,827.0005035400391,473.70360374450684,817.2422790527344,438.76351833343506,814.9787902832031,407.280650138855,808.5304260253906,379.4724941253662,848.0300903320312,390.39148807525635,839.0988159179688,355.105504989624,825.7151031494141,337.8762173652649,814.1890716552734,325.62262058258057,867.8925323486328,384.2460536956787,866.1357116699219,337.8019094467163,861.40869140625,306.84125661849976,857.7291870117188,283.3963680267334,885.6974792480469,388.57762813568115,894.1278076171875,342.437539100647,895.64208984375,311.85447692871094,895.2803039550781,288.3701705932617,902.569580078125,400.5711793899536,917.3947906494141,368.8681125640869,923.9459991455078,347.07876920700073,926.4496612548828,328.28330755233765,76,1787749323.601477
841.3788604736328,508.1308078765869,822.26806640625,475.93743324279785,814.9905395507812,441.39551639556885,810.5879974365234,413.1302261352539,804.2301177978516,387.06971168518066,849.0959930419922,397.10198879241943,838.5270690917969,360.9220790863037,821.7634582519531,342.80991554260254,807.1483612060547,329.55044746398926,864.1580200195312,392.2067642211914,859.7280120849609,344.2585229873657,853.0738067626953,313.558452129364,846.8377685546875,289.76142168045044,879.3782043457031,395.84405422210693,882.0029449462891,348.74120235443115,878.7371063232422,317.38059997558594,873.228759765625,293.3950209617615,895.4441833496094,406.4940118789673,904.6889495849609,371.76060676574707,906.3442993164062,347.7399230003357,903.5334014892578,327.765212059021,77,1787749323.6356459
839.0737915039062,480.3053569793701,809.9675750732422,442.19696044921875,796.6197204589844,395.97095489501953,794.2757415771484,356.34687423706055,796.3075256347656,325.7399082183838,836.7173004150391,360.87512969970703,809.2381286621094,318.3946466445923,790.0920104980469,289.88375186920166,776.5579986572266,265.1025867462158,851.7002868652344,357.0295715332031,830.2230834960938,307.164044380188,814.9708557128906,275.64177989959717,804.2444610595703,249.0263271331787,860.4833984375,359.9513339996338,837.1499633789062,315.0191831588745,823.92578125,295.2183222770691,816.7134094238281,280.4486417770386,866.1328125,368.13833713531494,845.9268188476562,335.0426244735718,834.9277496337891,325.32483100891113,830.0630950927734,319.5910835266113,78,1787749323.672531
835.3838348388672,463.39778423309326,806.3742828369141,427.58265495300293,795.4955291748047,385.7930660247803,794.6692657470703,350.7689309120178,799.5094299316406,323.5187816619873,820.2241516113281,346.2290024757385,803.9103698730469,305.1808190345764,787.7217864990234,283.24230194091797,775.2268981933594,264.39289569854736,838.0238342285156,344.64205741882324,828.6209869384766,297.81742572784424,817.8728485107422,273.54403495788574,807.3772430419922,254.2989706993103,852.9392242431641,350.4636526107788,835.0957489013672,307.0027685165405,819.3888092041016,283.6105799674988,804.9116516113281,265.6291151046753,867.5093841552734,361.129789352417,855.8383178710938,328.2122611999512,844.8847961425781,313.57943773269653,835.5136108398438,302.8622531890869,79,1787749323.721232
831.9423675537109,441.07189178466797,806.5242767333984,413.57431411743164,792.9975891113281,378.479905128479,792.3805999755859,342.89424419403076,800.7229614257812,314.10006523132324,793.0773162841797,335.52610874176025,778.6281585693359,293.0701518058777,770.7357025146484,270.0693941116333,765.6401824951172,249.97771739959717,814.4609069824219,330.75364351272583,804.6201324462891,286.6771602630615,798.658447265625,262.9015874862671,793.4278869628906,243.59809398651123,835.41748046875,334.99919414520264,830.9272766113281,295.8021640777588,826.6815185546875,273.6349940299988,820.7874298095703,256.79627895355225,856.0467529296875,344.6481728553772,856.7182922363281,317.07502126693726,855.7398986816406,303.33640336990356,853.1333160400391,293.5951781272888,80,1787749323.7616243
826.5781402587891,430.5962133407593,802.6444244384766,399.8967218399048,790.8352661132812,366.4654541015625,792.3583221435547,335.6758189201355,803.54736328125,313.3370304107666,791.4407348632812,330.88629484176636,778.4745788574219,291.27060413360596,771.4176940917969,268.57980251312256,765.9431457519531,249.3508744239807,811.7292022705078,327.9170250892639,803.4407043457031,285.37036657333374,798.2247161865234,262.5601315498352,793.0955505371094,244.29606914520264,832.3835754394531,333.11763525009155,829.8231506347656,295.61689853668213,825.8058929443359,274.4905757904053,820.7098388671875,258.6616802215576,853.1646728515625,345.0565552711487,856.0652160644531,320.61036586761475,855.7231140136719,305.3443479537964,853.8970184326172,293.68802547454834,81,1787749323.8070178
868.2517242431641,383.16844940185547,857.8559875488281,355.0062417984009,854.8578643798828,322.11965560913086,864.3963623046875,292.1374726295471,874.5124816894531,267.5709915161133,830.1785278320312,294.9677610397339,822.7044677734375,257.1934175491333,818.9878845214844,233.2981538772583,816.3130950927734,214.430251121521,847.35595703125,294.4030165672302,843.6568450927734,256.51402473449707,841.1380004882812,232.13165044784546,837.7058410644531,213.76394748687744,864.8911285400391,299.64832305908203,866.8275451660156,266.43049478530884,866.8683624267578,247.00110912322998,864.5064544677734,231.4264440536499,881.1489105224609,308.11060667037964,888.585205078125,285.8362555503845,890.7807159423828,271.6094970703125,890.4843902587891,260.579674243927,82,1787749323.9398544
865.6067657470703,389.7732925415039,854.2367553710938,357.6248288154602,853.5672760009766,322.44126319885254,863.0287170410156,291.3131332397461,871.1223602294922,266.62301301956177,832.2453308105469,294.5895481109619,823.9955139160156,258.7232208251953,820.1906585693359,236.7046022415161,817.1328735351562,217.89298295974731,851.8815612792969,294.8987317085266,847.2837066650391,257.6289224624634,843.0970764160156,234.89771604537964,838.4364318847656,215.8810043334961,870.9007263183594,302.7441930770874,876.1554718017578,271.0805869102478,875.9251403808594,250.54314851760864,873.5453033447266,234.65762615203857,887.9016876220703,314.68961477279663,893.9511108398438,291.48561000823975,895.5183410644531,277.5685930252075,895.059814453125,266.63590908050537,83,1787749323.986015
858.9739990234375,412.95852184295654,849.2594146728516,404.6000289916992,841.0781097412109,389.1291332244873,835.0940704345703,376.5697431564331,827.5705718994141,367.18849182128906,830.4933166503906,334.69889402389526,823.1001281738281,292.29758977890015,820.0203704833984,265.7221555709839,818.7796783447266,244.53922748565674,844.7590637207031,326.37584924697876,839.2910766601562,278.9330005645752,838.3706665039062,248.9490795135498,838.7393188476562,225.34106969833374,861.5087890625,328.2657551765442,865.3421020507812,284.66548204421997,869.5674896240234,258.2770299911499,872.9746246337891,236.4697265625,879.2470550537109,337.9195189476013,889.4026184082031,309.4753575325012,895.3369903564453,289.7045159339905,900.4133605957031,272.9551076889038,84,1787749324.0270252
856.8043518066406,413.2303047180176,840.9984588623047,389.8244047164917,833.2534027099609,359.4680643081665,834.4765472412109,333.52872133255005,838.5400390625,313.60851287841797,831.201171875,326.35915517807007,825.3420257568359,287.3214268684387,822.2222137451172,262.2635221481323,820.0376129150391,241.4228653907776,846.6410064697266,322.149760723114,844.8856353759766,279.0379500389099,844.6861267089844,251.01824283599854,844.3627166748047,227.6086950302124,863.1105041503906,326.4976215362549,867.7113342285156,287.6571536064148,871.7375183105469,261.9505834579468,873.6684417724609,240.56865692138672,879.6711730957031,338.0623412132263,889.21142578125,311.81132555007935,894.4763946533203,292.5847363471985,897.6642608642578,276.09968662261963,85,1787749324.0693142
874.7517395019531,444.8683977127075,855.7048797607422,405.4444742202759,852.0721435546875,368.95325660705566,859.8677062988281,342.44545698165894,872.4938201904297,327.8993225097656,880.0775909423828,352.15076208114624,885.7946014404297,325.27440547943115,874.6883392333984,332.94037342071533,870.15380859375,347.43451595306396,894.381103515625,361.49341106414795,897.5963592529297,337.2419500350952,884.8207092285156,348.7789463996887,880.4042053222656,365.5986499786377,906.4189147949219,374.7603464126587,909.7308349609375,353.39399814605713,895.4151153564453,363.14874172210693,889.8545837402344,379.426531791687,916.8717956542969,392.641282081604,921.0507202148438,373.5091495513916,907.3545074462891,377.6708650588989,899.5530700683594,389.2696809768677,86,1787749324.2750146
869.7640991210938,472.4285888671875,848.0010986328125,447.1541976928711,832.4333190917969,415.53558826446533,823.2708740234375,390.44341564178467,811.7662811279297,375.222373008728,833.7155914306641,389.77470874786377,815.9218597412109,355.1250100135803,800.2783203125,340.15394926071167,787.0050048828125,328.64879608154297,845.6353759765625,387.9536819458008,827.3159790039062,353.80162954330444,808.1852722167969,340.068998336792,791.8910980224609,329.0176320075989,860.3656005859375,391.76319122314453,846.6706085205078,362.50539779663086,826.5255737304688,349.9788808822632,809.8746490478516,341.41748428344727,877.0486450195312,400.69554805755615,873.6338043212891,374.85772132873535,860.4524230957031,369.7851276397705,846.8906402587891,369.8036241531372,87,1787749324.312198
848.4776306152344,487.0102787017822,816.8730163574219,468.9459228515625,802.8874206542969,438.66528511047363,804.8118591308594,410.0532817840576,808.2955169677734,390.89990615844727,801.3227081298828,411.8946933746338,782.3439025878906,368.5035467147827,771.3418579101562,341.78754329681396,763.3266448974609,321.86585426330566,823.37890625,404.42171573638916,807.9371643066406,359.4979977607727,798.1422424316406,330.36399364471436,790.5540466308594,308.05646896362305,846.2460327148438,404.4730854034424,836.2801361083984,364.08292293548584,829.5140838623047,338.2037687301636,824.2429351806641,318.59450340270996,868.7184143066406,410.2545118331909,863.0805969238281,379.9984645843506,857.2457885742188,360.5643367767334,851.6202545166016,345.478777885437,88,1787749324.3792243
843.1070709228516,492.0168685913086,806.171875,481.0723829269409,784.7048187255859,454.4643974304199,778.8793182373047,427.8077459335327,776.8367004394531,409.9881362915039,797.7139282226562,412.25595474243164,779.893798828125,368.9837694168091,769.251708984375,342.7552843093872,760.7664489746094,323.24910163879395,822.1680450439453,403.6507844924927,808.3152008056641,357.5207805633545,798.9543914794922,328.694543838501,791.4531707763672,307.3011589050293,845.2302551269531,403.91711711883545,836.094970703125,362.14508056640625,828.8022613525391,336.4758253097534,823.3477020263672,317.3554515838623,866.1039733886719,409.931960105896,859.468994140625,377.71373748779297,853.2792663574219,358.2143783569336,847.7466583251953,343.9800453186035,89,1787749324.4190063
847.5494384765625,572.5896978378296,823.4513092041016,563.6146402359009,805.3902435302734,551.8013334274292,792.1209716796875,544.2313241958618,774.9708557128906,544.3581390380859,826.0697174072266,488.99824619293213,818.8331604003906,442.4055290222168,816.7125701904297,411.1758613586426,816.5799713134766,385.0610160827637,854.1380310058594,487.75996685028076,853.2024383544922,436.98429107666016,852.0169830322266,400.60259342193604,852.1258544921875,368.6059856414795,879.4898223876953,495.8518695831299,887.3094940185547,449.3522787094116,889.8700714111328,416.21867179870605,892.2846984863281,389.528546333313,901.4754486083984,508.47700595855713,917.2724914550781,473.8827323913574,927.1530914306641,449.7063732147217,935.1303100585938,428.83870124816895,90,1787749324.598164
845.5233764648438,578.9770030975342,820.6226348876953,565.7514810562134,802.8656005859375,553.5385036468506,789.71435546875,549.4935178756714,772.6380920410156,553.3474445343018,826.2464904785156,491.66625022888184,818.9249420166016,442.5205421447754,816.3307189941406,411.32100105285645,815.7904815673828,385.38678646087646,853.9938354492188,490.47569274902344,854.6231842041016,435.61100006103516,854.2790985107422,399.13111209869385,854.6240997314453,368.83463859558105,878.4883117675781,498.6010265350342,887.9854583740234,447.4041795730591,891.2593078613281,414.10436153411865,893.6429595947266,387.6950740814209,899.7537231445312,511.22440338134766,917.7186584472656,474.8102617263794,927.4855041503906,450.09016513824463,934.9656677246094,427.8867530822754,91,1787749324.632828
836.9747161865234,579.0653657913208,812.4600982666016,565.3951120376587,790.6883239746094,554.1718482971191,778.9485931396484,553.4804821014404,765.1315307617188,557.4819087982178,815.5189514160156,488.87967109680176,808.9826202392578,439.9454069137573,806.7404174804688,409.2582321166992,806.4860534667969,382.18517303466797,842.3533630371094,487.9229164123535,842.9885864257812,434.28006649017334,843.8797760009766,399.4350814819336,845.7289123535156,368.8893985748291,866.484375,498.73754024505615,877.4555206298828,449.2409133911133,883.8053131103516,417.22323417663574,888.7346649169922,389.8602819442749,889.4185638427734,516.5612268447876,910.1862335205078,481.8005704879761,922.9681396484375,459.94794845581055,932.5808715820312,439.0369749069214,92,1787749324.6724672
833.8875579833984,584.4570350646973,813.6035919189453,570.7574272155762,795.3125,557.0627117156982,785.4039764404297,552.4506425857544,778.2063293457031,551.3859987258911,813.5252380371094,488.5074234008789,809.0750122070312,443.2997989654541,808.4506225585938,415.0591850280762,809.4398498535156,391.4953565597534,841.7769622802734,489.7243309020996,843.1361389160156,438.9932870864868,843.6874389648438,406.9412326812744,845.0110626220703,380.54035663604736,866.7765808105469,503.82970333099365,879.6133422851562,459.4498300552368,885.5585479736328,431.1363458633423,890.3238677978516,406.92973136901855,887.9632568359375,526.7068004608154,908.5433197021484,499.64816093444824,920.5899810791016,481.61410331726074,930.0233459472656,463.8031196594238,93,1787749324.7073693
834.4792938232422,582.8256511688232,813.9926910400391,568.925371170044,795.6775665283203,556.1714458465576,785.4216766357422,554.4647026062012,774.8007965087891,556.182861328125,814.3824768066406,488.7041902542114,810.2279663085938,442.9427433013916,809.4992828369141,414.9576473236084,810.2347564697266,391.1417770385742,842.6764678955078,490.1597499847412,844.3965148925781,439.15430545806885,844.3589782714844,407.1455955505371,844.8458862304688,380.803599357605,867.1642303466797,504.88203048706055,880.1612854003906,459.2232370376587,885.6958770751953,431.3155174255371,890.0798797607422,407.19898223876953,887.6659393310547,528.3168983459473,908.5774230957031,500.28279304504395,920.7928466796875,481.92832946777344,930.3460693359375,463.89045238494873,94,1787749324.7469032
823.6753845214844,586.4439296722412,801.5566253662109,564.9326992034912,784.6566009521484,551.1753273010254,772.3970031738281,551.2139940261841,761.5108489990234,558.7591123580933,826.8836975097656,480.1303482055664,817.3081207275391,474.60538387298584,803.7326812744141,488.0953073501587,792.7974700927734,502.1742010116577,855.0913238525391,491.5366458892822,840.1454162597656,499.73862648010254,812.8941345214844,521.9419956207275,792.4057769775391,542.2472190856934,874.0370178222656,513.8739538192749,854.9132537841797,530.0300359725952,829.4059753417969,547.7470350265503,812.0236206054688,562.848858833313,886.2428283691406,540.1870679855347,868.6391448974609,551.9700336456299,846.6434478759766,561.7869186401367,831.2831878662109,569.6952295303345,95,1787749324.7821584
824.7365570068359,576.3245344161987,807.9232025146484,559.0468168258667,792.6137542724609,547.5855016708374,781.0090637207031,551.9105100631714,770.5249786376953,559.1385698318481,828.6092376708984,484.3187999725342,816.5038299560547,477.2154951095581,800.6468200683594,492.5374746322632,788.8442230224609,507.0922565460205,854.1078186035156,496.4640998840332,836.3997650146484,501.31529331207275,813.2118225097656,525.9921741485596,798.1410217285156,544.8778009414673,870.6655883789062,519.285192489624,850.0931549072266,533.7813091278076,831.4696502685547,552.1790313720703,821.4511108398438,563.7696504592896,881.783447265625,546.2782573699951,860.9987640380859,559.8635816574097,842.6427459716797,571.3998699188232,832.772216796875,577.7227592468262,96,1787749324.8232896
818.0826568603516,565.3524971008301,798.7123107910156,531.3531160354614,767.7698516845703,503.36548805236816,737.7362060546875,489.8605012893677,711.6511535644531,488.58819007873535,769.0676116943359,479.17020320892334,725.5913543701172,468.6751699447632,692.6612091064453,471.8407344818115,665.6088256835938,478.2026767730713,775.4299926757812,493.0095863342285,724.5377349853516,486.2844514846802,686.8814086914062,489.94826316833496,657.7325439453125,496.07043743133545,779.9453735351562,515.1073837280273,729.5769500732422,512.1655368804932,692.8761291503906,513.974461555481,666.5579223632812,518.3851289749146,782.1149444580078,541.7557096481323,742.9558563232422,542.9132223129272,715.6473541259766,543.1224775314331,694.3595886230469,545.0168466567993,97,1787749324.9919379
815.1771545410156,557.8781890869141,787.6536560058594,519.3729114532471,752.7951812744141,492.90088176727295,721.3951873779297,480.58138847351074,695.1228332519531,477.5121259689331,754.5557403564453,472.22474098205566,706.5865325927734,474.3303394317627,675.938720703125,484.2121982574463,651.4759063720703,495.6341600418091,763.8797760009766,488.7595510482788,710.1382446289062,493.02117347717285,673.3708953857422,503.20416927337646,645.052490234375,515.4328107833862,772.7394104003906,512.5225067138672,720.7297515869141,517.1352195739746,683.5862731933594,524.5467853546143,655.9381103515625,533.6076736450195,779.7549438476562,539.6121740341187,740.0689697265625,543.7338495254517,710.4840850830078,546.5679359436035,687.0813751220703,550.7413244247437,98,1787749325.044786
771.4737701416016,555.4196119308472,749.2498779296875,517.5131320953369,712.2188568115234,491.7732810974121,681.5956115722656,479.9904441833496,658.4764099121094,477.1632671356201,689.5234680175781,477.2399139404297,663.3701324462891,474.5713949203491,649.9272155761719,471.98763370513916,640.7015991210938,468.28996181488037,683.4703063964844,493.19056034088135,658.1127166748047,490.726318359375,649.1469573974609,490.1063632965088,644.3006896972656,488.86040210723877,681.3984680175781,511.40400409698486,658.5146331787109,508.691668510437,650.6044006347656,509.93338108062744,646.6855621337891,509.48405742645264,682.1597290039062,530.3539609909058,661.0161590576172,527.9937028884888,658.1413269042969,531.3404560089111,656.9012451171875,533.9456748962402,99,1787749325.0952287
751.2918853759766,539.1455125808716,726.6814422607422,505.6764793395996,689.2754364013672,482.66836166381836,658.7080383300781,476.35276794433594,635.7160186767578,477.8429174423218,666.3661193847656,457.0100498199463,628.140869140625,471.519513130188,610.555534362793,479.2862033843994,601.3376617431641,482.13294982910156,663.7804412841797,473.1691360473633,626.647834777832,484.77245807647705,615.2773284912109,491.69968128204346,610.6470108032227,495.23680686950684,662.5273895263672,493.10490131378174,629.3769454956055,503.0522060394287,619.7739791870117,509.4915246963501,615.8756256103516,510.1912593841553,663.5340881347656,515.0724077224731,634.8750305175781,522.3294353485107,630.6868743896484,527.2548723220825,629.0421676635742,528.2962131500244,100,1787749325.1540537
737.9164886474609,531.9858169555664,714.4712066650391,498.932204246521,676.0470581054688,475.31022548675537,642.1233367919922,472.1128177642822,617.9568862915039,480.3711462020874,655.6584930419922,449.02114391326904,609.8312377929688,464.5778703689575,605.2657318115234,480.4129457473755,613.8399124145508,487.49462127685547,653.8317108154297,466.3162422180176,611.6116714477539,481.6274070739746,611.6062545776367,493.7040424346924,620.2538681030273,498.5637331008911,654.9562835693359,488.64694118499756,618.961296081543,503.9592218399048,623.6024856567383,513.0391216278076,634.0889739990234,514.2598915100098,657.7431488037109,513.2645559310913,628.7509918212891,523.738431930542,636.3131713867188,529.3212890625,646.7405700683594,529.6001529693604,101,1787749325.2101722
824.9182891845703,486.7064380645752,788.4664916992188,462.9697036743164,759.0377807617188,439.73962783813477,730.2538299560547,430.9802198410034,703.3130645751953,426.5841007232666,799.5425415039062,382.2397184371948,761.8299865722656,354.86350536346436,734.7560119628906,337.231285572052,711.7827606201172,324.28954124450684,813.7296295166016,386.79067611694336,769.5359802246094,358.9056158065796,738.0422210693359,344.056499004364,711.0984802246094,333.33558082580566,823.6000823974609,403.16970348358154,780.5754089355469,378.0804491043091,750.3607940673828,367.6053285598755,725.1174163818359,360.45464515686035,827.4137115478516,427.9727554321289,793.1833648681641,412.1327018737793,768.9352416992188,405.0177240371704,748.2611083984375,400.4316186904907,102,1787749325.3381622
836.3740539550781,496.3905429840088,795.0607299804688,469.4925785064697,761.9224548339844,442.49908447265625,730.0745391845703,431.51142597198486,699.5936584472656,425.6921052932739,807.1553802490234,388.1798458099365,767.9617309570312,360.22998332977295,739.364013671875,341.7992162704468,714.6687316894531,328.63598585128784,820.3956604003906,392.98529148101807,770.9944152832031,362.3378562927246,738.7644195556641,347.0983815193176,712.6072692871094,334.60917949676514,829.9202728271484,410.23322582244873,783.0998992919922,380.02082347869873,749.5924377441406,367.6902151107788,721.8061828613281,358.88540267944336,832.4944305419922,436.01959705352783,798.5532379150391,415.76664447784424,772.5506591796875,405.59210300445557,749.5650482177734,398.1735420227051,103,1787749325.3699138
840.5512237548828,500.96102714538574,795.6166076660156,473.1393098831177,760.3767395019531,447.38551139831543,727.19482421875,435.26703357696533,696.806640625,429.91145610809326,806.2779235839844,398.37597370147705,754.9408721923828,367.7084541320801,723.5867309570312,351.6394901275635,696.3682556152344,338.8452458381653,811.9178009033203,403.5517358779907,754.0546417236328,368.7999200820923,718.9110565185547,352.9802942276001,688.8535308837891,341.60356521606445,810.7559204101562,419.3831205368042,754.8606109619141,392.37778186798096,722.9822540283203,380.4683017730713,697.1969604492188,372.2655916213989,802.2384643554688,442.54616260528564,758.4844207763672,433.22237491607666,727.5652313232422,428.54340076446533,700.8680725097656,425.8890438079834,104,1787749325.4100387
837.4713134765625,499.83720302581787,795.2783203125,472.32876777648926,759.0949249267578,446.6642761230469,725.3079223632812,435.43925285339355,693.2131195068359,432.581262588501,805.1275634765625,395.7296848297119,754.0103149414062,363.68775844573975,721.8046569824219,346.2924098968506,694.2037963867188,333.13859939575195,811.3261413574219,403.363938331604,753.1796264648438,371.73545837402344,717.7396392822266,361.2325716018677,688.3110046386719,354.58234548568726,811.30615234375,421.4879894256592,755.0724792480469,397.1013879776001,724.5050811767578,388.937087059021,700.3575134277344,383.00429821014404,804.9814605712891,446.19821548461914,761.2334442138672,435.9250545501709,733.6138916015625,432.34458446502686,710.8694458007812,429.5360326766968,105,1787749325.446915
835.4190063476562,501.198091506958,793.0495452880859,480.48654556274414,758.2619476318359,452.19117164611816,728.7049865722656,437.9039239883423,702.3366546630859,431.51164054870605,784.4715881347656,395.7593822479248,739.4041442871094,360.5527925491333,710.2622985839844,339.1729688644409,685.1225280761719,324.0850496292114,789.7871398925781,400.6099319458008,739.703369140625,363.7917423248291,706.8218994140625,344.45408821105957,677.9483032226562,331.9660234451294,791.1802673339844,417.713885307312,740.1164245605469,384.61143493652344,705.7008361816406,371.7384195327759,676.7310333251953,364.8355293273926,786.2869262695312,444.0606451034546,741.1595916748047,429.48453426361084,709.8933410644531,424.75436210632324,683.1373596191406,423.5363817214966,106,1787749325.4811368
835.1876831054688,506.0160255432129,798.0282592773438,480.42054176330566,763.4378814697266,451.9506311416626,735.1126098632812,436.10405445098877,709.4996643066406,427.91507720947266,786.4080047607422,394.9423599243164,739.9552154541016,360.96426486968994,710.7200622558594,340.32599687576294,686.0755920410156,324.8857855796814,791.6188049316406,400.33467292785645,739.7621917724609,362.4666452407837,707.8855133056641,342.4060392379761,680.948486328125,328.5380744934082,791.2080383300781,417.2826290130615,737.2052764892578,384.0468406677246,703.7164306640625,370.2553939819336,677.2462463378906,361.2708520889282,784.3775177001953,443.35713386535645,735.9576416015625,431.1078929901123,704.4721984863281,427.6509761810303,678.6940765380859,426.4541959762573,107,1787749325.5250843
803.7696838378906,497.1519899368286,766.3643646240234,476.96534156799316,732.6627349853516,454.68111991882324,699.9118041992188,442.79738903045654,672.2844696044922,436.3865661621094,755.2326202392578,390.4666757583618,740.9375762939453,343.1634306907654,731.9758605957031,315.0071668624878,725.6761932373047,291.6606616973877,773.4165954589844,387.9915761947632,761.5577697753906,337.060010433197,753.6495971679688,304.66426849365234,748.2247161865234,279.2201042175293,791.9123077392578,394.85326766967773,785.5243682861328,349.5185708999634,778.5564422607422,319.88267183303833,772.8132629394531,295.76085805892944,810.0691986083984,409.8189640045166,808.712158203125,379.9396276473999,804.443359375,359.492826461792,800.4668426513672,342.44964122772217,108,1787749325.5717385
795.3981781005859,487.8180742263794,757.3566436767578,470.115966796875,721.8277740478516,446.72229766845703,691.5019226074219,434.2549180984497,666.4756774902344,429.55281257629395,746.2484741210938,385.2334499359131,728.7724304199219,342.3640251159668,717.3523712158203,315.91358184814453,708.924560546875,294.45294857025146,764.1682434082031,379.18444633483887,749.2551422119141,329.04237270355225,738.9347076416016,298.31841945648193,730.5501556396484,274.50422286987305,783.2506561279297,381.20086669921875,772.0493316650391,331.5746569633484,762.7903747558594,302.0095682144165,755.24658203125,278.0490303039551,803.4314727783203,390.1689291000366,803.1443023681641,350.67119121551514,801.9271850585938,324.5611095428467,800.1318359375,301.80314540863037,109,1787749325.637173
796.1929321289062,488.9369201660156,759.8538208007812,471.58783435821533,723.6433410644531,447.84045696258545,692.5736999511719,435.37947177886963,666.668701171875,432.67383098602295,745.1174163818359,386.6172981262207,728.455810546875,342.63816833496094,717.7836608886719,315.3371214866638,709.7164916992188,293.38929176330566,763.1001281738281,380.5226755142212,749.5648193359375,330.112681388855,739.8423004150391,299.54978942871094,731.5572357177734,275.4305934906006,782.5492858886719,382.2637939453125,772.0110321044922,332.25432872772217,762.9418182373047,302.82191276550293,755.1718139648438,279.2360258102417,803.3005523681641,390.7448101043701,803.0169677734375,351.36041164398193,801.8126678466797,325.30187129974365,799.7734069824219,302.96619415283203,110,1787749325.6809807
790.6045532226562,476.71892166137695,753.4336090087891,460.5261468887329,718.9224243164062,436.75413608551025,691.2786865234375,421.5817594528198,667.6667022705078,412.4428081512451,735.5574035644531,373.40482234954834,716.0563659667969,329.5630216598511,705.5514526367188,303.28282356262207,698.6277770996094,281.84781074523926,755.0682830810547,367.26089000701904,739.7718811035156,317.88745164871216,730.3128051757812,287.2011137008667,723.3233642578125,263.1641435623169,776.5392303466797,368.50414752960205,766.6393280029297,320.1006817817688,758.6172485351562,291.6030478477478,751.8909454345703,268.1990575790405,799.8566436767578,376.1348819732666,800.8133697509766,337.39028692245483,800.3085327148438,312.4377179145813,798.8872528076172,290.40086030960083,111,1787749325.7214262
793.1956481933594,477.4140214920044,755.8424377441406,462.05745220184326,719.7466278076172,438.679575920105,691.0587310791016,423.20408821105957,668.460693359375,412.95427322387695,735.3753662109375,374.7203063964844,715.6269836425781,330.4287099838257,705.245361328125,303.6620235443115,698.6602020263672,281.5179634094238,755.0662994384766,367.47503757476807,738.6513519287109,317.9997396469116,729.7177886962891,288.05431365966797,723.4772491455078,263.93391609191895,776.6921234130859,368.01177978515625,765.3881072998047,319.67069149017334,757.3072052001953,291.04695081710815,750.7524108886719,267.28689193725586,800.4179382324219,375.6352186203003,801.0214233398438,336.97158336639404,800.1970672607422,312.0724868774414,798.5577392578125,290.10459423065186,112,1787749325.7628927
802.0730590820312,477.0527172088623,767.4379730224609,458.461275100708,734.7358703613281,433.47493171691895,705.3822326660156,416.56225204467773,679.7634887695312,404.8521566390991,748.9604187011719,373.15672874450684,728.7648773193359,330.8308267593384,716.7919921875,304.7951602935791,708.5341644287109,283.1639814376831,768.3435821533203,366.21517181396484,751.1742401123047,319.3847894668579,741.0257720947266,290.863573551178,733.4909057617188,268.02992820739746,789.6253204345703,366.6378879547119,779.0628814697266,321.52124404907227,770.8187866210938,295.65818309783936,762.9689788818359,274.83593702316284,813.6484527587891,373.84092807769775,811.9122314453125,339.5006060600281,807.1720123291016,317.7578043937683,800.7058715820312,299.70473527908325,113,1787749325.8032737
803.5197448730469,473.9128589630127,768.1715393066406,458.31883907318115,733.9706420898438,434.8930263519287,704.4189453125,418.0159664154053,678.3376312255859,406.7602586746216,747.7072906494141,373.87513160705566,727.4979400634766,331.73760652542114,715.3384399414062,306.1216735839844,707.0091247558594,284.5070171356201,766.9365692138672,366.6049289703369,749.1611480712891,320.26888847351074,738.3659362792969,292.1637153625488,730.0432586669922,269.0674066543579,788.1215667724609,367.4575710296631,776.744384765625,323.45921516418457,767.6994323730469,297.7320456504822,759.3871307373047,276.54677867889404,811.8892669677734,375.2760171890259,809.9465942382812,342.03102350234985,805.3018188476562,320.66046953201294,798.9466094970703,302.4139165878296,114,1787749325.8533728
819.2513275146484,490.5423831939697,786.1859893798828,474.97544288635254,754.9710845947266,448.2860469818115,724.4607543945312,430.1795482635498,698.6449432373047,419.0103578567505,770.4225158691406,383.2511901855469,753.1378936767578,338.7748861312866,744.3712615966797,309.72338676452637,740.7748413085938,285.24872303009033,794.9668121337891,374.51813220977783,784.251708984375,324.97204542160034,780.2439117431641,292.31374740600586,780.1942443847656,265.7015132904053,821.2981414794922,376.45636081695557,819.0227508544922,328.7152290344238,819.0718841552734,298.7095284461975,820.5869293212891,274.1981077194214,848.0701446533203,386.82608127593994,856.4921569824219,351.6407561302185,862.9203796386719,328.2701539993286,868.7646484375,308.315806388855,115,1787749325.8960092
823.2826995849609,493.98393630981445,788.2090759277344,478.6904525756836,756.2532806396484,451.3829469680786,726.5328216552734,431.48777961730957,700.0666809082031,418.93383979797363,771.3092803955078,384.6783399581909,753.2379913330078,338.6440587043762,743.9672088623047,309.5797920227051,739.4541931152344,285.1472067832947,796.2109375,375.86198329925537,785.5532836914062,325.1758074760437,780.3093719482422,292.21675872802734,778.2743072509766,264.80342388153076,822.3976898193359,377.70081996917725,820.7011413574219,328.8165092468262,819.4721221923828,298.84172916412354,819.4796752929688,273.5781955718994,848.6146545410156,388.31404209136963,856.7829895019531,352.31040716171265,861.6130828857422,328.1891942024231,865.7659149169922,306.8390893936157,116,1787749325.9285078
827.7222442626953,508.954439163208,788.5936737060547,487.594313621521,753.6505889892578,459.3016004562378,725.9829711914062,438.8700771331787,702.5727844238281,423.92377853393555,776.6680908203125,394.21318531036377,757.2652435302734,348.8496708869934,746.4076232910156,321.1934781074524,739.2804718017578,299.03815269470215,801.4685821533203,387.5546979904175,789.55810546875,335.03509283065796,783.5044860839844,302.2333073616028,779.7112274169922,277.29307651519775,827.5175476074219,390.46435832977295,821.7520141601562,341.5754985809326,817.6612091064453,311.41077518463135,814.6845245361328,287.9052686691284,854.6088409423828,401.15045070648193,863.0393218994141,363.22041034698486,868.4058380126953,339.16921377182007,873.0515289306641,318.71445178985596,117,1787749325.9701514
836.3831329345703,516.9787931442261,796.1004638671875,496.87376976013184,760.5904388427734,467.25419998168945,732.0416259765625,444.52786445617676,709.3466186523438,427.24791526794434,783.2598114013672,401.915545463562,768.4280395507812,354.335196018219,759.6762847900391,325.1896262168884,753.6648559570312,301.40738010406494,811.1862945556641,394.23481464385986,803.9802551269531,338.16673278808594,799.2852783203125,304.96742248535156,795.3253173828125,279.1725540161133,840.1383209228516,397.81408309936523,838.6077117919922,343.926465511322,837.3561859130859,313.90960693359375,835.3985595703125,290.1400637626648,869.5555114746094,410.8785009384155,877.6284027099609,371.76429748535156,883.0304718017578,347.8123426437378,887.1748352050781,327.61245489120483,118,1787749326.046539
837.1808624267578,520.2341365814209,796.4321899414062,499.40736293792725,760.2196502685547,468.0348300933838,731.0651397705078,445.2212905883789,708.6336517333984,428.29612255096436,783.1401824951172,402.801833152771,768.4502410888672,354.45664644241333,759.5919036865234,325.1010274887085,753.5641479492188,301.3566541671753,811.4134216308594,395.87323665618896,803.5475158691406,339.95829820632935,797.6264190673828,306.1246347427368,792.5746917724609,279.343957901001,840.4700469970703,399.7737693786621,839.2746734619141,345.6867241859436,836.7041015625,314.6904516220093,833.5885620117188,289.9991297721863,869.9090576171875,412.7813243865967,878.3683013916016,373.21917057037354,884.23828125,349.0884733200073,888.7957000732422,328.55077743530273,119,1787749326.1101956
848.7995910644531,534.00146484375,810.3984832763672,513.3788394927979,777.1921539306641,486.91389083862305,751.0208892822266,467.7188444137573,727.6988220214844,452.6796340942383,798.8402557373047,412.7044630050659,781.6041564941406,360.7424783706665,773.1851959228516,328.59459400177,767.6390838623047,301.8772602081299,826.3127136230469,406.6770029067993,816.3986968994141,348.37908267974854,812.6911163330078,311.5715789794922,811.0780334472656,281.94050788879395,854.4070434570312,412.5565767288208,852.69775390625,358.43541383743286,851.8877410888672,324.8593282699585,850.7056427001953,297.4538040161133,883.4459686279297,427.077841758728,894.2055511474609,386.8946599960327,901.2210083007812,360.86169719696045,906.6078948974609,337.4214005470276,120,1787749326.1824331
847.2334289550781,535.713357925415,810.6057739257812,515.1701259613037,776.8405151367188,487.2342109680176,749.6433258056641,467.3377561569214,726.3461303710938,451.81785106658936,799.0569305419922,411.6342830657959,781.9088745117188,359.4510054588318,772.3721313476562,327.54205226898193,766.1675262451172,300.92711448669434,827.1358489990234,405.99868297576904,817.5070953369141,347.6131296157837,812.4271392822266,311.44641637802124,809.0532684326172,281.83459281921387,854.9959564208984,412.33770847320557,854.1443634033203,357.4673080444336,853.2257080078125,324.2678475379944,851.7169189453125,296.3225555419922,882.8929138183594,427.55261421203613,894.8090362548828,388.0491256713867,903.1318664550781,363.0116271972656,909.7859191894531,340.3455662727356,121,1787749326.2403257
848.3456420898438,544.5239639282227,811.2933349609375,523.4963035583496,777.9624938964844,494.5210647583008,749.4133758544922,475.5638122558594,723.4825897216797,463.81311893463135,798.7588500976562,416.45466327667236,781.849365234375,363.7612295150757,772.200927734375,330.6694221496582,765.5098724365234,303.10845851898193,826.6633605957031,410.7372236251831,817.1337890625,351.9301772117615,811.8569183349609,314.3731355667114,807.8424072265625,282.83310413360596,854.4005584716797,417.70912170410156,854.0293884277344,361.9816589355469,853.6488342285156,327.21752643585205,852.3192596435547,297.9065179824829,881.7200469970703,433.8851594924927,894.7332763671875,392.76642322540283,903.7902069091797,366.67771339416504,910.7559204101562,342.92724609375,122,1787749326.2885566
848.0278015136719,546.1969757080078,811.6004943847656,525.101809501648,778.0451202392578,497.4329996109009,749.50927734375,480.1970386505127,723.7348175048828,468.747353553772,800.5530548095703,418.5866117477417,783.0612945556641,364.17373180389404,773.3525848388672,330.09233951568604,766.9152069091797,302.17620849609375,828.7846374511719,412.3405408859253,820.3132629394531,351.70684576034546,816.3371276855469,313.8462424278259,813.5214233398438,282.9879856109619,856.9345092773438,419.0141773223877,857.3375701904297,361.52770042419434,857.4400329589844,327.34039306640625,856.4324188232422,298.41137409210205,884.4986724853516,435.6092834472656,900.1109313964844,395.04810333251953,910.3915405273438,368.76266956329346,918.5373687744141,344.55641984939575,123,1787749326.3250647
847.7730560302734,546.6875839233398,811.9686889648438,525.4252195358276,777.9877471923828,497.3572111129761,749.2295074462891,479.98847007751465,723.4194183349609,469.1756057739258,799.6968078613281,417.58994579315186,782.6849365234375,363.5754919052124,773.5044860839844,329.8886203765869,767.3751831054688,302.26388454437256,827.9067230224609,411.87984466552734,819.027099609375,351.8936777114868,815.0041961669922,314.50645208358765,811.9650268554688,283.61671686172485,856.1395263671875,419.0864038467407,856.7170715332031,362.4778461456299,857.6701354980469,328.06098461151123,857.4053955078125,298.7573575973511,883.7684631347656,435.903639793396,899.5844268798828,395.1841449737549,910.8606719970703,369.0782690048218,919.9768829345703,345.0940203666687,124,1787749326.3617136
847.3289489746094,548.4636783599854,810.5348968505859,526.6732406616211,776.2242126464844,497.50638484954834,747.8211975097656,479.0815830230713,722.6265716552734,466.4271354675293,799.6985626220703,417.4601697921753,783.0561065673828,363.6526107788086,773.72314453125,329.93295192718506,767.4855041503906,302.19191551208496,828.2530212402344,412.17849254608154,820.3483581542969,352.44548320770264,816.4040374755859,315.141019821167,813.1488037109375,284.19126749038696,856.6061401367188,419.69696044921875,857.6289367675781,362.82198429107666,858.4072113037109,328.321738243103,857.760009765625,298.51707458496094,884.1622161865234,436.9454097747803,900.0585174560547,396.3554334640503,911.0731506347656,370.12540340423584,919.9675750732422,345.68668127059937,125,1787749326.3993907
847.1562194824219,548.3658742904663,810.9011077880859,525.9020519256592,776.7897033691406,496.8915367126465,747.9603576660156,478.70744705200195,722.4005126953125,466.2166357040405,799.7954559326172,417.53514289855957,782.9081726074219,363.6217975616455,773.5572052001953,330.0578784942627,767.4044036865234,302.2326421737671,828.0744171142578,412.2684860229492,820.2440643310547,352.4836993217468,816.3983154296875,315.3501892089844,813.2585906982422,284.4044494628906,856.2422943115234,419.7568702697754,857.4106597900391,363.35718154907227,858.2102966308594,328.8928985595703,857.6435852050781,298.90037298202515,883.8599395751953,436.867733001709,899.5271301269531,396.2189197540283,910.4245758056641,369.91700649261475,919.3002319335938,345.2574849128723,126,1787749326.4399772
842.2578430175781,546.7740154266357,804.4778442382812,521.6720581054688,770.3801727294922,488.02595615386963,742.9042053222656,463.83891105651855,721.3581085205078,442.6782560348511,795.3430938720703,417.8364086151123,780.1803588867188,364.33560848236084,770.9746551513672,332.2294807434082,765.0260162353516,305.2559423446655,821.7733001708984,412.99160957336426,813.3934783935547,353.61441135406494,808.475341796875,318.0975866317749,804.725341796875,288.82724046707153,848.4100341796875,419.3507194519043,848.837890625,362.91862964630127,847.8159332275391,328.8530731201172,846.1199951171875,300.1439952850342,875.6251525878906,435.41157245635986,887.1701812744141,394.6317386627197,893.4320068359375,367.17840671539307,897.7567291259766,341.95759534835815,127,1787749326.4787064
841.0179138183594,545.6378746032715,803.5066986083984,520.4550647735596,769.8699188232422,487.2173881530762,743.6838531494141,464.0611696243286,723.0149841308594,444.79162216186523,794.2429351806641,416.991491317749,778.8459014892578,364.3604564666748,769.5722198486328,332.8137946128845,763.3346557617188,306.02331161499023,820.6804656982422,412.2560405731201,811.202392578125,353.9428639411926,805.1632690429688,318.8880658149719,799.8111724853516,289.6562147140503,847.7227783203125,418.6179828643799,848.9105987548828,362.6446580886841,847.2564697265625,328.69630336761475,844.5285034179688,299.95754957199097,875.1402282714844,434.94049072265625,887.7828216552734,394.3351936340332,894.44580078125,367.1220588684082,898.8516235351562,342.1253299713135,128,1787749326.5132837
841.0825347900391,544.8486614227295,803.5964202880859,520.0391292572021,770.1206970214844,487.24223613739014,743.8901519775391,464.2814540863037,723.0475616455078,444.89509105682373,794.3254089355469,417.63028621673584,778.4225463867188,365.039119720459,769.0010833740234,333.3719515800476,762.6345062255859,306.5202069282532,820.8786773681641,412.63725757598877,811.2454986572266,354.12407398223877,804.9745941162109,318.95567893981934,799.3910217285156,289.58800077438354,847.9528045654297,418.7973690032959,849.0801239013672,362.82927989959717,847.1928405761719,328.706796169281,844.2330932617188,299.69956398010254,875.3810882568359,434.8989486694336,887.9517364501953,394.32974338531494,894.68994140625,367.23981857299805,899.0730285644531,342.37022638320923,129,1787749326.5680683
827.4418640136719,533.6056995391846,790.0701904296875,504.7109270095825,759.7419738769531,461.8083715438843,740.4221343994141,431.6624450683594,725.3908538818359,404.2696237564087,786.4098358154297,403.0567502975464,768.9076995849609,357.7927780151367,752.8782653808594,334.0837240219116,736.9773864746094,315.40329694747925,806.3790130615234,400.0969648361206,792.9842376708984,349.08759355545044,780.9141540527344,319.525830745697,768.3933258056641,296.2021780014038,827.1096038818359,404.7946500778198,816.1866760253906,352.63044834136963,805.5575561523438,321.13693714141846,794.2707061767578,295.1567816734314,848.9068603515625,415.6278991699219,843.4929656982422,372.0591688156128,837.5950622558594,344.0230679512024,830.6080627441406,320.00871419906616,130,1787749326.6289384
831.2383270263672,508.1687021255493,794.4654846191406,470.30449390411377,765.8789825439453,428.52468967437744,745.7614135742188,394.1899251937866,734.5684814453125,362.21649169921875,773.8829040527344,384.45269107818604,749.014892578125,347.44713306427,730.3306579589844,328.4683585166931,713.0747222900391,312.31693267822266,789.8628234863281,378.45866203308105,764.0621185302734,339.17582273483276,743.8848876953125,318.9112401008606,724.0958404541016,302.91555404663086,810.1322937011719,378.5851764678955,786.4775085449219,336.0598039627075,768.8910675048828,314.90060806274414,751.3101196289062,299.82223749160767,834.7278594970703,383.10454845428467,821.558837890625,344.02178049087524,810.3219604492188,320.2933716773987,798.4297943115234,300.4831123352051,131,1787749326.6698146
829.3878936767578,490.2057123184204,792.4453735351562,453.299503326416,762.5039672851562,413.01740169525146,741.5670776367188,381.96038246154785,727.4256896972656,352.56744861602783,765.7833099365234,374.43573474884033,743.0532073974609,340.51132678985596,728.206787109375,321.740026473999,714.4694519042969,303.24570178985596,784.4574737548828,366.3516855239868,762.666015625,329.4551110267639,747.2465515136719,308.51579189300537,732.2598266601562,288.5337209701538,807.1601867675781,364.694766998291,786.8143463134766,324.3121361732483,772.1226501464844,302.39863872528076,757.4376678466797,284.72060680389404,834.4078063964844,367.7839422225952,820.6732177734375,330.767183303833,808.1689453125,307.63195037841797,794.4742584228516,288.13666820526123,132,1787749326.7034357
826.8198394775391,479.6505546569824,789.151611328125,445.2276420593262,760.2411651611328,408.411340713501,741.2362670898438,378.22370052337646,729.4608306884766,349.49891567230225,765.6217956542969,373.99542331695557,743.712158203125,339.3508529663086,729.4107818603516,320.3268241882324,716.3436126708984,301.61839485168457,784.7277069091797,366.0368585586548,762.3580932617188,329.3190050125122,746.8891906738281,308.54681968688965,731.6783905029297,288.5250949859619,807.2227478027344,363.40782165527344,786.5560150146484,323.47468614578247,771.3016510009766,301.9795489311218,755.8634185791016,284.5250201225281,833.7694549560547,364.798321723938,819.8823547363281,328.7276315689087,808.0767822265625,306.8761897087097,795.0971984863281,288.7332773208618,133,1787749326.7446647
822.4962615966797,471.35772228240967,785.9486389160156,440.20440101623535,757.0359039306641,404.1391611099243,736.0668182373047,375.47093868255615,720.9421539306641,348.8276982307434,759.9598693847656,371.10576152801514,738.5514831542969,340.5114555358887,722.3715209960938,323.46985816955566,707.3591613769531,307.6361560821533,776.2487030029297,362.82288551330566,753.5540008544922,331.53759956359863,736.1927032470703,313.68683338165283,719.1853332519531,298.02844047546387,796.8955993652344,359.38661098480225,774.2823791503906,325.4290723800659,757.2997283935547,306.73798084259033,739.9906158447266,292.5780415534973,823.0370330810547,359.3428373336792,806.8735504150391,327.60271310806274,793.2842254638672,309.43156242370605,778.2238006591797,295.3865075111389,134,1787749326.7870026
820.8548736572266,468.7265396118164,784.5747375488281,439.7587251663208,756.2100219726562,404.12585735321045,735.8208465576172,375.79168796539307,722.060546875,348.8324189186096,763.0187225341797,370.41340827941895,742.4253845214844,339.91724967956543,725.4669189453125,323.99518489837646,709.3093109130859,309.12630558013916,779.2029571533203,362.4318838119507,757.1471405029297,330.7349753379822,738.7343597412109,312.7737879753113,720.2153778076172,296.79784297943115,799.3525695800781,359.1445469856262,777.7643585205078,324.8926091194153,760.3019714355469,306.0120892524719,742.2538757324219,292.11835384368896,823.7861633300781,359.2000150680542,808.7206268310547,327.3905611038208,795.1947784423828,308.80669355392456,780.3711700439453,294.8246383666992,135,1787749326.8394504
830.6291198730469,469.8600196838379,798.2083129882812,450.9700584411621,770.2885437011719,416.8196153640747,748.9463806152344,384.538049697876,734.9568176269531,356.3092803955078,772.5125885009766,379.85740184783936,748.1569671630859,345.973699092865,729.3266296386719,328.6245918273926,711.7550659179688,316.4134168624878,787.2003936767578,369.758563041687,763.5926818847656,334.5608139038086,743.8378143310547,315.3205132484436,724.6943664550781,301.27037286758423,804.7084045410156,365.54723739624023,782.6226806640625,329.5618200302124,765.0685119628906,309.9721670150757,747.5645446777344,296.8841028213501,825.1559448242188,366.7659902572632,810.7544708251953,334.7859477996826,797.8856658935547,316.2125515937805,784.3537139892578,302.63907194137573,136,1787749326.8805418
828.7229156494141,470.20673274993896,796.8504333496094,452.2997045516968,769.6640777587891,417.13208198547363,749.1551208496094,383.60180854797363,734.0093994140625,354.23256397247314,775.44677734375,380.06176471710205,750.3687286376953,345.9917449951172,730.9807586669922,329.2612409591675,713.3322906494141,317.87803173065186,789.7153472900391,370.608115196228,765.3364562988281,335.32408475875854,744.6768188476562,316.0127806663513,725.2386474609375,302.5464391708374,806.7563629150391,367.15707778930664,784.0689086914062,330.04054069519043,766.1412048339844,310.0817942619324,748.6150360107422,296.65590047836304,826.2952423095703,368.777174949646,812.0935821533203,336.30077362060547,798.9215087890625,316.9040250778198,785.2796936035156,302.41520404815674,137,1787749326.9501173
840.4336547851562,476.244535446167,807.4697113037109,444.52696323394775,784.9176025390625,408.7147521972656,768.4413146972656,376.2357759475708,758.36181640625,346.28249645233154,792.490234375,383.6775541305542,778.5130310058594,351.5691947937012,769.8117065429688,332.2759795188904,762.9100799560547,314.3530082702637,810.1893615722656,379.52107429504395,796.162109375,343.2071828842163,786.2074279785156,322.06191301345825,776.063232421875,302.5237798690796,829.6080017089844,380.50568103790283,816.1275482177734,343.2707405090332,805.2131652832031,322.0731568336487,794.9822235107422,304.25713062286377,852.6815032958984,385.62822818756104,844.5574188232422,355.40855169296265,836.2055969238281,334.9934434890747,827.138671875,317.22275733947754,138,1787749327.0091724
847.6395416259766,478.2150363922119,813.1648254394531,451.7168712615967,791.3787078857422,417.5208520889282,781.0999298095703,387.0508289337158,775.3826904296875,363.9737033843994,796.8275451660156,396.78454399108887,779.2766571044922,363.74650955200195,768.4114837646484,343.4319734573364,759.6523284912109,325.78649282455444,813.7498474121094,389.6469497680664,797.0229339599609,352.9888343811035,786.063232421875,330.04483222961426,776.5139770507812,310.1849412918091,833.4346008300781,387.1352005004883,816.9529724121094,350.5958104133606,805.2309417724609,326.80922985076904,794.6600341796875,307.73303747177124,856.4813995361328,389.0071678161621,846.8357086181641,359.0296411514282,838.3898162841797,339.4599652290344,830.8828735351562,323.45548152923584,139,1787749327.0568178
845.5748748779297,474.8900842666626,812.6084136962891,448.627610206604,792.005615234375,413.79305362701416,780.474853515625,382.6833772659302,771.6660308837891,359.06712770462036,797.0470428466797,394.1137504577637,780.308837890625,359.8586368560791,770.5288696289062,338.5481858253479,763.0729675292969,320.1446056365967,814.5896148681641,387.9276752471924,798.1838226318359,352.15288639068604,787.3769378662109,329.2626142501831,778.0160522460938,309.7212624549866,834.6849822998047,386.14887714385986,819.2122650146484,350.4830503463745,808.2297515869141,326.63357734680176,798.3566284179688,307.8271722793579,857.6496124267578,388.5257863998413,848.6260986328125,359.9315285682678,840.1114654541016,340.6541705131531,832.0986175537109,324.99882459640503,140,1787749327.1326041
872.3347473144531,485.99945068359375,843.3503723144531,459.77766036987305,827.1633911132812,426.47106170654297,819.2416381835938,399.3476629257202,821.7578887939453,377.2326993942261,841.0073089599609,393.4183931350708,826.2850952148438,353.46678256988525,818.70849609375,327.7786660194397,814.3935394287109,305.68421602249146,863.4683227539062,389.60047245025635,857.1436309814453,345.04035472869873,854.2021942138672,316.4962434768677,852.8416442871094,293.7220788002014,886.5199279785156,394.69993114471436,886.75048828125,353.6363196372986,886.8354034423828,327.29812145233154,886.8317413330078,307.2482442855835,908.2352447509766,407.038049697876,914.0676116943359,378.2165336608887,917.6039886474609,358.5610055923462,919.6047210693359,342.4717426300049,141,1787749327.2053263
876.4286041259766,488.9527130126953,848.4941101074219,467.0688056945801,828.9907836914062,437.2598934173584,822.3500061035156,408.4655427932739,824.6030426025391,384.4292163848877,839.6623992919922,393.0894899368286,824.1847229003906,353.0038547515869,815.5839538574219,328.0851888656616,810.2096557617188,307.56903648376465,863.6370849609375,388.35712909698486,857.7329254150391,342.52654552459717,854.0966796875,313.5246992111206,851.5402221679688,290.5949878692627,887.4383544921875,392.94344902038574,885.3620910644531,352.6175093650818,884.4574737548828,327.90563106536865,883.3927917480469,308.56151819229126,910.8418273925781,404.6948719024658,915.6449890136719,376.3293743133545,917.7034759521484,358.0418801307678,918.8545227050781,342.68932342529297,142,1787749327.3018486
876.4578247070312,490.4564666748047,848.6598968505859,466.9306182861328,829.8693084716797,436.60749435424805,823.8752746582031,407.62174129486084,825.6443023681641,383.46572399139404,839.6672058105469,392.3992395401001,824.2984008789062,352.2729420661926,815.7151794433594,327.5900101661682,810.0775146484375,307.2050714492798,863.3575439453125,388.209285736084,858.1412506103516,341.8355441093445,854.3802642822266,313.0234479904175,851.3100433349609,290.31612396240234,886.9964599609375,393.33415031433105,884.9649047851562,352.5684142112732,883.9092254638672,327.4895668029785,882.4745941162109,307.83056259155273,910.2330780029297,405.64669132232666,915.2371215820312,377.37324714660645,917.232666015625,358.9424800872803,918.5367584228516,343.4188413619995,143,1787749327.3410294
874.6556091308594,498.24907779693604,846.4827728271484,475.9845972061157,824.7779083251953,447.83539295196533,816.2563323974609,420.9653663635254,822.8756713867188,399.55678939819336,839.8023223876953,397.9514980316162,823.6875915527344,353.94996643066406,814.6102142333984,326.4319610595703,809.1377258300781,303.8202953338623,863.9920806884766,394.6412229537964,858.8612365722656,344.7283387184143,856.3462829589844,313.15502643585205,854.9130249023438,287.93891429901123,888.1129455566406,400.9209394454956,887.1634674072266,356.4792037010193,887.2283935546875,329.27299976348877,886.7625427246094,308.15680503845215,912.0667266845703,414.57273960113525,920.157470703125,382.0350980758667,924.5709228515625,361.6426706314087,927.5241088867188,344.0594816207886,144,1787749327.3799026
875.7599639892578,502.0403480529785,847.5408172607422,480.0759744644165,824.7227478027344,452.6489067077637,814.9195098876953,426.7901372909546,819.1970062255859,404.3488025665283,841.0931396484375,398.877010345459,824.4017028808594,353.792724609375,815.3675079345703,326.2514591217041,809.8986053466797,303.38528394699097,865.1167297363281,395.87469577789307,859.8875427246094,344.9126172065735,857.3968505859375,313.5833215713501,856.2155151367188,288.2372188568115,888.9027404785156,402.9119539260864,888.4210205078125,357.9192066192627,888.3034515380859,330.03236532211304,887.9718017578125,307.62394666671753,912.6792907714844,417.4858331680298,921.0628509521484,384.94823455810547,926.6303253173828,364.3357801437378,930.9986877441406,345.7593584060669,145,1787749327.4375105
876.1383819580078,502.76076793670654,848.0137634277344,480.63769340515137,824.9888610839844,453.1571960449219,815.1380920410156,427.1361207962036,819.6369934082031,404.1456413269043,840.5863952636719,398.55278491973877,823.8519287109375,353.7331795692444,814.9654388427734,326.1227774620056,810.0202941894531,302.90420293807983,864.8603057861328,395.2013969421387,859.2160797119141,344.3078327178955,856.9875335693359,312.96937465667725,856.3430023193359,287.4760937690735,888.8300323486328,402.1401643753052,888.0250549316406,357.59850025177,888.0227661132812,329.82375383377075,887.9044342041016,307.25862979888916,912.7788543701172,416.77785873413086,920.7792663574219,384.61795806884766,926.3564300537109,364.2865562438965,930.9001159667969,345.83287239074707,146,1787749327.4786148
879.8312377929688,515.3358221054077,848.1764221191406,493.23068618774414,827.9936218261719,465.37867069244385,817.7982330322266,438.48315238952637,817.2510528564453,417.914514541626,845.0923919677734,411.82581424713135,826.3059234619141,362.2131872177124,816.9983673095703,331.1048626899719,812.3328399658203,305.91469287872314,871.0758209228516,408.3779525756836,862.4555969238281,353.44837188720703,859.0547180175781,318.29617738723755,858.0997467041016,291.18361473083496,895.8465576171875,414.6889114379883,892.2883605957031,363.4796619415283,891.9270324707031,332.2345232963562,891.9501495361328,309.6612024307251,918.912353515625,427.66226291656494,926.2685394287109,390.469765663147,931.5370178222656,367.2282314300537,936.7752075195312,348.11944484710693,147,1787749327.5155184
876.9968414306641,516.3104295730591,848.4795379638672,494.0628147125244,826.2338256835938,465.0811815261841,815.533447265625,437.83929347991943,818.3535003662109,415.3624677658081,843.231201171875,408.3218193054199,826.6899108886719,360.5863952636719,817.5719451904297,331.39533519744873,811.9746398925781,307.4065589904785,868.5062408447266,405.6679344177246,863.8360595703125,352.23875999450684,861.5850830078125,319.0890598297119,860.56884765625,292.5506401062012,892.9862213134766,412.6724052429199,892.2631072998047,365.0379180908203,892.4240112304688,334.99627590179443,892.2008514404297,311.578209400177,917.0302581787109,426.7373514175415,925.2872467041016,390.7342529296875,930.3849792480469,367.54374504089355,934.3476867675781,347.2166347503662,148,1787749327.55651
875.3828430175781,541.6197109222412,846.0288238525391,523.7349987030029,828.6923217773438,492.29787826538086,822.9045867919922,461.101770401001,818.0800628662109,433.9463996887207,854.3572235107422,435.1959228515625,844.3466186523438,385.04719734191895,836.0469818115234,353.02428245544434,829.1455078125,327.45150089263916,882.4399566650391,429.4062566757202,880.3357696533203,371.0506582260132,874.9740600585938,334.26501989364624,868.6663818359375,306.0425591468811,906.5625762939453,436.0093832015991,912.4521636962891,384.7054624557495,914.07958984375,352.82142162323,913.5482788085938,327.6404142379761,926.5486907958984,452.25103855133057,941.4865875244141,415.8871078491211,950.1004028320312,393.63099575042725,956.2021636962891,375.63607692718506,149,1787749327.5966084
873.5867309570312,550.2617454528809,888.3491516113281,524.8180103302002,894.7631072998047,489.51889514923096,892.3529052734375,456.7627716064453,882.6941680908203,426.92347526550293,894.6014404296875,437.9171419143677,882.2648620605469,379.8191213607788,870.0267028808594,343.8820695877075,857.4655914306641,316.12425327301025,884.5889282226562,438.89732837677,881.7044067382812,374.0064525604248,876.5904235839844,337.1411418914795,869.6760559082031,310.4089379310608,871.5853881835938,454.5964479446411,863.6259460449219,404.8559761047363,859.1590118408203,371.75451278686523,856.1013793945312,346.09519243240356,856.5408325195312,479.0704679489136,848.6905670166016,453.22465896606445,846.6094970703125,440.61304092407227,845.8589172363281,433.6846160888672,150,1787749327.6360412
839.9858093261719,567.6727151870728,817.5647735595703,542.1770095825195,796.3985443115234,513.853440284729,766.7404937744141,498.56523513793945,736.7881011962891,495.74071884155273,831.5285491943359,443.78594398498535,835.3973388671875,389.03918266296387,839.2653656005859,354.0204977989197,845.4723358154297,326.0479974746704,859.5588684082031,449.30344104766846,879.8233032226562,393.5607862472534,892.6096343994141,357.2445774078369,905.6652069091797,328.4916830062866,883.6274719238281,465.4909372329712,909.8870849609375,415.89152812957764,924.37255859375,381.60409927368164,936.8258666992188,353.77148151397705,903.4644317626953,489.31483268737793,932.6275634765625,458.52187156677246,950.6370544433594,435.2699947357178,965.1237487792969,414.4463539123535,151,1787749327.6753948
837.4787139892578,568.8171815872192,816.93359375,542.8671312332153,793.7734985351562,514.027247428894,759.4782257080078,500.0322961807251,725.4952239990234,498.8224697113037,828.4239959716797,446.77499771118164,834.5885467529297,389.5185899734497,838.6035919189453,353.99052143096924,844.5725250244141,325.33817768096924,855.3914642333984,451.69846057891846,875.8403778076172,394.1827583312988,888.4059906005859,357.46915340423584,900.2635192871094,328.39853525161743,879.4416809082031,466.5759229660034,908.0744171142578,415.5279064178467,922.8468322753906,381.4761257171631,934.8662567138672,353.069064617157,899.2896270751953,488.1869316101074,929.6519470214844,457.8212356567383,948.5343170166016,434.988169670105,963.6392211914062,413.8512897491455,152,1787749327.713998
837.8265380859375,566.6726160049438,814.0574645996094,541.8423986434937,789.5761871337891,514.0840673446655,756.4751434326172,498.99962425231934,723.8658142089844,494.65847969055176,823.6276245117188,445.9276342391968,829.9649047851562,388.0497694015503,835.4194641113281,352.7696228027344,843.0722045898438,324.8411536216736,851.5926361083984,450.40215969085693,870.4997253417969,392.13719844818115,883.306884765625,355.89497566223145,895.8423614501953,327.97828674316406,877.2786712646484,465.21902561187744,906.4212036132812,414.92855072021484,921.3600158691406,380.51769733428955,933.0783081054688,352.35044717788696,899.2194366455078,486.680645942688,930.074462890625,456.6214084625244,948.7921142578125,434.5206069946289,963.4574890136719,414.0653944015503,153,1787749327.7548485
351.66622161865234,497.74237632751465,374.2242431640625,490.14721870422363,388.8739776611328,464.9797296524048,394.9613952636719,443.4186315536499,401.43871307373047,423.341588973999,349.9124526977539,421.542706489563,349.969482421875,384.2447233200073,353.1365203857422,359.4247627258301,356.26758575439453,339.9508738517761,336.3521957397461,418.62107276916504,334.9542236328125,376.58703804016113,334.97596740722656,344.86058235168457,335.28697967529297,317.8257179260254,325.5177688598633,419.9924325942993,330.4869079589844,381.387677192688,337.1482849121094,354.22089099884033,342.93949127197266,331.222128868103,315.7835006713867,426.6868829727173,318.24466705322266,396.82295322418213,326.01200103759766,377.2765588760376,334.6966552734375,362.5878381729126,154,1787749327.858992
349.9842834472656,521.5061902999878,373.9198684692383,504.4761371612549,386.79798126220703,468.7176561355591,393.3858108520508,442.2282028198242,401.58206939697266,421.10973358154297,348.8609313964844,434.33555603027344,348.42811584472656,399.54378604888916,353.7434387207031,374.76309299468994,359.93457794189453,355.19176483154297,337.29198455810547,434.79578018188477,337.8157043457031,397.5883483886719,342.7689743041992,371.3448429107666,348.45264434814453,347.9317331314087,326.99588775634766,438.6267900466919,329.442138671875,403.33956241607666,337.12257385253906,379.0554428100586,345.0360107421875,359.7706174850464,317.29736328125,446.4430904388428,319.96883392333984,416.6014337539673,327.4032974243164,397.6404905319214,335.7949447631836,383.37504386901855,155,1787749327.8963675
306.6196823120117,481.29695892333984,312.8555107116699,442.74940967559814,296.96496963500977,407.6704502105713,279.5084762573242,386.8710136413574,266.9787788391113,369.90190029144287,244.72784042358398,389.079008102417,229.38020706176758,348.4278345108032,223.72100830078125,313.64312410354614,222.21071243286133,286.06319189071655,234.43181991577148,393.92372131347656,218.08673858642578,346.5931177139282,215.43027877807617,308.61342430114746,217.5257110595703,276.07024669647217,229.14899826049805,402.12690353393555,236.55454635620117,352.38359928131104,258.815975189209,318.27946186065674,279.9245262145996,294.15103912353516,229.8715591430664,415.9313106536865,243.99337768554688,375.1617765426636,263.9447784423828,351.77387952804565,282.36968994140625,335.4243779182434,156,1787749327.999694
304.56661224365234,486.4131546020508,311.5051460266113,441.4887285232544,291.74835205078125,401.4103031158447,271.7729949951172,375.08650302886963,258.1675338745117,352.1457839012146,242.41180419921875,383.7242889404297,228.66870880126953,344.35991048812866,223.1159782409668,311.6071128845215,221.12592697143555,284.3233823776245,232.1187973022461,389.27637577056885,218.44148635864258,343.87301445007324,216.65491104125977,307.58845567703247,218.31809997558594,274.9769353866577,226.92434310913086,398.8731908798218,233.20043563842773,350.1137852668762,255.9195327758789,318.00469636917114,278.00132751464844,295.6859493255615,228.1118392944336,413.08250427246094,242.8310203552246,371.87235832214355,263.7714195251465,350.1464653015137,282.85823822021484,335.3778147697449,157,1787749328.0401754
303.37629318237305,485.0877571105957,310.8665657043457,438.43143939971924,297.8289794921875,392.10853099823,283.6009407043457,359.78188276290894,269.2796516418457,336.7550325393677,253.2890510559082,377.73266315460205,239.62041854858398,337.02170848846436,236.8071174621582,305.4645323753357,236.89294815063477,281.92986488342285,238.58741760253906,384.1552448272705,227.07529067993164,338.1303834915161,230.67123413085938,308.29516410827637,236.74335479736328,285.42248725891113,225.22233963012695,396.56940937042236,221.07954025268555,352.9034113883972,236.02108001708984,327.92479276657104,250.61214447021484,311.06504917144775,214.6426773071289,416.10198497772217,217.52460479736328,382.4609899520874,232.60675430297852,362.9129219055176,247.63887405395508,351.54168605804443,158,1787749328.0762608
301.93044662475586,482.40992546081543,307.40570068359375,433.9888000488281,293.77418518066406,386.55781745910645,280.29577255249023,352.03877449035645,267.052059173584,326.8172764778137,249.13772583007812,374.95076179504395,235.9051513671875,334.4492983818054,233.70878219604492,302.88787364959717,234.4099235534668,279.0929889678955,234.62535858154297,382.61024951934814,223.0666732788086,338.1895637512207,227.26993560791016,307.7324151992798,234.81426239013672,284.6144127845764,221.91438674926758,396.5527153015137,220.86118698120117,353.8351035118103,239.7154426574707,330.8838701248169,258.3711242675781,317.12411642074585,213.1020736694336,417.4857473373413,219.0631866455078,383.96358489990234,236.7920684814453,365.84545612335205,254.2654800415039,356.5048027038574,159,1787749328.1104212
303.8461494445801,483.70060443878174,308.866024017334,435.3995990753174,294.06869888305664,387.78639793395996,279.5595932006836,354.2005491256714,265.64123153686523,329.34194326400757,250.43275833129883,376.4101839065552,238.19900512695312,336.73147201538086,236.63307189941406,305.0829076766968,238.06108474731445,280.9895896911621,235.99584579467773,383.5637855529785,226.24055862426758,339.13623332977295,229.78744506835938,308.98112297058105,236.2376594543457,284.991660118103,222.77652740478516,396.5885066986084,222.34119415283203,354.2308259010315,237.89434432983398,329.3918967247009,253.5521125793457,312.13881254196167,212.95404434204102,416.5583038330078,218.9801788330078,383.3218288421631,234.88330841064453,364.4466304779053,250.5640411376953,353.0003356933594,160,1787749328.152004
313.5757637023926,487.52487659454346,330.44551849365234,431.78642749786377,325.2720642089844,387.6512575149536,316.3148307800293,357.14149475097656,302.4863815307617,333.5739541053772,275.8583641052246,369.7655153274536,280.7255554199219,329.79324102401733,314.5870780944824,328.4180188179016,340.84800720214844,340.1255178451538,258.6656379699707,376.3311767578125,274.10844802856445,333.59541177749634,311.78916931152344,347.94023036956787,333.0319595336914,371.8821430206299,240.61697006225586,387.3983573913574,257.82081604003906,347.1742558479309,294.9351501464844,360.3587293624878,316.98904037475586,383.8995552062988,221.95371627807617,405.6765604019165,238.69081497192383,370.0001335144043,270.45162200927734,371.78524017333984,293.5668182373047,386.503701210022,161,1787749328.1881716
303.9795684814453,476.78282260894775,334.53845977783203,426.4351415634155,343.092041015625,382.0180606842041,334.94274139404297,349.47247982025146,321.35528564453125,327.1269106864929,302.35450744628906,353.92001152038574,306.4305114746094,313.8567566871643,334.22595977783203,315.25792121887207,356.70650482177734,329.966983795166,283.0415344238281,359.686074256897,296.5501403808594,318.1966781616211,329.4449234008789,327.16463327407837,351.2833023071289,348.3607792854309,260.3006935119629,368.5838842391968,276.38172149658203,328.57916593551636,310.63512802124023,341.22209072113037,332.54249572753906,366.4915895462036,234.0522003173828,382.43897438049316,252.7649688720703,344.4837427139282,282.7440071105957,350.16215085983276,303.99206161499023,369.8964500427246,162,1787749328.2369945
303.6915969848633,472.30130195617676,335.59337615966797,429.16648864746094,342.5376510620117,382.72839546203613,335.58948516845703,349.23022270202637,321.74755096435547,328.45057010650635,302.5592041015625,351.25224351882935,311.03296279907227,310.81843614578247,340.01739501953125,315.9320139884949,361.3397216796875,332.52076864242554,284.3604850769043,356.7748260498047,299.31962966918945,317.16053009033203,331.51390075683594,329.74032640457153,349.95948791503906,353.1949782371521,263.0809783935547,366.0111951828003,278.83094787597656,328.12467098236084,311.1102294921875,342.65142917633057,329.0847396850586,368.78730297088623,239.13509368896484,380.0318956375122,254.38766479492188,346.2138104438782,283.1241989135742,350.58096170425415,303.6030578613281,368.2879829406738,163,1787749328.2714593
