P0_x,P0_y,P1_x,P1_y,P2_x,P2_y,P3_x,P3_y,P4_x,P4_y,P5_x,P5_y,P6_x,P6_y,P7_x,P7_y,P8_x,P8_y,P9_x,P9_y,P10_x,P10_y,P11_x,P11_y,P12_x,P12_y,P13_x,P13_y,P14_x,P14_y,P15_x,P15_y,P16_x,P16_y,P17_x,P17_y,P18_x,P18_y,P19_x,P19_y,P20_x,P20_y,frame_number,timestamp
774.9486541748047,695.0869989395142,742.364501953125,662.6260042190552,724.3907165527344,617.4762725830078,717.9633331298828,579.6546363830566,719.8297119140625,545.2249002456665,756.6635894775391,573.0624103546143,757.6200103759766,531.4767551422119,748.1829833984375,513.2165765762329,734.3361663818359,507.11272716522217,782.4921417236328,575.0387477874756,784.5200347900391,530.3709125518799,777.2651672363281,515.6596612930298,764.7934722900391,516.408748626709,806.7969512939453,583.4178400039673,809.7529602050781,541.237678527832,802.0645141601562,527.3918581008911,789.1246032714844,526.6934967041016,831.0028076171875,597.1948671340942,837.0830535888672,558.7404012680054,833.3158874511719,539.6331596374512,823.6965179443359,531.5906524658203,1,1787747495.239405
782.4549865722656,664.903392791748,747.7474212646484,623.3976030349731,725.4959869384766,583.4979200363159,717.48046875,549.466609954834,719.9784851074219,520.0733757019043,752.8347015380859,547.0106935501099,749.2213439941406,515.0669145584106,738.5478210449219,500.1376962661743,725.3754425048828,489.8234224319458,776.1283111572266,546.4052438735962,773.9019775390625,511.8935823440552,763.7348175048828,495.63501834869385,750.0917816162109,487.40750312805176,798.7731170654297,552.4441623687744,799.8899078369141,517.60338306427,790.2377319335938,502.93869495391846,775.9941101074219,497.8098392486572,822.4295043945312,563.6998271942139,827.8627777099609,530.1408863067627,821.7019653320312,510.7365417480469,809.8757934570312,499.8901605606079,2,1787747495.3081815
782.9717254638672,656.0718870162964,748.2369232177734,621.7886209487915,725.3604888916016,584.0628576278687,716.2818145751953,550.4039669036865,715.7973480224609,519.9049758911133,752.7165222167969,548.1997919082642,747.9811096191406,516.4917039871216,738.2903289794922,500.1260232925415,726.0064697265625,489.76325511932373,775.7664489746094,546.5794372558594,773.8859558105469,511.58935546875,764.9073028564453,495.48996448516846,752.4295043945312,489.04266357421875,797.9946899414062,551.4037227630615,799.0576171875,515.9293413162231,789.3510437011719,502.01271057128906,775.0246429443359,498.2174062728882,821.2047576904297,561.3723564147949,826.8708801269531,529.4727802276611,819.8580169677734,510.7055139541626,807.1352386474609,500.1918125152588,3,1787747495.3704975
789.5870971679688,623.8098907470703,754.2457580566406,591.7287826538086,728.8069152832031,560.0898742675781,714.1289520263672,532.7217292785645,712.3432159423828,508.74505519866943,746.9015502929688,528.3567667007446,736.4698028564453,499.9578809738159,727.4435424804688,483.89715671539307,719.6487426757812,468.545823097229,765.7278442382812,523.8729286193848,757.5559997558594,492.6263952255249,748.3650970458984,474.10632133483887,739.1451263427734,459.04114723205566,785.8652496337891,524.7647523880005,779.7492218017578,494.5721769332886,771.3014984130859,477.0841312408447,761.5837860107422,463.9771842956543,808.2308959960938,530.2552127838135,807.7532196044922,503.17412853240967,802.0704650878906,486.1475086212158,793.3709716796875,472.4920606613159,4,1787747495.4319935
790.1800537109375,603.4805488586426,755.7144165039062,578.292760848999,730.194091796875,550.9489917755127,714.2665100097656,524.9565410614014,714.1084289550781,500.7526731491089,747.2071075439453,520.4458808898926,735.6478881835938,493.82811069488525,727.8919982910156,478.06272983551025,722.2136688232422,461.8593120574951,766.2390899658203,515.5306148529053,757.6689147949219,485.6217098236084,751.0858917236328,467.5219917297363,744.376220703125,450.91898918151855,785.9780120849609,515.7149362564087,778.9116668701172,485.5796957015991,771.7087554931641,469.3794107437134,763.2662963867188,456.24298095703125,807.4599456787109,520.2989816665649,805.3520965576172,493.23875427246094,800.7292938232422,476.7955684661865,793.9686584472656,462.8843021392822,5,1787747495.4960868
789.5275115966797,599.3676280975342,755.4376983642578,577.3184108734131,728.8063049316406,549.6284008026123,713.24951171875,524.4648599624634,712.5563049316406,500.4024839401245,748.3697509765625,521.0319328308105,736.6108703613281,493.82270336151123,728.5014343261719,477.218542098999,722.3578643798828,461.2313747406006,767.6405334472656,515.7580661773682,759.7365570068359,486.1517572402954,753.5940551757812,467.33702659606934,747.2592163085938,451.3974952697754,787.3874664306641,515.8204221725464,783.1122589111328,488.4169578552246,778.2928466796875,474.6518611907959,771.6538238525391,464.35616970062256,807.7729797363281,520.0611877441406,806.1478424072266,494.52462673187256,801.7396545410156,478.740234375,794.9874877929688,465.9095335006714,6,1787747495.5651467
790.4075622558594,583.5761976242065,758.9619445800781,562.6014947891235,734.2391204833984,537.5056743621826,717.5061798095703,513.636589050293,714.1948699951172,490.8521032333374,750.4610443115234,509.14966106414795,738.1539154052734,481.1433219909668,730.2001953125,464.29059505462646,724.5291900634766,448.66546154022217,768.5593414306641,503.8812017440796,760.4369354248047,473.03197860717773,754.5713806152344,453.0153179168701,749.2655181884766,436.8006134033203,787.8702545166016,503.8354539871216,783.2060241699219,476.58090591430664,778.2749176025391,462.0495128631592,772.4544525146484,451.55482292175293,808.853759765625,507.6839303970337,807.67333984375,481.77048683166504,803.8189697265625,465.87361335754395,798.2070922851562,453.3161973953247,7,1787747495.6274247
794.2005920410156,578.2670545578003,762.0510101318359,559.0032148361206,736.7721557617188,533.109769821167,719.8828887939453,510.4501676559448,714.9512481689453,488.9363622665405,752.843017578125,505.19883155822754,740.2386474609375,475.933313369751,732.1944427490234,458.46895694732666,726.6645050048828,442.84146308898926,770.8247375488281,499.61657524108887,761.2664031982422,468.62289905548096,754.1127014160156,448.69919300079346,747.8037261962891,432.7708625793457,790.1308441162109,499.08742904663086,785.4400634765625,470.78158378601074,779.822998046875,454.99547481536865,773.41796875,443.70131492614746,810.4486846923828,502.8681421279907,809.2540740966797,476.88358783721924,805.2296447753906,460.34671783447266,799.4527435302734,447.2567653656006,8,1787747495.690304
794.2850494384766,577.8269577026367,762.1351623535156,558.8833093643188,736.9587707519531,533.5219287872314,719.5664215087891,510.87696075439453,715.0635528564453,488.75860691070557,752.6519012451172,505.80479621887207,740.6094360351562,476.5869998931885,732.7481079101562,458.6593723297119,727.4314880371094,442.349009513855,771.0483551025391,499.5831871032715,762.2993469238281,468.068904876709,755.9059143066406,447.2095584869385,750.1275634765625,430.0723457336426,790.6485748291016,498.77238750457764,786.4581298828125,470.3161668777466,781.7768859863281,455.45745849609375,775.9693145751953,444.59245204925537,810.6849670410156,502.4135398864746,809.2278289794922,476.2020492553711,805.2989959716797,459.9484634399414,799.6820068359375,446.93665981292725,9,1787747495.7532637
799.3312835693359,564.6317768096924,768.5929107666016,546.4344692230225,742.1925354003906,522.0592832565308,721.8430328369141,501.39893531799316,711.58935546875,480.3694725036621,758.5955810546875,488.76298427581787,741.7545318603516,456.3537883758545,732.5080871582031,436.01006984710693,726.3259887695312,418.1807613372803,777.7581787109375,483.0397081375122,767.2412872314453,446.98747158050537,761.8056488037109,423.7803554534912,757.4645233154297,404.6642303466797,798.5047912597656,484.36171531677246,793.6327362060547,451.3586139678955,790.8248138427734,430.988073348999,787.6566314697266,413.51268768310547,820.1390838623047,491.8925428390503,820.5936431884766,466.0643720626831,819.5002746582031,449.2588520050049,817.3117828369141,434.3718194961548,10,1787747495.8151011
805.5730438232422,563.0423641204834,773.5814666748047,544.945821762085,746.4161682128906,519.1482496261597,726.1301422119141,498.5091018676758,712.6892852783203,480.1505184173584,766.1968231201172,485.8433246612549,749.1572570800781,451.2317991256714,739.7721099853516,429.9332571029663,733.4806823730469,412.00507164001465,785.1299285888672,480.25471687316895,775.3177642822266,441.42590045928955,769.6968841552734,417.3382043838501,765.6694030761719,398.31387519836426,805.1985168457031,481.3033103942871,799.9238586425781,446.2533187866211,795.8827972412109,424.99953746795654,792.1226501464844,407.9835605621338,826.1525726318359,488.3207416534424,828.8672637939453,461.60744190216064,829.2794036865234,444.4728899002075,828.4419250488281,430.0255250930786,11,1787747495.8775012
806.3150024414062,563.7221431732178,773.5015869140625,544.6928787231445,746.1161041259766,518.530912399292,726.142578125,497.7472686767578,712.783203125,479.56742763519287,765.2133178710938,485.4520654678345,748.9331817626953,450.9194612503052,739.8927307128906,429.96188163757324,733.9272308349609,411.97593212127686,784.6598052978516,480.1078176498413,774.6721649169922,441.5140914916992,769.1563415527344,417.5635099411011,765.1132965087891,398.46768379211426,805.1150512695312,481.3551950454712,799.1176605224609,445.49264430999756,794.7438812255859,424.3448209762573,790.8395385742188,407.51277923583984,826.4595031738281,488.3776044845581,829.6015167236328,461.46393299102783,830.4364776611328,444.25140380859375,830.11474609375,429.75910663604736,12,1787747495.9399796
807.4559783935547,562.4255847930908,775.1172637939453,543.1108903884888,748.1929016113281,515.4546546936035,728.0339813232422,493.69009494781494,711.5814971923828,477.15301036834717,771.3991546630859,479.52648639678955,756.5373229980469,444.1244602203369,748.0674743652344,422.7323627471924,741.6082000732422,405.05295753479004,791.1300659179688,475.29327392578125,783.3255767822266,436.19022846221924,778.2894897460938,412.6867389678955,774.0318298339844,394.8544692993164,811.6115570068359,477.8150224685669,807.4964904785156,442.86991596221924,803.4852600097656,422.3993396759033,799.5883178710938,406.43075466156006,832.4015045166016,486.41993522644043,837.4799346923828,460.43684005737305,839.0553283691406,443.8772678375244,839.1600036621094,430.2609157562256,13,1787747496.0086746
814.4021606445312,566.1611938476562,781.973876953125,545.0152587890625,755.6046295166016,513.849835395813,734.7946929931641,490.0628471374512,716.7256927490234,474.5831537246704,779.1992950439453,476.71085357666016,765.1069641113281,443.8075304031372,758.3527374267578,424.01849269866943,753.7476348876953,407.3980665206909,799.2105102539062,472.4900436401367,793.1118011474609,434.87590312957764,789.1382598876953,412.1582794189453,785.7879638671875,394.6110534667969,819.9137115478516,476.1707639694214,817.3886871337891,442.28867053985596,814.1395568847656,422.55040168762207,811.1282348632812,406.79665088653564,840.5583953857422,486.6062307357788,846.7451477050781,463.0340337753296,849.0604400634766,447.7666425704956,850.4274749755859,434.4692802429199,14,1787747496.0537527
815.7891845703125,567.3460006713867,783.1230163574219,545.9369087219238,756.0960388183594,514.1740608215332,735.2230834960938,490.100998878479,716.7053985595703,474.691686630249,780.0923156738281,476.95521354675293,766.9270324707031,443.71697902679443,760.1033782958984,424.01965141296387,755.1335144042969,407.0548725128174,800.1570129394531,472.76787757873535,794.1947937011719,434.64205741882324,790.2098846435547,411.9899654388428,786.6819000244141,394.17850971221924,820.4035949707031,476.44392013549805,817.6833343505859,442.4053144454956,813.8890838623047,422.4419116973877,810.0576019287109,406.3511896133423,840.5443572998047,486.55426025390625,846.4879608154297,463.06167125701904,849.0212249755859,447.9713487625122,850.6565856933594,434.7655248641968,15,1787747496.1082695
817.3716735839844,568.8721561431885,784.9001312255859,547.7737283706665,758.485107421875,515.3910970687866,738.1791687011719,490.6982088088989,719.8082733154297,475.20808696746826,783.9493560791016,477.4683094024658,770.7936096191406,443.9372205734253,763.785400390625,424.16985511779785,758.6697387695312,407.57243156433105,804.5880889892578,473.51473331451416,798.3775329589844,434.9271869659424,794.1680145263672,411.976318359375,790.6305694580078,394.66731548309326,825.4445648193359,477.56486892700195,823.6661529541016,443.63629817962646,820.1824188232422,423.95750999450684,816.7201995849609,408.2201957702637,846.0360717773438,488.2304906845093,853.0991363525391,464.7760534286499,856.0546875,449.68590259552,857.9398345947266,436.4305114746094,16,1787747496.1541622
818.1216430664062,568.6042785644531,786.3572692871094,547.604169845581,759.9467468261719,515.1817560195923,739.2779541015625,490.1708650588989,720.8763122558594,474.48882579803467,785.030517578125,477.32351303100586,771.9975280761719,443.93460273742676,764.9321746826172,424.1102886199951,760.0377655029297,407.0748710632324,804.7210693359375,473.2704162597656,798.6813354492188,434.5747661590576,794.8782348632812,412.10497856140137,791.9436645507812,394.63615894317627,824.7974395751953,477.15936183929443,822.5225830078125,443.3475637435913,819.2348480224609,423.6848258972168,816.083984375,407.8096675872803,844.9354553222656,487.61778831481934,851.2404632568359,464.9889135360718,853.7411499023438,450.2831983566284,855.5305480957031,437.3516893386841,17,1787747496.1984076
819.854736328125,570.9516191482544,787.9575347900391,549.2444372177124,761.7708587646484,515.1583671569824,741.3902282714844,489.36530113220215,722.1184539794922,473.904447555542,787.4163055419922,476.7513656616211,774.769287109375,443.15324306488037,767.9383850097656,423.5219621658325,762.6314544677734,406.8146753311157,807.9833984375,473.25698375701904,802.6854705810547,435.02164363861084,798.848876953125,412.2400760650635,795.1627349853516,394.56775188446045,828.8010406494141,477.9291772842407,827.7033996582031,444.84015941619873,824.5524597167969,425.1641607284546,821.0874938964844,409.2269039154053,849.3083953857422,488.8763666152954,856.1692810058594,465.8730983734131,859.0696716308594,451.4477062225342,860.9133911132812,438.97281646728516,18,1787747496.237086
819.8767852783203,570.9568548202515,788.4693908691406,548.9373779296875,762.1219635009766,514.9797105789185,741.4003753662109,489.42933082580566,722.2332763671875,474.1054630279541,788.0385589599609,476.0889673233032,775.6829071044922,442.4489164352417,769.0536499023438,422.86205291748047,764.3525695800781,405.97739696502686,807.8142547607422,472.9806089401245,802.4232482910156,434.64574813842773,799.0573883056641,412.3812246322632,796.2779998779297,394.7706127166748,828.0500030517578,478.0181407928467,826.1873626708984,444.2381000518799,823.04931640625,424.3958044052124,819.9216461181641,408.2413959503174,848.3731079101562,489.62738513946533,854.8356628417969,467.08524227142334,857.4188995361328,452.50123500823975,859.2652130126953,439.6565866470337,19,1787747496.2919247
821.4675140380859,572.029824256897,790.3230285644531,549.3074369430542,765.0241088867188,516.5805816650391,745.3038024902344,490.98947525024414,726.9987487792969,474.4525194168091,790.1070404052734,476.9325542449951,777.7560424804688,442.04954624176025,771.1155700683594,422.0089387893677,766.2002563476562,404.96789932250977,810.6053161621094,473.63893032073975,805.1799011230469,434.5190620422363,801.6957855224609,411.58196926116943,798.6985778808594,393.8814926147461,831.1346435546875,478.37506771087646,830.3813934326172,444.5339584350586,827.6557922363281,424.8918628692627,824.7555541992188,409.27732944488525,851.4126586914062,489.2632055282593,858.2828521728516,465.63727855682373,861.4505004882812,450.9800148010254,863.8229370117188,438.2124423980713,20,1787747496.341542
821.9687652587891,573.5050392150879,791.4348602294922,550.6727457046509,766.1695098876953,517.0641088485718,746.4140319824219,490.6078290939331,727.6289367675781,474.0821599960327,791.1798858642578,477.18395233154297,779.2736053466797,441.98023796081543,773.0916595458984,421.5031385421753,769.013671875,403.71284008026123,811.4177703857422,474.06156063079834,805.9180450439453,434.91126537323,802.6419067382812,411.89216136932373,800.0736999511719,393.60747814178467,831.7459106445312,479.1647958755493,830.9007263183594,445.16777515411377,828.2561492919922,425.26827335357666,825.5671691894531,409.3768072128296,851.8904876708984,490.81013202667236,858.3295440673828,467.4437999725342,861.3866424560547,452.5703716278076,863.8790130615234,439.55328941345215,21,1787747496.3889508
821.9107818603516,573.5002326965332,791.5467834472656,550.4537487030029,766.5008544921875,516.9349765777588,746.7735290527344,490.544958114624,727.7779388427734,474.0049982070923,791.3844299316406,477.2440767288208,779.4547271728516,442.0249557495117,773.22509765625,421.58480644226074,769.2532348632812,403.78180503845215,811.4193725585938,474.11211490631104,805.7734680175781,434.7314500808716,802.5314331054688,411.5575933456421,800.1457214355469,393.1698703765869,831.6509246826172,479.234619140625,831.0111236572266,444.77033615112305,828.5252380371094,424.7774076461792,825.8771514892578,408.72462272644043,851.8216705322266,490.85519313812256,858.5170745849609,467.5697994232178,861.5135955810547,452.50483989715576,863.8230133056641,439.1888093948364,22,1787747496.4349275
824.4023132324219,573.7075996398926,793.5580444335938,551.1669158935547,767.9563140869141,518.0556678771973,748.1886291503906,491.1839246749878,729.6676635742188,474.23880100250244,793.0002593994141,478.24297428131104,780.7119750976562,442.0370149612427,774.5556640625,420.91047763824463,770.7033538818359,402.56669998168945,813.3289337158203,474.66392040252686,807.8096771240234,434.79809761047363,804.6537780761719,411.30589485168457,802.2648620605469,392.7412748336792,833.6708068847656,479.3830633163452,832.5106811523438,445.4741048812866,829.7966766357422,425.23003578186035,827.1070861816406,409.33573722839355,854.0071105957031,490.55787563323975,860.4046630859375,467.42431640625,863.1188201904297,452.56715297698975,865.3124237060547,439.8562717437744,23,1787747496.502034
823.7857055664062,574.6795463562012,793.0674743652344,551.7599201202393,767.6796722412109,518.0973386764526,748.3070373535156,491.06135845184326,729.6488189697266,474.26326274871826,793.2144165039062,478.55565547943115,780.9475708007812,442.5088691711426,774.6726989746094,421.3404893875122,770.7578277587891,402.99448013305664,813.5751342773438,475.20559787750244,808.3079528808594,435.3007221221924,805.0340270996094,411.65114879608154,802.6308441162109,392.9674816131592,833.7306213378906,480.0619411468506,832.7261352539062,445.2513313293457,830.1023101806641,424.83405590057373,827.5511932373047,408.71715545654297,853.8076019287109,491.38923168182373,860.4685211181641,467.7643346786499,863.2481384277344,452.44149684906006,865.4478454589844,439.09757137298584,24,1787747496.5549173
825.3538513183594,576.1161375045776,794.4094848632812,553.9207935333252,769.1802215576172,519.8704290390015,749.6456146240234,492.3317813873291,730.4652404785156,474.89531993865967,794.7072601318359,478.6049222946167,782.6762390136719,442.09808349609375,776.2747955322266,420.7367992401123,771.9741821289062,402.12656021118164,815.3373718261719,475.31928062438965,809.6947479248047,435.1357126235962,806.534423828125,411.60574436187744,803.9607238769531,393.0297088623047,835.7855224609375,480.6675624847412,834.7679138183594,445.6588554382324,832.2920989990234,425.35367488861084,829.5095825195312,409.0249013900757,856.2348937988281,492.53554344177246,862.3816680908203,468.13928604125977,865.133056640625,452.7407455444336,867.0317077636719,439.13885593414307,25,1787747496.5968637
827.3225402832031,576.7608118057251,796.5191650390625,554.8159217834473,770.9336090087891,521.1126136779785,751.1434936523438,493.523325920105,731.9850158691406,476.08561992645264,795.2790069580078,479.3579149246216,783.2830810546875,442.5488233566284,777.1872711181641,420.80087184906006,773.5781860351562,401.84842586517334,815.9700012207031,475.7089948654175,810.6943511962891,435.08657455444336,807.8673553466797,411.0926914215088,805.6992340087891,392.1235942840576,836.4424133300781,480.9654378890991,835.6733703613281,445.7284641265869,833.5514831542969,424.8424243927002,831.2664794921875,408.0915355682373,856.7247009277344,492.95122146606445,863.3368682861328,469.38700675964355,866.4937591552734,454.0568733215332,869.2490386962891,440.4287624359131,26,1787747496.6572948
826.5070343017578,576.9288682937622,796.0299682617188,554.0694093704224,770.8379364013672,520.5205965042114,751.5847015380859,493.0852460861206,732.5136566162109,475.6372404098511,795.5947113037109,479.2573642730713,783.6331176757812,442.7543878555298,777.4958038330078,421.1697292327881,773.9134979248047,402.3112678527832,816.1447906494141,476.07755184173584,810.8296966552734,435.3140687942505,807.8762054443359,411.3010883331299,805.6553649902344,392.2786474227905,836.3011169433594,481.52183532714844,835.634765625,445.75695991516113,833.3506011962891,424.57969665527344,830.936279296875,407.5692129135132,856.1688232421875,493.69292736053467,863.0543518066406,469.59484577178955,866.490478515625,453.77989768981934,869.2707061767578,439.7935724258423,27,1787747496.713106
826.4116668701172,578.2431936264038,795.8488464355469,555.0619554519653,770.6222534179688,521.0777235031128,750.9670257568359,493.5528087615967,731.9940185546875,476.15200996398926,796.114501953125,479.8374938964844,784.8098754882812,442.4562978744507,778.9474487304688,420.2758455276489,775.4632568359375,401.31927967071533,817.0989227294922,476.6779375076294,811.9341278076172,435.41736602783203,808.9028930664062,411.0451412200928,806.5375518798828,392.04368591308594,837.76611328125,481.95279121398926,837.5667572021484,446.1606216430664,835.3819274902344,425.046443939209,832.8977966308594,408.3691120147705,858.2293701171875,493.8636016845703,865.4511260986328,469.25169467926025,868.5586547851562,453.53261947631836,870.6678009033203,439.8444700241089,28,1787747496.772021
826.5900421142578,578.1428146362305,795.8753967285156,554.6340465545654,770.8097839355469,521.1738109588623,751.0535430908203,493.6733150482178,732.0449829101562,476.3106679916382,796.4815521240234,479.5010805130005,784.8434448242188,442.49693870544434,778.8738250732422,420.6996774673462,775.5979919433594,401.9542980194092,817.1772003173828,476.35838985443115,811.6410827636719,435.357027053833,808.6104583740234,411.2060737609863,806.5400695800781,392.2628116607666,837.7718353271484,481.80052757263184,837.5069427490234,445.8941602706909,835.4850769042969,424.5590543746948,833.2492065429688,407.7018213272095,858.3277893066406,493.8796091079712,866.1427307128906,469.7474527359009,869.0596771240234,453.86577129364014,871.0313415527344,439.8700475692749,29,1787747496.8310823
827.4573516845703,579.8032093048096,794.9253082275391,556.0772037506104,771.8245697021484,520.1828527450562,756.7037963867188,489.94972229003906,742.5244140625,468.5609292984009,796.2594604492188,483.03863525390625,787.2641754150391,443.8669681549072,783.1959533691406,420.25164127349854,781.4614105224609,400.838885307312,818.4984588623047,479.7798156738281,816.1539459228516,436.99939727783203,814.5732879638672,411.1364221572876,813.7823486328125,390.89677333831787,839.7426605224609,484.2181205749512,841.4424896240234,445.34982204437256,840.4618072509766,422.27278232574463,839.5838165283203,404.1251277923584,860.2352905273438,495.40117263793945,870.0949096679688,468.78344535827637,875.7454681396484,451.5664529800415,880.6995391845703,436.88404083251953,30,1787747496.8811133
827.4517822265625,579.9742269515991,795.4031372070312,554.3927335739136,773.5665130615234,520.1635837554932,761.10107421875,490.27090072631836,752.9310607910156,465.30858993530273,797.0087432861328,482.87474155426025,789.5034027099609,443.7204122543335,786.2107849121094,420.1487731933594,785.2172088623047,400.34621715545654,819.3058013916016,480.4579210281372,819.1508483886719,437.68775939941406,819.03076171875,410.9765625,819.4884490966797,389.8249626159668,840.1676177978516,485.47468185424805,843.7816619873047,446.42940044403076,844.4277191162109,422.9538059234619,844.7085571289062,404.4478511810303,860.1399993896484,497.0450448989868,870.8489990234375,469.6272039413452,876.9237518310547,451.51371002197266,881.8281555175781,436.07397079467773,31,1787747496.9252174
827.1006011962891,579.1161346435547,795.7438659667969,553.1837224960327,774.0149688720703,519.0012216567993,760.8112335205078,489.15175437927246,751.7826080322266,464.3587875366211,797.1778869628906,482.0781469345093,789.5524597167969,443.0415344238281,786.1457824707031,419.8284959793091,785.3109741210938,400.19622802734375,819.2630767822266,479.9855089187622,818.3696746826172,437.3495864868164,818.2489013671875,410.63023567199707,818.9234924316406,389.28491592407227,840.1988983154297,485.4142999649048,843.5123443603516,446.3885450363159,844.4149780273438,423.15722465515137,845.0278472900391,404.7315216064453,860.4637145996094,497.38935470581055,870.7109832763672,469.5622730255127,876.1280059814453,451.18545055389404,880.2143859863281,435.3504180908203,32,1787747496.964293
827.6328277587891,580.1326274871826,796.3006591796875,553.4264945983887,774.9219512939453,519.3390083312988,761.4856719970703,489.6575975418091,753.3750915527344,464.87699031829834,797.6832580566406,483.4961986541748,789.5520782470703,444.9553871154785,785.5738067626953,421.51330947875977,784.7279357910156,401.5297794342041,820.0691223144531,481.17804050445557,818.143310546875,438.86887550354004,817.6702880859375,411.9628429412842,818.4321594238281,390.1603031158447,841.3513946533203,486.533145904541,844.2536163330078,447.55953311920166,845.2785491943359,424.14140224456787,846.0433959960938,405.5405616760254,861.6669464111328,498.4082508087158,871.5234375,470.41229724884033,876.8330383300781,451.8421411514282,880.8966064453125,435.94990253448486,33,1787747497.0159261
827.5619506835938,579.7738552093506,796.4421081542969,553.5097074508667,775.1981353759766,519.5977878570557,761.9760131835938,489.838228225708,753.5158538818359,464.8811101913452,797.9821014404297,482.75535106658936,789.942626953125,444.11999702453613,785.9413146972656,420.8401393890381,784.7801208496094,400.9328269958496,820.3288269042969,480.5413055419922,818.2359313964844,438.30453872680664,817.5733184814453,411.48189067840576,817.9459381103516,389.61639404296875,841.5113067626953,486.10201835632324,844.29931640625,447.5019407272339,844.9631500244141,424.1527318954468,845.2628326416016,405.3054714202881,861.8373107910156,498.1000757217407,871.6432952880859,470.1241207122803,876.8016815185547,451.59675121307373,880.6599426269531,435.481653213501,34,1787747497.056782
828.4839630126953,580.4555225372314,797.3249816894531,553.5264873504639,776.1240386962891,519.4804573059082,763.4188079833984,489.53649044036865,755.648193359375,464.06232833862305,798.1915283203125,483.3421325683594,789.9226379394531,444.8667240142822,786.1415863037109,421.3932752609253,785.3916931152344,401.13109588623047,820.4814910888672,481.08933448791504,818.3225250244141,438.9443635940552,817.8766632080078,412.1172523498535,818.5092163085938,390.192232131958,841.7040252685547,486.5968322753906,844.4519805908203,448.2263517379761,845.0041198730469,424.8801898956299,845.2529144287109,406.0066223144531,862.0986938476562,498.5357093811035,871.5657043457031,470.27844429016113,876.6664886474609,451.7736482620239,880.4752349853516,435.55121898651123,35,1787747497.1062307
828.7065124511719,580.1482915878296,797.3160552978516,553.5926198959351,776.2013244628906,519.5901489257812,763.343505859375,489.77110862731934,755.2669525146484,464.5833206176758,798.3475494384766,483.4440565109253,790.1351165771484,444.52056884765625,786.3484191894531,420.95566749572754,785.4682922363281,400.69511890411377,820.5314636230469,481.2747287750244,818.1739044189453,438.8340711593628,817.6950836181641,411.94310188293457,818.3435821533203,390.0439167022705,841.7086791992188,486.79617404937744,844.1966247558594,448.41410636901855,844.5899200439453,425.035457611084,844.7643280029297,406.0103988647461,862.1510314941406,498.6216688156128,871.4571380615234,470.5579948425293,876.3526916503906,452.0540142059326,880.0460815429688,435.71391105651855,36,1787747497.1567183
830.1240539550781,581.1913919448853,798.7825012207031,554.6374797821045,777.0806884765625,520.4135227203369,764.2266845703125,490.5492925643921,756.0796356201172,465.2011299133301,799.2507171630859,483.35131645202637,790.5577850341797,444.722056388855,786.6194152832031,421.70162200927734,785.4729461669922,401.82580947875977,821.4053344726562,481.16332054138184,818.9731597900391,439.13280487060547,818.2623291015625,412.56494522094727,818.4994506835938,390.8306407928467,842.3178863525391,486.75334453582764,845.0297546386719,448.5551691055298,845.7495880126953,425.3788661956787,846.0282135009766,406.50195121765137,862.3187255859375,498.64338397979736,871.7361450195312,470.84020614624023,876.8172454833984,452.3371696472168,880.6743621826172,435.9820890426636,37,1787747497.2227077
830.8897399902344,582.7665567398071,799.248046875,555.676760673523,777.3069000244141,521.30126953125,764.654541015625,491.63118839263916,757.3213958740234,466.29122257232666,800.3304290771484,484.2460584640503,791.5184783935547,445.5132865905762,787.4860382080078,422.01988220214844,786.1092376708984,401.7468023300171,822.2350311279297,481.95515155792236,819.7998809814453,439.57212924957275,819.0239715576172,412.7826118469238,819.1739654541016,390.9975814819336,843.1774139404297,487.4357843399048,845.4520416259766,448.89527320861816,845.8483123779297,425.709228515625,845.7938385009766,407.12589740753174,863.3663177490234,499.40929412841797,872.9132080078125,472.18337059020996,877.8270721435547,454.0353727340698,881.4298248291016,438.18626403808594,38,1787747497.267615
830.8841705322266,583.2552337646484,799.4605255126953,555.7024240493774,777.5430297851562,521.1076354980469,764.8519897460938,491.7522096633911,757.2794342041016,466.7884826660156,800.5909729003906,484.64972019195557,791.4028167724609,446.00664138793945,787.4280548095703,422.5272274017334,786.4018249511719,402.1864700317383,822.4176025390625,482.2363328933716,819.4438171386719,439.79408740997314,818.5401153564453,412.9845714569092,818.9275360107422,391.00225925445557,843.3375549316406,487.4776268005371,845.4923248291016,449.0772342681885,846.0026550292969,425.646915435791,846.314697265625,406.7312479019165,863.57421875,499.1401720046997,872.6474761962891,471.68100357055664,877.5823974609375,453.4783744812012,881.3404083251953,437.5709867477417,39,1787747497.3156736
831.8199157714844,583.3816194534302,800.4856109619141,556.2020874023438,778.5447692871094,521.5678596496582,765.8133697509766,491.80885791778564,758.026123046875,466.68449878692627,802.3587799072266,484.6799325942993,793.1195831298828,446.13375663757324,788.7844085693359,422.72729873657227,787.3248291015625,402.5027561187744,824.1462707519531,482.30692863464355,821.9253540039062,440.15968322753906,821.2110137939453,413.40136528015137,821.5933227539062,391.7383003234863,844.7023010253906,487.70894050598145,847.6181793212891,449.6983480453491,848.2204437255859,426.40085220336914,848.6061096191406,407.77082920074463,864.3881225585938,499.640736579895,873.3469390869141,472.1752595901489,878.0077362060547,453.86555671691895,881.6478729248047,437.83650398254395,40,1787747497.3693683
832.0379638671875,583.0323314666748,800.6288909912109,556.2457323074341,778.5296630859375,521.4177417755127,765.5272674560547,491.53844833374023,757.4298095703125,466.5301752090454,802.0600891113281,484.77953910827637,793.0371856689453,445.93501567840576,788.8819885253906,422.3093032836914,787.6795959472656,402.02905654907227,824.046630859375,482.32903003692627,821.2911987304688,440.17011165618896,820.4936981201172,413.36312770843506,821.0806274414062,391.5138101577759,844.7683715820312,487.56959438323975,847.1958160400391,449.6601104736328,847.7138519287109,426.3133478164673,848.2143402099609,407.3433494567871,864.6224212646484,499.24110889434814,873.1167602539062,471.7554187774658,877.7928924560547,453.60008239746094,881.5296173095703,437.5394010543823,41,1787747497.4239357
836.4559936523438,585.2123880386353,806.2850189208984,559.3617725372314,784.1195678710938,525.8654451370239,769.9638366699219,495.8873176574707,761.6831970214844,470.2129125595093,805.7061004638672,485.7646608352661,795.5546569824219,446.7280912399292,790.8618927001953,423.05809020996094,789.0408325195312,402.8901529312134,827.7653503417969,483.07112216949463,825.5011749267578,440.3040075302124,824.2376708984375,413.6761522293091,823.4965515136719,392.5615882873535,848.8236236572266,488.55299949645996,851.1740112304688,449.8097562789917,850.9325408935547,426.20086669921875,850.0732421875,407.71568298339844,868.8996887207031,501.03501319885254,878.1803131103516,474.19944763183594,882.6522827148438,455.8769130706787,886.0053253173828,439.9151945114136,42,1787747497.4845505
838.4024810791016,585.6476783752441,808.6106109619141,559.7247934341431,786.6843414306641,526.376953125,772.5078582763672,496.7685842514038,764.9307250976562,470.9543180465698,808.0584716796875,487.26073265075684,798.9266967773438,447.4065828323364,794.4131469726562,423.3690547943115,792.7021789550781,402.9270601272583,829.5134735107422,484.69006061553955,827.5311279296875,441.1674213409424,826.8881988525391,414.2844343185425,826.8677520751953,392.9480838775635,849.8992156982422,490.0601005554199,851.8730926513672,450.640811920166,852.0431518554688,426.97986602783203,851.8822479248047,408.06334018707275,869.6099853515625,501.9329309463501,878.118896484375,474.30089950561523,883.1449127197266,456.06822967529297,887.1526336669922,440.1075839996338,43,1787747497.5278573
838.7184143066406,585.3248262405396,808.8249206542969,559.5490550994873,786.7219543457031,526.3833904266357,772.7623748779297,496.5195894241333,765.1398468017578,470.39036750793457,808.5652160644531,486.78518772125244,799.007568359375,447.0811986923218,794.5076751708984,423.10808658599854,792.8179931640625,402.68102645874023,830.1072692871094,484.3139934539795,827.8001403808594,441.3229036331177,827.0053863525391,414.79886054992676,826.8647766113281,393.54816913604736,850.3007507324219,489.71330165863037,852.3094940185547,450.9571838378906,852.3670196533203,427.2582149505615,852.1562957763672,408.11646938323975,869.6204376220703,501.64127826690674,877.6343536376953,474.2451524734497,882.4178314208984,456.1932420730591,886.2589263916016,440.35945415496826,44,1787747497.5678608
842.4874114990234,587.7778244018555,812.2882080078125,561.8367004394531,789.644775390625,528.3653497695923,774.8651885986328,498.2208824157715,767.9308319091797,472.0323085784912,811.0189819335938,488.5760021209717,801.9635009765625,448.5205364227295,797.4401092529297,424.7050094604492,795.4656219482422,404.5378017425537,833.33740234375,486.2025260925293,831.263427734375,442.93952465057373,830.2187347412109,416.3859558105469,829.4242858886719,395.08947372436523,854.3881225585938,491.99450969696045,857.6773834228516,452.99149990081787,858.1403350830078,429.4916582107544,857.5461578369141,410.57976722717285,874.4561004638672,504.39159393310547,884.0190124511719,477.2350215911865,889.1024017333984,459.38125133514404,893.0542755126953,443.7288236618042,45,1787747497.6198382
842.2502899169922,587.1564960479736,812.1146392822266,560.6740379333496,789.9313354492188,527.135181427002,776.1227416992188,497.41051197052,768.6784362792969,471.60487174987793,811.6506958007812,488.2676124572754,802.4411010742188,448.4501552581787,797.8665161132812,424.5959186553955,796.0518646240234,404.25520420074463,833.5249328613281,485.9896230697632,830.6247711181641,442.9825258255005,829.4202423095703,416.2652349472046,829.1960906982422,394.54217433929443,854.1896057128906,491.719765663147,856.4944458007812,452.7450370788574,856.8058013916016,429.18120861053467,856.6267395019531,409.9442768096924,874.1627502441406,504.0751791000366,882.6875305175781,476.84045791625977,887.1051025390625,458.65503787994385,890.2815246582031,442.49608039855957,46,1787747497.6701708
845.0054931640625,589.5414304733276,814.2786407470703,563.1041193008423,792.4758911132812,530.0581884384155,778.6217498779297,500.2920198440552,771.9342041015625,474.3274211883545,815.3232574462891,490.8365249633789,806.4906311035156,451.1465263366699,801.9546508789062,427.3477363586426,799.6964263916016,407.477331161499,837.6270294189453,488.7353038787842,836.7105102539062,445.1445150375366,835.7143402099609,418.70166778564453,834.6788787841797,397.82575607299805,858.6577606201172,494.50389862060547,861.3829040527344,454.6115970611572,861.2352752685547,430.8349943161011,860.2594757080078,411.9703531265259,878.6583709716797,507.0353937149048,888.4803771972656,479.4858455657959,893.4469604492188,461.29008293151855,896.9995880126953,445.66134452819824,47,1787747497.724896
844.90478515625,589.093222618103,814.6128845214844,562.2768402099609,793.0845642089844,529.1360235214233,780.189208984375,499.9028205871582,772.491455078125,474.2602586746216,816.5247344970703,490.2727460861206,807.1231079101562,450.9553813934326,802.7137756347656,427.272891998291,800.9877014160156,407.2243881225586,838.1684875488281,488.3767032623291,836.2439727783203,445.05005836486816,835.1872253417969,418.3389472961426,834.69482421875,396.915864944458,858.5376739501953,494.36789989471436,860.6629943847656,454.9563789367676,860.4959869384766,431.34663105010986,859.7355651855469,412.38804817199707,878.3441162109375,507.2233200073242,887.5727081298828,479.9693727493286,892.2580718994141,461.9309377670288,895.2878570556641,446.25739574432373,48,1787747497.7784832
854.5634460449219,595.3079223632812,823.9511108398438,569.1086196899414,801.1460113525391,534.5598363876343,785.5931854248047,504.2386865615845,777.2214508056641,477.73717403411865,824.9038696289062,494.92807388305664,815.482177734375,454.4802761077881,810.7933044433594,430.5658292770386,808.5939788818359,410.5143642425537,847.4794006347656,493.19459438323975,845.9976959228516,449.5245409011841,845.469970703125,423.08984756469727,845.1414489746094,402.0890951156616,868.3419036865234,499.61103916168213,871.7839813232422,460.5621099472046,872.9645538330078,437.5990962982178,873.348388671875,419.20055866241455,888.0278778076172,512.2826528549194,896.8994903564453,484.5481824874878,902.3390197753906,466.8366765975952,906.9679260253906,451.4367628097534,49,1787747497.8209603
856.9984436035156,595.371823310852,825.7359313964844,569.8938417434692,803.0947113037109,535.1430988311768,788.8685607910156,504.7071933746338,781.3592529296875,478.7621212005615,826.9641876220703,495.5394458770752,818.4990692138672,454.7803831100464,814.4429779052734,430.6022644042969,812.5386047363281,410.4143285751343,849.8239135742188,493.6198425292969,849.5240783691406,449.79838371276855,848.9581298828125,423.29253673553467,848.3296966552734,402.0636463165283,870.9922790527344,499.6751117706299,874.9833679199219,460.65497875213623,875.5821990966797,437.53764152526855,875.3457641601562,418.91851902008057,890.6739807128906,512.242226600647,900.7638549804688,485.4412508010864,906.5476989746094,468.091778755188,911.3697814941406,452.9285430908203,50,1787747497.8667927
856.9841766357422,595.6744623184204,826.3343811035156,569.6780204772949,803.4563446044922,535.3970289230347,789.8345947265625,505.0042533874512,781.7900085449219,478.97154808044434,827.7141571044922,495.59210300445557,818.8803863525391,455.1468801498413,814.7919464111328,431.1157035827637,813.3022308349609,410.7479953765869,849.9671173095703,493.6476945877075,848.4577941894531,450.43859481811523,847.9150390625,423.6427688598633,848.1058502197266,401.9832229614258,870.5288696289062,499.6703052520752,873.7615966796875,461.2504720687866,874.4526672363281,438.0199670791626,874.6575927734375,419.2512845993042,890.0204467773438,512.2166061401367,899.6546173095703,485.79856395721436,905.0254058837891,468.2177782058716,909.2317962646484,452.76851177215576,51,1787747497.895391
860.0802612304688,597.1915626525879,829.2969512939453,571.0637140274048,807.1722412109375,537.0193147659302,793.0593109130859,506.78794384002686,785.240478515625,481.06513023376465,830.8567047119141,498.5168695449829,821.2055969238281,457.98272609710693,815.970458984375,433.3976411819458,813.2872009277344,412.5261926651001,853.5394287109375,496.3843631744385,852.4578094482422,452.3129653930664,851.3430023193359,424.8498487472534,850.5083465576172,402.7666425704956,874.8102569580078,502.28668212890625,877.8656005859375,463.0327892303467,878.1992340087891,439.45072174072266,878.0177307128906,420.5844497680664,894.8743438720703,514.6778011322021,904.78515625,487.3339891433716,910.9738159179688,469.47558403015137,916.4254760742188,454.0243434906006,52,1787747497.938623
860.2339172363281,596.1126279830933,829.7528839111328,569.9655961990356,807.2522735595703,536.0738897323608,793.5889434814453,505.66364765167236,784.7069549560547,479.84260082244873,831.0070037841797,497.41870880126953,821.4734649658203,457.19003677368164,816.7097473144531,433.02505016326904,814.7696685791016,412.17750549316406,853.5086822509766,495.68222522735596,851.5190124511719,451.9740629196167,850.7592010498047,424.6189212799072,850.9992980957031,402.445592880249,874.5549011230469,502.0322370529175,877.6442718505859,463.18153381347656,878.4331512451172,439.6613073348999,878.9103698730469,420.6781339645386,894.7723388671875,514.8530673980713,904.5686340332031,487.66937255859375,910.0020599365234,469.7769355773926,914.2775726318359,454.0760135650635,53,1787747497.97867
863.4021759033203,598.1678009033203,833.5124969482422,572.3058128356934,811.3988494873047,538.4017896652222,797.2310638427734,508.5492753982544,788.9558410644531,483.2169485092163,833.0599212646484,498.59081268310547,825.5077362060547,457.54486083984375,822.2093200683594,433.31026554107666,820.9982299804688,412.95092582702637,856.0092163085938,496.588339805603,856.2491607666016,452.58487701416016,856.1492156982422,425.8505916595459,855.8212280273438,404.90138053894043,877.3558044433594,502.70012855529785,882.0185852050781,463.71325492858887,882.9988861083984,440.2870988845825,882.9194641113281,421.97842597961426,897.3567199707031,515.581169128418,907.4922180175781,488.0072021484375,913.0497741699219,470.08845806121826,917.2969055175781,454.90187644958496,54,1787747498.0242474
863.6449432373047,598.2856893539429,833.7303161621094,571.5404605865479,811.1833953857422,536.9812917709351,797.0078277587891,507.3035717010498,787.5114440917969,482.0869016647339,833.8491058349609,497.82297134399414,826.2213134765625,457.36727714538574,822.9019165039062,433.411545753479,821.9307708740234,413.09001445770264,856.1815643310547,496.03245735168457,855.4629516601562,452.6582622528076,855.4187774658203,425.8168601989746,855.8957672119141,404.37828540802,876.9595336914062,502.28410720825195,880.4021453857422,463.52477073669434,881.4945220947266,439.99900817871094,882.0619964599609,421.07617378234863,896.7995452880859,515.2648830413818,906.0935974121094,488.4548091888428,911.1611175537109,470.56958198547363,915.0289154052734,454.92766857147217,55,1787747498.0896425
867.9452514648438,601.1378860473633,837.7948760986328,574.5392560958862,815.6060028076172,540.5725765228271,800.5033874511719,510.82202911376953,792.7911376953125,485.03565788269043,838.8496398925781,501.4315938949585,831.5496826171875,460.4769229888916,827.7974700927734,435.6973457336426,826.2529754638672,415.20522594451904,861.4203643798828,499.7770357131958,860.6796264648438,456.251220703125,860.3559875488281,429.75245475769043,859.9393463134766,408.54716777801514,882.587890625,505.8008050918579,886.3823699951172,466.6228723526001,887.9599761962891,442.88025856018066,888.4813690185547,423.6148738861084,902.5251770019531,518.4324645996094,912.3766326904297,491.5696048736572,918.3294677734375,473.98040771484375,923.4941101074219,458.6820316314697,56,1787747498.1461794
868.1910705566406,601.7646217346191,837.4477386474609,575.1930284500122,815.9056091308594,540.8743143081665,802.8819274902344,511.2679624557495,796.0560607910156,485.47176361083984,840.181884765625,501.90855503082275,832.3796844482422,461.72987937927246,828.4700775146484,437.8424263000488,826.8221282958984,417.4621868133545,862.5057220458984,500.2660131454468,861.4080047607422,456.7099857330322,860.9700012207031,429.79103565216064,860.6719970703125,408.3866214752197,883.3921051025391,506.69666290283203,887.6397705078125,468.43141078948975,889.0606689453125,445.7167053222656,889.4091033935547,427.65183448791504,903.1040191650391,519.846568107605,913.8267517089844,493.3458709716797,919.6791839599609,475.7563304901123,924.2761993408203,460.4290723800659,57,1787747498.1922188
868.1884002685547,602.4417400360107,837.5318145751953,575.3378677368164,816.0710144042969,540.113639831543,803.0274963378906,510.0307559967041,794.3346405029297,484.37909603118896,840.6700897216797,501.9962739944458,832.8729248046875,462.2507858276367,829.0046691894531,438.3776664733887,827.6677703857422,417.84529209136963,862.7309417724609,500.6988573074341,861.0942077636719,457.6035261154175,860.5177307128906,430.4528331756592,860.6552886962891,408.5157108306885,883.4270477294922,507.40944385528564,887.1273040771484,469.11458015441895,888.3845520019531,446.0520029067993,888.8930511474609,427.49176025390625,903.1485748291016,520.6790828704834,913.2720184326172,493.8832139968872,918.6318969726562,475.8349943161011,922.724609375,459.8993253707886,58,1787747498.2330747
869.168701171875,603.7382984161377,838.4587860107422,576.8075466156006,816.7305755615234,541.8336009979248,803.7373352050781,511.7101192474365,796.1192321777344,486.18857860565186,841.0341644287109,503.3349323272705,833.9553833007812,462.96772956848145,830.8029937744141,438.8866424560547,830.0946044921875,418.37903022766113,863.04931640625,501.84473991394043,862.1458435058594,459.0350532531738,862.2280883789062,432.33248233795166,862.9718017578125,410.829062461853,883.6569976806641,508.08445930480957,887.7978515625,470.0327968597412,889.7109222412109,446.82692527770996,890.9471893310547,428.2614040374756,903.1380462646484,520.7295083999634,913.9658355712891,494.87618923187256,919.5069122314453,477.21978664398193,923.9682006835938,461.7005252838135,59,1787747498.283192
869.4820404052734,603.5099029541016,838.8758850097656,576.5731859207153,817.1942901611328,541.6639137268066,804.2145538330078,511.54862880706787,795.8040618896484,486.24754428863525,841.3723754882812,503.66997241973877,834.1306304931641,463.67222785949707,830.955810546875,439.75932598114014,830.2597808837891,419.2270803451538,863.3871459960938,501.98129653930664,862.3928070068359,459.34704780578613,862.2225952148438,432.6134920120239,862.8504180908203,410.7834005355835,883.914794921875,507.9727077484131,887.9605102539062,470.1430892944336,889.5926666259766,446.8716859817505,890.7272338867188,428.0445957183838,903.1885528564453,520.3614234924316,913.5050964355469,494.5538520812988,919.0042877197266,476.9849967956543,923.5797119140625,461.5302801132202,60,1787747498.3095274
870.3499603271484,604.6220111846924,840.2450561523438,577.5030326843262,818.7229156494141,543.151445388794,805.7376861572266,513.150486946106,798.2292938232422,487.48762607574463,842.2132873535156,504.4378137588501,835.3679656982422,464.1936492919922,833.0040740966797,440.32052993774414,833.1334686279297,420.1256847381592,863.9544677734375,502.928524017334,862.3666381835938,460.25084495544434,862.1501159667969,433.65208625793457,862.5070953369141,412.1817970275879,884.4564819335938,509.1056299209595,888.2654571533203,470.84681510925293,889.7675323486328,447.6079845428467,890.4339599609375,429.15236949920654,904.1262817382812,521.815824508667,914.9408721923828,495.6476354598999,920.6346130371094,478.0184841156006,924.9664306640625,462.6610994338989,61,1787747498.3629448
870.2139282226562,604.4405221939087,840.2957916259766,577.6268863677979,819.0290069580078,543.5520601272583,805.9767150878906,513.584189414978,797.6960754394531,488.01801681518555,842.0287322998047,504.5469045639038,835.1136779785156,464.7342109680176,832.6942443847656,441.05931758880615,832.8987121582031,420.8341312408447,863.8778686523438,503.04890155792236,862.2955322265625,460.570650100708,862.0693206787109,433.77121925354004,862.5554656982422,411.9492816925049,884.3876647949219,509.334454536438,888.2016754150391,471.4640235900879,889.7325134277344,447.99705505371094,890.5382537841797,428.997745513916,903.9729309082031,521.9873142242432,914.6589660644531,495.6914949417114,920.2772521972656,477.9071617126465,924.603271484375,462.1486473083496,62,1787747498.4269202
871.8521118164062,605.7514572143555,841.4044189453125,578.9203977584839,819.6182250976562,544.5918560028076,806.2856292724609,514.4233131408691,798.6650085449219,488.3815097808838,844.3855285644531,506.1087226867676,837.9706573486328,465.60234546661377,835.1912689208984,441.39564514160156,834.6659088134766,420.8506107330322,865.8615112304688,504.5806360244751,864.6419525146484,461.9292211532593,864.6712493896484,435.1136112213135,865.0424194335938,413.58362674713135,885.9353637695312,510.824990272522,889.8030090332031,473.008975982666,891.6888427734375,449.6562910079956,892.62939453125,430.92249870300293,905.0550079345703,523.3846807479858,915.794677734375,497.1364974975586,921.7118072509766,479.55180644989014,926.3953399658203,464.16043281555176,63,1787747498.472123
871.4919281005859,605.8664703369141,841.4765167236328,578.9435720443726,819.9198150634766,543.9390277862549,806.7700958251953,513.6928939819336,798.5504150390625,488.19684505462646,844.7890472412109,505.59176445007324,838.2044219970703,465.76332092285156,835.4237365722656,442.0073175430298,835.0011444091797,421.8518257141113,865.9865570068359,504.2021656036377,864.9623107910156,461.79051876068115,864.8882293701172,435.2082824707031,865.3815460205078,413.97522926330566,885.9086608886719,510.51419734954834,890.0356292724609,472.5059223175049,891.6510772705078,449.03809547424316,892.6136779785156,430.38103580474854,904.8806762695312,523.2892370223999,915.7096099853516,497.2491931915283,921.5459442138672,479.5667839050293,926.3397979736328,464.0570068359375,64,1787747498.528049
871.6481018066406,605.9504556655884,841.7198181152344,579.0707302093506,819.9951934814453,544.1127490997314,806.6621398925781,513.8338279724121,798.4788513183594,488.3375644683838,844.8401641845703,505.5897045135498,838.2067108154297,465.68942070007324,835.286865234375,441.83488368988037,834.8268890380859,421.58326148986816,866.112060546875,504.20860290527344,864.8802947998047,461.7464017868042,864.7189331054688,434.93667125701904,865.2590942382812,413.40102195739746,886.0755920410156,510.5476713180542,890.2486419677734,472.59007930755615,891.7556762695312,449.0994644165039,892.6344299316406,430.3384208679199,905.0367736816406,523.3428812026978,915.7112121582031,497.25202560424805,921.4442443847656,479.5666551589966,926.1766815185547,463.93409729003906,65,1787747498.574289
870.9434509277344,606.9348049163818,841.3513946533203,579.5055913925171,820.1237487792969,544.378867149353,806.5389251708984,514.0615797042847,797.8993988037109,488.5304260253906,844.4517517089844,506.46496295928955,837.6419830322266,466.04759216308594,835.0285339355469,442.0582580566406,835.0145721435547,421.6580629348755,865.5210876464844,505.12596130371094,864.12109375,462.1677017211914,864.0579986572266,435.0640869140625,864.6180725097656,413.29437732696533,885.5550384521484,511.5276002883911,889.8603820800781,473.2976245880127,891.6221618652344,449.8954153060913,892.5393676757812,431.28998279571533,904.6733093261719,524.3885135650635,915.7479858398438,497.81481742858887,921.4597320556641,479.76784229278564,925.7757568359375,463.95237922668457,66,1787747498.6376178
870.9260559082031,607.0685291290283,841.3581848144531,579.7923517227173,820.1554870605469,544.7635173797607,806.6448211669922,514.438591003418,798.0373382568359,488.9384651184082,844.5334625244141,506.57057762145996,837.7233123779297,466.1521339416504,835.1187133789062,442.1969175338745,835.1698303222656,421.79903984069824,865.6118774414062,505.2386140823364,864.1504669189453,462.30292797088623,864.02099609375,435.23231506347656,864.6627807617188,413.36235523223877,885.6193542480469,511.5588426589966,889.9098205566406,473.4545660018921,891.6249084472656,450.0901222229004,892.5750732421875,431.44203186035156,904.7431945800781,524.3191623687744,915.7289886474609,497.82936573028564,921.3872528076172,479.8601531982422,925.6847381591797,464.03181552886963,67,1787747498.6767163
870.0244140625,607.4936485290527,839.9018859863281,579.8668098449707,818.8751220703125,543.8179636001587,805.6733703613281,513.5695552825928,796.6422271728516,488.6269426345825,843.0382537841797,506.6936159133911,835.9019470214844,466.04784965515137,833.6167144775391,442.24515438079834,834.0158081054688,422.25900650024414,864.4779968261719,505.3597640991211,862.8731536865234,462.10543155670166,862.7577209472656,435.02018451690674,863.5144805908203,413.56234073638916,884.8652648925781,511.55107498168945,889.0689849853516,473.1751871109009,890.5400848388672,449.56809997558594,891.3690185546875,430.89104175567627,904.3227386474609,524.0072107315063,915.1738739013672,497.47947692871094,920.8647155761719,479.7123956680298,925.2745819091797,464.33106422424316,68,1787747498.72945
869.4623565673828,607.6378440856934,839.3255615234375,580.2188873291016,818.2900238037109,544.5078277587891,805.5081176757812,514.3874359130859,797.4459838867188,489.1373348236084,842.8794097900391,506.80734157562256,835.7081604003906,465.8588933944702,833.3987426757812,441.869215965271,833.7500762939453,421.7416191101074,864.2763519287109,505.52855014801025,862.6380157470703,462.02513694763184,862.5646209716797,434.97040271759033,863.3203125,413.41986179351807,884.6268463134766,511.8221712112427,888.8664245605469,473.09128761291504,890.4222869873047,449.7352123260498,891.2596893310547,431.25157356262207,904.161376953125,524.4419431686401,915.2525329589844,497.5379276275635,920.8950805664062,479.4590663909912,925.0426483154297,463.78724098205566,69,1787747498.783661
869.4823455810547,607.7306270599365,839.3679809570312,580.3499507904053,818.1529998779297,544.7678089141846,805.4706573486328,514.6521806716919,797.6203155517578,489.3065929412842,842.7794647216797,506.69498920440674,835.6139373779297,465.76889991760254,833.2741546630859,441.7978048324585,833.6125946044922,421.671667098999,864.2031097412109,505.41362285614014,862.4901580810547,462.0417022705078,862.408447265625,435.0896215438843,863.20068359375,413.5504102706909,884.5774078369141,511.7031669616699,888.8618469238281,473.12986850738525,890.4969787597656,449.83850955963135,891.4103698730469,431.3671016693115,904.1525268554688,524.340877532959,915.238037109375,497.4185371398926,920.9423065185547,479.4126319885254,925.1426696777344,463.7824773788452,70,1787747498.8352036
868.4640502929688,607.1012306213379,838.5356903076172,579.6488428115845,817.6676940917969,544.5328903198242,805.1552581787109,514.4313383102417,797.2549438476562,488.9801359176636,841.7442321777344,506.71631813049316,835.1106262207031,466.0302543640137,832.6313781738281,442.1673059463501,832.7398681640625,421.8994617462158,863.4284210205078,505.4505729675293,862.6477813720703,461.9902467727661,862.7993774414062,434.78912830352783,863.7499237060547,412.8265142440796,883.7828826904297,511.9012212753296,888.2036590576172,473.1799507141113,889.7911834716797,449.6407985687256,890.8364868164062,430.65324783325195,903.1377410888672,524.7236824035645,913.9832305908203,497.6721668243408,919.6109008789062,479.4261074066162,923.8518524169922,463.4759330749512,71,1787747498.9009967
868.1675720214844,606.616415977478,838.4340667724609,579.6860933303833,817.5698852539062,544.7183704376221,805.1200103759766,514.7545337677002,797.4305725097656,489.40958976745605,841.9551849365234,506.54263973236084,835.33203125,465.9783697128296,832.85888671875,442.0715618133545,832.9073333740234,421.758828163147,863.4375762939453,505.216383934021,862.7604675292969,461.9832944869995,862.8585052490234,434.850754737854,863.7210083007812,412.8351402282715,883.6671447753906,511.42898082733154,888.0473327636719,472.98455715179443,889.6292114257812,449.55737113952637,890.7177734375,430.6371545791626,902.9048919677734,524.034161567688,913.6953735351562,497.2672176361084,919.5698547363281,479.3255567550659,924.2198181152344,463.66639137268066,72,1787747498.9440978
868.9031219482422,606.0886859893799,837.987060546875,579.2329931259155,816.4993286132812,544.0579891204834,804.158935546875,513.8437843322754,797.8572082519531,488.15032482147217,839.9330902099609,507.630672454834,834.4851684570312,466.8056058883667,832.5633239746094,442.25794315338135,832.9985809326172,421.4623689651489,862.0927429199219,506.31317138671875,861.5390777587891,463.38242053985596,861.9425964355469,436.1256408691406,862.9134368896484,413.6752939224243,882.7641296386719,512.5392866134644,887.7268981933594,473.167462348938,889.8735046386719,448.84583473205566,891.3438415527344,428.747763633728,902.2932434082031,525.2190542221069,913.6899566650391,497.5343656539917,920.4277038574219,478.80688190460205,926.0121154785156,462.0768928527832,73,1787747498.9981189
868.9793395996094,607.1898937225342,837.686767578125,579.9072790145874,816.7211151123047,544.0340423583984,803.7648773193359,513.9620590209961,797.2963714599609,488.2897996902466,839.9797058105469,509.1660976409912,834.6868896484375,467.84308433532715,832.7336120605469,442.96836376190186,832.8865051269531,421.7866802215576,861.849365234375,507.83520698547363,861.8299865722656,464.3565559387207,862.1477508544922,436.7075729370117,862.5798034667969,413.71589183807373,882.4916076660156,513.908543586731,888.0021667480469,473.99757385253906,890.1042175292969,448.734769821167,891.1308288574219,427.6467275619507,901.7713928222656,526.2569618225098,913.3551025390625,497.93553829193115,919.9848937988281,478.812460899353,925.1510620117188,461.75361156463623,74,1787747499.0615664
868.9842224121094,607.8525924682617,837.7536010742188,580.3278923034668,816.7428588867188,544.3150091171265,803.7798309326172,514.4395780563354,797.3641204833984,488.897008895874,839.9129486083984,509.4235038757324,834.5899963378906,467.87939071655273,832.4992370605469,442.9659175872803,832.3283386230469,421.80071353912354,861.8460083007812,508.2435464859009,861.7477416992188,464.66503143310547,862.1275329589844,437.026047706604,862.5288391113281,414.1086530685425,882.5397491455078,514.3124198913574,887.9655456542969,474.6777820587158,890.1976776123047,449.2407417297363,891.3294219970703,427.93996810913086,901.9268798828125,526.5185737609863,913.3583068847656,497.9296588897705,919.9645233154297,478.67560386657715,924.9867248535156,461.4232921600342,75,1787747499.1123722
868.8253021240234,606.6559410095215,838.2387542724609,580.391321182251,817.0849609375,545.3175973892212,804.3569946289062,515.3191709518433,798.5218811035156,489.780592918396,838.3395385742188,510.0062942504883,832.9431915283203,468.3533477783203,830.9487152099609,443.4452819824219,830.9024047851562,422.5135374069214,860.2458190917969,508.213849067688,859.5939636230469,464.0708255767822,859.4996643066406,436.53127670288086,859.5030975341797,413.9406394958496,881.3164520263672,513.8885021209717,885.8384704589844,473.3148765563965,887.1388244628906,448.08318614959717,887.4468231201172,427.3476505279541,901.5065002441406,526.2026309967041,912.6040649414062,497.88416862487793,918.2864379882812,478.2956314086914,922.2728729248047,461.1034870147705,76,1787747499.1676955
869.0228271484375,605.1854467391968,838.4556579589844,579.6510744094849,817.1049499511719,545.1816844940186,804.1729736328125,515.2855253219604,798.5486602783203,489.7012424468994,838.5177612304688,509.4019603729248,833.5420989990234,467.8488779067993,831.2667846679688,443.00042152404785,830.8573150634766,422.13523864746094,860.2834320068359,507.7288627624512,859.9427032470703,463.82174491882324,860.0064849853516,436.4983606338501,860.0221252441406,414.14045333862305,881.2858581542969,513.5746192932129,885.5823516845703,472.4633502960205,887.0289611816406,447.60528087615967,887.3683166503906,427.1614408493042,901.4616394042969,526.0968017578125,912.7383422851562,498.29607009887695,918.4700012207031,479.10643100738525,922.6180267333984,462.19430923461914,77,1787747499.2112396
869.0623474121094,604.6074199676514,838.0046844482422,579.3079233169556,816.8873596191406,544.5793676376343,804.7972106933594,514.6227407455444,798.5165405273438,489.1396951675415,839.1400909423828,510.7150411605835,832.70263671875,469.73071575164795,829.9362182617188,445.0693702697754,829.1024780273438,424.18161392211914,861.0113525390625,508.584680557251,859.3984222412109,465.28326988220215,858.2923889160156,438.22587490081787,857.3638153076172,415.3432846069336,881.7338562011719,514.1916990280151,885.3297424316406,473.2228660583496,885.7024383544922,448.208327293396,884.9423217773438,427.0028257369995,901.5795135498047,526.4956140518188,912.2666931152344,498.58652114868164,917.7777862548828,479.22492027282715,921.5708160400391,461.815881729126,78,1787747499.2702436
868.9048004150391,603.8532257080078,837.9787445068359,578.8138389587402,816.9172668457031,544.3707132339478,804.7781372070312,514.6667289733887,798.6262512207031,489.4334936141968,839.105224609375,510.2034902572632,832.672119140625,469.52244758605957,829.6707153320312,445.1558446884155,828.2370758056641,424.3951606750488,860.9983062744141,508.3519506454468,859.4721221923828,465.5029106140137,858.1949615478516,438.77772331237793,856.6471099853516,416.02057456970215,881.6717529296875,514.0866851806641,885.4756927490234,474.00461196899414,885.9302520751953,448.9551830291748,885.0396728515625,427.40837574005127,901.4371490478516,526.3377285003662,912.1668243408203,498.5379409790039,917.6975250244141,479.2730712890625,921.3536071777344,461.865234375,79,1787747499.3127115
865.5399322509766,606.4906311035156,836.890869140625,582.0989656448364,818.2002258300781,546.6385316848755,805.0453948974609,517.988805770874,795.2230072021484,493.39367866516113,843.9723205566406,508.1481456756592,838.7934112548828,469.5439052581787,835.4863739013672,446.17027759552,834.0077972412109,427.04827308654785,862.8273010253906,507.3562717437744,860.7600402832031,465.0684356689453,858.519287109375,438.55937004089355,856.5345764160156,417.1148729324341,881.6616058349609,513.9694833755493,884.5148468017578,473.55035305023193,883.2740783691406,448.115930557251,880.5246734619141,427.13191509246826,900.8216857910156,527.5284576416016,914.0339660644531,499.06755924224854,919.2427062988281,478.9649820327759,921.2940216064453,461.1088514328003,80,1787747499.3624516
865.2976989746094,606.2908601760864,838.7489318847656,580.4247093200684,822.1440887451172,545.926308631897,810.7752990722656,518.6539077758789,801.4213562011719,495.05523204803467,851.88720703125,506.48818016052246,849.1974639892578,470.02631664276123,846.1161041259766,447.6929569244385,844.5858001708984,428.609619140625,867.9354858398438,506.8755340576172,866.7519378662109,466.54738426208496,863.3334350585938,441.3872766494751,859.3398284912109,419.7505187988281,883.6973571777344,513.960428237915,888.0799102783203,474.65709686279297,884.1280364990234,450.1525640487671,877.7908325195312,429.1548156738281,899.781494140625,527.8030729293823,915.3789520263672,500.08842945098877,918.8666534423828,479.1849660873413,917.6535797119141,460.2698564529419,81,1787747499.4043062
864.2308807373047,605.0202226638794,839.0464782714844,580.0775241851807,822.3033142089844,545.9391832351685,810.8498382568359,518.5001850128174,801.2124633789062,495.94285011291504,851.8265533447266,507.2289848327637,849.1748046875,470.028076171875,845.9372711181641,447.54631519317627,843.9994812011719,428.3198547363281,867.7288055419922,507.61616706848145,866.1498260498047,466.4436149597168,863.2682037353516,440.44507026672363,860.1395416259766,418.3814764022827,883.690185546875,514.948468208313,886.6831207275391,475.05372047424316,883.2698822021484,450.4058074951172,877.633056640625,430.07410526275635,900.6244659423828,528.9144515991211,915.0539398193359,500.5596399307251,918.3587646484375,479.87693309783936,917.1104431152344,461.64087295532227,82,1787747499.448702
869.5365142822266,606.8072175979614,843.6971282958984,578.4540367126465,830.8098602294922,541.2481069564819,825.1005554199219,514.48974609375,819.0078735351562,493.9501190185547,861.7168426513672,508.23723793029785,862.6930999755859,470.2607202529907,860.5049896240234,445.63701152801514,856.9721221923828,424.730544090271,874.5749664306641,511.9685125350952,878.2671356201172,473.6019802093506,871.0085296630859,447.30079650878906,860.9952545166016,426.21588706970215,886.0089111328125,520.6493425369263,892.7991485595703,485.05059242248535,884.9005126953125,462.469482421875,873.4120941162109,446.25688076019287,895.7923889160156,534.4525051116943,906.4829254150391,505.46422004699707,904.0898895263672,486.5558910369873,896.6402435302734,472.55948066711426,83,1787747499.5167298
869.6794891357422,604.9664497375488,844.5232391357422,576.6402626037598,832.5839233398438,540.2511835098267,826.7047119140625,514.2380905151367,819.3923187255859,494.47484493255615,863.0921936035156,508.8027334213257,862.8799438476562,471.36497497558594,859.749755859375,446.77233695983887,855.8896636962891,426.1167526245117,874.8336029052734,511.93302154541016,876.7313385009766,472.92001247406006,870.0099182128906,445.65932750701904,860.9798431396484,423.03165435791016,885.4737854003906,520.1095104217529,890.3501892089844,484.08963203430176,883.0362701416016,461.2118911743164,871.9855499267578,444.0631341934204,895.2220916748047,533.4906435012817,903.9022827148438,506.49285793304443,900.1125335693359,489.5046901702881,891.1785125732422,476.7547130584717,84,1787747499.5630603
892.0924377441406,602.123007774353,865.3828430175781,569.0997791290283,862.7368927001953,535.181679725647,858.57666015625,510.36935806274414,850.4430389404297,490.35711765289307,901.0980224609375,513.8484191894531,888.0986022949219,471.9050645828247,879.0823364257812,445.1335287094116,871.9120025634766,423.2859706878662,902.8404235839844,517.2221231460571,882.3988342285156,470.04000663757324,869.7217559814453,442.39338397979736,858.9328765869141,419.07734870910645,898.6701965332031,522.573709487915,877.7484893798828,478.038010597229,864.3795776367188,453.0977153778076,853.3918762207031,432.7254581451416,889.1143035888672,528.8373327255249,880.0652313232422,497.31433868408203,871.8712615966797,478.4422302246094,863.1426239013672,462.6563358306885,85,1787747499.6212552
901.7107391357422,604.4243001937866,899.8119354248047,570.9948348999023,898.7520599365234,535.6771802902222,897.3446655273438,510.3239965438843,896.8655395507812,492.7526092529297,907.1892547607422,517.1834564208984,895.2245330810547,470.239520072937,887.4224090576172,441.9557762145996,881.3237762451172,419.3370723724365,904.1947937011719,520.5632543563843,886.4373016357422,470.6673860549927,873.1463623046875,441.3479232788086,862.2130584716797,418.1224822998047,895.2414703369141,527.1058702468872,875.2153778076172,481.68160915374756,859.0034484863281,456.48193359375,846.2718200683594,437.3958492279053,881.0797119140625,535.7873439788818,867.9555511474609,502.98062324523926,857.9290771484375,483.2113265991211,848.14453125,466.6401672363281,86,1787747499.6632137
899.1156005859375,606.284294128418,894.2489624023438,573.6173915863037,894.0508270263672,539.2108297348022,893.2720184326172,515.8202505111694,892.9090118408203,498.5520601272583,906.3107299804688,517.973484992981,894.8163604736328,471.11546516418457,886.8779754638672,443.1636714935303,880.8084869384766,421.06342792510986,903.5073852539062,521.1738967895508,885.7459259033203,470.7008171081543,872.8137969970703,441.9314432144165,862.2696685791016,418.89452934265137,894.7547149658203,527.201828956604,874.8985290527344,480.3137254714966,858.7419128417969,455.6640100479126,846.2240600585938,436.81735038757324,880.9233856201172,535.2684116363525,867.4816131591797,502.1051502227783,857.4018096923828,482.49738693237305,848.0078887939453,465.9181594848633,87,1787747499.7117388
901.7214965820312,604.9646472930908,902.3203277587891,570.1964378356934,901.5087127685547,535.912356376648,896.6397857666016,514.1853475570679,890.2650451660156,498.33001613616943,911.0086059570312,513.2363605499268,900.9860229492188,466.7336368560791,895.4206085205078,439.9810266494751,891.2860107421875,418.470139503479,905.8440399169922,517.7489948272705,887.9380035400391,467.21373081207275,875.6138610839844,438.5317325592041,865.758056640625,415.66678047180176,894.9276733398438,525.3594303131104,873.9736175537109,479.345383644104,856.2774658203125,455.85721492767334,843.4690856933594,438.7272548675537,878.6157989501953,534.9770164489746,862.3712158203125,498.1879234313965,850.8143615722656,478.8486385345459,840.7776641845703,463.2274103164673,88,1787747499.781975
901.5207672119141,607.681360244751,900.8853912353516,571.9070434570312,900.6470489501953,538.4926843643188,896.7795562744141,517.580680847168,891.7026519775391,502.1717119216919,910.4544830322266,514.1269397735596,900.7246398925781,467.61271476745605,895.3660583496094,440.9046936035156,891.5148162841797,418.90169620513916,905.6061553955078,518.9814805984497,886.8002319335938,467.8352737426758,874.4435882568359,438.61237049102783,864.8538208007812,415.3208827972412,895.0950622558594,526.8225860595703,873.5247039794922,479.7498607635498,855.7453918457031,456.08067512512207,842.8443908691406,438.82686138153076,879.3862152099609,536.5152740478516,862.3543548583984,499.3166399002075,850.8039855957031,479.3495035171509,841.0078430175781,462.8635311126709,89,1787747499.8261313
906.8544006347656,601.2877893447876,913.4992980957031,562.5936841964722,911.6301727294922,527.2410535812378,902.1472930908203,504.64393615722656,889.1132354736328,488.7812662124634,922.2217559814453,508.46168518066406,909.9027252197266,462.44609355926514,905.5348205566406,436.10066413879395,903.0580902099609,414.49995517730713,907.5009155273438,513.9435625076294,887.1863555908203,463.95984649658203,876.0752105712891,436.0901069641113,868.6441040039062,414.04895782470703,889.3953704833984,521.7890453338623,868.2120513916016,477.0312166213989,852.8147125244141,453.68565559387207,842.7607727050781,437.1030378341675,869.9570465087891,531.1307716369629,853.6273193359375,494.9929618835449,843.0071258544922,476.1001682281494,834.4367218017578,461.4215326309204,90,1787747499.8488388
908.3305358886719,603.2452440261841,916.3816070556641,567.194037437439,919.4290161132812,532.3784923553467,921.4999389648438,509.17802810668945,923.0304718017578,491.22847080230713,923.4559631347656,509.026837348938,913.1065368652344,463.0915403366089,908.7638092041016,435.41243076324463,905.6736755371094,413.2244682312012,908.0682373046875,514.7144508361816,887.8086853027344,465.3846788406372,876.4182281494141,437.220196723938,868.4516906738281,415.2831172943115,888.7728118896484,522.7262306213379,868.2308197021484,479.16316509246826,854.6364593505859,455.95476150512695,845.1069641113281,440.6375026702881,867.8173828125,532.550368309021,853.0310821533203,496.8866443634033,844.0914154052734,478.37047576904297,836.3468170166016,463.95705699920654,91,1787747499.9212904
909.5931243896484,603.9942455291748,918.6102294921875,567.2333908081055,920.9161376953125,531.5185976028442,920.4541778564453,508.59699726104736,917.2024536132812,491.6011047363281,924.3659210205078,509.3006372451782,913.2734680175781,462.6088285446167,908.4759521484375,435.00147342681885,905.0050354003906,412.80741691589355,908.0540466308594,514.7838878631592,887.6729583740234,465.0578784942627,875.8704376220703,437.23697662353516,867.4749755859375,415.72720527648926,888.2981872558594,522.6696681976318,868.3480834960938,478.7982988357544,854.7808837890625,455.26451110839844,845.1604461669922,439.5175838470459,867.6584625244141,532.1773052215576,853.1234741210938,496.5972661972046,843.7943267822266,477.91274070739746,835.5443572998047,463.5490608215332,92,1787747499.9652586
908.4400939941406,604.5075988769531,919.70947265625,569.1182327270508,924.8648071289062,533.9106130599976,926.6493988037109,509.7804307937622,927.1987915039062,490.83905696868896,925.8182525634766,509.9695158004761,914.0943908691406,463.692569732666,908.7863922119141,435.4292964935303,905.5873107910156,413.0581283569336,908.5421752929688,513.8340854644775,887.1568298339844,464.7298336029053,874.7913360595703,437.2431993484497,866.7751312255859,415.67527770996094,888.8143157958984,520.3266620635986,867.5359344482422,477.77124881744385,853.1002807617188,456.3679504394531,843.4881591796875,442.35939502716064,868.3512878417969,528.9901113510132,853.5884094238281,495.9734058380127,843.3104705810547,477.50869274139404,834.8784637451172,462.5351858139038,93,1787747500.0159
908.0614471435547,604.4611215591431,918.4319305419922,569.2165946960449,923.0377960205078,533.5689640045166,923.3809661865234,509.2755317687988,921.5020751953125,490.3102970123291,925.1898193359375,510.14134883880615,913.6370086669922,463.50730419158936,909.1477966308594,435.6449031829834,906.5191650390625,413.2547664642334,908.2103729248047,513.5850048065186,887.0420074462891,464.35368061065674,874.8917388916016,436.9672966003418,866.8192291259766,415.4958915710449,888.4783935546875,519.3938112258911,867.6590728759766,477.29716300964355,853.1363677978516,455.8508634567261,843.3851623535156,441.5865755081177,867.6419067382812,527.1822595596313,853.1206512451172,494.3881559371948,842.9123687744141,476.25693798065186,834.381103515625,461.64525032043457,94,1787747500.0758812
906.4033508300781,603.6671876907349,919.5939636230469,569.0553617477417,924.4835662841797,533.143458366394,925.0188446044922,507.5663423538208,921.4907836914062,488.4809446334839,923.7583160400391,508.9716911315918,912.4844360351562,462.8062391281128,908.1321716308594,434.94173526763916,905.1188659667969,412.717981338501,904.7824859619141,512.1087169647217,884.7779846191406,464.439640045166,872.9772186279297,437.091965675354,864.6662139892578,415.6031799316406,884.2726135253906,518.3697652816772,864.6743774414062,477.5291633605957,851.4759826660156,455.35059928894043,842.2938537597656,440.2932357788086,864.0151977539062,527.2060346603394,849.9908447265625,494.5244550704956,840.7893371582031,476.6826581954956,833.2938385009766,462.3527526855469,95,1787747500.1202025
906.3218688964844,603.7707424163818,919.8585510253906,569.7311925888062,925.5126190185547,534.605541229248,927.6702880859375,508.98465156555176,926.7776489257812,489.41439628601074,924.2491912841797,509.3729066848755,911.9970703125,464.0061950683594,906.9651031494141,435.6420707702637,903.4823608398438,412.68733978271484,905.0801086425781,512.4168920516968,885.1895904541016,465.44179916381836,873.1982421875,437.6773738861084,864.7587585449219,415.73471546173096,884.4755554199219,518.8375425338745,864.8220825195312,478.80293369293213,851.7347717285156,456.90417766571045,842.7821350097656,442.2291040420532,863.9646911621094,528.0192375183105,850.2268981933594,495.8664608001709,840.9693908691406,478.1859827041626,833.5749053955078,463.7877559661865,96,1787747500.1713753
906.4476776123047,604.2246580123901,916.8207550048828,564.684476852417,912.420654296875,526.9700860977173,898.0519104003906,501.9828414916992,881.1102294921875,486.6161012649536,920.6795501708984,510.3253698348999,909.4451141357422,464.20145988464355,902.7932739257812,436.14997386932373,897.2724914550781,414.14191246032715,902.6857757568359,514.8482608795166,882.8671264648438,467.5393295288086,868.9921569824219,439.632511138916,858.8075256347656,418.51490020751953,882.8288269042969,522.2036075592041,863.1771850585938,480.29540061950684,849.5986175537109,457.5309133529663,840.6690216064453,441.3812255859375,862.706298828125,532.151985168457,847.8433227539062,499.39131259918213,838.6720275878906,481.14302158355713,831.6297912597656,466.5394878387451,97,1787747500.2226884
909.0724182128906,607.4271297454834,913.9816284179688,568.3978986740112,904.9947357177734,529.3833875656128,888.2424926757812,503.806529045105,870.78857421875,488.0530786514282,915.4489135742188,512.1391439437866,899.2502593994141,467.29681491851807,888.4944152832031,441.2738513946533,879.3721008300781,420.3848934173584,901.3800811767578,519.9912786483765,878.9802551269531,473.89946937561035,862.1590423583984,447.9818630218506,848.1442260742188,427.8131103515625,884.3154907226562,532.407374382019,860.0530242919922,489.7460460662842,842.6177215576172,467.01117038726807,829.7738647460938,450.15084743499756,865.1527404785156,547.5397539138794,848.184814453125,512.7965641021729,837.3120880126953,490.8129644393921,828.5578918457031,472.1181392669678,98,1787747500.2736604
908.6275482177734,608.3272361755371,912.7140045166016,568.8058090209961,902.5096893310547,529.6558570861816,884.5086669921875,503.9766025543213,866.9637298583984,487.8355407714844,915.3913879394531,512.6426696777344,898.6634826660156,468.3135223388672,888.06884765625,442.18249797821045,879.1386413574219,421.5060567855835,901.2074279785156,521.251916885376,877.8746795654297,475.8412170410156,860.9585571289062,449.8146057128906,846.5400695800781,429.15168285369873,884.6065521240234,534.5629692077637,859.9407958984375,492.59575366973877,842.227783203125,470.85119247436523,828.5961151123047,454.43585872650146,866.3362884521484,550.4555940628052,850.0405120849609,516.6037130355835,839.6473693847656,494.8381233215332,831.0369110107422,475.78027725219727,99,1787747500.3228486
911.8506622314453,610.8835315704346,907.0259094238281,574.0207099914551,891.3463592529297,535.0737476348877,869.7469329833984,512.1400451660156,848.7052154541016,497.68465518951416,908.4703826904297,507.6903247833252,881.5257263183594,470.44504165649414,856.087646484375,455.67885875701904,835.8110046386719,450.0121879577637,899.3917083740234,518.2650089263916,867.9903411865234,481.3589286804199,843.4097290039062,468.3530902862549,823.4614562988281,460.78179359436035,886.4722442626953,534.7918367385864,857.3472595214844,498.44919204711914,836.0428619384766,484.63242530822754,819.1714477539062,475.0920009613037,871.1007690429688,554.7130537033081,852.3682403564453,524.7405910491943,838.9031982421875,508.4576940536499,827.4362945556641,494.8282527923584,100,1787747500.372737
911.14501953125,611.6052389144897,906.70166015625,575.8205366134644,890.5317687988281,536.8835735321045,868.2618713378906,513.5273694992065,845.9343719482422,500.0053024291992,908.4870147705078,507.98433780670166,880.8589935302734,470.34436225891113,854.9994659423828,457.1862602233887,835.1488494873047,453.58686447143555,899.4273376464844,518.3067655563354,866.7765045166016,480.84192752838135,842.6051330566406,469.85525608062744,823.5120391845703,464.599027633667,886.8465423583984,534.5676469802856,856.7715454101562,497.23902225494385,835.3753662109375,484.74387645721436,818.4330749511719,476.63639545440674,872.0099639892578,554.1305637359619,853.3461761474609,524.5173025131226,840.0386810302734,508.80281925201416,828.565673828125,495.6669044494629,101,1787747500.4331229
925.7778930664062,614.5436954498291,896.7311859130859,580.709753036499,869.2775726318359,546.8040561676025,843.1824493408203,528.597264289856,821.7707824707031,516.9138193130493,892.2731018066406,507.60157585144043,848.9105224609375,484.63186740875244,821.6950225830078,478.0858612060547,800.7059478759766,475.11311531066895,889.5259094238281,517.8525495529175,840.4550933837891,495.74994564056396,812.6459503173828,490.5902338027954,791.9166564941406,485.6572437286377,883.2425689697266,533.2605314254761,837.1637725830078,511.93280696868896,810.6658935546875,506.74060821533203,790.9944152832031,502.2529077529907,873.9244079589844,551.5372323989868,838.6754608154297,534.3978309631348,817.0964050292969,528.0933094024658,799.7093200683594,522.454104423523,102,1787747500.4750335
931.6998291015625,614.2994213104248,901.9805908203125,583.3841943740845,877.4262237548828,552.3469161987305,858.9224243164062,531.8181896209717,842.3183441162109,518.0794858932495,892.7079772949219,507.9685878753662,845.3287506103516,493.51577281951904,817.9792785644531,489.5497512817383,796.6066741943359,484.6913480758667,893.9669799804688,514.3947315216064,838.5265350341797,502.87736892700195,808.8327789306641,500.7749891281128,785.821533203125,497.1038818359375,889.7654724121094,527.6995182037354,836.00341796875,515.3723001480103,807.2996520996094,512.8891754150391,785.46875,508.5213375091553,880.8852386474609,545.2440404891968,837.8964996337891,533.6771965026855,814.4144439697266,530.1847457885742,795.1180267333984,525.5526781082153,103,1787747500.527288
930.4125213623047,612.6119041442871,901.9210815429688,581.5739393234253,877.6582336425781,550.3411817550659,858.7247467041016,530.3606986999512,841.4141845703125,517.3246908187866,892.3069763183594,508.2373237609863,845.7243347167969,494.5485734939575,818.4776306152344,490.15464305877686,796.6182708740234,485.22929191589355,893.3339691162109,515.192699432373,838.6571502685547,503.89450550079346,808.3905792236328,502.237286567688,784.3394470214844,498.8500213623047,889.19921875,528.9205026626587,836.1197662353516,516.3284969329834,807.279052734375,514.552960395813,785.2061462402344,510.97665309906006,880.5049896240234,546.86194896698,838.6665344238281,534.5586776733398,815.9074401855469,531.5913820266724,797.3550415039062,527.8601932525635,104,1787747500.5960426
927.8052520751953,607.8859806060791,884.0762329101562,580.5164623260498,862.2295379638672,551.1896181106567,845.2043151855469,531.1266088485718,830.6645965576172,516.9212865829468,891.5891265869141,508.0254936218262,843.0379486083984,496.2929964065552,813.7371826171875,494.1215229034424,790.3436279296875,492.38688468933105,894.434814453125,513.5079288482666,838.2631683349609,506.3111114501953,806.4785766601562,508.59407901763916,780.8098602294922,508.496618270874,892.5042724609375,525.4516983032227,837.5804138183594,518.8851356506348,806.6058349609375,520.970778465271,782.3624420166016,521.5815925598145,885.5698394775391,542.6521253585815,842.3178100585938,534.80797290802,818.0011749267578,535.7062768936157,798.3035278320312,537.0057535171509,105,1787747500.6561782
926.4002990722656,604.9868774414062,881.1434936523438,579.4994974136353,859.9987030029297,550.2806282043457,843.0489349365234,529.634485244751,828.8128662109375,515.1788377761841,891.21337890625,508.0267810821533,842.6759338378906,495.990571975708,813.2291412353516,493.95230770111084,789.6895599365234,492.5406503677368,894.1550445556641,513.3841609954834,838.1342315673828,506.1736536026001,806.3694763183594,508.8869333267212,780.7451629638672,508.95898818969727,892.2985076904297,525.2999496459961,836.7520141601562,518.3627271652222,804.5883178710938,520.9124994277954,779.6033477783203,522.0331907272339,884.9763488769531,542.5852203369141,841.6289520263672,535.0164556503296,816.5786743164062,536.0819149017334,796.5685272216797,537.6827001571655,106,1787747500.6968443
913.9005279541016,618.6181640625,872.0341491699219,593.2481575012207,849.3222045898438,564.2203903198242,835.2458190917969,542.6268911361694,823.0000305175781,528.6059331893921,877.1968841552734,518.6165714263916,840.4412078857422,507.31884956359863,815.2558898925781,502.9301118850708,794.1110229492188,499.45868968963623,891.2128448486328,520.7783031463623,847.9446411132812,517.2969245910645,820.1100921630859,518.1261348724365,796.2256622314453,518.4403610229492,903.1472015380859,530.9696674346924,860.3465270996094,529.9103021621704,832.7902984619141,530.0694751739502,809.4269561767578,531.0358428955078,911.734619140625,547.598762512207,882.2056579589844,544.1818857192993,861.3473510742188,543.4021139144897,842.9081726074219,544.4648265838623,107,1787747500.7462003
899.4547271728516,635.6259870529175,866.2361145019531,613.2075691223145,842.3256683349609,582.0936012268066,827.6860809326172,556.2192535400391,817.1473693847656,535.228328704834,860.7938385009766,546.8332815170288,842.2048950195312,522.2681951522827,825.1056671142578,512.6861429214478,810.0681304931641,508.7650537490845,879.3211364746094,544.7456216812134,862.728271484375,524.4108724594116,850.4750061035156,524.8915243148804,841.9832611083984,529.6068048477173,898.3274841308594,549.0087461471558,884.4754791259766,529.5223474502563,873.3437347412109,529.5853900909424,865.9027862548828,536.0296440124512,917.1775054931641,557.808666229248,905.5195617675781,539.9806880950928,894.3659210205078,537.3400640487671,886.7717742919922,541.3750076293945,108,1787747500.803434
899.0462493896484,639.3489789962769,865.6146240234375,615.075888633728,841.0730743408203,582.4375247955322,827.755126953125,555.7997560501099,818.1231689453125,533.4947633743286,863.101806640625,550.5755853652954,845.6087493896484,526.8158912658691,829.6931457519531,515.6890153884888,814.2101287841797,509.3813180923462,881.5939331054688,549.2991971969604,866.6246795654297,527.1447944641113,854.3467712402344,524.9188184738159,844.0167999267578,528.246259689331,899.9409484863281,553.9991140365601,887.6017761230469,532.4235534667969,875.6879425048828,529.7695398330688,865.9523773193359,533.660717010498,917.8142547607422,563.401951789856,907.8267669677734,543.3543062210083,896.5538787841797,537.9011392593384,887.1097564697266,539.3493175506592,109,1787747500.8575344
339.5395278930664,622.1311283111572,369.3223571777344,601.032829284668,385.38211822509766,568.3678579330444,390.5223846435547,541.9019222259521,392.82318115234375,520.9794044494629,376.42181396484375,535.6757640838623,390.03780364990234,503.5933256149292,406.18724822998047,481.93403720855713,422.00523376464844,464.57555294036865,363.36769104003906,534.3645715713501,378.37902069091797,500.090274810791,398.9625549316406,481.22554779052734,419.5011901855469,465.76881408691406,347.7385711669922,540.0254487991333,357.6470947265625,509.5628070831299,374.0647506713867,503.5826826095581,389.3423080444336,501.9724130630493,329.90936279296875,551.5560722351074,332.5221252441406,531.1338186264038,338.98380279541016,531.6518497467041,344.00279998779297,536.8813848495483,110,1787747500.957603
350.43750762939453,616.7296743392944,386.3328552246094,606.969952583313,414.4210433959961,578.1439733505249,425.71434020996094,550.4929733276367,426.9588851928711,527.73277759552,403.7578582763672,531.5476512908936,416.45652770996094,491.76976203918457,423.5572814941406,467.06181049346924,428.49578857421875,446.6938877105713,383.4779739379883,524.8524284362793,397.5049591064453,482.52601146698,406.95056915283203,456.6885280609131,413.9860153198242,436.18520736694336,362.8246307373047,524.8685646057129,374.0502166748047,483.4452152252197,382.97245025634766,458.26480865478516,390.50891876220703,438.0692768096924,340.17356872558594,531.6268730163574,345.70262908935547,497.3291873931885,351.4508819580078,475.74495792388916,357.30716705322266,457.4520778656006,111,1787747500.9839823
347.6581573486328,619.5414876937866,387.07462310791016,603.8998746871948,416.2797164916992,574.4962978363037,430.6580352783203,546.9195413589478,438.6979675292969,522.317419052124,407.0194625854492,528.2008123397827,422.06092834472656,490.7664442062378,430.0330352783203,467.91415214538574,434.9830627441406,448.83167266845703,385.5970764160156,520.9099245071411,401.7040252685547,480.0612545013428,411.4243698120117,454.9171543121338,417.9851531982422,435.24338722229004,362.530517578125,520.774097442627,375.62923431396484,482.56901264190674,385.0639343261719,460.04167556762695,393.7059020996094,442.6731061935425,337.10582733154297,527.0900344848633,342.51380920410156,496.2988758087158,348.57460021972656,477.5707483291626,355.2235412597656,461.8399143218994,112,1787747501.0670068
345.36468505859375,621.9883489608765,386.8662643432617,604.7389554977417,416.8268585205078,574.2705202102661,431.12545013427734,546.2894153594971,439.5273971557617,521.5335702896118,407.181396484375,528.0695343017578,422.0088195800781,490.79296588897705,429.72862243652344,468.0494213104248,434.63775634765625,448.44719409942627,386.1320114135742,521.0612440109253,401.7449188232422,479.79341983795166,411.0361862182617,454.33517932891846,417.50118255615234,433.8641309738159,363.2345199584961,521.0947179794312,376.2420654296875,482.3586845397949,385.61946868896484,460.07274627685547,394.08321380615234,442.71331787109375,337.3934555053711,527.4713802337646,343.26499938964844,496.4398956298828,350.1567077636719,477.60340690612793,357.63671875,461.42582416534424,113,1787747501.1242774
346.30077362060547,615.4528141021729,387.55298614501953,598.2251787185669,417.34729766845703,569.5797443389893,432.4761962890625,540.8950853347778,439.5003128051758,515.673565864563,404.5647430419922,519.9806785583496,420.47061920166016,484.3062686920166,428.26080322265625,463.96199226379395,433.4621810913086,446.6011047363281,383.9133834838867,513.7510013580322,400.36590576171875,474.70361709594727,409.89585876464844,452.33442306518555,417.0575714111328,435.4456043243408,362.1186828613281,513.9835166931152,375.41748046875,477.83021450042725,384.4584274291992,458.0925464630127,392.7735137939453,443.9854145050049,337.9030990600586,520.34348487854,344.4165802001953,492.12218284606934,351.3187789916992,475.4513740539551,358.8351821899414,462.26773738861084,114,1787747501.1674497
347.18894958496094,614.7558259963989,387.4192810058594,597.9610776901245,417.5749969482422,569.2265510559082,432.80784606933594,540.0091409683228,439.4346618652344,514.2845249176025,404.58038330078125,520.7241010665894,420.8881378173828,484.9550199508667,428.22296142578125,464.2691373825073,432.9256820678711,447.0182418823242,383.62144470214844,514.1375827789307,400.457763671875,474.73318576812744,409.48638916015625,451.70146465301514,416.0865783691406,434.34353828430176,361.5326690673828,514.2671871185303,375.0780487060547,477.69850730895996,384.2869186401367,457.9426860809326,392.84595489501953,443.5608100891113,337.088623046875,520.7356882095337,343.38130950927734,492.45988368988037,350.3034210205078,475.88597774505615,357.88612365722656,462.61672496795654,115,1787747501.197191
344.1041946411133,604.8293352127075,385.30792236328125,589.3220472335815,414.9471664428711,560.8980560302734,430.64796447753906,531.8411064147949,436.99058532714844,506.3715362548828,401.32335662841797,509.5958948135376,416.7708969116211,475.9893608093262,423.4373474121094,457.05395221710205,427.3746871948242,441.20458602905273,380.5668640136719,503.27691078186035,396.4522171020508,466.792688369751,405.01739501953125,446.3509941101074,411.32015228271484,431.45164489746094,359.1674041748047,504.32554721832275,373.0331039428711,470.23754596710205,381.8590545654297,452.74250507354736,390.0823974609375,440.07359504699707,335.97007751464844,512.1281576156616,342.96627044677734,486.80535793304443,350.00423431396484,472.2596740722656,357.32627868652344,461.2199592590332,116,1787747501.2493753
344.2097473144531,604.334864616394,384.78343963623047,589.2357015609741,414.7420120239258,559.6925640106201,430.9537124633789,530.58021068573,436.7704772949219,505.8812713623047,399.7215270996094,511.7588710784912,415.4597854614258,477.34020709991455,422.41722106933594,457.41650104522705,426.8562316894531,441.09407901763916,378.93192291259766,505.3694200515747,395.48877716064453,468.23082447052,404.63722229003906,446.8837881088257,411.70543670654297,430.9319829940796,357.65174865722656,505.87011337280273,371.23043060302734,471.8739938735962,380.69286346435547,454.07554149627686,389.5579528808594,440.9980344772339,334.81884002685547,512.5686407089233,341.86073303222656,486.93238735198975,349.2653274536133,472.28894233703613,357.0088577270508,460.7674169540405,117,1787747501.2800727
345.28892517089844,589.3294286727905,384.2363739013672,571.8700933456421,411.80458068847656,542.6429414749146,427.7273941040039,512.9065990447998,434.2618942260742,487.0232391357422,397.55382537841797,494.3956661224365,411.8477249145508,461.85858249664307,417.60101318359375,445.77391147613525,420.8644104003906,432.11387157440186,376.158447265625,488.8113498687744,391.78672790527344,454.55413341522217,400.0046157836914,437.1541929244995,405.8298873901367,424.89752769470215,354.63104248046875,490.4796838760376,367.32837677001953,458.1358051300049,375.87337493896484,443.27988624572754,383.48899841308594,433.40283393859863,332.77130126953125,497.76031494140625,340.9867477416992,473.6121082305908,348.4283447265625,461.52101039886475,355.8098602294922,453.18732261657715,118,1787747501.3252718
343.0643081665039,585.7266855239868,384.04232025146484,567.1702194213867,413.14334869384766,536.2548637390137,429.04396057128906,504.72865104675293,436.17401123046875,478.39008808135986,396.83937072753906,494.58191871643066,412.40570068359375,462.19263553619385,419.6964645385742,445.34441471099854,424.57386016845703,430.9941244125366,375.71529388427734,489.06811237335205,392.2500991821289,453.4350299835205,401.91776275634766,434.5760107040405,409.23187255859375,420.67663192749023,354.39762115478516,490.78017711639404,367.1509552001953,458.2052421569824,376.59183502197266,442.5501537322998,385.16971588134766,431.4976930618286,332.83946990966797,497.9503011703491,340.8021545410156,474.3641138076782,348.9865493774414,461.6463232040405,357.1519088745117,452.0999336242676,119,1787747501.3941927
342.4245071411133,584.4372510910034,382.89634704589844,567.3243713378906,412.72388458251953,536.4649343490601,428.8599395751953,505.31251430511475,435.95897674560547,478.686203956604,397.0048522949219,493.81879806518555,412.4117660522461,461.88815116882324,419.3345642089844,445.2806854248047,423.89759063720703,431.4225482940674,376.23069763183594,488.3222007751465,392.672119140625,453.10685634613037,402.28939056396484,434.5204782485962,409.55474853515625,420.9596586227417,355.0292205810547,489.7202968597412,367.89493560791016,457.23981857299805,377.39810943603516,441.85123443603516,386.2625503540039,430.97923278808594,333.2643508911133,496.2323999404907,341.24706268310547,472.175087928772,349.54185485839844,459.838171005249,358.2662582397461,450.6085395812988,120,1787747501.4370124
346.23565673828125,581.6749620437622,386.0636901855469,565.2650356292725,416.1275100708008,533.4239530563354,429.6571731567383,501.1837148666382,436.91722869873047,475.4751491546631,400.1100158691406,491.52668952941895,415.43392181396484,459.44528102874756,422.10689544677734,442.43587017059326,426.3136672973633,428.6930465698242,379.3348693847656,485.7136344909668,395.9131622314453,450.5104351043701,405.4022979736328,431.97139263153076,412.7128601074219,418.6756181716919,358.3234405517578,486.6915464401245,371.7959976196289,453.675742149353,381.8679428100586,438.26372623443604,391.00799560546875,427.7317428588867,336.29150390625,493.30029487609863,344.5056915283203,469.81783390045166,352.6450729370117,457.8187894821167,360.9792709350586,448.93406867980957,121,1787747501.4687626
344.9134063720703,581.5526962280273,385.92750549316406,565.5431270599365,416.11000061035156,533.6069869995117,429.92515563964844,501.4055871963501,437.0641326904297,475.5695629119873,400.19351959228516,492.8534173965454,415.16624450683594,460.21522521972656,421.93599700927734,443.12719345092773,426.19029998779297,429.5973587036133,379.34967041015625,486.56601905822754,396.04740142822266,451.1369562149048,405.3965759277344,432.71902084350586,412.59754180908203,419.503755569458,358.1468200683594,486.8804597854614,371.57726287841797,453.3251667022705,381.47422790527344,437.4394941329956,390.5921173095703,426.40162467956543,336.0663604736328,492.5642967224121,344.6507263183594,468.38038444519043,352.9365921020508,456.7934989929199,361.16641998291016,448.4065532684326,122,1787747501.515686
345.52059173583984,575.4330968856812,386.8992614746094,560.5338764190674,418.1920623779297,529.6376180648804,432.82691955566406,499.5065402984619,440.89752197265625,475.3237009048462,403.5721969604492,490.0345230102539,419.7425842285156,458.1867027282715,427.3923873901367,441.36011123657227,432.2753143310547,428.0173873901367,383.74637603759766,483.37719440460205,401.05384826660156,448.69940757751465,410.49583435058594,430.9741258621216,417.57877349853516,418.14003467559814,363.20117950439453,482.4612092971802,378.38306427001953,449.92047786712646,389.33685302734375,435.10562896728516,398.9947509765625,425.25505542755127,341.34033203125,486.45246505737305,351.5203857421875,461.5459871292114,360.34751892089844,450.32383918762207,368.2293701171875,442.95862197875977,123,1787747501.5545292
344.0999221801758,573.2096099853516,386.4375686645508,560.1261806488037,417.26734161376953,530.7455205917358,433.6968231201172,499.9872350692749,441.3838577270508,474.9254035949707,402.62359619140625,490.80150604248047,419.49974060058594,456.86619758605957,426.585693359375,439.5478391647339,430.53470611572266,426.32622241973877,381.2301254272461,483.24724674224854,400.2603530883789,447.8138494491577,410.5608367919922,430.0567674636841,417.51380920410156,418.0617141723633,360.2119445800781,481.96566581726074,376.05220794677734,449.44716453552246,387.5107192993164,434.13896083831787,396.71173095703125,424.3849039077759,339.7816848754883,485.4024124145508,351.12918853759766,460.92628955841064,360.7403564453125,449.2667055130005,369.1371536254883,441.80625915527344,124,1787747501.6127145
348.65612030029297,571.2615537643433,389.5810317993164,556.8169784545898,421.35486602783203,525.8075094223022,435.0531768798828,495.6945848464966,444.5798873901367,472.1774911880493,408.36761474609375,486.0043430328369,424.2313766479492,454.60588932037354,432.3261260986328,438.8707208633423,437.82825469970703,426.52427673339844,388.41712951660156,479.4443464279175,405.9565734863281,445.30510425567627,416.3507080078125,428.331356048584,424.1429138183594,416.3873291015625,367.6661682128906,478.3551549911499,382.56900787353516,446.1700630187988,393.7702178955078,431.6493558883667,403.8488006591797,422.362904548645,345.4404830932617,481.9656229019165,355.6694793701172,455.7735300064087,364.9958801269531,445.2189302444458,373.63414764404297,438.80261421203613,125,1787747501.6543667
346.3185501098633,570.9211921691895,387.9132080078125,556.589527130127,420.21167755126953,525.9634208679199,435.94268798828125,495.98379135131836,445.69496154785156,472.2053003311157,407.47032165527344,488.5280656814575,424.16587829589844,455.65452575683594,432.4882507324219,438.8898181915283,438.2635498046875,425.9608840942383,387.2720718383789,481.37914180755615,405.45299530029297,446.24834060668945,416.08707427978516,428.3784770965576,424.2724609375,415.6657075881958,366.3230514526367,479.60832595825195,381.15787506103516,447.0699977874756,392.40211486816406,431.89916610717773,402.45067596435547,421.9988965988159,344.37183380126953,482.4899196624756,354.97936248779297,456.76955223083496,364.40929412841797,445.758376121521,372.68890380859375,439.0643119812012,126,1787747501.7206106
351.4858627319336,556.0018873214722,391.4006042480469,543.8049173355103,421.74556732177734,515.6250715255737,437.3484802246094,488.5130453109741,448.07960510253906,465.80323219299316,411.55067443847656,471.74121379852295,425.9945297241211,440.6897735595703,431.5789031982422,424.25529956817627,434.01233673095703,411.07402324676514,391.7047882080078,463.9770555496216,407.8182601928711,430.0834608078003,415.3633499145508,411.9897508621216,420.01903533935547,398.5375499725342,370.22655487060547,461.67271614074707,385.02471923828125,428.3562469482422,393.1604766845703,412.2956085205078,400.7044219970703,400.59375286102295,345.95577239990234,464.37466621398926,355.0727844238281,437.1612310409546,362.57396697998047,422.38470554351807,370.55782318115234,411.1134624481201,127,1787747501.7751205
352.6567840576172,560.2934646606445,391.98116302490234,548.1898355484009,420.07198333740234,518.9554738998413,435.0713348388672,492.11432933807373,445.3355026245117,469.7060823440552,407.73582458496094,470.342001914978,418.38871002197266,435.0812530517578,422.76798248291016,413.0226802825928,424.28977966308594,394.39510345458984,389.1379928588867,462.84846782684326,402.39002227783203,424.72445011138916,409.4159698486328,400.7214689254761,413.38451385498047,381.49166107177734,368.878173828125,460.9104108810425,380.80760955810547,424.5901679992676,388.5382843017578,403.5518217086792,394.7372055053711,386.67858123779297,345.9814453125,464.1407346725464,354.5606994628906,434.6938133239746,361.42955780029297,416.7153739929199,368.0898666381836,401.1898899078369,128,1787747501.8166564
352.0619201660156,562.9904794692993,392.43946075439453,549.1565895080566,419.85347747802734,519.4274568557739,435.20458221435547,492.0605134963989,445.30052185058594,469.3114757537842,407.27317810058594,470.4060745239258,418.64063262939453,435.0304412841797,422.91229248046875,413.6126375198364,424.12200927734375,395.54712295532227,388.94458770751953,462.7770137786865,402.467041015625,423.69847297668457,408.83304595947266,399.49936866760254,411.6270065307617,380.0175619125366,368.8518524169922,460.93714714050293,381.09657287597656,423.8536548614502,388.40145111083984,403.00726890563965,393.81858825683594,386.51344299316406,345.9550094604492,464.47006702423096,354.54689025878906,434.40460681915283,361.5694808959961,416.28291606903076,368.4368133544922,400.87390422821045,129,1787747501.8564396
354.3661117553711,567.2327041625977,389.2673110961914,552.0195579528809,413.76548767089844,515.8746242523193,426.05106353759766,488.3530569076538,434.48486328125,468.9165687561035,402.2272491455078,466.8097686767578,408.70189666748047,428.44714164733887,412.1973419189453,403.85085582733154,413.4465026855469,382.3882055282593,387.5921630859375,463.0367374420166,396.5494918823242,423.1926727294922,402.66910552978516,397.27601051330566,406.39163970947266,374.9498176574707,371.8881607055664,464.46860790252686,381.2840270996094,426.05757236480713,388.2843780517578,401.70504570007324,393.4086227416992,380.3962469100952,354.20555114746094,471.3356637954712,360.6032180786133,439.536509513855,366.6591262817383,418.5497045516968,372.40684509277344,399.9065065383911,130,1787747501.8847466
352.8327941894531,568.6674928665161,388.01856994628906,553.5658407211304,413.04443359375,516.4913606643677,426.3653564453125,488.53797912597656,434.82154846191406,469.2887306213379,401.8867492675781,467.80476093292236,409.11895751953125,428.76012325286865,412.7886199951172,404.18962955474854,414.01458740234375,383.28457832336426,387.00130462646484,463.7105941772461,396.53236389160156,422.72729873657227,402.5369644165039,396.4468002319336,405.9397506713867,374.33621406555176,371.0511779785156,464.9249267578125,380.51204681396484,425.9573221206665,387.2634506225586,401.34138107299805,392.05589294433594,380.2163028717041,353.2826614379883,471.72550678253174,359.9607467651367,439.7498416900635,365.6847381591797,418.89328479766846,371.15848541259766,400.5282211303711,131,1787747501.9171295
340.99971771240234,572.9250812530518,375.49442291259766,546.7710113525391,393.4139633178711,504.5185375213623,405.78014373779297,480.5546522140503,418.93070220947266,466.1287021636963,383.73069763183594,471.18022441864014,391.73877716064453,434.6963882446289,399.31209564208984,406.7895698547363,404.2083740234375,382.97133922576904,379.19395446777344,469.7638463973999,389.1807174682617,430.94683170318604,397.39696502685547,401.8699264526367,403.3712387084961,373.33208084106445,374.03270721435547,470.82475662231445,384.6161651611328,432.9705047607422,391.9115447998047,404.7238826751709,396.63963317871094,377.64781951904297,370.3712463378906,474.1896629333496,378.16829681396484,441.53250217437744,383.2759094238281,418.3816909790039,387.32471466064453,397.6902723312378,132,1787747501.9696677
342.24857330322266,572.134108543396,375.3225326538086,546.6664266586304,392.43247985839844,505.01858711242676,404.14283752441406,481.550931930542,416.57623291015625,463.9474868774414,382.2813034057617,472.0626926422119,391.5257263183594,435.0869607925415,399.1960906982422,407.12242126464844,403.7235641479492,383.1711959838867,377.99346923828125,470.8505916595459,388.7420654296875,431.3251733779907,396.68785095214844,401.79585456848145,402.4538040161133,373.10003757476807,373.19244384765625,471.9039058685303,384.75399017333984,433.05745124816895,391.96754455566406,405.0117588043213,396.7596435546875,378.33219051361084,369.6506118774414,475.4018497467041,377.87322998046875,442.7176523208618,382.9037094116211,419.52049255371094,387.0595169067383,398.87619495391846,133,1787747502.0108476
322.94639587402344,579.5960998535156,332.1719741821289,546.3977336883545,350.61641693115234,507.14444160461426,363.22120666503906,482.1795988082886,373.19358825683594,460.1675033569336,354.9913787841797,482.63360023498535,370.1374816894531,441.0748100280762,379.9815368652344,408.53764057159424,387.94673919677734,382.6769828796387,359.4221878051758,481.59929752349854,375.4220199584961,437.00647830963135,385.43041229248047,403.7308645248413,393.68629455566406,372.47604846954346,366.92420959472656,485.2594184875488,385.0899124145508,441.43834590911865,396.0259246826172,411.7599391937256,403.0453109741211,384.2096185684204,378.84708404541016,493.5769271850586,396.55601501464844,459.2741346359253,405.75305938720703,435.8509397506714,411.1720275878906,414.44279193878174,134,1787747502.0634038
325.1536178588867,579.9359035491943,336.7718505859375,547.0831775665283,354.98607635498047,506.60014629364014,366.8109130859375,479.13110733032227,376.33167266845703,454.4817781448364,353.57173919677734,482.20624923706055,369.00848388671875,438.2566452026367,379.5824432373047,404.70710277557373,388.0851745605469,378.0755138397217,356.9706726074219,480.5556392669678,373.61427307128906,433.51338386535645,384.81494903564453,399.06485080718994,393.9488983154297,367.85775661468506,365.26790618896484,483.784761428833,384.34879302978516,438.05768966674805,395.49583435058594,406.7852783203125,402.44956970214844,378.4351873397827,379.9049758911133,492.246036529541,398.56868743896484,457.2318363189697,407.99182891845703,433.3515501022339,413.43101501464844,411.9977331161499,135,1787747502.1207867
311.231689453125,578.2020378112793,302.66273498535156,540.3822898864746,312.0022773742676,501.9172668457031,325.10189056396484,475.67882537841797,335.29544830322266,456.41292572021484,330.8444595336914,478.08852195739746,350.2913284301758,429.5751714706421,360.49495697021484,398.5938549041748,367.41893768310547,374.31926250457764,347.1134948730469,483.3240222930908,368.79058837890625,428.38409900665283,381.30836486816406,391.5062141418457,389.6343994140625,360.80371856689453,365.3971481323242,494.8601818084717,386.51851654052734,443.01398277282715,397.7591323852539,411.05363845825195,403.42533111572266,384.3090534210205,385.36190032958984,512.5593280792236,405.8693313598633,472.7823829650879,414.62207794189453,447.2725582122803,419.29187774658203,424.6512794494629,136,1787747502.1702113
313.9665222167969,584.5545387268066,300.5505180358887,544.932689666748,305.23956298828125,505.4389429092407,311.2890434265137,475.01007556915283,312.8546142578125,449.8483371734619,328.74568939208984,480.5905294418335,346.1186981201172,428.2009792327881,356.9920349121094,397.2587585449219,365.03963470458984,374.141206741333,347.0069122314453,487.1823263168335,364.9892044067383,430.4497003555298,376.42017364501953,395.0369882583618,384.4319152832031,366.15753650665283,366.1092758178711,499.06262397766113,385.15987396240234,446.1506652832031,395.66951751708984,415.04467964172363,401.39835357666016,389.57064628601074,385.4825210571289,516.2062740325928,403.36986541748047,477.43603706359863,411.4624786376953,452.84258365631104,416.0711669921875,431.5999174118042,137,1787747502.2148411
314.07291412353516,584.5064735412598,298.6434555053711,545.2211666107178,301.846981048584,505.60489654541016,306.8986511230469,474.9806785583496,310.2522659301758,449.24009799957275,331.30882263183594,478.9190196990967,349.37747955322266,426.97540283203125,359.0960693359375,395.93052864074707,365.53600311279297,371.8125343322754,350.4206848144531,485.1616144180298,369.7642135620117,428.9735412597656,380.7871627807617,393.08562755584717,387.7735900878906,363.43005180358887,368.9787292480469,497.23095417022705,388.50879669189453,445.2306032180786,398.1671142578125,414.7277069091797,402.8676986694336,389.5598316192627,386.75724029541016,514.917140007019,404.7604751586914,476.57678604125977,412.06775665283203,452.026162147522,415.9361267089844,430.58539867401123,138,1787747502.2762687
309.1902542114258,587.2504806518555,285.9273910522461,548.2854080200195,285.09037017822266,506.3872003555298,293.01891326904297,472.752685546875,298.4022521972656,444.3825960159302,320.66333770751953,479.61716651916504,339.30835723876953,425.8905029296875,350.1421356201172,394.9494409561157,358.4249496459961,371.74970626831055,344.24816131591797,486.6998291015625,363.1296157836914,429.7076940536499,373.8230514526367,394.70821380615234,381.25499725341797,366.4389753341675,365.39188385009766,498.88383865356445,384.2772674560547,445.8991813659668,393.5207748413086,414.85636711120605,398.5681915283203,389.6527862548828,384.3184280395508,515.776777267456,400.9340286254883,476.65502071380615,408.0403518676758,451.9276285171509,411.85680389404297,430.9100103378296,139,1787747502.3257594
310.29186248779297,589.5178270339966,284.35354232788086,550.1750993728638,282.6837158203125,507.89284229278564,291.44466400146484,473.5498809814453,296.05297088623047,444.9239730834961,319.04930114746094,478.7756395339966,338.02860260009766,425.2218818664551,348.72020721435547,394.84532833099365,356.6701126098633,371.75734519958496,343.5734176635742,485.86864471435547,363.1511688232422,428.63219261169434,374.5016860961914,393.24613094329834,382.47684478759766,364.9541473388672,365.1780700683594,498.3876943588257,383.98223876953125,446.00419521331787,393.27465057373047,415.32002449035645,398.47217559814453,390.67726135253906,384.3587112426758,515.6732654571533,401.48258209228516,476.6939878463745,408.23230743408203,451.95530891418457,411.55872344970703,430.95691680908203,140,1787747502.3677838
304.42447662353516,590.4972410202026,272.01704025268555,552.7576160430908,265.5125427246094,511.1820459365845,276.33995056152344,475.5234718322754,283.70656967163086,445.31956672668457,311.6681098937988,476.6284990310669,332.15538024902344,423.4276342391968,343.47267150878906,394.0165901184082,352.29942321777344,371.85047149658203,339.2857360839844,483.71339321136475,357.61512756347656,427.0069885253906,368.1362533569336,393.37080001831055,376.6752243041992,367.3946142196655,361.41536712646484,496.5601444244385,377.85789489746094,445.0163269042969,386.45755767822266,414.3725395202637,392.00233459472656,390.66884994506836,379.8365783691406,513.8120269775391,393.96461486816406,474.6152973175049,399.00794982910156,450.3687286376953,401.14593505859375,430.2178716659546,141,1787747502.4104755
300.75511932373047,596.7987155914307,268.0208396911621,557.3890829086304,260.3591728210449,512.11669921875,271.27994537353516,474.53015327453613,279.4724464416504,446.1953401565552,304.87436294555664,476.29058361053467,325.3989791870117,424.9022912979126,338.3479690551758,395.89675426483154,348.8925552368164,374.387412071228,332.21912384033203,483.6261463165283,350.8347702026367,429.6241807937622,362.8287887573242,396.5478229522705,372.58495330810547,370.9897184371948,355.0430679321289,497.31794357299805,371.55609130859375,446.861515045166,381.5330505371094,416.9566869735718,387.70565032958984,394.8861837387085,374.1813278198242,515.9239768981934,389.1764450073242,477.9132556915283,394.76734161376953,453.77350330352783,397.1571731567383,434.5727062225342,142,1787747502.4499156
302.4269485473633,596.408314704895,267.84786224365234,555.9687995910645,259.4690704345703,512.7263975143433,268.26345443725586,475.7540988922119,278.3368492126465,449.3134832382202,304.3635940551758,477.27531909942627,326.8947219848633,425.06850242614746,339.47330474853516,395.31078815460205,349.3016052246094,373.35765838623047,332.6201629638672,485.0132131576538,351.02840423583984,429.24283504486084,362.0134735107422,395.6543254852295,371.2839126586914,369.6331214904785,356.21036529541016,498.2936668395996,371.79073333740234,446.19564056396484,381.1393737792969,416.1292362213135,387.15320587158203,393.65790367126465,375.59070587158203,516.1056804656982,389.9485778808594,477.1821069717407,395.7810592651367,453.1511449813843,398.81202697753906,433.7341833114624,143,1787747502.501395
295.4939079284668,599.4725131988525,263.63338470458984,559.0513229370117,255.40225982666016,514.323878288269,263.72459411621094,477.28896617889404,272.80101776123047,450.7139825820923,297.12623596191406,479.8750877380371,318.7131881713867,430.03028869628906,331.11061096191406,401.40313625335693,340.3546905517578,380.62331199645996,324.0618133544922,486.06348037719727,342.58941650390625,433.13860416412354,353.25077056884766,400.67593574523926,361.2138366699219,375.575008392334,347.8085708618164,498.11466693878174,363.06812286376953,447.7877140045166,371.35536193847656,419.1088914871216,375.85838317871094,397.67889976501465,368.33866119384766,515.2887439727783,381.4280319213867,477.5646114349365,385.59268951416016,454.53628063201904,386.90948486328125,436.30236625671387,144,1787747502.5359366
296.93017959594727,598.7940216064453,262.9973602294922,558.3979797363281,254.77767944335938,514.5804262161255,262.1255874633789,478.26876640319824,272.0213317871094,452.590970993042,297.2129249572754,479.2616558074951,319.8796844482422,428.9552593231201,332.2256088256836,400.14129638671875,341.1198425292969,379.63518619537354,325.0719451904297,486.3910961151123,342.75623321533203,432.49903678894043,352.8395462036133,400.5604934692383,360.7624816894531,376.3567113876343,349.1652297973633,498.45524311065674,363.32847595214844,447.74741649627686,371.68460845947266,419.1179895401001,376.7985153198242,398.0417060852051,369.24293518066406,515.1373815536499,381.61170959472656,476.66218757629395,386.2765884399414,453.8588619232178,388.3906555175781,436.10976219177246,145,1787747502.5754697
285.4052734375,599.6328449249268,252.34813690185547,559.9373531341553,247.67120361328125,515.0905179977417,258.54352951049805,478.28717708587646,265.7008934020996,451.8836832046509,285.5350112915039,479.42164421081543,309.37517166137695,433.52660179138184,322.75012969970703,406.89836025238037,332.48435974121094,387.25905418395996,313.38966369628906,485.6501626968384,333.14971923828125,437.3910856246948,344.09374237060547,407.67311096191406,352.44945526123047,384.12164211273193,337.88108825683594,497.5128650665283,353.79528045654297,451.0189390182495,362.35015869140625,424.7176265716553,367.21019744873047,404.55543994903564,358.9990997314453,514.146466255188,371.2358093261719,477.1880292892456,375.47630310058594,455.15812397003174,376.68846130371094,437.74269104003906,146,1787747502.5965185
285.4157066345215,598.7179327011108,251.8623924255371,559.3130207061768,247.80248641967773,515.8416652679443,258.28678131103516,480.88385581970215,265.99740982055664,455.54479122161865,286.2158966064453,477.910680770874,309.54002380371094,431.61219120025635,323.3396530151367,405.06754875183105,333.79150390625,385.9100532531738,314.2179298400879,485.1244068145752,333.10646057128906,435.38766860961914,344.04346466064453,405.3025960922241,352.97996520996094,381.78910732269287,338.77769470214844,497.64989376068115,353.88946533203125,450.2222156524658,362.3611831665039,423.09564113616943,368.01483154296875,402.56343841552734,359.38472747802734,514.7585678100586,371.8925094604492,476.7624807357788,376.96388244628906,454.4667148590088,379.71683502197266,436.7662811279297,147,1787747502.6422234
275.84203720092773,598.3286476135254,247.19558715820312,554.3317079544067,243.55419158935547,511.7836332321167,255.66959381103516,476.7923069000244,270.1295280456543,455.0306224822998,265.4887008666992,479.099178314209,294.7412300109863,436.9474697113037,310.6072425842285,414.5137310028076,320.9950637817383,398.22877407073975,292.9795837402344,484.26318168640137,321.24778747558594,438.7033939361572,335.07083892822266,413.5245752334595,343.91605377197266,394.11036014556885,319.61496353149414,495.4011297225952,341.8513488769531,451.55662536621094,351.79264068603516,428.3492946624756,356.6510772705078,410.58019638061523,344.3015670776367,511.58974170684814,358.75476837158203,473.650860786438,363.9701461791992,453.6394786834717,365.7835388183594,438.3110189437866,148,1787747502.6814065
277.8409957885742,596.1240005493164,248.670654296875,552.2519016265869,246.11883163452148,509.68146800994873,257.60183334350586,474.947247505188,270.1039695739746,452.97703742980957,268.45388412475586,478.42124462127686,297.1966552734375,436.1009645462036,312.775821685791,413.02152156829834,323.64768981933594,396.2591743469238,296.4587211608887,484.0771007537842,323.875732421875,437.93495178222656,336.9285583496094,412.42143630981445,345.1920700073242,392.326455116272,322.6938247680664,495.7292175292969,342.9876708984375,451.3799858093262,352.1453094482422,428.27852725982666,356.4236831665039,410.9059238433838,346.2602233886719,512.5316047668457,360.0455856323242,474.47959899902344,365.30452728271484,455.14713764190674,366.93634033203125,440.51424980163574,149,1787747502.7376156
261.59847259521484,613.2791519165039,239.91832733154297,564.3881464004517,239.49390411376953,519.0878248214722,254.35997009277344,488.607759475708,271.93164825439453,470.92037200927734,247.28235244750977,489.1391372680664,286.3951110839844,451.81536197662354,308.8814163208008,434.32628631591797,321.9989013671875,423.86640071868896,271.9997215270996,494.69603061676025,310.2202606201172,454.02678966522217,328.6503601074219,435.9916591644287,338.28983306884766,423.51458072662354,297.97149658203125,506.6774368286133,331.5224075317383,465.37566661834717,346.32862091064453,446.982364654541,353.0579376220703,433.28670501708984,323.9865493774414,524.5199203491211,347.90523529052734,486.4042282104492,356.468505859375,468.332576751709,359.3245315551758,454.61477279663086,150,1787747502.7775145
258.96434783935547,612.8011608123779,237.87694931030273,564.6568393707275,239.69818115234375,519.8334360122681,257.26205825805664,491.1002826690674,276.2043762207031,475.07050037384033,248.8143539428711,486.26805782318115,288.424129486084,451.01597785949707,309.84649658203125,434.5527505874634,322.4186706542969,425.5212163925171,274.10451889038086,492.3764991760254,311.40066146850586,454.11901473999023,329.3633270263672,437.1044111251831,339.2251968383789,425.38487434387207,299.8976707458496,504.9049472808838,332.2016906738281,466.0168647766113,346.4697265625,448.60997200012207,353.10302734375,435.03297328948975,324.52674865722656,523.6927700042725,346.9365692138672,487.13619232177734,354.9717712402344,469.6209383010864,357.9954147338867,456.1626434326172,151,1787747502.8383605
217.53503799438477,641.6257667541504,210.67779541015625,592.9817819595337,216.88369750976562,543.260064125061,235.9974479675293,518.0234384536743,252.8380012512207,511.8835401535034,213.1534194946289,501.7005443572998,256.51519775390625,479.88478660583496,261.1673927307129,501.80864810943604,251.2940216064453,521.2296438217163,234.60468292236328,505.6044673919678,273.56210708618164,485.846586227417,275.6511688232422,505.45477867126465,264.9468994140625,523.4439039230347,260.6625747680664,518.0485439300537,293.2016181945801,498.51940155029297,290.1858711242676,516.2190628051758,279.51610565185547,531.9561195373535,286.4239311218262,536.7943525314331,309.53269958496094,514.9556350708008,303.53511810302734,529.3401718139648,295.0566291809082,542.4672889709473,152,1787747502.9083292
197.39368438720703,664.7089004516602,257.22320556640625,634.8253154754639,274.29582595825195,587.9320621490479,261.5644836425781,554.1635656356812,235.63169479370117,542.6053047180176,289.56892013549805,552.8897523880005,282.44409561157227,540.8936262130737,266.6512870788574,555.3766965866089,255.77497482299805,569.6262645721436,264.8078727722168,533.6104202270508,261.2177848815918,524.4242191314697,249.47566986083984,539.8679065704346,241.37676239013672,556.1371564865112,236.3906478881836,522.6895809173584,236.26958847045898,511.3888120651245,229.34967041015625,527.8161191940308,224.61599349975586,543.5686683654785,206.75851821899414,515.1159238815308,210.89757919311523,504.4484567642212,206.77732467651367,522.0748615264893,202.22949981689453,537.676477432251,153,1787747502.9645247
193.51688385009766,649.3119049072266,236.94522857666016,618.2261323928833,261.73675537109375,577.6172733306885,262.0140838623047,550.7990026473999,245.97225189208984,536.5183639526367,248.27302932739258,524.4371366500854,266.11976623535156,530.1816558837891,256.2492370605469,550.9210538864136,242.09161758422852,562.4494457244873,239.80518341064453,512.9941892623901,257.98288345336914,521.2777948379517,251.40752792358398,541.2074661254883,241.23132705688477,554.7962665557861,230.15968322753906,512.5429344177246,249.12147521972656,516.4557838439941,244.34894561767578,536.2946891784668,236.34326934814453,548.7986755371094,223.47497940063477,518.886079788208,238.68450164794922,515.7456207275391,235.208740234375,532.7400970458984,227.9007339477539,543.639178276062,154,1787747503.0096405
189.70375061035156,662.7074146270752,242.6494026184082,657.8066968917847,269.67756271362305,621.9716548919678,270.05104064941406,589.1265249252319,254.48322296142578,569.0821838378906,288.70555877685547,573.4975290298462,279.8616027832031,582.0533895492554,264.2892074584961,593.5777473449707,252.8601837158203,602.5804853439331,264.342098236084,552.4603843688965,257.8374671936035,560.0193214416504,246.12749099731445,574.8624515533447,237.64806747436523,588.213415145874,235.46646118164062,541.5423774719238,231.56023025512695,547.746090888977,225.01453399658203,564.5812225341797,220.46947479248047,577.8378582000732,207.44230270385742,537.0754480361938,206.6187286376953,545.0092935562134,202.3992919921875,561.891975402832,197.84595489501953,573.3317041397095,155,1787747503.047856
190.4872703552246,655.1362895965576,240.65555572509766,651.8476009368896,273.75526428222656,618.4015274047852,274.57441329956055,589.8358726501465,260.90648651123047,570.8072519302368,281.3455390930176,560.708327293396,279.83768463134766,580.0608730316162,268.4547424316406,596.0041379928589,256.4876937866211,603.7122917175293,256.3679504394531,543.7214469909668,256.8598175048828,560.9740161895752,248.39027404785156,577.8646373748779,238.62682342529297,588.1221771240234,227.65047073364258,538.1720209121704,231.13567352294922,550.8825588226318,226.61678314208984,568.2841730117798,221.24526977539062,578.3339166641235,201.90435409545898,541.144380569458,206.53675079345703,550.939507484436,203.88134002685547,566.8163824081421,199.22216415405273,575.2644395828247,156,1787747503.0990622
