P0_x,P0_y,P1_x,P1_y,P2_x,P2_y,P3_x,P3_y,P4_x,P4_y,P5_x,P5_y,P6_x,P6_y,P7_x,P7_y,P8_x,P8_y,P9_x,P9_y,P10_x,P10_y,P11_x,P11_y,P12_x,P12_y,P13_x,P13_y,P14_x,P14_y,P15_x,P15_y,P16_x,P16_y,P17_x,P17_y,P18_x,P18_y,P19_x,P19_y,P20_x,P20_y,frame_number,timestamp
836.2322998046875,478.94545555114746,807.92724609375,456.95061206817627,792.7009582519531,420.996994972229,784.0676879882812,390.6036186218262,772.1795654296875,367.0494031906128,814.5255279541016,380.18016815185547,811.7871856689453,331.76745414733887,812.3336791992188,301.9214630126953,813.7906646728516,278.83944511413574,838.4214782714844,382.2931909561157,843.8437652587891,331.19030714035034,847.6992034912109,297.93100118637085,851.0749053955078,271.59398317337036,860.7839202880859,393.18111419677734,871.7007446289062,348.8226342201233,877.6686096191406,319.28473234176636,882.3094940185547,295.19527673721313,881.4112854003906,411.1059522628784,898.0805206298828,381.01680278778076,907.5224304199219,360.2626848220825,915.0529479980469,341.12911462783813,1,1787749280.1981184
824.7318267822266,486.84762954711914,797.5336456298828,455.2567434310913,781.1379241943359,416.19558334350586,773.7684631347656,383.41302394866943,771.4424133300781,356.4159893989563,818.5523986816406,383.34869384765625,816.1558532714844,346.6494655609131,816.9581604003906,325.9139943122864,819.8892974853516,309.34332847595215,842.5912475585938,384.5492935180664,847.9817962646484,342.10567474365234,852.0083618164062,317.0160126686096,855.9838104248047,297.86622047424316,862.9527282714844,393.72764110565186,876.5377807617188,355.7033586502075,883.7918853759766,333.64105224609375,889.0885925292969,316.0126304626465,880.2748870849609,409.68159198760986,899.5070648193359,385.3161907196045,911.3172149658203,369.0942335128784,921.0991668701172,355.1992106437683,2,1787749280.2595704
823.5390472412109,486.2294340133667,796.9534301757812,454.46027755737305,780.3567504882812,414.91340160369873,773.0474853515625,382.99790382385254,769.7377777099609,356.3743829727173,817.1615600585938,383.1998634338379,815.0994110107422,346.96287631988525,815.7062530517578,326.6720724105835,818.7321472167969,310.23051738739014,841.201171875,384.5397663116455,846.9708251953125,342.7120041847229,851.0776519775391,317.64686822891235,855.0466156005859,297.8739023208618,862.2864532470703,393.92595291137695,876.1229705810547,356.5511083602905,883.0907440185547,334.4187641143799,887.8867340087891,316.42848014831543,880.8695983886719,409.71970081329346,900.2191925048828,384.4547939300537,912.0315551757812,368.4062147140503,921.2926483154297,354.07193183898926,3,1787749280.3138893
822.7265930175781,484.61414337158203,796.4956665039062,453.09720039367676,780.5202484130859,414.0557813644409,774.4123840332031,381.85266494750977,773.8669586181641,355.7208466529846,816.6953277587891,383.7841558456421,814.6246337890625,347.7111268043518,815.1947784423828,327.00711250305176,818.5340881347656,310.0444793701172,840.5717468261719,384.95312690734863,846.539306640625,343.44040632247925,851.1685943603516,318.6140513420105,855.9059143066406,298.97549629211426,861.2938690185547,394.2285490036011,875.0187683105469,357.49440908432007,882.1858978271484,335.9801959991455,887.5007629394531,318.549485206604,879.017333984375,410.0915193557739,898.2708740234375,386.2028646469116,910.687255859375,371.1169195175171,920.9584808349609,357.84069299697876,4,1787749280.3720407
821.4838409423828,485.8256435394287,796.0205841064453,454.1841173171997,781.2098693847656,415.28728008270264,774.6538543701172,383.30350399017334,774.1757202148438,356.6296648979187,816.2303924560547,384.0929317474365,814.6435546875,347.8546142578125,815.5415344238281,326.8423819541931,819.1473388671875,310.1135730743408,839.8926544189453,385.1341438293457,846.3162231445312,343.92125129699707,851.7520141601562,319.1673159599304,857.0457458496094,300.2951431274414,860.5580902099609,394.7800540924072,874.5947265625,358.0798387527466,882.4607086181641,337.0076537132263,888.2251739501953,320.51281929016113,878.1010437011719,411.22838973999023,897.7310943603516,388.141393661499,910.2478790283203,373.22826862335205,920.6389617919922,360.38482189178467,5,1787749280.4254804
821.2518310546875,486.74373149871826,796.5940856933594,455.37437438964844,782.5291442871094,416.34398460388184,776.7887878417969,384.59508419036865,776.8730163574219,358.3266019821167,817.0165252685547,385.3223705291748,814.6519470214844,348.7889242172241,815.1412200927734,327.4885582923889,818.4356689453125,310.7161259651184,840.5339050292969,386.4735746383667,847.2225952148438,345.5907440185547,852.8713989257812,320.83693742752075,858.28125,302.0535135269165,860.8736419677734,395.7521724700928,875.2325439453125,360.3979969024658,883.3369445800781,339.79193687438965,889.2412567138672,323.5136318206787,878.0989074707031,411.4144277572632,897.2060394287109,388.6439323425293,909.6028137207031,373.9972686767578,920.0529479980469,361.2155771255493,6,1787749280.482871
821.219482421875,486.37736320495605,796.6011810302734,455.5501127243042,782.4439239501953,416.3927364349365,776.6644287109375,384.6130657196045,776.4265441894531,358.5429811477661,816.8851470947266,385.3371334075928,815.1068115234375,348.5163688659668,815.9014892578125,327.53509998321533,819.3462371826172,311.0182285308838,840.3033447265625,386.44928455352783,847.2740936279297,345.23343086242676,852.7738189697266,320.57358741760254,858.0682373046875,301.8667459487915,860.5417633056641,395.6714916229248,874.7080993652344,359.846556186676,882.9222869873047,339.452862739563,889.1415405273438,323.45324993133545,877.6284790039062,411.19251251220703,896.3767242431641,388.2979488372803,908.9470672607422,373.84843826293945,919.7500610351562,361.37157440185547,7,1787749280.5215874
822.2909545898438,487.2490167617798,798.9788055419922,455.3335189819336,785.8789825439453,415.96319675445557,780.6169891357422,384.7834825515747,780.4844665527344,359.3956661224365,819.0926361083984,385.55793285369873,817.5968933105469,349.53850507736206,818.50830078125,328.5869336128235,821.4793395996094,311.8877148628235,842.1190643310547,386.7148017883301,850.0657653808594,346.85434341430664,855.8917999267578,323.0073595046997,860.8184814453125,304.96235847473145,861.83349609375,395.90001583099365,876.9352722167969,362.31245040893555,885.1052093505859,342.464017868042,890.7205200195312,326.9162178039551,878.2148742675781,411.6337251663208,897.4952697753906,390.1200485229492,909.8507690429688,375.9653663635254,919.9581146240234,363.83315563201904,8,1787749280.5784738
825.6644439697266,486.36212825775146,803.3413696289062,452.97532081604004,790.8775329589844,415.095534324646,786.6014862060547,385.18062114715576,785.3104400634766,360.87714672088623,823.7962341308594,385.39953231811523,823.3128356933594,350.7645535469055,824.1252136230469,330.975558757782,826.0468292236328,314.9833059310913,846.1345672607422,387.3540258407593,855.8039855957031,348.8935947418213,861.3330841064453,326.163547039032,865.5091857910156,308.80926847457886,864.9137878417969,396.2902021408081,880.0994110107422,364.10892963409424,887.6057434082031,344.733681678772,892.7886199951172,329.83293771743774,880.2867126464844,411.5428304672241,899.2829895019531,391.17374897003174,911.1516571044922,377.5811719894409,920.9915924072266,366.1266803741455,9,1787749280.6348338
825.2324676513672,485.5140781402588,802.6506042480469,452.6008415222168,790.2159881591797,415.31732082366943,786.3092803955078,385.94841957092285,786.0034942626953,361.7297887802124,823.6777496337891,385.79898834228516,822.5465393066406,350.60797691345215,823.6024475097656,330.60760259628296,826.3240814208984,314.64189291000366,846.0368347167969,387.84738063812256,854.6897888183594,349.2960548400879,860.2952575683594,326.42809867858887,865.2317810058594,308.8849925994873,864.7913360595703,396.75257205963135,879.7418975830078,364.2412805557251,887.6327514648438,345.07612466812134,893.4429168701172,330.55625438690186,880.08056640625,411.74354553222656,899.083251953125,391.1006212234497,911.3626861572266,377.2713232040405,921.5121459960938,365.63045024871826,10,1787749280.6742177
833.2353210449219,485.5724000930786,811.0597229003906,453.31242084503174,798.7628173828125,417.2104024887085,795.0397491455078,387.57259368896484,796.4778137207031,363.88126373291016,830.6020355224609,388.8253355026245,830.7851409912109,354.7274422645569,831.5805816650391,335.0118327140808,833.4813690185547,318.72385025024414,852.9526519775391,391.5114498138428,861.826171875,354.26419258117676,866.8821716308594,332.3173928260803,870.9737396240234,314.77044582366943,871.7410278320312,400.80416679382324,886.0283660888672,368.9257049560547,893.3358001708984,350.23006439208984,898.5826873779297,335.4827642440796,887.3976135253906,415.90096950531006,905.4103851318359,395.5955743789673,916.8178558349609,382.8045701980591,926.5680694580078,372.04307556152344,11,1787749280.7178068
837.68798828125,485.7538890838623,816.8121337890625,453.7547492980957,806.9481658935547,417.60663986206055,805.1090240478516,388.47651958465576,807.2927093505859,366.0825204849243,836.9568634033203,390.5797576904297,836.6899108886719,357.5125193595886,836.9614410400391,338.61124992370605,838.0712127685547,323.243350982666,858.2032775878906,393.46405506134033,866.4805603027344,356.4863705635071,871.5940856933594,334.8473596572876,875.6121063232422,318.25873374938965,876.64306640625,403.4659481048584,890.6536102294922,372.5739812850952,898.1092834472656,354.32167768478394,903.3248138427734,340.19843101501465,892.2535705566406,419.5926332473755,910.8335113525391,400.870041847229,921.8962860107422,388.1738805770874,930.985107421875,377.26853370666504,12,1787749280.7579103
841.1833953857422,481.1182165145874,822.6342010498047,449.7706174850464,811.9831085205078,414.6024799346924,808.7451934814453,384.6910858154297,812.7125549316406,360.7696866989136,840.4563140869141,387.63851165771484,839.7232818603516,353.27428579330444,839.9073791503906,333.3583474159241,842.1730041503906,317.0281147956848,862.2217559814453,391.0073232650757,870.2012634277344,354.62180614471436,875.3954315185547,333.16917657852173,880.3594970703125,316.02580547332764,880.6514739990234,401.13959312438965,894.2193603515625,371.3210678100586,901.7525482177734,353.6827540397644,907.6697540283203,339.57030057907104,895.8381652832031,416.8361806869507,913.3232116699219,398.33876609802246,925.008544921875,386.68034076690674,935.1847076416016,376.60017013549805,13,1787749280.81294
841.3378143310547,479.85719203948975,821.9646453857422,448.6915111541748,811.4945220947266,414.0373706817627,809.8293304443359,384.39308166503906,813.7098693847656,360.2409267425537,841.015625,387.42887020111084,840.2268981933594,353.3193254470825,840.7152557373047,333.3606219291687,843.1719207763672,316.8029808998108,862.9592895507812,390.56156158447266,871.5415954589844,354.45812702178955,876.8925476074219,332.75060176849365,881.6870880126953,315.5266571044922,881.1248016357422,400.5592918395996,895.3291320800781,371.3074207305908,902.8137969970703,353.66159677505493,908.4713745117188,339.7073721885681,895.8134460449219,415.98255157470703,913.8401794433594,397.5671052932739,925.7925415039062,386.23990058898926,935.8883666992188,376.6526126861572,14,1787749280.87681
841.0340881347656,477.0883798599243,821.2746429443359,446.2118196487427,811.5760803222656,410.4846668243408,809.1738891601562,380.9886932373047,812.7564239501953,357.29360818862915,840.8759307861328,384.300856590271,840.0732421875,350.3635311126709,841.1697387695312,330.57899951934814,844.4381713867188,314.5011520385742,862.95654296875,387.54559993743896,871.8009948730469,351.0520648956299,878.0258178710938,329.1912889480591,883.5155487060547,312.15630054473877,881.3784027099609,397.898325920105,896.0140228271484,367.87256240844727,905.1088714599609,349.74205255508423,912.2830200195312,335.4769277572632,896.1911010742188,413.88845443725586,914.329833984375,394.85485553741455,926.8035888671875,383.04498195648193,937.3125457763672,372.83164501190186,15,1787749280.9306118
840.9860992431641,477.1103525161743,820.9044647216797,445.7288932800293,810.7752227783203,410.46801567077637,808.839111328125,380.577392578125,813.1382751464844,356.57906770706177,840.1380920410156,384.2808151245117,839.1543579101562,350.2939438819885,840.4782867431641,330.1334738731384,844.1230010986328,313.7124752998352,862.7698516845703,387.34535694122314,871.6033935546875,351.1180901527405,877.9975128173828,329.299521446228,883.804931640625,312.2563362121582,881.6004943847656,397.56770610809326,896.25,367.7784061431885,904.8914337158203,349.8952388763428,911.7270660400391,335.8129549026489,896.7327117919922,413.3234739303589,915.0410461425781,394.45754528045654,927.484130859375,382.9036617279053,938.2076263427734,373.1105089187622,16,1787749280.9849403
838.2994079589844,478.0544900894165,818.1214904785156,445.13614654541016,808.2492828369141,408.974347114563,805.8677673339844,380.074725151062,808.33740234375,356.2674808502197,839.5925903320312,382.866153717041,839.6877288818359,348.8758063316345,840.9384918212891,328.87847900390625,843.9116668701172,312.4258089065552,861.9146728515625,386.6129207611084,870.9816741943359,350.51077365875244,877.0632934570312,328.73724460601807,882.2437286376953,311.6021132469177,880.3517913818359,397.2984981536865,895.3175354003906,367.59743213653564,903.7429809570312,349.7890019416809,910.0469207763672,335.82810401916504,895.0986480712891,413.4396028518677,913.7062835693359,394.57281589508057,926.0403442382812,382.5963020324707,936.3367462158203,372.2719430923462,17,1787749281.0426426
837.7832794189453,481.9176435470581,815.3034973144531,450.1645803451538,803.7844085693359,414.0265989303589,802.208251953125,384.24832820892334,804.3029022216797,359.80299711227417,836.9577026367188,387.2181558609009,836.9033813476562,351.0828995704651,838.1458282470703,330.1462197303772,841.1029052734375,313.2554268836975,859.6955108642578,390.45963764190674,869.3650054931641,352.65242099761963,875.6259918212891,329.6811246871948,881.1861419677734,311.9312524795532,877.9933166503906,400.67782402038574,894.5787048339844,369.88293170928955,903.5861206054688,350.96132040023804,910.3663635253906,336.40737533569336,892.5156402587891,416.2655782699585,912.3556518554688,396.6987133026123,925.2272033691406,384.27377700805664,936.0894775390625,373.6241626739502,18,1787749281.1011386
838.4755706787109,484.81078147888184,816.0300445556641,453.6808919906616,804.2662811279297,417.6465082168579,801.7855834960938,387.92741775512695,803.8224029541016,363.4705638885498,836.8669128417969,389.0753173828125,836.376953125,353.0392599105835,837.5245666503906,331.9332790374756,840.8892822265625,314.8516631126404,859.7605133056641,391.70482635498047,869.6450042724609,352.7379083633423,876.6773986816406,329.17678356170654,883.1159973144531,310.84399223327637,878.49609375,402.06579208374023,895.2997589111328,370.22239208221436,905.3684234619141,350.4103088378906,913.0403137207031,334.93035793304443,893.4769439697266,418.2463788986206,913.9854431152344,397.5119161605835,927.2557830810547,384.408016204834,938.4356689453125,372.9784154891968,19,1787749281.1584675
837.6185607910156,488.0883979797363,814.6523284912109,457.29238986968994,803.3142852783203,418.6751461029053,799.8558044433594,389.2825126647949,798.5160827636719,365.72404861450195,837.3532104492188,389.74698543548584,836.3601684570312,352.8425359725952,836.7012786865234,331.5177297592163,838.7594604492188,314.6352195739746,859.9542999267578,392.38391876220703,869.5304107666016,353.106894493103,876.0037231445312,329.14382457733154,881.6649627685547,310.4656934738159,878.4461975097656,402.346887588501,895.545654296875,369.49716567993164,906.0983276367188,349.39815044403076,914.058837890625,333.56292486190796,893.1568145751953,417.6759910583496,913.1398773193359,396.2102937698364,926.3798522949219,382.65754222869873,937.3934936523438,370.8831596374512,20,1787749281.2139814
834.7698211669922,487.0063304901123,814.0616607666016,458.1416416168213,802.2117614746094,421.88838958740234,795.5140686035156,394.026460647583,788.2911682128906,372.4824857711792,835.7354736328125,390.0396251678467,839.6031951904297,353.3879256248474,842.1592712402344,332.3444080352783,845.9165954589844,315.26588201522827,853.9174652099609,392.54467964172363,863.9080047607422,353.02599906921387,870.0806427001953,329.1515922546387,875.8823394775391,310.16640186309814,869.1412353515625,402.00244903564453,886.3968658447266,368.026328086853,896.5636444091797,347.2904920578003,904.7153472900391,330.55219888687134,881.6047668457031,417.4070405960083,901.9858551025391,395.26615619659424,914.8371124267578,380.79480171203613,926.0240173339844,367.5179958343506,21,1787749281.2690487
833.1346893310547,487.0465850830078,812.5116729736328,459.04831409454346,801.2751007080078,423.2908630371094,795.389404296875,395.17174243927,788.5882568359375,373.3672285079956,835.8087158203125,390.98565101623535,840.7185363769531,353.95421504974365,843.2476043701172,332.21587657928467,846.3358306884766,314.53110694885254,854.1072845458984,393.56911182403564,865.2165222167969,353.53808641433716,871.1299133300781,329.0815544128418,875.8042144775391,309.71943855285645,869.5305633544922,403.18609714508057,888.1401062011719,368.8462257385254,898.0570220947266,347.1800708770752,905.6076812744141,329.7466993331909,881.8923950195312,418.8695955276489,902.8969573974609,396.24831676483154,916.0590362548828,381.3209867477417,927.2449493408203,368.0068874359131,22,1787749281.3301835
837.6666259765625,495.65136909484863,813.0782318115234,466.76427841186523,805.4510498046875,429.4127368927002,800.7002258300781,403.54087829589844,790.7817840576172,384.2665672302246,835.1284027099609,396.6620635986328,841.1807250976562,360.2840995788574,843.5856628417969,337.1610760688782,845.0084686279297,318.08496952056885,848.1648254394531,399.83367919921875,860.0291442871094,362.5454378128052,865.0647735595703,338.3274722099304,868.7546539306641,318.12543869018555,856.7835998535156,407.2453737258911,871.6011810302734,373.2959032058716,878.1926727294922,350.1534390449524,882.9523468017578,330.29483556747437,860.6388854980469,417.4933433532715,875.1722717285156,392.2031593322754,883.2582092285156,373.34577083587646,889.178466796875,356.3957118988037,23,1787749281.3788123
847.4805450439453,502.3304557800293,840.1219940185547,465.1018238067627,828.1930541992188,429.3138599395752,816.4418029785156,406.62859439849854,806.6426849365234,390.4841423034668,841.8177032470703,407.2668743133545,843.7384796142578,370.6845474243164,846.1029815673828,347.1271347999573,848.5155487060547,328.09943675994873,838.0080413818359,410.3717565536499,838.4069061279297,371.5353012084961,839.9369812011719,349.38188552856445,842.0957183837891,330.2922821044922,830.9820556640625,419.1258430480957,825.2285003662109,388.535099029541,819.6837615966797,372.5978422164917,816.6559600830078,359.0361213684082,820.9627532958984,432.26858139038086,810.5587768554688,413.0862808227539,803.0693054199219,402.00257778167725,797.8251647949219,391.97686672210693,24,1787749281.439642
849.3691253662109,496.20201587677,839.7025299072266,461.1393642425537,827.0096588134766,425.1576805114746,813.9492797851562,403.41689586639404,802.4068450927734,387.5322961807251,842.8670501708984,405.0698661804199,844.1990661621094,367.8830337524414,846.3841247558594,344.1413640975952,849.3187713623047,325.3416109085083,840.6334686279297,408.4337854385376,837.5393676757812,372.5032567977905,835.6108093261719,351.34494066238403,835.0783538818359,333.8758850097656,833.5758209228516,416.29231452941895,825.4358673095703,385.6231641769409,818.0414581298828,370.7395648956299,813.4663391113281,358.69211196899414,822.6774597167969,428.0773401260376,811.4302062988281,409.05635833740234,803.4158325195312,399.0999126434326,797.0389556884766,390.06906509399414,25,1787749281.4983556
854.9843597412109,497.05852031707764,859.5110321044922,470.86814403533936,851.7073059082031,443.57698917388916,848.4585571289062,426.03302478790283,856.7517852783203,414.73204135894775,839.5153045654297,409.0823221206665,840.9154510498047,373.571720123291,842.3189544677734,349.0803623199463,843.5432434082031,330.3480291366577,827.0486450195312,412.0006513595581,800.3230285644531,374.20557975769043,785.5532073974609,354.21104192733765,775.5251312255859,337.97966480255127,814.876708984375,421.1919593811035,787.8160095214844,387.4104595184326,772.6728057861328,368.79159450531006,762.0213317871094,353.02855253219604,803.9034271240234,434.6744155883789,778.7591552734375,412.2114944458008,764.3283843994141,398.62260818481445,752.9603576660156,385.9033155441284,26,1787749281.5581431
856.1369323730469,498.84718894958496,858.9250946044922,472.12886810302734,851.7581176757812,444.03210639953613,848.3824157714844,425.24518489837646,855.4853057861328,411.7032051086426,839.2177581787109,411.61213874816895,839.6635437011719,374.40582275390625,839.7198486328125,348.4228563308716,840.3970336914062,329.3668556213379,828.0657196044922,414.1252613067627,801.6433715820312,375.5687427520752,787.2765350341797,355.3904414176941,776.8522644042969,339.3497157096863,816.2931060791016,422.1826171875,790.1486968994141,388.20173263549805,775.9297943115234,368.7031888961792,765.1492309570312,352.8791856765747,804.3826293945312,433.76508235931396,780.3505706787109,410.1592826843262,765.2798461914062,396.05270862579346,752.2006988525391,383.2291316986084,27,1787749281.6157904
857.3699188232422,500.73224544525146,863.7995147705078,474.5630693435669,857.8453826904297,445.36192417144775,856.8557739257812,426.1064100265503,867.0326995849609,412.99306869506836,838.2504272460938,411.4117240905762,834.4889831542969,377.09476947784424,832.6667022705078,352.7688932418823,832.0074462890625,335.077428817749,825.6426239013672,413.83687019348145,801.4225006103516,378.2353734970093,787.5837707519531,358.28787088394165,777.4679565429688,342.88806438446045,813.1651306152344,422.04644680023193,788.7899017333984,389.9535799026489,775.3350830078125,370.9861993789673,765.0662231445312,355.67288875579834,801.2066650390625,434.0684938430786,778.7120819091797,409.52404975891113,764.6365356445312,394.3686246871948,752.6821899414062,381.1375665664673,28,1787749281.6830208
856.2646484375,500.8119821548462,863.6846923828125,475.0539779663086,858.5707092285156,446.0093021392822,858.9149475097656,427.04694271087646,869.58740234375,414.35112476348877,838.4713745117188,411.4482021331787,838.6534881591797,375.23340225219727,837.8897857666016,349.36673641204834,837.5996398925781,330.5861020088196,825.1107025146484,413.2697010040283,802.0237731933594,377.15845584869385,788.3453369140625,357.89011001586914,778.3513641357422,343.60118865966797,812.049560546875,421.35310649871826,788.8018035888672,388.32773208618164,776.4454650878906,369.0861654281616,767.1209716796875,354.2771530151367,799.2174530029297,433.5020112991333,777.0724487304688,408.07926177978516,763.2306671142578,392.0698642730713,751.4934539794922,378.4644556045532,29,1787749281.7375047
853.9359283447266,500.669846534729,862.4256896972656,475.1603651046753,858.2470703125,444.8864221572876,859.4129180908203,424.78710651397705,871.2841033935547,411.82740211486816,838.6837768554688,411.20049476623535,837.886962890625,375.109806060791,837.4166107177734,348.982515335083,837.4810791015625,329.88317012786865,824.8796844482422,412.9093837738037,800.8055114746094,376.7844486236572,787.1308135986328,356.28488302230835,777.2160339355469,340.6931161880493,811.1194610595703,420.8688497543335,787.6109313964844,387.6425886154175,775.3520965576172,367.75986671447754,766.2596130371094,352.4621558189392,797.2759246826172,432.90265560150146,775.1427459716797,407.3007345199585,761.2317657470703,391.14731311798096,749.4874572753906,377.4283504486084,30,1787749281.798701
853.9324951171875,501.17929458618164,862.0462036132812,474.6204471588135,857.7841949462891,444.2040252685547,859.1990661621094,424.51043128967285,871.18896484375,411.9877767562866,838.3211517333984,411.5861749649048,836.9696044921875,375.74109077453613,836.3553619384766,349.8926639556885,836.5570831298828,331.0403823852539,824.7879028320312,413.3893060684204,800.3893280029297,377.08704471588135,786.6366577148438,356.537504196167,776.8006134033203,340.95550060272217,811.3557434082031,421.20715141296387,787.1446990966797,388.1752109527588,774.4384002685547,368.5859441757202,765.1084136962891,353.47004413604736,797.9910278320312,432.9867696762085,775.0969696044922,407.68834590911865,761.0050201416016,391.62217140197754,749.3125152587891,378.09074878692627,31,1787749281.8690643
852.1502685546875,501.1852169036865,861.3865661621094,473.43087673187256,858.4642028808594,442.9163932800293,859.7476959228516,423.29026222229004,870.477294921875,410.04268169403076,837.7234649658203,411.16560459136963,838.4230804443359,374.0346050262451,838.6006927490234,347.3602080345154,839.2453002929688,328.23354721069336,823.19091796875,412.91964054107666,798.8513946533203,375.2253770828247,785.3816986083984,353.4927034378052,775.7600402832031,336.7945146560669,809.4615173339844,420.83022594451904,785.7662963867188,386.5736961364746,773.8185882568359,365.40703296661377,765.0630187988281,349.03748989105225,796.1934661865234,432.73725986480713,773.6380004882812,406.71064853668213,759.6903228759766,389.90989208221436,748.1918334960938,375.7532787322998,32,1787749281.9345446
852.9734039306641,504.23787117004395,862.1122741699219,477.2180700302124,857.4312591552734,444.34611797332764,858.0105590820312,423.99085521698,869.2453002929688,410.08581161499023,836.5715789794922,411.4034843444824,836.2509155273438,374.0796232223511,836.1695861816406,347.47955560684204,836.6796875,328.0332612991333,823.641357421875,413.2029676437378,802.4367523193359,375.19383430480957,790.2239227294922,353.1186103820801,780.7083129882812,336.12709522247314,811.0873413085938,420.6024742126465,789.5447540283203,385.2842617034912,777.2547912597656,364.12274837493896,767.5511932373047,347.4650287628174,798.5641479492188,432.00409412384033,777.25830078125,405.5143404006958,763.3662414550781,387.9076337814331,751.2799072265625,373.1453561782837,33,1787749281.995307
856.9235229492188,507.05453395843506,865.8416748046875,475.61466693878174,860.5382537841797,442.8844213485718,860.0422668457031,422.55284786224365,871.5608215332031,408.8783884048462,845.4998779296875,410.82764625549316,846.6555786132812,372.8095865249634,848.2405090332031,345.4927682876587,851.1417388916016,324.8694348335266,832.4894714355469,412.8214931488037,811.0980224609375,373.32714557647705,799.4465637207031,349.2538261413574,790.2723693847656,329.4132900238037,820.9991455078125,421.37598037719727,798.4647369384766,386.5018558502197,785.2191162109375,363.96185874938965,774.4542694091797,344.33624267578125,810.7032012939453,435.86467266082764,787.8425598144531,411.41146659851074,773.8673400878906,394.0216112136841,762.3181915283203,377.7884101867676,34,1787749282.0518606
856.6077423095703,507.97571182250977,866.1669158935547,476.07746601104736,862.1267700195312,442.54302978515625,862.8981781005859,421.03561878204346,873.6396026611328,407.1291160583496,845.95947265625,410.2698755264282,846.3318634033203,372.0819139480591,848.7924957275391,345.3919816017151,852.4085998535156,325.74997186660767,833.0896759033203,411.80397033691406,811.3694763183594,371.83390617370605,799.3561553955078,348.5770082473755,790.5213165283203,329.86231327056885,820.5071258544922,419.20300483703613,797.9389953613281,383.44220638275146,785.3287506103516,361.6090250015259,775.4967498779297,343.5558271408081,808.2134246826172,431.67587757110596,785.882568359375,404.76842880249023,771.8320465087891,387.01284885406494,759.7837066650391,371.2370824813843,35,1787749282.1069512
862.5186157226562,510.8516836166382,871.5646362304688,479.17367935180664,868.3030700683594,444.918007850647,869.3006134033203,423.5809278488159,879.4390106201172,408.6397361755371,855.9300994873047,411.9108295440674,858.9913940429688,373.54386806488037,861.6530609130859,345.25100469589233,865.3664398193359,324.05930042266846,842.9724884033203,412.88732528686523,822.0314788818359,369.26477909088135,811.1801910400391,343.48926544189453,802.8134155273438,322.42504119873047,830.3119659423828,420.6740999221802,808.80615234375,381.30781173706055,797.2395324707031,356.93833351135254,788.2215881347656,336.13784551620483,818.0768585205078,434.0106439590454,796.2374114990234,405.451340675354,783.6235809326172,385.9279489517212,773.2000732421875,367.82737255096436,36,1787749282.145604
866.6385650634766,505.41242122650146,869.1607666015625,464.9720048904419,862.8137969970703,428.4590721130371,855.5897521972656,403.50615978240967,845.4953002929688,386.85118675231934,875.3572082519531,408.4976863861084,884.5610046386719,368.2079029083252,889.6890258789062,341.93156719207764,892.1617889404297,322.1230459213257,864.9386596679688,407.8333568572998,849.7295379638672,359.1167163848877,836.2316131591797,334.5851469039917,822.8886413574219,317.6785182952881,851.0668182373047,413.22588443756104,834.9723052978516,368.8007354736328,821.1563873291016,346.2693214416504,807.7468109130859,330.8664035797119,834.849853515625,422.9440641403198,818.5929107666016,393.6097526550293,804.9050140380859,377.445387840271,790.8496856689453,365.0019121170044,37,1787749282.1786132
871.9928741455078,499.0087652206421,872.5492095947266,459.8259401321411,866.6884613037109,419.62074279785156,856.976318359375,394.43243980407715,846.0771942138672,376.74861431121826,882.518310546875,400.5558156967163,895.2287292480469,360.06643295288086,897.9423522949219,334.67230796813965,895.439453125,315.39151668548584,871.0601043701172,399.75643157958984,862.7525329589844,351.9258642196655,846.1965179443359,331.6009855270386,828.4929656982422,319.7379398345947,856.7470550537109,404.9769115447998,844.3751525878906,363.5266971588135,829.8423767089844,344.3767762184143,815.4054260253906,331.84581756591797,841.2217712402344,414.35112476348877,829.6400451660156,387.01138973236084,818.7803649902344,374.8550605773926,807.8759002685547,366.96237087249756,38,1787749282.27194
872.2831726074219,498.8835382461548,869.2201232910156,460.3153896331787,859.3695068359375,419.5977830886841,844.5277404785156,393.2763862609863,829.3808746337891,375.8277368545532,883.0307769775391,400.51671981811523,896.3671875,359.14680004119873,896.2734985351562,333.90596866607666,891.3896942138672,315.5138683319092,872.5402069091797,400.1237440109253,864.8912048339844,352.782518863678,847.5110626220703,330.87700366973877,830.1654052734375,318.1259536743164,858.5823059082031,405.6906795501709,844.9537658691406,364.4987726211548,829.52880859375,345.687518119812,814.8248291015625,333.54264736175537,842.2635650634766,416.37213706970215,829.0865325927734,388.6613988876343,817.2004699707031,375.02118587493896,805.8536529541016,365.2888011932373,39,1787749282.3269873
872.3553466796875,497.88880348205566,871.9780731201172,459.42914485931396,863.5160064697266,418.963623046875,850.2602386474609,392.63325691223145,835.9588623046875,375.4172945022583,883.0612945556641,400.5829381942749,896.3106536865234,358.87720584869385,896.3191223144531,333.5153102874756,891.6226196289062,315.28268337249756,872.2159576416016,400.1648139953613,864.0504455566406,352.787561416626,847.1398162841797,330.60176610946655,829.8586273193359,317.50593423843384,858.1814575195312,405.7648801803589,843.7085723876953,364.4575309753418,828.0931091308594,345.6205916404724,813.0792999267578,333.4429979324341,841.9944000244141,416.5207529067993,828.1604766845703,388.45823764801025,815.9529876708984,374.73004817962646,804.1225433349609,365.0970983505249,40,1787749282.377357
871.8109893798828,475.8859348297119,871.9828796386719,423.7535762786865,877.3872375488281,383.7839412689209,876.8228149414062,357.5566792488098,872.7302551269531,335.3889513015747,908.3437347412109,373.4890651702881,914.9483489990234,339.74417209625244,906.2440490722656,316.5721607208252,894.0825653076172,299.48906421661377,904.5690155029297,381.0439682006836,899.2937469482422,340.52330017089844,877.3967742919922,317.0833468437195,854.8845672607422,303.15648078918457,893.1369018554688,390.02593517303467,887.0121002197266,352.7697944641113,865.8722686767578,331.25746965408325,846.3677978515625,319.1209888458252,875.9398651123047,399.32045459747314,866.768798828125,371.73949241638184,852.32666015625,357.3846101760864,838.0690002441406,349.05341148376465,41,1787749282.4162815
875.1382446289062,486.03386878967285,859.1214752197266,444.03056144714355,864.7193908691406,409.4059467315674,865.1777648925781,385.8542203903198,862.5151062011719,364.3450927734375,900.4458618164062,389.2139768600464,912.2365570068359,349.76112842559814,904.453125,323.3212423324585,892.0218658447266,305.3138780593872,902.7391052246094,395.84607124328613,910.5371856689453,349.11306381225586,892.0864105224609,321.51888370513916,873.0344390869141,304.350643157959,899.06982421875,404.0080976486206,905.3269195556641,358.45410346984863,885.7585906982422,332.99384593963623,867.7962493896484,317.9625105857849,890.2518463134766,410.9957027435303,889.4635009765625,380.98852157592773,875.7700347900391,363.58720779418945,862.3892211914062,353.7581133842468,42,1787749282.4710774
874.5321655273438,483.9634609222412,857.598876953125,446.23542308807373,863.2830810546875,411.1549186706543,865.5523681640625,388.4464359283447,862.838134765625,367.44877338409424,900.7688903808594,388.84117126464844,909.8657989501953,349.0925073623657,903.4462738037109,323.3130884170532,893.0844879150391,304.6214818954468,903.6358642578125,394.5009756088257,910.0827789306641,348.7498712539673,893.0734252929688,321.8105363845825,874.7551727294922,304.2791676521301,900.5429077148438,401.07916831970215,904.4750213623047,357.08722829818726,884.5598602294922,333.3710718154907,865.6766510009766,319.3574094772339,891.5424346923828,406.84866428375244,887.7401733398438,377.49199390411377,870.7076263427734,363.73011589050293,853.8311004638672,357.0453214645386,43,1787749282.533999
875.5005645751953,483.3834171295166,856.8409729003906,450.6588363647461,860.2700805664062,411.40790462493896,862.4459838867188,385.6111478805542,857.4357604980469,366.06552600860596,898.6341094970703,387.25467681884766,902.5804138183594,352.84236431121826,893.3575439453125,328.5727071762085,881.0336303710938,311.6416382789612,906.7644500732422,389.1637659072876,918.236083984375,349.61910009384155,904.1564178466797,323.2779622077942,887.6791381835938,305.35945415496826,909.5671844482422,396.3628149032593,920.362548828125,356.5039873123169,906.4199829101562,333.66002082824707,892.6117706298828,318.4751558303833,906.1811065673828,407.0465040206909,910.0096130371094,381.604528427124,901.27197265625,367.1968173980713,891.5178680419922,358.0446267127991,44,1787749282.5892518
875.7302093505859,487.90626525878906,856.8449401855469,453.7739324569702,855.303955078125,414.79761600494385,855.4355621337891,388.175253868103,851.2655639648438,368.7805223464966,892.9209136962891,390.73974609375,909.0909576416016,355.1881170272827,904.0677642822266,329.2358350753784,894.2356872558594,310.006799697876,903.0788421630859,399.34547424316406,929.1488647460938,361.92222118377686,916.9204711914062,334.9970054626465,900.8805847167969,318.7795329093933,910.4599761962891,412.6179027557373,936.0137939453125,381.39784812927246,920.1960754394531,364.0492343902588,903.2647705078125,357.6113963127136,913.857421875,430.1603651046753,933.1978607177734,406.69562816619873,922.9553985595703,390.2135181427002,908.6491394042969,383.1160068511963,45,1787749282.6450846
879.0003967285156,490.82536697387695,859.0903472900391,458.4645366668701,855.2406311035156,417.9848098754883,854.1798400878906,389.56751346588135,848.7164306640625,366.5184545516968,891.0482788085938,388.6562490463257,903.2321166992188,352.6846933364868,906.0880279541016,329.31490659713745,903.6661529541016,309.6980667114258,905.3453826904297,396.95268630981445,921.9629669189453,361.7786693572998,923.5730743408203,338.49555015563965,918.0724334716797,320.45599937438965,916.7974090576172,410.6733226776123,935.1250457763672,378.3820152282715,936.8356323242188,358.3686590194702,931.2106323242188,342.6491332054138,925.5037689208984,429.7288513183594,942.3947143554688,405.85809230804443,944.8835754394531,388.9556694030762,940.3975677490234,375.0850009918213,46,1787749282.6841278
882.4594116210938,492.08900928497314,861.0017395019531,460.5646848678589,853.9645385742188,421.7130374908447,851.4634704589844,392.43988037109375,843.8800811767578,368.9439868927002,893.1094360351562,390.1953649520874,903.4805297851562,350.004243850708,905.8226013183594,324.7948908805847,904.2507934570312,303.6977505683899,910.306396484375,396.9668912887573,924.7605133056641,356.5421390533447,926.5576171875,329.2907452583313,923.2160186767578,306.84640645980835,923.6595916748047,410.41823387145996,941.72607421875,374.90660190582275,944.9521636962891,350.19397258758545,942.2524261474609,329.1744661331177,933.8887786865234,430.1603651046753,953.2550048828125,406.07717514038086,957.9624938964844,387.78704166412354,956.1224365234375,371.04456424713135,47,1787749282.7536373
881.5242767333984,494.28417205810547,861.1020660400391,462.3464012145996,854.2240905761719,423.7748622894287,851.7871856689453,394.3611145019531,843.7568664550781,370.70231437683105,892.7820587158203,390.49070835113525,903.8980865478516,351.0939288139343,906.1692047119141,326.4723873138428,904.8725128173828,305.3785514831543,909.7845458984375,397.4631643295288,923.9533233642578,357.09609031677246,926.4503479003906,329.53272342681885,923.7638092041016,306.4832139015198,923.1058502197266,411.153244972229,941.1440277099609,375.8749008178711,945.8468627929688,350.902955532074,944.6358489990234,329.48182582855225,933.5488891601562,431.3615655899048,952.9192352294922,407.7501440048218,958.5450744628906,389.283971786499,957.7046203613281,372.3357152938843,48,1787749282.792193
883.9430999755859,498.06342601776123,861.8231964111328,465.54840087890625,853.0361938476562,425.2965974807739,849.3911743164062,395.2124261856079,840.0865936279297,371.5514373779297,893.4287261962891,391.45068168640137,903.056640625,350.61492919921875,905.4744720458984,325.6711149215698,905.0811004638672,303.52314949035645,912.9508209228516,397.81060695648193,926.2314605712891,355.24266242980957,929.8805236816406,327.59475231170654,929.1254425048828,303.2158327102661,928.7510681152344,411.61540031433105,947.7473449707031,374.0655469894409,953.1821441650391,348.1969714164734,953.2183837890625,324.6311902999878,941.4059448242188,431.76690101623535,962.1529388427734,405.14647006988525,969.7762298583984,385.3661870956421,971.7317199707031,366.06677055358887,49,1787749282.8388655
882.8931427001953,501.1591672897339,862.3860931396484,467.3888683319092,854.0701293945312,426.2900447845459,849.5874786376953,395.3706979751587,839.8152923583984,371.4254379272461,894.0407562255859,392.08497047424316,903.3466339111328,351.18834257125854,905.4685211181641,326.50701999664307,905.0292205810547,304.284725189209,912.9416656494141,398.16118240356445,926.1114501953125,355.6442856788635,929.6736907958984,328.1311297416687,928.9434051513672,303.74536514282227,928.3677673339844,411.6855239868164,947.1665954589844,373.9164161682129,952.6655578613281,348.19836616516113,952.7389526367188,324.6898555755615,941.0633850097656,431.7138147354126,962.3150634765625,405.4402685165405,970.4603576660156,385.8118200302124,972.8696441650391,366.7223882675171,50,1787749282.9064775
885.3176879882812,501.9743013381958,863.9760589599609,467.1244239807129,853.0068206787109,427.76002407073975,846.807861328125,398.1514835357666,836.9673919677734,374.6360206604004,894.0390777587891,393.52460861206055,902.4813842773438,351.5556764602661,904.3882751464844,326.3237500190735,904.5771026611328,303.65511417388916,914.5236968994141,399.84063148498535,928.6579895019531,355.81414461135864,933.7141418457031,327.54318952560425,934.9909210205078,302.4662518501282,930.9619140625,413.8391876220703,951.3662719726562,375.3655815124512,957.9918670654297,349.1569232940674,959.7389221191406,325.33178329467773,944.4568634033203,434.42872524261475,967.9092407226562,409.181113243103,978.3390808105469,389.7021818161011,983.662109375,370.4048681259155,51,1787749282.9622748
886.8216705322266,507.7271032333374,863.5737609863281,474.6693706512451,850.1397705078125,433.8488960266113,841.3825988769531,403.04675102233887,831.4308929443359,378.6462450027466,889.6250152587891,397.07396507263184,892.6268768310547,352.1686792373657,894.9887084960938,325.38525581359863,897.8728485107422,303.06687355041504,912.5493621826172,401.66088581085205,926.3574981689453,354.9357318878174,933.7118530273438,325.3764581680298,938.955078125,300.67307710647583,931.1186218261719,415.2414035797119,951.0569763183594,374.4541025161743,960.0795745849609,347.256760597229,966.0274505615234,323.60525608062744,946.1789703369141,435.74687004089355,970.2442169189453,409.3840169906616,983.7960052490234,390.48903465270996,993.9360046386719,372.33039379119873,52,1787749283.016075
883.8674926757812,508.70570182800293,860.6855773925781,475.8376979827881,846.1647033691406,434.1136407852173,836.3080596923828,403.3579730987549,825.596923828125,379.8705768585205,884.6994781494141,397.25266456604004,887.0334625244141,352.03173637390137,889.1348266601562,325.1766872406006,892.098388671875,302.82890796661377,907.8383636474609,401.18332386016846,921.5115356445312,353.4251546859741,929.2502593994141,323.64147663116455,935.3704071044922,299.11346912384033,926.76025390625,414.2807865142822,946.7124938964844,371.9867706298828,956.2729644775391,344.7014307975769,963.0379486083984,321.3534879684448,942.3501586914062,434.6402978897095,966.9233703613281,407.65212535858154,981.4524078369141,388.7181758880615,992.9824829101562,370.8174133300781,53,1787749283.0717118
884.0907287597656,509.9611473083496,861.2454223632812,475.6902837753296,846.7536163330078,434.09351348876953,836.5078735351562,403.22060108184814,824.6030426025391,379.6018409729004,885.1054382324219,397.2586727142334,888.1830596923828,352.17331409454346,890.1017761230469,325.04032373428345,892.7993011474609,302.13844299316406,908.1755828857422,401.503643989563,922.7981567382812,354.11338806152344,930.4468536376953,324.2769455909729,935.9910583496094,299.21180963516235,927.1990203857422,414.7331142425537,948.0190277099609,371.66082859039307,957.4183654785156,344.94797945022583,963.9258575439453,321.6391324996948,942.8341674804688,435.27801990509033,967.5789642333984,407.7007484436035,981.7388153076172,388.66247177124023,992.9804229736328,370.42551040649414,54,1787749283.1281793
884.0752410888672,510.77799797058105,861.2531280517578,476.29483222961426,846.9888305664062,434.401216506958,836.8275451660156,403.37286472320557,824.7551727294922,379.78036880493164,885.1245880126953,397.549467086792,888.2331848144531,352.35793590545654,890.1058197021484,325.06221055984497,892.7670288085938,301.98800325393677,908.2010650634766,401.8804407119751,922.9887390136719,354.4866871833801,930.7503509521484,324.5374631881714,936.3151550292969,299.32828187942505,927.2315216064453,415.1183223724365,948.2865142822266,372.2026777267456,957.7565002441406,345.4996991157532,964.2424011230469,322.1468210220337,942.8602600097656,435.53778648376465,967.7248382568359,407.686071395874,981.9999694824219,388.57380867004395,993.3148193359375,370.2865934371948,55,1787749283.185559
872.3040008544922,506.0529327392578,848.4578704833984,472.0359992980957,834.7367095947266,429.8997402191162,825.5580139160156,398.42485427856445,812.3945617675781,376.0670328140259,869.7015380859375,392.0155334472656,874.4119262695312,345.99964141845703,878.8325500488281,318.83744716644287,883.3070373535156,296.3706851005554,892.8335571289062,395.78487396240234,907.5873565673828,348.3085298538208,916.4084625244141,318.7137007713318,923.1394195556641,293.9521050453186,911.9158935546875,408.0415391921997,931.3720703125,365.38201332092285,941.6432952880859,339.0888977050781,948.6064910888672,316.31338119506836,928.2960510253906,427.24928855895996,951.3912200927734,399.9325132369995,964.7078704833984,380.9365510940552,975.2749633789062,363.139386177063,56,1787749283.2456875
869.9372863769531,501.66101932525635,845.6495666503906,467.693567276001,829.7287750244141,427.51888275146484,818.9290618896484,397.310471534729,807.8436279296875,373.7194347381592,865.0186157226562,388.1290340423584,869.6263122558594,342.3499059677124,873.3756256103516,315.3644800186157,877.77099609375,293.03850173950195,887.8187561035156,392.08205223083496,900.0189208984375,344.53845977783203,907.6403045654297,315.4135322570801,913.8978576660156,291.57742738723755,907.1028900146484,404.17654037475586,924.4477844238281,361.91402435302734,933.4022521972656,335.0267457962036,939.6649169921875,312.3147439956665,924.1819000244141,423.01594734191895,945.400390625,394.2664861679077,957.6995086669922,374.9132966995239,967.7334594726562,357.0018482208252,57,1787749283.3007298
870.6703186035156,500.8163595199585,846.2153625488281,467.90629863739014,829.4687652587891,428.37684631347656,818.1935119628906,397.6291608810425,807.0570373535156,373.0977201461792,865.4739379882812,388.44132900238037,870.2216339111328,342.78425216674805,873.7320709228516,315.97525119781494,877.8329467773438,293.70160818099976,888.7525177001953,392.2727680206299,902.1145629882812,345.2019739151001,909.5318603515625,316.5115213394165,915.0601959228516,292.56834268569946,908.0718231201172,404.1972255706787,927.0738220214844,361.54611110687256,935.7079315185547,335.08877992630005,941.5288543701172,312.45853185653687,924.7463226318359,422.88745880126953,946.9117736816406,394.09143447875977,959.9714660644531,375.0596809387207,970.7469940185547,357.22610235214233,58,1787749283.35633
866.7162322998047,498.6338138580322,843.3408355712891,465.90545654296875,827.7133941650391,427.1299409866333,816.4268493652344,397.91231632232666,806.1917877197266,373.4062385559082,862.6950073242188,385.96635818481445,865.7286834716797,340.73890686035156,868.7198638916016,314.51364040374756,872.8680419921875,292.4440813064575,885.3182983398438,389.3476152420044,895.7437133789062,342.41103887557983,902.4634552001953,313.3694314956665,908.1428527832031,289.0672445297241,904.3672943115234,400.734601020813,920.7949829101562,359.47583198547363,929.3136596679688,332.85473585128784,935.2125549316406,310.00248670578003,921.1128234863281,418.7685298919678,940.4592895507812,390.77502250671387,951.8102264404297,371.8856191635132,960.7633209228516,354.3137812614441,59,1787749283.4112585
867.4758911132812,498.27306747436523,843.9076232910156,465.99918365478516,828.4140777587891,426.49513721466064,817.6100158691406,395.6430387496948,806.1980438232422,370.99456787109375,862.4507141113281,385.6781816482544,864.8578643798828,340.61286449432373,867.6294708251953,314.41879749298096,871.6303253173828,292.197961807251,884.8349761962891,388.40407848358154,895.3794097900391,342.2101950645447,902.0259857177734,313.326473236084,907.489013671875,288.6979150772095,903.6215209960938,399.5423698425293,920.328369140625,358.41601610183716,929.0121459960938,332.1849775314331,935.0578308105469,309.4041395187378,919.8153686523438,417.37841606140137,939.5638275146484,389.7678852081299,951.8095397949219,371.0465383529663,962.0242309570312,353.4985613822937,60,1787749283.4543753
868.5545349121094,498.2718229293823,845.1950836181641,467.9283142089844,829.4183349609375,429.8619747161865,818.8111114501953,397.64156341552734,806.8882751464844,371.6771364212036,862.6052856445312,387.09121227264404,864.1136169433594,342.3117971420288,865.9914398193359,316.39723777770996,869.2759704589844,294.39016342163086,884.8760223388672,388.78512382507324,895.0249481201172,342.7155017852783,901.3668823242188,314.682297706604,906.6796875,291.4868974685669,903.4490966796875,399.1869878768921,919.1767883300781,358.2156229019165,927.3517608642578,333.01425218582153,933.2241821289062,311.6092371940613,919.5694732666016,416.3736391067505,938.1478881835938,388.9250707626343,949.5578002929688,370.6717586517334,959.1986083984375,353.7956428527832,61,1787749283.50856
865.8364105224609,499.25256729125977,843.5040283203125,467.99620628356934,828.7172698974609,430.101957321167,817.6484680175781,398.39983463287354,805.8546447753906,372.5026559829712,860.7180786132812,388.6846160888672,862.2358703613281,343.84342432022095,863.9103698730469,317.7184724807739,867.0802307128906,295.86087226867676,882.9660797119141,390.98217487335205,892.7557373046875,345.4027318954468,898.6109924316406,317.53679037094116,903.6974334716797,294.41245794296265,901.4918518066406,401.52510166168213,917.1354675292969,360.35014629364014,924.9520874023438,335.5789804458618,930.6281280517578,314.3991208076477,917.685546875,418.76938819885254,935.4628753662109,391.2128019332886,946.1839294433594,373.24037075042725,955.0934600830078,356.4628314971924,62,1787749283.5678344
866.0392761230469,498.63673210144043,843.9824676513672,467.7840757369995,829.0606689453125,430.1016569137573,818.4249877929688,398.22474002838135,806.6307067871094,372.6647901535034,860.3578948974609,388.57282161712646,862.0857238769531,343.93547773361206,863.9572906494141,318.06870460510254,867.1591186523438,296.0421681404114,882.6793670654297,390.6043481826782,892.5636291503906,344.99138832092285,898.2018280029297,317.0387363433838,902.8277587890625,293.4454894065857,901.37939453125,401.039342880249,917.110595703125,360.5443811416626,924.5363616943359,335.59616804122925,929.49951171875,314.08506631851196,917.7593994140625,418.24148654937744,935.662841796875,390.67545890808105,946.2261962890625,372.682900428772,954.7810363769531,355.84716796875,63,1787749283.625121
857.8009796142578,498.397479057312,834.6584320068359,466.3906145095825,819.2121124267578,429.2659664154053,808.9118957519531,399.44748401641846,798.9789581298828,374.46444511413574,851.4572143554688,387.96072006225586,853.8996124267578,343.67873668670654,856.1623382568359,318.38282346725464,859.1612243652344,297.3774576187134,873.9794158935547,390.8313274383545,884.4114685058594,344.87277030944824,890.1309967041016,317.42521047592163,894.44091796875,294.8495936393738,893.1529235839844,401.6268539428711,907.6150512695312,360.5321502685547,914.7229766845703,335.46364545822144,919.3794250488281,314.59455728530884,910.5502319335938,418.9891576766968,928.8343811035156,391.4380645751953,939.2071533203125,372.94013500213623,947.3490905761719,356.0573673248291,64,1787749283.6947374
854.6775817871094,493.68945121765137,831.4096832275391,463.5930061340332,814.3995666503906,427.4646806716919,802.7088928222656,397.2645092010498,791.1907958984375,372.3487186431885,846.0275268554688,385.51197052001953,846.9437408447266,341.76801681518555,848.3358764648438,316.4661169052124,851.1466217041016,295.05977153778076,868.2300567626953,387.69108295440674,877.1672821044922,342.1134424209595,882.7528381347656,314.68032360076904,887.6919555664062,291.86317920684814,886.8689727783203,398.14805030822754,900.2461242675781,357.67802238464355,907.3404693603516,332.9673457145691,912.5733184814453,311.885290145874,903.7960815429688,415.10870933532715,920.4916381835938,387.4122190475464,930.4838562011719,369.20997619628906,938.5157775878906,352.31632947921753,65,1787749283.73711
849.70458984375,489.2171573638916,825.4243469238281,461.1521530151367,808.0947875976562,425.6168746948242,796.8357849121094,396.6044282913208,785.8700561523438,372.9830503463745,838.8194274902344,383.3320426940918,838.4290313720703,339.51459646224976,838.8821411132812,314.28402185440063,840.5056762695312,293.1036043167114,861.38427734375,384.5695924758911,869.1651153564453,338.85576009750366,872.9509735107422,311.0968065261841,876.1737823486328,288.0061197280884,880.5616760253906,393.8305950164795,894.5215606689453,353.38807582855225,901.1329650878906,328.73542070388794,905.9095764160156,307.71275997161865,897.6559448242188,409.7151517868042,914.0642547607422,382.62651443481445,923.0532073974609,364.38594818115234,929.9482727050781,347.3627829551697,66,1787749283.8055935
849.3801116943359,489.98040676116943,825.1600646972656,461.65430545806885,808.7660217285156,426.1391544342041,797.5418090820312,396.76939487457275,785.7809448242188,372.69465923309326,838.5777282714844,384.2360544204712,837.9686737060547,340.8433413505554,837.8321075439453,315.7950496673584,839.1361236572266,294.54161167144775,860.6806182861328,385.5526542663574,868.3711242675781,340.01601934432983,871.7519378662109,312.23307609558105,874.5269012451172,289.2823362350464,879.4527435302734,394.6246147155762,893.8897705078125,353.7643790245056,899.90478515625,329.03733015060425,903.9794921875,308.08865547180176,895.69091796875,410.2146005630493,912.0948028564453,382.1702814102173,921.8827056884766,363.66522789001465,929.8857116699219,346.52295112609863,67,1787749283.866165
846.7758941650391,486.3454341888428,821.9140625,456.882119178772,803.7358856201172,422.79051303863525,792.3381805419922,395.36662101745605,781.8402862548828,371.83111667633057,832.2055816650391,381.3557481765747,830.7173919677734,338.43197107315063,830.4519653320312,313.28471660614014,831.3752746582031,291.5286111831665,854.4062805175781,383.0599594116211,860.1438140869141,337.90093660354614,863.2643890380859,310.2356457710266,865.9230041503906,286.15724086761475,873.6903381347656,392.4927520751953,885.4837799072266,351.9486093521118,891.1809539794922,326.4103317260742,894.8206329345703,304.2968273162842,891.6691589355469,408.1777095794678,906.5827941894531,379.0472888946533,915.0823211669922,359.79705333709717,921.1746215820312,341.8081855773926,68,1787749283.9219246
850.8444976806641,486.3256502151489,825.9127044677734,458.37385654449463,809.2774200439453,423.14653873443604,799.7463989257812,393.109188079834,788.22998046875,369.49772357940674,834.9935913085938,382.61351108551025,833.4577178955078,339.85002279281616,832.8819274902344,314.93393182754517,833.3678436279297,293.84925842285156,855.596923828125,382.81203746795654,860.1276397705078,337.91012048721313,862.3371887207031,310.35752534866333,863.7246704101562,287.1875524520874,874.4065856933594,390.8865165710449,886.2216949462891,350.33196687698364,890.9040832519531,325.23136138916016,893.0055236816406,304.0375328063965,892.0065307617188,405.6404685974121,907.7705383300781,378.1451654434204,916.2188720703125,359.55355167388916,922.2711181640625,342.48491764068604,69,1787749283.9644487
854.3560028076172,492.6966905593872,832.1235656738281,461.8462657928467,817.9030609130859,425.20235538482666,810.6377410888672,394.31922912597656,804.6878051757812,368.87824058532715,846.3945770263672,389.3469285964966,848.2796478271484,346.4158344268799,849.2431640625,321.36865854263306,850.4793548583984,300.72691440582275,867.1248626708984,390.62254428863525,874.6541595458984,345.43635606765747,878.3567047119141,318.21019649505615,880.7192230224609,296.05201721191406,885.2830505371094,399.2587423324585,899.083251953125,358.6511278152466,905.7125091552734,334.40279960632324,909.842529296875,314.9855375289917,901.3468170166016,414.53978061676025,917.9566955566406,386.32349967956543,927.9972839355469,368.0738353729248,935.6690979003906,352.76445150375366,70,1787749284.0213852
855.1138305664062,490.7918930053711,832.5444030761719,460.32586097717285,817.0404052734375,424.46524143218994,809.8426818847656,394.2922353744507,804.8175048828125,368.8553237915039,845.4601287841797,388.44029903411865,846.65771484375,346.43012523651123,847.2811889648438,322.0948076248169,848.3784484863281,301.51838064193726,866.0099029541016,389.7459554672241,872.6270294189453,345.1575565338135,876.0887145996094,317.98248767852783,878.7128448486328,295.3065347671509,884.05517578125,398.3601379394531,897.5867462158203,358.404278755188,904.644775390625,334.4424319267273,909.3228912353516,314.7025966644287,900.3950500488281,413.6363697052002,916.5292358398438,386.788272857666,926.3381195068359,369.15513038635254,933.9427185058594,353.3908009529114,71,1787749284.064752
851.7745971679688,487.57903575897217,829.8448944091797,455.44634342193604,816.1088562011719,420.8863592147827,809.3175506591797,392.68685817718506,807.3802185058594,368.57980728149414,847.5900268554688,385.4507303237915,853.0252075195312,344.30774688720703,856.7120361328125,320.21936416625977,860.7359313964844,300.608811378479,868.5749053955078,388.3317232131958,879.6565246582031,345.5629348754883,885.1083374023438,319.77149963378906,888.4671020507812,299.17131900787354,886.1900329589844,397.5877046585083,902.7058410644531,360.0969886779785,909.6360015869141,336.14166498184204,913.612060546875,316.9415330886841,900.7371520996094,413.27678203582764,919.1766357421875,388.9612913131714,929.765625,371.94814682006836,938.1768035888672,356.9977283477783,72,1787749284.1061075
851.7815399169922,488.081316947937,829.9259185791016,457.12849617004395,816.6619873046875,421.97417736053467,810.2433776855469,393.1870365142822,807.6664733886719,368.99003505706787,847.4979400634766,386.2019634246826,852.1446990966797,345.28183937072754,854.9964904785156,321.64196491241455,858.5314178466797,301.89159393310547,868.26416015625,388.71246814727783,877.9575347900391,346.28408432006836,882.8554534912109,320.41293382644653,886.2945556640625,299.03514862060547,885.8865356445312,398.0068588256836,902.1714019775391,361.38689517974854,909.7596740722656,337.78186798095703,914.5878601074219,318.3776092529297,900.5158996582031,413.5907506942749,918.3261871337891,389.07076835632324,928.8165283203125,372.2395849227905,937.2544097900391,357.1495842933655,73,1787749284.1772687
763.3297729492188,438.3732032775879,736.8553924560547,427.2193765640259,714.3953704833984,410.79442977905273,699.9602508544922,398.44987392425537,687.2785949707031,387.1879005432129,722.1696472167969,367.1745014190674,713.9431762695312,342.8993082046509,702.7017974853516,331.5933895111084,691.9467163085938,325.1127004623413,736.1605072021484,362.72186279296875,727.2782135009766,334.93956327438354,715.3733825683594,323.6419916152954,703.1383514404297,319.4308590888977,750.4788970947266,363.2428550720215,740.8822631835938,337.94681310653687,729.3796539306641,331.7305898666382,719.4559478759766,331.7521119117737,764.8573303222656,368.44204902648926,757.2963714599609,349.4590473175049,747.8666687011719,345.96425771713257,739.7437286376953,348.1662654876709,74,1787749284.5159688
750.5221557617188,434.0097427368164,723.2518005371094,424.0883159637451,699.6720123291016,407.8249454498291,686.4781188964844,393.88389587402344,677.0621490478516,383.8523483276367,708.6785888671875,364.5628023147583,693.6793518066406,344.3728494644165,682.3844909667969,334.21165466308594,672.6847839355469,326.5125560760498,722.0371246337891,357.9376173019409,707.8896331787109,333.6645698547363,694.8955535888672,321.74612045288086,682.8527069091797,314.23954010009766,737.0616912841797,355.80875873565674,728.5707092285156,329.92814540863037,717.1179962158203,316.473069190979,705.8602905273438,308.07451486587524,753.8645935058594,358.11882734298706,752.4021911621094,334.29988861083984,744.3858337402344,321.23536348342896,733.8805389404297,312.41241931915283,75,1787749284.5799704
767.4887084960938,435.67108154296875,741.8918609619141,425.232310295105,719.1062927246094,407.3890542984009,704.0908050537109,394.4057035446167,691.5157318115234,385.9438705444336,726.2271118164062,368.2461404800415,712.4666595458984,342.65681505203247,700.1940155029297,331.7098832130432,688.4910583496094,324.94842052459717,737.3471069335938,364.65322494506836,722.2788238525391,338.05058240890503,709.8081970214844,325.70780754089355,698.0145263671875,317.818443775177,750.0823974609375,364.5831871032715,736.4290618896484,338.431134223938,724.4496917724609,326.12003087997437,713.3580017089844,317.58835315704346,765.0800323486328,367.81737327575684,758.836669921875,343.8321590423584,751.0972595214844,330.7269287109375,741.8592834472656,321.46721363067627,76,1787749284.6440349
766.2460327148438,432.38080501556396,742.6694488525391,423.405704498291,720.6639862060547,408.01780700683594,706.1116027832031,396.35448932647705,693.3669281005859,387.88390159606934,724.5723724365234,365.6389904022217,711.2503814697266,341.3608145713806,699.1153717041016,330.3215503692627,687.0877075195312,322.78276205062866,735.9686279296875,361.5196752548218,721.9749450683594,336.7977547645569,709.0496063232422,325.3359889984131,696.2838745117188,318.35851192474365,749.0715789794922,360.69175243377686,737.1957397460938,335.8688521385193,724.7930908203125,324.36769008636475,712.6614379882812,316.8587064743042,764.6708679199219,363.02935123443604,760.885009765625,339.10194396972656,753.9025115966797,325.881142616272,744.9489593505859,316.22819423675537,77,1787749284.6881764
832.96630859375,471.4218807220459,813.0662536621094,446.1286497116089,802.3072814941406,413.95334243774414,794.5328521728516,387.985782623291,782.520751953125,371.50496006011963,828.0792999267578,386.49494647979736,827.598876953125,355.0024652481079,828.7351989746094,334.5745897293091,831.6604614257812,317.89358854293823,847.6174926757812,388.0606698989868,852.5062561035156,352.6312208175659,854.9924468994141,329.65760707855225,857.1973419189453,311.0574960708618,864.8300933837891,396.26681327819824,875.2262878417969,363.9292860031128,878.0629730224609,343.14017057418823,879.0985107421875,325.92191219329834,879.7650909423828,410.5675792694092,895.3221893310547,389.23624992370605,902.5450897216797,374.2172956466675,906.9380950927734,360.7808017730713,78,1787749284.8161428
832.3778533935547,475.032262802124,812.8790283203125,448.64829540252686,803.2014465332031,415.4915142059326,795.7628631591797,388.9957094192505,783.1940460205078,370.8943176269531,828.9773559570312,385.44485092163086,828.2804107666016,353.71809482574463,829.3988800048828,334.14294719696045,832.1841430664062,317.5228214263916,847.9306793212891,387.77549743652344,853.5646057128906,352.7624559402466,856.2068939208984,330.42250871658325,858.0996704101562,311.8670082092285,864.5143127441406,397.0691156387329,875.5596160888672,365.4782295227051,878.9032745361328,344.989070892334,880.4087066650391,327.75596380233765,878.7235260009766,412.1825695037842,894.1663360595703,390.4320001602173,902.2148132324219,375.5027389526367,907.5891876220703,361.9527769088745,79,1787749284.8763924
834.5044708251953,476.19951725006104,814.5429229736328,449.81585025787354,803.0794525146484,417.6794242858887,795.1451110839844,390.67704677581787,783.05908203125,372.880654335022,827.4591064453125,388.70397090911865,830.8692932128906,353.61823081970215,834.5538330078125,333.3146810531616,839.1884613037109,316.67837619781494,847.3670959472656,390.965051651001,855.2378082275391,352.73953914642334,859.1136932373047,328.22646617889404,862.0641326904297,307.92454719543457,864.7856903076172,399.69231605529785,877.5620269775391,365.5172824859619,881.7266845703125,343.8922190666199,883.7561798095703,326.3064980506897,880.4393768310547,413.8757085800171,896.4717102050781,391.1142683029175,904.2501831054688,375.31206607818604,909.2698669433594,361.08580112457275,80,1787749284.9266603
834.776611328125,476.35379791259766,814.8471832275391,450.17998695373535,803.3914947509766,418.24689388275146,795.4991149902344,391.28005027770996,783.3453369140625,373.5597038269043,827.4003601074219,388.33871841430664,830.8045959472656,353.478798866272,834.4399261474609,333.3595275878906,839.2124176025391,316.7647647857666,847.3780822753906,390.5985116958618,855.2748107910156,352.31523513793945,859.0718841552734,327.9247498512268,862.0098876953125,307.6632571220398,864.7689819335938,399.3789052963257,877.7998352050781,365.1512575149536,882.0118713378906,343.7059020996094,884.1539764404297,326.06619358062744,880.1972198486328,413.70314598083496,896.0823059082031,390.9342384338379,903.7596130371094,375.18653869628906,908.88916015625,360.8191251754761,81,1787749284.9693918
807.9128265380859,469.6543264389038,788.3815002441406,442.9672050476074,778.6271667480469,410.9574222564697,774.8747253417969,385.52321434020996,766.3357543945312,367.0691442489624,802.7581787109375,383.734974861145,807.6705932617188,351.47319316864014,811.5149688720703,331.9521188735962,815.7878875732422,315.553457736969,820.5329132080078,385.9878158569336,827.6029968261719,347.69514083862305,830.7952117919922,323.9074444770813,832.4264526367188,303.820595741272,837.5534820556641,395.17444610595703,847.9536437988281,359.29112434387207,851.1371612548828,337.8107500076294,851.3092041015625,319.6568298339844,854.5039367675781,410.791597366333,872.3503112792969,387.94175148010254,879.5822906494141,371.2513303756714,882.6653289794922,355.38795232772827,82,1787749285.0186744
802.0674133300781,471.68649673461914,787.2605895996094,441.3241910934448,783.4072113037109,407.51436710357666,781.4962768554688,382.56192684173584,775.0965118408203,363.4643840789795,814.6127319335938,383.7442874908447,822.5887298583984,355.6164336204529,825.3745269775391,337.7653455734253,826.6238403320312,322.8281021118164,830.8455657958984,389.74990367889404,843.5092163085938,357.4849247932434,848.0812072753906,337.88156032562256,849.4309234619141,321.63546323776245,844.7874450683594,401.08187198638916,860.1461791992188,371.9379758834839,865.4622650146484,352.1506118774414,867.5425720214844,334.6407651901245,856.2796020507812,417.8422021865845,875.8082580566406,399.6049404144287,886.3864898681641,385.719895362854,893.6802673339844,372.7878713607788,83,1787749285.0880558
802.7568817138672,469.6021842956543,787.0456695556641,441.8611478805542,782.5065612792969,406.8388366699219,780.9336090087891,381.047101020813,773.6539459228516,362.7739191055298,812.598876953125,381.3147211074829,820.7001495361328,352.94255018234253,823.0451965332031,335.89573860168457,823.6687469482422,321.4384174346924,830.1617431640625,387.1962261199951,842.9175567626953,355.946044921875,847.4736785888672,336.7933988571167,849.4233703613281,320.45207262039185,844.7685241699219,399.34903621673584,859.5272827148438,369.9006986618042,864.9836730957031,350.78968048095703,868.118896484375,333.45879077911377,856.5321350097656,417.0338487625122,874.8044586181641,398.44566822052,885.1403045654297,384.83073234558105,893.1555938720703,371.486291885376,84,1787749285.151335
807.7593994140625,481.23554706573486,795.0760650634766,448.22587966918945,798.5002899169922,410.44960498809814,805.5451965332031,382.2398042678833,805.8010864257812,359.8181676864624,838.3042907714844,395.18500328063965,855.7907104492188,363.78706455230713,867.6866149902344,344.2389965057373,878.5730743408203,328.990273475647,855.5440521240234,405.1574993133545,878.6034393310547,373.93160820007324,893.4436798095703,352.9909372329712,906.1243438720703,336.3582372665405,867.099609375,419.90346908569336,892.6644897460938,393.43671798706055,907.3809051513672,375.16860008239746,919.5277404785156,359.84245777130127,874.06494140625,438.90432357788086,897.333984375,424.1567659378052,912.4953460693359,413.2807731628418,925.2565765380859,403.1647253036499,85,1787749285.193336
808.0348205566406,487.336950302124,796.1430358886719,453.138484954834,800.1753234863281,414.69830989837646,807.5873565673828,384.738507270813,805.8740234375,360.6509828567505,837.5028991699219,396.79179668426514,855.2993011474609,362.8684186935425,867.2657775878906,342.9817056655884,878.3560180664062,327.0052456855774,855.1971435546875,406.8702507019043,879.3334197998047,374.13442611694336,895.0437927246094,353.4927248954773,908.1764984130859,336.3073396682739,867.3352813720703,422.02966690063477,893.1769561767578,394.5220470428467,908.353271484375,376.3132381439209,920.0569152832031,360.3559398651123,875.0840759277344,441.5899658203125,899.8707580566406,427.09582328796387,915.2016448974609,416.48581981658936,927.6399993896484,406.1617183685303,86,1787749285.247052
808.6186218261719,490.99698543548584,797.0150756835938,456.41944885253906,800.3815460205078,416.9314956665039,807.5572967529297,386.668496131897,805.5581665039062,362.06169605255127,837.9299163818359,397.2591018676758,855.1545715332031,362.32802867889404,866.9038391113281,342.48371601104736,878.1732940673828,326.6250801086426,855.0935363769531,407.1814298629761,878.4922027587891,373.58150482177734,893.9812469482422,352.9052782058716,907.4196624755859,335.87730646133423,867.0140075683594,422.4138021469116,892.5852203369141,394.16374683380127,907.9813385009766,375.7337951660156,920.1862335205078,359.84389543533325,874.8429107666016,442.47711181640625,899.1014099121094,427.33906745910645,914.1893768310547,416.2727451324463,926.5780639648438,405.5364418029785,87,1787749285.2999442
812.4223327636719,494.9946355819702,801.3390350341797,459.9234437942505,806.5278625488281,419.30419921875,814.5274353027344,389.00553703308105,813.455810546875,365.17906665802,844.4918823242188,400.3641128540039,863.6650848388672,366.7951726913452,877.4334716796875,347.7339577674866,889.98779296875,332.9444932937622,862.6677703857422,411.71582221984863,888.36181640625,379.06582832336426,905.2880859375,359.57764863967896,919.7616577148438,344.51998472213745,874.5840454101562,428.50104331970215,903.0055999755859,401.12470149993896,919.2874908447266,384.5477485656738,932.6347351074219,371.147518157959,880.7898712158203,449.60792541503906,905.7207489013672,434.5042133331299,921.6962432861328,424.27860260009766,935.3134155273438,415.21668434143066,88,1787749285.34448
811.4273834228516,498.29349517822266,798.9715576171875,461.1079502105713,806.4553070068359,419.43689346313477,817.2509002685547,389.1347551345825,815.7280731201172,365.32562255859375,847.7988433837891,402.8680944442749,869.4355010986328,370.07261753082275,884.9489593505859,351.08922958374023,899.2806243896484,336.154260635376,865.9505462646484,415.6245517730713,895.8395385742188,385.2843904495239,916.0797882080078,367.2340679168701,933.2859802246094,352.8599166870117,876.9518280029297,433.1830644607544,907.8680419921875,407.85661697387695,926.6384887695312,392.31770038604736,941.8874359130859,378.92356395721436,882.1620178222656,454.380841255188,909.4499206542969,440.8679151535034,927.4130249023438,432.3805046081543,942.7117919921875,424.41108226776123,89,1787749285.3979807
811.0923004150391,497.7915573120117,799.5024871826172,460.64549446105957,807.8357696533203,418.76153469085693,817.5907135009766,388.4064817428589,814.4773864746094,364.95702266693115,849.6879577636719,401.0947036743164,870.9857177734375,367.98967838287354,885.7590484619141,350.0450348854065,899.7579956054688,336.52350425720215,867.0571899414062,414.47171688079834,897.1376800537109,384.6791982650757,916.6920471191406,367.35011100769043,933.4703826904297,353.4336519241333,877.3554992675781,432.5744390487671,908.3161926269531,407.28275299072266,926.4087677001953,391.3280725479126,941.2081909179688,377.2205114364624,882.0507049560547,454.18931007385254,909.3319702148438,441.4101505279541,926.9805145263672,433.39476585388184,942.3904418945312,425.4461145401001,90,1787749285.4488635
811.2767791748047,498.74505043029785,799.6427154541016,461.25553607940674,807.7444458007812,418.9876985549927,817.8436279296875,388.4007740020752,815.1286315917969,364.79626178741455,849.3979644775391,401.60616874694824,871.1064147949219,368.1062364578247,885.9794616699219,349.8697900772095,900.025634765625,336.0456848144531,867.0262145996094,414.879412651062,897.2319030761719,384.7090673446655,916.7247009277344,367.09609508514404,933.4184265136719,352.9998850822449,877.5144958496094,432.85398960113525,908.3834838867188,407.5058698654175,926.4420318603516,391.4935541152954,941.0979461669922,377.4985599517822,882.4477386474609,454.33505058288574,909.4699096679688,441.5300989151001,927.0994567871094,433.33537101745605,942.4922943115234,425.3840160369873,91,1787749285.5010543
809.7515869140625,499.31543827056885,798.5269927978516,460.64433574676514,805.6711578369141,419.5557689666748,815.7079315185547,388.88301372528076,814.4768524169922,363.53081703186035,847.4150848388672,402.6259660720825,869.0164947509766,368.63375186920166,884.0347290039062,349.0633249282837,898.4811401367188,333.57007026672363,865.125732421875,415.6972074508667,895.1629638671875,385.66165924072266,915.4835510253906,367.72390365600586,933.5526275634766,353.1562042236328,875.1587677001953,433.4081983566284,904.7181701660156,408.08441162109375,923.53271484375,391.622257232666,939.4984436035156,377.2805070877075,879.42626953125,454.79557514190674,905.9862518310547,443.3821105957031,924.2302703857422,436.06950759887695,940.5677795410156,428.72952461242676,92,1787749285.564414
810.1383972167969,496.719274520874,797.9550170898438,459.7790336608887,805.5609893798828,419.0759754180908,816.2159729003906,388.8258934020996,814.3477630615234,364.2689609527588,847.2331237792969,400.1342582702637,869.4538879394531,366.7413568496704,885.6243133544922,348.0928587913513,901.0401916503906,333.813099861145,865.5625915527344,414.01814460754395,896.4438629150391,384.87982749938965,917.530517578125,367.7208995819092,935.9082794189453,353.8141179084778,876.0773468017578,432.99771308898926,907.1607971191406,407.87768840789795,925.8171844482422,392.2267198562622,941.5625,378.10933113098145,880.4373168945312,455.8353281021118,908.2359313964844,444.65025901794434,926.7008209228516,437.7196455001831,942.9279327392578,430.28306007385254,93,1787749285.6313891
810.8411407470703,497.03354358673096,798.8170623779297,459.4864797592163,805.6797027587891,419.14528369903564,816.1264038085938,388.73358249664307,814.9933624267578,363.7927722930908,847.1757507324219,401.0933303833008,869.5925140380859,367.2664260864258,885.650634765625,348.43873500823975,900.8841705322266,334.03351306915283,865.5291748046875,414.6687412261963,896.4453887939453,384.9045467376709,917.0561218261719,367.4716901779175,934.9826049804688,353.57967138290405,876.0234832763672,433.2950735092163,906.6817474365234,407.60011196136475,925.120849609375,391.5608882904053,940.6954193115234,377.6329278945923,880.5274963378906,455.8347272872925,907.8066253662109,444.671630859375,926.1337280273438,437.6957416534424,942.4087524414062,430.52231311798096,94,1787749285.689564
809.7879028320312,497.74417877197266,798.9227294921875,460.2590847015381,807.5289916992188,419.86793518066406,817.7865600585938,389.3937921524048,815.2696990966797,364.8537254333496,848.5855865478516,402.29998111724854,872.5221252441406,369.55042362213135,889.8114013671875,349.66302394866943,905.3202819824219,334.2979145050049,866.7850494384766,416.56169414520264,899.8432159423828,388.39789867401123,922.279052734375,370.74480056762695,941.104736328125,356.93702459335327,877.2535705566406,435.7532215118408,910.0346374511719,411.77693367004395,929.6968841552734,396.3745307922363,946.1049652099609,383.11291694641113,881.0438537597656,458.5441017150879,909.9456787109375,449.2085552215576,929.2919921875,442.34102725982666,946.2132263183594,435.4803657531738,95,1787749285.7300034
811.0724639892578,498.37082862854004,799.7614288330078,460.91285705566406,807.7433013916016,420.4443311691284,817.9634094238281,390.09992122650146,815.6315612792969,365.9604263305664,848.9874267578125,403.0413866043091,872.9386901855469,369.6320056915283,889.8125457763672,350.34070014953613,905.2325439453125,335.50156116485596,867.6995849609375,417.18186378479004,900.6910705566406,388.82224559783936,922.4668884277344,371.61628246307373,940.9027099609375,357.76286602020264,878.5486602783203,436.0993766784668,911.4182281494141,411.8540096282959,930.4437255859375,396.10716819763184,946.2584686279297,382.41721630096436,882.7211761474609,458.5344886779785,911.2579345703125,449.009428024292,930.3047180175781,442.37497329711914,946.9652557373047,435.80918312072754,96,1787749285.7840111
814.3880462646484,497.29292392730713,804.7917938232422,459.868426322937,814.2953491210938,420.97012996673584,825.9812164306641,392.94748306274414,825.7390594482422,369.17688846588135,856.3205718994141,405.14119148254395,881.4451599121094,372.24477767944336,900.0481414794922,353.4742498397827,917.0980072021484,339.45384979248047,874.9739837646484,420.26923656463623,908.5337829589844,391.68225288391113,931.6682434082031,375.375452041626,951.4160919189453,363.01111221313477,886.0470581054688,439.8460578918457,919.5934295654297,415.89165687561035,939.9564361572266,401.9642972946167,957.0646667480469,389.946928024292,890.7484436035156,462.7113103866577,919.4704437255859,453.37117195129395,938.7087249755859,447.4934434890747,955.2613830566406,441.5335750579834,97,1787749285.8226929
815.1580810546875,498.95121574401855,806.9120025634766,460.7674169540405,816.3578033447266,420.92730045318604,826.9037628173828,392.4961853027344,826.6378784179688,368.9389228820801,856.1001586914062,405.40327548980713,882.5819396972656,373.739218711853,900.159912109375,355.3539848327637,916.0930633544922,340.8304023742676,874.1993713378906,419.8703384399414,906.2154388427734,391.91275119781494,927.1417999267578,374.8768186569214,944.7286987304688,360.9994125366211,885.3028869628906,438.79008293151855,917.5087738037109,416.11666202545166,936.0544586181641,400.87592124938965,950.7366943359375,387.10803508758545,890.6154632568359,461.37660026550293,918.3578491210938,450.83345890045166,936.104736328125,443.0723476409912,950.9832000732422,435.035719871521,98,1787749285.899439
814.8788452148438,498.92980098724365,806.2933349609375,460.95834732055664,816.1275482177734,421.37885570526123,827.3952484130859,392.8902339935303,827.0011901855469,369.09560680389404,856.3275146484375,405.7281446456909,882.3862457275391,373.9396333694458,900.2017211914062,355.551073551178,916.7462921142578,341.1089873313904,873.9295196533203,420.3003931045532,905.3953552246094,392.1599864959717,926.409912109375,374.9060869216919,944.4983673095703,360.8444023132324,884.7466278076172,439.3060541152954,917.003173828125,416.3184070587158,935.7236480712891,400.72962284088135,950.8590698242188,386.6630458831787,889.8251342773438,461.98938846588135,918.1980133056641,450.5801725387573,936.2599182128906,442.6578712463379,951.5241241455078,434.39722537994385,99,1787749285.9478476
805.1963043212891,491.3916778564453,792.2765350341797,452.70439624786377,798.7142181396484,409.0316390991211,808.6257171630859,376.31452560424805,810.2271270751953,348.56767416000366,831.9877624511719,385.36781787872314,854.1152191162109,353.1784772872925,869.9169921875,334.4974708557129,883.7128448486328,319.4319534301758,848.4079742431641,398.556432723999,872.8160095214844,371.1635684967041,876.4137268066406,358.2040786743164,875.5133819580078,350.30619621276855,860.4381561279297,416.44848346710205,886.4469909667969,392.22787857055664,887.7912139892578,381.0838794708252,882.9502868652344,375.80546379089355,868.2260131835938,437.524938583374,894.1459655761719,420.11645793914795,899.9531555175781,409.8986577987671,898.7868499755859,403.1547260284424,100,1787749285.9981446
794.9942779541016,475.38575649261475,783.9451599121094,429.0359830856323,786.1859130859375,385.1411819458008,790.3330993652344,353.91644954681396,789.9627685546875,327.72592306137085,823.6752319335938,368.2603883743286,847.2516632080078,340.09876012802124,859.4571685791016,319.37496185302734,868.1136322021484,301.1211133003235,837.7314758300781,381.66555404663086,861.6144561767578,353.8632130622864,863.1990814208984,332.4731969833374,859.9131774902344,316.8632769584656,846.7392730712891,398.67350578308105,872.325439453125,375.3600025177002,871.8552398681641,354.72167015075684,864.4873809814453,340.3791046142578,851.48681640625,420.32798767089844,869.2569732666016,405.37907123565674,868.0223846435547,390.6885051727295,859.527587890625,379.0380620956421,101,1787749286.0331264
795.1507568359375,475.59179306030273,782.5283813476562,432.55049228668213,785.0784301757812,386.2943172454834,790.0074005126953,353.7018942832947,788.6629486083984,327.5341558456421,819.9456787109375,368.53620529174805,842.8964996337891,338.96976470947266,857.0519256591797,318.80839347839355,867.78076171875,301.7990255355835,834.9238586425781,381.12821102142334,859.0918731689453,353.7279224395752,860.6606292724609,333.81816387176514,856.9631195068359,320.2639961242676,845.3465270996094,397.62195110321045,871.7184448242188,373.68072509765625,873.0221557617188,353.9760160446167,867.0005798339844,340.72242736816406,851.52587890625,418.6928701400757,871.6654968261719,402.46310234069824,873.6100006103516,387.4599838256836,867.9747009277344,375.2392816543579,102,1787749286.0703902
787.296142578125,454.7403860092163,773.3689117431641,411.15375995635986,771.9948577880859,368.65851402282715,775.7978820800781,337.2197198867798,774.8377227783203,311.54585123062134,805.3741455078125,348.84108781814575,826.2923431396484,319.57194328308105,839.5469665527344,301.16548776626587,850.6243896484375,284.041063785553,822.4173736572266,359.6144485473633,844.5431518554688,330.4667115211487,848.9028167724609,309.94105339050293,848.4015655517578,293.32998275756836,835.6866455078125,374.1682004928589,860.4323577880859,347.72104024887085,861.6270446777344,328.37061882019043,855.4434204101562,314.87112522125244,846.0726165771484,393.91294956207275,868.6629486083984,375.1546096801758,870.5630493164062,359.9657964706421,864.1175842285156,347.5839042663574,103,1787749286.125693
785.1396942138672,435.7315921783447,766.6796112060547,394.8852825164795,763.5005187988281,352.7246046066284,765.6843566894531,321.36979579925537,762.8756713867188,296.2527108192444,800.9820556640625,328.5260581970215,819.9858856201172,300.7389736175537,832.0346832275391,282.94710874557495,840.7047271728516,266.8664073944092,818.0117797851562,338.89150857925415,838.6524200439453,309.2005920410156,840.9294128417969,293.27807664871216,837.1462249755859,283.72310400009155,830.6303405761719,353.6841917037964,851.4218139648438,326.3478899002075,850.7044219970703,315.071861743927,843.1456756591797,311.3723659515381,840.2101135253906,373.78286361694336,861.1138153076172,352.7802014350891,863.0717468261719,341.7510652542114,857.9057312011719,336.06072664260864,104,1787749286.190198
785.328369140625,430.2305316925049,767.9582214355469,394.360728263855,766.2647247314453,351.02588653564453,767.0108795166016,320.17473220825195,762.6420593261719,296.2425398826599,803.1864929199219,325.44638872146606,824.1507720947266,296.43842697143555,840.5329132080078,276.32089376449585,851.3230133056641,261.8378448486328,818.8668060302734,336.69737577438354,841.2815856933594,304.77953910827637,840.4133605957031,294.1866159439087,832.0573425292969,293.7276577949524,831.2065124511719,352.3349118232727,854.6047973632812,324.7248101234436,851.2802886962891,316.7630910873413,841.2515258789062,317.1815586090088,840.5133056640625,373.1496047973633,861.8008422851562,351.42510652542114,861.8103790283203,340.7847189903259,854.4757843017578,336.55487537384033,105,1787749286.22959
784.6853637695312,431.0614585876465,766.9132995605469,396.69755458831787,765.3125,353.0186176300049,767.2206878662109,321.45521879196167,764.0643310546875,295.9950256347656,802.6373291015625,326.782386302948,823.9595031738281,296.1324191093445,839.4844055175781,275.96461057662964,849.8385620117188,260.7953882217407,818.8896179199219,337.73751497268677,842.7040863037109,304.72782611846924,840.5255126953125,292.7973175048828,830.3517150878906,291.7725419998169,831.4408874511719,353.0417060852051,855.4580688476562,323.9670753479004,851.9862365722656,313.701810836792,841.4512634277344,312.94851779937744,840.8952331542969,373.71861934661865,863.7214660644531,350.43065071105957,863.6452484130859,337.85574674606323,855.5887603759766,332.74397134780884,106,1787749286.2810774
770.5091857910156,405.85058212280273,751.7522430419922,370.2873229980469,750.2389526367188,325.72169065475464,752.3680877685547,294.2903423309326,746.4210510253906,271.9804358482361,791.0415649414062,300.75403690338135,813.7168121337891,272.4473977088928,823.5147857666016,253.24949741363525,827.7799987792969,239.68033075332642,808.6595916748047,311.01046085357666,836.3430786132812,278.87643814086914,832.5044250488281,260.6743025779724,820.7577514648438,255.9212350845337,821.7421722412109,325.9671664237976,850.0896453857422,296.3888382911682,841.8771362304688,283.0632162094116,827.7385711669922,283.35808753967285,831.6200256347656,346.1427426338196,856.2527465820312,321.55656337738037,851.5956115722656,307.5209069252014,839.41162109375,304.42402839660645,107,1787749286.3225508
767.2148895263672,397.64761447906494,747.6072692871094,363.5686254501343,745.4358673095703,318.86401176452637,747.081298828125,287.3371124267578,741.5235900878906,263.87149572372437,787.7553558349609,294.42780017852783,809.8499298095703,262.4781632423401,823.663330078125,241.4881181716919,832.2927856445312,225.6166934967041,803.7424468994141,303.9083790779114,830.65673828125,269.4110298156738,827.3728179931641,249.6820306777954,814.7163391113281,243.56002807617188,815.8489227294922,318.84697437286377,844.4829559326172,287.2976517677307,836.1329650878906,273.00804376602173,820.7181549072266,272.1033024787903,825.2370452880859,339.79753732681274,850.1443481445312,315.0385808944702,844.9497222900391,302.9846692085266,831.2873077392578,301.7714309692383,108,1787749286.3831046
764.884033203125,396.253981590271,746.258544921875,362.0542287826538,745.2854156494141,318.9671587944031,746.9011688232422,288.30607652664185,741.3406372070312,264.7491788864136,788.4133911132812,293.87402057647705,810.8591461181641,262.3743510246277,823.1402587890625,241.80019855499268,829.6487426757812,226.86338424682617,804.5810699462891,304.5599627494812,834.6462249755859,270.4679274559021,828.6820983886719,251.48391723632812,813.0825042724609,246.6114377975464,816.7311859130859,319.99212741851807,846.5583801269531,289.9287486076355,835.3023529052734,276.73524141311646,817.7740478515625,277.42165088653564,825.5489349365234,341.10119819641113,851.0742950439453,316.2488794326782,845.1210021972656,303.320996761322,831.1753082275391,301.3626194000244,109,1787749286.4501643
757.2176361083984,393.74794006347656,739.5403289794922,359.5457196235657,739.1121673583984,314.9782633781433,740.2621459960938,283.88017416000366,735.174560546875,259.9678945541382,780.6345367431641,289.75996255874634,803.8355255126953,259.38604831695557,817.3358154296875,238.75449657440186,825.9691619873047,222.5087857246399,797.16796875,299.69980001449585,825.3707885742188,266.57578468322754,822.4400329589844,245.97071170806885,810.7544708251953,237.03680992126465,809.5940399169922,315.19691705703735,837.8568267822266,284.1731357574463,829.7261047363281,269.83971118927,814.7254180908203,267.8472375869751,818.9393615722656,336.7240047454834,844.3873596191406,311.38363122940063,840.6184387207031,297.7265524864197,828.3206176757812,293.957941532135,110,1787749286.499834
757.1531677246094,394.6580457687378,738.7105560302734,359.3362498283386,737.7861022949219,315.64244270324707,739.3756103515625,284.3039631843567,734.781494140625,259.94489192962646,781.2731170654297,290.636830329895,803.3395385742188,260.3725218772888,816.7012023925781,239.22072887420654,824.9528503417969,223.17687034606934,797.7489471435547,300.9304618835449,827.6429748535156,266.6360592842102,823.6167144775391,246.9344401359558,810.60546875,240.54797172546387,810.0985717773438,316.5480637550354,838.9029693603516,285.76497316360474,828.4264373779297,272.8153109550476,812.2275543212891,273.5299801826477,819.0939331054688,338.19544315338135,845.2573394775391,312.6509642601013,841.4453887939453,298.048095703125,829.6253967285156,294.0396738052368,111,1787749286.5426996
751.9039916992188,391.4937686920166,734.0255737304688,356.50750637054443,733.2463073730469,311.88511848449707,736.2991333007812,280.5748128890991,731.2492370605469,257.51858711242676,774.2225646972656,287.9229927062988,797.3346710205078,256.6817378997803,812.5961303710938,235.36778926849365,822.5605010986328,219.527006149292,792.0893859863281,299.21955585479736,824.0179443359375,265.22077560424805,821.0266876220703,252.05690145492554,807.9003143310547,253.31902027130127,805.4744720458984,315.38018703460693,835.2299499511719,284.62730884552,827.6247406005859,274.7448921203613,813.2527160644531,278.5602807998657,815.3245544433594,337.0795154571533,841.1273956298828,310.8645272254944,840.1728057861328,296.5549421310425,831.1595153808594,293.1068015098572,112,1787749286.5941505
750.7418060302734,389.1370725631714,733.0084991455078,354.9674677848816,732.9705810546875,311.1883878707886,735.9064483642578,280.0221920013428,730.4821014404297,256.7531704902649,775.4173278808594,286.55004501342773,797.9460906982422,255.32722234725952,813.3633422851562,234.32820796966553,823.6233520507812,219.16634559631348,792.6132202148438,297.8847813606262,822.2816467285156,262.31467723846436,818.4746551513672,246.87740564346313,805.2504730224609,245.973801612854,805.4142761230469,314.2687225341797,833.7934875488281,283.27929496765137,825.6890869140625,271.1432433128357,810.9584045410156,272.6248526573181,814.7693634033203,336.2610125541687,841.0741424560547,310.77738761901855,839.8501586914062,295.10639905929565,830.1054382324219,289.8898458480835,113,1787749286.6516376
755.1035308837891,389.09106731414795,739.4277954101562,350.85102796554565,741.2889862060547,307.2255849838257,745.3990173339844,274.69064712524414,739.8258972167969,249.0827178955078,779.8642730712891,281.6445207595825,802.0449066162109,249.189190864563,818.326416015625,230.0377893447876,831.695556640625,213.4006690979004,797.2243499755859,293.3846139907837,822.6660919189453,264.1567540168762,833.2908630371094,248.56033086776733,838.3438873291016,236.56787395477295,809.9818420410156,310.4369616508484,835.6721496582031,284.0195417404175,845.5023956298828,268.4174108505249,849.5843505859375,255.7330083847046,818.6097717285156,332.2548222541809,841.2852478027344,311.6306519508362,851.5412902832031,298.1827211380005,856.4739990234375,285.7691788673401,114,1787749286.6975992
762.742919921875,378.53925704956055,748.1261444091797,338.85979413986206,751.6830444335938,297.25184440612793,756.5409088134766,265.26038646698,751.4704895019531,239.30089473724365,794.7340393066406,275.3666067123413,819.1352081298828,242.98961877822876,834.195556640625,224.65184926986694,846.7418670654297,207.84437656402588,812.3357391357422,287.8291368484497,838.5626983642578,255.9481644630432,851.5786743164062,235.22588968276978,860.3260040283203,216.42366886138916,825.2445220947266,305.9091782569885,852.5895690917969,278.75133991241455,865.4481506347656,260.1623010635376,873.9003753662109,242.93627500534058,833.9872741699219,328.54599237442017,858.3892822265625,307.06008195877075,871.7757415771484,291.6197633743286,881.3019561767578,276.64554834365845,115,1787749286.7730327
762.1107482910156,377.9277563095093,747.34375,339.67119455337524,751.2975311279297,297.07584857940674,756.9692993164062,265.100634098053,751.0500335693359,239.78506565093994,794.6139526367188,275.02933502197266,818.1636810302734,244.2157530784607,833.0809783935547,225.88869094848633,846.0723114013672,209.06628370285034,812.5874328613281,287.44723320007324,838.6712646484375,256.2924528121948,852.4604034423828,235.06654500961304,862.3654937744141,214.93424892425537,825.4251861572266,305.38367986679077,852.9605102539062,278.7529706954956,866.4271545410156,260.292227268219,875.5303192138672,242.2767734527588,833.6770629882812,327.88970947265625,857.8874969482422,306.72645807266235,870.7742309570312,291.59379959106445,879.8638153076172,276.13964080810547,116,1787749286.8309212
757.4247741699219,377.55207538604736,742.8507232666016,340.4622960090637,746.1068725585938,297.5719928741455,749.0099334716797,265.2048969268799,742.7642059326172,239.40344095230103,787.4277496337891,273.31546783447266,812.3274993896484,237.9786729812622,829.7557830810547,217.1473503112793,845.6735229492188,199.37936782836914,804.5999145507812,284.63351011276245,831.3591766357422,249.76612329483032,847.3405456542969,225.5297040939331,860.4371643066406,203.68725299835205,817.7455902099609,301.4787697792053,844.8573303222656,270.30654430389404,858.5071563720703,247.6616406440735,868.7310791015625,226.95552349090576,827.4127197265625,323.3454465866089,852.5119018554688,298.69723320007324,866.4479064941406,281.07147216796875,877.2012329101562,263.5846495628357,117,1787749286.887651
753.1958770751953,376.66115283966064,737.1863555908203,339.7610378265381,739.2630004882812,297.599995136261,743.7651062011719,265.9856986999512,738.0317687988281,240.65118312835693,782.8842926025391,273.3954620361328,806.5544128417969,238.3477234840393,822.0610046386719,217.21028566360474,835.8124542236328,198.99935245513916,800.2156066894531,282.98747062683105,825.1486968994141,244.39936637878418,839.8373413085938,218.5538148880005,851.5065002441406,195.31092882156372,813.7026214599609,298.6629009246826,839.4781494140625,263.3245611190796,852.4674224853516,240.07944345474243,861.4572906494141,218.88769626617432,824.4518280029297,320.06521224975586,848.5137939453125,294.43835735321045,861.4891815185547,275.8543610572815,870.6869506835938,257.60692834854126,118,1787749286.9466486
752.9434204101562,377.65228271484375,736.9670104980469,339.62076902389526,738.4490966796875,296.77833795547485,743.1043243408203,265.1639127731323,737.4689483642578,239.91411209106445,782.2988891601562,272.95369148254395,806.3432312011719,238.1548833847046,821.7692565917969,217.0994997024536,835.6528472900391,198.7646484375,799.2133331298828,282.66204357147217,824.1181945800781,244.37683582305908,838.8930511474609,219.1774606704712,850.9578704833984,196.1300754547119,812.452392578125,298.36886644363403,838.9878845214844,263.60846757888794,852.9666137695312,240.36948680877686,862.8944396972656,218.637113571167,823.0517578125,319.882435798645,847.7568817138672,294.68979835510254,861.1589813232422,276.2967538833618,870.4296112060547,257.73234844207764,119,1787749287.0030599
755.272216796875,376.50116443634033,738.9022827148438,337.58838415145874,741.7629241943359,295.2398443222046,747.6321411132812,263.1027102470398,743.7105560302734,236.64301872253418,785.2419281005859,270.0913453102112,811.1184692382812,235.97540616989136,827.6356506347656,215.3757619857788,842.13623046875,198.103666305542,803.0857086181641,280.7413673400879,831.3758087158203,243.7507438659668,847.7212524414062,218.80806684494019,860.6166076660156,196.64791345596313,816.6355895996094,297.370183467865,845.0497436523438,262.751727104187,859.2313385009766,239.10539388656616,869.7171020507812,217.50022172927856,826.6535949707031,319.5794105529785,852.8324890136719,293.8137459754944,867.1784973144531,274.8189854621887,877.5713348388672,256.177396774292,120,1787749287.047074
754.359130859375,377.8300380706787,738.9897918701172,338.6355185508728,742.235107421875,295.849027633667,747.2885131835938,263.3474564552307,741.7990875244141,237.3313593864441,785.1005554199219,271.6071152687073,811.2114715576172,237.77997493743896,827.3014831542969,216.8567705154419,841.6693115234375,198.75357627868652,802.8498077392578,281.69880867004395,831.4155578613281,244.03374910354614,848.3320617675781,218.9983320236206,862.1807098388672,196.28989219665527,816.3357543945312,298.022882938385,844.8287200927734,263.1275796890259,859.7194671630859,239.69030857086182,870.9495544433594,217.79620885849,826.6812896728516,320.12587308883667,852.5759124755859,294.2024517059326,866.9078826904297,275.52348375320435,877.4990844726562,257.09057092666626,121,1787749287.1042364
754.7222900390625,381.12271785736084,737.3506164550781,342.43462085723877,739.35791015625,299.3812823295593,743.2094573974609,266.92421436309814,737.5135040283203,240.01421213150024,783.1891632080078,272.3755145072937,807.3558807373047,236.24886274337769,824.3395233154297,214.82874155044556,840.3717041015625,196.72608375549316,801.1264038085938,282.00586795806885,828.1483459472656,242.21699237823486,845.6690979003906,216.40259742736816,860.8449554443359,193.43891859054565,814.4692230224609,298.50263357162476,841.6902160644531,262.3685359954834,856.6610717773438,238.19355010986328,868.4178924560547,215.88589668273926,824.5554351806641,321.31685972213745,849.669189453125,295.50010442733765,863.453369140625,276.803240776062,873.6582183837891,258.1903409957886,122,1787749287.1634367
755.5199432373047,382.77079582214355,739.1573333740234,342.7924060821533,741.9037628173828,298.24321031570435,747.4216461181641,264.92000341415405,742.9631805419922,237.4088430404663,786.5414428710938,272.09113597869873,813.0046844482422,235.09180068969727,831.2189483642578,213.45633029937744,847.4358367919922,196.01182222366333,804.4344329833984,282.85574197769165,833.7447357177734,243.51440906524658,851.8252563476562,217.48487949371338,866.5068054199219,195.22136449813843,817.6927947998047,300.1786708831787,846.4164733886719,264.1473340988159,861.8133544921875,239.34312343597412,873.5828399658203,217.3813247680664,827.1766662597656,323.5923385620117,853.4817504882812,298.12126636505127,867.5474548339844,278.5404324531555,877.5020599365234,259.53399896621704,123,1787749287.2253218
755.010986328125,384.4540214538574,739.1322326660156,343.7489891052246,742.2571563720703,298.66695642471313,747.2361755371094,265.3686189651489,741.7926025390625,238.56197834014893,786.943359375,273.52410078048706,813.3053588867188,236.9887661933899,830.8052062988281,215.16933917999268,846.7119598388672,197.31621265411377,804.6929168701172,283.82140159606934,833.9445495605469,243.872709274292,852.0149230957031,217.96969413757324,867.0538330078125,195.7761526107788,817.9363250732422,300.56628227233887,846.9837188720703,264.5405673980713,862.7591705322266,240.33798694610596,874.8697662353516,218.6506962776184,827.7579498291016,323.4963798522949,854.3436431884766,297.92383432388306,868.4974670410156,278.81380319595337,878.5011291503906,260.10844230651855,124,1787749287.2743342
753.6798858642578,387.0469665527344,737.2705841064453,345.96930027008057,740.6407928466797,301.2571978569031,745.4788208007812,268.31926345825195,740.181884765625,241.44168376922607,785.5543518066406,275.57942390441895,811.3861083984375,239.5526361465454,827.9617309570312,217.31051445007324,843.0357360839844,198.2535481452942,802.4861145019531,285.3688430786133,831.4253234863281,246.17153406143188,849.1815185546875,220.0504446029663,864.0813446044922,197.2097396850586,814.7480010986328,301.7703151702881,844.2500305175781,265.5774664878845,860.3786468505859,241.52305126190186,873.1014251708984,219.42439556121826,823.5810852050781,324.4351315498352,849.6176910400391,298.25263023376465,864.2352294921875,279.3792986869812,875.3489685058594,261.107919216156,125,1787749287.317577
753.9662933349609,385.5758285522461,737.5754547119141,345.02110719680786,740.3689575195312,300.7585859298706,745.2919006347656,267.91186809539795,740.5148315429688,240.79286813735962,785.5223846435547,274.5186424255371,811.7700958251953,237.74465560913086,828.5556793212891,215.70011615753174,843.7382507324219,197.3853063583374,802.5447845458984,284.67567443847656,831.4873504638672,244.69752073287964,848.8574981689453,218.70794534683228,863.2224273681641,196.49942636489868,815.2340698242188,301.23655557632446,844.4062042236328,264.6186947822571,860.0953674316406,240.25245666503906,872.4942779541016,218.30881118774414,824.5640563964844,323.86837005615234,850.4019927978516,297.820987701416,864.7411346435547,278.8069796562195,875.577392578125,260.3715991973877,126,1787749287.3851655
755.0807952880859,388.4385395050049,740.0372314453125,346.81331634521484,743.8121032714844,301.87384843826294,749.296875,268.62765312194824,745.6105804443359,241.44895792007446,788.8228607177734,277.35989570617676,813.9299011230469,241.3012433052063,830.89111328125,219.80084896087646,846.4745330810547,202.2987699508667,805.5886840820312,287.0338726043701,833.2225036621094,248.61760139465332,851.1264801025391,224.5040488243103,866.8923950195312,204.19790267944336,818.4196472167969,303.0118989944458,845.3079223632812,266.54979944229126,861.0829162597656,243.06529998779297,874.3977355957031,222.57665634155273,827.9910278320312,325.4300808906555,851.9441986083984,299.56753492355347,866.0053253173828,280.9846329689026,876.6056823730469,263.53694915771484,127,1787749287.443787
755.7485198974609,389.8760747909546,740.5746459960938,347.7541708946228,743.8404083251953,303.07416915893555,749.9726867675781,269.5237684249878,746.5918731689453,241.92293643951416,789.0067291259766,279.5255756378174,815.8805847167969,244.13955688476562,834.15283203125,222.93341159820557,850.472412109375,205.4439926147461,806.7523193359375,290.6323456764221,837.6474761962891,252.78448820114136,856.7707824707031,227.75334119796753,872.5917816162109,206.21256351470947,819.4938659667969,308.01018476486206,850.1947784423828,272.58331060409546,867.1558380126953,248.1383228302002,880.4907989501953,226.40049934387207,828.3773803710938,331.528480052948,855.8658599853516,307.29349851608276,871.27685546875,288.4962773323059,882.6540374755859,270.44814348220825,128,1787749287.4877932
755.6394958496094,388.734655380249,740.1124572753906,347.88907527923584,744.2546081542969,303.2701635360718,750.4167175292969,269.9883484840393,746.0041046142578,243.37772369384766,789.3766021728516,279.89928245544434,816.7588043212891,244.97262954711914,834.7833251953125,223.97897958755493,851.0054779052734,206.78659915924072,806.6204833984375,290.90033054351807,837.0991516113281,252.43056535720825,856.0627746582031,227.40038394927979,872.0526885986328,205.99024057388306,819.1427612304688,308.16362857818604,849.4767761230469,272.54505157470703,866.6806030273438,248.27020168304443,880.5636596679688,226.4988613128662,828.1978607177734,331.451575756073,855.5216217041016,307.1772837638855,871.0589599609375,289.0613007545471,882.9714965820312,271.4076232910156,129,1787749287.5136733
753.226318359375,394.7629737854004,737.7213287353516,355.3112840652466,741.2069702148438,311.6150736808777,746.9464111328125,278.0321216583252,744.1621398925781,249.40011978149414,783.4549713134766,285.28414964675903,809.8225402832031,249.23815727233887,827.6338195800781,228.48227977752686,843.9333343505859,211.09034299850464,800.9850311279297,295.96455574035645,830.3722381591797,256.689612865448,849.3142700195312,231.6045641899109,865.1758575439453,209.6044635772705,814.0370178222656,313.1012964248657,843.2099151611328,276.9835925102234,859.4711303710938,253.32726001739502,871.6851043701172,231.74622774124146,824.3418121337891,336.5392541885376,852.2274780273438,311.6267251968384,867.6709747314453,294.1543436050415,878.3221435546875,276.7363142967224,130,1787749287.5651107
754.3277740478516,396.0966968536377,737.8595733642578,356.49038314819336,740.5730438232422,311.8563437461853,746.9754791259766,278.1028461456299,744.6201324462891,249.44337844848633,783.4400939941406,285.7248902320862,809.8320007324219,250.2707004547119,827.5495910644531,229.1864776611328,843.5898590087891,211.54428005218506,801.0218811035156,296.6900396347046,830.1392364501953,257.98112869262695,849.0496063232422,232.8664255142212,864.7724914550781,210.86690425872803,813.9791870117188,313.90042304992676,843.0313110351562,278.5134172439575,859.3723297119141,254.53601360321045,871.6647338867188,232.52645015716553,823.8922119140625,337.03080654144287,851.4492034912109,312.27006912231445,866.6191101074219,294.1264486312866,877.2943115234375,275.9947156906128,131,1787749287.614827
744.2765808105469,408.78594875335693,730.6382751464844,366.86147689819336,735.6036376953125,322.6139974594116,740.2458190917969,290.19604682922363,736.0972595214844,263.94432306289673,772.6290130615234,299.50719594955444,797.9329681396484,264.45980072021484,815.4506683349609,244.69707012176514,831.8162536621094,228.45869779586792,789.6426391601562,310.747754573822,818.5023498535156,272.57221698760986,837.9159545898438,248.61418962478638,854.5721435546875,228.53410005569458,801.6598510742188,328.25275182724,830.8321380615234,293.50853204727173,847.366943359375,270.9220576286316,860.1372528076172,250.64962148666382,810.2166748046875,351.8769836425781,838.1959533691406,328.490846157074,854.1425323486328,312.4047803878784,865.8635711669922,296.7707419395447,132,1787749287.6419272
746.6675567626953,419.56074714660645,729.4305419921875,380.7725715637207,730.2767944335938,336.81386947631836,733.5008239746094,303.17068576812744,729.5908355712891,275.04671573638916,769.715576171875,308.688440322876,793.9769744873047,273.9585542678833,810.965576171875,253.89689683914185,826.8468475341797,237.42847681045532,786.6859436035156,318.34660291671753,813.6451721191406,280.5545997619629,831.2294006347656,255.9886121749878,846.0945892333984,235.18473386764526,799.2967987060547,334.2172336578369,827.1761322021484,298.6594033241272,841.9046783447266,275.29738426208496,852.8041839599609,254.44823026657104,808.9506530761719,356.5592408180237,836.3985443115234,333.0924654006958,851.1093902587891,316.1445093154907,860.7598114013672,299.6172523498535,133,1787749287.7483723
747.3670959472656,417.69354343414307,729.9617004394531,378.86369705200195,730.6796264648438,335.1536250114441,734.3360900878906,302.1477770805359,731.6645812988281,274.62541580200195,769.9934387207031,308.45815658569336,794.5761871337891,273.8907480239868,811.9260406494141,254.14529085159302,827.894287109375,238.68926525115967,787.1279907226562,318.1472182273865,813.2280731201172,280.2301597595215,830.5078887939453,256.1849069595337,845.2086639404297,236.17710828781128,800.0060272216797,334.0344786643982,826.4010620117188,298.12294006347656,840.7759857177734,274.55185890197754,852.0353698730469,253.38661193847656,809.8119354248047,356.26368284225464,835.6705474853516,332.9069423675537,849.6159362792969,315.67909240722656,859.2206573486328,298.6679434776306,134,1787749287.7923133
752.9652404785156,420.2149486541748,735.4773712158203,382.59703159332275,736.5264129638672,337.0745801925659,739.2616271972656,303.9025640487671,735.7784271240234,277.62466192245483,779.3439483642578,312.462694644928,803.4608459472656,278.87635231018066,820.4961395263672,259.434757232666,835.8950042724609,244.02973651885986,795.9342956542969,322.4526357650757,822.1601104736328,286.3755941390991,839.0976715087891,263.5337734222412,853.3815002441406,245.06099224090576,807.9901123046875,337.86821365356445,834.3585968017578,304.7006821632385,848.6632537841797,282.7703619003296,860.0252532958984,263.84806394577026,816.0871124267578,359.07538890838623,840.1131439208984,336.6254711151123,853.4358978271484,320.5529022216797,863.1594848632812,305.66659927368164,135,1787749287.843517
753.45458984375,419.74292278289795,735.3753662109375,382.17010974884033,736.4649200439453,336.6496753692627,739.8532867431641,303.4439277648926,736.0890197753906,277.8924536705017,778.0846405029297,311.4336919784546,802.6434326171875,278.8418698310852,819.5589447021484,258.9280128479004,834.0560913085938,243.17851066589355,794.9770355224609,321.4992070198059,820.7882690429688,286.57047271728516,836.8556976318359,263.4437370300293,849.8168182373047,244.30615425109863,807.6526641845703,336.8906235694885,833.6331939697266,303.7163972854614,847.7918243408203,281.0856771469116,858.6670684814453,261.22859716415405,816.2660980224609,358.0203580856323,840.1158905029297,336.3100218772888,853.6974334716797,320.519814491272,863.5525512695312,305.5379605293274,136,1787749287.9029722
772.6727294921875,427.8563690185547,762.1091461181641,387.800989151001,770.4023742675781,341.6619086265564,778.1562805175781,308.68987798690796,774.8641967773438,282.47613430023193,819.9651336669922,322.9420208930969,855.6723022460938,295.8397150039673,881.6291046142578,279.7131371498108,905.5658721923828,267.0573377609253,835.1155853271484,338.6921453475952,874.7730255126953,310.0999903678894,903.3991241455078,291.48706912994385,929.5253753662109,277.1287536621094,845.7530212402344,359.2443251609802,884.53857421875,331.38673067092896,911.6719818115234,314.03931856155396,935.7633972167969,300.0661253929138,851.7486572265625,383.91607761383057,884.2620849609375,362.5659513473511,907.9513549804688,348.65086555480957,927.9275512695312,337.29997158050537,137,1787749287.940487
786.6098022460938,436.7210054397583,773.4018707275391,397.79412746429443,779.5394897460938,352.1230173110962,788.4711456298828,320.28920888900757,787.4839782714844,295.18308877944946,833.5686492919922,332.1421480178833,869.3441772460938,301.8066644668579,894.7673034667969,287.2155976295471,917.249755859375,276.5188407897949,849.9560546875,345.8756375312805,889.7904205322266,314.7628712654114,917.5878143310547,297.5876569747925,941.8889617919922,284.9694085121155,860.3746032714844,364.15995597839355,898.2205963134766,335.99257707595825,923.3309936523438,319.40747022628784,945.3119659423828,306.52778148651123,865.8409118652344,387.05009937286377,896.6891479492188,366.55158519744873,917.0034027099609,352.64137029647827,934.8700714111328,340.6730532646179,138,1787749287.9850237
785.5283355712891,437.0998191833496,772.8671264648438,397.65388011932373,779.9961853027344,352.16657638549805,788.3177185058594,320.727481842041,787.7434539794922,294.819016456604,835.4766082763672,331.6245675086975,870.2626037597656,301.8116855621338,895.1923370361328,286.85723304748535,917.4568176269531,276.13526344299316,851.1369323730469,346.11950397491455,890.7144165039062,314.5866823196411,918.4866333007812,297.4069833755493,942.9090118408203,285.28271198272705,860.7328796386719,365.2776002883911,898.6711120605469,336.0364580154419,923.765869140625,318.80099058151245,945.8554840087891,305.7951521873474,865.32958984375,388.8705253601074,895.9117126464844,366.81697368621826,916.427001953125,352.39237546920776,934.3515014648438,340.4064202308655,139,1787749288.0362668
798.363037109375,444.76797580718994,786.5290832519531,404.1491174697876,795.8576202392578,359.8132538795471,805.6022644042969,328.22052240371704,802.2896575927734,304.1928005218506,850.3897857666016,338.43759298324585,886.2570190429688,313.31310510635376,911.4586639404297,301.52498960494995,934.8980712890625,291.7232322692871,864.5320892333984,354.27687406539917,903.6281585693359,330.95489501953125,930.0923156738281,318.88059854507446,954.754638671875,309.24533128738403,872.8761291503906,374.0521574020386,910.5256652832031,352.78215408325195,935.4164123535156,339.6435570716858,958.7538909912109,328.7262153625488,876.2136077880859,398.2384729385376,907.6152801513672,382.28113174438477,928.3393859863281,371.19279384613037,947.0821380615234,361.01112842559814,140,1787749288.0788813
798.5624694824219,442.60040760040283,787.6972961425781,402.76050567626953,797.9898834228516,358.3849024772644,807.2762298583984,327.5351643562317,802.4472045898438,303.4798049926758,851.7862701416016,338.81192207336426,887.5946807861328,313.89548778533936,913.028564453125,301.8956923484802,936.3130187988281,292.62898206710815,865.5209350585938,354.85586643218994,904.9324035644531,330.93637704849243,931.6873168945312,318.2523822784424,956.3592529296875,309.1624617576599,873.0748748779297,374.80437755584717,910.9506225585938,351.9655179977417,935.5609130859375,338.0521059036255,958.3088684082031,327.2486615180969,875.4210662841797,398.95657539367676,906.46728515625,382.4458837509155,926.9834899902344,371.30420207977295,945.2327728271484,361.56962871551514,141,1787749288.1260016
808.7123107910156,452.7873945236206,798.7117767333984,414.0553951263428,810.6790924072266,371.2824010848999,823.5923004150391,340.6665301322937,826.4589691162109,313.87630462646484,873.1795501708984,355.42526721954346,913.9676666259766,332.34500885009766,942.8089141845703,321.7982840538025,969.0641784667969,314.44918155670166,886.8209838867188,371.59027576446533,933.9476776123047,347.36037969589233,966.8377685546875,334.40526723861694,996.6189575195312,324.3855857849121,893.0675506591797,391.93146228790283,938.8050079345703,369.490385055542,968.7621307373047,356.9522166252136,995.7823944091797,345.93520402908325,893.8870239257812,416.58512592315674,929.9311828613281,400.1539993286133,954.1641235351562,389.6863031387329,975.5922698974609,379.66552734375,142,1787749288.192935
806.7164611816406,453.94984245300293,798.0467224121094,414.55188274383545,811.4304351806641,372.87683486938477,825.216064453125,343.23235273361206,827.9241943359375,315.88993549346924,873.1960296630859,356.45291805267334,913.6460876464844,331.98153734207153,941.7613983154297,320.1537036895752,967.596435546875,312.2547698020935,886.7887878417969,372.0568084716797,933.4558868408203,346.8328857421875,966.1114501953125,333.4978222846985,995.687255859375,324.23900842666626,893.0704498291016,392.1466827392578,938.2132720947266,368.45998764038086,967.7775573730469,355.26012897491455,994.8204040527344,344.5086336135864,894.2558288574219,417.38489627838135,929.2572784423828,399.62214946746826,952.6510620117188,388.72169494628906,973.6604309082031,378.52221965789795,143,1787749288.253349
813.7133026123047,461.3057470321655,803.9020538330078,418.40988636016846,815.7270812988281,373.62128734588623,830.8906555175781,342.9977345466614,836.5821075439453,314.8812747001648,873.7139892578125,361.58374786376953,917.6894378662109,334.9889373779297,947.9618072509766,322.5837206840515,975.3018188476562,313.9653968811035,888.0357360839844,377.86810398101807,937.5533294677734,350.25877475738525,972.7493286132812,335.3111672401428,1004.2057800292969,324.5257902145386,895.0270080566406,398.951210975647,942.0697021484375,372.2567081451416,974.2166137695312,357.2383761405945,1003.6683654785156,345.7446599006653,897.1730804443359,424.80045318603516,933.1371307373047,405.249080657959,957.9812622070312,392.42936611175537,981.4377593994141,381.32776737213135,144,1787749288.3125541
815.7667541503906,459.7988176345825,805.0313568115234,417.75598526000977,816.2489318847656,374.5013093948364,831.1842346191406,345.11871814727783,838.0828094482422,317.2661876678467,875.1776123046875,361.4680480957031,918.8333129882812,335.27981758117676,948.9125061035156,323.0015015602112,976.1565399169922,314.34245109558105,890.2477264404297,377.9684829711914,940.2387237548828,350.2286911010742,975.1572418212891,334.54004287719727,1006.1137390136719,323.0110716819763,897.4085998535156,399.29637908935547,944.3108367919922,372.1935796737671,975.9622192382812,356.33777618408203,1004.8164367675781,343.9897871017456,899.4004821777344,425.31320571899414,934.6173095703125,405.5832624435425,959.2163848876953,392.5586271286011,982.2935485839844,381.0211372375488,145,1787749288.3541656
815.5887603759766,459.40112113952637,804.8879241943359,417.28155612945557,816.1846160888672,374.28600311279297,830.9880828857422,344.86315727233887,837.8807830810547,316.6234016418457,874.4870758056641,360.9586000442505,918.5653686523438,334.95044231414795,949.1112518310547,323.03433179855347,976.5843963623047,314.7943925857544,889.6393585205078,377.60297298431396,939.9588012695312,349.9267601966858,975.0613403320312,334.5521879196167,1005.8128356933594,323.58285427093506,896.8618011474609,399.11943912506104,944.4525146484375,372.18903064727783,976.2708282470703,356.35380506515503,1004.9573516845703,344.15876626968384,898.8965606689453,425.39440155029297,934.7446441650391,405.8399820327759,959.4948577880859,393.01374435424805,982.5142669677734,381.67237758636475,146,1787749288.4000292
816.1477661132812,460.8847904205322,804.29443359375,418.65167140960693,816.1463928222656,375.12396812438965,832.3577117919922,345.00643014907837,838.3776092529297,316.4453458786011,876.2786865234375,361.7716312408447,919.7673034667969,335.63685178756714,949.4882202148438,323.2075595855713,976.3705444335938,314.29097414016724,891.3988494873047,378.26773166656494,940.5469512939453,350.4754328727722,974.7292327880859,334.59699153900146,1004.9220275878906,322.97510862350464,898.5212707519531,399.640474319458,945.1996612548828,372.6104164123535,976.3649749755859,356.3592767715454,1004.7023010253906,343.6982202529907,900.3542327880859,425.826473236084,935.6551361083984,405.72393894195557,959.935302734375,392.54446506500244,982.5750732421875,381.05671405792236,147,1787749288.4380097
815.8945465087891,460.99860191345215,804.5313262939453,418.4827995300293,816.3758087158203,375.1247835159302,832.2696685791016,345.02009868621826,838.0937194824219,316.41124963760376,876.3978576660156,361.804461479187,919.5964813232422,335.7051086425781,949.2201995849609,323.18421363830566,975.9874725341797,314.31095123291016,891.4449310302734,378.3401298522949,940.3131103515625,350.44723749160767,974.3500518798828,334.5861768722534,1004.3218231201172,323.13565492630005,898.4511566162109,399.8165559768677,945.2529907226562,372.6472806930542,976.3676452636719,356.211519241333,1004.5413970947266,343.4128761291504,900.1304626464844,426.21691703796387,935.6436920166016,406.1932611465454,959.9920654296875,392.83839225769043,982.5834655761719,381.062593460083,148,1787749288.4828794
815.9449768066406,462.50990867614746,804.7096252441406,420.5642795562744,816.5348815917969,376.9288158416748,832.8574371337891,346.3691210746765,839.5475006103516,317.296142578125,877.2489166259766,362.3560094833374,920.5591583251953,336.16041898727417,949.9364471435547,323.62008333206177,976.4067077636719,314.7567343711853,892.3307800292969,378.5172414779663,941.3348388671875,350.37063360214233,975.2727508544922,334.4967842102051,1005.1236724853516,322.9599380493164,899.3167877197266,399.8106336593628,946.0334777832031,372.6485252380371,977.0362854003906,356.23568058013916,1004.9265289306641,343.22190284729004,900.8753967285156,426.27116203308105,936.4448547363281,406.5860652923584,960.6265258789062,393.1395721435547,982.8043365478516,381.0840940475464,149,1787749288.5088863
815.4664611816406,462.99442291259766,804.5790100097656,420.49582958221436,816.7840576171875,376.925253868103,832.8759002685547,346.54728412628174,839.6158599853516,317.38914012908936,877.4974060058594,362.32343673706055,920.797119140625,335.8135986328125,950.2333831787109,323.26189041137695,976.7991638183594,314.3198561668396,892.1289825439453,378.5008478164673,941.1894226074219,349.805223941803,975.0959014892578,333.9191436767578,1004.9745178222656,322.3920178413391,898.7867736816406,399.8918294906616,945.6768035888672,372.4863910675049,976.7117309570312,356.203408241272,1004.5752716064453,343.30174684524536,900.2156066894531,426.5091276168823,936.1149597167969,406.52177810668945,960.5233001708984,392.9594135284424,982.8475189208984,380.87453842163086,150,1787749288.5630035
812.8179931640625,459.3861436843872,792.7362823486328,421.70612812042236,795.2735900878906,374.24437522888184,808.1239318847656,341.5073275566101,817.6224517822266,313.61040115356445,855.3180694580078,342.6167964935303,890.2260589599609,314.2367935180664,916.4204406738281,301.34526014328003,939.9652862548828,293.5891056060791,873.4578704833984,357.0784091949463,910.91552734375,330.7582998275757,936.9872283935547,317.65796184539795,962.4505615234375,309.4262409210205,885.7088470458984,374.83596324920654,920.1831817626953,352.48125314712524,944.5997619628906,338.7445878982544,967.5579833984375,330.10881900787354,892.5022888183594,396.5001440048218,921.0249328613281,378.1189012527466,940.5484771728516,367.1077251434326,957.7603149414062,359.016273021698,151,1787749288.607045
746.9100189208984,413.57959270477295,725.0835418701172,382.59140968322754,727.9206085205078,346.2352252006531,732.706298828125,319.346981048584,730.0004577636719,299.65707778930664,763.9166259765625,329.3411922454834,775.6642913818359,289.0528893470764,787.1610260009766,261.4185619354248,797.8572082519531,240.37081718444824,770.4976654052734,332.1945261955261,782.1377563476562,290.47216415405273,791.9598388671875,262.4333167076111,802.4945068359375,237.35584259033203,772.6230621337891,333.27961921691895,782.5422668457031,293.94116163253784,791.8610382080078,268.1000304222107,802.1652221679688,245.52220344543457,769.5016479492188,332.2767734527588,779.1217803955078,298.89254093170166,786.7395782470703,277.8666830062866,794.1336059570312,259.33100938796997,152,1787749288.8448174
741.2734985351562,409.33977127075195,717.5311279296875,374.92406845092773,720.6941986083984,339.2996549606323,720.7990264892578,316.70852422714233,716.8299865722656,299.5488452911377,759.3192291259766,321.9248628616333,768.9274597167969,285.18179655075073,778.4906768798828,256.62418842315674,787.2459411621094,234.09271001815796,764.4979095458984,325.27573585510254,773.2960510253906,285.71261644363403,781.9438171386719,256.4712595939636,791.6011810302734,230.97568273544312,763.9484405517578,327.2444772720337,771.9037628173828,290.1445698738098,779.2029571533203,263.24965238571167,787.8218078613281,240.1525068283081,755.9339141845703,327.36627101898193,764.4066619873047,297.4856901168823,771.6452789306641,276.8347406387329,778.9714813232422,259.0519094467163,153,1787749288.892366
742.3622894287109,410.3501272201538,719.5050811767578,376.9387722015381,721.4127349853516,340.8018207550049,721.7771148681641,317.57453441619873,718.0845642089844,300.00561475753784,756.9441986083984,322.07444429397583,767.8591918945312,285.39090156555176,777.4657440185547,257.69861698150635,786.4756774902344,236.01465225219727,761.8646240234375,324.57677364349365,771.6277313232422,285.49625873565674,780.0136566162109,257.96709537506104,789.9403381347656,233.90785217285156,762.9365539550781,326.4739751815796,771.5681457519531,290.175940990448,779.3890380859375,264.32066917419434,788.8218688964844,242.22259283065796,758.5459136962891,327.4640107154846,766.8659210205078,297.5643539428711,773.6444091796875,277.7497172355652,780.8585357666016,260.67917346954346,154,1787749288.9399092
737.8229522705078,402.5339126586914,716.9928741455078,367.68218994140625,720.2728271484375,337.0393466949463,719.1519165039062,317.5635051727295,714.2324829101562,302.2418260574341,753.4807586669922,314.6455407142639,760.0046539306641,281.23974323272705,766.8409729003906,257.726469039917,774.4117736816406,238.62431287765503,758.8587188720703,315.87066650390625,764.5693969726562,277.34217166900635,770.9650421142578,252.3450779914856,779.2185974121094,232.18531608581543,757.5155639648438,316.70560598373413,763.4446716308594,279.26969289779663,768.9431762695312,254.7531008720398,776.636962890625,235.1149320602417,749.4253540039062,315.6437087059021,755.1869201660156,283.7240266799927,760.3629302978516,264.2610812187195,766.3060760498047,248.3946990966797,155,1787749288.9954224
734.9476623535156,400.6573963165283,716.0172271728516,367.8239393234253,720.3655242919922,336.6885781288147,720.4495239257812,316.62960290908813,715.4660797119141,301.7132592201233,753.1259155273438,314.60771083831787,760.369873046875,280.041868686676,767.3490905761719,254.7502899169922,774.9547576904297,235.07551431655884,757.7706146240234,316.0116219520569,764.0998840332031,276.47438049316406,770.9279632568359,250.28194427490234,779.5175933837891,228.27701568603516,756.7525482177734,317.3733687400818,763.0481719970703,279.7168707847595,768.6085510253906,254.92386102676392,776.4453887939453,234.58855390548706,749.5920562744141,317.16583013534546,755.2418518066406,286.6947340965271,760.4488372802734,267.0853614807129,766.5030670166016,250.86636543273926,156,1787749289.051231
734.1065216064453,397.50646591186523,717.1858978271484,369.4477701187134,717.8858947753906,339.1590213775635,716.3852691650391,318.801805973053,713.1114959716797,301.8844270706177,747.2126770019531,311.81379318237305,753.13232421875,277.79911279678345,757.9611206054688,254.23936128616333,761.6996002197266,234.55437183380127,749.3637847900391,310.9501004219055,755.5888366699219,273.29774379730225,759.7841644287109,248.50106477737427,764.144287109375,227.16595888137817,746.5582275390625,310.63992977142334,752.5154113769531,275.01946449279785,755.8956146240234,252.29291439056396,759.7173309326172,233.02177906036377,738.8127136230469,310.0969648361206,745.1660919189453,282.49645471572876,749.3463897705078,264.4799065589905,753.4164428710938,248.72703552246094,157,1787749289.091216
732.1312713623047,388.62874031066895,720.4761505126953,363.75929832458496,721.0385894775391,335.54009914398193,718.5438537597656,316.8499946594238,714.515380859375,300.95181226730347,750.3112030029297,306.90751791000366,757.5630950927734,270.98243951797485,763.0379486083984,245.78465223312378,767.7568817138672,225.0566267967224,751.4543914794922,304.45215940475464,758.3023834228516,264.3880891799927,763.5551452636719,237.26211547851562,769.0964508056641,215.26019096374512,746.3806915283203,303.1959843635559,751.6058349609375,265.2944612503052,755.2366638183594,241.25422954559326,759.7634124755859,221.59651279449463,735.7394409179688,302.3927593231201,740.7712554931641,274.39584016799927,744.6289825439453,254.96950149536133,748.7887573242188,238.17651271820068,158,1787749289.1416726
732.8708648681641,388.71774673461914,720.61279296875,362.8640842437744,720.7781982421875,334.5144009590149,717.7159118652344,316.76021575927734,714.2652130126953,302.23371505737305,750.3500366210938,306.92779541015625,758.3320617675781,269.3067455291748,763.7000274658203,243.1012201309204,768.1182861328125,222.0526385307312,751.3935089111328,305.7982850074768,758.5502624511719,265.3188157081604,762.9238891601562,237.8172469139099,767.6009368896484,214.67649936676025,746.8357849121094,305.32994985580444,752.0901489257812,267.1090078353882,753.1122589111328,243.3269762992859,754.8690032958984,224.4713044166565,737.0938110351562,304.8365092277527,741.9803619384766,276.7663550376892,744.5697784423828,257.6218628883362,747.3827362060547,241.3289451599121,159,1787749289.185756
732.4065399169922,386.4773941040039,717.1160125732422,360.2225589752197,718.4821319580078,332.3027801513672,715.2737426757812,314.9071955680847,711.6127777099609,300.37816286087036,751.3174438476562,303.1650638580322,758.8134765625,266.16379737854004,764.4375610351562,239.60503578186035,769.0369415283203,217.8726625442505,752.7727508544922,301.8946623802185,761.3099670410156,260.1305866241455,766.8864440917969,231.3720703125,772.3787689208984,206.75325393676758,747.6169586181641,301.58912658691406,754.5526123046875,261.8914461135864,757.5000762939453,236.4909052848816,761.2091064453125,215.6393051147461,735.9463500976562,301.1793923377991,740.9125518798828,271.8297815322876,744.1973114013672,251.99252843856812,748.1254577636719,234.85919952392578,160,1787749289.230851
731.7180633544922,391.9124507904053,715.6174468994141,363.75805377960205,717.5889587402344,334.6719217300415,716.8767547607422,316.57492876052856,714.7116088867188,300.0620698928833,751.2549591064453,305.9217309951782,759.6875,267.0012044906616,764.9974060058594,239.15103435516357,769.3875122070312,216.30449295043945,752.4184417724609,305.76390981674194,759.3833923339844,263.57823371887207,763.3368682861328,234.95537281036377,767.8804779052734,210.41232347488403,746.8858337402344,306.39070987701416,752.5373077392578,266.8664073944092,753.7620544433594,241.5968656539917,755.8403015136719,221.35850429534912,734.737548828125,306.8404197692871,738.8662719726562,277.6452827453613,740.7984161376953,258.1335425376892,743.1699371337891,241.49981260299683,161,1787749289.2929215
733.2264709472656,384.3486213684082,722.6197814941406,357.049355506897,726.4937591552734,329.9443030357361,728.7356567382812,310.66898345947266,724.7193908691406,295.31558990478516,756.8133544921875,296.26635789871216,766.2085723876953,259.438533782959,772.7216339111328,233.11344623565674,779.2041015625,211.73392295837402,757.2293853759766,297.1642541885376,764.3914794921875,258.59443187713623,770.2168273925781,230.78155517578125,776.2023162841797,208.22636604309082,752.1115875244141,301.09787464141846,756.5521240234375,265.5443787574768,758.1836700439453,242.27887630462646,761.2971496582031,223.44966173171997,741.9206237792969,306.5297770500183,741.5949249267578,283.17018270492554,742.0941162109375,267.990038394928,744.1621398925781,256.0265064239502,162,1787749289.3484783
743.4990692138672,386.69334411621094,734.9343872070312,353.15579652786255,739.4789123535156,325.3799772262573,738.4711456298828,308.7386083602905,736.2750244140625,294.808566570282,771.678466796875,299.9337100982666,782.8974914550781,262.00525760650635,791.5357971191406,237.38142013549805,798.9994049072266,216.8428874015808,771.2509918212891,302.47440576553345,777.7056884765625,263.0638074874878,783.1612396240234,237.18098402023315,788.7799835205078,216.18342876434326,763.858642578125,306.14542722702026,768.6160278320312,268.91956329345703,771.6264343261719,245.0732445716858,775.5095672607422,226.55156135559082,750.7199859619141,309.4488573074341,754.1600036621094,282.06045627593994,758.1197357177734,264.2227792739868,762.4668884277344,249.44286346435547,163,1787749289.401286
741.5226745605469,384.0551233291626,734.6308135986328,349.7282338142395,741.2546539306641,322.64734268188477,742.7455139160156,306.0815691947937,741.4210510253906,291.847665309906,771.7747497558594,299.6877408027649,781.7340850830078,262.1576714515686,789.0882873535156,237.50819206237793,795.8047485351562,216.47323608398438,771.8873596191406,301.3461399078369,781.3173675537109,260.5904245376587,788.2791900634766,233.8658595085144,795.3826904296875,212.01480388641357,764.6007537841797,303.6889100074768,771.9569396972656,265.01864433288574,775.7491302490234,240.63088417053223,780.5487060546875,221.32084608078003,750.9865570068359,305.17996072769165,757.5977325439453,275.9838581085205,761.8921661376953,256.80803775787354,766.2731170654297,240.65661191940308,164,1787749289.4414937
744.9152374267578,390.46010971069336,756.4595031738281,356.9103956222534,768.6220550537109,324.0203547477722,775.7672882080078,301.266188621521,779.8353576660156,282.4005603790283,782.4224090576172,308.8120365142822,795.6182098388672,270.958514213562,806.6515350341797,244.44532871246338,816.4544677734375,221.99729919433594,780.2320861816406,309.9111843109131,793.1060028076172,268.42668056488037,803.6550140380859,239.3438959121704,812.9991912841797,214.51470851898193,771.7372894287109,311.99418783187866,783.3336639404297,271.66425704956055,792.5862121582031,243.9280915260315,801.1463165283203,221.2927794456482,758.3204650878906,314.3070888519287,766.4883422851562,283.99617433547974,775.1318359375,263.7758159637451,782.7229309082031,246.49693965911865,165,1787749289.4813285
745.4974365234375,388.7312650680542,755.2860260009766,354.591121673584,767.8945159912109,322.3712682723999,776.2482452392578,300.9323716163635,782.7412414550781,283.7232971191406,780.4190063476562,305.2072548866272,793.6305999755859,267.6815629005432,805.0054931640625,242.43611812591553,815.3080749511719,220.99041938781738,779.183349609375,306.3254141807556,793.5407257080078,264.7280430793762,804.5610046386719,236.31385803222656,814.4499206542969,212.2005844116211,772.093505859375,307.64124155044556,785.9593200683594,267.8423023223877,796.1631774902344,240.82453966140747,805.7230377197266,218.75701904296875,760.0513458251953,309.11171436309814,770.152587890625,278.5668683052063,778.7273406982422,258.14124584198,786.0438537597656,240.65916538238525,166,1787749289.5198507
751.2221527099609,391.6555166244507,764.9412536621094,353.45738410949707,778.0303955078125,321.87233448028564,786.8423461914062,299.817430973053,793.1181335449219,282.0599842071533,791.93115234375,309.95384216308594,807.0169830322266,273.356409072876,819.5192718505859,247.5598669052124,831.1534881591797,225.58534383773804,790.0198364257812,312.54571437835693,806.4445495605469,269.6027970314026,819.3280792236328,240.4967737197876,830.6917572021484,216.14913940429688,780.1138305664062,315.62113523483276,795.2719116210938,273.47888946533203,807.393798828125,244.35467004776,818.6646270751953,221.5543270111084,763.851318359375,318.1505227088928,772.9691314697266,286.9382572174072,782.2229766845703,265.0746703147888,790.6856536865234,246.6324019432068,167,1787749289.5565639
751.043701171875,395.3272247314453,762.8010559082031,358.2961320877075,777.2502136230469,326.94531440734863,787.9889678955078,305.70874214172363,794.7997283935547,288.0130934715271,790.3919982910156,311.49699211120605,804.9811553955078,273.2058620452881,817.5951385498047,247.58179664611816,829.3319702148438,226.0771107673645,788.7458038330078,314.21396255493164,805.3363037109375,270.98331928253174,818.0899810791016,241.8726396560669,829.3858337402344,218.1158208847046,779.8000335693359,317.41570472717285,794.5953369140625,275.1461720466614,806.3874816894531,245.40708303451538,817.5062561035156,222.66761541366577,764.6724700927734,320.0876784324646,774.3025970458984,287.0880961418152,783.9970397949219,264.0810298919678,792.8189849853516,245.26230812072754,168,1787749289.5921612
754.3270874023438,394.9983215332031,772.1866607666016,362.9499578475952,784.9596405029297,333.5561442375183,792.2623443603516,313.17365169525146,794.693603515625,296.7185139656067,797.1652984619141,317.23129749298096,814.2314147949219,277.5646662712097,827.5640869140625,251.86848163604736,839.9383544921875,230.46810150146484,794.6147155761719,317.87408351898193,812.0558166503906,272.87408351898193,825.2168273925781,243.70720624923706,837.4848937988281,218.9349889755249,785.1336669921875,319.01814222335815,798.9604949951172,276.2235188484192,807.8138732910156,249.22300815582275,816.3563537597656,228.66552829742432,770.5854797363281,319.0714430809021,780.9104919433594,286.64008140563965,789.7380065917969,265.55800437927246,797.25830078125,247.73504734039307,169,1787749289.6303394
754.5462036132812,396.6240406036377,770.8139801025391,363.15402030944824,785.4686737060547,333.38656425476074,794.4436645507812,313.0669641494751,799.1455078125,295.88284492492676,796.4620208740234,317.3115277290344,812.5301361083984,277.9275155067444,825.8196258544922,251.83266878128052,838.0067443847656,229.8737668991089,793.6463165283203,318.57420444488525,810.4248809814453,275.11372804641724,823.6846923828125,245.8337688446045,836.0568237304688,221.3097095489502,785.0444030761719,320.05456924438477,799.1238403320312,278.70187997817993,810.1534271240234,251.06115818023682,820.8429718017578,229.59342241287231,771.3576507568359,320.94356060028076,781.8457794189453,289.11848545074463,791.8621063232422,268.69863510131836,800.9944152832031,251.7455506324768,170,1787749289.6528232
757.7887725830078,395.3612995147705,776.3254547119141,356.9237422943115,791.7973327636719,323.98788928985596,803.408203125,301.9027090072632,812.4641418457031,283.9421010017395,798.6063385009766,313.9512348175049,817.5436401367188,276.747944355011,831.6532897949219,250.13568878173828,845.6667327880859,228.1103754043579,794.6353149414062,317.61399507522583,812.9084014892578,275.96885919570923,826.5773773193359,247.46362924575806,839.7428131103516,222.8156304359436,785.1481628417969,323.94875049591064,797.2727203369141,285.96081733703613,803.7056732177734,261.60221815109253,810.0609588623047,242.51439571380615,771.4729309082031,331.597101688385,774.7599029541016,306.0799813270569,778.6219024658203,291.8234395980835,781.5369415283203,279.04951572418213,171,1787749289.7018409
759.237060546875,396.3160800933838,778.0973052978516,356.8370532989502,793.2586669921875,322.74351596832275,805.2251434326172,300.15807151794434,814.6877288818359,281.88042640686035,798.6647796630859,312.9901456832886,817.1173858642578,275.9064817428589,831.3118743896484,249.44775581359863,845.7045745849609,227.6380491256714,794.5396423339844,317.5709295272827,811.8726348876953,276.8136692047119,825.3505706787109,248.4715175628662,838.6016845703125,223.89707565307617,784.9843597412109,325.21880865097046,795.7331848144531,287.7668881416321,801.4219665527344,263.7135887145996,807.4365234375,244.45580005645752,771.3712310791016,334.32701110839844,773.3307647705078,310.4014492034912,776.4427947998047,296.5483546257019,779.0037536621094,283.7074613571167,172,1787749289.7492762
760.7749938964844,400.9239435195923,776.6191101074219,363.43297004699707,792.0494079589844,330.73660612106323,801.3820648193359,308.90164375305176,807.0423126220703,289.80830669403076,799.6247863769531,318.00304412841797,816.3398742675781,280.7246947288513,830.7919311523438,254.0548038482666,845.3061676025391,232.48507976531982,796.0295867919922,320.5093002319336,812.8661346435547,277.79484272003174,827.0565795898438,248.53162050247192,841.4314270019531,223.64572048187256,786.3275909423828,326.2009048461914,797.9307556152344,287.0746850967407,805.2582550048828,262.5023031234741,813.2489013671875,242.86357641220093,771.3802337646484,333.64354133605957,773.8811492919922,309.02740716934204,777.1471405029297,294.16054487228394,780.0401306152344,281.0360026359558,173,1787749289.79867
759.7904968261719,397.4544095993042,780.0788879394531,362.74709701538086,797.1140289306641,331.07628107070923,808.0302429199219,309.1106414794922,815.7428741455078,290.64773082733154,804.3802642822266,320.2562928199768,822.1749877929688,280.8682680130005,836.6291809082031,253.61496448516846,849.818115234375,231.4062523841858,801.6002655029297,320.65396785736084,821.1944580078125,275.5904531478882,836.5119171142578,244.7609281539917,850.5026245117188,219.4336223602295,792.2525787353516,321.0026979446411,811.5818023681641,277.79115200042725,826.0909271240234,247.92378902435303,839.0274047851562,225.27796268463135,777.0132446289062,321.0184693336487,789.9243927001953,287.5257682800293,801.9640350341797,266.20521068573,812.8472137451172,249.18835401535034,174,1787749289.8535376
759.5723724365234,400.71649074554443,779.0677642822266,364.22462940216064,795.5439758300781,334.7189140319824,806.5583038330078,315.32122135162354,815.1566314697266,299.42535638809204,801.7618560791016,318.41691970825195,817.8306579589844,281.4939308166504,831.5718078613281,256.06199741363525,844.9875640869141,234.77150201797485,798.4560394287109,318.96756649017334,818.4635162353516,276.0048007965088,834.48974609375,246.1658263206482,849.6092987060547,221.7008399963379,789.8657989501953,320.8680295944214,809.6311950683594,279.6794056892395,825.7439422607422,250.75281143188477,840.7205200195312,228.7491488456726,777.2261047363281,323.32815170288086,790.506591796875,292.0114731788635,803.1234741210938,271.6837406158447,814.5931243896484,255.08412837982178,175,1787749289.9006817
760.4947662353516,398.9721965789795,781.0905456542969,364.2226552963257,799.6532440185547,335.3230547904968,813.0361938476562,315.54399490356445,823.6717224121094,298.26857328414917,808.2417297363281,321.26763582229614,828.4590148925781,283.05405378341675,843.4122467041016,255.56512355804443,856.8789672851562,232.62803077697754,804.3348693847656,320.37752866744995,824.4541168212891,276.8638801574707,839.3763732910156,246.2288475036621,853.4026336669922,220.20854473114014,794.4786834716797,320.11226892471313,814.7339630126953,278.4344744682312,830.4545593261719,248.74922275543213,844.091796875,225.1875400543213,779.7522735595703,319.9783730506897,793.8866424560547,288.1564736366272,805.7823181152344,266.6931366920471,816.0090637207031,248.36002349853516,176,1787749289.9487033
761.2522125244141,397.5774049758911,784.1239929199219,365.981969833374,805.1152038574219,337.0846223831177,820.3563690185547,317.08740234375,831.6307830810547,300.7462692260742,813.2086944580078,323.7513828277588,832.6418304443359,285.9426426887512,847.1002197265625,258.9815282821655,859.6986389160156,237.11358547210693,807.5967407226562,321.5839433670044,826.4804077148438,277.48950004577637,840.0351715087891,247.66314268112183,852.8945922851562,222.6391839981079,796.5139770507812,320.3120827674866,814.6400451660156,277.5786781311035,828.6754608154297,248.8335943222046,840.6435394287109,226.3536787033081,781.0589599609375,319.4632601737976,793.5442352294922,287.66944885253906,804.7163391113281,267.4359154701233,814.7029876708984,249.74595308303833,177,1787749289.9967098
762.0108795166016,399.4161128997803,783.841552734375,367.4661111831665,804.4720458984375,338.24074029922485,818.7615966796875,318.56836795806885,829.9442291259766,303.27885389328003,812.5067138671875,325.3247666358948,832.0865631103516,286.71664237976074,846.4202117919922,259.72121715545654,859.1356658935547,237.44263887405396,807.1143341064453,323.63619804382324,826.1135101318359,279.3160629272461,840.4888916015625,249.3424415588379,854.0303802490234,223.85935306549072,795.5773162841797,322.32354640960693,814.0328979492188,279.6117925643921,829.3840026855469,249.6561312675476,842.7348327636719,225.82860946655273,778.9266967773438,320.50938606262207,791.0419464111328,287.28994846343994,802.7666473388672,265.9117555618286,813.7538909912109,247.41876125335693,178,1787749290.0399776
761.8242645263672,398.8243103027344,782.8816986083984,367.3382234573364,802.5583648681641,337.9792356491089,816.97265625,318.18755865097046,827.9446411132812,302.9204034805298,812.2002410888672,325.20805835723877,831.9437408447266,286.4181661605835,847.0489501953125,258.99590492248535,860.5427551269531,237.21059560775757,806.8148803710938,323.90111446380615,825.7364654541016,278.9708948135376,840.1815795898438,248.77537965774536,853.9698791503906,223.8616704940796,795.3805541992188,323.0230665206909,812.6913452148438,280.0567603111267,826.8086242675781,249.9766445159912,839.4464111328125,226.60795211791992,778.8265991210938,321.329927444458,790.4784393310547,287.82471656799316,802.4277496337891,266.40886545181274,813.7978363037109,247.7597451210022,179,1787749290.0928354
759.134521484375,403.41444969177246,777.8205108642578,373.3832788467407,795.2785491943359,343.2368588447571,805.7522583007812,323.4389805793762,811.7525482177734,309.44645404815674,803.7014770507812,324.8507237434387,821.2433624267578,284.832079410553,835.3218841552734,257.8806209564209,847.0698547363281,235.40085554122925,798.0998229980469,324.553964138031,817.7956390380859,281.03031635284424,832.2993469238281,251.67596340179443,844.9327087402344,226.49916172027588,787.2792816162109,324.1191029548645,806.1628723144531,281.4579463005066,820.5783081054688,252.53796100616455,832.9663848876953,229.71879959106445,771.5253448486328,322.9407334327698,784.608154296875,290.0528597831726,795.7404327392578,268.0808472633362,805.8984375,249.55401420593262,180,1787749290.1304936
759.2866516113281,403.81240367889404,770.6960296630859,370.86140155792236,783.2157897949219,334.62681770324707,791.7062377929688,308.8864517211914,797.0107269287109,288.951051235199,788.7937164306641,316.79373264312744,804.3697357177734,277.27648973464966,816.2546539306641,250.33910751342773,827.0120239257812,229.13279056549072,782.7529144287109,315.8494234085083,797.5331878662109,273.9226984977722,809.4416809082031,245.4768419265747,820.6006622314453,221.74729585647583,773.4906005859375,317.14741945266724,786.5573883056641,276.8467140197754,797.2718811035156,250.3806495666504,807.0484924316406,228.98106336593628,761.6700744628906,320.39872884750366,769.6520233154297,290.0166177749634,777.2245788574219,269.9939274787903,784.154052734375,252.80905723571777,181,1787749290.198675
755.6674194335938,403.4395980834961,769.4600677490234,371.2947177886963,782.7682495117188,335.94549894332886,792.1118927001953,308.2574200630188,797.5010681152344,285.53754329681396,786.8728637695312,320.7181906700134,801.9353485107422,279.4291877746582,815.855712890625,250.9853482246399,828.3460235595703,228.85135173797607,781.1573791503906,319.9336767196655,795.472412109375,275.90497970581055,808.3749389648438,245.5412793159485,820.6989288330078,220.56658744812012,771.9677734375,320.5782651901245,784.6861267089844,278.3613681793213,796.4937591552734,250.36144495010376,807.7057647705078,228.1968069076538,760.0209808349609,322.40482807159424,768.6782836914062,290.89584589004517,777.4781799316406,270.2857518196106,785.5778503417969,253.2719850540161,182,1787749290.239382
751.9292449951172,397.1590232849121,768.5003662109375,362.688946723938,778.5402679443359,327.18109130859375,781.97998046875,302.0227861404419,779.7140502929688,284.21223163604736,784.6644592285156,308.2466697692871,792.2925567626953,268.6723279953003,799.0996551513672,242.4794840812683,805.3936004638672,221.24864101409912,775.4914093017578,310.7862710952759,780.0278472900391,268.15715074539185,783.7809753417969,241.01752996444702,787.9052734375,217.52019882202148,761.1688232421875,315.1785922050476,763.1053924560547,274.0833520889282,765.1881408691406,246.95806503295898,768.4111022949219,224.96062517166138,742.7214813232422,321.32067918777466,742.5721740722656,288.5532474517822,744.1828918457031,267.59438037872314,745.6179046630859,249.71601963043213,183,1787749290.2959173
751.1608123779297,399.29062843322754,768.7408447265625,366.737322807312,780.2354431152344,331.94849252700806,783.2669830322266,307.22938299179077,779.9371337890625,290.50134658813477,784.3888092041016,311.119122505188,791.3652801513672,270.2588438987732,798.1707000732422,243.40336561203003,804.2018890380859,222.38179922103882,774.4092559814453,313.0910611152649,778.2810211181641,270.28716802597046,781.9028472900391,242.94754028320312,785.7296752929688,219.10021305084229,759.9089050292969,317.09431171417236,761.8801116943359,275.61238288879395,763.3767700195312,248.47548723220825,765.9151458740234,226.5248680114746,742.1749114990234,322.7115225791931,741.3681793212891,289.9744749069214,742.3534393310547,269.3412709236145,743.1031036376953,251.71915769577026,184,1787749290.3546226
738.9424896240234,400.22850036621094,754.5457458496094,366.79306983947754,761.2420654296875,332.5837469100952,759.7309875488281,309.714138507843,755.3481292724609,294.35754776000977,767.9503631591797,312.8167247772217,770.2510070800781,271.34799242019653,771.5329742431641,243.27163696289062,771.5287780761719,221.9312310218811,757.7034759521484,312.60616064071655,759.0879821777344,268.7150502204895,759.1632843017578,239.55482482910156,758.3615112304688,216.3590383529663,744.0377044677734,314.63223695755005,744.0200042724609,273.3593487739563,744.918212890625,246.701238155365,746.6878509521484,226.1127519607544,727.5355529785156,318.57978343963623,725.8646392822266,287.430624961853,726.0440826416016,267.122118473053,726.2309265136719,250.49405336380005,185,1787749290.4141943
739.4315338134766,399.5371341705322,754.3232727050781,368.3287525177002,761.7137908935547,333.6601495742798,761.4380645751953,309.3444013595581,758.2875061035156,293.20745944976807,766.9702911376953,313.5996723175049,769.0628814697266,271.5919876098633,770.7773590087891,243.32843542099,771.2796783447266,221.71414375305176,757.3912048339844,312.9979991912842,758.958740234375,269.0040636062622,759.4008636474609,240.6121301651001,759.5235443115234,217.42634296417236,744.0476989746094,314.1209006309509,744.0760803222656,272.42838621139526,744.5920562744141,245.22570133209229,746.4618682861328,223.56658458709717,726.7711639404297,317.3206043243408,725.2877807617188,285.10255336761475,725.5941772460938,264.2143249511719,726.4634704589844,246.36137008666992,186,1787749290.465209
727.6653289794922,398.26735496520996,741.2158966064453,364.1387128829956,741.4456939697266,332.59782314300537,734.5963287353516,312.1225905418396,727.4861145019531,297.58705615997314,745.0196075439453,314.05466079711914,746.3252258300781,269.9421286582947,748.1620025634766,242.09867477416992,750.667724609375,219.68467712402344,734.8897552490234,314.2792582511902,733.9041137695312,263.46867084503174,734.5259857177734,230.53929805755615,736.258544921875,203.15930843353271,721.5457153320312,316.8483638763428,718.4841918945312,268.69288444519043,717.9982757568359,238.5037636756897,719.8302459716797,214.37077045440674,705.4692077636719,322.3628783226013,701.8301391601562,286.85712575912476,701.0817718505859,264.20958280563354,701.2934112548828,245.15336751937866,187,1787749290.504367
723.9131164550781,399.28706645965576,739.2960357666016,364.35007095336914,740.9174346923828,330.7857012748718,735.8541107177734,309.26889181137085,730.6806945800781,293.35676193237305,744.0644073486328,315.44533252716064,742.2909545898438,269.1968607902527,743.4686279296875,240.12540578842163,745.2700042724609,217.46711254119873,733.2870483398438,315.05173444747925,729.4223785400391,263.31127882003784,729.7654724121094,230.13469219207764,731.8299102783203,203.57749700546265,719.3202972412109,317.16031551361084,713.2676696777344,268.7780284881592,712.2232055664062,238.8584589958191,714.0760803222656,215.77504634857178,703.2305145263672,322.180016040802,698.8375854492188,286.6550803184509,698.4048461914062,264.39645767211914,699.1306304931641,246.02954864501953,188,1787749290.5452635
725.5443572998047,401.054105758667,739.88525390625,365.2967834472656,740.3585815429688,331.44267082214355,734.600830078125,310.0421190261841,728.47412109375,294.2369556427002,743.8928985595703,315.68537950515747,742.1662139892578,268.8949728012085,743.5649108886719,239.78510856628418,745.80078125,216.84460401535034,733.3351135253906,315.38355588912964,729.4563293457031,263.0326509475708,729.7752380371094,229.8857831954956,732.0338439941406,203.25981616973877,719.3946075439453,317.48767375946045,713.5742950439453,268.48562479019165,712.4784088134766,238.34825992584229,714.4532012939453,215.00360012054443,703.2167816162109,322.5406551361084,698.8287353515625,285.46229124069214,698.4001159667969,262.3035192489624,699.2007446289062,243.17387580871582,189,1787749290.5845826
724.8042297363281,400.6714725494385,739.4633483886719,363.5724449157715,740.3550720214844,330.86129665374756,734.9573516845703,310.6072926521301,728.9845275878906,295.6701135635376,743.4169006347656,314.3123245239258,742.0218658447266,268.2743740081787,743.1357574462891,239.570209980011,745.1329040527344,216.65021896362305,733.1073760986328,313.8056230545044,729.8755645751953,261.646785736084,730.1831817626953,228.72299194335938,732.4662780761719,202.20184564590454,719.2588043212891,316.1526417732239,713.5894775390625,267.2471308708191,712.6755523681641,236.96574211120605,714.8453521728516,213.36706638336182,702.9883575439453,321.73601388931274,698.1877899169922,285.21994829177856,697.1778869628906,261.876060962677,697.3616027832031,242.08260297775269,190,1787749290.623991
725.3579711914062,401.32275581359863,739.6417236328125,364.28775787353516,740.3588104248047,331.60128593444824,735.1468658447266,310.8297657966614,729.0995788574219,295.2543067932129,743.2961273193359,314.6630930900574,742.054443359375,268.2223176956177,743.1803131103516,239.57890033721924,745.3208923339844,216.65648460388184,733.3564758300781,314.3616986274719,729.8079681396484,261.62936210632324,729.9443054199219,228.6018419265747,732.1420288085938,202.0702886581421,719.7196197509766,316.8669891357422,713.3156585693359,267.41559505462646,712.3233795166016,237.01998710632324,714.5468902587891,213.4330916404724,703.7146759033203,322.63075590133667,698.1948852539062,285.61522006988525,697.0818328857422,262.1673059463501,697.2389221191406,242.3365330696106,191,1787749290.6590836
726.6824340820312,399.57584381103516,740.4893493652344,361.69597148895264,741.8202972412109,328.3490538597107,736.365966796875,308.25006008148193,729.2401885986328,294.0923309326172,744.3827819824219,310.8336067199707,742.3470306396484,264.9309039115906,743.7438201904297,236.40668392181396,746.1925506591797,213.7098741531372,734.0506744384766,310.4995107650757,729.2607116699219,259.14443492889404,729.4566345214844,226.52336597442627,732.003173828125,200.10843515396118,720.4867553710938,313.4169816970825,714.3304443359375,264.64401483535767,713.7952423095703,234.56379175186157,716.4797973632812,210.98116636276245,704.7432708740234,319.953932762146,698.8851928710938,284.36288595199585,697.2430419921875,261.4341616630554,697.1493530273438,242.3178219795227,192,1787749290.6967924
725.8018493652344,400.0719881057739,740.1743316650391,361.57422065734863,741.6907501220703,328.05516958236694,736.673583984375,307.0786428451538,730.1170349121094,292.3030400276184,744.6107482910156,311.17714405059814,742.6704406738281,265.5403447151184,744.2741394042969,237.18212127685547,747.0132446289062,214.5157814025879,734.3610382080078,310.90102672576904,729.8091888427734,259.5580530166626,729.9818420410156,227.06354141235352,732.4564361572266,200.60292720794678,720.7260894775391,313.87641191482544,714.4001007080078,264.81769323349,713.8226318359375,234.6062135696411,716.5541839599609,210.90662240982056,704.79248046875,320.3599762916565,698.9201354980469,284.2449975013733,697.5277709960938,261.12523555755615,697.6728820800781,241.8560528755188,193,1787749290.7246447
729.5194244384766,397.9736852645874,742.8166961669922,361.6064500808716,745.2665710449219,327.0393633842468,740.6911468505859,305.70809841156006,735.0107574462891,289.95805978775024,749.3840026855469,308.4750437736511,746.8804168701172,261.6883063316345,748.6076354980469,232.96536684036255,751.6708374023438,210.37970781326294,740.2767181396484,309.17497158050537,735.2385711669922,255.28042316436768,735.3839111328125,221.83733224868774,737.5839233398438,194.77317810058594,726.6994476318359,312.6340341567993,719.757080078125,260.8175539970398,718.6689758300781,229.42375659942627,721.112060546875,204.37849044799805,709.5253753662109,319.20905113220215,702.8510284423828,280.7855272293091,701.4457702636719,256.99527740478516,701.8707275390625,237.0732879638672,194,1787749290.786109
728.0466461181641,399.3510961532593,742.5684356689453,362.82567501068115,746.0023498535156,327.97704219818115,742.8636932373047,305.530149936676,738.2728576660156,289.27353858947754,749.5433807373047,308.3256983757019,746.9377136230469,261.27361536026,748.3273315429688,232.43186473846436,750.7965087890625,209.58980798721313,740.5336761474609,309.5345163345337,735.9170532226562,256.2287449836731,735.8527374267578,222.92484998703003,737.6496887207031,195.36418676376343,726.8808746337891,313.29718351364136,720.3570556640625,262.9692220687866,719.0384674072266,231.6625213623047,720.9513092041016,206.58749341964722,709.5551300048828,319.70401525497437,703.2425689697266,281.8445062637329,701.6801452636719,257.5464391708374,701.6490173339844,236.87939643859863,195,1787749290.8323865
735.9544372558594,403.0323314666748,753.0796813964844,366.0199499130249,759.3621826171875,331.9753360748291,757.4954223632812,310.5522322654724,753.4310913085938,296.72070264816284,765.201416015625,312.3422956466675,762.2470855712891,262.6235818862915,763.0235290527344,232.24563360214233,765.6237030029297,207.57632732391357,751.4624786376953,314.43808794021606,746.7948150634766,257.12149143218994,747.520751953125,220.90900897979736,750.7503509521484,191.81296348571777,733.7199401855469,319.7194218635559,727.2891235351562,265.22392988204956,726.7045593261719,231.53594255447388,730.0495147705078,204.90967512130737,714.1171264648438,327.58076190948486,708.3424377441406,286.67754650115967,708.2817077636719,261.51994943618774,710.2389526367188,240.07903575897217,196,1787749290.8801267
739.139404296875,406.485857963562,759.0202331542969,373.4259366989136,766.8862915039062,339.28300380706787,766.9709014892578,316.10270977020264,767.2137451171875,299.8839282989502,771.2619781494141,314.58964347839355,769.0779113769531,265.3501224517822,769.3812561035156,234.71474647521973,769.8492431640625,209.76938724517822,756.5164947509766,316.30001306533813,753.3863830566406,261.23857498168945,753.4069061279297,225.70370435714722,754.4662475585938,195.76372861862183,737.8768157958984,320.8276677131653,734.8359680175781,268.46341609954834,735.0640106201172,235.28060674667358,737.3141479492188,208.1228542327881,716.4558410644531,328.40656042099,714.3739318847656,288.5695552825928,715.1520538330078,263.2950782775879,716.9374847412109,241.2745714187622,197,1787749290.9413152
738.6077117919922,406.00584983825684,757.9859924316406,373.50674629211426,767.4977111816406,339.04932975769043,769.6491241455078,315.24970293045044,771.2389373779297,298.9562702178955,771.2849426269531,314.0403699874878,768.6341857910156,264.74207639694214,768.8737487792969,234.72399473190308,769.7819519042969,210.68451404571533,756.4337921142578,316.2830185890198,752.7455139160156,261.221559047699,752.437744140625,225.65596103668213,753.4529876708984,196.5376853942871,737.7169036865234,321.3809323310852,733.8076782226562,269.1808319091797,733.6488342285156,235.98669290542603,735.7466888427734,209.4523286819458,715.8610534667969,329.3227815628052,712.9795074462891,288.715295791626,713.1108093261719,263.46901416778564,714.2417144775391,241.5560531616211,198,1787749290.9848063
743.6394500732422,405.41529178619385,764.3401336669922,374.906644821167,776.2655639648438,341.5041947364807,779.3167114257812,317.575478553772,778.5391998291016,301.1510896682739,777.7427673339844,316.51012659072876,777.0262908935547,267.7362370491028,777.3479461669922,237.9666566848755,777.4060821533203,213.92874240875244,764.19677734375,318.1339359283447,762.5370025634766,263.1513547897339,762.1910095214844,228.46644401550293,762.1530914306641,199.2531967163086,746.5067291259766,321.80371284484863,743.7232971191406,268.7906885147095,744.0482330322266,236.40159845352173,746.0702514648438,209.6578073501587,725.9587097167969,328.0836868286133,723.1601715087891,286.46003007888794,723.4886169433594,261.60582304000854,724.7185516357422,240.6199836730957,199,1787749291.0372334
742.4326324462891,404.2430591583252,764.3842315673828,374.5086908340454,776.9326782226562,340.47287464141846,780.76416015625,316.1773610115051,779.4549560546875,300.18568754196167,778.10791015625,316.8922448158264,776.2225341796875,268.25358152389526,776.4532470703125,238.09192657470703,776.6617584228516,214.00360822677612,763.863525390625,319.0932869911194,761.1667633056641,264.1831684112549,760.4611968994141,228.99556875228882,759.9317932128906,199.9529528617859,745.8863830566406,322.96871423721313,742.6891326904297,269.7633218765259,742.0508575439453,236.42822742462158,742.6022338867188,209.57807064056396,725.1177215576172,328.93665075302124,722.8607177734375,286.4844489097595,723.2080841064453,261.01893424987793,724.0567779541016,239.70489978790283,200,1787749291.0607538
753.3451080322266,402.56232261657715,774.5894622802734,372.09590435028076,786.6065216064453,339.77432012557983,789.8757171630859,317.2608017921448,789.3174743652344,300.1995062828064,793.2677459716797,318.4194302558899,792.5336456298828,271.6968297958374,792.0939636230469,242.42663383483887,791.1682891845703,219.0307331085205,778.9234924316406,319.32462215423584,777.2666168212891,268.2191848754883,776.7180633544922,235.61472415924072,776.5761566162109,208.2126760482788,760.2446746826172,321.9474792480469,756.9403076171875,272.65772581100464,757.3033142089844,241.24358654022217,759.3112945556641,215.43039321899414,738.4967803955078,325.9260964393616,735.1176452636719,287.15339183807373,735.4953002929688,263.58269691467285,736.5505218505859,243.37514877319336,201,1787749291.1209335
753.5775756835938,402.0423173904419,775.7546997070312,373.9570140838623,789.7257995605469,341.7993235588074,794.2034149169922,319.19570446014404,794.2697906494141,301.7864513397217,794.0059661865234,317.5983738899231,793.4222412109375,271.8019723892212,793.3119964599609,242.1280288696289,792.1917724609375,218.4148120880127,778.7613677978516,318.1436347961426,777.1044158935547,268.78551721572876,776.1871337890625,236.72344207763672,775.4217529296875,210.03936767578125,759.5867156982422,320.9804677963257,757.0559692382812,273.2120418548584,756.3837432861328,242.5956130027771,757.1590423583984,217.8161644935608,737.2140502929688,325.4326558113098,735.9941864013672,287.05880641937256,736.7744445800781,263.6595153808594,738.16650390625,243.79644870758057,202,1787749291.1615498
772.5907135009766,405.1057004928589,800.8042907714844,380.3109312057495,816.2339782714844,345.1714611053467,815.6822967529297,315.20163774490356,806.1782073974609,295.2761936187744,829.7904968261719,330.2652668952942,827.7881622314453,279.86896276474,823.6622619628906,248.69592189788818,819.2809295654297,225.7568120956421,812.5245666503906,327.8944516181946,806.7723846435547,273.01872968673706,803.072509765625,240.5256986618042,800.1334381103516,216.24492645263672,790.3073120117188,327.2422456741333,786.4384460449219,276.4268732070923,785.2995300292969,245.30694007873535,784.6461486816406,222.50842094421387,765.4627990722656,328.3142066001892,763.0043792724609,290.1221036911011,763.3493041992188,267.34429121017456,763.6788177490234,248.76900672912598,203,1787749291.221861
770.7295989990234,422.28458404541016,774.0608978271484,386.73844814300537,788.1878662109375,353.21544885635376,794.9285888671875,326.62615299224854,795.3493499755859,304.3136715888977,821.7906188964844,344.649760723114,821.3337707519531,296.6235423088074,811.5138244628906,265.7751774787903,799.0412139892578,243.61558198928833,818.5883331298828,345.5491375923157,817.3191833496094,293.4615182876587,804.3149566650391,263.4172797203064,787.198486328125,242.92880773544312,809.0286254882812,345.6913375854492,808.6302185058594,295.8953547477722,794.6885681152344,267.3205804824829,777.7532958984375,248.92371654510498,794.0875244140625,344.44310188293457,793.9497375488281,305.91156005859375,786.3458251953125,282.9430317878723,774.9494934082031,266.6209101676941,204,1787749291.2695377
773.9502716064453,419.35033321380615,775.7411956787109,386.92856311798096,789.8558044433594,356.57550573349,799.1114044189453,332.13356494903564,800.1653289794922,311.8786382675171,822.3153686523438,342.75277376174927,818.9524841308594,295.52443742752075,805.9635162353516,266.82917833328247,791.7637634277344,248.03129196166992,820.4525756835938,342.6115822792053,818.0924987792969,291.8526864051819,803.5098266601562,263.3383369445801,785.5058288574219,244.23161029815674,812.3325347900391,342.8118896484375,810.8634948730469,295.5573534965515,796.0934448242188,267.40696907043457,778.5444641113281,249.08295392990112,799.2296600341797,343.0864191055298,798.6079406738281,306.4491391181946,790.3017425537109,284.45124864578247,778.1410980224609,268.5482168197632,205,1787749291.310182
732.9984283447266,377.43972301483154,737.9798889160156,370.0361394882202,730.41259765625,352.2374939918518,705.8969879150391,344.26114082336426,679.3147277832031,346.96442127227783,740.7069396972656,309.23704862594604,685.8428192138672,325.2718734741211,649.7501373291016,344.0502333641052,625.8233642578125,358.83429050445557,725.4714965820312,308.2343101501465,670.8794403076172,324.53482389450073,637.7642440795898,342.4251365661621,615.3263092041016,361.0948133468628,710.7986450195312,312.8474736213684,663.3047485351562,326.2430477142334,638.741340637207,343.4954881668091,624.6882247924805,361.4415693283081,697.6348876953125,321.7312717437744,657.7606964111328,329.19272661209106,637.1866607666016,342.13560819625854,624.9993896484375,352.8942275047302,206,1787749291.570558
