P0_x,P0_y,P1_x,P1_y,P2_x,P2_y,P3_x,P3_y,P4_x,P4_y,P5_x,P5_y,P6_x,P6_y,P7_x,P7_y,P8_x,P8_y,P9_x,P9_y,P10_x,P10_y,P11_x,P11_y,P12_x,P12_y,P13_x,P13_y,P14_x,P14_y,P15_x,P15_y,P16_x,P16_y,P17_x,P17_y,P18_x,P18_y,P19_x,P19_y,P20_x,P20_y,frame_number,timestamp
325.3968811035156,479.19389247894287,307.1936798095703,435.1195764541626,317.2127151489258,387.7803039550781,349.0816879272461,361.82197093963623,380.6037902832031,353.85188341140747,343.4526824951172,362.8355884552002,364.8666000366211,336.3408136367798,382.8677749633789,330.9792709350586,399.3012237548828,328.8205862045288,367.7361297607422,370.3023433685303,393.1523132324219,338.5590434074402,409.72801208496094,323.24159145355225,423.71837615966797,311.0480546951294,385.8974075317383,384.18288230895996,409.0547180175781,354.2493009567261,418.76068115234375,340.3510808944702,425.97412109375,330.60985565185547,402.2281265258789,403.85021209716797,419.26708221435547,379.09754276275635,422.6740264892578,366.1447048187256,422.7089309692383,357.1360659599304,1,1787748158.5919557
357.9758834838867,483.12751293182373,405.601806640625,447.20226287841797,431.3936233520508,406.93767070770264,441.3108444213867,378.4145450592041,443.1702423095703,357.3030924797058,423.9992141723633,380.268874168396,434.82349395751953,355.35003662109375,445.57315826416016,341.55895471572876,456.1622619628906,331.1426067352295,405.74657440185547,375.4524850845337,421.5481185913086,348.49188566207886,433.778076171875,335.69998025894165,447.48485565185547,326.91765546798706,384.71923828125,374.3841505050659,402.2222137451172,347.4555015563965,415.1893997192383,334.5791816711426,429.81361389160156,327.40553855895996,360.6787872314453,378.029465675354,376.74591064453125,352.76726245880127,390.28812408447266,339.8112487792969,404.99664306640625,332.11496114730835,2,1787748158.6624703
373.23963165283203,475.9193229675293,417.7891540527344,445.3868579864502,445.9552001953125,405.10711669921875,455.0924301147461,375.41755199432373,457.83008575439453,353.39826822280884,440.38482666015625,379.29237842559814,451.93023681640625,352.5425148010254,459.1343688964844,338.1515836715698,465.89134216308594,326.70709133148193,422.0539855957031,374.41569328308105,436.2477111816406,347.37316846847534,444.9009704589844,332.9443645477295,454.9083709716797,321.275897026062,401.32381439208984,374.17892932891846,416.32667541503906,347.7507162094116,426.50245666503906,332.21922397613525,437.9515838623047,320.9654903411865,377.6823043823242,378.40158462524414,391.69750213623047,353.2347822189331,402.8886413574219,338.692467212677,414.78233337402344,328.5830068588257,3,1787748158.7309575
376.0033416748047,473.21239471435547,419.76558685302734,444.42336559295654,445.3097152709961,406.2159204483032,455.24444580078125,378.06156635284424,458.43849182128906,356.013765335083,439.8346710205078,376.1603307723999,451.81007385253906,350.3940439224243,458.8893127441406,336.6930413246155,465.2259826660156,324.3165349960327,421.6646957397461,371.9648838043213,435.8283233642578,346.63734197616577,443.6039352416992,333.2036805152893,452.69031524658203,320.9427237510681,401.49585723876953,372.321982383728,416.3615036010742,347.05276250839233,424.85103607177734,333.18559169769287,434.6903610229492,322.4364995956421,377.8667449951172,376.8370199203491,390.2362823486328,352.05851554870605,400.570068359375,337.54488945007324,412.19058990478516,326.6843032836914,4,1787748158.7870824
370.4432678222656,464.9256134033203,414.2250061035156,446.1878299713135,448.8153839111328,419.51319694519043,468.2903289794922,393.10815811157227,476.75731658935547,369.66041564941406,450.1787567138672,393.12596797943115,467.6484680175781,363.53532314300537,474.2640686035156,342.00917959213257,477.98694610595703,322.8413414955139,434.0520477294922,383.8230800628662,454.8490905761719,351.85951709747314,464.2641830444336,329.7444677352905,471.5812683105469,310.66861867904663,415.46546936035156,380.0823211669922,436.27552032470703,348.83986473083496,447.9778289794922,327.6681160926819,457.2565460205078,310.4119634628296,392.9269790649414,380.5291557312012,408.243408203125,353.9825391769409,418.6246871948242,336.2375593185425,427.12825775146484,321.2741804122925,5,1787748158.8415809
384.54524993896484,463.8223457336426,427.1448516845703,444.51979637145996,458.5647201538086,418.65639209747314,477.12413787841797,395.7499408721924,485.9748077392578,373.9394187927246,456.7966842651367,386.4354658126831,473.09425354003906,355.9560441970825,481.0732650756836,335.2191996574402,486.67503356933594,316.55284881591797,440.5413055419922,379.1122627258301,459.7279739379883,348.1450653076172,470.0675582885742,326.7380118370056,479.00577545166016,307.6214361190796,421.8898391723633,376.6414546966553,440.98228454589844,346.48831844329834,452.71942138671875,327.53514289855957,462.49195098876953,311.6745114326477,399.6067810058594,378.9031791687012,413.73058319091797,355.11741399765015,423.2271957397461,339.65261220932007,431.4673614501953,326.2504720687866,6,1787748158.910353
380.78601837158203,457.3095989227295,425.0859069824219,440.11582374572754,459.03221130371094,415.2129077911377,478.2244873046875,392.643985748291,484.49378967285156,372.6101589202881,455.3247833251953,385.6156539916992,472.2481918334961,355.5372977256775,480.9169387817383,335.54484128952026,487.1414566040039,318.0520534515381,439.71435546875,378.1412172317505,459.5384979248047,347.1939969062805,470.3561782836914,325.8189797401428,479.7047424316406,307.0026183128357,422.0140838623047,375.4641580581665,442.5581359863281,345.8446526527405,454.60113525390625,326.4815282821655,464.0678024291992,310.45528650283813,400.3055953979492,377.2105550765991,415.2532196044922,352.86901473999023,425.0422668457031,336.46376609802246,432.6846694946289,321.9931411743164,7,1787748158.9812071
401.5821838378906,460.057168006897,446.08360290527344,449.0592098236084,481.7512893676758,430.24718284606934,506.5865707397461,408.2468032836914,516.0463333129883,385.6836748123169,473.94542694091797,393.3992099761963,493.8490295410156,360.5924892425537,504.6751403808594,341.5761423110962,514.0484619140625,324.6859073638916,455.5152893066406,385.5803346633911,476.7969512939453,352.4275231361389,489.00230407714844,334.154748916626,499.6892547607422,319.2587900161743,434.9490737915039,382.681188583374,453.3969497680664,352.00907707214355,466.13990783691406,335.11768341064453,478.08555603027344,322.354531288147,410.62400817871094,384.15550231933594,422.73006439208984,359.62897539138794,433.31336975097656,346.4637064933777,443.96034240722656,336.09066009521484,8,1787748159.0510273
399.6022415161133,465.86039543151855,440.6745910644531,454.73133087158203,476.3336944580078,433.0604553222656,498.9458465576172,411.43275260925293,507.8240203857422,390.0373077392578,469.32743072509766,392.7306318283081,487.6567840576172,361.8808937072754,497.7230453491211,342.9015827178955,505.84495544433594,326.92615270614624,450.7413864135742,383.93109798431396,470.0843811035156,351.70302629470825,481.5232467651367,331.638708114624,492.2640609741211,314.8735499382019,429.49756622314453,380.775146484375,446.6998291015625,350.3208088874817,457.6812744140625,333.33768367767334,468.8154983520508,319.5696258544922,404.1505432128906,382.4462699890137,416.1813735961914,358.7236976623535,425.3407669067383,345.5410051345825,434.4786834716797,334.6821999549866,9,1787748159.0913029
397.4712371826172,465.61363220214844,438.42090606689453,454.98616218566895,474.3092727661133,432.7518081665039,498.515625,411.21405601501465,510.1504898071289,389.3864107131958,468.67618560791016,392.5336503982544,487.0071792602539,361.06945037841797,496.9737243652344,341.76466941833496,505.23189544677734,325.7768154144287,449.9489974975586,383.3875322341919,469.5594024658203,350.76860904693604,480.9149169921875,331.10185861587524,491.43890380859375,315.15902280807495,428.61278533935547,379.75728034973145,445.9970474243164,348.7485408782959,457.71697998046875,331.9633197784424,469.25899505615234,319.1413950920105,403.45829010009766,381.2199640274048,415.10753631591797,356.7900609970093,424.5276641845703,343.975625038147,433.83338928222656,333.69873046875,10,1787748159.1466403
379.7751998901367,478.30219745635986,413.8175582885742,469.26804542541504,448.1364440917969,441.5624141693115,469.12113189697266,419.4120454788208,478.4366989135742,401.3209533691406,444.1653060913086,393.0846405029297,461.1751937866211,358.61411333084106,471.70116424560547,335.9484601020813,479.93507385253906,318.364520072937,425.14514923095703,384.1758871078491,444.8854064941406,348.9351153373718,457.1356964111328,327.30576038360596,466.9098663330078,310.2316117286682,403.60836029052734,381.14726543426514,422.1284866333008,347.68022775650024,434.7010040283203,328.52500677108765,444.99977111816406,313.72843980789185,379.5370101928711,383.742356300354,394.68128204345703,356.18948221206665,405.0335693359375,339.817750453949,414.1565704345703,327.0444917678833,11,1787748159.208899
372.1851348876953,476.5067481994629,397.43038177490234,468.04049491882324,427.1678161621094,440.79925060272217,446.9629669189453,415.7804203033447,455.13023376464844,396.4919900894165,433.61602783203125,391.6320848464966,453.60347747802734,355.7313394546509,465.2714538574219,334.1741466522217,473.92555236816406,317.03970193862915,420.36128997802734,382.14873790740967,441.62769317626953,345.6729054450989,454.7929000854492,324.71946716308594,464.8938751220703,308.3903503417969,404.27818298339844,378.5992956161499,422.87628173828125,344.25729990005493,435.73596954345703,326.00645542144775,446.1546325683594,312.0769500732422,385.2799606323242,380.2900743484497,399.64508056640625,351.33798837661743,408.6390686035156,335.0593829154968,417.0206832885742,322.87543773651123,12,1787748159.257859
367.53318786621094,496.4966297149658,405.22823333740234,480.9477138519287,436.60911560058594,452.53488063812256,453.6667251586914,427.3211717605591,460.1242446899414,406.7553663253784,423.4769058227539,405.0179386138916,437.8811264038086,365.90094566345215,443.59458923339844,341.8147087097168,445.28621673583984,321.880145072937,403.25252532958984,399.1408109664917,420.69087982177734,359.80241775512695,427.2300338745117,335.5100154876709,429.7127914428711,316.4612030982971,381.5133285522461,399.06922817230225,395.09044647216797,363.0948829650879,402.7767562866211,341.0594844818115,408.24310302734375,323.7486791610718,356.4890670776367,405.1949644088745,361.5571975708008,377.5407028198242,366.4461898803711,360.6854438781738,370.8595275878906,347.6377201080322,13,1787748159.2982676
387.8422546386719,551.7292356491089,427.10376739501953,524.1326522827148,453.91109466552734,491.59677028656006,468.9215850830078,463.06235790252686,475.41900634765625,441.10485076904297,434.03812408447266,446.75392627716064,439.67018127441406,407.65336990356445,441.23939514160156,387.22789764404297,441.92161560058594,370.1487922668457,411.24073028564453,442.7079963684082,415.84232330322266,398.72427463531494,417.8955841064453,373.74462604522705,420.2792739868164,354.61060523986816,388.32996368408203,445.53006649017334,392.57347106933594,402.9966688156128,395.52066802978516,379.1728162765503,400.23345947265625,360.6002998352051,363.1816864013672,456.00776195526123,360.086669921875,424.23298358917236,360.3916549682617,404.08135414123535,363.1258773803711,387.07777976989746,14,1787748159.5757446
388.2453918457031,548.3961296081543,424.29527282714844,523.227481842041,450.4978942871094,491.590633392334,467.10498809814453,466.9547367095947,477.74208068847656,449.2321586608887,432.6813507080078,448.42530727386475,439.29859161376953,411.98498725891113,441.0526657104492,390.455002784729,441.91795349121094,373.10909271240234,410.07568359375,443.49695205688477,415.0424575805664,401.6778802871704,417.67330169677734,375.73606967926025,420.24707794189453,355.6725025177002,387.70751953125,445.7414245605469,391.5993118286133,404.8970031738281,395.3865432739258,380.8083200454712,400.3523254394531,361.6321563720703,364.39064025878906,455.65276622772217,360.59932708740234,425.29393672943115,360.01163482666016,405.3588581085205,361.4332580566406,388.21091651916504,15,1787748159.6335063
421.73065185546875,581.2489414215088,457.18074798583984,554.685845375061,477.77183532714844,525.6847286224365,490.3883743286133,500.60375690460205,494.7937774658203,477.2111177444458,456.53003692626953,484.78065490722656,462.1726608276367,451.2504243850708,463.6329650878906,432.9190492630005,464.2837142944336,416.95642948150635,438.29639434814453,479.97302055358887,443.8587188720703,437.36499309539795,447.39463806152344,412.5246047973633,450.5842590332031,392.0593500137329,418.14823150634766,481.1834907531738,421.8482971191406,439.8486328125,425.97564697265625,415.56944847106934,430.6659698486328,395.70183277130127,396.34273529052734,489.13909435272217,399.13806915283203,455.19490242004395,402.67818450927734,434.6886205673218,406.63753509521484,416.96810245513916,16,1787748159.6661692
424.4520568847656,593.8655376434326,454.3204116821289,564.620189666748,473.31668853759766,528.4878730773926,483.35105895996094,501.6267728805542,483.0035400390625,476.78788661956787,442.40779876708984,488.7847423553467,445.83717346191406,453.8125991821289,448.91613006591797,433.36833000183105,451.0847473144531,416.2506866455078,425.32543182373047,487.29763984680176,429.4796371459961,448.26935291290283,433.9922332763672,423.87725830078125,438.64925384521484,403.0213451385498,406.25144958496094,491.16212368011475,410.2964782714844,452.640323638916,416.0565185546875,428.2169437408447,422.1464538574219,407.5952196121216,385.9528350830078,501.2374019622803,387.4517059326172,468.3360958099365,392.5380325317383,446.9492769241333,399.04518127441406,429.0283012390137,17,1787748159.7447312
426.1122512817383,593.8293600082397,457.57530212402344,564.3709373474121,476.4613723754883,528.5836601257324,487.0997619628906,503.76794815063477,488.0295181274414,480.56636810302734,446.0385513305664,489.5873022079468,446.85791015625,454.83630180358887,448.09913635253906,434.4274377822876,449.2716979980469,417.5432538986206,429.3803405761719,487.41342544555664,431.2983703613281,446.8616008758545,434.8896026611328,421.1513614654541,439.3574905395508,399.1736841201782,411.6503143310547,491.04753971099854,415.30914306640625,451.40650749206543,421.63909912109375,426.6360282897949,428.5997009277344,404.8482084274292,393.22898864746094,501.7708396911621,392.67139434814453,469.67016220092773,396.4141082763672,448.67674827575684,401.9903564453125,430.30202865600586,18,1787748159.789743
437.30945587158203,590.3774642944336,462.94567108154297,559.5223188400269,476.2679672241211,523.8579940795898,478.7649917602539,495.11943340301514,473.4442138671875,468.0396366119385,436.3495635986328,481.36051654815674,425.31612396240234,439.5857334136963,417.51880645751953,413.86669635772705,410.1716995239258,392.33911514282227,418.0465316772461,484.05083656311035,409.08573150634766,439.686541557312,403.25401306152344,410.9793949127197,398.47644805908203,386.8113613128662,400.7167053222656,492.2408866882324,391.46202087402344,449.19078826904297,387.4827575683594,420.9454107284546,385.6775665283203,397.6525926589966,383.18729400634766,506.827597618103,372.87174224853516,472.37271308898926,369.43477630615234,449.6553039550781,368.6222457885742,430.30717849731445,19,1787748159.8497443
436.1635971069336,592.388219833374,463.7916946411133,560.9468936920166,478.72119903564453,524.0970754623413,483.02257537841797,494.1362428665161,477.5001525878906,467.3234224319458,439.0278625488281,480.1476860046387,426.5857696533203,439.58187103271484,417.3311233520508,414.2714738845825,408.5219955444336,393.4761142730713,420.34385681152344,483.1042528152466,410.1999282836914,438.9719581604004,402.86834716796875,411.07136249542236,396.09546661376953,388.35991859436035,402.73338317871094,491.4790105819702,393.96244049072266,449.2715549468994,388.9802551269531,422.05666065216064,385.15201568603516,399.6243381500244,385.18096923828125,506.17047786712646,376.2272262573242,472.37687587738037,372.73387908935547,450.293927192688,370.7257843017578,430.704402923584,20,1787748159.8927069
432.78812408447266,599.4075393676758,461.2483596801758,567.2049808502197,477.97935485839844,527.8171920776367,483.55945587158203,496.55104637145996,480.75817108154297,468.3972930908203,438.5478973388672,486.6428804397583,430.8424377441406,450.92662811279297,423.1787872314453,432.74803161621094,414.83890533447266,418.45696449279785,418.2828140258789,487.7771759033203,410.13832092285156,445.1260185241699,403.3749771118164,419.81768131256104,396.4453887939453,399.2781400680542,398.85154724121094,495.5651521682739,389.37522888183594,455.7514715194702,385.2649688720703,430.7296371459961,382.6808166503906,409.33595180511475,379.87098693847656,511.22281551361084,367.9403305053711,479.626522064209,363.59283447265625,459.25435066223145,362.01995849609375,441.61017894744873,21,1787748159.9447834
421.35326385498047,596.4417457580566,447.08946228027344,563.645281791687,459.56214904785156,522.8629159927368,454.75669860839844,495.5811595916748,450.1710510253906,474.68936920166016,407.06077575683594,482.1649217605591,396.6347122192383,444.2190885543823,390.77281951904297,422.44882106781006,386.17252349853516,405.38482189178467,385.3580093383789,489.56361293792725,373.17981719970703,448.9093065261841,365.5057907104492,424.1511011123657,359.4374465942383,404.79297637939453,368.2448196411133,502.07807064056396,352.64625549316406,463.4029769897461,344.26639556884766,440.3549909591675,338.4120559692383,422.3912715911865,353.8322448730469,521.8371963500977,334.9683380126953,492.3302364349365,324.51316833496094,473.9743137359619,316.1958312988281,457.64901638031006,22,1787748160.0042562
418.52500915527344,594.8334074020386,445.99056243896484,564.5953845977783,459.31121826171875,525.1388883590698,456.34849548339844,498.23328495025635,450.72120666503906,476.284704208374,409.1307067871094,481.29652976989746,396.89491271972656,444.5177364349365,390.1850128173828,423.0238437652588,385.1866149902344,405.60630798339844,386.1127471923828,488.3326721191406,372.13619232177734,448.87072563171387,364.2330551147461,424.89830017089844,358.6269760131836,405.5371284484863,367.3252868652344,501.2492036819458,350.235595703125,464.2822265625,341.9635772705078,441.33238792419434,336.92020416259766,423.1645202636719,350.9881591796875,521.1755704879761,331.54701232910156,492.3620367050171,322.18528747558594,474.31875228881836,316.1478042602539,458.7476062774658,23,1787748160.0646923
380.37036895751953,607.4485015869141,412.2122573852539,575.9417295455933,430.6095886230469,533.8466262817383,436.62609100341797,500.1699686050415,429.11922454833984,475.15491485595703,384.7411346435547,491.7550849914551,371.5739059448242,454.6778154373169,361.20361328125,433.71302604675293,350.31951904296875,417.38232135772705,358.9767837524414,497.3227071762085,345.0981903076172,453.7066841125488,335.76499938964844,427.04492568969727,327.4131774902344,406.6530132293701,336.3800811767578,511.1910152435303,322.13478088378906,470.13072967529297,314.53468322753906,445.6745195388794,309.7678756713867,425.9019613265991,315.9140205383301,532.4838495254517,300.02525329589844,501.7854309082031,291.3319778442383,482.00634956359863,285.58101654052734,463.96594047546387,24,1787748160.1073656
382.0384216308594,612.0196294784546,413.8572311401367,581.4518451690674,433.8007354736328,541.5449523925781,443.3068084716797,510.7222509384155,441.78638458251953,488.50738048553467,393.951416015625,499.3448781967163,384.9957275390625,460.36208152770996,377.5344467163086,439.5536756515503,370.3390121459961,423.7917709350586,368.58924865722656,502.67223358154297,358.71288299560547,455.3594398498535,349.7841262817383,427.8673553466797,341.2333297729492,407.9374694824219,345.7916259765625,513.9854907989502,334.15843963623047,471.33484840393066,327.84523010253906,446.3284635543823,323.8855743408203,427.0994710922241,323.82930755615234,533.2061147689819,309.61009979248047,502.40808963775635,302.6656150817871,481.5534210205078,298.7681007385254,463.0851459503174,25,1787748160.1487026
387.84236907958984,618.687858581543,421.6364288330078,587.5100755691528,441.5330505371094,546.4185047149658,448.9249038696289,514.3148231506348,447.8824996948242,489.38178062438965,397.5259780883789,501.46695613861084,388.4416961669922,463.01223278045654,380.91522216796875,441.8626928329468,373.9788818359375,424.3809127807617,371.97174072265625,504.041748046875,362.2208786010742,458.5045337677002,354.57374572753906,430.0317049026489,347.5933074951172,407.1363687515259,349.02000427246094,515.2455282211304,337.0983123779297,472.58278369903564,331.7251968383789,447.0973777770996,328.88404846191406,426.36197090148926,327.07923889160156,534.5756721496582,312.5453186035156,503.24528217315674,306.5565490722656,481.56131744384766,303.72161865234375,461.48646354675293,26,1787748160.2145808
383.1061553955078,623.3453321456909,417.2525405883789,590.9738159179688,437.73780822753906,548.5523414611816,445.20729064941406,515.4396343231201,440.4275131225586,492.2790813446045,392.8391647338867,502.91964054107666,381.08375549316406,462.4892234802246,371.65210723876953,439.8978567123413,362.39356994628906,421.3417339324951,366.70475006103516,507.1038007736206,354.63939666748047,460.0480270385742,345.62732696533203,431.823205947876,337.26558685302734,409.05043601989746,343.1119155883789,519.8423624038696,330.5758285522461,475.4340362548828,323.7773132324219,449.8318576812744,318.5287284851074,428.61854553222656,321.00948333740234,540.1326942443848,306.5068054199219,506.89579010009766,299.23648834228516,485.1621723175049,294.1294860839844,465.47990798950195,27,1787748160.276275
382.99110412597656,624.3894195556641,417.3207473754883,591.2222957611084,437.82421112060547,548.2448101043701,445.3135681152344,515.5074834823608,442.54310607910156,491.69461727142334,392.01908111572266,503.6591148376465,380.20381927490234,462.37524032592773,370.77476501464844,439.5070695877075,361.63455963134766,421.0271644592285,365.6810760498047,508.1258296966553,353.743896484375,460.6247663497925,344.9959182739258,431.4617729187012,337.1900939941406,408.1950044631958,342.4106979370117,521.0209035873413,329.6227264404297,476.25916957855225,323.3759307861328,449.90983486175537,319.2515182495117,428.7386226654053,320.7511520385742,541.4818668365479,304.76667404174805,508.42726707458496,296.4976501464844,486.21625900268555,290.6879997253418,466.070294380188,28,1787748160.333744
380.6622314453125,631.5322923660278,415.6106948852539,597.8020763397217,435.33557891845703,555.098991394043,441.4043426513672,521.3153028488159,433.3587646484375,497.4010705947876,390.6415557861328,509.1303491592407,379.22008514404297,464.57937240600586,370.60176849365234,437.8199815750122,362.51781463623047,415.5563163757324,363.0868148803711,514.2851686477661,350.5522918701172,465.5637216567993,342.4104309082031,434.3144416809082,335.48038482666016,408.264741897583,338.8966751098633,527.9897975921631,324.88548278808594,482.09248065948486,317.1779251098633,452.8907775878906,311.8164253234863,428.27818393707275,317.34169006347656,548.5727691650391,302.7389144897461,513.1917715072632,294.1816711425781,488.8557243347168,287.8908348083496,467.04902172088623,29,1787748160.3727932
380.0252914428711,633.406834602356,414.9998092651367,597.949275970459,434.4624710083008,553.6306858062744,439.7837829589844,520.7559442520142,433.5258102416992,497.14452266693115,388.4437942504883,509.93621349334717,377.99327850341797,464.68297004699707,370.0080108642578,437.69325256347656,362.55897521972656,415.72561740875244,361.13861083984375,515.3156089782715,349.60147857666016,465.4834270477295,342.10533142089844,433.097620010376,335.7916259765625,407.3141670227051,337.5967025756836,528.6751127243042,324.22637939453125,481.5882682800293,317.40161895751953,451.8325710296631,313.07987213134766,427.6937198638916,317.04551696777344,548.757734298706,301.9306755065918,513.3491849899292,293.6504364013672,488.93370151519775,287.7619934082031,467.57863998413086,30,1787748160.4248028
859.1394805908203,554.0595817565918,829.2442321777344,530.8767986297607,813.9096069335938,492.0768642425537,811.4201354980469,459.7977876663208,802.7362060546875,434.9993705749512,829.3328094482422,454.3305015563965,822.0210266113281,413.2267427444458,815.108642578125,387.741379737854,808.3366394042969,368.25403690338135,851.0154724121094,453.1405448913574,844.3779754638672,412.9469347000122,836.6865539550781,387.62709617614746,829.7396087646484,367.90290355682373,872.9643249511719,459.24975872039795,873.4978485107422,421.9226360321045,867.0612335205078,397.7901792526245,861.2415313720703,379.74011421203613,895.5018615722656,471.12104415893555,902.4845123291016,438.66923332214355,901.8795776367188,415.4555082321167,899.5552825927734,396.484694480896,31,1787748160.946618
835.6600189208984,541.951789855957,801.4402770996094,523.3921909332275,776.5242004394531,491.282114982605,759.6912384033203,463.588285446167,744.8085784912109,439.92703914642334,804.6221923828125,440.69599628448486,790.9952545166016,400.19004821777344,777.4559020996094,373.0886650085449,766.5512084960938,351.04373931884766,826.9999694824219,435.8929109573364,814.2310333251953,388.9623212814331,802.0789337158203,356.89842224121094,790.7563781738281,330.70098638534546,851.6689300537109,438.52675437927246,845.2544403076172,391.0307550430298,835.6191253662109,359.5247983932495,825.2407836914062,333.3051109313965,878.3708953857422,448.4977912902832,884.2034149169922,411.8558979034424,882.1080017089844,385.86760997772217,876.4617156982422,363.3020782470703,32,1787748160.984881
834.27490234375,548.2061862945557,797.2672271728516,529.024658203125,766.6910552978516,494.82100009918213,744.8497009277344,465.65937995910645,731.5901184082031,436.48518562316895,802.4661254882812,440.64016342163086,785.6607818603516,403.0009174346924,771.1497497558594,382.3386812210083,760.0424194335938,367.9753017425537,826.6806030273438,434.033260345459,813.8090515136719,389.95460987091064,802.6852416992188,363.3924150466919,792.6254272460938,342.79197692871094,852.0347595214844,436.5502882003784,845.120849609375,388.88747692108154,835.0724792480469,361.0456323623657,823.4540557861328,338.4256839752197,878.3966064453125,447.46477603912354,884.1129302978516,411.5226173400879,881.0669708251953,386.00322246551514,873.6808013916016,364.3151378631592,33,1787748161.0370343
819.5200347900391,521.8117046356201,780.1018524169922,499.42216873168945,748.7175750732422,472.24233627319336,725.3016662597656,447.23934173583984,707.6844787597656,424.53407764434814,772.5127410888672,413.34033966064453,760.2794647216797,378.0812644958496,752.5624084472656,355.7775592803955,746.854248046875,336.53303146362305,796.5455627441406,407.43128299713135,785.4428863525391,368.0619478225708,776.4920806884766,343.12504291534424,768.3811187744141,321.500301361084,822.0402526855469,410.28669834136963,814.879150390625,369.46824073791504,807.4349212646484,345.69408416748047,800.2220153808594,324.1740560531616,848.7322235107422,420.2933120727539,852.716064453125,389.0639877319336,852.7936553955078,367.4825048446655,852.0854949951172,346.5514898300171,34,1787748161.0824285
810.0709533691406,510.2267074584961,770.3522491455078,489.5883321762085,738.6151123046875,460.3067636489868,717.8607177734375,433.4046792984009,704.0177917480469,409.6177339553833,764.1899871826172,404.20580863952637,754.0231323242188,368.6729335784912,746.7134094238281,348.32091093063354,740.7839202880859,330.31747341156006,788.1439971923828,399.87517833709717,780.2580261230469,358.8806390762329,772.7424621582031,335.41163206100464,765.4769897460938,315.4806089401245,813.0390167236328,403.7837791442871,808.5621643066406,360.85453033447266,802.0162963867188,337.4301767349243,794.9943542480469,317.78507709503174,839.3918609619141,415.18518447875977,845.3337097167969,381.9508981704712,846.4402770996094,360.11351108551025,845.5876159667969,340.31123399734497,35,1787748161.1379228
810.9512329101562,509.4162940979004,771.1982727050781,490.90471744537354,738.3502197265625,461.8554496765137,716.7361450195312,434.08905029296875,702.3828125,409.76150035858154,765.150146484375,406.0218572616577,754.2581176757812,369.90155696868896,747.0010375976562,348.59647035598755,741.3562774658203,329.6623492240906,789.0513610839844,400.962438583374,779.705810546875,360.0649309158325,772.4776458740234,336.37059688568115,765.6684875488281,315.1940846443176,814.3653106689453,403.9035129547119,808.1748962402344,361.36402130126953,801.9370269775391,337.4737787246704,795.7608795166016,316.5441370010376,840.9906768798828,414.1902780532837,844.5707702636719,381.9327449798584,845.6443023681641,360.685830116272,845.6777954101562,340.95041513442993,36,1787748161.1747425
807.4727630615234,502.2506332397461,769.7800445556641,482.08574295043945,737.1293640136719,453.95692348480225,714.2144012451172,428.213210105896,698.9792633056641,406.13858699798584,758.8191986083984,406.644344329834,745.7956695556641,369.23529624938965,738.6574554443359,347.41915225982666,733.9553833007812,327.81593799591064,781.3896179199219,400.92557430267334,770.7993316650391,359.6912670135498,763.2352447509766,335.15527725219727,756.9248199462891,312.73016452789307,805.76416015625,402.91985034942627,798.7751007080078,360.6801223754883,792.2523498535156,336.80859088897705,786.2885284423828,315.60150146484375,832.1748352050781,411.75865173339844,835.8012390136719,380.25604248046875,836.8241882324219,358.49828481674194,837.1871185302734,337.827787399292,37,1787748161.2130144
806.8564605712891,498.2741403579712,769.1082000732422,480.3265142440796,735.6697845458984,453.6453151702881,712.9085540771484,427.9753303527832,698.2987976074219,405.8489513397217,757.6596069335938,406.1866521835327,745.0063323974609,369.5532989501953,737.8125762939453,348.09884548187256,732.9183959960938,329.0548610687256,780.8157348632812,400.3401231765747,770.4951477050781,359.62964057922363,762.9791259765625,335.24685859680176,756.6481018066406,313.4059524536133,805.5233764648438,402.20921516418457,799.3293762207031,361.04610443115234,792.9096221923828,336.8061876296997,787.2683715820312,315.2522134780884,831.6943359375,411.1100721359253,835.6443786621094,380.03060817718506,836.7393493652344,358.9381670951843,837.0806121826172,339.27019357681274,38,1787748161.2728634
799.8075103759766,493.92887592315674,763.8059997558594,477.1296215057373,731.8080902099609,451.34273529052734,709.1641998291016,426.3928270339966,695.4084014892578,403.11322689056396,754.9017333984375,402.4462366104126,740.7794952392578,366.72492027282715,732.9152679443359,345.48452854156494,728.0673217773438,326.56092166900635,777.6678466796875,396.2851810455322,765.6272888183594,355.9066700935364,757.5264739990234,331.7684841156006,751.1521911621094,310.5644416809082,802.1238708496094,397.79258251190186,794.2398071289062,357.07433223724365,786.9575500488281,333.2163619995117,780.8003997802734,312.47314453125,828.0320739746094,406.4194679260254,830.8643341064453,376.4149475097656,831.4083099365234,355.35505771636963,831.2152862548828,335.90466499328613,39,1787748161.3239014
802.3550415039062,497.36579418182373,764.4873809814453,477.1429681777954,731.9724273681641,450.4799222946167,709.1152191162109,425.7095718383789,696.6191101074219,401.4690971374512,757.8352355957031,407.013201713562,742.9670715332031,368.71941089630127,733.9916229248047,345.43466091156006,727.8971099853516,325.68974018096924,780.0090026855469,400.5429410934448,767.9274749755859,359.2476511001587,759.5986175537109,333.9040803909302,752.7518463134766,312.53035068511963,803.4890747070312,400.7183790206909,795.8976745605469,358.66745710372925,788.2015228271484,333.75829696655273,781.4252471923828,313.08172702789307,827.9796600341797,407.26515769958496,831.9439697265625,375.3154134750366,832.8424835205078,353.9276075363159,832.78076171875,335.2604627609253,40,1787748161.3634346
809.4869232177734,496.6264486312866,774.2979431152344,469.6932077407837,745.3648376464844,434.5345115661621,722.1226501464844,407.54629611968994,701.8395233154297,387.2408151626587,775.2287292480469,397.78721809387207,760.9809875488281,361.5681266784668,751.2272644042969,339.38097953796387,742.2451782226562,320.2091073989868,796.8996429443359,394.0825080871582,785.7545471191406,353.873770236969,775.2716064453125,330.3569555282593,764.3775939941406,310.4481625556946,820.1860809326172,397.40514278411865,817.7815246582031,354.1677188873291,810.3244018554688,327.8885078430176,801.1412811279297,306.37500286102295,843.9071655273438,407.19181537628174,851.8354034423828,374.9202060699463,853.5700225830078,352.59448528289795,851.6179656982422,333.4179353713989,41,1787748161.41824
821.1418914794922,494.5279312133789,784.8941802978516,469.9373531341553,755.8489990234375,434.1766834259033,736.3246154785156,403.7763547897339,728.2877349853516,377.2594356536865,791.1320495605469,392.38460540771484,779.4611358642578,349.7491765022278,773.3233642578125,323.6362409591675,769.4887542724609,301.8977952003479,814.5977783203125,389.3888998031616,806.3063049316406,342.35913276672363,801.8761444091797,312.5707769393921,798.8832092285156,286.9150400161743,838.6249542236328,393.842396736145,837.0112609863281,348.53546619415283,834.7411346435547,319.90015983581543,832.2528076171875,295.1432204246521,862.4630737304688,404.88850593566895,871.1366271972656,369.88237380981445,878.0523681640625,347.4485492706299,883.2166290283203,327.58973121643066,42,1787748161.4759734
821.9284057617188,497.5388717651367,784.0556335449219,471.6432809829712,753.94775390625,434.4291114807129,735.5519104003906,403.64417552948,726.3336944580078,377.5986385345459,788.7990570068359,391.4074230194092,778.5234832763672,348.31756353378296,772.1051025390625,322.5361919403076,768.1202697753906,300.4360342025757,812.4735260009766,389.11089420318604,805.6157684326172,341.78144931793213,800.7527923583984,312.13630199432373,797.1505737304688,286.75556659698486,837.0636749267578,394.48222160339355,837.3522186279297,348.01464557647705,835.3701782226562,319.19222831726074,833.5778045654297,294.9936819076538,861.7514801025391,406.6856288909912,871.6544342041016,372.1205806732178,878.1864929199219,349.48402404785156,883.4481811523438,329.6801805496216,43,1787748161.5385175
814.0034484863281,493.23214530944824,779.0215301513672,465.85734844207764,751.0977172851562,427.86744117736816,729.6136474609375,397.07435131073,712.8496551513672,374.46736335754395,785.1993560791016,390.26849269866943,775.8164978027344,346.40660762786865,770.9873199462891,320.43402671813965,768.7579345703125,298.2731008529663,809.1801452636719,387.4102449417114,804.8735046386719,339.04048919677734,801.6915130615234,308.8990259170532,799.2516326904297,283.35963249206543,833.3865356445312,392.00604915618896,836.1187744140625,346.8353319168091,835.1805114746094,317.9595708847046,833.7940979003906,293.90732288360596,857.3638916015625,403.2285404205322,871.0184478759766,371.793737411499,878.3519744873047,349.5190215110779,883.2573699951172,329.9126100540161,44,1787748161.5801404
813.1336975097656,492.9590320587158,779.139404296875,465.7672691345215,751.7017364501953,427.977089881897,730.2494812011719,398.1608819961548,713.2364654541016,376.4992332458496,785.6223297119141,388.3080768585205,776.8515777587891,344.58703994750977,772.1478271484375,318.48339557647705,769.8291015625,296.32174015045166,809.4566345214844,385.999960899353,805.9508514404297,337.84355878829956,803.1944274902344,307.8984332084656,800.6965637207031,282.5893020629883,833.5932922363281,391.4607238769531,836.9529724121094,345.9917879104614,836.142578125,317.4105763435364,834.8316192626953,293.39860439300537,857.4948883056641,403.7554121017456,871.7539215087891,371.2461805343628,879.5091247558594,348.966121673584,884.7872924804688,329.17064666748047,45,1787748161.6398377
769.4326782226562,485.67681312561035,736.2805938720703,457.47962951660156,710.5130767822266,425.09571075439453,692.2279357910156,398.7480068206787,677.8557586669922,375.39703845977783,747.6235961914062,379.5693111419678,736.5303039550781,339.61143493652344,728.82080078125,314.65916633605957,723.6370086669922,293.36616039276123,770.3938293457031,376.5839910507202,769.2521667480469,332.64254093170166,766.7108917236328,305.2110528945923,764.0975189208984,282.8585958480835,792.0041656494141,381.93390369415283,797.8650665283203,341.3052821159363,799.6581268310547,315.58839082717896,800.1066589355469,294.131019115448,811.47705078125,394.8452425003052,824.1876983642578,364.96779441833496,830.6668853759766,344.45741415023804,835.3182220458984,326.07415437698364,46,1787748161.6818438
765.7264709472656,481.2677335739136,733.8247680664062,455.524320602417,706.7108154296875,423.5159969329834,686.7997741699219,396.57880783081055,671.9001007080078,373.9368438720703,744.8197174072266,378.8486337661743,733.6748504638672,338.57829093933105,725.9449005126953,314.13628578186035,720.8320617675781,293.1172513961792,767.6918792724609,376.2083959579468,766.0861206054688,332.7283716201782,763.8597106933594,306.4137554168701,762.3030090332031,284.24205780029297,789.3626403808594,381.369309425354,795.9562683105469,340.8127427101135,797.7028656005859,316.5022087097168,798.49365234375,295.5192017555237,809.2383575439453,393.76823902130127,822.5395202636719,365.3578519821167,829.219970703125,345.3065800666809,834.08447265625,326.4553713798523,47,1787748161.719124
757.9771423339844,467.6137447357178,725.406494140625,443.61835956573486,698.6261749267578,414.2502737045288,678.7328338623047,388.68616104125977,665.4977416992188,366.4053726196289,731.6677093505859,372.26022720336914,719.8754119873047,332.37157344818115,714.2100524902344,308.76304864883423,711.7188262939453,289.159255027771,754.1082763671875,368.8193607330322,750.8873748779297,324.703631401062,748.9864349365234,299.15552616119385,747.9243469238281,279.4159698486328,775.5007934570312,372.7190351486206,779.6975708007812,332.46090173721313,781.1181640625,308.6032748222351,781.9242095947266,289.51446533203125,796.2053680419922,382.9170513153076,807.4279022216797,352.86646127700806,813.9674377441406,333.52930068969727,818.4193420410156,316.34533166885376,48,1787748161.7515144
759.0325164794922,466.75702571868896,727.0224761962891,443.151912689209,699.7156524658203,413.7467050552368,678.7232208251953,388.82134437561035,664.2941284179688,367.23376750946045,732.1227264404297,370.8238935470581,720.5460357666016,331.43181324005127,714.9033355712891,308.59235286712646,712.4546051025391,289.06503438949585,753.9431762695312,367.70999908447266,750.8350372314453,324.585120677948,749.0830993652344,299.1527795791626,748.2790374755859,279.303982257843,775.4241180419922,372.0983076095581,779.7936248779297,332.11901664733887,780.8583068847656,307.9589867591858,781.6287994384766,288.3827018737793,796.0810852050781,382.55746364593506,807.5099182128906,353.09303283691406,814.1815948486328,333.99808645248413,819.2961883544922,317.2621965408325,49,1787748161.798892
750.4359436035156,459.52969551086426,718.4935760498047,436.5932035446167,691.8374633789062,406.2884044647217,672.9484558105469,380.3746175765991,659.7007751464844,359.31989908218384,725.5830383300781,362.77580738067627,718.4916687011719,324.78941917419434,715.3046417236328,302.94119596481323,714.1683197021484,284.30201053619385,747.9123687744141,361.05563163757324,748.78173828125,319.0532898902893,748.9302062988281,293.7001919746399,749.1317749023438,273.26581478118896,768.3688354492188,366.2878704071045,777.1915435791016,328.26987504959106,780.1983642578125,304.2650270462036,782.1991729736328,284.1725778579712,786.8809509277344,377.43422985076904,799.5927429199219,349.33706045150757,806.3674926757812,330.4458546638489,811.4669036865234,313.2299780845642,50,1787748161.8430848
739.6727752685547,459.05213356018066,709.9331665039062,436.63251399993896,685.0727844238281,407.8694486618042,666.2279510498047,382.6626920700073,654.0754699707031,360.684757232666,720.0222778320312,362.6099395751953,716.0330963134766,324.74311351776123,714.3638610839844,302.5436496734619,714.1374969482422,284.01724576950073,742.3123168945312,361.6808223724365,748.9028930664062,320.1227402687073,751.7884826660156,295.40268659591675,754.2417907714844,275.4083204269409,761.4550018310547,367.4668836593628,773.4250640869141,329.6981620788574,778.6038970947266,306.81278228759766,782.701416015625,287.83119678497314,777.9850006103516,379.3360662460327,792.9328155517578,352.0614981651306,801.9553375244141,334.46369647979736,809.4436645507812,319.01721954345703,51,1787748161.875587
739.3842315673828,458.29673767089844,710.4212188720703,435.40268898010254,685.6476593017578,407.1610450744629,667.7734375,382.46562480926514,656.7827606201172,359.94189262390137,720.0444793701172,363.28040599823,715.6491851806641,325.7179355621338,713.8379669189453,303.4028363227844,713.79150390625,284.30098056793213,742.1804809570312,361.86874866485596,747.5142669677734,320.83828926086426,750.4161834716797,295.78587770462036,753.2121276855469,275.2680730819702,761.7356872558594,367.82544136047363,773.3656311035156,331.1053133010864,778.9846801757812,307.91512727737427,783.4378051757812,288.3312463760376,779.0279388427734,380.11433601379395,793.7931823730469,353.5196113586426,802.5197601318359,335.891489982605,809.4432067871094,319.9352216720581,52,1787748161.9253728
733.6709594726562,468.2992744445801,707.0947265625,445.11627674102783,687.1958160400391,409.1924858093262,673.6786651611328,379.3295431137085,661.400146484375,356.2867498397827,722.2183227539062,369.4266128540039,725.4795837402344,330.592839717865,727.8260803222656,306.14373207092285,730.9088897705078,285.6521272659302,745.1176452636719,370.5733108520508,756.6355133056641,330.53797245025635,763.6920928955078,304.9343776702881,769.9464416503906,283.67130517959595,764.5893096923828,378.53097438812256,783.0308532714844,342.8871202468872,793.8091278076172,318.5002827644348,801.8998718261719,297.7543616294861,780.838623046875,392.1836757659912,801.8474578857422,365.94218730926514,815.1043701171875,348.0253744125366,825.1432800292969,331.8218493461609,53,1787748161.978942
733.5512542724609,468.01358699798584,706.7969512939453,444.3302392959595,686.5383911132812,408.98438930511475,673.1000518798828,379.1562080383301,661.6492462158203,356.41661167144775,723.7137603759766,369.1806221008301,728.0599212646484,329.72318172454834,730.0438690185547,304.6881079673767,732.1668243408203,283.83002758026123,746.4134216308594,370.48842430114746,758.4339904785156,330.47126054763794,764.3154907226562,304.0854477882385,768.4742736816406,282.2151017189026,765.3627777099609,378.43329906463623,783.5485076904297,343.43570709228516,792.7005767822266,318.8577461242676,799.0364837646484,297.9628658294678,780.7760620117188,392.12642669677734,802.1098327636719,367.7012872695923,815.0857543945312,350.3529953956604,825.1325225830078,334.6832084655762,54,1787748162.02703
736.3827514648438,473.4542226791382,711.7946624755859,448.8753604888916,696.0614013671875,414.19482707977295,685.15625,384.6469259262085,676.2910461425781,359.85389471054077,727.1285247802734,374.70223903656006,735.5709075927734,332.37056493759155,743.9503479003906,306.46010398864746,752.9257202148438,286.1868095397949,751.1173248291016,377.81840801239014,768.3738708496094,334.73856925964355,781.1208343505859,307.80344009399414,792.7303314208984,286.7556309700012,770.6591033935547,388.61620903015137,794.3962860107422,350.2933645248413,809.2186737060547,326.54030084609985,821.6472625732422,306.9976830482483,785.9706878662109,405.694842338562,811.36474609375,383.2444095611572,829.0272521972656,367.9974889755249,843.8893890380859,354.1085386276245,55,1787748162.0741875
737.3295593261719,485.343017578125,713.7852478027344,461.07336044311523,698.1770324707031,426.86991691589355,686.9199371337891,397.40312576293945,676.3766479492188,373.29620361328125,730.6638336181641,381.75468921661377,740.4061889648438,340.77105045318604,749.0745544433594,315.5348539352417,758.1146240234375,295.4679822921753,754.8043060302734,385.90906620025635,775.2376556396484,344.1572427749634,788.0158996582031,318.40357303619385,799.4630432128906,298.17933082580566,773.9119720458984,398.7540578842163,801.5325927734375,362.7325487136841,817.3351287841797,340.07779598236084,830.8052062988281,321.55531883239746,787.4803161621094,419.3969392776489,815.2088928222656,398.9808654785156,833.6515808105469,385.0311040878296,849.2957305908203,372.61281967163086,56,1787748162.1384308
735.4505920410156,490.98771572113037,718.8852691650391,461.80395126342773,708.2675170898438,426.72022819519043,697.6638793945312,398.9993190765381,682.4452209472656,378.2599210739136,749.3833160400391,387.9345417022705,768.1563568115234,352.71209478378296,780.7915496826172,330.52329540252686,794.6768951416016,311.0471749305725,771.278076171875,398.534631729126,798.5710906982422,363.84002208709717,817.0699310302734,341.5740394592285,835.5077362060547,321.74970388412476,787.4166107177734,416.3756990432739,819.2348480224609,386.765398979187,840.6269836425781,367.29294776916504,859.9135589599609,349.50981616973877,798.5226440429688,440.63557147979736,830.2384948730469,424.9999666213989,852.1015930175781,413.8748073577881,870.5891418457031,402.77578353881836,57,1787748162.1838067
734.29931640625,487.7361059188843,716.4246368408203,462.0224332809448,708.7764739990234,427.94061183929443,700.7331085205078,400.06765365600586,684.4760894775391,380.7604694366455,747.5371551513672,387.8458786010742,763.9619445800781,350.5373167991638,776.1325073242188,327.3208236694336,789.4818115234375,307.82562732696533,770.8576965332031,398.9577341079712,798.2820129394531,363.0979299545288,816.1328125,340.0707793235779,832.7359008789062,320.5960750579834,787.2048950195312,417.49780654907227,820.2471923828125,388.41485023498535,840.2341461181641,367.88217544555664,857.8498077392578,348.9805841445923,797.7980041503906,441.25762939453125,830.8856201171875,425.0805616378784,853.2283020019531,413.29227447509766,872.1483612060547,401.08354568481445,58,1787748162.2412672
747.1149444580078,510.6836271286011,725.3742980957031,483.7395715713501,717.2148132324219,446.9171333312988,710.8674621582031,416.09164237976074,698.7107086181641,394.2212104797363,753.2650756835938,408.94636631011963,773.8189697265625,367.7455759048462,791.2436676025391,343.22662353515625,807.8443908691406,324.69998359680176,778.5442352294922,418.38508129119873,808.5424041748047,378.5649633407593,830.4520416259766,354.55702543258667,849.8914337158203,336.0586452484131,797.7055358886719,435.1676416397095,832.02880859375,400.9542417526245,854.4589233398438,380.0809907913208,873.1524658203125,363.3084297180176,811.3835906982422,456.7345333099365,842.9254913330078,436.82095527648926,865.5690002441406,425.11017322540283,885.0987243652344,414.4879388809204,59,1787748162.2837293
748.3084106445312,521.7164325714111,725.2474212646484,492.1033000946045,715.8104705810547,455.08087635040283,708.8484191894531,423.8572597503662,694.8683166503906,400.31493186950684,754.7031402587891,415.4514741897583,774.5880889892578,373.6841583251953,790.2032470703125,348.60642671585083,805.5138397216797,328.6793088912964,779.0628814697266,425.1236915588379,807.8793334960938,384.8708152770996,829.7127532958984,360.81358909606934,849.2024993896484,341.8823432922363,797.188720703125,442.073450088501,831.1013793945312,409.17004108428955,854.4476318359375,388.4517574310303,874.1825103759766,370.7937240600586,809.4223022460938,463.98890018463135,841.9536590576172,444.1305112838745,864.7931671142578,432.6532316207886,884.0663909912109,421.85216903686523,60,1787748162.321437
746.7979431152344,522.2967338562012,725.9481811523438,493.23763847351074,716.3761138916016,456.7780923843384,708.9796447753906,425.7013750076294,695.2717590332031,401.9019412994385,754.4328308105469,415.82496643066406,775.4013061523438,373.6315870285034,791.0661315917969,347.9275918006897,806.1479949951172,327.8843021392822,779.0461730957031,425.8450984954834,809.3871307373047,385.2698850631714,831.1920166015625,361.283597946167,850.1722717285156,342.440242767334,797.2225189208984,442.7840852737427,831.5769195556641,409.30466651916504,855.1560974121094,388.6430311203003,874.9659729003906,371.105375289917,809.814453125,464.43732261657715,842.4999237060547,444.7191381454468,865.5105590820312,433.9503479003906,884.7997283935547,423.83837699890137,61,1787748162.3725088
747.4861145019531,521.0496997833252,726.4576721191406,491.41390800476074,718.1602478027344,452.14842796325684,712.7471160888672,420.38201808929443,699.6990966796875,396.588077545166,758.1812286376953,415.3250455856323,779.1315460205078,374.4220018386841,794.4483947753906,349.5503067970276,809.1036987304688,329.6985912322998,782.4407196044922,425.6018114089966,811.5213775634766,386.0527038574219,832.8225708007812,362.192587852478,851.7896270751953,342.27171421051025,799.9124145507812,442.70009994506836,833.1810760498047,409.7370386123657,856.4620208740234,389.5557117462158,876.2571716308594,371.20141983032227,811.9394683837891,464.4315719604492,844.8027801513672,444.621376991272,867.7195739746094,434.1578435897827,887.1166229248047,423.3895254135132,62,1787748162.4154537
748.2576751708984,520.4187154769897,727.6213836669922,489.8858642578125,719.3515014648438,449.7292470932007,714.5813751220703,417.7939224243164,701.0751342773438,395.7413578033447,758.6204528808594,415.3668022155762,779.4841766357422,375.34013271331787,794.5948028564453,351.1166524887085,809.4283294677734,331.7914009094238,782.2981262207031,425.8701181411743,810.6838989257812,386.85007095336914,831.2747192382812,362.7417325973511,849.3090057373047,342.36162185668945,799.7025299072266,442.7924108505249,832.5228881835938,409.71163272857666,853.8848114013672,388.3712911605835,871.4385986328125,368.93789291381836,812.2074890136719,464.4733715057373,844.3849182128906,443.4934329986572,865.9125518798828,431.47194385528564,883.6504364013672,419.3785285949707,63,1787748162.4827938
748.5553741455078,519.9195671081543,727.593994140625,489.78827476501465,719.2225646972656,449.7586441040039,714.6955108642578,417.9452848434448,701.5503692626953,396.12738132476807,758.5353088378906,415.26487827301025,779.51416015625,375.22610664367676,794.7255706787109,350.9691524505615,809.4967651367188,331.7478632926941,782.3321533203125,425.8243703842163,811.048583984375,386.6511583328247,831.6175842285156,362.37579345703125,849.4315338134766,342.00726985931396,799.8271179199219,442.83584117889404,832.9347229003906,409.7165250778198,854.3975067138672,388.49656105041504,871.9447326660156,369.32889461517334,812.4057769775391,464.63374614715576,844.7528839111328,443.5861301422119,866.3540649414062,431.5642547607422,884.18212890625,419.5447826385498,64,1787748162.524347
748.6151885986328,519.6782112121582,727.6889801025391,489.4897127151489,719.2393493652344,449.38133239746094,714.4594573974609,417.6041507720947,701.2389373779297,395.88937282562256,758.5773468017578,415.2588701248169,779.4455718994141,375.2067518234253,794.6621704101562,350.9693670272827,809.4743347167969,331.7750930786133,782.3770904541016,425.8280611038208,811.0618591308594,386.71802043914795,831.7265319824219,362.4823522567749,849.6236419677734,342.17599153518677,799.9018859863281,442.8575563430786,832.9012298583984,409.8170757293701,854.3989562988281,388.62393379211426,871.9526672363281,369.53269958496094,812.4994659423828,464.6737861633301,844.7955322265625,443.6913585662842,866.4315032958984,431.6702127456665,884.2585754394531,419.7123670578003,65,1787748162.589835
756.4292144775391,521.2266826629639,735.9664916992188,487.89145946502686,729.0476226806641,447.3934078216553,723.3002471923828,415.10368824005127,710.0373077392578,392.4913787841797,766.7054748535156,417.60539531707764,787.3725891113281,377.2718811035156,802.1781921386719,353.9761447906494,816.1741638183594,335.51984310150146,788.1333160400391,427.6365566253662,811.4491271972656,386.6360092163086,829.3495941162109,361.84205532073975,845.7354736328125,342.3483610153198,804.8134613037109,444.7974157333374,830.1922607421875,409.96912479400635,848.2663726806641,388.9933490753174,864.0850830078125,371.38561248779297,817.4370574951172,467.3855209350586,841.0105133056641,445.6041383743286,857.6132965087891,432.35153675079346,872.0620727539062,420.3236961364746,66,1787748162.6407807
763.7290954589844,544.6614646911621,746.9753265380859,507.7700614929199,742.3947906494141,466.5962219238281,740.0783538818359,434.29924964904785,730.5790710449219,408.50459575653076,780.9867858886719,439.06787395477295,800.9777069091797,400.54251194000244,815.0853729248047,379.30705547332764,828.1513214111328,360.1910591125488,798.5213470458984,451.36067390441895,816.9200134277344,413.6252546310425,828.7381744384766,390.5970525741577,838.4828186035156,370.0152826309204,811.5328979492188,471.6728925704956,831.3091278076172,444.0293598175049,840.7358551025391,425.9564208984375,846.4656066894531,408.6975860595703,821.4644622802734,499.0085506439209,839.79736328125,482.9765796661377,845.3466033935547,469.8425102233887,845.4575347900391,456.1837577819824,67,1787748162.6852229
772.1257019042969,553.2587385177612,755.1664733886719,516.1710405349731,749.5347595214844,473.76214027404785,744.1416168212891,443.9622402191162,731.7304992675781,422.7849769592285,791.6750335693359,448.0070114135742,812.4703216552734,411.3939142227173,827.0732879638672,390.836820602417,841.1792755126953,374.00885581970215,809.1222381591797,460.3445291519165,831.11328125,423.7795829772949,845.6600189208984,401.44665241241455,857.8514099121094,382.8485155105591,822.1154022216797,479.5813322067261,846.6683197021484,452.0829391479492,859.8072814941406,434.18376445770264,868.8610076904297,418.0686664581299,831.1881256103516,505.0875520706177,851.5843963623047,487.90635108947754,860.9822845458984,474.30381774902344,865.7807922363281,460.6235647201538,68,1787748162.749861
773.9185333251953,551.4784383773804,754.9104309082031,515.3822135925293,748.1671905517578,471.5333318710327,743.0248260498047,442.1234464645386,730.7259368896484,422.30870246887207,790.8620452880859,446.99326515197754,811.5730285644531,410.60131072998047,826.7098236083984,390.1739501953125,840.7124328613281,373.7519645690918,809.2174530029297,458.7938690185547,830.8031463623047,422.4282646179199,845.0395965576172,399.6947193145752,856.8081665039062,381.05971813201904,822.5237274169922,477.6076126098633,846.8599700927734,450.11878967285156,860.7194519042969,431.87281608581543,870.8155822753906,415.76879024505615,831.6045379638672,502.5364065170288,851.2764739990234,485.87323665618896,860.1573181152344,473.0265712738037,864.6638488769531,460.1314973831177,69,1787748162.7930264
793.7290954589844,557.611083984375,777.9402160644531,521.1361742019653,772.6042938232422,479.2204999923706,765.4392242431641,446.8442630767822,747.9534149169922,426.5715265274048,824.0037536621094,455.9918403625488,851.6217041015625,422.5791549682617,873.1622314453125,402.50537395477295,893.2548522949219,387.4229049682617,840.1454162597656,470.5633592605591,873.4990692138672,440.8585596084595,897.3879241943359,422.7505588531494,919.620361328125,409.0865707397461,851.4620971679688,489.9598503112793,882.1991729736328,465.4507255554199,905.9673309326172,449.95498180389404,928.0609893798828,437.6136875152588,857.589111328125,513.4448432922363,881.7600250244141,498.2489061355591,900.3322601318359,488.41824531555176,916.4448547363281,479.8522996902466,70,1787748162.8295293
799.1637420654297,565.1141452789307,782.0855712890625,529.8339557647705,779.2428588867188,485.66144943237305,775.6729125976562,453.23517322540283,761.3157653808594,432.722110748291,831.8147277832031,464.97878551483154,862.4250030517578,427.71045684814453,884.9578094482422,406.9736337661743,905.2237701416016,392.3707437515259,853.3061981201172,480.1558828353882,893.143310546875,447.0843744277954,921.9943237304688,427.8291606903076,947.0803833007812,413.65636825561523,868.2106781005859,500.98154067993164,909.97314453125,476.15849018096924,938.7602996826172,461.23467922210693,962.9228210449219,449.7502326965332,876.46728515625,525.8037328720093,913.0975341796875,513.703408241272,938.6770629882812,506.85394763946533,960.1483154296875,500.6754684448242,71,1787748162.8840098
795.6993865966797,566.9102382659912,777.7492523193359,529.7106170654297,772.2455596923828,486.89505100250244,767.3773956298828,456.2807035446167,753.3631896972656,436.7636203765869,827.3554992675781,464.5026397705078,854.9933624267578,428.5314702987671,875.2865600585938,408.4427547454834,893.9480590820312,393.5746479034424,848.8831329345703,480.2101707458496,883.2246398925781,445.7968282699585,908.6574554443359,425.39079666137695,931.5451049804688,409.83033657073975,863.248291015625,501.44670009613037,900.6502532958984,475.68148612976074,926.2541961669922,460.3626823425293,948.0525207519531,447.76814460754395,870.7478332519531,526.372275352478,904.6657562255859,513.725209236145,927.9160308837891,507.940993309021,947.8628540039062,502.666654586792,72,1787748162.9528203
796.3382720947266,568.5148429870605,778.3885955810547,530.9200572967529,772.2913360595703,487.6018238067627,765.9149932861328,456.54128551483154,751.2178039550781,436.63315773010254,825.8820343017578,465.00311851501465,854.7382354736328,429.4442367553711,875.6609344482422,409.05622959136963,893.9878845214844,393.6262321472168,847.3447418212891,480.4666328430176,883.3074951171875,446.76336765289307,908.5292053222656,426.824426651001,930.5503845214844,410.84588527679443,861.7723846435547,501.8538808822632,899.8652648925781,476.1225700378418,926.1396026611328,460.6963062286377,948.3953094482422,447.0987939834595,869.8365783691406,527.1539354324341,904.0859985351562,514.8531532287598,927.2256469726562,509.05447483062744,946.9538116455078,502.8813171386719,73,1787748162.9929204
801.4815521240234,569.7543668746948,785.3836822509766,533.4179878234863,781.5396881103516,488.6895561218262,776.2735748291016,456.43794536590576,761.8349456787109,436.7461109161377,832.9906463623047,468.1789827346802,863.4996795654297,431.276593208313,886.4856719970703,410.91588020324707,907.0877075195312,397.0628070831299,855.3835296630859,483.60992431640625,894.7891998291016,450.8874464035034,923.0580902099609,431.61120414733887,947.2682952880859,417.93408393859863,870.3885650634766,505.34289836883545,913.1527709960938,479.03961181640625,941.0301208496094,464.321494102478,964.0705108642578,453.29976081848145,878.4307861328125,531.0385036468506,914.6608734130859,519.7659730911255,940.2236175537109,513.7048673629761,962.1006774902344,508.6096143722534,74,1787748163.0333965
804.3730926513672,574.2794036865234,787.1505737304688,535.204381942749,784.2367553710938,490.9858703613281,781.6218566894531,457.65429496765137,768.1951141357422,435.04846572875977,839.4084167480469,470.05279541015625,871.3497924804688,434.8813533782959,894.1995239257812,414.5423126220703,914.6476745605469,399.4489860534668,861.5106201171875,486.9180965423584,901.5229034423828,454.3875789642334,929.9922943115234,435.4904079437256,955.0045776367188,421.32821559906006,875.5685424804688,509.54538345336914,918.3975982666016,484.37235832214355,947.3361968994141,470.2352285385132,971.7042541503906,458.7752437591553,882.5993347167969,535.2838611602783,920.5693054199219,524.1729927062988,947.1439361572266,518.6384582519531,970.2581024169922,513.1585121154785,75,1787748163.0979357
804.8338317871094,574.3684101104736,787.0032501220703,535.9705924987793,784.3624877929688,491.2510871887207,781.8443298339844,458.15584659576416,767.752685546875,435.3583574295044,839.2458343505859,468.94248962402344,871.1540985107422,433.77894401550293,894.1053009033203,414.1041898727417,914.4282531738281,399.508638381958,861.4910125732422,486.12836837768555,901.6024017333984,453.7993383407593,929.7914886474609,435.00829696655273,954.6549987792969,420.0257349014282,875.743408203125,508.6896514892578,918.2936859130859,484.316611289978,947.3613739013672,469.9773073196411,972.2333526611328,457.3025178909302,882.9075622558594,534.5043897628784,920.8458709716797,524.7032976150513,946.9427490234375,519.8873376846313,969.7586059570312,514.1733312606812,76,1787748163.1511638
805.5507659912109,573.9520025253296,786.7483520507812,534.7169494628906,783.6909484863281,490.97694396972656,780.7678985595703,458.45470905303955,766.9651794433594,435.5179166793823,838.9116668701172,470.15557765960693,870.3761291503906,434.8384380340576,893.2525634765625,414.55759048461914,913.7952423095703,399.2535066604614,861.3148498535156,487.5038480758667,900.8946228027344,455.06195068359375,929.0082550048828,436.16018772125244,953.9907073974609,421.32572650909424,875.1277923583984,510.1466703414917,916.8309020996094,485.96142768859863,945.7973480224609,471.9131326675415,970.8003234863281,459.3027591705322,881.8394470214844,536.02942943573,919.5711517333984,526.5153121948242,945.7228851318359,522.5471448898315,968.5221099853516,517.541241645813,77,1787748163.212363
805.5690002441406,573.9002466201782,786.7022705078125,534.770336151123,783.5987091064453,491.04689598083496,780.7132720947266,458.42883110046387,766.8910217285156,435.4983901977539,838.951416015625,470.1647186279297,870.3779602050781,435.0285530090332,893.277587890625,414.7456884384155,913.8029479980469,399.49434757232666,861.4039611816406,487.3689651489258,901.3548278808594,455.11744022369385,929.6677398681641,436.3583278656006,954.7461700439453,421.7427349090576,875.1921844482422,509.9226951599121,917.0984649658203,485.7707977294922,945.9800720214844,471.6863679885864,970.8705139160156,459.1374921798706,881.8158721923828,535.7856702804565,919.6354675292969,526.6007137298584,945.8012390136719,522.5888586044312,968.6277008056641,517.5687074661255,78,1787748163.2911224
806.9396209716797,576.9019603729248,786.6981506347656,537.8532886505127,783.28857421875,492.59515285491943,781.3094329833984,458.7716817855835,767.4418640136719,435.69013595581055,839.5095062255859,471.6440963745117,870.8341217041016,435.5929756164551,893.6844635009766,415.0257968902588,914.6770477294922,399.3151330947876,862.40478515625,489.43199157714844,901.4337921142578,457.081503868103,929.5447540283203,438.09515476226807,954.8521423339844,423.3007335662842,876.3941192626953,512.7877235412598,918.4325408935547,490.40385246276855,947.8514862060547,476.62116050720215,973.1898498535156,464.1128396987915,883.2907104492188,539.0920829772949,921.4862060546875,530.0567722320557,947.7113342285156,526.2318134307861,970.9191131591797,521.1606788635254,79,1787748163.3485668
806.2946319580078,577.4625635147095,786.3181304931641,537.9916048049927,783.2038879394531,492.3822498321533,781.4557647705078,458.3155345916748,767.2469329833984,435.20832538604736,839.515380859375,471.6901445388794,870.7489776611328,435.5965805053711,893.3839416503906,415.06575107574463,914.3577575683594,399.29522037506104,862.4260711669922,489.47516441345215,901.1602783203125,457.33869552612305,929.1313934326172,438.2137727737427,954.5901489257812,422.9740619659424,876.4433288574219,512.688889503479,918.0989074707031,490.46642303466797,947.1760559082031,476.83784008026123,972.4687957763672,464.12039279937744,883.3720397949219,538.9852666854858,921.3687896728516,529.9434757232666,947.5614929199219,526.1639213562012,970.8767700195312,520.9230136871338,80,1787748163.405279
806.6305541992188,577.8789710998535,786.4044189453125,537.7785730361938,783.1605529785156,492.1647119522095,781.3642883300781,458.1230592727661,767.5643920898438,434.64287281036377,840.0308990478516,472.1942710876465,871.3835144042969,436.1322498321533,894.3144226074219,415.4520320892334,915.6038665771484,399.3519115447998,863.1581115722656,490.2129650115967,901.5304565429688,458.6172294616699,929.6192932128906,439.7034502029419,955.3939819335938,424.3422031402588,877.0724487304688,513.5254383087158,918.1664276123047,491.9449853897095,947.2740173339844,478.40656757354736,972.7350616455078,465.3248119354248,883.8417053222656,539.7512197494507,922.0426177978516,531.4359426498413,948.5282135009766,528.1579828262329,972.2580718994141,523.1652975082397,81,1787748163.4571064
802.4638366699219,573.180341720581,783.2820892333984,534.1567754745483,781.4786529541016,487.7871322631836,779.8580932617188,451.87188148498535,764.1846466064453,428.0414628982544,833.2868194580078,466.19389057159424,863.4011077880859,429.7730541229248,884.3814086914062,409.65824604034424,904.0664672851562,394.5188283920288,855.7355499267578,482.42786407470703,893.4574127197266,448.8804244995117,918.1561279296875,429.34136867523193,940.7929992675781,413.9676761627197,870.1549530029297,504.1716957092285,910.1587677001953,479.2946147918701,935.0684356689453,464.0184688568115,956.4830780029297,451.00117206573486,877.3346710205078,530.2109241485596,911.7649078369141,519.22682762146,934.7341918945312,512.9650497436523,954.644775390625,506.8563938140869,82,1787748163.5029068
796.1911010742188,564.7836112976074,776.6047668457031,530.1061677932739,772.8514099121094,485.7766342163086,770.3610229492188,447.42374897003174,754.0760803222656,420.0115728378296,820.1016235351562,454.27484035491943,839.3527221679688,416.3710641860962,852.3812103271484,391.57466411590576,866.3084411621094,370.7930374145508,842.5360107421875,465.7043123245239,869.0020751953125,429.5634984970093,886.2261962890625,406.69228076934814,902.9914093017578,387.6636600494385,858.6660766601562,484.65632915496826,888.3213806152344,454.94401931762695,906.270751953125,436.31099224090576,921.9157409667969,419.9355697631836,869.5927429199219,509.63383197784424,899.3470764160156,493.7613344192505,917.4587249755859,481.9023656845093,932.5438690185547,469.9610424041748,83,1787748163.5654655
796.7264556884766,563.9680910110474,777.7613067626953,531.0483741760254,774.4082641601562,487.05053329467773,771.8620300292969,449.9346399307251,754.9384307861328,423.54655265808105,820.5555725097656,455.9671211242676,839.9575042724609,418.7480163574219,853.3686065673828,394.0832805633545,867.4006652832031,373.62746715545654,842.8482818603516,466.4657163619995,868.8876342773438,430.04719734191895,886.4704895019531,408.04909229278564,903.5371398925781,389.79487895965576,859.2144012451172,484.8626661300659,889.6666717529297,453.8224267959595,907.7041625976562,435.6340026855469,923.8234710693359,419.42376136779785,870.3885650634766,509.72455501556396,899.2988586425781,493.6170959472656,917.5389862060547,483.1669521331787,932.9947662353516,472.57741928100586,84,1787748163.62098
789.5624542236328,551.0464525222778,765.5650329589844,515.2635955810547,757.0743560791016,470.58125495910645,750.731201171875,435.63520431518555,737.0905303955078,407.53968715667725,799.1683959960938,432.8486680984497,808.0352020263672,392.8519535064697,812.3770141601562,368.0720329284668,816.8943786621094,347.0019292831421,822.0491790771484,441.1252784729004,837.7170562744141,401.2796688079834,843.3733367919922,377.6012992858887,846.3565063476562,358.71644496917725,839.6501159667969,457.6157569885254,862.8697967529297,423.28845977783203,867.3650360107422,401.1911344528198,866.536865234375,383.2989978790283,853.3429718017578,481.0609245300293,871.0246276855469,456.7303276062012,872.0291137695312,439.1725444793701,866.4336395263672,423.64409923553467,85,1787748163.6715782
788.2802581787109,525.1286315917969,759.7952270507812,491.3694477081299,743.3344268798828,450.8234167098999,733.4149932861328,415.3684329986572,720.2761840820312,390.2274227142334,775.1467895507812,410.01354217529297,782.3184204101562,364.87149238586426,786.7119598388672,339.5207118988037,790.0339508056641,318.32632541656494,799.1065979003906,415.0028371810913,808.1486511230469,374.88329887390137,810.1876068115234,353.01162242889404,807.9460144042969,338.119912147522,820.9468078613281,427.7880048751831,836.3571166992188,393.76214504241943,835.4197692871094,376.33495330810547,827.3786163330078,366.57390117645264,842.4309539794922,447.43297576904297,859.5411682128906,426.319785118103,856.0450744628906,416.0962772369385,844.1146087646484,411.8266725540161,86,1787748163.7420392
783.5064697265625,510.85185527801514,752.6247406005859,479.1583585739136,732.0480346679688,439.98445987701416,717.0849609375,408.6706352233887,701.866455078125,386.6954469680786,764.4383239746094,398.4588861465454,766.1373901367188,354.8031234741211,767.57080078125,328.5456705093384,768.594970703125,306.2927770614624,789.046630859375,401.2780809402466,794.0875244140625,358.31074476242065,792.9581451416016,331.0119080543518,788.4317016601562,310.3096103668213,811.2522888183594,411.94061279296875,824.4940948486328,374.8287534713745,823.037109375,354.53290700912476,814.9301147460938,341.4657211303711,832.4943542480469,429.85673904418945,846.8795776367188,405.5358409881592,845.0646209716797,392.47644424438477,834.9253082275391,384.6033239364624,87,1787748163.8093143
782.6981353759766,508.7370300292969,752.6390075683594,478.0719566345215,732.7607727050781,440.4061460494995,719.4766998291016,410.4193067550659,705.2670288085938,387.5053024291992,765.4879760742188,397.42140769958496,767.4428558349609,355.90774297714233,768.5671234130859,330.7184314727783,769.4669342041016,309.94946479797363,790.6531524658203,399.4863224029541,795.2191925048828,356.59844398498535,792.7314758300781,329.3593454360962,786.8972015380859,308.6998987197876,812.6936340332031,410.19142627716064,827.0158386230469,373.7450981140137,824.6913909912109,354.5793414115906,815.5422973632812,341.94637298583984,833.3407592773438,428.39186668395996,848.0075073242188,404.675989151001,846.1846160888672,390.902738571167,835.5409240722656,381.88729763031006,88,1787748163.8718872
777.3048400878906,493.533411026001,745.5605316162109,464.64361667633057,723.8241577148438,428.806471824646,709.3569183349609,399.5464038848877,692.1826171875,379.805645942688,751.7899322509766,381.15310192108154,752.32421875,338.3355188369751,754.4416046142578,313.4813976287842,756.3033294677734,292.4018096923828,776.6766357421875,383.5393238067627,779.1134643554688,342.91608810424805,778.1732177734375,318.1494069099426,774.7501373291016,299.91345405578613,799.5229339599609,393.7597417831421,812.4858856201172,359.2862319946289,811.0025787353516,341.28092765808105,803.2304382324219,330.5108070373535,822.2219848632812,410.8231830596924,837.3672485351562,386.91611766815186,834.2031860351562,374.6897077560425,822.6538848876953,367.7397394180298,89,1787748163.9336429
767.4702453613281,479.8341464996338,732.5350189208984,454.9891233444214,707.7346038818359,420.72662830352783,689.0505218505859,391.0778331756592,669.3320465087891,370.8835029602051,734.0747833251953,372.08234310150146,731.4127349853516,326.96507692337036,731.9007873535156,300.57838439941406,733.2037353515625,277.77973651885986,758.3261108398438,372.27481842041016,756.881103515625,328.4222459793091,755.4557800292969,300.6776475906372,752.9693603515625,278.8349390029907,781.3747406005859,380.4734945297241,788.8636779785156,341.7123770713806,787.2191619873047,320.6593108177185,780.748291015625,306.0032272338867,804.3135070800781,394.85429763793945,814.5967102050781,366.53077125549316,813.3608245849609,354.6598720550537,805.7389068603516,348.0070924758911,90,1787748163.9909103
769.7715759277344,475.21190643310547,736.2742614746094,448.2476806640625,711.1656188964844,413.1537437438965,690.6504058837891,385.7232856750488,669.8321533203125,367.0969533920288,735.9348297119141,366.70487880706787,730.9236907958984,321.5963888168335,730.0540161132812,294.8351740837097,730.2725982666016,272.38776683807373,759.158935546875,365.93862533569336,755.5297088623047,322.61852502822876,753.4382629394531,295.78967571258545,750.4014587402344,275.3950595855713,781.3631439208984,373.63004207611084,787.4214935302734,336.49258375167847,786.0391235351562,316.84823513031006,780.4327392578125,303.63726139068604,803.9134979248047,387.88021087646484,814.1927337646484,359.9722123146057,813.4678649902344,348.7778949737549,805.9076690673828,343.57322931289673,91,1787748164.0624228
786.4212036132812,464.21656608581543,750.7378387451172,434.4714689254761,725.3921508789062,400.584397315979,708.0970001220703,373.70909214019775,696.5861511230469,355.86886167526245,746.9175720214844,358.6255717277527,738.7819671630859,315.78290462493896,735.3559875488281,288.9607286453247,733.2215118408203,266.8830156326294,771.7485046386719,356.7939019203186,771.8289184570312,313.0045008659363,770.8864593505859,284.4807958602905,769.9906921386719,262.89639472961426,794.7273254394531,364.4430685043335,798.5040283203125,325.7081079483032,794.9285888671875,302.2100043296814,791.1222076416016,284.59370613098145,816.5453338623047,380.2747106552124,825.6742858886719,359.29985761642456,827.4513244628906,347.2348737716675,827.757568359375,339.3794345855713,92,1787748164.125577
803.9408111572266,455.24837493896484,771.2702178955078,425.04202365875244,748.0959320068359,388.7427234649658,731.7877960205078,361.269907951355,726.2063598632812,344.36192750930786,777.3331451416016,343.35620641708374,775.0163269042969,305.4330325126648,773.9176177978516,281.70084714889526,774.2268371582031,262.4941062927246,802.7260589599609,344.2784357070923,806.5655517578125,302.72385120391846,809.8731231689453,275.8332681655884,813.3131408691406,254.11239624023438,825.3226470947266,354.4290518760681,833.8587951660156,317.7130651473999,840.4802703857422,294.2181372642517,846.0897827148438,274.77697134017944,845.6048583984375,372.8380823135376,857.5072479248047,351.3167881965637,864.8867034912109,340.13350009918213,870.5705261230469,331.9917941093445,93,1787748164.1681538
806.8153381347656,455.5469799041748,774.3785858154297,425.91556549072266,751.9351959228516,389.52803134918213,738.8748931884766,360.507173538208,733.4645843505859,345.0617480278015,783.9665222167969,345.4139757156372,778.7822723388672,306.2578868865967,774.6067810058594,281.9445848464966,772.2251892089844,262.6869463920593,808.1639862060547,345.7556891441345,810.8434295654297,303.7553000450134,811.9375610351562,276.07829332351685,813.1311798095703,255.0430154800415,829.2836761474609,355.30452489852905,838.5069274902344,317.612042427063,843.1062316894531,293.61361026763916,845.9933471679688,275.18898010253906,848.2515716552734,373.04776668548584,861.1341094970703,351.4310073852539,867.1900177001953,339.33207750320435,870.523681640625,331.0138177871704,94,1787748164.2162607
820.2579498291016,446.85482025146484,792.1304321289062,411.8099355697632,775.3879547119141,371.16172313690186,761.2330627441406,340.5332136154175,745.6285858154297,326.78401708602905,810.0769805908203,336.8302631378174,812.7816009521484,292.931170463562,815.9463500976562,266.0684823989868,820.3431701660156,243.7389636039734,834.1831970214844,341.4919853210449,843.0573272705078,297.2261381149292,850.4823303222656,269.67294216156006,857.9281616210938,247.02170848846436,855.2027893066406,353.90042066574097,868.5398101806641,315.2867603302002,877.5467681884766,292.13133573532104,885.2664947509766,273.062846660614,873.5404205322266,372.573766708374,889.0603637695312,348.7925720214844,898.7184143066406,332.63176918029785,906.2068939208984,318.10861587524414,95,1787748164.2758522
822.6542663574219,451.39577865600586,793.8759613037109,420.1261568069458,776.4140319824219,382.68938541412354,764.1040802001953,353.9473271369934,750.1258850097656,333.73995065689087,811.3996124267578,345.79482793807983,816.217041015625,298.42472076416016,821.7504119873047,269.9861168861389,828.0073547363281,247.37316370010376,837.6927947998047,349.8681378364563,852.2344207763672,302.03325748443604,862.8740692138672,271.65337800979614,872.0722198486328,247.84186363220215,859.3789672851562,361.4970588684082,879.2488098144531,320.3533887863159,890.9978485107422,293.9817810058594,899.7154235839844,272.2041320800781,877.3530578613281,379.07535552978516,898.5799407958984,352.35975980758667,910.8418273925781,333.7023997306824,919.2917633056641,317.0528769493103,96,1787748164.3255773
820.5535125732422,453.1442356109619,792.9010009765625,421.60420417785645,776.6179656982422,383.70677947998047,765.1139068603516,355.09153604507446,751.7779541015625,333.42647552490234,811.3385009765625,343.8682723045349,815.2069854736328,296.6240358352661,820.9033966064453,269.04200077056885,828.074951171875,246.75380945205688,837.5071716308594,348.382408618927,851.8667602539062,301.10225200653076,862.0558166503906,271.66717529296875,870.9837341308594,248.04118394851685,859.3576049804688,360.42099952697754,879.2352294921875,319.9389123916626,890.5297088623047,293.58678817749023,898.9665222167969,271.32142782211304,877.2225189208984,378.1624174118042,898.5182952880859,351.1484742164612,911.0721588134766,332.85889863967896,920.0673675537109,316.1190176010132,97,1787748164.3990135
788.5858154296875,485.62814712524414,760.4823303222656,472.3449897766113,739.8086547851562,453.0520963668823,727.9841613769531,438.843297958374,717.24365234375,432.7369165420532,755.9272003173828,391.08057975769043,749.8110961914062,341.9119119644165,747.8465270996094,313.56858015060425,747.0693206787109,292.25789308547974,785.126953125,387.53122329711914,790.0556182861328,332.1611166000366,791.6503143310547,300.5490732192993,793.1298828125,277.03951120376587,812.0549774169922,395.9282112121582,827.1585845947266,347.28641510009766,832.8672027587891,317.3467183113098,836.9674682617188,294.47028636932373,835.9864044189453,413.4506320953369,858.1539154052734,382.3098850250244,870.2150726318359,361.9294309616089,878.9299011230469,345.3177809715271,98,1787748164.464662
782.0963287353516,500.7884216308594,749.79248046875,477.96149253845215,723.6063385009766,443.5387945175171,698.9914703369141,418.9415645599365,674.4071197509766,406.9798994064331,754.6578216552734,396.7960023880005,748.2701110839844,349.487886428833,745.9481048583984,319.5298218727112,745.3659820556641,294.95347023010254,782.3965454101562,394.9833869934082,785.3410339355469,343.14343214035034,787.6223754882812,309.6843123435974,790.4297637939453,282.9486107826233,808.0680847167969,403.62353324890137,821.9869232177734,356.8764066696167,830.1369476318359,326.22974395751953,836.3563537597656,302.2802138328552,830.6482696533203,419.8866033554077,852.3025512695312,389.19530868530273,865.916748046875,367.79510021209717,876.2038421630859,349.51215505599976,99,1787748164.5128112
813.629150390625,530.6374168395996,788.7081909179688,503.2588005065918,769.912109375,457.6130962371826,752.2536468505859,422.3038101196289,734.0678405761719,395.3766632080078,818.9902496337891,410.7356786727905,826.7559051513672,362.00260162353516,831.9037628173828,331.7401385307312,835.4090118408203,307.1821975708008,844.5523834228516,419.0830135345459,864.1743469238281,367.39585876464844,875.1410675048828,335.76740026474,882.9073333740234,311.1584758758545,864.2938995361328,437.3521614074707,873.7450408935547,415.95723152160645,862.0833587646484,429.30901050567627,852.2061920166016,442.1808671951294,879.5426177978516,460.9424686431885,886.8092346191406,443.14774990081787,876.6931915283203,455.7776927947998,866.5277862548828,469.59742069244385,100,1787748164.5593998
802.4353790283203,538.5297632217407,772.7663421630859,506.81832790374756,751.3433837890625,465.39493560791016,730.8978271484375,429.7369623184204,706.26708984375,408.9378261566162,803.4339904785156,419.2909812927246,814.4249725341797,370.6939458847046,823.3643341064453,340.78718662261963,833.8796997070312,317.43308544158936,831.6611480712891,425.5871772766113,849.5756530761719,376.06287002563477,862.1414184570312,343.6781144142151,875.0305938720703,318.76558542251587,855.1187133789062,440.39146900177,879.2296600341797,398.60926151275635,895.8137512207031,371.1927080154419,910.8681488037109,350.09005308151245,873.5478973388672,461.30823612213135,902.9597473144531,438.0830955505371,924.3648529052734,423.3978509902954,942.9305267333984,411.46918773651123,101,1787748164.6234167
774.1693878173828,556.6272068023682,738.6374664306641,529.0316104888916,714.2976379394531,490.04061698913574,690.7881164550781,459.30335998535156,668.8197326660156,438.21342945098877,755.0183868408203,443.5040760040283,752.7553558349609,397.4604606628418,752.2708129882812,368.9009428024292,752.1610260009766,350.07423877716064,784.4625854492188,440.8408784866333,792.5513458251953,391.9310760498047,796.0356140136719,364.78617668151855,797.5761413574219,347.82023906707764,811.4115142822266,445.9831666946411,828.2192993164062,406.21347427368164,834.80224609375,380.6046438217163,838.0101776123047,363.9070129394531,832.6782989501953,457.8665542602539,851.6051483154297,435.894455909729,861.3168334960938,418.18500995635986,866.6135406494141,405.886287689209,102,1787748164.6829107
760.2481842041016,553.4766626358032,730.5044555664062,524.4682502746582,706.060791015625,486.5879487991333,680.7362365722656,456.97524547576904,657.0188903808594,436.9483709335327,747.1147918701172,441.54932498931885,751.2332916259766,398.3365774154663,752.9144287109375,371.78309440612793,753.2400512695312,350.9536600112915,773.4072113037109,442.11477756500244,783.8883972167969,397.4168586730957,787.8742218017578,371.3921785354614,789.9018859863281,351.18971586227417,796.7020416259766,448.7732219696045,814.3149566650391,412.01202392578125,820.9706878662109,388.07873725891113,825.1126861572266,369.79401111602783,816.9803619384766,460.0864362716675,835.6916046142578,434.5263147354126,844.6824645996094,416.04469299316406,849.1458129882812,400.991792678833,103,1787748164.7344744
755.9843444824219,555.2581644058228,718.1632232666016,530.1838874816895,687.5910949707031,495.75282096862793,659.8418426513672,468.9882802963257,637.020378112793,450.3015661239624,715.4976654052734,456.5764331817627,701.7995452880859,428.8112783432007,691.5096282958984,413.33287239074707,682.5670623779297,402.2607135772705,737.1579742431641,448.3533811569214,729.1920471191406,412.5948143005371,723.377685546875,391.4626121520996,717.9595184326172,375.4329586029053,760.6667327880859,448.47697734832764,759.2054748535156,412.4113941192627,755.423583984375,393.42942237854004,751.4550018310547,380.08395195007324,783.4414672851562,455.2135705947876,795.5545043945312,428.5234022140503,805.0408172607422,412.9450035095215,812.4176788330078,400.80382347106934,104,1787748164.7951355
751.6323852539062,545.4449701309204,713.0531311035156,528.9480543136597,679.1030883789062,501.746506690979,649.7307586669922,480.6746006011963,627.9286575317383,463.39259147644043,711.9396209716797,460.0456237792969,700.2001953125,435.63992500305176,693.1739807128906,421.4738702774048,689.0036010742188,410.98729133605957,733.2855224609375,451.51504039764404,725.4633331298828,418.66501808166504,720.1344299316406,396.85492515563965,717.2305297851562,377.8659152984619,756.0359191894531,449.665002822876,754.5591735839844,417.1275329589844,752.2000885009766,399.2914867401123,750.1092529296875,385.13869285583496,777.7195739746094,453.96533489227295,786.4807891845703,428.8101625442505,795.4206085205078,413.8311195373535,803.5272979736328,402.4056816101074,105,1787748164.8674035
753.3728790283203,546.9071388244629,714.8630523681641,530.0943231582642,680.5471038818359,504.6965503692627,650.1583862304688,485.117712020874,628.0303192138672,468.7090730667114,709.8860931396484,457.7993059158325,699.3348693847656,428.60034942626953,694.8764801025391,409.40131187438965,693.3869934082031,394.32909965515137,731.7314910888672,449.68894958496094,723.2970428466797,415.542197227478,719.5008087158203,393.4911775588989,717.7469635009766,375.4558753967285,755.2889251708984,448.08743476867676,754.2969512939453,417.0230770111084,753.6295318603516,398.3781623840332,752.6503753662109,383.7637710571289,778.1602478027344,452.6773166656494,788.9131164550781,427.272891998291,798.1053924560547,412.0080757141113,805.9765625,400.62031745910645,106,1787748164.9288855
754.6029663085938,547.185959815979,715.3184509277344,530.7243633270264,680.3675079345703,505.50734996795654,650.1157379150391,485.5122756958008,627.9068756103516,468.59028339385986,709.9507141113281,458.47590923309326,699.3865203857422,428.9722537994385,695.0895690917969,409.7166109085083,693.7340545654297,394.4537687301636,732.3075103759766,450.269079208374,723.8866424560547,415.80277919769287,719.9105834960938,393.69399547576904,717.9365539550781,375.0975751876831,756.1467742919922,448.29261302948,754.5055389404297,417.3199224472046,753.9075469970703,398.4270429611206,753.4430694580078,383.28861236572266,779.2040252685547,452.46411323547363,789.0565490722656,427.1950435638428,797.9757690429688,412.0966958999634,805.9639739990234,400.5774450302124,107,1787748164.9900043
750.5602264404297,546.9706964492798,711.9615936279297,533.0477571487427,676.8474578857422,509.74897384643555,646.3973236083984,489.44568157196045,624.7005081176758,471.26644134521484,706.2876892089844,459.90657806396484,695.7071685791016,428.60326766967773,691.3825225830078,408.2459878921509,690.4389953613281,392.18620777130127,728.7401580810547,451.5850782394409,719.2169952392578,415.95937728881836,715.1897430419922,393.17596435546875,714.0959930419922,374.3870258331299,752.3088073730469,449.3308639526367,750.498046875,417.5072908401489,749.3373870849609,398.1336307525635,748.7216186523438,382.5071668624878,775.8892059326172,453.20805072784424,785.89111328125,428.10733795166016,794.4630432128906,412.5748586654663,802.3131561279297,400.19232273101807,108,1787748165.0584774
748.5740661621094,562.9228019714355,710.3135681152344,547.7248477935791,676.2640380859375,518.1925249099731,649.6405029296875,493.4642744064331,629.7322845458984,471.4336824417114,701.3348388671875,461.0114336013794,691.6498565673828,427.47450828552246,688.7014770507812,407.0865869522095,689.1725921630859,391.3080310821533,724.4016265869141,453.860878944397,715.390625,417.0623445510864,712.5486755371094,393.97796630859375,711.4536285400391,376.48382663726807,749.0452575683594,453.4642553329468,747.8430938720703,420.3580713272095,747.8372955322266,400.6321620941162,747.1381378173828,385.5852699279785,773.1163024902344,459.19405460357666,783.0175018310547,432.3316240310669,791.7093658447266,416.69803619384766,799.7048950195312,404.8225450515747,109,1787748165.1132646
751.6983795166016,567.0446062088013,713.2962036132812,550.6297874450684,680.1441955566406,517.919454574585,655.0163269042969,491.2772226333618,635.0929260253906,470.25222301483154,703.7786865234375,464.4977045059204,693.9225006103516,431.0100030899048,691.1632537841797,410.27026176452637,691.4545440673828,393.6618947982788,726.4275360107422,456.80285453796387,718.2763671875,419.54259395599365,715.5428314208984,395.6279754638672,714.393310546875,377.0272636413574,751.1426544189453,456.1891222000122,749.7867584228516,421.5896987915039,749.2771911621094,400.7721519470215,748.6518859863281,384.7184658050537,775.8155822753906,462.1510934829712,786.4025115966797,433.546986579895,795.731201171875,416.9990015029907,804.1264343261719,404.35790061950684,110,1787748165.1552877
752.1690368652344,566.6311597824097,714.0241241455078,549.4275999069214,680.36376953125,517.5301694869995,654.7471618652344,491.06200218200684,635.3124618530273,468.7295866012573,703.6050415039062,462.5579309463501,694.5519256591797,427.875337600708,691.8017578125,406.6772174835205,692.2098541259766,389.99911308288574,726.3099670410156,455.5268096923828,718.0582427978516,418.0381965637207,715.6447601318359,394.73198890686035,715.3267669677734,376.4002275466919,750.8770751953125,455.3207302093506,749.6475219726562,420.59123039245605,749.1323852539062,400.57079315185547,749.1267395019531,384.8312473297119,775.7676696777344,461.79455280303955,786.5733337402344,433.449912071228,795.618896484375,416.9590473175049,803.9457702636719,403.55692863464355,111,1787748165.2078772
754.9706268310547,565.0370264053345,716.5728759765625,546.1036777496338,684.3302154541016,515.0517654418945,660.6372833251953,488.00110816955566,643.4176635742188,465.0311851501465,706.6370391845703,464.0079975128174,695.9807586669922,429.8760938644409,691.5930938720703,409.01086807250977,690.1407623291016,391.54200553894043,730.1179504394531,456.7097282409668,720.7528686523438,419.51388359069824,716.6193389892578,396.2902021408081,714.2198181152344,377.4869728088379,755.4302978515625,456.60248279571533,753.69140625,422.19566345214844,751.6471862792969,402.02497959136963,749.7678375244141,386.3091230392456,781.2646484375,463.20663928985596,792.4937438964844,435.56885719299316,801.4264678955078,419.2371654510498,809.3955230712891,406.3128662109375,112,1787748165.2750008
768.4353637695312,569.8405838012695,729.1316223144531,552.8728008270264,694.6958160400391,518.0668258666992,673.8447570800781,485.2604913711548,660.565185546875,457.38367080688477,715.7752990722656,466.9215202331543,703.8604736328125,429.42659854888916,698.4916687011719,406.5905714035034,695.1986694335938,388.3618497848511,743.5366058349609,458.2882833480835,736.4997863769531,415.2148389816284,733.1131744384766,388.41965675354004,730.7398986816406,367.6286745071411,772.005615234375,459.37477111816406,772.5401306152344,418.4522008895874,771.7709350585938,395.76337337493896,770.3347015380859,378.3056688308716,800.5207061767578,468.9818859100342,813.4000396728516,439.64242458343506,822.1926116943359,420.6174087524414,829.4715881347656,405.2950859069824,113,1787748165.3148358
792.6490020751953,579.4788551330566,751.6986083984375,562.0563840866089,719.3917846679688,517.8100633621216,700.0609588623047,481.51917457580566,680.2762603759766,456.0931205749512,743.2672882080078,468.73095989227295,736.4096832275391,421.8608808517456,734.3911743164062,392.9784679412842,733.5879516601562,370.5424118041992,772.8664398193359,464.2529582977295,770.0426483154297,414.339280128479,768.2403564453125,383.60339641571045,767.8520202636719,359.79971408843994,802.4656677246094,468.27807426452637,806.6005706787109,420.7789421081543,806.8257141113281,389.49108123779297,808.0660247802734,364.19703483581543,831.2519836425781,480.2133893966675,843.1398010253906,442.8513765335083,849.2323303222656,416.9800329208374,853.4628295898438,395.3958034515381,114,1787748165.3661964
798.8501739501953,589.0555429458618,755.5754089355469,570.1306056976318,722.0606994628906,522.2724008560181,701.8411254882812,483.3963346481323,680.8907318115234,457.73085594177246,744.2482757568359,471.57002449035645,735.35888671875,422.832612991333,732.3655700683594,393.2222270965576,731.9601440429688,370.55309772491455,778.2470703125,466.50060653686523,774.9076843261719,413.9393949508667,773.6281585693359,381.6932773590088,773.8746643066406,356.99060440063477,812.1959686279297,471.8054151535034,818.4175109863281,422.9055690765381,821.5140533447266,392.83504486083984,823.8827514648438,368.542857170105,845.0360107421875,486.1971187591553,861.4645385742188,450.70685863494873,872.9396820068359,428.97581577301025,881.3779449462891,411.7038059234619,115,1787748165.4275827
834.6757507324219,617.7338075637817,785.8359527587891,598.4405279159546,750.2875518798828,552.330436706543,729.2490386962891,510.4892635345459,709.8197937011719,478.09178352355957,781.9316864013672,490.82983016967773,770.8103942871094,433.3023262023926,768.5770416259766,396.06549739837646,769.3876647949219,366.4950656890869,815.6396484375,485.79856395721436,807.0326995849609,424.1582250595093,804.4730377197266,382.6357841491699,805.3835296630859,351.1518859863281,850.2411651611328,493.54838848114014,847.7675628662109,436.17902755737305,845.3480529785156,399.7578477859497,844.4790649414062,371.1643409729004,885.7032775878906,510.3520202636719,901.3624572753906,470.5579090118408,910.8048248291016,443.99906158447266,919.0342712402344,421.33907318115234,116,1787748165.4955368
837.5153350830078,634.3450927734375,790.9346771240234,611.0545063018799,755.4589080810547,563.6513328552246,733.3049774169922,520.8022499084473,708.4440612792969,490.8261823654175,788.9354705810547,495.9094190597534,777.84423828125,436.8251609802246,773.7336730957031,399.9972724914551,773.4613037109375,370.8188724517822,820.2006530761719,489.8874092102051,811.0872650146484,425.66635608673096,807.4998474121094,384.7315979003906,806.1227416992188,353.98794651031494,852.4257659912109,496.79956912994385,850.6245422363281,436.6333293914795,849.5199584960938,400.8671236038208,848.6123657226562,372.8099727630615,885.0144958496094,513.8315105438232,902.3287200927734,472.718825340271,913.8466644287109,447.15569972991943,923.4009552001953,425.36388874053955,117,1787748165.543552
820.1491546630859,637.5300121307373,776.6375732421875,602.4895477294922,742.4921417236328,551.9223976135254,717.3618316650391,508.9461135864258,692.1240997314453,477.41891384124756,764.5048522949219,495.2182674407959,753.0630493164062,443.09401988983154,748.0401611328125,411.95507526397705,746.8722534179688,384.64327812194824,796.7929077148438,489.90809440612793,789.5343780517578,430.78083515167236,786.0378265380859,394.5135498046875,784.2565155029297,363.0983591079712,829.7604370117188,497.25996494293213,829.9237060546875,439.6172332763672,828.5385131835938,405.04982471466064,826.2069702148438,375.442099571228,864.0635681152344,514.5884084701538,878.4226226806641,473.31788063049316,886.1274719238281,446.0118341445923,890.6359100341797,421.4107418060303,118,1787748165.5936618
790.4075622558594,631.4319562911987,751.4452362060547,580.3394794464111,726.5523529052734,528.8018417358398,706.4656066894531,488.6944055557251,686.2361145019531,455.7920265197754,751.9000244140625,488.753457069397,737.7619171142578,440.45515537261963,725.15625,411.30014419555664,716.9999694824219,385.70873737335205,770.0538635253906,487.7312135696411,751.3079833984375,436.20863914489746,738.7964630126953,405.59871196746826,729.3814086914062,378.0674457550049,789.0747833251953,491.3655424118042,769.9140930175781,442.06400871276855,755.5046081542969,412.7696943283081,743.2814025878906,389.1351842880249,810.1282501220703,499.4221258163452,792.6488494873047,459.5357894897461,777.1465301513672,437.80577659606934,761.4102935791016,421.4145612716675,119,1787748165.6510072
789.0625,625.2220630645752,750.450439453125,576.8118810653687,725.2662658691406,526.2765741348267,705.2262115478516,488.2639217376709,685.3800964355469,456.41159534454346,746.2741088867188,486.1751890182495,734.2816162109375,439.58792209625244,723.092041015625,411.1853885650635,713.9300537109375,386.15132331848145,764.012451171875,484.93321895599365,747.4724578857422,436.29841804504395,735.5845642089844,407.05281257629395,724.4602203369141,380.4368019104004,783.6808776855469,489.7472906112671,765.3440856933594,443.0434226989746,751.6743469238281,415.54580211639404,738.4185791015625,393.2869863510132,806.9570159912109,500.0537109375,789.3589782714844,463.50391387939453,772.7358245849609,445.38896083831787,755.9738159179688,432.04851150512695,120,1787748165.7025156
793.2882690429688,627.5836515426636,758.9138031005859,576.6010808944702,742.6058197021484,523.2236623764038,729.0216827392578,478.89781951904297,713.0973815917969,441.7574214935303,766.4188385009766,494.7726774215698,742.6264190673828,449.5115804672241,719.0235137939453,420.5368137359619,698.8455200195312,396.60120964050293,778.4857177734375,492.0075559616089,751.8753051757812,444.4239664077759,728.5732269287109,415.2402877807617,705.4295349121094,388.99017333984375,790.8782958984375,493.45757961273193,766.1288452148438,445.1501798629761,744.3992614746094,416.9456148147583,721.1933898925781,394.4959545135498,805.8852386474609,498.9206600189209,788.309326171875,454.5597982406616,768.8311004638672,431.8669366836548,745.9947967529297,415.49357414245605,121,1787748165.7540395
791.0684204101562,607.0352268218994,756.3664245605469,555.0707960128784,744.0911865234375,505.06206035614014,737.0337677001953,463.97950172424316,725.4931640625,431.8029499053955,756.4961242675781,485.19500255584717,743.2302093505859,447.0824861526489,727.0243072509766,424.44575786590576,711.8843841552734,404.23808097839355,772.5377655029297,480.7286310195923,755.7289123535156,440.5224895477295,737.6261901855469,416.71854972839355,718.1851196289062,395.0590467453003,791.5605163574219,482.06565856933594,774.7628021240234,439.5787811279297,756.2355041503906,417.1857261657715,734.8654174804688,400.67121505737305,815.9275817871094,488.0711889266968,802.7558898925781,451.843900680542,785.2446746826172,432.775239944458,764.3629455566406,418.3179187774658,122,1787748165.8014276
788.7523651123047,598.4420299530029,754.6047210693359,550.5185508728027,742.3502349853516,505.2597713470459,735.4832458496094,468.1156396865845,725.802001953125,436.5500736236572,757.3989868164062,485.4288053512573,743.0995178222656,448.5407495498657,724.8720550537109,427.27696895599365,706.9161987304688,409.8226547241211,772.3406982421875,481.45089626312256,756.6133117675781,444.20947551727295,736.8569946289062,422.2981882095337,715.4962921142578,403.97080421447754,790.6861114501953,482.6139450073242,775.2076721191406,443.04548263549805,755.5995178222656,422.28119373321533,733.4147644042969,408.7343215942383,814.8130798339844,487.3265218734741,801.7367553710938,451.6451168060303,784.0379333496094,432.73627281188965,763.4832763671875,420.52295207977295,123,1787748165.8824556
788.1048583984375,591.8924617767334,755.52490234375,550.3796768188477,742.5376892089844,506.2531328201294,735.4073333740234,469.5257091522217,725.6474304199219,438.30097675323486,758.1114196777344,488.768949508667,742.4565124511719,453.35516452789307,724.3212127685547,431.8881368637085,707.2593688964844,413.5396385192871,773.1354522705078,483.0736970901489,756.9936370849609,446.3677740097046,737.9709625244141,423.68263721466064,718.4148406982422,403.79098892211914,791.3852691650391,482.86375522613525,775.0043487548828,443.4540367126465,756.1712646484375,422.21832275390625,736.0277557373047,406.66404247283936,814.5600128173828,486.11523628234863,800.8544921875,451.3110637664795,783.2388305664062,432.65486240386963,763.7262725830078,419.68833446502686,124,1787748165.9528117
784.8614501953125,590.5435466766357,752.3453521728516,549.9337863922119,741.1170959472656,505.5485486984253,736.2259674072266,468.9408588409424,728.1623840332031,440.58600425720215,759.3733215332031,492.2084426879883,743.2283782958984,458.8360118865967,723.5699462890625,437.44146823883057,705.3359222412109,418.62648010253906,773.7081146240234,486.080002784729,756.1713409423828,450.24603366851807,733.5834503173828,427.36958026885986,711.9001007080078,408.0078935623169,791.5708160400391,485.3230619430542,774.7464752197266,446.86280250549316,752.0629119873047,428.5652017593384,729.9675750732422,416.98883056640625,814.5426940917969,487.94158458709717,801.4631652832031,452.382230758667,781.3298034667969,435.7549810409546,760.5930328369141,426.7898368835449,125,1787748166.0169823
784.8146820068359,593.2419347763062,753.1314086914062,553.6132192611694,743.4152984619141,509.8783206939697,738.6478424072266,473.35980892181396,731.5956878662109,444.2632484436035,761.4761352539062,496.55662536621094,743.9960479736328,462.37614154815674,723.8040924072266,439.46638584136963,705.2362060546875,419.3580150604248,776.1563873291016,490.6729316711426,757.9723358154297,454.2997741699219,735.4988861083984,431.5051603317261,713.243408203125,413.02409648895264,794.3522644042969,489.1458320617676,777.9407501220703,450.5388021469116,753.9366912841797,433.103928565979,730.2196502685547,423.8475179672241,816.2841796875,490.7413387298584,799.4069671630859,454.948525428772,777.4542236328125,439.66371059417725,755.9674835205078,433.5093069076538,126,1787748166.076653
777.2230529785156,586.6801357269287,750.5254364013672,544.0190649032593,742.5658416748047,498.66634368896484,733.7184906005859,464.4315719604492,724.7251892089844,437.34435081481934,771.7211151123047,484.83232498168945,754.96337890625,451.93509578704834,729.7826385498047,430.84495067596436,706.2577056884766,414.5350170135498,784.8226928710938,482.9960632324219,765.7160186767578,445.9801197052002,738.9061737060547,425.8355712890625,711.8492126464844,411.02540016174316,798.3802795410156,485.00385761260986,778.0471038818359,444.0742063522339,750.0430297851562,427.76204109191895,722.4301910400391,419.8143768310547,810.8309173583984,490.47401905059814,787.8187561035156,455.4595613479614,762.9838562011719,438.9473247528076,738.7485504150391,430.0157833099365,127,1787748166.1409063
775.7949066162109,586.3233375549316,750.2708435058594,545.3163528442383,742.2152709960938,499.8014545440674,734.3386840820312,465.737829208374,725.7394409179688,438.75600814819336,771.4839172363281,485.44764518737793,756.1273193359375,452.2131013870239,732.3933410644531,431.0585403442383,709.0222930908203,415.5773878097534,784.5185089111328,483.96942615509033,766.4796447753906,446.3786315917969,739.7956848144531,425.57116985321045,712.0429229736328,410.8115530014038,798.1194305419922,485.9932279586792,778.6818695068359,445.69207191467285,751.0941314697266,429.84472274780273,723.8177490234375,421.64814949035645,811.1112976074219,491.7954683303833,788.642578125,455.6401062011719,764.5291900634766,437.868390083313,740.8588409423828,428.1753158569336,128,1787748166.2076495
771.8175506591797,570.9089183807373,747.2225189208984,529.0039300918579,745.3954315185547,488.2767105102539,740.1369476318359,459.69921112060547,734.0010070800781,434.60575103759766,803.3026885986328,469.9267101287842,778.8883209228516,434.524941444397,749.7848510742188,413.58487129211426,725.1661682128906,404.61732387542725,812.1601104736328,473.67987155914307,780.3224945068359,435.88016510009766,748.154296875,415.6568670272827,719.9545288085938,404.5143699645996,814.3036651611328,478.20096015930176,781.5086364746094,436.35098934173584,749.6282196044922,417.67041206359863,722.877197265625,409.28582668304443,808.3152770996094,484.05263900756836,781.9847869873047,443.1122589111328,757.9432678222656,426.2272596359253,735.8679962158203,419.5472717285156,129,1787748166.274095
783.7720489501953,552.6023483276367,766.5355682373047,517.6976251602173,765.7344055175781,479.0740728378296,765.2031707763672,450.2288246154785,763.0113220214844,426.14559173583984,803.2258605957031,454.0757989883423,782.1014404296875,417.1134567260742,756.5116119384766,395.6398630142212,733.1716156005859,385.78585624694824,804.3817138671875,454.25917625427246,781.3075256347656,416.73919200897217,756.4261627197266,395.3388977050781,729.8337554931641,385.27052879333496,803.2776641845703,456.42906188964844,779.7608947753906,419.46736335754395,755.8818817138672,398.3612108230591,732.2605895996094,387.19322204589844,800.4460906982422,461.7236137390137,779.3036651611328,426.47385120391846,758.914794921875,409.3868064880371,738.4932708740234,400.1277780532837,130,1787748166.3313856
923.929443359375,660.279393196106,952.8012084960938,645.637321472168,970.8426666259766,606.596245765686,969.9471282958984,567.2368240356445,965.1963043212891,535.8045101165771,978.6648559570312,601.5388011932373,979.2015838623047,546.1173677444458,974.5542144775391,509.5683002471924,965.4708862304688,479.7826910018921,956.4887237548828,603.5534620285034,955.9963226318359,544.7795248031616,946.2909698486328,504.00097846984863,936.1576843261719,472.3651599884033,931.3222503662109,605.4679584503174,934.9684143066406,555.193190574646,927.6211547851562,516.2483739852905,920.8664703369141,486.5944719314575,905.7154846191406,606.4209365844727,908.6882781982422,568.7789011001587,908.8728332519531,540.0462627410889,907.4209594726562,516.23206615448,131,1787748166.7202842
914.9586486816406,705.1624059677124,947.6791381835938,679.097900390625,965.4175567626953,632.6480484008789,959.7284698486328,588.8616943359375,951.6106414794922,556.422758102417,980.5895233154297,627.5969982147217,978.7709045410156,571.2961435317993,971.8050384521484,533.2421636581421,962.6670074462891,502.5937843322754,953.3100891113281,631.9531202316284,951.6188049316406,574.3886232376099,940.8486938476562,530.7133769989014,931.6355133056641,497.8630542755127,922.7953338623047,635.7922840118408,923.9517974853516,581.7063331604004,914.1923522949219,538.7901735305786,906.7784118652344,507.76079177856445,891.2973785400391,638.6103200912476,894.2985534667969,593.9827394485474,893.8407135009766,561.0339260101318,893.3620452880859,535.4425621032715,132,1787748166.8940659
909.0969848632812,712.0644378662109,948.0586242675781,685.8647918701172,968.8046264648438,642.8861904144287,962.3877716064453,598.9659833908081,949.249267578125,565.0547075271606,981.3938903808594,640.946888923645,980.2925109863281,578.2878684997559,970.7907104492188,537.1672868728638,958.88671875,504.2474842071533,950.4874420166016,640.1520109176636,952.1656799316406,578.0616188049316,943.4880828857422,532.8003072738647,933.9188385009766,497.9999542236328,917.6287078857422,639.6067714691162,919.9930572509766,581.3998317718506,913.7034606933594,539.0726852416992,906.9152069091797,507.2246503829956,885.4891967773438,638.1164932250977,888.7388610839844,590.7554626464844,889.8262023925781,557.2333002090454,889.6600341796875,529.7721147537231,133,1787748166.9450965
900.2812194824219,721.2520980834961,940.3446960449219,700.9530544281006,966.9126892089844,660.9332513809204,968.2286834716797,618.2943677902222,965.0921630859375,582.161922454834,988.5309600830078,669.0604305267334,992.8263092041016,601.1207628250122,984.07470703125,556.317572593689,971.6139221191406,521.4525032043457,960.4624176025391,668.9950275421143,967.7587890625,600.5992984771729,957.8148651123047,551.7236995697021,945.6501770019531,514.2627239227295,928.9872741699219,665.4906463623047,935.6777191162109,601.738486289978,927.9084777832031,555.2292823791504,918.2103729248047,520.2193307876587,896.7441558837891,658.2700109481812,900.2103424072266,607.9913377761841,899.7366333007812,573.1372976303101,897.9860687255859,546.0189199447632,134,1787748167.002046
886.0387420654297,726.5787506103516,930.7898712158203,710.469274520874,966.1313629150391,672.3014831542969,971.7991638183594,626.7043590545654,971.2042999267578,588.8466739654541,988.8551330566406,678.9149522781372,994.4548797607422,611.469669342041,985.5196380615234,565.0051403045654,974.3060302734375,530.3164529800415,960.4414367675781,679.0967845916748,967.1189880371094,609.8154973983765,957.5783538818359,557.7636909484863,945.9444427490234,520.1614809036255,928.3998107910156,674.3145990371704,936.0500335693359,611.331353187561,929.7753143310547,561.8048572540283,922.1199798583984,527.0958280563354,895.1406860351562,664.9886655807495,900.0155639648438,611.5445566177368,899.6614074707031,573.2458305358887,898.2415771484375,544.4897603988647,135,1787748167.0657494
888.8011169433594,724.0609931945801,925.0782775878906,683.1652879714966,955.1271057128906,628.5819053649902,958.05419921875,580.0528907775879,953.9475250244141,547.8580570220947,990.2220153808594,628.3417510986328,995.8384704589844,592.6453256607056,975.9743499755859,572.1332502365112,958.4230804443359,561.3572072982788,965.1959228515625,647.6030588150024,969.0117645263672,615.9660816192627,953.4539794921875,589.6410799026489,936.1131286621094,576.5451192855835,932.8713226318359,667.6573133468628,933.9485168457031,636.9516849517822,924.4743347167969,618.2079792022705,913.1003570556641,611.225996017456,899.1649627685547,686.0637903213501,896.9429779052734,650.2854824066162,893.875732421875,634.5528030395508,887.5957489013672,629.080023765564,136,1787748167.1303096
