P0_x,P0_y,P1_x,P1_y,P2_x,P2_y,P3_x,P3_y,P4_x,P4_y,P5_x,P5_y,P6_x,P6_y,P7_x,P7_y,P8_x,P8_y,P9_x,P9_y,P10_x,P10_y,P11_x,P11_y,P12_x,P12_y,P13_x,P13_y,P14_x,P14_y,P15_x,P15_y,P16_x,P16_y,P17_x,P17_y,P18_x,P18_y,P19_x,P19_y,P20_x,P20_y,frame_number,timestamp
901.297607421875,687.7996301651001,885.4627990722656,641.4916563034058,855.5818939208984,600.0547027587891,831.9502258300781,573.386721611023,813.5939788818359,549.6407604217529,844.5722961425781,594.9431419372559,777.2663879394531,567.9258298873901,735.7927703857422,558.2782888412476,704.6080780029297,553.2975769042969,839.0748596191406,627.9082632064819,764.4390106201172,597.6907968521118,718.3685302734375,587.5248384475708,686.6986846923828,583.03542137146,831.74560546875,664.1481256484985,757.7374267578125,636.5942859649658,712.7561950683594,625.0054264068604,683.0814361572266,619.7267961502075,822.3030853271484,700.3112983703613,761.1259460449219,676.3757801055908,725.9658050537109,663.0657577514648,700.2432250976562,655.1561164855957,1,1787813258.9467955
936.8978881835938,617.8161191940308,911.2303161621094,574.8539113998413,866.8572235107422,555.0690793991089,831.6208648681641,548.440203666687,806.7851257324219,549.6697282791138,845.3251647949219,528.9337205886841,786.9065856933594,509.52040672302246,756.1847686767578,509.20841217041016,735.8211517333984,514.4257164001465,836.4147186279297,541.7203044891357,766.2670135498047,525.4581785202026,729.8225402832031,526.2798357009888,705.3448486328125,529.3285846710205,831.3458251953125,564.5608377456665,761.2123107910156,543.6176776885986,726.5885162353516,545.3879356384277,700.9927368164062,547.8323936462402,831.1835479736328,593.9341163635254,774.8965454101562,588.3399295806885,747.2212982177734,594.1257333755493,724.188232421875,599.4705390930176,2,1787813259.0093374
951.9042205810547,599.3007230758667,921.1233520507812,552.6431608200073,879.4549560546875,533.953914642334,848.9510345458984,530.9934854507446,827.8268432617188,536.9749402999878,857.5212097167969,510.1171016693115,798.5487365722656,499.6001386642456,765.6317138671875,503.621563911438,742.3358917236328,511.1445379257202,848.3800506591797,525.2065658569336,781.7906188964844,513.7058544158936,747.8205108642578,515.7462215423584,723.4203338623047,520.0159978866577,844.1255187988281,548.7512111663818,778.1072235107422,535.6894111633301,746.0477447509766,538.5493326187134,721.2409210205078,541.2789630889893,844.2237854003906,577.6646089553833,789.6095275878906,574.8309946060181,762.4761199951172,580.8494424819946,739.9385070800781,587.3095321655273,3,1787813259.073373
955.6810760498047,587.2105264663696,927.0722961425781,542.1243953704834,885.4075622558594,523.2403993606567,851.5688323974609,519.5355606079102,826.9529724121094,525.6508684158325,864.0187072753906,499.6409511566162,804.8342132568359,493.08382987976074,772.1639251708984,498.99438858032227,748.406982421875,507.31103897094727,855.0131988525391,514.6891736984253,789.1468811035156,505.7805919647217,756.737060546875,510.4775047302246,734.1917419433594,516.5331172943115,850.1576995849609,537.4936151504517,786.0069274902344,530.504035949707,756.2509918212891,537.2238063812256,734.5868682861328,542.7452516555786,849.0361022949219,565.4170846939087,799.0190124511719,570.0290679931641,772.2454071044922,578.4330940246582,749.8553466796875,585.6790065765381,4,1787813259.1349638
987.4854278564453,568.3694887161255,951.9636535644531,531.9858169555664,909.7732543945312,519.62233543396,878.5682678222656,517.4518489837646,855.9347534179688,524.4401836395264,884.7130584716797,497.1278715133667,824.4944000244141,498.5011625289917,793.3480072021484,511.15041732788086,772.7606201171875,523.1846523284912,878.9852142333984,506.11352920532227,810.7831573486328,507.36335277557373,776.4832305908203,518.4397172927856,754.2460632324219,529.15452003479,877.4617004394531,524.2383098602295,809.9347686767578,525.4783058166504,776.7786407470703,535.1553726196289,752.2927093505859,543.2237577438354,878.9226531982422,549.4265699386597,822.7044677734375,559.2662858963013,794.2528533935547,570.6804370880127,771.2222290039062,580.3867721557617,5,1787813259.2197316
990.0371551513672,568.8909530639648,952.9228210449219,536.3218545913696,911.11572265625,525.5710458755493,881.2399291992188,524.6703386306763,859.1098785400391,532.0643949508667,887.0142364501953,501.559739112854,830.8000946044922,506.7411231994629,798.8817596435547,517.8546094894409,775.1118469238281,528.5512590408325,883.6625671386719,508.3874845504761,817.9562377929688,512.8930377960205,783.3587646484375,524.2360782623291,759.9432373046875,536.0954761505127,883.4792327880859,525.4171085357666,818.7076568603516,530.6793451309204,785.5426788330078,541.687216758728,759.6780395507812,550.8232069015503,885.12451171875,551.1380338668823,830.3163146972656,562.7085256576538,802.47802734375,573.9883089065552,778.5786437988281,583.625979423523,6,1787813259.2905293
1000.4439544677734,566.8672800064087,965.3810119628906,547.0375156402588,924.1362762451172,537.4449920654297,892.2048187255859,536.573896408081,869.8760223388672,542.1564960479736,899.6914672851562,505.2736759185791,841.4105987548828,506.64143085479736,809.0322875976562,512.2207689285278,783.3750915527344,517.1898078918457,898.0410003662109,508.80942821502686,830.2725982666016,517.5362205505371,794.0980529785156,525.9779691696167,767.6311492919922,532.8720617294312,897.8618621826172,523.9230966567993,832.1094512939453,533.862419128418,794.9514770507812,542.4911069869995,764.7821807861328,548.2959222793579,897.7828216552734,548.7437868118286,841.7301940917969,560.7993507385254,811.1009979248047,570.1845502853394,784.0668487548828,577.0978260040283,7,1787813259.3606744
996.5076446533203,569.1880559921265,962.6650238037109,542.1514749526978,922.4705505371094,531.5811681747437,892.0805358886719,531.7278957366943,871.395263671875,538.6711692810059,898.0496215820312,507.45158672332764,839.9041748046875,507.3617649078369,807.7165985107422,511.8156909942627,782.6296997070312,515.9538888931274,897.0307922363281,511.4947700500488,829.1350555419922,518.6104345321655,792.6629638671875,525.3667688369751,765.9195709228516,531.8770694732666,897.6055908203125,525.9746646881104,831.8508911132812,535.0703573226929,795.2422332763672,542.5898122787476,765.330810546875,547.7530002593994,898.8943481445312,549.6503305435181,842.4411773681641,560.9160375595093,812.2320556640625,568.9311647415161,785.7670593261719,574.5138931274414,8,1787813259.420683
997.1572113037109,574.2963981628418,962.4648284912109,544.180212020874,922.9502105712891,531.7973327636719,893.2427978515625,531.1006021499634,872.8759765625,537.8856039047241,898.6700439453125,509.2283248901367,840.7304382324219,507.6980924606323,808.3861541748047,511.75792694091797,783.1193542480469,515.5637454986572,898.1645202636719,513.6207962036133,829.6406555175781,519.6094179153442,792.5302124023438,525.9186601638794,765.1570129394531,531.8220090866089,898.6431884765625,528.4985589981079,831.9349670410156,535.1088953018188,794.9943542480469,542.1732759475708,765.0667572021484,546.9531440734863,899.7451782226562,552.332239151001,841.7549133300781,561.4147567749023,811.1290740966797,568.7973546981812,784.832763671875,573.8748836517334,9,1787813259.4893217
995.7801055908203,577.7024602890015,962.4105834960938,547.7926111221313,922.4317932128906,534.8993396759033,892.2793579101562,533.161826133728,871.5902709960938,539.8517274856567,899.0918731689453,511.9077444076538,841.6197967529297,508.7817907333374,809.8225402832031,512.0317268371582,784.9884033203125,515.5546474456787,899.1986083984375,516.0485172271729,830.4225158691406,520.3630542755127,793.575439453125,526.2897491455078,766.1112976074219,532.2320652008057,900.1136016845703,530.6216669082642,832.9824066162109,536.7852115631104,795.9510040283203,544.0021562576294,765.9830474853516,549.4422340393066,901.2693786621094,554.398398399353,842.9774475097656,563.7914085388184,812.9110717773438,571.2917232513428,787.1888732910156,576.502161026001,10,1787813259.5319824
994.5027923583984,572.5289726257324,959.7731781005859,547.105278968811,919.8384857177734,535.9130430221558,889.4104766845703,535.7656717300415,868.0741882324219,542.5435924530029,899.2943572998047,510.32979011535645,841.3194274902344,507.5314521789551,809.5783233642578,511.2726402282715,784.6891021728516,514.9615573883057,898.7224578857422,514.1422605514526,830.2362823486328,519.1551160812378,793.6767578125,526.115984916687,766.2064361572266,532.0282173156738,899.0476226806641,528.347282409668,833.0670166015625,534.8411893844604,796.1203002929688,542.8464889526367,766.5194702148438,548.7053775787354,899.2823028564453,551.5087366104126,843.2542419433594,559.8835802078247,813.6400604248047,568.266019821167,788.2769012451172,574.91455078125,11,1787813259.5937457
994.6251678466797,574.6963691711426,959.3409729003906,547.355260848999,920.4298400878906,534.5149898529053,890.5031585693359,532.9689645767212,869.6101379394531,539.4900798797607,897.9590606689453,512.1123218536377,840.1332855224609,508.1527376174927,808.4790802001953,511.50949001312256,783.8345336914062,514.795732498169,898.4213256835938,515.7997798919678,829.9012756347656,519.949221611023,793.1583404541016,526.4884042739868,766.0395050048828,532.4505043029785,899.6035766601562,529.6998882293701,832.8350830078125,535.1737403869629,795.9828186035156,543.1995534896851,766.6606140136719,549.092903137207,900.9017181396484,552.5177621841431,843.0715179443359,560.4156875610352,813.023681640625,568.3103084564209,787.7020263671875,574.3511581420898,12,1787813259.6627457
994.7184753417969,575.5248928070068,959.7402191162109,548.5405397415161,920.9865570068359,535.4289150238037,891.5023803710938,533.635139465332,870.4571533203125,539.7882556915283,897.6519012451172,512.9840612411499,840.4049682617188,508.12188148498535,808.9483642578125,511.4317274093628,784.6556091308594,514.763674736023,897.4270629882812,516.3948011398315,829.1852569580078,519.9753570556641,792.5612640380859,526.5274572372437,765.8272552490234,532.525520324707,898.1773376464844,530.1772356033325,831.8439483642578,535.4244518280029,795.4032135009766,543.400354385376,766.5811157226562,549.3176078796387,899.2776489257812,553.1202077865601,841.8851470947266,561.1527156829834,812.4848937988281,569.2093849182129,787.9167938232422,575.3973054885864,13,1787813259.6920273
994.674072265625,576.4489459991455,959.7630310058594,549.7877883911133,921.0980987548828,537.3183488845825,891.7955780029297,536.0104608535767,870.9171295166016,542.6219987869263,898.4157562255859,512.6965284347534,840.5164337158203,507.7434968948364,808.8266754150391,511.52103424072266,784.5093536376953,515.6848096847534,897.8429412841797,516.2600040435791,828.8513946533203,519.2717170715332,791.6716766357422,526.4148044586182,764.9939727783203,533.1403684616089,898.115234375,530.3665351867676,831.3166046142578,535.5383920669556,794.37255859375,544.3750905990601,765.5057525634766,551.0728025436401,898.5556030273438,553.801531791687,841.0205841064453,561.5336322784424,811.8161773681641,570.3145837783813,787.6890563964844,577.196102142334,14,1787813259.745808
993.1368255615234,574.9472951889038,957.91015625,546.9076538085938,919.2681884765625,534.4573545455933,889.7479248046875,532.6104068756104,868.3763885498047,538.4886074066162,896.4369201660156,511.649694442749,838.6568450927734,506.5207099914551,806.9256591796875,510.588698387146,782.674560546875,514.9844741821289,895.8583831787109,515.475811958313,827.5335693359375,518.5709953308105,790.8224487304688,526.2582921981812,764.5278930664062,533.2249975204468,896.4704895019531,529.7410440444946,830.2037811279297,534.4014358520508,793.7078857421875,543.3412599563599,765.1676940917969,550.0053691864014,897.4156951904297,552.8272676467896,841.1055755615234,560.3083562850952,811.8040466308594,569.2921257019043,787.1368408203125,576.4366292953491,15,1787813259.7899847
990.9363555908203,572.9848623275757,954.8040771484375,546.6079759597778,916.9367980957031,534.6653652191162,888.2249450683594,532.2023677825928,866.3689422607422,536.7025566101074,894.1665649414062,510.38742542266846,837.5238800048828,505.21981716156006,806.3382720947266,509.87218379974365,782.1806335449219,515.1845026016235,893.2694244384766,513.6871004104614,824.9400329589844,516.6995859146118,789.0296173095703,524.8741436004639,763.6544036865234,532.5099849700928,893.69140625,527.7690410614014,827.0100402832031,532.1038770675659,791.6348266601562,541.5574836730957,764.3183135986328,548.9912796020508,894.3011474609375,551.0139656066895,837.8829956054688,559.4218111038208,809.2276000976562,569.4281673431396,785.6156158447266,577.5819969177246,16,1787813259.820489
989.2672729492188,570.8826971054077,952.9026794433594,545.8921051025391,915.7191467285156,534.7529983520508,887.7417755126953,532.0456409454346,865.5870819091797,536.2697982788086,889.970703125,509.6043920516968,835.1933288574219,505.40006160736084,804.4267272949219,510.69366931915283,781.0343933105469,516.2106513977051,889.0064239501953,512.0969152450562,821.9406127929688,515.127124786377,786.6811370849609,524.203634262085,762.7978515625,533.0365133285522,889.96826171875,525.7707738876343,824.3425750732422,529.315881729126,788.8480377197266,539.3789720535278,761.8292999267578,547.807502746582,890.7395935058594,548.7110424041748,834.4991302490234,557.3989963531494,805.5597686767578,567.8846311569214,782.0290374755859,576.6531801223755,17,1787813259.8609219
986.2839508056641,566.8473672866821,949.6649932861328,543.6956119537354,909.8286437988281,534.4085597991943,880.9573364257812,533.4341239929199,859.8334503173828,538.6820268630981,888.6166381835938,503.9699935913086,833.1793212890625,502.959508895874,802.1749877929688,510.1104927062988,777.7046966552734,518.3134603500366,887.3969268798828,507.0344924926758,820.6852722167969,512.9912281036377,785.5371856689453,523.5600757598877,760.8544158935547,533.7248754501343,888.1709289550781,521.6487550735474,822.425537109375,527.8772735595703,787.3640441894531,538.4018754959106,760.5487823486328,547.5833559036255,889.000244140625,545.535135269165,833.6494445800781,554.4998502731323,804.5993041992188,564.8266124725342,780.7604217529297,573.8748836517334,18,1787813259.903454
978.9098358154297,526.0256910324097,923.7747955322266,519.7586345672607,886.9530487060547,504.25108909606934,865.1290130615234,500.6135845184326,847.5576019287109,501.25375270843506,879.9087524414062,444.5115566253662,831.9858551025391,436.64920806884766,797.3553466796875,438.2382345199585,769.5964050292969,443.9004421234131,882.5390625,444.9389934539795,827.6641845703125,433.33146572113037,793.6167907714844,433.6600685119629,763.4000396728516,437.03381538391113,885.4959869384766,455.06967544555664,832.8174591064453,441.4181327819824,799.3672180175781,439.1315174102783,769.3165588378906,438.404016494751,887.7072143554688,472.9285526275635,851.21337890625,461.8354082107544,827.3388671875,457.58811950683594,804.0587615966797,453.88340950012207,19,1787813259.9448082
966.0862731933594,502.50327587127686,920.5317687988281,494.62273120880127,884.1349792480469,478.97850036621094,858.5078430175781,475.95494270324707,835.6448364257812,475.42129039764404,882.655029296875,414.3848991394043,839.8204803466797,388.7347412109375,806.8235015869141,385.6689977645874,782.406005859375,389.3674850463867,886.6379547119141,414.50883865356445,834.0794372558594,388.5765552520752,800.9329986572266,384.4965934753418,776.1624145507812,386.097207069397,887.9638671875,423.27369689941406,834.0667724609375,399.0981101989746,803.2174682617188,392.52472400665283,779.54345703125,389.03265953063965,886.9100952148438,439.7691535949707,846.6520690917969,423.79610538482666,823.4673309326172,417.277307510376,804.36767578125,413.3592653274536,20,1787813259.9854562
952.9801177978516,483.8628673553467,909.0872955322266,479.6586227416992,869.7872924804688,463.2610559463501,842.0435333251953,458.9514970779419,817.6219177246094,456.5210723876953,868.3509826660156,400.94432830810547,833.9640808105469,369.44334983825684,804.0130615234375,363.3373975753784,779.1259765625,366.7797660827637,873.8093566894531,395.5449342727661,835.5413055419922,356.0352659225464,804.4551086425781,343.79643201828003,777.7585601806641,340.8802270889282,876.8985748291016,398.1913089752197,836.9100952148438,357.7530813217163,807.9359436035156,345.1571273803711,783.2068634033203,341.4988088607788,877.3702239990234,407.7079153060913,843.6804962158203,378.4489631652832,821.7955780029297,368.06289196014404,801.5238189697266,365.1973056793213,21,1787813260.0297775
946.3858032226562,464.75489616394043,896.7018127441406,463.6518859863281,856.4138031005859,447.9119539260864,826.1383819580078,440.9158515930176,800.6893920898438,439.31025981903076,854.5021057128906,383.1407690048218,831.0273742675781,345.529568195343,810.4172515869141,325.02674102783203,791.1159515380859,310.1044750213623,860.3842163085938,375.9881114959717,831.9827270507812,333.4231925010681,804.4559478759766,311.15347623825073,780.7982635498047,296.51520252227783,865.2738189697266,375.6233310699463,835.0159454345703,331.37134552001953,807.1087646484375,310.5894184112549,782.7787017822266,296.5719795227051,867.8421783447266,379.2089080810547,838.0023956298828,342.9046297073364,814.6726226806641,326.7934584617615,792.9554748535156,316.1846351623535,22,1787813260.0791602
933.5967254638672,455.95746517181396,884.2191314697266,451.879563331604,842.6512145996094,434.66304302215576,811.9503784179688,427.8857231140137,784.4260406494141,427.64132022857666,837.9554748535156,369.4035243988037,819.3412017822266,332.01820850372314,804.1530609130859,309.9923801422119,789.6678161621094,292.47045278549194,845.8052825927734,361.48354053497314,823.7332153320312,317.43810653686523,802.8175354003906,290.3713130950928,783.7395477294922,270.47043800354004,854.9660491943359,359.9797224998474,833.6600494384766,314.4770121574402,812.9610443115234,289.384560585022,792.4509429931641,271.39174461364746,864.1930389404297,362.6090383529663,843.3798980712891,324.74761962890625,826.3921356201172,304.6221685409546,809.0960693359375,289.78800773620605,23,1787813260.129328
913.9894866943359,448.92754554748535,868.1198883056641,442.09864139556885,826.8980407714844,422.7441215515137,795.5158996582031,414.761266708374,768.2755279541016,414.9260187149048,825.1091766357422,352.7539801597595,809.4981384277344,314.10264015197754,795.5876159667969,293.0368709564209,781.4635467529297,276.21912002563477,834.3514251708984,344.16930198669434,816.6275787353516,300.4996347427368,800.1709747314453,273.4950256347656,784.654541015625,251.42540216445923,847.0142364501953,341.91399335861206,833.6773681640625,295.8374834060669,821.6509246826172,269.8060441017151,808.4682464599609,249.05744075775146,861.4586639404297,344.6246337890625,850.6491088867188,304.74310398101807,840.7489013671875,280.71677684783936,830.0430297851562,260.78105449676514,24,1787813260.1619017
897.3523712158203,439.1783380508423,852.8116607666016,431.9198942184448,812.5909423828125,413.22300910949707,781.6269683837891,403.70558738708496,755.3577423095703,401.0439348220825,812.884521484375,342.1292996406555,797.9226684570312,303.5320973396301,786.5489959716797,281.64188146591187,776.1280059814453,263.9596652984619,824.5762634277344,331.92529678344727,808.3528137207031,287.3078441619873,794.2527770996094,260.1266384124756,781.9622802734375,239.14562702178955,838.6309814453125,327.83288955688477,827.2833251953125,280.33113956451416,815.3055572509766,252.92711734771729,803.2353973388672,230.97821474075317,854.0264129638672,329.51869010925293,847.5152587890625,287.35342025756836,839.2649841308594,260.1101803779602,829.6484375,236.55139446258545,25,1787813260.2145061
882.2738647460938,428.6030101776123,840.1184844970703,423.27974796295166,796.8275451660156,406.0996627807617,764.5404815673828,396.185359954834,739.51904296875,394.0459442138672,796.4413452148438,338.2714891433716,779.8943328857422,301.1784052848816,769.6131896972656,278.5774254798889,761.4303588867188,260.7674717903137,809.5892333984375,325.8540415763855,790.2525329589844,284.4929838180542,777.0641326904297,260.7292342185974,766.0236358642578,243.2424545288086,826.6779327392578,318.3911061286926,810.9737396240234,272.25234746932983,798.8036346435547,246.25099182128906,787.8125762939453,225.53657054901123,847.3019409179688,316.9583773612976,842.6544952392578,274.5277190208435,837.9125213623047,247.61179447174072,832.2534942626953,224.818274974823,26,1787813260.262169
859.1751861572266,411.3425016403198,816.3687896728516,412.06034660339355,768.7715911865234,393.2499074935913,734.3618011474609,383.8378429412842,709.7566223144531,384.9562168121338,765.1675415039062,332.7488422393799,743.7936401367188,302.8163766860962,731.0216522216797,284.1131830215454,722.5505828857422,269.26769256591797,777.8445434570312,318.8476610183716,755.5701446533203,286.09278202056885,743.5198974609375,267.13364124298096,734.3128967285156,251.59528255462646,796.3344573974609,307.97733306884766,778.8950347900391,270.8151340484619,768.6164855957031,249.24980878829956,760.3966522216797,231.0007667541504,817.7342987060547,301.7137098312378,812.8711700439453,266.0395574569702,810.987548828125,242.5778889656067,809.8647308349609,221.88619136810303,27,1787813260.299482
851.1818695068359,408.432412147522,812.667236328125,408.6250591278076,767.4911499023438,391.9790554046631,734.4269561767578,383.74956607818604,711.2067413330078,385.1486921310425,764.3154907226562,333.97836685180664,744.7471618652344,304.9941372871399,734.0155029296875,286.59926891326904,726.7813110351562,271.1091685295105,776.9395446777344,319.9648332595825,754.8670196533203,286.19616508483887,742.9512786865234,265.2131152153015,733.8786315917969,248.2433795928955,794.798583984375,309.65195417404175,777.9273986816406,272.3032879829407,767.2358703613281,250.6555438041687,758.1439971923828,233.4343457221985,815.8437347412109,303.45242500305176,809.4095611572266,266.52937173843384,806.6903686523438,242.25651741027832,804.0607452392578,222.06772327423096,28,1787813260.351994
848.8146209716797,406.5292453765869,810.7572937011719,407.381329536438,766.1387634277344,391.01882457733154,732.9209899902344,383.3683919906616,709.3048095703125,386.53889179229736,764.6271514892578,332.9773449897766,744.3818664550781,304.5087432861328,732.7114868164062,285.674786567688,725.0389099121094,270.0858521461487,776.4548492431641,319.12890672683716,753.6721801757812,286.14391565322876,741.29638671875,264.970965385437,731.6576385498047,247.69882678985596,793.8297271728516,308.7476420402527,776.5835571289062,272.59273052215576,765.5867767333984,250.48113584518433,756.0305786132812,233.01201581954956,814.3011474609375,302.44076013565063,807.8131103515625,266.15439891815186,805.2359771728516,241.82414531707764,802.5820922851562,221.97369575500488,29,1787813260.3915987
847.8900909423828,404.7696304321289,809.6233367919922,405.69153785705566,765.5632781982422,389.80753898620605,733.0829620361328,382.19658851623535,710.0762176513672,385.7353448867798,764.9012756347656,333.30978870391846,744.4721221923828,305.63812494277954,732.9239654541016,287.18905448913574,725.3915405273438,271.7802143096924,776.6499328613281,319.2114543914795,753.8983917236328,286.63079023361206,741.3134765625,265.31806468963623,731.4549255371094,247.9104208946228,793.7492370605469,308.64960193634033,776.6255187988281,272.79662132263184,765.6858825683594,250.39279460906982,756.1496734619141,232.60311841964722,813.9306640625,302.2410535812378,807.73681640625,266.38251543045044,805.2922058105469,242.02786445617676,802.5889587402344,222.06896781921387,30,1787813260.4389005
847.2197723388672,403.8731288909912,809.5240020751953,405.22406101226807,766.2564849853516,389.55013275146484,734.2434692382812,381.39278411865234,711.4842987060547,385.1426410675049,765.1588439941406,333.17123651504517,745.0119781494141,305.38902282714844,733.6648559570312,286.47090911865234,726.5663909912109,270.80092906951904,776.7373657226562,319.12510871887207,753.7796020507812,286.8421697616577,740.7935333251953,265.51202058792114,730.6221771240234,248.21303844451904,793.6805725097656,308.4074306488037,776.3870239257812,272.23095417022705,765.5223083496094,249.58961248397827,756.0382843017578,231.7793369293213,813.6638641357422,301.81735038757324,807.3314666748047,265.681471824646,804.8224639892578,241.24075412750244,802.0863342285156,221.31919384002686,31,1787813260.4766252
846.7972564697266,403.6191129684448,809.5980834960938,405.4899215698242,766.2760925292969,389.44074153900146,733.8560485839844,380.74235916137695,710.8561706542969,384.41033363342285,764.144287109375,332.88769483566284,743.8577270507812,305.3283190727234,732.1248626708984,286.3975667953491,724.8625946044922,270.87113857269287,776.1558532714844,318.4545350074768,753.5012817382812,286.1701798439026,740.2814483642578,264.6534562110901,729.9079895019531,247.26529598236084,793.4418487548828,307.6743507385254,776.3535308837891,271.54677629470825,765.58837890625,249.01169300079346,756.082763671875,231.30426406860352,813.6022186279297,301.08901262283325,807.0652008056641,264.9705147743225,804.2509460449219,240.63665628433228,801.2455749511719,220.71470975875854,32,1787813260.5229228
846.6527557373047,403.0310010910034,809.1426086425781,404.9597454071045,765.9069061279297,389.03197288513184,733.6616516113281,380.53327560424805,710.6232452392578,383.3024311065674,764.03564453125,332.4832606315613,743.2484436035156,305.06526947021484,731.1883544921875,286.14314317703247,723.8760375976562,270.65364360809326,775.9626007080078,318.24066638946533,752.3347473144531,286.1818313598633,738.939208984375,264.7940468788147,728.5289001464844,247.5022530555725,793.16650390625,307.57933616638184,775.4103851318359,271.23018980026245,764.4989776611328,248.57013702392578,754.9787139892578,230.7590675354004,813.3267974853516,301.07789754867554,806.6888427734375,264.9572539329529,803.7876129150391,240.53318738937378,800.6893920898438,220.48200130462646,33,1787813260.563393
846.8679809570312,403.02533626556396,809.1789245605469,404.8101854324341,765.2851104736328,388.47179889678955,732.6155090332031,380.0845527648926,709.4022369384766,383.5787630081177,762.8480529785156,331.927592754364,742.2003936767578,304.1306161880493,730.1256561279297,285.26524543762207,722.5888824462891,269.87786293029785,775.0830078125,317.6935601234436,751.4382934570312,285.34324407577515,737.9884338378906,263.8032817840576,727.5331115722656,246.64437532424927,792.6728820800781,307.1675205230713,774.8932647705078,271.28166675567627,763.9778900146484,248.76254796981812,754.3601226806641,231.2999725341797,812.9941558837891,300.6699872016907,806.278076171875,264.65388536453247,803.4548187255859,240.280179977417,800.5094909667969,220.30426740646362,34,1787813260.629754
847.9255676269531,402.4204444885254,809.9110412597656,403.5244417190552,765.6564331054688,387.16485500335693,732.9251861572266,379.143590927124,709.793701171875,383.272647857666,762.9000091552734,332.0577120780945,741.0748291015625,304.7480607032776,729.3742370605469,286.616735458374,722.1341705322266,271.51931047439575,775.0655364990234,317.38441944122314,751.0793304443359,285.00447034835815,737.5959777832031,263.38717460632324,727.2300720214844,246.36255025863647,792.7211761474609,306.5945363044739,774.4790649414062,271.0177803039551,763.5673522949219,248.80016326904297,754.0782165527344,231.6647744178772,813.1180572509766,299.7503328323364,806.1183929443359,263.9983105659485,803.3564758300781,240.20400524139404,800.6745147705078,220.7571530342102,35,1787813260.6899931
851.1883544921875,399.3889045715332,812.6532745361328,400.6707000732422,768.5348510742188,384.6691131591797,735.8086395263672,376.283540725708,711.8290710449219,379.48206424713135,766.7396545410156,330.1945209503174,744.4086456298828,302.1905851364136,731.8849945068359,283.2582664489746,723.7630462646484,266.9757342338562,778.45458984375,315.4902648925781,753.2253265380859,283.76616954803467,738.6381530761719,262.27811336517334,726.776123046875,244.61973667144775,795.8838653564453,304.2394280433655,776.8362426757812,267.9783868789673,765.3859710693359,245.4737949371338,755.2259063720703,227.77042150497437,816.7793273925781,297.22643852233887,810.4323577880859,261.3038921356201,807.4720001220703,237.23130226135254,804.2118835449219,217.55465984344482,36,1787813260.7480261
853.2501220703125,396.05189323425293,814.6533203125,398.7044906616211,770.6684112548828,384.66336250305176,736.8952941894531,378.0831527709961,712.39501953125,381.459002494812,769.1687774658203,329.13039207458496,746.9676208496094,301.7768597602844,734.7335815429688,283.45301628112793,727.1880340576172,267.76589155197144,780.9819030761719,314.33562755584717,755.0717163085938,283.7097144126892,740.2161407470703,263.16959381103516,728.6917114257812,246.32888317108154,798.6680603027344,302.9288148880005,779.2796325683594,267.62821912765503,767.9789733886719,245.97041130065918,758.3507537841797,228.84942054748535,819.8873901367188,295.7600212097168,814.2298889160156,260.23040771484375,811.6554260253906,236.41432285308838,809.0481567382812,216.57846450805664,37,1787813260.8082132
854.9443817138672,390.48208236694336,816.7719268798828,391.9533061981201,773.7896728515625,378.8909912109375,741.0108184814453,372.02067375183105,716.9149780273438,372.4418878555298,773.131103515625,324.1178369522095,750.1813507080078,297.7743172645569,738.5107421875,280.77986240386963,730.7610321044922,265.669949054718,786.4341735839844,308.7821888923645,759.617919921875,280.0088882446289,744.6427917480469,261.2528872489929,732.7577972412109,245.7679796218872,805.7631683349609,297.0767283439636,786.7500305175781,263.1556034088135,775.7996368408203,242.70811557769775,766.4325714111328,226.16472244262695,829.0040588378906,290.11043071746826,823.7673950195312,255.69710969924927,821.6672515869141,233.07857751846313,819.2127227783203,214.41924333572388,38,1787813260.8759296
893.5086822509766,334.84023571014404,846.2164306640625,335.8366870880127,795.8430480957031,314.24773693084717,757.1194458007812,300.7046627998352,729.6060180664062,295.29305934906006,803.2775115966797,257.1242594718933,776.4387512207031,229.49422359466553,763.1890869140625,212.33441591262817,753.0036926269531,199.3772006034851,822.2059631347656,240.48486471176147,796.8257904052734,205.2122712135315,784.8859405517578,183.8046169281006,776.6427612304688,168.2076895236969,846.8376159667969,234.6809720993042,833.4761810302734,200.48312902450562,827.0372772216797,179.90376234054565,823.4931182861328,162.83541798591614,872.5550842285156,238.48026752471924,865.3285217285156,218.4699583053589,865.4828643798828,215.93132257461548,868.1493377685547,212.01733589172363,39,1787813260.9351754
908.5759735107422,325.3560948371887,862.4147033691406,317.67128705978394,812.7593994140625,289.38365936279297,773.4456634521484,271.4825749397278,741.4336395263672,266.9236135482788,818.4495544433594,230.8531379699707,789.7257232666016,202.47888565063477,775.7836151123047,184.88795042037964,765.4496765136719,170.55627465248108,841.3542938232422,213.1789469718933,815.3996276855469,178.29686164855957,801.2714385986328,157.22469806671143,790.5307006835938,142.22686886787415,871.0960388183594,205.23688316345215,857.0796966552734,169.48429226875305,849.2717742919922,150.92801928520203,842.1906280517578,136.1903214454651,903.1839752197266,206.2391495704651,905.4669952392578,176.03392481803894,907.7526092529297,157.94507503509521,908.5414886474609,142.55136251449585,40,1787813260.996311
922.3256683349609,316.32840156555176,872.5900268554688,303.6293435096741,824.9913787841797,267.50842094421387,786.3968658447266,241.7146897315979,752.0058441162109,234.51767921447754,830.6709289550781,210.60166597366333,799.6661376953125,180.34804344177246,785.4381561279297,162.08659887313843,774.0309906005859,145.7034194469452,856.3034057617188,193.46029043197632,829.0447998046875,155.75433254241943,814.7641754150391,134.64362025260925,803.0153656005859,118.97225618362427,888.8250732421875,187.54320859909058,874.0591430664062,149.10468578338623,864.1328430175781,129.89283800125122,854.7696685791016,114.72587943077087,923.4719085693359,190.2449655532837,925.5570983886719,158.70242357254028,927.5789642333984,139.96518731117249,928.372802734375,123.92898917198181,41,1787813261.0377693
936.7472839355469,309.7005558013916,885.1315307617188,290.97521781921387,840.9160614013672,248.52361679077148,805.3993225097656,215.67434549331665,769.0805053710938,201.05722904205322,844.1351318359375,193.2673215866089,811.5578460693359,157.5671410560608,795.7182312011719,137.7837574481964,783.7439727783203,120.28046607971191,870.8486938476562,177.8274643421173,843.4382629394531,135.46470880508423,827.7810668945312,111.43474459648132,815.0614166259766,93.98872375488281,904.0422821044922,173.76555919647217,887.8249359130859,130.83731889724731,876.60888671875,110.70370316505432,865.5180358886719,95.7658588886261,939.041748046875,177.73605465888977,941.3103485107422,144.63430166244507,941.2047576904297,126.12744569778442,940.5754089355469,110.7922911643982,42,1787813261.073693
950.0018310546875,303.7640333175659,897.7829742431641,281.7462730407715,856.6616058349609,236.5202808380127,824.4979858398438,199.641215801239,789.7673034667969,177.434424161911,856.5616607666016,178.739275932312,822.8462219238281,140.11540174484253,806.4009857177734,119.14346694946289,792.3592376708984,99.40160393714905,885.5123901367188,162.32296586036682,857.5081634521484,117.57715344429016,841.4614868164062,91.31848812103271,827.8350830078125,73.46908450126648,919.8776245117188,159.4480562210083,905.0259399414062,116.70568227767944,893.4452819824219,95.61274766921997,881.0311889648438,79.95301365852356,955.5243682861328,164.90105152130127,956.9905090332031,130.3100609779358,956.9293212890625,111.97133660316467,955.9182739257812,97.39248991012573,43,1787813261.101145
963.1877899169922,299.93199348449707,909.9381256103516,272.569899559021,870.4683685302734,225.40647268295288,840.9408569335938,184.3218755722046,807.1389770507812,155.1206338405609,867.3390960693359,167.78849244117737,831.8087768554688,129.33682680130005,814.2430877685547,106.77860140800476,800.5542755126953,84.89470481872559,896.9206237792969,151.6926097869873,866.9976806640625,105.53100943565369,852.2286987304688,79.7887659072876,839.5339965820312,61.2633490562439,931.9524383544922,149.74870562553406,914.6939086914062,105.20971298217773,903.8101196289062,83.33550453186035,891.3762664794922,66.16245746612549,968.9215850830078,155.8359146118164,969.3618011474609,121.26313090324402,968.4042358398438,103.37433099746704,966.1972808837891,88.41480374336243,44,1787813261.1554983
973.8024139404297,297.5825500488281,919.6189117431641,264.7732973098755,881.3237762451172,216.38824224472046,853.3353424072266,174.74929690361023,827.9183197021484,135.01180171966553,879.6915435791016,156.84801936149597,843.0124664306641,115.2240514755249,821.3613128662109,90.43786525726318,805.7707214355469,67.0729386806488,909.0634918212891,143.00312161445618,878.2952117919922,94.2451536655426,862.6136016845703,66.93211197853088,849.0561676025391,47.327760457992554,945.0955963134766,142.131028175354,926.21337890625,95.00418663024902,915.2506256103516,73.11035513877869,901.9487762451172,56.475595235824585,983.1163024902344,148.82030725479126,983.1104278564453,113.32730054855347,980.2800750732422,95.64382910728455,976.3714599609375,80.8677864074707,45,1787813261.180854
983.4816741943359,295.29889583587646,927.7957916259766,260.6605267524719,889.4695281982422,208.6305856704712,863.0575561523438,162.15132594108582,851.6065216064453,115.96588611602783,887.2342681884766,151.86089158058167,852.1631622314453,104.32245969772339,830.3650665283203,77.05633521080017,814.9401092529297,52.77813792228699,918.4381103515625,137.33586072921753,889.1018676757812,84.34836030006409,873.4249877929688,54.73011016845703,859.0838623046875,34.13757920265198,955.8595275878906,136.30523800849915,937.6942443847656,86.88431918621063,926.8544769287109,64.1182279586792,913.8008880615234,47.93854236602783,995.3667449951172,142.25370168685913,996.0870361328125,105.6864595413208,992.9981994628906,87.8550535440445,988.7801361083984,73.7633228302002,46,1787813261.213927
990.8689117431641,297.6256799697876,934.8633575439453,260.8385181427002,896.7751312255859,203.72360229492188,873.8855743408203,150.70120096206665,879.2604827880859,102.608163356781,896.4389801025391,145.13431906700134,863.0048370361328,97.62178659439087,840.7727813720703,68.52107405662537,826.4142608642578,43.90931725502014,928.7339019775391,132.4759018421173,900.8126068115234,79.3651807308197,885.5282592773438,49.21474814414978,872.3052978515625,27.105427980422974,966.8263244628906,133.0191135406494,949.8102569580078,82.80658900737762,939.1525268554688,58.740538358688354,926.3630676269531,41.06965184211731,1006.7439270019531,139.50008153915405,1008.3493804931641,103.17351937294006,1006.4842987060547,85.0125503540039,1002.8837585449219,70.0333034992218,47,1787813261.2643142
1003.4011077880859,306.206259727478,951.2650299072266,269.4312000274658,912.8908538818359,212.71226406097412,891.8309783935547,158.15068244934082,906.8956756591797,108.52114677429199,914.8713684082031,146.50147318840027,879.8127746582031,93.9429759979248,858.4464263916016,62.178518772125244,846.1916351318359,34.7068190574646,947.3786926269531,132.82927751541138,922.9679107666016,73.60942840576172,908.5071563720703,39.883707761764526,896.4144897460938,16.266900300979614,986.2052917480469,132.71196842193604,973.4000396728516,79.1445904970169,963.1691741943359,51.04573130607605,951.5234375,31.034703254699707,1026.5467071533203,141.24521255493164,1029.9078369140625,101.56555652618408,1028.243637084961,79.97250258922577,1025.8833312988281,63.455142974853516,48,1787813261.3079185
1004.8834228515625,307.5870609283447,950.0315093994141,275.4534673690796,912.6617431640625,217.5969099998474,891.4920806884766,163.26639533042908,905.5943298339844,117.79178380966187,914.2022705078125,151.09991669654846,882.6847076416016,97.1888780593872,863.1110382080078,65.77035069465637,850.9822845458984,38.36393594741821,947.7677154541016,136.97532892227173,923.3007049560547,75.4849898815155,907.7063751220703,40.1889967918396,895.1205444335938,15.52544116973877,986.590576171875,137.11334466934204,974.5601654052734,82.32933282852173,963.7697601318359,52.629629373550415,952.5159454345703,29.79214310646057,1026.055908203125,144.99085307121277,1029.156723022461,103.51943850517273,1028.0500793457031,80.70896208286285,1026.5643310546875,61.459161043167114,49,1787813261.3598306
1002.7028656005859,313.1651973724365,949.2327117919922,283.10441493988037,911.4474487304688,226.34428024291992,891.0848236083984,173.6272644996643,901.7181396484375,128.72284770011902,913.0275726318359,156.09944701194763,881.8234252929688,100.7366681098938,862.5064849853516,68.66782307624817,849.7679138183594,40.79002618789673,946.7324066162109,141.65577292442322,922.9724884033203,78.74114871025085,907.7218627929688,41.840829849243164,895.3346252441406,15.526245832443237,985.2811431884766,141.9205391407013,972.8004455566406,86.10136091709137,962.5890350341797,55.034852027893066,951.5250396728516,30.69279670715332,1024.6922302246094,150.7648229598999,1027.9817962646484,107.78133988380432,1027.3925018310547,83.52169811725616,1025.7949829101562,62.934837341308594,50,1787813261.4041314
995.6533050537109,325.8957552909851,942.6786804199219,294.0441155433655,906.2373352050781,239.46307182312012,889.5600128173828,188.13265085220337,893.0128479003906,143.88886213302612,910.6935882568359,165.8048701286316,881.2615203857422,108.13452243804932,862.6415252685547,72.66064524650574,849.254150390625,41.578413248062134,945.3685760498047,151.57935619354248,922.7848815917969,84.54481601715088,906.9621276855469,42.58656978607178,893.9243316650391,8.421192169189453,984.0750885009766,152.17655539512634,970.6691741943359,90.416579246521,961.2113952636719,52.47852444648743,951.9329071044922,21.30446434020996,1024.1309356689453,164.12217020988464,1026.9197082519531,116.73407077789307,1027.8407287597656,86.84201538562775,1028.3439636230469,60.15294671058655,51,1787813261.4645736
991.0567474365234,339.6957206726074,940.2967071533203,311.4963483810425,901.080322265625,261.6726851463318,882.3297119140625,212.73024559020996,883.5249328613281,167.35183954238892,906.2145233154297,182.03335046768188,878.7006378173828,119.62624311447144,861.663818359375,79.20988082885742,849.849853515625,43.89767646789551,941.8393707275391,167.56081581115723,921.2667083740234,95.05972981452942,907.3571014404297,48.293774127960205,895.5756378173828,8.081066608428955,980.4616546630859,168.62127542495728,970.2033233642578,97.77985453605652,963.4486389160156,52.32835292816162,955.7833862304688,12.439109086990356,1020.6563568115234,182.6779818534851,1031.0832977294922,128.5068655014038,1037.4563598632812,91.30392909049988,1040.9622192382812,56.559773683547974,52,1787813261.5062323
982.186279296875,356.73255443573,933.580322265625,329.577054977417,895.3563690185547,285.91903924942017,877.3530578613281,243.8502860069275,868.9319610595703,202.62709379196167,903.1455230712891,203.622407913208,874.9534606933594,137.94306993484497,859.6366119384766,96.03344678878784,849.1789245605469,59.417173862457275,938.6865234375,190.54861307144165,920.5960083007812,113.70497703552246,909.4489288330078,64.92277264595032,899.9144744873047,23.369121551513672,975.7196044921875,193.25800895690918,973.0821990966797,120.55485606193542,970.1853179931641,72.40059971809387,965.5633544921875,30.83266854286194,1013.2058715820312,209.3022322654724,1029.0369415283203,152.53671169281006,1040.2315521240234,113.71169328689575,1047.3674774169922,78.28820943832397,53,1787813261.5574174
974.9192047119141,380.9605407714844,929.0780639648438,353.5870313644409,891.7479705810547,316.36170387268066,868.8917541503906,278.051176071167,855.841064453125,242.29745864868164,896.700439453125,236.72485828399658,872.6659393310547,172.33099579811096,860.2172088623047,131.4402151107788,851.8857574462891,94.84650492668152,933.0616760253906,225.18438577651978,920.3787994384766,150.24078369140625,912.5969696044922,102.67201066017151,905.6976318359375,61.872156858444214,968.9689636230469,229.4501495361328,971.5556335449219,166.46040201187134,969.3248748779297,125.64696550369263,964.3853759765625,89.46231365203857,1004.310302734375,245.8759331703186,1019.6144104003906,195.28839826583862,1029.9905395507812,162.7552843093872,1036.9829559326172,132.75142908096313,54,1787813261.5997257
956.1717224121094,471.06714248657227,922.4496459960938,466.96374893188477,883.8895416259766,446.02466583251953,857.6163482666016,426.9110298156738,839.5581817626953,406.16583824157715,893.9316558837891,400.10743618011475,858.7840270996094,377.96123027801514,831.5749359130859,367.3998498916626,809.2994689941406,361.26312732696533,914.2083740234375,391.95356369018555,882.4392700195312,378.8761854171753,859.5166778564453,386.903715133667,843.5433197021484,396.58417224884033,938.7626647949219,391.9981527328491,909.5082092285156,376.91920280456543,893.4988403320312,390.41019916534424,884.3920135498047,405.1686143875122,967.3816680908203,397.36960887908936,941.1240386962891,385.72242736816406,919.6364593505859,392.1039390563965,904.4495391845703,401.36884689331055,55,1787813261.698717
956.0286712646484,491.4039945602417,922.5155639648438,480.6633138656616,888.4267425537109,454.6044731140137,865.56396484375,432.28111267089844,847.7662658691406,409.6972131729126,900.7559967041016,413.65323543548584,869.7970581054688,387.7247714996338,845.6140899658203,379.7131633758545,822.7531433105469,375.9088897705078,919.6162414550781,408.52476596832275,892.1018981933594,384.5823383331299,870.1181793212891,389.29500102996826,851.7094421386719,399.8811435699463,941.8936157226562,408.5305595397949,912.3291015625,388.10131072998047,888.1546783447266,395.9446907043457,868.5832977294922,407.34382152557373,968.9340209960938,412.0242118835449,943.6651611328125,396.7776346206665,923.5789489746094,405.0890064239502,907.7194976806641,416.6741752624512,56,1787813261.7399755
962.1216583251953,500.70130348205566,928.8306427001953,485.3202295303345,897.0831298828125,458.42677116394043,875.4692840576172,434.4682502746582,862.5797271728516,409.1805124282837,906.4138031005859,421.89916133880615,881.68701171875,394.9169969558716,861.5116119384766,387.56242275238037,841.6891479492188,384.64104652404785,924.7416687011719,416.5322542190552,901.7847442626953,387.00623989105225,882.3007202148438,393.26261043548584,866.7024230957031,406.28119468688965,945.7893371582031,416.1660575866699,922.5936889648438,392.2459888458252,905.8604431152344,407.2471332550049,894.8928833007812,425.90603828430176,970.9000396728516,419.15515422821045,950.6793975830078,398.9488935470581,932.1547698974609,405.1311922073364,918.1159210205078,417.0481824874878,57,1787813261.7803671
966.0013580322266,502.6009511947632,933.3694458007812,483.39637756347656,902.100830078125,456.14105701446533,879.5213317871094,432.90128231048584,864.9959564208984,407.32322216033936,912.5761413574219,421.7686128616333,889.6800231933594,397.0193338394165,868.1643676757812,392.28675842285156,847.3880004882812,391.42845153808594,930.2011871337891,416.4480972290039,906.6025543212891,387.10803508758545,886.33056640625,394.4114112854004,870.4334259033203,407.88408279418945,949.9817657470703,416.32402896881104,926.1515045166016,390.3950500488281,904.9673461914062,401.55818939208984,889.1318511962891,417.7104091644287,973.5043334960938,420.4533863067627,953.2928466796875,399.1401672363281,933.3323669433594,402.6218032836914,916.5822601318359,412.1564769744873,58,1787813261.8184366
971.1985015869141,501.9612979888916,936.8927001953125,481.1166715621948,904.8757934570312,454.45268154144287,881.2574768066406,431.2396001815796,866.7919158935547,405.1908874511719,916.7478942871094,419.7644233703613,893.9140319824219,395.6339406967163,871.7500305175781,391.7853355407715,850.0091552734375,392.18822479248047,933.7715148925781,414.76075172424316,909.1775512695312,388.17529678344727,887.6213073730469,393.5436201095581,868.6360168457031,404.05152797698975,953.3528137207031,414.61767196655273,927.9879760742188,391.59483432769775,906.3748931884766,401.40438079833984,888.3559417724609,415.2008056640625,976.7157745361328,418.24822425842285,952.0954895019531,400.7602643966675,931.8106842041016,404.9486303329468,914.4983673095703,413.58710289001465,59,1787813261.8577256
974.28955078125,501.1819553375244,941.3004302978516,482.09471225738525,912.0573425292969,456.55192852020264,889.4992828369141,436.6003704071045,871.6104125976562,414.8037528991699,919.1039276123047,420.71431159973145,894.2727661132812,397.3658323287964,871.5352630615234,393.0336570739746,849.5008087158203,392.61553287506104,935.7332611083984,415.5358028411865,909.6925354003906,388.8238334655762,886.6120147705078,392.4725818634033,866.2510681152344,402.10930824279785,955.1248168945312,414.4748067855835,928.78662109375,391.4696931838989,906.2814331054688,399.6296167373657,887.6786804199219,412.64845848083496,978.2391357421875,416.88433170318604,952.4056243896484,399.91684913635254,931.2258148193359,403.24639320373535,913.7339019775391,411.166934967041,60,1787813261.8997395
974.0454864501953,501.0322666168213,941.3969421386719,482.62227058410645,913.1209564208984,455.4449272155762,893.0404663085938,435.38758277893066,876.9811248779297,414.0269422531128,918.59619140625,420.6475782394409,893.4027862548828,397.8261423110962,870.7790374755859,391.35819911956787,849.266357421875,387.53435611724854,934.654541015625,414.8910427093506,908.7488555908203,387.97930240631104,885.3641510009766,391.31133556365967,865.2198028564453,400.94969272613525,953.6988067626953,413.21434020996094,927.6542663574219,388.2450771331787,904.1100311279297,394.8564863204956,884.8516845703125,407.1246528625488,976.6826629638672,415.20569801330566,952.9122924804688,396.6056299209595,931.4743804931641,398.8509178161621,913.575439453125,406.3507604598999,61,1787813261.9463909
970.7959747314453,502.39521503448486,938.4646606445312,481.84412956237793,910.5525207519531,452.65233993530273,890.262451171875,431.57082080841064,874.3571472167969,409.32809829711914,918.4542083740234,419.9694299697876,893.7617492675781,396.72901153564453,870.4668426513672,389.3460273742676,848.81103515625,384.84901428222656,934.3384552001953,414.09839630126953,909.0518188476562,386.4919853210449,885.0094604492188,388.4915828704834,863.8284301757812,397.11589336395264,953.0567932128906,412.4387741088867,927.5308990478516,385.52330017089844,902.581787109375,390.58396339416504,881.8814086914062,402.30998039245605,975.2435302734375,414.8498010635376,951.57958984375,394.70520973205566,929.5015716552734,395.76684951782227,910.8500671386719,402.9733657836914,62,1787813261.9944453
973.6529541015625,502.3586940765381,939.5567321777344,482.1788263320923,911.236572265625,454.211368560791,890.9037780761719,433.54209423065186,875.1504516601562,412.08330631256104,918.7152862548828,419.78759765625,893.9659881591797,399.0937328338623,870.6511688232422,393.1673812866211,847.9814910888672,388.4891366958618,934.229736328125,413.6398458480835,909.2350769042969,387.2064399719238,885.0902557373047,390.0447750091553,863.6399841308594,398.99545669555664,952.7023315429688,411.85405254364014,927.4263000488281,386.44336223602295,903.0017852783203,392.3829746246338,882.6390838623047,404.0788221359253,974.66064453125,414.1283941268921,950.7303619384766,395.590295791626,929.1321563720703,397.69469261169434,911.2140655517578,405.339674949646,63,1787813262.0341837
975.247802734375,503.1549882888794,942.1500396728516,483.6627960205078,913.9630889892578,454.7669506072998,893.8485717773438,434.1452693939209,876.3996887207031,412.8835916519165,920.9414672851562,419.5925045013428,896.42333984375,396.73227310180664,873.1974029541016,391.81365966796875,850.6134033203125,389.645791053772,936.6969299316406,413.8863945007324,910.9743499755859,386.97439670562744,886.2071228027344,390.31033515930176,864.2050933837891,399.0781545639038,955.1963806152344,412.61704444885254,929.6255493164062,387.6982069015503,905.2567291259766,394.36317443847656,884.8217010498047,405.9022521972656,977.5473022460938,415.1832103729248,953.3078765869141,396.36011123657227,931.5737915039062,398.5461759567261,913.2826232910156,405.60811042785645,64,1787813262.0819209
977.5848388671875,503.35132598876953,944.0686798095703,483.8605070114136,915.3786468505859,455.2464008331299,894.7795867919922,434.2393398284912,876.6630554199219,412.7439022064209,922.8833770751953,418.7650966644287,897.0447540283203,397.50771045684814,873.2797241210938,392.22753524780273,850.0634765625,388.7289047241211,938.4661865234375,412.89045810699463,911.4067077636719,386.95379734039307,886.2528991699219,390.9062147140503,863.8739776611328,400.1297092437744,956.8144989013672,411.6066026687622,929.9856567382812,387.28716373443604,904.8753356933594,394.05242443084717,883.7770843505859,405.6765604019165,978.9289093017578,414.5086669921875,954.0036773681641,396.5979480743408,932.1012878417969,398.48896980285645,913.5980987548828,405.15273571014404,65,1787813262.1317952
978.3666229248047,505.47662258148193,944.505615234375,485.3027629852295,916.2045288085938,456.1787796020508,896.0681915283203,435.36415100097656,877.6766967773438,414.3715524673462,924.53125,419.06413078308105,898.2353973388672,397.1314287185669,874.188232421875,392.4306535720825,850.6062316894531,390.04061222076416,939.8399353027344,413.6419916152954,912.1974182128906,387.64185905456543,886.7531585693359,391.9963502883911,864.2034912109375,401.63556575775146,957.7506256103516,412.6342535018921,931.1222839355469,388.1949520111084,905.6352233886719,394.4856119155884,884.3537902832031,406.1569118499756,979.3663024902344,415.7232141494751,954.5000457763672,397.28965759277344,932.2785186767578,398.20727348327637,913.463134765625,404.45579051971436,66,1787813262.174276
975.81787109375,507.46347427368164,941.4881134033203,487.5380516052246,909.4058227539062,453.668532371521,884.3696594238281,430.7506227493286,860.0164794921875,412.6046848297119,928.2909393310547,419.1654968261719,900.1584625244141,394.8278617858887,873.5710906982422,389.4558906555176,849.2505645751953,387.3683166503906,943.0130004882812,414.80199337005615,912.0302581787109,388.091139793396,883.2596588134766,392.9889392852783,859.0579986572266,402.409029006958,959.8824310302734,415.0390577316284,929.1326141357422,390.2110719680786,900.7248687744141,396.8152713775635,877.4156188964844,407.57320404052734,979.3231201171875,418.73329639434814,949.6609497070312,401.6498565673828,925.2371978759766,402.4415159225464,904.8043060302734,407.10358142852783,67,1787813262.2176263
974.4283294677734,509.52632904052734,938.455810546875,491.83610916137695,902.6378631591797,460.12330055236816,872.6450347900391,440.92301845550537,843.3389282226562,430.42691230773926,924.0349578857422,422.54679679870605,895.1776123046875,398.7966299057007,868.5093688964844,390.2477216720581,843.6448669433594,385.0760793685913,937.5733947753906,417.9683303833008,904.1871643066406,391.6586494445801,873.5652160644531,392.43271350860596,846.6246795654297,397.0562410354614,954.1043090820312,418.42220306396484,921.0790252685547,393.3753490447998,891.4532470703125,400.44655323028564,866.2970733642578,410.8976411819458,972.5128936767578,422.425217628479,940.1374053955078,407.13555335998535,915.4463195800781,408.44940662384033,894.5229339599609,413.1428003311157,68,1787813262.2666397
972.3026275634766,514.4573879241943,937.4589538574219,502.0599603652954,900.0388336181641,469.88027572631836,870.7061767578125,452.2797918319702,842.5518035888672,445.6615161895752,921.3780212402344,426.47539615631104,889.1448211669922,403.43303203582764,860.2700805664062,394.32013034820557,835.0557708740234,389.4517707824707,932.9932403564453,421.4125871658325,896.0110473632812,397.12138652801514,862.9203796386719,394.004487991333,834.2908477783203,394.29927349090576,947.3902130126953,421.2691640853882,910.5616760253906,399.0953207015991,878.1195068359375,403.6527156829834,851.060791015625,410.5724287033081,962.3586273193359,425.6280326843262,927.9062652587891,412.86505222320557,902.0213317871094,414.77375507354736,880.7919311523438,419.15481090545654,69,1787813262.3133008
975.1110076904297,517.8851222991943,939.2489624023438,510.94244956970215,900.0778961181641,482.3921585083008,872.8134918212891,466.65900707244873,847.3502349853516,462.02346324920654,915.0184631347656,432.25188732147217,880.2030944824219,411.15757942199707,850.1285552978516,402.50322818756104,824.8798370361328,399.5372200012207,924.2852020263672,426.28540992736816,882.65625,403.91149520874023,849.4305419921875,396.97431564331055,820.3652191162109,394.6091651916504,935.7115173339844,426.12306118011475,892.2483825683594,404.9813747406006,857.4198913574219,405.12608528137207,828.5319519042969,408.0928659439087,946.1927032470703,431.8768501281738,905.7188415527344,422.38762378692627,877.9865264892578,423.9883232116699,856.1724853515625,426.89974308013916,70,1787813262.3583624
980.2744293212891,524.1673278808594,943.1283569335938,521.9374465942383,905.0760650634766,496.144380569458,880.0238037109375,483.2241153717041,859.4369506835938,479.6262216567993,915.4816436767578,437.87036418914795,875.3581237792969,421.6577196121216,842.2262573242188,413.28309059143066,815.1188659667969,409.77038383483887,919.3397521972656,433.4039497375488,870.3407287597656,413.75133991241455,834.3446350097656,405.59300422668457,804.393310546875,401.6285705566406,922.6110076904297,435.7537364959717,874.5722961425781,414.0514039993286,838.9207458496094,408.70814323425293,810.3295135498047,407.2612524032593,923.4349060058594,444.7573757171631,884.505615234375,432.5104522705078,856.2973785400391,429.1324996948242,833.5537719726562,427.7351760864258,71,1787813262.4107707
995.3349304199219,551.6029787063599,938.8407897949219,567.2739458084106,897.0060729980469,556.5771245956421,869.1536712646484,545.3012466430664,851.2551879882812,534.7930812835693,893.3888244628906,492.87015438079834,839.8683929443359,484.2229700088501,806.98486328125,482.51129150390625,778.0675506591797,480.421142578125,898.7035369873047,490.06216049194336,831.1424255371094,482.3389005661011,795.2775573730469,482.2533702850342,767.1629333496094,478.48480224609375,905.5680847167969,498.2824659347534,840.1229858398438,495.63343048095703,804.3510437011719,497.5239372253418,777.12890625,496.9621753692627,911.9642639160156,514.7679662704468,863.3132934570312,512.4080085754395,834.1468048095703,512.7535629272461,810.0760650634766,511.1308479309082,72,1787813262.4436917
999.7477722167969,555.7535791397095,945.9124755859375,571.4580631256104,908.2534027099609,559.7434186935425,884.7174072265625,549.0503740310669,867.4469757080078,540.1088333129883,898.5639190673828,499.20604705810547,847.7983856201172,498.23864936828613,814.8471069335938,498.416748046875,785.8389282226562,496.7666530609131,902.8713226318359,497.20808029174805,838.3615875244141,497.47308254241943,801.9590759277344,498.79504680633545,769.7895050048828,496.071252822876,908.6337280273438,506.9994306564331,844.7437286376953,512.969856262207,807.3623657226562,517.9555463790894,777.0786285400391,517.926664352417,912.2673034667969,525.8727836608887,864.0735626220703,526.3762664794922,836.123046875,527.5968647003174,811.6497039794922,524.4329309463501,73,1787813262.4841993
997.9682159423828,559.3622446060181,945.7302093505859,576.0338687896729,909.8111724853516,564.1046905517578,887.8707885742188,555.676760673523,868.5830688476562,548.9010286331177,900.1719665527344,504.58964824676514,849.5313262939453,501.7125177383423,817.294921875,500.97312927246094,789.0530395507812,499.2437696456909,904.4918823242188,501.16607666015625,838.9295959472656,500.9674644470215,803.0913543701172,505.3909206390381,772.5247955322266,506.0076141357422,909.8832702636719,510.7446527481079,844.7710418701172,515.411868095398,806.8495941162109,521.2981796264648,777.1383666992188,523.5175466537476,912.4571990966797,531.8067741394043,861.5206909179688,533.8316488265991,831.2889099121094,538.0976057052612,805.7450103759766,538.7640380859375,74,1787813262.5254714
999.7620391845703,564.6406602859497,946.9749450683594,580.5805778503418,912.4149322509766,567.7164030075073,891.6630554199219,559.5330476760864,872.7832794189453,552.6473236083984,904.0185546875,505.554256439209,852.1671295166016,503.1508255004883,818.9456939697266,503.41861724853516,790.4602813720703,502.13780879974365,908.5213470458984,502.0930480957031,842.9261779785156,500.1915121078491,806.5229797363281,503.9204263687134,775.6398010253906,503.7818956375122,913.2594299316406,511.82740688323975,847.5234222412109,515.016016960144,808.8965606689453,520.2350807189941,778.6833190917969,521.6348075866699,914.9571228027344,533.407301902771,861.6255187988281,535.4486560821533,831.3948822021484,539.0606689453125,806.6348266601562,539.1337966918945,75,1787813262.5768785
998.8996124267578,566.9453859329224,945.4792022705078,582.0280694961548,911.6525268554688,569.1870260238647,890.5099487304688,561.4614486694336,871.8049621582031,554.1668272018433,904.0626525878906,505.9501075744629,852.1518707275391,502.2648811340332,818.5978698730469,502.34114170074463,789.7724914550781,501.27426624298096,908.5503387451172,503.4147119522095,841.6654205322266,502.07545280456543,804.6865081787109,506.7858409881592,774.1373443603516,507.69834995269775,913.3202362060547,513.6492919921875,847.520751953125,517.5932121276855,808.876953125,523.0869770050049,778.9862060546875,525.1730489730835,914.9671936035156,535.5437994003296,861.6575622558594,537.1680593490601,831.2310791015625,541.8167352676392,806.5037536621094,543.6260890960693,76,1787813262.6184053
1000.3450775146484,567.2799110412598,945.0721740722656,581.5790462493896,909.8849487304688,568.5485315322876,887.7294921875,560.7097864151001,868.8613128662109,553.5369157791138,904.4705200195312,505.1424837112427,851.6799926757812,501.9690227508545,818.1544494628906,502.41504192352295,789.2990112304688,501.6097354888916,908.5595703125,502.78407096862793,841.8733978271484,501.051664352417,804.9195098876953,505.26989936828613,774.4864654541016,505.7792615890503,913.0422973632812,513.6619091033936,847.2745513916016,517.6738500595093,808.6565399169922,522.8006887435913,778.6956787109375,524.5803880691528,914.4060516357422,536.3067054748535,860.8428955078125,538.2663059234619,830.0250244140625,542.6720809936523,804.8574829101562,544.2049741744995,77,1787813262.667126
1000.2694702148438,568.6628580093384,945.4903411865234,582.7150583267212,910.8671569824219,569.7138547897339,889.1903686523438,561.9722700119019,870.4958343505859,554.8532581329346,904.5906829833984,505.0953197479248,851.7436981201172,501.8015241622925,818.1105041503906,502.1371650695801,789.2287445068359,501.31417751312256,908.7937927246094,502.84629821777344,841.8363952636719,500.9627866744995,804.6023559570312,505.44838428497314,774.1082763671875,506.3199520111084,913.1694030761719,513.864426612854,847.1888732910156,517.9591941833496,808.5443115234375,523.917646408081,778.6882019042969,526.2528419494629,914.3037414550781,536.6011476516724,860.2618408203125,538.7197065353394,829.5466613769531,543.5821866989136,804.6033477783203,545.2991437911987,78,1787813262.7110639
1001.8556976318359,569.3072748184204,945.9272003173828,582.5589752197266,910.6147766113281,569.4164085388184,888.1806945800781,562.3055076599121,869.0998840332031,555.7511758804321,905.5192565917969,504.75143909454346,852.2057342529297,501.66204929351807,818.4373474121094,502.1751022338867,789.5841217041016,501.7271947860718,909.5216369628906,502.83857345581055,842.3452758789062,500.5695962905884,805.0265502929688,504.9917221069336,774.4690704345703,506.232705116272,913.7696838378906,514.0379762649536,847.5656127929688,517.7683925628662,809.0189361572266,523.3662271499634,778.9707946777344,525.7751512527466,914.9001312255859,536.7773580551147,860.2140808105469,538.7239122390747,829.4181823730469,543.4438705444336,804.1522216796875,545.1682090759277,79,1787813262.7501323
1001.9868469238281,568.795895576477,948.1959533691406,581.7084789276123,913.3966827392578,569.0346336364746,891.5226745605469,562.3478651046753,873.0830383300781,555.5398178100586,905.3102874755859,503.6616897583008,852.9183959960938,501.4639091491699,818.8520050048828,502.440447807312,789.7941589355469,502.4843502044678,908.6717224121094,502.1681499481201,842.2186279296875,499.9997663497925,804.8329162597656,504.21152114868164,773.7668609619141,505.75243949890137,912.7120208740234,513.3638191223145,847.1473693847656,517.1186542510986,809.0699005126953,522.8204298019409,779.1481781005859,525.5746078491211,914.0669250488281,536.0261678695679,859.5722198486328,538.1389331817627,829.2278289794922,542.932448387146,804.1616058349609,544.7970342636108,80,1787813262.7976835
1001.7459869384766,568.470253944397,948.1854248046875,581.1011838912964,914.5745086669922,568.2777786254883,892.9768371582031,561.7305707931519,872.4388122558594,555.1922464370728,905.6475830078125,502.7677631378174,852.9151916503906,500.4163455963135,818.84521484375,501.1976194381714,789.3631744384766,500.8639097213745,909.1293334960938,501.1879634857178,842.4404907226562,499.60679054260254,805.0465393066406,504.3579053878784,773.6933135986328,505.83303451538086,913.111572265625,512.5933170318604,847.0075988769531,516.0341835021973,809.129638671875,522.0955896377563,779.3663024902344,524.6358346939087,914.5053100585938,535.5472755432129,860.0165557861328,537.1371173858643,829.7507476806641,541.864070892334,804.7270202636719,543.5299587249756,81,1787813262.8316622
1000.5375671386719,568.6183547973633,945.1457977294922,581.3841247558594,910.7917785644531,567.9867267608643,887.7953338623047,560.898699760437,866.0080718994141,554.5051717758179,905.7099914550781,502.7776336669922,852.4032592773438,500.01688957214355,818.6866760253906,500.88536739349365,789.7508239746094,500.2560567855835,909.9721527099609,501.1117887496948,842.28271484375,499.0401363372803,805.0792694091797,503.54294300079346,774.6424102783203,504.10873889923096,914.6535491943359,512.6225423812866,847.2639465332031,516.4039850234985,808.9427947998047,522.3243713378906,779.7528839111328,524.751148223877,916.1268615722656,536.0065984725952,860.2947235107422,537.3272323608398,829.8168182373047,543.1191730499268,805.867919921875,546.3996648788452,82,1787813262.868826
1002.8318786621094,569.9061155319214,946.1929321289062,582.1820497512817,911.1669921875,568.6862897872925,887.9129791259766,561.7904806137085,866.7979431152344,555.747184753418,906.8109893798828,503.34990978240967,853.6067962646484,500.0177478790283,819.9710083007812,500.53951263427734,791.2030792236328,499.5092439651489,910.8793640136719,501.7556047439575,843.5783386230469,498.7742328643799,806.2621307373047,502.2927761077881,775.8085632324219,502.4713468551636,915.4477691650391,513.3657932281494,848.1776428222656,516.8319368362427,809.766845703125,522.1235704421997,780.0376129150391,524.0183258056641,917.1923065185547,536.5008544921875,861.8296051025391,538.0470085144043,831.5282440185547,542.8411674499512,807.1668243408203,544.814887046814,83,1787813262.915894
1004.2037963867188,571.6485643386841,948.1855010986328,583.4076261520386,913.1833648681641,569.5829629898071,890.2098846435547,562.4751949310303,869.6187591552734,555.755124092102,908.0927276611328,503.9422273635864,854.9179840087891,501.26800060272217,821.1683654785156,501.96563243865967,792.1284484863281,501.2177896499634,911.9227600097656,502.49778270721436,845.0177001953125,499.34595108032227,807.6332092285156,502.801194190979,776.5678405761719,503.174729347229,916.0807800292969,514.160885810852,849.4661712646484,517.1536731719971,811.0769653320312,522.0836591720581,780.9650421142578,524.0548038482666,917.3118591308594,537.2387838363647,862.0219421386719,538.3827781677246,831.6343688964844,543.0602931976318,806.8710327148438,545.3327894210815,84,1787813262.9549708
1003.9698028564453,571.9395303726196,948.6578369140625,583.6176538467407,913.6113739013672,569.9282169342041,890.4795074462891,562.7095985412598,870.4300689697266,555.8545160293579,908.231201171875,504.29203033447266,855.0080871582031,501.24701499938965,821.3408660888672,501.6438102722168,792.293701171875,500.7178258895874,912.0805358886719,502.8595161437988,844.6480560302734,499.71665382385254,807.3983001708984,503.33059787750244,776.6576385498047,503.76524448394775,916.3063812255859,514.3719005584717,849.2814636230469,517.1809244155884,811.1503601074219,522.4628591537476,781.9039916992188,524.9783420562744,917.6599884033203,537.2413158416748,862.9674530029297,538.1946802139282,832.7248382568359,543.3977365493774,808.5817718505859,546.5423583984375,85,1787813262.9971406
1006.5336608886719,572.0481061935425,950.6430816650391,582.7263450622559,913.5041809082031,569.3787717819214,889.6820831298828,562.3572635650635,870.2960205078125,554.3981409072876,911.2860107421875,503.9531707763672,857.5375366210938,501.5412425994873,823.3806610107422,502.457914352417,794.1435241699219,502.2701597213745,915.2303314208984,503.04967403411865,847.6061248779297,500.1809549331665,810.0047302246094,503.7431001663208,778.4110260009766,504.1346597671509,918.7099456787109,514.6501207351685,851.4169311523438,517.8104496002197,813.0288696289062,523.2268810272217,783.10546875,525.3817892074585,919.1877746582031,537.0773363113403,864.7322082519531,538.1633520126343,834.5535278320312,543.3424186706543,809.7228240966797,545.8712911605835,86,1787813263.0536442
1010.4513549804688,571.9241237640381,953.8556671142578,582.7367305755615,916.7443084716797,569.2002868652344,891.5837097167969,562.1243190765381,870.4788208007812,555.2576494216919,914.2237091064453,502.537522315979,859.0727996826172,500.7267093658447,824.5964813232422,502.46581077575684,795.1545715332031,503.1197118759155,918.3511352539062,501.726336479187,849.7048187255859,499.9483108520508,811.5695953369141,504.7459888458252,779.6430206298828,506.4218330383301,922.230224609375,513.5813999176025,854.0122222900391,516.749324798584,815.6972503662109,522.7364873886108,785.6623077392578,525.4290819168091,923.1475830078125,536.6509294509888,867.1976470947266,537.8838014602661,836.9960021972656,542.7270126342773,812.0780181884766,544.3163824081421,87,1787813263.0748641
1012.8231048583984,571.5616607666016,956.8949890136719,582.9967546463013,919.5388031005859,569.5654106140137,894.7085571289062,562.8031969070435,873.2586669921875,557.0003128051758,916.0626220703125,501.24006271362305,861.9688415527344,500.9769058227539,827.3526000976562,503.3992624282837,797.6415252685547,504.9204397201538,919.7413635253906,500.6824207305908,851.5631866455078,500.3163528442383,813.5064697265625,505.10132789611816,781.0440063476562,506.76528453826904,922.9061889648438,512.7720594406128,854.9460601806641,516.0466289520264,816.9893646240234,521.8495988845825,786.6941070556641,524.4730997085571,923.0879974365234,535.8878087997437,867.4015045166016,537.0396995544434,836.8657684326172,542.2987604141235,811.1769866943359,544.6437406539917,88,1787813263.1213946
1015.0020599365234,574.8032712936401,958.7641906738281,585.6019735336304,920.4135894775391,572.7333354949951,893.9547729492188,567.728590965271,869.642333984375,561.4660406112671,918.7889862060547,502.9915237426758,864.3338012695312,504.7189521789551,829.1222381591797,508.62072944641113,799.5128631591797,512.0714235305786,922.1831512451172,502.209734916687,854.3173217773438,503.75245571136475,816.2936401367188,509.1551971435547,784.0217590332031,512.0376491546631,924.4612884521484,514.248776435852,856.07421875,517.9795789718628,818.1388854980469,524.0875053405762,787.7803039550781,527.9027652740479,923.9533233642578,537.8931999206543,867.8208160400391,539.835033416748,836.8032836914062,545.9775924682617,810.8036804199219,550.9027719497681,89,1787813263.1436224
1020.9788513183594,580.5463314056396,963.3188629150391,594.0400314331055,922.6549530029297,580.9670305252075,894.3589782714844,576.0675144195557,868.7184906005859,570.5425930023193,919.6959686279297,511.22663497924805,864.2948913574219,516.091947555542,828.1039428710938,521.2229490280151,797.2653198242188,525.1772546768188,924.0693664550781,509.2396116256714,854.9245452880859,516.9384956359863,815.1089477539062,523.7634086608887,780.3773498535156,526.7371845245361,927.5369262695312,520.6999397277832,858.8673400878906,524.7888278961182,819.5086669921875,528.2777166366577,786.9754791259766,529.9433898925781,928.4622955322266,544.37255859375,873.5936737060547,547.101845741272,842.742919921875,551.9105958938599,817.3298645019531,556.1665964126587,90,1787813263.1989057
1027.8797149658203,588.4346437454224,969.2761993408203,601.7226934432983,928.8243103027344,588.8287353515625,900.5448913574219,585.3311347961426,873.2917022705078,581.363697052002,924.6377563476562,517.3455905914307,867.542724609375,522.6067972183228,831.0069274902344,528.380241394043,800.2054595947266,532.5158643722534,928.9933776855469,515.9133338928223,858.6991119384766,526.418924331665,818.5048675537109,534.7615814208984,784.049072265625,538.3935499191284,932.5572204589844,527.9228496551514,863.0950927734375,533.833794593811,823.7493896484375,538.7514638900757,790.8834075927734,540.2047061920166,933.9955902099609,551.9530820846558,878.253173828125,555.3452396392822,847.476806640625,561.0110521316528,821.7359924316406,565.144829750061,91,1787813263.244998
1029.6458435058594,590.8105230331421,974.4493103027344,601.6303396224976,932.2406768798828,590.1739597320557,901.5621185302734,586.5617322921753,874.3914794921875,585.4570913314819,928.9985656738281,517.7787351608276,871.0526275634766,522.0602703094482,834.5142364501953,527.28684425354,803.4023284912109,531.5990209579468,932.9854583740234,517.6128244400024,860.7179260253906,528.1956624984741,820.7059478759766,537.0358371734619,786.6314697265625,542.5312328338623,936.2540435791016,529.9640321731567,866.2986755371094,538.416895866394,827.508544921875,545.1390695571899,795.6056213378906,549.4659662246704,937.3816680908203,553.2177114486694,880.9745788574219,557.6706504821777,850.6622314453125,563.9620399475098,825.5473327636719,568.7710475921631,92,1787813263.2910018
1040.5827331542969,577.8534364700317,985.6016540527344,586.7966508865356,942.4589538574219,576.2915325164795,910.6415557861328,575.1217031478882,881.5914916992188,578.7973594665527,938.3136749267578,501.63750171661377,878.0830383300781,501.2580442428589,842.8422546386719,503.15391540527344,813.6127471923828,504.5342445373535,945.9230804443359,500.8178186416626,871.5180206298828,514.5260095596313,831.2149810791016,528.0483341217041,800.4165649414062,537.6202154159546,951.7494201660156,514.1133785247803,878.5302734375,526.6572332382202,838.6585235595703,540.0808095932007,808.035888671875,550.4801416397095,954.0298461914062,539.5183181762695,897.0259094238281,544.9218320846558,865.6850433349609,553.8482666015625,840.87158203125,561.9480657577515,93,1787813263.331593
1045.7622528076172,581.8685960769653,987.0745849609375,590.2354145050049,942.7970123291016,577.7130603790283,909.9564361572266,576.2703323364258,880.2938842773438,581.4612007141113,940.1717376708984,504.27756786346436,879.2037963867188,503.92621994018555,843.5520172119141,505.28290271759033,813.8314819335938,506.03224754333496,947.7601623535156,504.71938133239746,873.9630126953125,517.3117303848267,833.9704895019531,527.8848266601562,802.0827484130859,534.8719596862793,954.3046569824219,517.8004503250122,881.99462890625,529.5330762863159,843.5550689697266,540.1383590698242,812.9557037353516,547.317967414856,958.2614135742188,541.2772464752197,901.4990997314453,546.7587804794312,870.2119445800781,554.7348976135254,845.244140625,561.4203786849976,94,1787813263.3776937
1046.8769073486328,586.3132524490356,987.1841430664062,595.6068706512451,942.6555633544922,582.3391199111938,909.4097137451172,579.7719240188599,879.4731140136719,583.384280204773,941.4246368408203,507.5673723220825,880.6083679199219,506.6797971725464,844.5657348632812,508.02030086517334,814.2825317382812,509.1980266571045,949.0167236328125,508.08922290802,875.1274871826172,520.6701993942261,834.4384765625,532.1331024169922,801.7632293701172,540.212345123291,956.0109710693359,521.1754846572876,884.6871948242188,533.9543437957764,846.4632415771484,545.2853679656982,816.1449432373047,553.6044645309448,960.703125,544.53537940979,906.0980224609375,551.1794900894165,874.7892761230469,559.4335269927979,849.5806884765625,566.6933870315552,95,1787813263.422392
1048.9568328857422,590.9431314468384,988.5707855224609,599.6098852157593,943.5912322998047,586.5518188476562,910.2083587646484,583.9508056640625,880.1223754882812,587.3555374145508,943.2508087158203,510.31957626342773,880.8297729492188,508.99550914764404,844.5372772216797,509.6173095703125,813.9181518554688,510.3318929672241,952.0036315917969,511.8955993652344,876.1798858642578,524.1163444519043,835.7595825195312,535.7397508621216,803.3596801757812,544.2007684707642,960.1063537597656,525.8135604858398,887.3011779785156,538.3826923370361,850.0595855712891,550.386757850647,821.1720275878906,559.8298501968384,965.7929992675781,549.6553945541382,910.3987884521484,555.6409692764282,879.8304748535156,564.3160057067871,855.6375885009766,572.3038387298584,96,1787813263.4681573
1053.6331939697266,593.3884906768799,992.5627899169922,601.2740135192871,947.66357421875,588.213586807251,914.32861328125,585.52086353302,882.8162384033203,586.479377746582,945.2096557617188,512.4071073532104,882.4834442138672,510.2772617340088,846.1007690429688,510.9509038925171,815.5905151367188,510.99424839019775,955.2269744873047,513.511791229248,877.8720092773438,524.922251701355,836.3327026367188,536.4297008514404,803.7017059326172,544.5770502090454,964.4911193847656,527.7169418334961,888.9286804199219,539.7374868392944,850.6661987304688,551.7064476013184,821.5017700195312,560.7949304580688,971.2749481201172,552.8840017318726,913.3003997802734,558.5177564620972,883.4715270996094,566.9286918640137,860.7302856445312,574.193229675293,97,1787813263.5155263
1062.7657318115234,593.7282514572144,1001.0228729248047,602.1237373352051,953.4779357910156,588.9690685272217,917.9393005371094,585.4181671142578,886.343994140625,584.2649459838867,953.4109497070312,509.5229387283325,888.3110809326172,508.60133171081543,851.0345458984375,509.65378761291504,819.6584320068359,510.6280517578125,963.0305480957031,511.8834972381592,885.0677490234375,522.924370765686,842.9612731933594,535.706148147583,809.5071411132812,546.1072826385498,971.5687561035156,527.3935317993164,896.7194366455078,538.9292621612549,858.4922790527344,552.3561429977417,829.4953918457031,563.6010789871216,976.9984436035156,553.8488245010376,919.2149353027344,558.7644338607788,890.2291107177734,568.3860540390015,868.6042785644531,577.6519060134888,98,1787813263.568558
1074.1207885742188,594.4971227645874,1008.9687347412109,598.3800601959229,959.6045684814453,582.6722288131714,922.3223114013672,575.3955888748169,889.2387390136719,569.9178743362427,965.2098846435547,504.9712944030762,897.95654296875,501.47034645080566,858.5818481445312,502.14038372039795,825.8328247070312,504.02552604675293,976.6106414794922,510.1529788970947,896.7158508300781,517.9352474212646,851.4003753662109,529.0908765792847,816.0187530517578,539.2132759094238,986.4118194580078,527.8151321411133,909.46533203125,536.4849328994751,866.8534851074219,548.0579137802124,834.6755218505859,558.1064558029175,993.2096862792969,554.6332740783691,934.207763671875,559.2008399963379,901.4291381835938,567.0000600814819,875.1285552978516,572.6724815368652,99,1787813263.6177907
1089.3203735351562,596.861629486084,1024.6267700195312,593.4080171585083,973.8749694824219,573.810338973999,937.3656463623047,559.9964475631714,906.4894866943359,552.2806549072266,979.3057250976562,499.93346214294434,909.5616149902344,492.78878688812256,867.8540802001953,491.04462146759033,833.2466125488281,491.0801124572754,992.9721069335938,506.8066120147705,910.4342651367188,509.60065841674805,862.012939453125,518.817629814148,824.98046875,527.9870510101318,1003.8361358642578,527.0447587966919,922.4735260009766,530.6499910354614,875.3604125976562,541.0672616958618,840.4898071289062,550.0939464569092,1011.0983276367188,556.12144947052,947.1030426025391,557.2383642196655,910.1654052734375,563.346848487854,880.6581878662109,566.7236852645874,100,1787813263.6597526
299.9043273925781,364.41049575805664,364.46285247802734,345.0848579406738,413.43807220458984,288.60260009765625,451.5619659423828,245.11946439743042,475.06919860839844,208.92414808273315,398.3164596557617,224.00520086288452,422.1022033691406,178.55368852615356,432.6905059814453,156.00855231285095,439.0573501586914,136.42365217208862,362.9989242553711,211.67081594467163,385.05638122558594,162.49313592910767,398.23108673095703,134.47716236114502,409.05738830566406,114.2589282989502,324.8908233642578,209.10696744918823,343.1941223144531,160.9335708618164,356.9953155517578,137.7852487564087,371.3284683227539,117.18246102333069,284.2914390563965,216.30472898483276,292.48992919921875,179.87417221069336,299.4817924499512,160.7539701461792,310.67474365234375,142.7409303188324,101,1787813263.7686157
295.3907585144043,365.76228618621826,362.27088928222656,344.40349102020264,412.5969696044922,290.44047117233276,451.54598236083984,245.97998142242432,476.9001770019531,208.28222036361694,395.0038146972656,224.0412712097168,421.5464782714844,178.27765703201294,433.2624053955078,152.18512773513794,441.0772705078125,129.10736918449402,361.6741943359375,211.01346015930176,385.9797668457031,161.4226770401001,400.0377655029297,130.5297553539276,411.5337371826172,108.24239015579224,324.45789337158203,208.58760595321655,342.96131134033203,159.5301103591919,358.39282989501953,135.1129961013794,373.2680130004883,114.54516291618347,284.55209732055664,214.73415613174438,293.3305549621582,179.18039202690125,300.54176330566406,158.27027678489685,310.892333984375,138.59849452972412,102,1787813263.8126695
295.15628814697266,366.76148414611816,361.71043395996094,345.13330936431885,412.50953674316406,289.91366386413574,450.97591400146484,244.5849323272705,475.80833435058594,206.34648084640503,394.8076629638672,222.2186779975891,422.3354721069336,175.65727829933167,434.06307220458984,149.44139957427979,442.5462341308594,125.58212041854858,361.58435821533203,208.70532274246216,386.45191192626953,157.50476360321045,401.1048889160156,125.69214463233948,413.0019760131836,102.61773347854614,324.0965270996094,206.65725231170654,343.32263946533203,156.09948992729187,359.0618896484375,131.42860651016235,374.55516815185547,110.40980815887451,284.14621353149414,212.83631086349487,293.37610244750977,176.0202991962433,301.0884094238281,154.62151765823364,312.64095306396484,134.20937061309814,103,1787813263.8592715
295.4127883911133,366.7330741882324,362.0452117919922,344.2893362045288,413.32088470458984,288.40789318084717,452.7377700805664,242.22636938095093,478.5431671142578,204.33340787887573,395.2398681640625,220.63042402267456,423.5838317871094,172.20638036727905,435.3417205810547,145.26472806930542,443.4941864013672,120.10790348052979,362.12352752685547,207.0301866531372,388.33702087402344,154.85334634780884,403.6676025390625,122.20119595527649,415.5127716064453,98.41868162155151,324.5635986328125,204.57122325897217,344.3602752685547,153.9586043357849,360.1613235473633,128.52108120918274,375.16883850097656,107.02133059501648,284.6249008178711,210.06290674209595,294.0108871459961,173.37146759033203,301.6341209411621,151.85300588607788,312.65777587890625,131.37813806533813,104,1787813263.904021
298.6250686645508,366.9404411315918,365.3926086425781,343.76516819000244,415.88077545166016,288.0216121673584,455.58727264404297,241.58933401107788,483.0723571777344,204.99664306640625,397.55504608154297,218.66275548934937,425.8150100708008,170.0974988937378,438.24825286865234,142.99928069114685,446.8546676635742,118.01878452301025,364.422607421875,205.12633323669434,391.26712799072266,152.1792697906494,407.15476989746094,119.94237899780273,419.47967529296875,95.72530388832092,326.9976806640625,202.89754629135132,347.24632263183594,150.89998483657837,363.5515594482422,124.90265250205994,379.2013168334961,103.35308790206909,286.8899917602539,208.8421368598938,296.1355400085449,170.6184160709381,304.20278549194336,149.2860460281372,315.3206443786621,129.6400237083435,105,1787813263.9487324
302.53150939941406,367.80896186828613,371.3222122192383,344.2359495162964,421.70154571533203,289.65986251831055,460.9759521484375,242.77892589569092,487.73582458496094,207.21901416778564,403.2109832763672,221.34410619735718,430.2052307128906,172.09628105163574,442.6481246948242,143.69009971618652,451.8913269042969,117.93639779090881,369.6340560913086,206.84170246124268,395.11531829833984,152.59392857551575,410.74024200439453,119.29468989372253,423.5441589355469,93.24092388153076,332.06180572509766,203.67566585540771,350.9060287475586,151.7480993270874,367.0610046386719,124.51818466186523,382.80372619628906,102.45090007781982,291.5102005004883,208.54132175445557,299.70754623413086,170.1199221611023,307.8999328613281,147.71621346473694,319.0825843811035,127.48881697654724,106,1787813263.9950948
312.3068618774414,380.0653266906738,381.2948989868164,361.32848739624023,435.3730010986328,306.03453397750854,476.0999298095703,258.73628854751587,504.7463607788086,222.79093265533447,420.99403381347656,230.2032494544983,447.6791763305664,179.0114450454712,459.61822509765625,150.9449601173401,467.5864028930664,124.89335060119629,386.3346481323242,214.78127717971802,411.4396667480469,159.89131808280945,427.86441802978516,125.95696449279785,440.35350799560547,99.61230754852295,347.76981353759766,211.8834400177002,367.87330627441406,159.5737338066101,385.5934143066406,131.57891750335693,402.6466751098633,107.44000196456909,305.4119300842285,218.32305908203125,315.35526275634766,177.0330262184143,325.1103973388672,153.22470903396606,338.6603546142578,131.02645754814148,107,1787813264.0438132
312.2212219238281,382.16495990753174,383.15746307373047,362.03083992004395,437.327880859375,308.61956119537354,477.23854064941406,262.4237251281738,505.2305603027344,226.90617084503174,419.2833709716797,231.20309114456177,447.2845458984375,179.58821654319763,459.4210433959961,150.82289814949036,469.0934371948242,124.69144463539124,385.4280471801758,215.2634310722351,411.8522644042969,158.60512375831604,428.7501907348633,122.92168021202087,442.9643249511719,95.41160345077515,347.9325485229492,211.6631555557251,368.14998626708984,157.45973467826843,384.8736572265625,128.66318464279175,401.58878326416016,104.18750166893005,307.0446586608887,216.6812038421631,316.08875274658203,175.1720666885376,324.44820404052734,151.28979563713074,336.68155670166016,128.89886498451233,108,1787813264.0845146
314.5623970031738,383.8682270050049,384.07814025878906,364.1031789779663,438.603515625,308.99749517440796,477.7513122558594,262.199170589447,504.8219299316406,227.22655534744263,420.1536178588867,232.07077503204346,447.83538818359375,179.29903149604797,460.0632095336914,149.91793155670166,469.96089935302734,123.66377234458923,386.0342788696289,215.93619346618652,412.1785354614258,157.32669711112976,429.1242980957031,120.97899913787842,443.00559997558594,92.84847378730774,348.5111999511719,212.34943628311157,368.2039260864258,156.79807662963867,385.2595901489258,126.7839002609253,401.976318359375,101.44985675811768,307.7640914916992,217.0656394958496,316.56055450439453,174.3227505683899,325.2522277832031,149.4150710105896,337.94273376464844,125.819571018219,109,1787813264.1276278
317.0593070983887,385.89134216308594,387.3550796508789,365.7802677154541,441.32652282714844,312.7727150917053,478.60668182373047,265.35866260528564,503.818359375,229.67466115951538,420.1844787597656,235.1466464996338,446.9783020019531,181.80270195007324,459.53479766845703,151.40206217765808,469.7099304199219,124.41525220870972,385.93334197998047,219.0152406692505,411.91864013671875,159.0018117427826,428.3531188964844,121.80702924728394,441.90956115722656,91.75052762031555,348.741455078125,215.3176760673523,368.4932327270508,158.39428067207336,385.12020111083984,126.61113381385803,401.3980484008789,100.19769430160522,308.3901023864746,220.22169828414917,316.82321548461914,175.95033645629883,325.9587860107422,149.4722020626068,338.74114990234375,124.86308455467224,110,1787813264.155532
319.85700607299805,388.0674076080322,390.79097747802734,369.4844627380371,444.80541229248047,317.77769565582275,479.01878356933594,270.7921314239502,502.09484100341797,235.62845706939697,420.6930923461914,240.1343536376953,447.63607025146484,186.37653350830078,461.0356903076172,155.23073315620422,471.45503997802734,127.44149208068848,387.3728942871094,223.71719598770142,413.2804870605469,162.12068438529968,429.0134811401367,123.62656474113464,441.2617492675781,92.58831024169922,351.6107177734375,219.17954206466675,372.33592987060547,161.58928513526917,388.4186553955078,128.79255294799805,403.2865905761719,101.32055282592773,312.6144599914551,223.12865495681763,321.52820587158203,179.2093062400818,331.06468200683594,152.99799799919128,343.33377838134766,128.6786985397339,111,1787813264.1874173
323.01544189453125,390.6661033630371,392.73548126220703,369.9155902862549,445.1321029663086,318.773717880249,478.8597869873047,274.68661308288574,498.8694763183594,240.83563327789307,418.27098846435547,248.59511375427246,444.40673828125,194.78319883346558,459.49913024902344,162.81740427017212,471.4695739746094,134.94498252868652,386.6741943359375,233.12342405319214,411.8008804321289,170.0581133365631,427.1123504638672,128.79090070724487,439.12769317626953,95.37043690681458,353.5335922241211,228.67844581604004,375.95523834228516,171.5081262588501,391.4120864868164,137.24482655525208,405.5032730102539,109.16188359260559,316.8075180053711,232.0291256904602,328.4248352050781,186.64496898651123,339.93152618408203,158.5406756401062,353.71551513671875,132.89722323417664,112,1787813264.2425146
327.5398635864258,394.8548126220703,393.71654510498047,371.4557361602783,441.13929748535156,320.5886936187744,470.216064453125,279.16725397109985,487.9039001464844,245.6297492980957,416.17610931396484,256.4969229698181,438.88465881347656,202.7059292793274,453.61122131347656,169.61244821548462,467.21240997314453,141.06863737106323,387.46116638183594,241.5460968017578,409.70497131347656,179.54700708389282,425.76541900634766,138.12452673912048,441.79256439208984,102.45307803153992,356.99047088623047,237.9611849784851,378.0063247680664,178.17105531692505,394.58763122558594,140.48827171325684,411.04652404785156,108.14680695533752,323.20518493652344,243.179669380188,339.0185546875,196.57909870147705,353.243408203125,166.29956603050232,369.2024612426758,137.54144668579102,113,1787813264.283877
331.3798522949219,400.5296802520752,395.1662063598633,373.6683654785156,436.16695404052734,322.9831337928772,459.72076416015625,284.47500228881836,474.5287322998047,252.28317260742188,409.2524719238281,261.60326957702637,431.2051773071289,208.8173532485962,447.92335510253906,176.91526651382446,463.06713104248047,149.39620971679688,384.2159652709961,249.8363757133484,408.2633972167969,191.4751124382019,426.0082244873047,154.51796293258667,444.61402893066406,121.82311177253723,356.89197540283203,247.7839708328247,381.05403900146484,190.41905164718628,400.12046813964844,154.62580919265747,419.65038299560547,123.17394733428955,324.85084533691406,253.399658203125,343.0182647705078,207.56821632385254,359.73072052001953,178.4420871734619,378.8295364379883,151.3673758506775,114,1787813264.3265624
327.92606353759766,406.08378410339355,388.3229446411133,376.97906970977783,424.6021270751953,324.1751718521118,446.0678482055664,286.70263051986694,460.65921783447266,258.5683608055115,407.03819274902344,263.66320610046387,426.7095184326172,217.76949405670166,446.0057830810547,194.61668729782104,464.13135528564453,178.42772126197815,383.3161926269531,255.92252254486084,406.11785888671875,205.47407627105713,425.5116653442383,184.03069496154785,448.3457946777344,169.6130383014679,356.7070007324219,255.64192056655884,377.62168884277344,207.1271538734436,396.2540054321289,186.38106107711792,418.58089447021484,175.144225358963,325.21778106689453,260.600745677948,344.1780471801758,222.05268144607544,364.1063690185547,200.90088844299316,388.02276611328125,187.52370357513428,115,1787813264.351168
320.77659606933594,410.0039291381836,380.05130767822266,383.85509490966797,415.2397155761719,329.4155430793762,436.20479583740234,292.1687364578247,453.86756896972656,266.2849259376526,408.02337646484375,276.12605810165405,432.40413665771484,233.04203510284424,457.13085174560547,219.2272424697876,478.2526397705078,214.11012411117554,385.15724182128906,267.3192286491394,412.1019744873047,219.45126056671143,439.8339080810547,210.7907509803772,466.5061950683594,212.7836537361145,359.3482208251953,265.2432417869568,383.7139892578125,217.64216423034668,411.57752990722656,211.5290880203247,438.53858947753906,217.90750980377197,330.418701171875,269.03672218322754,355.9203338623047,234.38519954681396,381.38851165771484,222.8927707672119,407.43080139160156,221.74414157867432,116,1787813264.3981395
315.7358169555664,411.14891052246094,375.02025604248047,386.86745166778564,410.96607208251953,332.07459926605225,433.07498931884766,292.7490162849426,449.1781997680664,264.50260877609253,407.0682907104492,286.13271474838257,434.48692321777344,243.30989599227905,463.3506774902344,238.93444061279297,485.74424743652344,245.55074214935303,386.2979507446289,276.3244128227234,416.12937927246094,226.21817350387573,447.92083740234375,225.75797080993652,473.9128112792969,238.87772798538208,362.1328353881836,273.3241581916809,389.8065948486328,222.02646017074585,422.6502227783203,224.0976619720459,449.1269302368164,241.4412760734558,335.24688720703125,276.2414789199829,367.7881622314453,240.68508625030518,398.0950164794922,235.04772663116455,424.61116790771484,242.2822666168213,117,1787813264.4499629
311.1513900756836,414.5718812942505,367.75360107421875,388.6862897872925,402.59490966796875,339.2507743835449,422.52037048339844,303.09792280197144,435.53401947021484,273.4085512161255,401.03450775146484,297.55971908569336,432.14000701904297,250.5030655860901,463.4586715698242,265.5992031097412,480.5791473388672,290.03384828567505,383.7485122680664,289.7101593017578,419.76924896240234,237.4843955039978,454.6257781982422,251.84346199035645,472.6285934448242,276.919949054718,362.5631332397461,285.46613216400146,395.2589797973633,230.9827423095703,431.6672897338867,242.71034717559814,452.0453643798828,267.88732051849365,338.98193359375,285.682897567749,372.27378845214844,247.44554042816162,403.9700698852539,247.3630142211914,425.75164794921875,261.0888433456421,118,1787813264.4750102
294.41070556640625,419.3888282775879,355.9035110473633,391.6438865661621,388.1937789916992,345.3071165084839,408.6404037475586,313.8717985153198,423.5593795776367,287.79589891433716,387.8240203857422,305.19407987594604,422.46089935302734,267.0865845680237,452.4694061279297,284.9965524673462,470.45833587646484,307.1042847633362,375.3571319580078,297.87694931030273,417.2816467285156,252.86130666732788,451.95178985595703,273.79481077194214,470.5022430419922,301.88595056533813,358.18065643310547,293.20215940475464,399.3346405029297,246.6324234008789,436.5042495727539,267.16492652893066,457.3520278930664,294.7967863082886,338.1803894042969,293.8704800605774,379.78015899658203,263.85814905166626,413.2369613647461,272.97602891921997,436.4982223510742,290.2863836288452,119,1787813264.52831
276.05106353759766,430.05672454833984,343.34545135498047,398.20873260498047,370.4674530029297,357.7936792373657,386.85924530029297,330.72866678237915,397.2078323364258,306.1876344680786,362.30037689208984,317.45156049728394,407.9570770263672,285.34974575042725,430.11322021484375,312.23824739456177,433.1144714355469,341.3028359413147,350.78609466552734,311.0529899597168,407.044677734375,280.55917024612427,431.9384765625,314.77046728134155,433.8795852661133,347.47573614120483,338.70487213134766,306.97519540786743,396.4286422729492,276.7205214500427,423.5050582885742,310.3610873222351,426.2639617919922,343.89981508255005,325.9556579589844,306.86614751815796,375.6056213378906,281.4467668533325,402.8523254394531,299.9713468551636,414.0041732788086,325.06229639053345,120,1787813264.5709772
278.1142044067383,428.512544631958,343.83811950683594,397.43269443511963,369.04624938964844,356.4174270629883,384.6707534790039,329.50594425201416,393.0101776123047,305.4149007797241,358.21258544921875,316.9720244407654,403.8710403442383,286.26734018325806,428.47991943359375,311.94000720977783,435.68450927734375,340.97150802612305,347.7584457397461,310.6322693824768,404.9781799316406,282.1448278427124,431.5911102294922,316.0159134864807,435.4148864746094,350.0782513618469,336.8617630004883,307.4429941177368,395.16563415527344,278.2187819480896,423.20858001708984,313.7202215194702,426.4289093017578,348.9429473876953,325.45440673828125,308.2605314254761,377.2618865966797,282.9479455947876,404.58560943603516,303.4606862068176,414.79095458984375,330.226686000824,121,1787813264.618145
279.9612236022949,428.11429023742676,346.6366195678711,397.45616912841797,371.99134826660156,357.94920444488525,389.72747802734375,333.19241523742676,399.58045959472656,311.0836958885193,355.68511962890625,316.4849352836609,402.4019241333008,287.7128577232361,426.6650390625,313.7998294830322,434.0311050415039,343.34320306777954,345.02124786376953,310.2386283874512,404.5623016357422,282.90194034576416,430.7572555541992,318.24474334716797,434.54627990722656,353.7523412704468,335.3042984008789,307.7497959136963,395.3670883178711,279.352970123291,423.6817932128906,316.11661434173584,427.2457504272461,351.9990563392639,326.2074279785156,309.51664209365845,379.6003723144531,285.39381980895996,407.03670501708984,307.22586393356323,417.5736618041992,334.57119941711426,122,1787813264.6582859
280.87276458740234,429.95020866394043,346.1716842651367,398.9655017852783,371.19251251220703,359.45162773132324,389.1362762451172,334.6390914916992,401.4973831176758,312.004337310791,354.65877532958984,318.7661647796631,402.54100799560547,290.0001811981201,427.23411560058594,315.21193742752075,434.1107940673828,344.5091700553894,344.87693786621094,312.2863554954529,406.7219543457031,286.2501096725464,432.79727935791016,320.479838848114,435.7301330566406,355.3069496154785,335.906982421875,310.04935026168823,399.16385650634766,284.1990566253662,425.6019973754883,320.7655692100525,427.3737335205078,355.660936832428,327.4462127685547,312.1761703491211,382.20508575439453,289.4936728477478,408.1812286376953,312.06534147262573,417.25433349609375,339.51412439346313,123,1787813264.7090483
277.2837257385254,432.625036239624,343.7131118774414,401.448712348938,370.1736068725586,362.52453804016113,389.91832733154297,338.6560320854187,404.4514465332031,317.3293161392212,345.2602767944336,315.0921392440796,400.00946044921875,291.5428590774536,426.5977478027344,317.7225923538208,433.9888000488281,347.4082088470459,335.60253143310547,309.1551661491394,405.5801773071289,287.8719449043274,433.41800689697266,323.5538864135742,436.2876892089844,359.21881198883057,328.9164733886719,310.04108905792236,399.5195770263672,288.50855112075806,426.7841339111328,325.8757996559143,427.95162200927734,360.1339817047119,324.65736389160156,316.45639657974243,382.2859191894531,295.2674174308777,408.9515686035156,318.05559396743774,418.06407928466797,344.85015392303467,124,1787813264.757018
274.9920654296875,437.26161003112793,342.0918273925781,405.40340423583984,369.755859375,366.23817443847656,390.2716064453125,341.0191011428833,406.5696716308594,319.8975419998169,337.99251556396484,312.84637928009033,395.80528259277344,295.02893686294556,423.18939208984375,322.1166515350342,431.5700149536133,351.4975047111511,328.4923553466797,307.39269733428955,402.70362854003906,290.06873846054077,431.2459945678711,325.3905773162842,435.37025451660156,360.5590581893921,323.7498092651367,311.01784229278564,398.1333923339844,293.45259189605713,425.4972839355469,329.7746801376343,427.98301696777344,363.1254816055298,322.82115936279297,321.24778747558594,380.85838317871094,302.90780782699585,406.91715240478516,324.1487789154053,416.9307327270508,348.9481830596924,125,1787813264.7903032
272.8336715698242,437.3279571533203,339.9061965942383,407.16503620147705,366.29100799560547,369.0647077560425,384.64900970458984,342.891948223114,399.82364654541016,323.83944511413574,324.55078125,309.08255338668823,390.5191421508789,298.8192415237427,417.4745178222656,327.49317169189453,426.0869598388672,357.3521018028259,317.1870231628418,306.42377614974976,398.5161590576172,294.2746353149414,425.51021575927734,330.3655815124512,430.1558303833008,365.1718997955322,317.37443923950195,314.0092992782593,396.42120361328125,300.28419971466064,423.5115432739258,335.28876543045044,426.79466247558594,367.3805809020996,322.84423828125,328.74258756637573,383.1355667114258,314.1585373878479,408.77952575683594,334.1018557548523,418.5636901855469,356.98326587677,126,1787813264.8392584
265.9494209289551,438.51151943206787,329.8657989501953,411.3561487197876,357.09686279296875,376.93503856658936,375.98854064941406,354.6692490577698,390.68687438964844,338.544237613678,315.41833877563477,311.5833806991577,385.5244445800781,303.02340030670166,411.5140914916992,332.2196960449219,420.02105712890625,361.79922580718994,311.3117980957031,312.4700117111206,394.78118896484375,300.66805601119995,419.18827056884766,337.04222202301025,422.7085876464844,369.61925983428955,315.6629753112793,322.65583992004395,396.86561584472656,308.18997859954834,420.05882263183594,342.353618144989,421.7422866821289,373.5998725891113,326.0173034667969,339.43252086639404,387.2981262207031,324.48909759521484,409.97901916503906,343.8531446456909,417.7874755859375,365.91673851013184,127,1787813264.891077
246.23912811279297,461.91909313201904,273.1218719482422,417.16014862060547,302.04750061035156,388.35833072662354,329.8095703125,379.8592472076416,352.6891326904297,384.4787836074829,307.442569732666,353.73268604278564,362.88970947265625,351.0860323905945,379.4117736816406,375.78773975372314,380.4148864746094,396.57893657684326,317.4191665649414,361.94136142730713,378.73958587646484,359.871768951416,392.01080322265625,384.9610233306885,389.459228515625,405.60609340667725,328.1378936767578,378.11864376068115,386.32110595703125,375.0426435470581,398.20323944091797,397.6274871826172,395.1430130004883,416.6106176376343,337.70355224609375,398.7468910217285,381.9973373413086,394.68061923980713,395.07312774658203,409.1044235229492,396.72977447509766,423.81322860717773,128,1787813264.932409
247.17891693115234,469.81199741363525,280.25705337524414,442.22567081451416,314.2140197753906,420.5614900588989,341.0151672363281,411.5084981918335,360.2161407470703,410.2923631668091,319.5749092102051,378.19653511047363,369.8644256591797,383.94118309020996,392.6103210449219,403.03662300109863,403.92955780029297,421.0390520095825,325.7661437988281,382.6102066040039,381.0424041748047,388.4926128387451,402.00016021728516,407.97712326049805,410.55309295654297,427.3208284378052,332.06329345703125,395.84461212158203,385.6593322753906,398.7960720062256,405.6080627441406,416.4553499221802,413.3396911621094,434.02931213378906,339.4432830810547,414.74483013153076,379.2567443847656,416.46942615509033,395.55965423583984,427.11710929870605,403.6958312988281,439.11293506622314,129,1787813264.9708436
252.29042053222656,477.92248249053955,303.2931137084961,480.8427429199219,338.57696533203125,469.05664443969727,363.2099914550781,464.53731536865234,382.3351287841797,461.34565830230713,335.1857376098633,402.6470375061035,382.10819244384766,413.9946699142456,407.77801513671875,431.03463649749756,423.93463134765625,446.62535190582275,334.41333770751953,404.30893421173096,388.44234466552734,415.30805110931396,412.6758575439453,432.1532678604126,428.98475646972656,447.73037910461426,335.7177734375,415.7120132446289,389.77134704589844,425.32444953918457,413.50440979003906,441.85415267944336,427.1543884277344,457.84801483154297,340.2286148071289,434.35036182403564,382.71949768066406,440.90795516967773,402.5419616699219,451.2330436706543,415.16788482666016,462.2489404678345,130,1787813265.0123658
261.30334854125977,489.0764379501343,309.1777038574219,500.89038848876953,346.8868637084961,493.2925271987915,373.0100631713867,495.4345178604126,395.61702728271484,501.8809175491333,349.3968200683594,426.15795135498047,391.68407440185547,442.7704381942749,417.86033630371094,457.4796724319458,435.2198791503906,471.86811447143555,347.2029113769531,424.455885887146,399.78538513183594,441.3311004638672,424.63111877441406,458.1213426589966,441.6929244995117,473.1226587295532,346.0304641723633,434.5270013809204,400.61912536621094,446.00462436676025,427.1419906616211,460.94075202941895,444.0928649902344,474.3215847015381,346.86817169189453,454.12867069244385,389.75868225097656,465.9598731994629,412.31929779052734,476.8215322494507,427.9911422729492,486.94247245788574,131,1787813265.0554478
264.8158264160156,500.7046937942505,318.6713409423828,516.5526008605957,359.5856475830078,511.6661739349365,385.1939010620117,510.8649444580078,406.96521759033203,506.90943717956543,362.4147415161133,445.71563243865967,399.8143005371094,466.1543655395508,423.6454772949219,481.4702081680298,440.0240707397461,494.606294631958,359.2988967895508,443.6245822906494,404.32857513427734,464.6837854385376,427.52758026123047,479.0512418746948,445.1194763183594,493.00280570983887,356.9552230834961,451.8836832046509,403.5959243774414,472.4869108200073,428.8782501220703,484.06079292297363,446.7582321166992,494.66946601867676,354.7467041015625,469.923620223999,392.0317077636719,489.2154836654663,414.1230010986328,500.07572650909424,430.46653747558594,510.3695297241211,132,1787813265.100135
271.49173736572266,506.5176200866699,324.50462341308594,523.0197286605835,363.34476470947266,518.8412761688232,388.71227264404297,517.2976541519165,408.9984893798828,515.6806468963623,371.86546325683594,458.62847328186035,405.1047134399414,481.19765281677246,425.79715728759766,496.6815948486328,441.6539764404297,507.8974771499634,368.40118408203125,457.4740505218506,407.5151824951172,483.9819145202637,427.8309631347656,499.1078996658325,445.5288314819336,511.05879306793213,363.8119125366211,465.9294891357422,402.9978942871094,490.76528549194336,426.34742736816406,502.33097076416016,445.12306213378906,510.91386795043945,357.7814483642578,482.9939603805542,390.15907287597656,503.3297824859619,410.48057556152344,513.8571739196777,427.35721588134766,522.5021696090698,133,1787813265.1354105
272.90334701538086,502.94599056243896,324.3405532836914,522.9993438720703,363.85292053222656,519.2024946212769,389.2277526855469,518.6017656326294,409.66285705566406,518.5142183303833,373.3108139038086,457.79252529144287,407.8296661376953,486.0743808746338,429.3941879272461,501.75341606140137,445.5015563964844,513.7739610671997,368.2595443725586,457.1529150009155,410.1682662963867,488.4812021255493,430.5691909790039,503.4899425506592,448.487548828125,515.6713771820068,361.8536376953125,466.192045211792,404.8534393310547,495.6140327453613,427.39044189453125,508.12222480773926,446.59393310546875,516.6834926605225,353.94222259521484,485.1202440261841,387.9669189453125,507.3536968231201,408.6510467529297,518.0517196655273,426.69124603271484,525.7976388931274,134,1787813265.1722674
269.86175537109375,502.8024387359619,320.37742614746094,520.9889316558838,359.72728729248047,517.152943611145,385.8665084838867,518.1648874282837,406.0110092163086,518.2946634292603,370.38455963134766,457.40628719329834,406.0292053222656,487.0285177230835,427.1220016479492,503.2152843475342,442.7689743041992,515.1377248764038,365.9144973754883,457.12514877319336,409.02854919433594,490.97535610198975,429.2500305175781,506.476035118103,446.6310501098633,518.8021373748779,359.6472930908203,466.39705181121826,403.22784423828125,499.3229055404663,425.11966705322266,512.7762651443481,443.96949768066406,521.2761640548706,350.7502746582031,485.1920413970947,385.2886962890625,509.0849447250366,405.8113098144531,520.7324266433716,423.8404083251953,528.7449359893799,135,1787813265.2217257
267.73305892944336,503.94887924194336,317.0629119873047,521.1145877838135,356.6807174682617,519.4629049301147,383.7942123413086,522.2970342636108,404.3946838378906,522.9103803634644,368.29917907714844,460.3695058822632,404.56981658935547,488.7115716934204,427.44903564453125,505.0924015045166,444.0840148925781,516.7415142059326,363.6493682861328,461.11473083496094,406.0685729980469,493.61366271972656,427.960205078125,509.80111598968506,446.5534973144531,522.1181631088257,357.0669174194336,470.84672927856445,399.4045639038086,503.247127532959,421.51100158691406,517.749810218811,439.79881286621094,527.5160980224609,348.0421829223633,489.47967052459717,381.8179702758789,513.1976509094238,401.67999267578125,524.581503868103,418.14849853515625,532.5817823410034,136,1787813265.2654483
266.7983818054199,504.65612411499023,314.6370506286621,521.9634532928467,354.13150787353516,519.2560529708862,380.79689025878906,521.1481475830078,400.9619903564453,521.2649202346802,365.0243377685547,463.06527614593506,402.21858978271484,491.3362741470337,425.19142150878906,507.17607021331787,441.6123962402344,517.4296617507935,360.60829162597656,464.0114736557007,404.4108581542969,496.1939477920532,426.5230178833008,512.1947622299194,444.7159957885742,523.4456634521484,354.8808288574219,474.20236587524414,398.6738967895508,506.0310459136963,421.51451110839844,519.9167776107788,440.07923126220703,528.4606218338013,347.4494171142578,492.68909454345703,382.57545471191406,515.77712059021,403.42716217041016,526.936354637146,420.8554458618164,534.7523975372314,137,1787813265.3109837
265.2340316772461,505.8172416687012,311.7361259460449,522.0291996002197,350.6893539428711,520.2078723907471,376.7257308959961,521.521167755127,397.078857421875,521.0930442810059,362.74585723876953,466.75543785095215,400.45345306396484,492.66995429992676,424.5348358154297,506.28536224365234,442.25135803222656,514.5268249511719,358.90411376953125,467.4716091156006,402.9706573486328,497.287859916687,426.16966247558594,511.42717838287354,445.3098678588867,520.665693283081,353.7316131591797,477.28999614715576,397.38739013671875,507.109637260437,421.2479782104492,519.589033126831,440.49915313720703,526.604061126709,346.67724609375,495.1926040649414,381.005859375,517.2443103790283,401.6246032714844,527.6598644256592,418.4662628173828,534.7284078598022,138,1787813265.352695
265.40882110595703,506.9330835342407,309.7489547729492,520.245852470398,348.83583068847656,519.3887901306152,375.3574752807617,521.7364740371704,394.94937896728516,521.9704914093018,360.59581756591797,471.2012529373169,399.62352752685547,494.47012424468994,424.2275619506836,506.39732837677,442.3067092895508,513.2881593704224,357.6316452026367,472.65204906463623,401.81102752685547,499.341402053833,425.0370788574219,512.5503587722778,443.876953125,520.3541707992554,352.9930114746094,482.9732322692871,396.8976593017578,508.95808696746826,420.6204605102539,520.8319473266602,439.1663360595703,527.5246810913086,347.0081329345703,500.6003665924072,381.2514114379883,519.4241094589233,402.23148345947266,529.0646553039551,419.14024353027344,535.8530902862549,139,1787813265.382271
260.3921318054199,511.05711936950684,303.84172439575195,524.0832996368408,343.2207489013672,523.2359790802002,370.8999252319336,526.6257762908936,391.6640090942383,528.2657861709595,354.33223724365234,474.0182161331177,395.30269622802734,494.4826126098633,422.23106384277344,505.1910209655762,442.9806137084961,511.30602836608887,353.4334945678711,474.9543285369873,400.43834686279297,499.3243217468262,426.5402603149414,510.7579565048218,447.3704528808594,517.6032543182373,350.2944564819336,485.35426139831543,396.87694549560547,510.14692783355713,422.9955291748047,520.01784324646,443.1081008911133,524.8905801773071,345.40904998779297,503.8028812408447,382.41180419921875,522.0266246795654,405.08567810058594,530.3321599960327,423.438720703125,535.8677244186401,140,1787813265.4179254
255.64414978027344,517.6850509643555,299.8097038269043,521.9727659225464,340.1544189453125,518.967661857605,369.0489196777344,521.5209531784058,390.74337005615234,522.1988868713379,346.3478469848633,470.6897449493408,389.9706268310547,489.102144241333,417.99034118652344,498.9118194580078,439.4818878173828,504.68934059143066,346.3829803466797,473.0756664276123,395.94417572021484,493.9268159866333,422.69420623779297,503.8471269607544,444.2072296142578,510.4084539413452,344.8390197753906,484.9483251571655,394.02679443359375,506.6593265533447,420.5514907836914,515.2956533432007,440.5696105957031,519.7733116149902,342.17899322509766,504.095778465271,381.19190216064453,520.3391933441162,404.9483108520508,527.6312828063965,424.1231155395508,532.2952365875244,141,1787813265.449001
252.08789825439453,525.1078605651855,283.4880828857422,505.17158031463623,323.17638397216797,494.85400199890137,353.3169937133789,496.6303539276123,375.45047760009766,502.19844818115234,330.83850860595703,463.2647895812988,379.14493560791016,476.37341022491455,408.55812072753906,482.78895378112793,430.2843475341797,486.4747381210327,334.483642578125,470.30985832214355,387.17166900634766,482.3404884338379,415.5586624145508,487.4292182922363,438.3507537841797,489.5796203613281,337.4644088745117,485.1632022857666,390.07301330566406,496.76648139953613,418.5118865966797,500.0980854034424,439.86839294433594,500.29725551605225,340.29388427734375,505.7547998428345,382.90828704833984,514.0190076828003,407.74757385253906,518.0781126022339,427.6250457763672,520.2573108673096,142,1787813265.496634
231.6951560974121,561.1631870269775,250.37315368652344,539.1298913955688,279.1541862487793,521.81960105896,308.4526062011719,519.5835828781128,330.1373291015625,522.2660064697266,278.23450088500977,475.166072845459,328.02528381347656,479.3955945968628,354.9555969238281,487.3206853866577,372.8199005126953,492.24002838134766,284.8091125488281,480.1261854171753,337.83031463623047,478.65251541137695,365.5137252807617,482.77050018310547,385.85826873779297,485.00789165496826,293.1125259399414,494.93682861328125,346.8022918701172,492.4056386947632,373.32820892333984,493.3400774002075,392.0619201660156,492.7572011947632,303.4174919128418,518.1002140045166,346.1048126220703,518.6792278289795,368.8069534301758,518.3754730224609,386.68285369873047,516.6550827026367,143,1787813265.5399458
216.94091796875,581.1201095581055,234.67819213867188,545.4453992843628,268.45285415649414,522.3861694335938,298.9446830749512,518.2247114181519,320.3602600097656,524.1523933410645,274.9997138977051,491.8310880661011,323.29933166503906,502.18308448791504,352.77828216552734,510.66015243530273,372.07515716552734,518.9163780212402,284.79509353637695,501.1764192581177,335.3708267211914,506.2009048461914,362.89798736572266,513.4735107421875,383.44676971435547,518.5412979125977,293.4382438659668,517.734317779541,344.49886322021484,519.2361402511597,371.1888885498047,522.9931211471558,391.71363830566406,524.5671272277832,302.5961112976074,542.446174621582,343.5203170776367,543.524980545044,365.7341003417969,546.0335111618042,383.27526092529297,547.0749378204346,144,1787813265.5733256
214.18317794799805,597.6805400848389,237.71617889404297,559.7490406036377,275.34875869750977,539.6495532989502,305.1565933227539,538.8513278961182,325.3360366821289,545.8040428161621,288.08637619018555,510.4816675186157,334.4679260253906,528.0246877670288,366.51397705078125,534.2102479934692,388.73180389404297,539.5071601867676,297.6881790161133,521.7775440216064,347.5673294067383,534.0087604522705,376.13025665283203,540.2947854995728,397.4730682373047,543.8668012619019,304.7198486328125,540.0290107727051,355.1448059082031,548.8682842254639,381.4638137817383,552.2019481658936,401.4662170410156,551.9207668304443,309.9790954589844,565.2614736557007,349.62581634521484,570.7933473587036,371.35093688964844,574.2045164108276,388.7788772583008,575.236029624939,145,1787813265.5990722
211.99237823486328,610.3731393814087,230.5340576171875,571.2772607803345,267.71839141845703,551.3561296463013,298.8658142089844,548.9441585540771,320.3956604003906,555.8905649185181,285.5261039733887,518.362340927124,330.79750061035156,536.3879871368408,355.3885269165039,548.4260416030884,369.4370651245117,556.5968656539917,299.14791107177734,529.4024848937988,350.2586364746094,539.3351984024048,377.35816955566406,541.3877105712891,395.28350830078125,540.4487657546997,307.41769790649414,549.0972375869751,361.18350982666016,553.8650894165039,388.41758728027344,552.9298782348633,407.00313568115234,547.8922605514526,312.1274185180664,577.0217800140381,354.84790802001953,580.8827877044678,376.06700897216797,581.1946105957031,391.3282775878906,577.7642154693604,146,1787813265.6517644
207.76206970214844,618.6783313751221,228.04122924804688,579.4981241226196,267.734375,556.81809425354,300.1464080810547,551.742753982544,323.28678131103516,556.6613674163818,282.70668029785156,521.8545770645142,330.53192138671875,539.0555620193481,358.50894927978516,548.2972526550293,376.69960021972656,554.3614053726196,294.8539352416992,532.4854803085327,348.42559814453125,543.621711730957,376.3921356201172,545.9759187698364,395.8013916015625,545.4221820831299,303.06957244873047,551.4744472503662,358.2173538208008,556.669135093689,386.29783630371094,555.4966020584106,406.45477294921875,551.0675239562988,308.4645652770996,577.220950126648,352.50946044921875,576.3489532470703,376.48826599121094,575.4193210601807,395.526123046875,573.0089807510376,147,1787813265.689531
202.50186920166016,620.2628517150879,223.04040908813477,578.2519912719727,263.654842376709,555.7310056686401,296.13325119018555,550.0284576416016,320.3144073486328,555.8502244949341,280.218505859375,522.9870700836182,329.4901657104492,539.0680503845215,357.40821838378906,547.7728271484375,375.5310821533203,553.4559774398804,293.8820457458496,534.4467544555664,347.75753021240234,545.0448703765869,376.00780487060547,547.1751880645752,395.1297378540039,546.9407415390015,302.6902389526367,553.5839509963989,358.4085464477539,557.7613306045532,386.35963439941406,556.2717819213867,406.04949951171875,551.3608932495117,308.6712074279785,579.485936164856,353.51295471191406,575.3904819488525,378.3086395263672,573.1212043762207,398.05702209472656,569.1327810287476,148,1787813265.7347934
201.90902709960938,626.5581035614014,221.50405883789062,581.782078742981,261.7000198364258,557.7739477157593,294.573917388916,551.4674091339111,318.19665908813477,557.8121423721313,277.0880889892578,522.7367877960205,328.45775604248047,538.8748025894165,358.6225128173828,548.7511682510376,377.822265625,555.930004119873,292.24653244018555,534.0310335159302,347.43213653564453,544.9228620529175,377.46726989746094,547.9247045516968,398.08753967285156,548.9009857177734,301.99047088623047,553.6278104782104,357.8922653198242,557.5338792800903,386.9012451171875,556.439151763916,407.62462615966797,552.5244998931885,308.7803649902344,580.1134872436523,353.99742126464844,575.6585311889648,379.1697311401367,573.6689758300781,399.20299530029297,570.1906871795654,149,1787813265.7850773
197.69699096679688,638.108811378479,214.38289642333984,588.2738399505615,252.7432632446289,559.4262313842773,285.24730682373047,550.471601486206,308.2588768005371,555.2564907073975,269.1784477233887,523.1715631484985,319.4551658630371,535.2421045303345,347.8185272216797,543.2158184051514,366.13807678222656,549.7914361953735,286.0272026062012,534.9996757507324,338.0622863769531,541.9741058349609,364.83184814453125,546.3707399368286,383.9249038696289,549.023551940918,297.04660415649414,555.4965591430664,349.4247055053711,555.9812021255493,374.7299575805664,557.112922668457,391.9217300415039,555.443902015686,304.879093170166,583.2563066482544,347.62828826904297,574.5154809951782,369.6846389770508,572.7887392044067,386.49139404296875,569.7258710861206,150,1787813265.832412
193.1558609008789,646.1786556243896,209.3016815185547,588.2606220245361,245.52227020263672,554.8536443710327,280.6477928161621,544.8533391952515,307.1356010437012,548.691258430481,257.231388092041,523.6819982528687,315.14657974243164,522.6393699645996,344.84851837158203,523.279709815979,364.3716049194336,523.0256509780884,275.28886795043945,541.04820728302,331.46156311035156,538.3554410934448,361.11026763916016,538.9637660980225,381.48223876953125,538.422474861145,288.43143463134766,566.271185874939,341.6545104980469,557.2054481506348,369.72545623779297,555.0977039337158,388.8438415527344,551.0788106918335,297.8458023071289,597.3710775375366,340.3175354003906,580.1947689056396,364.2144775390625,573.3585691452026,383.03550720214844,566.267237663269,151,1787813265.8757007
184.90772247314453,662.2667598724365,199.29521560668945,607.2393321990967,236.30794525146484,566.4090728759766,278.60029220581055,550.5344295501709,312.3273468017578,548.1842136383057,242.29652404785156,539.2152500152588,307.95021057128906,519.6029376983643,343.00926208496094,511.52103424072266,367.74280548095703,506.26991271972656,254.27095413208008,563.5649871826172,324.3339538574219,539.4977617263794,363.6900329589844,528.506498336792,392.5656509399414,519.5724248886108,266.5962219238281,593.879828453064,332.70896911621094,570.467963218689,369.8472595214844,560.3551769256592,395.1183319091797,551.3250160217285,277.0855140686035,627.4116039276123,326.6302490234375,600.5275440216064,354.2402648925781,584.9243402481079,374.87606048583984,571.9290161132812,152,1787813265.9204292
