P0_x,P0_y,P1_x,P1_y,P2_x,P2_y,P3_x,P3_y,P4_x,P4_y,P5_x,P5_y,P6_x,P6_y,P7_x,P7_y,P8_x,P8_y,P9_x,P9_y,P10_x,P10_y,P11_x,P11_y,P12_x,P12_y,P13_x,P13_y,P14_x,P14_y,P15_x,P15_y,P16_x,P16_y,P17_x,P17_y,P18_x,P18_y,P19_x,P19_y,P20_x,P20_y,frame_number,timestamp
812.6416778564453,380.61713218688965,806.3325500488281,349.6892237663269,794.5375823974609,313.55304479599,785.4527282714844,287.85207509994507,776.3102722167969,268.4354567527771,795.5564880371094,295.99515438079834,781.4579010009766,258.2362174987793,769.3769073486328,229.82250452041626,759.1118621826172,206.9546127319336,791.8987274169922,296.419780254364,775.8500671386719,255.26797771453857,763.9869689941406,225.35261392593384,754.5272064208984,199.9170970916748,784.8788452148438,300.88374853134155,769.3143463134766,261.68184757232666,757.6132965087891,234.80782985687256,748.4912109375,212.43829250335693,774.4867706298828,309.8128008842468,761.5936279296875,280.0464606285095,753.1124114990234,258.857159614563,746.5192413330078,240.5058717727661,1,1787749304.1481793
813.2162475585938,385.25383472442627,806.2522888183594,352.6224660873413,794.5257568359375,317.90345907211304,784.6970367431641,294.1510820388794,777.2184753417969,276.8464779853821,798.9269256591797,297.2384548187256,782.3459625244141,256.80747985839844,770.2056884765625,226.80278778076172,759.9567413330078,202.49399185180664,796.8273162841797,296.66411876678467,778.4254455566406,250.90468883514404,766.1813354492188,219.24908638000488,755.8279418945312,192.06212997436523,789.3179321289062,300.52130699157715,772.4710083007812,256.5030813217163,760.6449890136719,226.68026447296143,751.5061187744141,201.98222637176514,776.1410522460938,308.4980893135071,763.1509399414062,275.06798028945923,756.0150909423828,252.53167390823364,750.8770751953125,233.00328254699707,2,1787749304.2180552
817.2479248046875,390.0671339035034,807.8069305419922,353.3947491645813,795.880126953125,316.04936599731445,787.4211883544922,289.9985933303833,780.0835418701172,271.09732389450073,798.9414215087891,296.9443130493164,783.5946655273438,259.05645847320557,773.4126281738281,232.01676607131958,765.2345275878906,209.51987743377686,797.6222991943359,298.8533592224121,780.1138305664062,255.17532348632812,769.7779846191406,225.69670915603638,761.7536163330078,199.29920196533203,791.5895080566406,304.88985300064087,774.8627471923828,262.92304515838623,764.9981689453125,235.49057006835938,758.5281372070312,211.76355600357056,781.0703277587891,315.2720618247986,768.7183380126953,285.52393913269043,761.8173980712891,264.7723960876465,756.6499328613281,246.0620355606079,3,1787749304.2808225
816.9148254394531,388.86125564575195,812.4602508544922,350.038640499115,803.9555358886719,312.83150911331177,797.1994018554688,288.34577322006226,791.5535736083984,269.13225173950195,806.2535858154297,296.87116384506226,793.7638092041016,256.17823362350464,785.7855987548828,227.37098693847656,779.8274993896484,203.9734983444214,803.8990020751953,296.1244583129883,788.5568237304688,250.19471883773804,780.7636260986328,219.66695308685303,775.3247833251953,194.33820962905884,796.2985229492188,299.505672454834,781.3168334960938,254.65353727340698,772.9885864257812,225.62828063964844,767.5743865966797,202.433180809021,783.8127136230469,306.0888648033142,772.0668029785156,273.18273067474365,765.8306884765625,251.0862636566162,761.31103515625,232.54702806472778,4,1787749304.3389754
819.31884765625,387.7803039550781,813.0977630615234,350.0051021575928,806.8881225585938,317.07324028015137,801.3645172119141,295.7606863975525,796.8472290039062,278.4480571746826,810.4708862304688,294.6772241592407,798.6727142333984,253.72371196746826,791.4508056640625,224.62543487548828,787.0041656494141,201.06418132781982,809.4407653808594,293.8639569282532,794.3319702148438,245.29232740402222,787.0860290527344,213.73854160308838,782.9696655273438,187.32661485671997,801.9054412841797,297.32698917388916,787.2233581542969,250.17272472381592,778.9874267578125,219.86112356185913,774.4075775146484,195.19123792648315,787.8511047363281,303.96363258361816,776.8204498291016,269.2743229866028,771.0145568847656,246.29757642745972,767.4324798583984,226.627779006958,5,1787749304.380803
821.0684967041016,390.74755668640137,816.8939971923828,354.7048044204712,809.9302673339844,319.8776936531067,804.1573333740234,296.35289669036865,799.9666595458984,278.7369632720947,812.3114776611328,297.12427854537964,801.5401458740234,255.08058786392212,794.7197723388672,225.43992519378662,789.8654937744141,201.98291301727295,810.2574920654297,296.73595905303955,797.3102569580078,247.05895900726318,790.33935546875,215.13934135437012,785.6268310546875,188.55719089508057,802.2541809082031,300.2182173728943,789.4470977783203,252.14537143707275,781.7179107666016,221.50012493133545,777.3011779785156,196.56296253204346,788.3871459960938,306.96465969085693,778.8112640380859,272.0818877220154,773.2706451416016,248.59440565109253,769.6363067626953,228.3177638053894,6,1787749304.4274852
820.5649566650391,383.69678020477295,818.8155364990234,344.9890923500061,814.2961883544922,308.87426376342773,810.5674743652344,284.3622636795044,806.3283538818359,265.8102822303772,814.1109466552734,290.12377738952637,804.8568725585938,245.071120262146,799.6058654785156,215.2828073501587,796.3760375976562,191.97436809539795,811.2339782714844,291.45960330963135,798.8840484619141,241.07688188552856,792.598876953125,210.12863159179688,789.0389251708984,184.52023029327393,803.0435180664062,296.16263151168823,789.8036193847656,248.09892654418945,782.5304412841797,218.77161026000977,779.0453338623047,195.0294041633606,789.6445465087891,303.94947052001953,780.4560089111328,269.5138120651245,775.5136108398438,246.864595413208,772.3271179199219,227.59732246398926,7,1787749304.479291
820.0066375732422,382.7505826950073,818.0930328369141,344.17256355285645,813.4894561767578,308.98256063461304,810.0400543212891,284.6903085708618,807.5296020507812,265.87287425994873,814.6805572509766,290.71049451828003,805.1959228515625,246.7155933380127,799.2529296875,217.3172092437744,795.2731323242188,194.2907452583313,811.3243865966797,292.30658054351807,799.2183685302734,242.28988409042358,792.2059631347656,211.39214515686035,787.5895690917969,185.6493330001831,802.8939819335938,297.0894956588745,790.5503082275391,249.6604871749878,782.7252960205078,220.83446502685547,778.5063171386719,197.68391132354736,789.6604156494141,304.52927827835083,780.3945159912109,270.409197807312,775.3596496582031,247.82888174057007,771.87744140625,228.47976922988892,8,1787749304.5313437
820.35888671875,383.29968452453613,818.4789276123047,345.29902696609497,815.5835723876953,312.23610162734985,811.8872833251953,290.3176689147949,808.6674499511719,272.03800678253174,817.5494384765625,291.5350914001465,810.4144287109375,248.71386051177979,805.2832794189453,219.17192459106445,802.108154296875,195.8379077911377,815.4751586914062,291.04167222976685,803.6393737792969,240.14158487319946,797.3255157470703,208.31472873687744,793.7547302246094,181.82435274124146,807.0664215087891,294.4846844673157,794.8619079589844,244.8272967338562,788.02734375,214.241144657135,784.3085479736328,189.70131397247314,792.6563262939453,300.74697732925415,784.5081329345703,265.7522177696228,780.1819610595703,242.227463722229,777.4505615234375,222.1043300628662,9,1787749304.5915031
822.0733642578125,384.78665828704834,819.7098541259766,346.8565106391907,817.1040344238281,310.9861922264099,814.4593811035156,288.16649436950684,812.8893280029297,269.6115732192993,820.6975555419922,290.39931535720825,814.0098571777344,246.21586561203003,809.6483612060547,215.7817840576172,806.9384765625,191.64340496063232,819.0404510498047,289.88847255706787,808.7371826171875,239.6511697769165,803.3254241943359,208.40712547302246,800.1323699951172,181.9541072845459,810.7925415039062,292.96494483947754,800.1593780517578,244.62634563446045,794.01123046875,214.87088441848755,790.6358337402344,190.95148086547852,795.8181762695312,298.6931777000427,788.5604095458984,264.1876530647278,784.9271392822266,241.31832361221313,782.5616455078125,221.70787811279297,10,1787749304.6320343
822.4647521972656,384.7478199005127,819.4718933105469,346.7817521095276,817.1186065673828,311.4250445365906,814.0110015869141,288.53185415267944,811.6994476318359,270.16318559646606,821.3405609130859,290.4976558685303,813.6861419677734,245.73055744171143,808.6116790771484,215.61872720718384,805.5763244628906,192.21984386444092,819.8036193847656,290.59614658355713,809.3087005615234,239.05818700790405,804.3430328369141,207.64357566833496,801.6217803955078,181.61930322647095,811.5472412109375,293.9188885688782,800.7496643066406,244.26538467407227,794.7879028320312,214.21606063842773,791.685791015625,190.24492263793945,796.5969085693359,299.51640129089355,788.5669708251953,264.3896770477295,784.4390869140625,241.16500854492188,781.7649078369141,221.33657455444336,11,1787749304.6918283
823.5697174072266,384.738507270813,823.0572509765625,345.19349813461304,820.8754730224609,309.1547155380249,817.6249694824219,285.8146047592163,814.4133758544922,266.6813135147095,825.5051422119141,290.3572368621826,818.9106750488281,246.15610599517822,814.0819549560547,215.15268802642822,810.5831909179688,190.86992025375366,822.9386901855469,289.6878433227539,813.6788940429688,237.91966438293457,808.7764739990234,205.3022003173828,805.7696533203125,178.6468470096588,813.9286041259766,292.7754521369934,803.9253234863281,243.6050033569336,797.6409912109375,213.1295943260193,794.2251586914062,189.02689933776855,798.5169982910156,298.53893995285034,791.5620422363281,263.4216785430908,788.6203002929688,240.65862894058228,787.2052764892578,221.42309188842773,12,1787749304.7559586
825.8165740966797,385.896577835083,826.9767761230469,345.4356265068054,825.3150939941406,309.99746561050415,822.2474670410156,287.2972869873047,819.3172454833984,268.63070011138916,829.3705749511719,289.10372257232666,821.9305419921875,245.91917037963867,817.0061492919922,215.77444553375244,813.1142425537109,191.32999420166016,826.0836791992188,288.1982088088989,816.5646362304688,237.77707815170288,811.5008544921875,205.07376194000244,808.2496643066406,177.62784361839294,816.7208862304688,291.0552763938904,807.3878479003906,243.43711853027344,801.8584442138672,213.02887201309204,798.8510894775391,188.31167221069336,801.2947845458984,296.90725564956665,794.4712066650391,262.4352264404297,791.6620635986328,239.96960163116455,790.3957366943359,220.86133003234863,13,1787749304.813594
827.7852630615234,387.8015470504761,828.1938171386719,347.25761890411377,827.3477172851562,312.186598777771,825.0628662109375,288.6655569076538,824.38232421875,268.96655559539795,832.6425170898438,290.9657120704651,827.3673248291016,246.46243572235107,823.5337829589844,215.35024881362915,821.2797546386719,190.82530975341797,830.7826232910156,290.46040534973145,821.7740631103516,236.66833877563477,817.4793243408203,202.67483711242676,815.1207733154297,174.73445892333984,821.9382476806641,293.37684631347656,813.616943359375,241.974778175354,809.0157318115234,209.34272289276123,806.9216156005859,183.44884872436523,806.7500305175781,298.40575218200684,801.0446929931641,261.4445471763611,798.8341522216797,236.92166805267334,797.9856109619141,216.36034727096558,14,1787749304.875235
828.8404846191406,390.2723550796509,827.7918243408203,349.5122194290161,826.7460632324219,313.8480019569397,825.0454711914062,289.3791103363037,824.1544342041016,269.3510127067566,833.0200958251953,293.1630206108093,827.4279022216797,248.3867597579956,822.4870300292969,217.16996669769287,819.0306091308594,192.89048194885254,831.8514251708984,292.40520000457764,823.7828063964844,238.2837152481079,819.2338562011719,204.54830646514893,816.4408874511719,176.7245614528656,823.4009552001953,294.71200704574585,815.8050537109375,242.698073387146,810.5641174316406,210.18394947052002,807.7778625488281,184.4398069381714,808.0640411376953,298.93794536590576,802.1675109863281,261.77366495132446,798.8791656494141,237.15094327926636,797.0165252685547,216.41693115234375,15,1787749304.917651
829.5053863525391,384.4101619720459,829.3354034423828,343.5973048210144,829.3629455566406,308.886194229126,828.2847595214844,285.449116230011,826.3924407958984,265.75610160827637,837.8642272949219,287.13347911834717,831.6107940673828,242.60456085205078,827.72216796875,212.15848445892334,825.3849792480469,188.07344913482666,836.8971252441406,287.8098464012146,828.6053466796875,233.65752696990967,825.0131225585938,200.65176486968994,823.2953643798828,173.20051431655884,827.7328491210938,292.0851159095764,819.1115570068359,240.64697742462158,814.3368530273438,209.13374662399292,812.3969268798828,183.89984607696533,810.7441711425781,298.3482885360718,805.6735992431641,262.5706458091736,803.0306243896484,238.60564470291138,801.7874145507812,217.95634746551514,16,1787749304.9769409
834.207763671875,387.3924779891968,837.7932739257812,346.03732109069824,836.3024139404297,311.446008682251,831.6666412353516,289.50955152511597,828.8015747070312,272.6985812187195,842.7618408203125,287.96728134155273,835.9828948974609,241.05716228485107,831.6941070556641,209.87605333328247,829.0435791015625,185.50535202026367,837.9598999023438,288.69330167770386,830.7646942138672,233.05920124053955,828.2752227783203,199.27049160003662,827.1894836425781,171.9669234752655,826.2433624267578,293.255352973938,817.5881958007812,241.1950922012329,813.3235168457031,209.75518226623535,811.7606353759766,184.4712209701538,808.9781188964844,300.2629351615906,803.0434417724609,262.8176021575928,800.5067443847656,239.30615186691284,799.1287231445312,219.59028482437134,17,1787749305.0222387
827.8959655761719,390.8343744277954,836.0703277587891,353.0715322494507,833.8841247558594,313.1029272079468,829.3631744384766,286.1156988143921,824.3255615234375,266.01155519485474,826.4443969726562,288.6834740638733,822.237548828125,244.6638536453247,819.7351837158203,216.20862007141113,818.0047607421875,193.44550609588623,817.4971008300781,287.9033160209656,812.8654479980469,242.84385681152344,810.4983520507812,213.95509243011475,809.4124603271484,189.52154159545898,807.0999908447266,291.0394620895386,802.0415496826172,247.89188146591187,799.5582580566406,221.41377925872803,798.3521270751953,199.4047737121582,795.9835052490234,297.21283435821533,792.1156311035156,263.9738059043884,791.0133361816406,242.73347854614258,790.7890319824219,224.15173530578613,18,1787749305.0721033
828.3518981933594,384.00195121765137,839.0684509277344,345.4923176765442,836.0444641113281,306.20965003967285,830.9362030029297,279.2726969718933,826.0023498535156,259.46282386779785,830.5553436279297,284.489164352417,825.8539581298828,241.1755657196045,822.6899719238281,212.7789545059204,819.6696472167969,190.7460880279541,819.5066070556641,286.07707500457764,814.0599060058594,241.7328643798828,810.252685546875,213.27012062072754,807.4642181396484,189.3617033958435,806.0227203369141,291.4823913574219,799.3751525878906,249.0366268157959,795.7476043701172,222.47374534606934,793.9409637451172,201.02060079574585,790.3340148925781,300.55081129074097,783.3379364013672,270.7662534713745,780.5799102783203,251.17737293243408,778.8278198242188,234.68801021575928,19,1787749305.1139455
811.6081237792969,387.12352752685547,823.0353546142578,361.4762020111084,822.4253845214844,334.47275161743164,825.4393768310547,317.0180296897888,833.8953399658203,309.9123430252075,795.9096527099609,307.983877658844,778.5137176513672,273.8755130767822,767.7149963378906,250.84091663360596,759.0753173828125,232.10306882858276,779.4507598876953,313.3335328102112,758.0142211914062,276.0916829109192,745.2165985107422,250.71890830993652,735.6304168701172,229.88921642303467,764.1533660888672,322.93485403060913,743.2311248779297,288.28453302383423,730.6082153320312,264.55533027648926,721.7367553710938,246.16177082061768,750.5828094482422,335.6451344490051,734.1244506835938,306.4519500732422,723.80859375,287.07101583480835,715.8538818359375,271.599497795105,20,1787749305.3295574
814.0502166748047,390.6691074371338,825.0209045410156,364.47675704956055,822.4618530273438,337.6588296890259,823.9561462402344,319.0748333930969,831.7483520507812,309.28155183792114,797.3883819580078,309.23558950424194,780.0365447998047,275.631308555603,768.7494659423828,252.58930921554565,759.7122192382812,234.01065587997437,781.8381500244141,313.93458366394043,759.3129730224609,276.0354208946228,746.5711212158203,250.7866072654724,736.8362426757812,230.12005805969238,766.6040802001953,323.3192038536072,744.4989776611328,288.2913136482239,731.2088775634766,264.570050239563,721.812744140625,245.76613426208496,752.257080078125,336.33519172668457,735.0482177734375,306.89067363739014,724.3948364257812,287.67760276794434,716.4198303222656,271.8011999130249,21,1787749305.3737361
820.8219909667969,395.8340120315552,837.6628112792969,370.60455322265625,840.1900482177734,342.09198474884033,846.1826324462891,323.2666754722595,859.0098571777344,313.85860204696655,808.5313415527344,311.44630908966064,793.9514923095703,277.30271100997925,784.0058135986328,255.79465627670288,776.6031646728516,240.66116094589233,793.6389923095703,314.110472202301,775.7549285888672,276.72996282577515,766.2649536132812,255.24351596832275,759.9077606201172,238.7835717201233,778.54248046875,322.0963740348816,760.7839202880859,286.4464259147644,751.3512420654297,264.99780893325806,745.3599548339844,248.842670917511,763.292236328125,334.8442268371582,747.1277618408203,306.91153049468994,738.6781311035156,289.9387264251709,732.6915740966797,276.5379810333252,22,1787749305.4227583
826.2010192871094,401.02749824523926,846.5277099609375,378.0579614639282,853.5287475585938,349.10218477249146,861.3549041748047,328.3962607383728,874.007568359375,317.144672870636,821.8885040283203,313.4917402267456,809.22607421875,280.19333839416504,801.7632293701172,258.96307468414307,795.7106018066406,242.0260190963745,804.5682525634766,315.3977608680725,790.6224060058594,278.71357440948486,783.9030456542969,256.7201900482178,779.2295837402344,238.9227032661438,788.0884552001953,322.54687786102295,774.3348693847656,287.67725944519043,767.4099731445312,266.02041721343994,763.3069610595703,249.33866500854492,772.4215698242188,333.9463949203491,759.5737457275391,305.83351850509644,752.1401977539062,288.0154752731323,746.72119140625,273.7804985046387,23,1787749305.4693503
824.8002624511719,401.58599853515625,845.9867858886719,379.1136360168457,852.7203369140625,349.20494556427,861.3348388671875,327.97210693359375,875.1305389404297,317.7812147140503,820.5703735351562,312.24318265914917,808.9452362060547,279.0088105201721,802.1413421630859,257.8882384300232,796.9599914550781,241.3969874382019,802.8482055664062,314.57385063171387,789.7208404541016,278.24867248535156,783.5147857666016,255.5793285369873,779.4232177734375,238.01963567733765,786.5737915039062,322.2279095649719,773.8270568847656,287.9724311828613,766.9754028320312,266.5251660346985,762.7395629882812,250.85881233215332,771.4920806884766,333.773295879364,760.0241851806641,306.49381399154663,752.7501678466797,288.99662733078003,747.6518249511719,275.3275537490845,24,1787749305.5165162
833.9998626708984,406.89857482910156,857.3875427246094,383.35766315460205,870.8024597167969,353.2231092453003,883.0766296386719,332.40835189819336,897.0848083496094,320.35956859588623,839.8762512207031,316.4618682861328,832.1237945556641,278.6210060119629,827.203369140625,254.85036849975586,822.9433441162109,234.88190174102783,820.7197570800781,317.1771812438965,810.810546875,276.28190517425537,806.0407257080078,250.2813220024109,802.7222442626953,228.572359085083,802.0371246337891,323.33812952041626,791.7693328857422,284.76163387298584,787.0770263671875,260.2816915512085,784.383544921875,241.32405281066895,785.1962280273438,333.3889675140381,776.4884185791016,302.65177488327026,771.7333221435547,283.0296993255615,768.5531616210938,266.9579243659973,25,1787749305.558627
833.7854766845703,408.13093185424805,858.2009887695312,384.06538009643555,870.5435180664062,353.0871105194092,883.1610107421875,331.1822819709778,898.8801574707031,321.0976266860962,839.7012329101562,316.312050819397,832.3244476318359,278.6286449432373,827.3359680175781,254.49610233306885,823.7638092041016,235.11338710784912,820.1941680908203,316.5270781517029,810.9972381591797,275.5965042114258,806.2099456787109,249.10604238510132,803.4415435791016,227.89382457733154,801.5745544433594,322.1535801887512,792.445068359375,283.4252071380615,788.1394958496094,258.7669086456299,786.0128784179688,239.76620435714722,784.1953277587891,332.03537464141846,776.6513061523438,302.10548400878906,772.3355865478516,282.5548839569092,769.8400115966797,266.69341564178467,26,1787749305.5839777
838.5805511474609,407.9487991333008,862.6262664794922,382.0260000228882,876.6452789306641,351.75581216812134,891.5010833740234,331.5187382698059,908.2357025146484,321.20877742767334,844.7760009765625,316.7203688621521,838.6444854736328,278.3324861526489,833.9434051513672,254.28289890289307,830.2552032470703,234.50836658477783,825.3112030029297,316.7810082435608,817.0867156982422,275.03931283950806,813.3046722412109,248.23925971984863,811.3926696777344,226.59396171569824,806.3764953613281,322.42727279663086,797.2268676757812,283.386926651001,793.5099792480469,258.5400581359863,792.1257019042969,239.60372686386108,788.9638519287109,332.3458456993103,780.5654144287109,302.29482650756836,776.2727355957031,282.5805902481079,773.8443756103516,266.5701627731323,27,1787749305.6375923
839.5597839355469,406.0742998123169,862.9051208496094,380.81531524658203,876.6890716552734,351.37659072875977,891.7855834960938,331.50007009506226,909.3235778808594,322.6501536369324,845.4597473144531,315.454044342041,839.2172241210938,277.76952266693115,834.6430969238281,254.22009229660034,831.2171173095703,234.89977598190308,825.6076049804688,315.41529178619385,817.43408203125,274.1237139701843,813.2931518554688,247.60173082351685,811.2854766845703,226.18242502212524,806.5743255615234,321.189444065094,798.1638336181641,281.98904514312744,794.6340179443359,256.9449806213379,793.5298156738281,237.7030062675476,788.8651275634766,331.621778011322,780.7020568847656,300.99328994750977,776.5373229980469,281.1589980125427,774.2893218994141,265.0071859359741,28,1787749305.6833556
846.5705871582031,408.71063232421875,871.1719512939453,384.2570400238037,884.5793914794922,355.3628468513489,898.1843566894531,335.79493045806885,914.2002105712891,324.0632700920105,852.31201171875,316.0506319999695,847.1281433105469,278.3160710334778,843.2669067382812,254.63356018066406,839.8997497558594,234.63234901428223,832.8298187255859,315.99600076675415,824.9217224121094,274.1187787055969,821.9879150390625,247.01366186141968,820.6310272216797,224.54707145690918,814.0332794189453,322.20587253570557,803.9725494384766,282.3354148864746,800.9671020507812,256.16480112075806,800.0543975830078,235.43653964996338,796.8849945068359,333.6163330078125,787.4588775634766,302.2577476501465,782.9383850097656,281.0820722579956,780.3787994384766,262.907874584198,29,1787749305.7479165
845.9568023681641,409.5577812194824,870.4533386230469,384.4259548187256,884.61669921875,355.3850769996643,899.4976806640625,335.8829069137573,916.8758392333984,325.81977367401123,851.3268280029297,315.02817392349243,845.7402038574219,277.61056423187256,841.8282318115234,254.28508758544922,838.8885498046875,234.56108808517456,831.6960144042969,315.0201916694641,823.9376831054688,273.84628772735596,820.687255859375,247.04526901245117,819.5295715332031,224.7700810432434,813.1770324707031,321.50899171829224,803.4095001220703,282.0361876487732,800.1078033447266,256.53541803359985,799.0928649902344,236.14376306533813,796.3964080810547,333.4830594062805,786.6020965576172,302.31602668762207,782.2945404052734,281.68121337890625,780.0074005126953,264.0378999710083,30,1787749305.8281002
852.6599884033203,415.9428548812866,879.2251586914062,389.4978618621826,893.4117889404297,357.2600483894348,908.3742523193359,337.45129108428955,926.4105224609375,327.5600552558899,861.1830902099609,320.11767625808716,858.5540771484375,281.652889251709,856.9123840332031,257.5489282608032,855.8787536621094,237.6011037826538,840.594482421875,319.4476389884949,835.4118347167969,276.1781573295593,833.7737274169922,248.52762937545776,833.3397674560547,225.68750381469727,821.1287689208984,325.1437711715698,812.6419067382812,284.2564344406128,810.3159332275391,257.4344730377197,809.6968841552734,235.74514389038086,803.62060546875,336.47050380706787,794.47265625,304.5731806755066,789.8550415039062,282.3719787597656,786.9552612304688,263.15757751464844,31,1787749305.887398
854.6389007568359,428.6624050140381,890.6235504150391,409.0654134750366,912.4407958984375,378.4210252761841,930.1454162597656,353.3605456352234,950.9699249267578,338.9939475059509,884.4815063476562,332.3681402206421,894.8180389404297,281.9627380371094,900.7135772705078,250.77128648757935,904.1363525390625,226.99208736419678,859.5490264892578,328.76883029937744,866.0652160644531,275.5891227722168,870.2793884277344,241.41119241714478,872.5980377197266,214.66875314712524,835.9011077880859,332.5289225578308,836.1627197265625,283.4974980354309,839.1664123535156,252.87319421768188,842.3094177246094,229.92475032806396,814.9842834472656,342.14097261428833,808.1569671630859,306.07244968414307,804.3123626708984,282.52748250961304,801.4823913574219,263.4922742843628,32,1787749305.9330916
858.9762115478516,444.08583641052246,894.5329284667969,420.58101654052734,918.7502288818359,389.5471715927124,939.2424774169922,364.5330619812012,960.6118774414062,350.26752948760986,892.6100921630859,340.6166410446167,905.7801818847656,289.28521156311035,912.6660919189453,257.06600189208984,917.2430419921875,231.93636417388916,867.0370483398438,336.9189476966858,876.4146423339844,282.5435757637024,881.9619750976562,247.0618987083435,885.5511474609375,219.71089839935303,841.6557312011719,340.5904197692871,844.5790100097656,290.7461357116699,848.3511352539062,258.43995809555054,852.3635101318359,234.79001998901367,817.9803466796875,351.0105228424072,812.7812194824219,314.18649673461914,809.6286773681641,289.6625018119812,807.7470397949219,270.5624270439148,33,1787749305.9911425
858.4071350097656,452.7895402908325,894.5742034912109,428.25453758239746,920.5223083496094,396.49035930633545,942.7790069580078,370.36847591400146,966.1763000488281,355.24030208587646,897.1718597412109,345.9644293785095,914.3959045410156,294.56214666366577,922.6116180419922,262.8981113433838,927.8889465332031,236.91149711608887,871.458740234375,341.3146376609802,883.9442443847656,286.14805698394775,890.5580139160156,251.41576766967773,894.7773742675781,224.14242267608643,846.016845703125,345.7196617126465,850.3798675537109,294.5565891265869,854.776611328125,262.62531995773315,859.3785095214844,238.2218098640442,821.7635345458984,358.2395052909851,817.2062683105469,321.47706270217896,814.8475646972656,296.38195037841797,813.4731292724609,275.5438041687012,34,1787749306.037444
858.1355285644531,461.2427043914795,896.5530395507812,435.2073812484741,921.7816162109375,401.4104747772217,944.4625854492188,373.67008209228516,969.3388366699219,357.2847032546997,897.8610992431641,351.4242482185364,915.6414794921875,298.9782643318176,925.5427551269531,266.46281003952026,932.9106903076172,239.98033046722412,871.1588287353516,346.48587226867676,884.9329376220703,290.010781288147,892.4977111816406,254.06531810760498,897.8853607177734,225.43376684188843,844.5740509033203,351.4421224594116,849.5930480957031,298.698091506958,854.4506072998047,265.97411155700684,859.8355102539062,240.5383586883545,819.6142578125,364.52117443084717,816.6903686523438,326.5730667114258,814.8911285400391,300.7896566390991,814.2399597167969,278.6806583404541,35,1787749306.061999
858.4324645996094,462.60003089904785,896.9879150390625,434.9846076965332,922.208251953125,400.69451808929443,944.6624755859375,372.96077728271484,970.2251434326172,356.91771268844604,898.4327697753906,350.59093952178955,915.9906768798828,298.62974882125854,925.953369140625,265.9504437446594,933.7299346923828,239.68678951263428,871.7136383056641,346.00528478622437,885.205078125,290.06221532821655,892.608642578125,253.86945247650146,898.1352233886719,225.36962985992432,845.2579498291016,351.42871141433716,849.8411560058594,298.18840742111206,854.2707061767578,265.35789012908936,859.5893096923828,240.0115728378296,820.3836822509766,364.8715353012085,816.4984130859375,327.0071768760681,814.3062591552734,301.1834478378296,813.5300445556641,278.96355628967285,36,1787749306.116711
858.5968017578125,464.120135307312,897.2019195556641,436.1651659011841,921.7643737792969,401.8392848968506,943.7685394287109,373.38589668273926,969.7101593017578,357.3305153846741,898.0896759033203,353.2569694519043,915.9030151367188,300.75772762298584,925.8119964599609,267.7499485015869,933.458251953125,240.9409475326538,871.6378021240234,348.1895685195923,885.1396179199219,291.57920837402344,892.6451873779297,255.3316855430603,898.2711029052734,226.30250215530396,845.2728271484375,353.0785918235779,849.6100616455078,300.22759437561035,854.3766021728516,267.2105026245117,859.8896789550781,241.38561487197876,820.2381896972656,365.75554847717285,816.2527465820312,327.8061318397522,814.1734313964844,302.0800566673279,813.2479858398438,279.7158622741699,37,1787749306.1579015
858.1698608398438,462.6436758041382,896.8521118164062,435.2018880844116,922.3677062988281,401.9815921783447,944.9398803710938,373.69351387023926,970.9470367431641,356.81761264801025,896.904296875,352.7836346626282,915.2810668945312,301.16379261016846,925.6442260742188,268.35805892944336,933.6041259765625,241.40149354934692,870.7328033447266,347.66205310821533,884.6279144287109,291.7241334915161,892.6925659179688,255.41603565216064,898.5928344726562,226.1349606513977,844.9105834960938,352.3519706726074,849.32861328125,300.3191328048706,854.2629241943359,267.411367893219,859.7768402099609,241.5356469154358,820.3947448730469,364.5092010498047,816.1865997314453,327.05955505371094,814.072265625,301.7872667312622,812.9640197753906,279.8454451560974,38,1787749306.2090464
858.1851959228516,462.72706031799316,896.8363952636719,435.46247005462646,922.0675659179688,402.15428352355957,944.2872619628906,373.71964931488037,970.223388671875,356.78735733032227,897.4318695068359,352.5014019012451,915.4974365234375,300.97994327545166,925.7710266113281,268.1660556793213,933.7296295166016,241.39273881912231,871.3190460205078,347.2871446609497,884.9082946777344,291.67239904403687,892.7239227294922,255.35337924957275,898.5578155517578,226.1784553527832,845.4134368896484,351.89944982528687,849.5899963378906,299.8074531555176,854.248046875,267.14730978012085,859.8323059082031,241.60911798477173,820.6253051757812,364.11579608917236,815.9886169433594,326.85688734054565,814.0480804443359,301.53400182724,813.5639953613281,279.5119285583496,39,1787749306.254282
858.7700653076172,462.9075622558594,897.7302551269531,435.5616044998169,922.8432464599609,401.45832538604736,944.7222137451172,373.4196710586548,969.871826171875,356.9264030456543,897.90771484375,351.73898935317993,916.0681915283203,299.8963737487793,926.2540435791016,267.1578884124756,933.8065338134766,240.4934048652649,871.1890411376953,346.88989877700806,884.8809814453125,291.2728786468506,892.7044677734375,255.11805295944214,898.2757568359375,226.1014223098755,845.1126861572266,351.6090416908264,849.6796417236328,299.4977331161499,854.5366668701172,266.7755341529846,859.9520874023438,241.32963180541992,820.4277801513672,363.90199184417725,816.2987518310547,326.22159004211426,814.8818969726562,300.93408823013306,814.75830078125,279.23046827316284,40,1787749306.3093576
859.1340637207031,464.79326248168945,897.3954772949219,436.85412883758545,922.2098541259766,402.60841369628906,944.8073577880859,374.36144828796387,970.042724609375,357.09933042526245,898.9288330078125,352.51105785369873,917.6592254638672,300.93724250793457,927.6161956787109,268.0972194671631,934.7187805175781,240.80756664276123,872.7104949951172,347.3682975769043,887.4095153808594,291.6484308242798,895.3634643554688,255.38226127624512,900.7724761962891,225.97829818725586,846.5081024169922,352.1458053588867,850.7675170898438,299.9565839767456,855.2773284912109,267.38495349884033,860.4289245605469,241.85302734375,821.2628936767578,364.90488052368164,816.9254302978516,327.2690677642822,815.3755187988281,301.8087673187256,815.2486419677734,279.72339391708374,41,1787749306.353824
858.7149047851562,467.7199172973633,896.4116668701172,439.7084712982178,922.3155975341797,406.94955825805664,945.0334167480469,378.6459016799927,970.9613800048828,360.5852794647217,900.3318786621094,354.7061777114868,919.6694183349609,303.59275817871094,929.6851348876953,271.5789842605591,937.0499420166016,244.49957370758057,874.1623687744141,349.3743968009949,889.2195892333984,293.86436462402344,897.8450012207031,258.3923864364624,904.0180969238281,229.27385330200195,847.8451538085938,354.1028094291687,852.950439453125,302.6068425178528,858.0551910400391,270.3580856323242,863.9810180664062,244.60898637771606,822.3897552490234,366.80427074432373,818.5836029052734,329.77208375930786,817.7449035644531,304.66059923171997,818.3957672119141,282.71729707717896,42,1787749306.4145305
858.7382507324219,467.80012607574463,896.5827941894531,440.75406074523926,921.8597412109375,407.9681968688965,944.6250152587891,379.6421813964844,970.9696197509766,361.6761016845703,900.9909820556641,353.23976039886475,920.2499389648438,302.79717206954956,930.2864074707031,270.5947208404541,937.8473663330078,243.66122245788574,874.4985961914062,348.02531003952026,888.8315582275391,293.49743843078613,897.0973968505859,258.33827018737793,903.3085632324219,229.5244574546814,848.1507110595703,353.44502449035645,852.7571105957031,302.66409158706665,857.4534606933594,270.55678367614746,863.2595062255859,244.58001852035522,822.9642486572266,367.1630001068115,818.7639617919922,330.5334448814392,817.2561645507812,305.42309761047363,817.3622131347656,283.104887008667,43,1787749306.4693294
859.4626617431641,472.00140953063965,898.4491729736328,447.1214532852173,925.0454711914062,414.67037200927734,949.4788360595703,385.67410469055176,975.0389099121094,367.4076175689697,906.5541076660156,359.807288646698,925.6101989746094,308.1237816810608,934.6669769287109,276.37906551361084,940.6181335449219,250.03827095031738,880.1565551757812,353.69882583618164,895.7462310791016,298.36785793304443,904.0016174316406,263.7357759475708,909.3784332275391,236.40406608581543,852.9444885253906,357.5350284576416,859.8219299316406,304.9951243400574,865.4358673095703,273.0510663986206,871.3864135742188,248.73186349868774,826.3201904296875,369.67195987701416,823.975830078125,332.7045750617981,823.7937927246094,307.7501606941223,824.8808288574219,286.97838306427,44,1787749306.5421329
859.5925903320312,470.91947078704834,898.8735961914062,446.55741691589355,925.1425170898438,414.6071147918701,948.7783813476562,385.76255321502686,975.5609130859375,367.17995166778564,906.3650512695312,357.2945523262024,925.4830932617188,306.6662907600403,935.6477355957031,275.33223152160645,943.0493927001953,249.77376222610474,879.9409484863281,351.4641809463501,896.0004425048828,297.24424839019775,904.8032379150391,262.8939485549927,910.9612274169922,235.69611310958862,852.7864074707031,356.05886936187744,859.1584777832031,304.6368670463562,864.7154235839844,273.1799626350403,870.6867218017578,248.57820510864258,826.6239166259766,368.98720264434814,824.8728942871094,332.06550121307373,823.9823150634766,307.4312353134155,823.8384246826172,286.2809658050537,45,1787749306.601398
857.3247528076172,471.70915603637695,897.9036712646484,447.60592460632324,924.8637390136719,416.10700607299805,947.652587890625,386.3473176956177,974.5750427246094,368.27399253845215,907.7775573730469,361.6160202026367,928.9693450927734,310.5640769004822,939.2298889160156,279.26076650619507,946.1652374267578,253.22595834732056,881.1483764648438,354.59255933761597,899.4432830810547,299.5433306694031,909.244384765625,264.9966287612915,915.8278656005859,237.13817596435547,853.5836029052734,358.22293996810913,862.259521484375,306.45278692245483,869.7625732421875,275.75366020202637,877.4263000488281,251.96980476379395,826.81884765625,370.3648281097412,826.9110107421875,334.0431046485901,828.2320404052734,310.0101041793823,830.5373382568359,289.4880509376526,46,1787749306.6581864
846.4022064208984,483.1444215774536,869.0190887451172,444.3651294708252,882.0915985107422,400.75429916381836,895.3826141357422,371.43449306488037,908.9944458007812,355.6644129753113,856.1638641357422,360.4935693740845,858.5427856445312,309.3660521507263,860.2046203613281,277.4082612991333,862.4958038330078,252.07992553710938,837.3503112792969,359.856276512146,833.968505859375,307.9841995239258,832.8200531005859,275.30845642089844,831.4766693115234,248.61088514328003,819.8892211914062,364.542031288147,813.6074829101562,316.48669481277466,811.0385131835938,286.74925804138184,808.4754943847656,263.1102418899536,805.5484771728516,374.944109916687,796.0845184326172,335.9690594673157,791.5998077392578,312.41973638534546,788.5074615478516,293.2705879211426,47,1787749306.6997993
834.0251159667969,482.9213047027588,860.9093475341797,445.1539993286133,874.7866058349609,400.23510932922363,887.9953002929688,370.5097961425781,902.4015808105469,352.01813220977783,834.5077514648438,361.11403942108154,835.9324645996094,311.54900550842285,840.7114410400391,278.37488651275635,847.2577667236328,253.2201862335205,818.5066986083984,361.4428997039795,817.8668212890625,311.3436985015869,821.6498565673828,278.1601810455322,827.135009765625,251.01558208465576,804.6897888183594,365.84545612335205,801.5489959716797,318.7912058830261,804.2958831787109,289.2102384567261,807.9303741455078,265.30677795410156,793.8988494873047,374.79416370391846,784.58984375,336.2514853477478,783.0579376220703,312.76423931121826,784.1683959960938,293.62019777297974,48,1787749306.7529354
816.48193359375,442.490930557251,836.3368988037109,414.85344886779785,844.7829437255859,380.1393985748291,856.8762969970703,356.1523389816284,872.0501708984375,342.8493332862854,803.80859375,349.7339630126953,793.8487243652344,312.7735733985901,790.0582885742188,287.13120460510254,789.1181945800781,267.833890914917,784.5642852783203,353.9447093009949,773.3833312988281,316.7375135421753,769.4278717041016,291.9173812866211,766.9906616210938,270.23736476898193,768.5247802734375,361.6454601287842,756.5583801269531,327.38468170166016,752.3075866699219,304.5924711227417,749.0425109863281,284.6955442428589,755.9695434570312,371.9229984283447,742.3779296875,344.9892210960388,735.9734344482422,327.72210359573364,732.0571899414062,312.4136424064636,49,1787749306.8923428
811.2439727783203,454.0615510940552,819.2436218261719,420.0178384780884,817.8878021240234,383.27123165130615,822.4323272705078,355.98142862319946,831.3831329345703,342.3231053352356,770.1980590820312,365.2742528915405,747.2815704345703,333.0756640434265,730.6598663330078,310.2245092391968,716.7963409423828,291.9465637207031,753.6928558349609,378.69409561157227,727.5027465820312,354.12853717803955,710.1950836181641,337.5345253944397,695.7321929931641,322.8458261489868,741.8543243408203,395.16448974609375,717.540283203125,372.4406862258911,700.6060028076172,359.05165672302246,687.8138732910156,349.1632318496704,733.9740753173828,414.37798976898193,713.1272888183594,397.6365852355957,700.9638214111328,389.27783489227295,692.8956604003906,383.0180311203003,50,1787749306.9341974
808.5970306396484,460.04828453063965,811.5540313720703,427.2174882888794,802.2832489013672,391.25292778015137,803.3847808837891,363.8869285583496,811.6199493408203,344.9720764160156,760.8676147460938,372.04556465148926,730.9048461914062,338.7095046043396,710.894775390625,316.6847276687622,694.0425109863281,299.7400760650635,746.1574554443359,385.0646209716797,707.3213958740234,361.9632053375244,683.1294250488281,350.4502201080322,663.7290954589844,341.83048009872437,733.8646697998047,403.47431659698486,694.7097015380859,382.24804401397705,668.126220703125,370.40958881378174,647.6634979248047,362.12525367736816,724.3156433105469,424.5748043060303,691.8535614013672,406.03846549987793,670.0927734375,395.017032623291,652.6553344726562,386.64459228515625,51,1787749306.98336
811.3333129882812,467.8968143463135,813.223876953125,432.001690864563,802.2139739990234,396.2792158126831,801.3218688964844,368.0935764312744,810.9113311767578,347.9635763168335,760.3399658203125,379.61055278778076,725.4074859619141,343.45364570617676,703.1170654296875,320.13325452804565,686.1634063720703,301.55256271362305,745.3956604003906,393.68815898895264,697.7364349365234,365.8423662185669,668.9546966552734,349.2610788345337,647.6506042480469,335.57374477386475,733.8387298583984,413.0376148223877,688.6750793457031,388.6143207550049,660.2763366699219,373.01897048950195,640.2677917480469,360.8782196044922,725.8364868164062,435.4803657531738,689.0810394287109,418.17346572875977,666.6928100585938,406.906943321228,649.5857238769531,396.91783905029297,52,1787749307.038311
815.5638885498047,471.02577209472656,815.7625579833984,433.2142639160156,801.6290283203125,396.8964672088623,799.9897003173828,368.5626411437988,808.9278411865234,348.1562662124634,758.621826171875,377.7363109588623,723.6955261230469,342.30042457580566,702.3514556884766,319.1516089439392,686.0082244873047,300.4536724090576,744.8759460449219,392.7665948867798,697.7838134765625,366.92713737487793,669.8101043701172,350.72502851486206,648.8812255859375,337.19244718551636,734.8843383789062,412.848744392395,690.3968811035156,389.77582454681396,662.2795104980469,373.27903747558594,642.1878051757812,360.2871894836426,728.2572937011719,435.59173107147217,691.1544799804688,418.52378368377686,668.1639862060547,406.5243101119995,650.3182220458984,396.1372947692871,53,1787749307.0788941
822.5086975097656,476.0897397994995,821.0835266113281,437.0734691619873,807.4507141113281,400.20270824432373,806.2142181396484,370.89152812957764,815.8549499511719,349.78971004486084,762.7977752685547,381.9024896621704,726.387939453125,346.3834762573242,705.2473449707031,323.03733587265015,689.4075012207031,304.0843963623047,750.7560729980469,396.40191078186035,700.4817962646484,369.3735694885254,670.6020355224609,352.55053997039795,648.5784912109375,338.71742248535156,742.7281951904297,416.90922260284424,694.6876525878906,393.1374263763428,665.3389739990234,376.25264167785645,644.5270538330078,362.70010471343994,738.4766387939453,441.3518285751343,698.497314453125,425.7001304626465,674.1464233398438,414.4788408279419,655.2451324462891,404.69019412994385,54,1787749307.1479905
826.3612365722656,482.89997577667236,824.3363952636719,441.0103940963745,809.2074584960938,403.11095237731934,806.8698120117188,373.5107374191284,816.8063354492188,352.2226667404175,767.723388671875,387.4781799316406,729.5779418945312,353.0280590057373,706.5621948242188,331.10512018203735,689.2903137207031,314.08796310424805,754.7168731689453,404.4554901123047,706.3967895507812,376.482195854187,677.3367309570312,360.1284885406494,655.6385803222656,347.4849843978882,745.6903839111328,425.9067678451538,699.5900726318359,401.56303882598877,671.7947387695312,385.7960271835327,652.3813629150391,374.13888931274414,740.9989166259766,449.8281669616699,705.023193359375,431.9316530227661,684.0006256103516,420.9945058822632,668.3580017089844,412.65772819519043,55,1787749307.203464
832.0797729492188,494.4046354293823,828.2317352294922,453.80401611328125,808.7029266357422,412.76986598968506,802.9214477539062,380.8699893951416,809.3870544433594,358.54727268218994,767.5954437255859,398.270959854126,727.8783416748047,372.20606803894043,700.2100372314453,358.3317732810974,678.7451171875,348.7764573097229,754.6556091308594,418.07724952697754,708.1204223632812,395.3464937210083,678.690185546875,382.6374578475952,655.3053283691406,372.8898811340332,745.1456451416016,440.86109161376953,703.5643768310547,423.83318424224854,681.3359069824219,413.19236755371094,664.8636627197266,404.6338891983032,739.9270629882812,465.8410406112671,710.0369262695312,451.3102054595947,697.6239013671875,444.7354459762573,688.6151123046875,439.49183464050293,56,1787749307.2487652
830.7624816894531,493.374924659729,827.5897979736328,452.9786682128906,808.450927734375,411.71234607696533,802.850341796875,379.43103790283203,811.4057922363281,358.7833285331726,765.9056854248047,398.07419300079346,729.2007446289062,371.22978687286377,702.9588317871094,355.8795690536499,682.1987152099609,344.727566242218,752.7091217041016,417.78435230255127,708.3114624023438,394.7050380706787,678.3502197265625,380.47709941864014,654.0479278564453,369.11633491516113,742.8247833251953,440.37370204925537,701.9676208496094,419.847936630249,677.890625,404.75053310394287,659.6636199951172,392.5899124145508,737.1159362792969,465.6689929962158,705.9388732910156,447.6967763900757,689.7550201416016,436.64435863494873,677.0472717285156,426.9468641281128,57,1787749307.3188543
831.5431213378906,506.15567207336426,823.8092041015625,465.2764892578125,798.096923828125,425.9949588775635,789.7467041015625,394.7257661819458,796.4182281494141,371.8583679199219,753.1210327148438,417.66303062438965,708.6415100097656,399.4861078262329,681.4369201660156,384.98273849487305,660.4062652587891,374.544095993042,744.1925048828125,440.0281047821045,708.3244323730469,437.16333389282227,719.8345947265625,440.8543539047241,734.8444366455078,445.08683681488037,739.1979217529297,466.00793838500977,709.6619415283203,462.4186706542969,721.3543701171875,464.88304138183594,735.789794921875,470.0981140136719,737.2114562988281,491.1963701248169,714.7301483154297,484.9758768081665,726.2075042724609,487.05860137939453,739.5935821533203,491.6571521759033,58,1787749307.3592768
825.8179473876953,522.4829006195068,821.6127777099609,475.2258539199829,800.5082702636719,441.5027618408203,793.0296325683594,410.68482398986816,797.6383209228516,387.91540145874023,743.6988830566406,435.74373722076416,695.1374053955078,422.9257392883301,667.2035980224609,416.47637844085693,645.8195495605469,412.3170232772827,731.1502838134766,462.7702760696411,681.5988159179688,458.86163234710693,652.7993774414062,456.9337034225464,629.7196960449219,455.7927131652832,726.8292236328125,490.25352001190186,682.554931640625,487.22833156585693,656.680908203125,486.71278953552246,636.0486602783203,487.27519512176514,728.9353942871094,514.3815994262695,695.2104949951172,514.5021057128906,674.7780609130859,517.034068107605,658.3522033691406,518.7460899353027,59,1787749307.4081132
812.9012298583984,539.5988273620605,819.2317199707031,491.0987377166748,803.6294555664062,452.69049167633057,798.26904296875,420.6008005142212,805.6894683837891,399.5557165145874,743.2339477539062,435.91874599456787,701.3298034667969,411.7618703842163,677.7821350097656,397.19743251800537,660.4619598388672,386.5179920196533,725.3525543212891,459.8742628097534,684.6818542480469,445.45204639434814,661.0062408447266,437.06690311431885,642.3448181152344,432.17888832092285,716.6999053955078,486.2225675582886,683.7933349609375,476.12947940826416,666.4527130126953,471.1531448364258,653.8606262207031,470.3680944442749,715.4019927978516,510.9147262573242,690.0730133056641,505.01232147216797,676.8958282470703,503.81738662719727,666.7932891845703,505.0474262237549,60,1787749307.484679
811.1239624023438,541.4753437042236,818.1840515136719,492.1498203277588,803.8884735107422,452.1355962753296,799.6659851074219,419.7717618942261,808.3308410644531,399.9420404434204,743.8355255126953,436.3498306274414,701.3548278808594,414.2040967941284,676.9418334960938,402.408127784729,658.5207366943359,393.23505878448486,725.2098083496094,459.92395877838135,685.1637268066406,446.19182109832764,661.9802856445312,437.48180866241455,642.2359466552734,430.47330379486084,715.4354858398438,485.79920768737793,681.9841003417969,474.2628765106201,662.7051544189453,468.35158824920654,647.2805023193359,464.8072099685669,714.0475463867188,509.0122890472412,688.9161682128906,502.6948928833008,675.8586120605469,501.18122577667236,665.6504821777344,500.4118824005127,61,1787749307.544405
809.9005126953125,540.6874179840088,818.1294250488281,491.4744186401367,803.848876953125,451.4823389053345,798.8969421386719,419.52847480773926,806.9493103027344,399.6811580657959,743.6949157714844,437.08295345306396,701.1640167236328,415.314359664917,677.7799987792969,403.97912979125977,660.3251647949219,395.00810623168945,725.7037353515625,460.73046684265137,683.9240264892578,448.2775068283081,661.5200805664062,441.5958881378174,643.3785247802734,436.36669635772705,716.6105651855469,486.2372875213623,682.0819091796875,475.61140537261963,663.4562683105469,470.72944164276123,648.8201904296875,467.93084621429443,715.2939605712891,509.2348909378052,689.4862365722656,503.2500886917114,677.2593688964844,501.8193769454956,668.3795928955078,501.12517833709717,62,1787749307.5841749
789.1297149658203,584.254903793335,799.3344116210938,539.3965244293213,791.3709259033203,499.0095376968384,795.4776000976562,471.4881420135498,814.9390411376953,461.1688041687012,738.7070465087891,466.43134117126465,711.6999816894531,436.89605712890625,707.8791046142578,434.19947147369385,709.5193481445312,436.5505886077881,718.5041046142578,481.88382625579834,701.2486267089844,459.9338722229004,710.7269287109375,464.0470504760742,720.3485870361328,473.3061647415161,706.5213775634766,501.5475082397461,692.3030853271484,481.84537410736084,701.6309356689453,486.63880348205566,709.847412109375,496.61906719207764,700.9070587158203,521.8227338790894,690.3815460205078,506.40209197998047,698.9340209960938,509.08721923828125,707.5046539306641,517.4173021316528,63,1787749307.6308258
754.8194885253906,560.2566003799438,774.9960327148438,526.3732194900513,775.167236328125,500.7040071487427,777.4291229248047,487.84785747528076,787.8153991699219,487.43183612823486,723.7045288085938,479.8532438278198,711.5190124511719,462.08611965179443,719.9197387695312,468.87378215789795,727.8424072265625,479.6031332015991,704.80712890625,495.9020805358887,698.3377075195312,477.9716634750366,708.0450439453125,483.5176134109497,715.4166412353516,494.33502674102783,694.6903228759766,514.3401432037354,690.8327484130859,496.267032623291,700.0667572021484,501.04913234710693,706.1315155029297,511.01308822631836,690.7833099365234,532.3812818527222,688.0186462402344,513.9011192321777,696.6232299804688,517.2631072998047,702.3495483398438,525.156397819519,64,1787749307.7446728
760.5196380615234,569.768443107605,776.7499542236328,540.3813886642456,772.1573638916016,511.6571617126465,780.5648040771484,497.8141736984253,798.292236328125,499.99749183654785,717.87841796875,485.6518363952637,691.9844055175781,479.6404695510864,692.8546142578125,486.7004728317261,700.9381103515625,494.1600179672241,699.8075103759766,503.65323543548584,681.7718505859375,501.21057987213135,690.9140014648438,509.00525093078613,702.071533203125,515.6867837905884,690.4126739501953,525.8594369888306,676.7546844482422,521.0569095611572,684.0554809570312,525.7031393051147,692.2895812988281,530.7108020782471,686.9649505615234,546.7855596542358,678.2414245605469,540.378041267395,685.8152008056641,544.1053247451782,693.0699157714844,547.4281311035156,65,1787749307.7905278
758.9335632324219,577.4490451812744,774.7129058837891,544.8973274230957,768.8958740234375,511.92100524902344,780.8210754394531,494.44265842437744,799.3381500244141,493.61254692077637,714.0763092041016,484.84253883361816,687.3783111572266,479.2661190032959,688.9718627929688,490.13837814331055,699.3880462646484,498.5079860687256,696.7845916748047,503.5815668106079,672.8422546386719,498.30516815185547,679.9179840087891,507.98330783843994,693.6530303955078,515.7771635055542,686.9680786132812,525.950288772583,667.3478698730469,519.8057126998901,674.8529052734375,527.6293087005615,686.6183471679688,534.0052843093872,683.1815338134766,547.6645946502686,671.1873626708984,541.0084676742554,679.6527099609375,547.2408485412598,689.8268890380859,551.7885875701904,66,1787749307.829501
762.1330261230469,578.3061933517456,776.4360809326172,545.1643466949463,772.0291137695312,512.6200103759766,782.4659729003906,494.84121322631836,800.682373046875,494.7032403945923,713.4069061279297,483.33874225616455,686.23291015625,480.1103925704956,688.98681640625,490.26515007019043,700.1363372802734,498.2422113418579,695.4895782470703,501.61381244659424,672.0262908935547,499.51881408691406,679.3531799316406,508.47121238708496,692.3912048339844,516.2386322021484,684.6249389648438,523.7304925918579,664.9386596679688,519.4379281997681,671.5676879882812,526.5588712692261,682.6695251464844,533.2762813568115,679.6235656738281,544.9569797515869,665.0202941894531,539.4588375091553,671.8551635742188,544.9626016616821,681.2940979003906,549.484977722168,67,1787749307.875206
759.5725250244141,577.3493099212646,773.5652160644531,542.912106513977,767.4346160888672,510.84807872772217,777.7372741699219,493.017783164978,798.7454223632812,494.61552143096924,709.7966766357422,481.17241859436035,682.4755859375,481.5821313858032,686.9168090820312,492.6222324371338,698.3647918701172,499.70030307769775,691.5320587158203,499.8914909362793,668.5109710693359,500.72842597961426,676.7512512207031,510.19022941589355,690.1976013183594,517.4077749252319,681.0088348388672,522.4332046508789,663.0670166015625,520.9775161743164,670.2589416503906,528.2164764404297,681.3302612304688,534.1327428817749,676.0233306884766,544.1668653488159,663.4625244140625,541.3679695129395,671.2689971923828,547.4895858764648,680.888671875,551.5461158752441,68,1787749307.920538
755.2602386474609,573.4469318389893,772.1987152099609,539.3053722381592,768.6009979248047,508.25551986694336,780.504150390625,491.1921215057373,802.3904418945312,490.6022071838379,710.755615234375,476.80702686309814,688.8262176513672,478.4089708328247,694.3219757080078,490.0948190689087,705.8864593505859,498.47743034362793,690.892333984375,493.296217918396,671.8140411376953,492.86826610565186,679.6628570556641,503.74945163726807,692.2783660888672,513.0997180938721,678.187255859375,513.9993524551392,662.8352355957031,511.65355682373047,670.2543640136719,520.3136587142944,680.7691955566406,528.0712938308716,670.9965515136719,534.4965362548828,660.0937652587891,531.1807680130005,668.0966949462891,537.5008678436279,676.9208526611328,542.5857782363892,69,1787749307.9647732
759.6984100341797,568.8661479949951,775.3518676757812,536.1861562728882,769.105224609375,505.1567316055298,780.4714202880859,489.21823024749756,801.0994720458984,489.0432643890381,710.0777435302734,474.4093894958496,690.8491516113281,481.96128845214844,696.23779296875,493.72541427612305,706.1505126953125,500.0915193557739,692.6187133789062,494.18190479278564,672.1865844726562,497.02500343322754,681.3748168945312,506.7971706390381,694.2622375488281,514.3689823150635,682.8151702880859,517.3425006866455,665.2182769775391,519.1873455047607,674.21630859375,526.4096117019653,685.4508972167969,531.6958808898926,679.0997314453125,539.9722766876221,667.2489929199219,540.5159711837769,675.9746551513672,545.8237409591675,685.4647064208984,549.0500736236572,70,1787749308.0143113
757.5949859619141,569.4448614120483,774.9542999267578,536.6030359268188,769.4612121582031,506.28244400024414,780.1643371582031,489.6975517272949,801.0186767578125,489.2750930786133,709.21630859375,474.8526620864868,691.434326171875,480.1130533218384,697.3124694824219,491.8805694580078,707.1816253662109,499.0930938720703,691.2948608398438,493.8575506210327,672.7829742431641,495.9907865524292,681.7037200927734,505.69883823394775,693.9813232421875,513.8514232635498,681.142578125,516.4898586273193,664.4691467285156,516.9494819641113,673.2351684570312,524.4820690155029,683.7279510498047,530.7215738296509,677.0294952392578,538.8479375839233,665.0960540771484,537.8681802749634,673.5791778564453,543.1203317642212,682.342529296875,546.8613910675049,71,1787749308.0425885
756.9699859619141,568.531494140625,771.89208984375,531.8725633621216,768.7008666992188,501.6953945159912,782.7223968505859,486.8111515045166,804.4773864746094,487.17824935913086,707.3638916015625,471.5050506591797,710.0595092773438,474.103102684021,717.784423828125,488.0024814605713,720.2027130126953,498.34044456481934,688.2678985595703,489.5723247528076,685.2662658691406,487.6306629180908,693.7596893310547,498.0890893936157,699.1579437255859,508.73196601867676,677.5492858886719,511.5209484100342,671.3882446289062,507.3167037963867,680.7192993164062,515.7602977752686,686.4472198486328,524.4879913330078,673.3528900146484,533.0444097518921,667.1015167236328,528.0288934707642,675.4997253417969,533.0387020111084,681.1467742919922,538.6954593658447,72,1787749308.096868
755.4175567626953,564.7549438476562,770.4355621337891,529.3289709091187,767.6850891113281,500.28785705566406,782.0419311523438,486.10334873199463,804.2766571044922,487.26970195770264,708.7944793701172,471.08774185180664,702.8815460205078,474.67881202697754,709.7583770751953,487.1515130996704,715.2065277099609,496.09095096588135,689.9152374267578,488.76924991607666,679.6179962158203,487.7872610092163,687.5871276855469,497.465443611145,696.0777282714844,507.04779624938965,679.3313598632812,510.8189821243286,667.7875518798828,508.6275100708008,676.4808654785156,516.5310573577881,684.5886993408203,523.7902307510376,675.4135894775391,532.7569198608398,666.2854766845703,530.0530815124512,673.9316558837891,534.7547149658203,680.8744812011719,539.264988899231,73,1787749308.1456242
755.6591796875,568.4421443939209,771.6051483154297,532.5015306472778,768.1293487548828,501.25495433807373,780.3309631347656,484.64049339294434,802.4626922607422,485.59789180755615,706.1827087402344,472.5468635559082,712.6690673828125,471.4044141769409,720.6972503662109,484.7503137588501,722.0459747314453,495.3710460662842,686.3173675537109,489.8330783843994,690.0538635253906,484.93420600891113,699.0411376953125,495.2720832824707,702.2090911865234,506.47818088531494,675.887451171875,511.49301052093506,674.7914123535156,504.3073081970215,683.5942840576172,512.5449514389038,687.5045776367188,522.2857046127319,671.9937896728516,532.7964878082275,670.2737426757812,526.0980033874512,678.6639404296875,531.4602756500244,682.8851318359375,538.0799245834351,74,1787749308.18869
750.4753875732422,562.7437162399292,762.3668670654297,528.6250305175781,758.1848907470703,499.27823066711426,772.8512573242188,483.9768934249878,793.5720825195312,483.52379322052,701.8288421630859,472.50892639160156,688.8767242431641,476.0971212387085,698.3362579345703,486.684250831604,709.4810485839844,493.9150142669678,685.5847930908203,492.6849317550659,673.5042572021484,494.64109897613525,684.0730285644531,503.159236907959,695.9239196777344,510.1586437225342,677.6411437988281,516.3199996948242,670.6298065185547,517.8213500976562,680.7237243652344,523.5492610931396,690.9695434570312,528.5536623001099,674.9452209472656,538.3477163314819,672.5779724121094,538.5839653015137,682.4385833740234,543.1485271453857,690.8796691894531,546.2275314331055,75,1787749308.2173765
748.8658905029297,562.9965305328369,763.7403106689453,529.4656562805176,761.6680145263672,501.13770961761475,775.8499145507812,485.3188991546631,797.3043060302734,485.18264293670654,703.2737731933594,473.21415424346924,696.1163330078125,475.00810146331787,703.7408447265625,486.40324115753174,711.1415100097656,494.360089302063,685.1773071289062,491.8128490447998,678.455810546875,491.2647771835327,687.4320983886719,501.00364208221436,696.5963745117188,509.74137783050537,675.7715606689453,514.5945882797241,670.8235168457031,513.5907554626465,680.0411224365234,521.1101245880127,688.6046600341797,528.1057119369507,672.1371459960938,536.3777732849121,670.7175445556641,535.0699281692505,680.4940795898438,540.2190399169922,688.1932067871094,544.5588111877441,76,1787749308.271186
749.8582458496094,563.8047981262207,764.6913146972656,530.4146432876587,761.9325256347656,501.0789155960083,775.5447387695312,485.0536823272705,796.8887329101562,484.81159687042236,704.4720458984375,473.1052350997925,695.2532958984375,476.7931652069092,703.1704711914062,487.46140480041504,711.72119140625,494.47617530822754,686.5621948242188,491.8219041824341,677.7660369873047,493.0790662765503,686.9681549072266,502.22694396972656,696.8981170654297,510.06109714508057,677.0228576660156,514.6265602111816,670.8744049072266,514.9809122085571,680.2276611328125,521.9301509857178,689.1732025146484,527.8998041152954,673.0378723144531,536.4264392852783,670.7383728027344,536.1408376693726,680.5975341796875,541.2364768981934,688.4877014160156,544.938440322876,77,1787749308.3173141
751.2889099121094,566.625452041626,763.1674194335938,528.9819574356079,757.1370697021484,498.4989309310913,763.1837463378906,482.0142459869385,779.3387603759766,480.18609523773193,696.3394927978516,476.73089504241943,708.32275390625,475.20740032196045,719.5481872558594,487.850604057312,722.3462677001953,499.43474292755127,681.2547302246094,497.54475116729736,690.2189636230469,492.40074634552,701.9625854492188,502.1524429321289,706.3733673095703,514.0831232070923,674.7919464111328,520.4139089584351,681.8360900878906,512.7148962020874,692.0278167724609,521.0203886032104,695.6680297851562,531.2881851196289,674.0904235839844,541.3160419464111,679.913330078125,532.4292182922363,689.7110748291016,538.5180902481079,693.5581207275391,545.3438186645508,78,1787749308.343549
743.6155700683594,489.9580907821655,773.9524841308594,462.50214099884033,787.7205657958984,437.7825164794922,800.1914215087891,421.9279146194458,816.0147857666016,413.8245105743408,741.3845062255859,407.9343795776367,737.9374694824219,406.31874561309814,745.8612060546875,417.07401752471924,755.7556915283203,427.4880266189575,718.4413146972656,419.15918827056885,718.2401275634766,420.2449035644531,726.4365386962891,429.8731327056885,734.4315338134766,439.47672843933105,702.16796875,435.7025384902954,702.7253723144531,436.36146068573,710.7958221435547,445.222749710083,716.7825317382812,454.58258628845215,690.5525207519531,453.9664936065674,692.6068115234375,454.29436683654785,700.8294677734375,462.2695827484131,707.0677947998047,470.7749319076538,79,1787749308.5971043
775.2855682373047,494.3021535873413,801.2480163574219,472.53244400024414,814.3560028076172,446.0268545150757,821.7534637451172,423.5328197479248,833.2952880859375,406.03936672210693,794.3994903564453,410.92459201812744,791.6461944580078,374.024133682251,786.7578125,350.5117392539978,780.5302429199219,334.3808698654175,768.187255859375,411.7584800720215,760.687255859375,386.23977184295654,768.7390899658203,396.03858947753906,774.0908813476562,409.87329483032227,745.8668518066406,419.7447681427002,743.2497406005859,403.2313299179077,750.1895141601562,411.4613342285156,753.6711120605469,422.8193521499634,727.7911376953125,431.22037410736084,728.1224822998047,416.02452278137207,735.4798889160156,423.3651065826416,739.0753173828125,433.3748531341553,80,1787749308.66469
788.3551025390625,489.8020076751709,815.3810882568359,460.904016494751,829.9349975585938,421.1627769470215,842.9754638671875,394.6201515197754,861.6120910644531,388.03539276123047,800.8987426757812,403.5526371002197,795.3567504882812,372.80259132385254,789.5439147949219,350.46088457107544,783.2799530029297,334.3784236907959,774.1661071777344,406.0681200027466,768.2490539550781,385.5520534515381,774.7781372070312,394.3774652481079,778.4120178222656,407.5045394897461,752.1321868896484,414.2257261276245,750.6978607177734,399.9868440628052,757.6976013183594,407.12096214294434,761.1595916748047,418.30740451812744,733.9545440673828,425.2473735809326,734.8686981201172,414.67316150665283,742.0695495605469,421.51442527770996,746.0254669189453,430.77250957489014,81,1787749308.704843
793.6376190185547,474.9654006958008,825.6580352783203,450.4462766647339,845.3865051269531,413.2286310195923,862.6035308837891,389.9026393890381,882.0384979248047,381.63448333740234,810.9945678710938,385.20087718963623,803.2677459716797,351.3369584083557,793.9586639404297,326.14914894104004,785.6084442138672,305.98743438720703,784.1062927246094,388.1187343597412,773.243408203125,354.06113862991333,764.1981506347656,328.10462951660156,756.5198516845703,305.89563846588135,762.3409271240234,396.4493751525879,752.1797943115234,368.4397315979004,741.9371795654297,347.8204321861267,732.5402069091797,330.25121212005615,746.7357635498047,409.0190649032593,738.4284210205078,389.0947151184082,728.4779357910156,376.35692596435547,718.9711761474609,365.18975257873535,82,1787749308.7466424
795.0308227539062,475.0339365005493,829.5774841308594,450.9226369857788,848.5807037353516,412.0865249633789,866.1154937744141,388.26473236083984,886.3111877441406,381.9724416732788,810.3841400146484,380.40337085723877,803.9234924316406,345.78609466552734,794.5746612548828,321.93687915802,786.1027526855469,303.69682788848877,782.8404998779297,384.3241596221924,773.2148742675781,348.14124584198,764.7099304199219,324.1585636138916,756.9445037841797,304.73422050476074,761.0326385498047,394.60294246673584,750.2825164794922,363.84997844696045,741.3102722167969,344.2239761352539,733.2606506347656,327.440664768219,745.1070404052734,409.15605068206787,736.1780548095703,387.9618787765503,727.3138427734375,374.61490631103516,719.1677856445312,363.1464672088623,83,1787749308.7886763
798.3501434326172,479.39396381378174,839.4499206542969,459.20568466186523,865.8732604980469,420.8524560928345,887.5270843505859,392.26500034332275,911.6534423828125,383.6196184158325,829.1691589355469,385.00750064849854,822.7762603759766,341.25547885894775,815.9269714355469,311.3704776763916,811.1006927490234,288.1845188140869,800.4684448242188,386.077938079834,794.6781921386719,341.16838216781616,790.9231567382812,309.89298820495605,788.8053894042969,284.7760534286499,777.4031066894531,393.0314254760742,773.1938171386719,353.8782548904419,770.5074310302734,328.54318141937256,768.8283538818359,307.82519817352295,760.1252746582031,403.4989929199219,759.320068359375,371.7845106124878,758.1568908691406,352.0017170906067,757.8592681884766,335.03116607666016,84,1787749308.849857
798.63525390625,484.21382904052734,842.5362396240234,467.3650932312012,869.1342163085938,429.16121006011963,894.1053771972656,397.9286241531372,921.0416412353516,389.1429090499878,831.7340087890625,384.3112850189209,826.7486572265625,329.81199502944946,820.4521179199219,294.67816829681396,815.9093475341797,269.4118022918701,801.2823486328125,384.11258697509766,798.0502319335938,333.05618047714233,796.243896484375,300.250940322876,796.5753936767578,278.105571269989,778.9627075195312,388.406138420105,778.1550598144531,342.84379720687866,779.7039794921875,313.4567427635193,782.3579406738281,292.5945210456848,764.0947723388672,395.0452709197998,767.2540283203125,358.50343465805054,767.6998138427734,335.6752824783325,769.8634338378906,317.7619457244873,85,1787749308.9048417
800.9344482421875,490.80867290496826,845.1996612548828,468.0195093154907,871.0138702392578,429.38733100891113,897.4301910400391,398.53415966033936,924.6829986572266,390.6678628921509,830.6069946289062,382.560510635376,824.2745971679688,327.1003031730652,817.8022766113281,292.7478790283203,812.8241729736328,268.1824064254761,800.5162048339844,383.80239486694336,798.8137817382812,330.9597659111023,797.0518493652344,298.1658124923706,796.8052673339844,275.73391914367676,778.4855651855469,389.05664920806885,779.8471832275391,343.5829281806946,781.2204742431641,314.8474144935608,782.6286315917969,294.67555046081543,764.2337036132812,395.4301357269287,768.8734436035156,359.37721252441406,770.2349853515625,337.92662143707275,772.2197723388672,321.5580224990845,86,1787749308.948259
800.62255859375,501.99421405792236,844.3594360351562,475.5747985839844,871.3136291503906,438.14210414886475,897.9739379882812,406.8715810775757,925.0297546386719,395.2667570114136,833.1700897216797,396.58447265625,825.849609375,335.95187187194824,819.9993896484375,299.9972462654114,814.3923950195312,273.21972370147705,801.7841339111328,397.6543951034546,800.6025695800781,338.3846354484558,798.4269714355469,301.8906497955322,797.235107421875,276.96202754974365,778.2013702392578,402.41164684295654,781.5970611572266,348.7085008621216,784.0785217285156,315.4457402229309,786.8094635009766,291.961669921875,762.7106475830078,408.21736335754395,769.7279357910156,364.493408203125,773.0561828613281,338.340368270874,776.4917755126953,318.10110569000244,87,1787749308.9796507
796.0454559326172,513.8997459411621,838.4869384765625,484.72838401794434,865.0774383544922,443.75654697418213,891.8106079101562,409.3532466888428,918.8536071777344,394.8472595214844,826.5104675292969,405.1670265197754,821.6056060791016,345.22323846817017,816.0524749755859,308.63627672195435,810.4127502441406,281.657395362854,793.3828735351562,408.4809923171997,792.6890563964844,349.1065835952759,790.2014923095703,312.91512966156006,787.9772186279297,287.28737354278564,769.7196197509766,415.2330780029297,773.5520935058594,362.35673904418945,776.2738037109375,331.08428478240967,778.1520843505859,308.68685245513916,755.8245849609375,422.124981880188,764.9688720703125,381.0395908355713,768.0009460449219,357.5471091270447,769.75341796875,339.4750928878784,88,1787749309.0201075
796.3709259033203,517.0135974884033,839.3436431884766,486.27827167510986,864.5066833496094,443.5085391998291,890.6584167480469,410.24747371673584,917.8060913085938,396.95075511932373,827.8367614746094,405.31250953674316,819.8808288574219,343.04770946502686,813.2026672363281,306.679744720459,807.9251861572266,280.2688694000244,794.0876007080078,409.1309452056885,790.3958892822266,349.07832384109497,788.1207275390625,313.32239627838135,788.0824279785156,288.33094596862793,769.4429016113281,416.05735301971436,769.9071502685547,363.31727027893066,771.9234466552734,331.4689350128174,774.8579406738281,309.5127582550049,754.5671081542969,423.38768005371094,761.7428588867188,382.66337871551514,764.8001098632812,359.5855236053467,767.5374603271484,342.3492622375488,89,1787749309.0756097
797.4720001220703,517.5884485244751,840.5242919921875,485.3865337371826,864.8908996582031,442.9911518096924,890.7548522949219,410.3717565536499,917.6194763183594,397.08319187164307,828.6853790283203,404.7772693634033,820.6822967529297,342.3752689361572,813.7918853759766,306.6735863685608,808.0221557617188,280.6579828262329,794.6327209472656,409.05635833740234,790.9609985351562,348.1437349319458,787.9327392578125,312.5221538543701,786.7231750488281,288.0923366546631,769.7148895263672,416.87450408935547,770.3507995605469,364.38989639282227,771.8753814697266,333.17750215530396,773.74267578125,311.69886589050293,754.4334411621094,425.3918266296387,762.3755645751953,386.35289669036865,765.5607604980469,364.6906900405884,767.9549407958984,348.6928367614746,90,1787749309.1338184
790.2014923095703,531.7590951919556,820.6036376953125,486.5865755081177,839.0882110595703,436.69787406921387,857.3830413818359,398.53896617889404,882.8457641601562,379.8801040649414,810.7849884033203,416.1350727081299,794.5027923583984,358.7640380859375,781.8503570556641,321.38537406921387,770.0154113769531,293.8899850845337,780.6901550292969,425.13519287109375,758.0911254882812,373.2014036178589,750.1406097412109,363.5013771057129,744.1719055175781,365.16880989074707,754.6878051757812,437.14749813079834,740.8126831054688,393.319730758667,746.0511016845703,394.1540479660034,750.3326416015625,406.0190677642822,733.73291015625,451.0493230819702,729.346923828125,415.9021282196045,735.9970092773438,415.7149314880371,739.9940490722656,423.91841411590576,91,1787749309.1799114
788.890380859375,528.933162689209,809.7633361816406,478.7562847137451,800.1151275634766,433.5007667541504,773.52294921875,405.0121879577637,745.0996398925781,395.502405166626,800.8870697021484,408.37027072906494,770.3304290771484,361.98912620544434,741.3938903808594,339.73430156707764,716.5864562988281,330.4275941848755,776.8353271484375,415.9158182144165,741.5654754638672,368.4396028518677,710.5236053466797,350.71794748306274,684.0697479248047,345.9878182411194,753.2672119140625,429.2030096054077,724.6396636962891,387.41698265075684,700.5009460449219,373.11930656433105,680.4259490966797,370.1644563674927,732.6190185546875,447.69986629486084,716.279296875,420.2010440826416,703.9398956298828,411.15230083465576,691.4767456054688,409.1689682006836,92,1787749309.2324984
788.0722808837891,529.3686676025391,810.8103942871094,481.3344669342041,801.8532562255859,437.3621606826782,776.7735290527344,411.83165073394775,748.6347198486328,404.62697982788086,798.5976409912109,412.24522590637207,773.0634307861328,365.7802677154541,750.0853729248047,342.0232343673706,730.2004241943359,329.56387996673584,770.6886291503906,418.7030839920044,738.3290100097656,378.62354278564453,715.0039672851562,362.20850944519043,696.690673828125,354.3101119995117,745.0199890136719,431.1114549636841,718.7922668457031,397.8769540786743,708.6882019042969,390.114426612854,702.8168487548828,389.5143413543701,724.4454956054688,447.20436573028564,711.48193359375,427.15423107147217,710.6953430175781,425.18969535827637,711.2859344482422,428.0575132369995,93,1787749309.298798
793.1313323974609,504.151611328125,794.0907287597656,449.736328125,765.9062194824219,406.6367483139038,729.3498992919922,392.1265125274658,697.4214172363281,393.3691692352295,773.4295654296875,379.3677806854248,726.0713195800781,345.27186155319214,695.7133483886719,333.83912801742554,675.1081848144531,329.84325885772705,751.0576629638672,394.8366594314575,701.4528656005859,358.74972581863403,674.4230651855469,351.916401386261,657.1224975585938,352.11600065231323,730.5027008056641,415.0375556945801,689.2667388916016,386.91285610198975,675.4431915283203,382.14736461639404,668.6470794677734,383.1817102432251,713.4538269042969,438.0508232116699,697.1527862548828,420.37914276123047,697.3435974121094,418.3670997619629,699.0008544921875,419.3925189971924,94,1787749309.3551674
792.1349334716797,502.3757743835449,795.0495147705078,449.46051120758057,768.5646057128906,407.479305267334,733.5993194580078,392.0347595214844,702.9532623291016,391.37845516204834,772.4631500244141,378.62332820892334,723.2374572753906,344.560604095459,694.6233367919922,330.6168508529663,674.1519165039062,324.8405957221985,750.5839538574219,395.5417585372925,699.1471862792969,358.6961889266968,673.4208679199219,349.5729875564575,657.0845031738281,350.5268669128418,731.1763763427734,416.6031503677368,688.4173583984375,386.72518730163574,673.9619445800781,381.92270278930664,667.7266693115234,384.219446182251,715.4704284667969,439.5518732070923,694.0142822265625,418.92748832702637,688.9048767089844,413.8805150985718,686.7424774169922,413.123574256897,95,1787749309.413712
788.9095306396484,494.5802879333496,745.7813262939453,450.75196266174316,726.3679504394531,406.6509532928467,711.1111450195312,384.030704498291,695.9424591064453,371.9654846191406,772.3880004882812,358.5266947746277,725.0173950195312,334.84261751174927,692.6485443115234,339.5843982696533,670.8541870117188,351.6946792602539,775.5380249023438,363.1066417694092,719.7527313232422,339.28051471710205,689.3289947509766,343.4217381477356,664.3893432617188,353.7586712837219,772.0507049560547,375.50694465637207,722.7593231201172,349.6859407424927,693.0728149414062,347.31297969818115,667.4813842773438,351.3262939453125,762.8731536865234,392.9448652267456,732.2573089599609,370.1638126373291,712.7615356445312,360.8208417892456,692.7777862548828,356.4797830581665,96,1787749309.4574928
849.49462890625,469.15955543518066,879.1472625732422,438.3545780181885,886.0806274414062,395.5722713470459,870.7416534423828,361.40148639678955,852.1405792236328,340.9566378593445,898.4513854980469,384.1203546524048,877.3552703857422,333.7944531440735,860.2201080322266,308.1338667869568,846.3557434082031,290.6033992767334,870.9847259521484,387.220516204834,849.71923828125,337.87832021713257,833.6753082275391,317.37600803375244,821.9998168945312,306.527202129364,842.6834869384766,390.5103635787964,823.6519622802734,344.3044853210449,815.2083587646484,330.8745574951172,810.4978179931641,327.45261669158936,816.7751312255859,394.04834747314453,806.0620880126953,356.306791305542,803.9865875244141,347.68728733062744,804.7306060791016,346.5382504463196,97,1787749309.7029965
852.4196624755859,471.58491611480713,879.5104217529297,438.22596073150635,884.5858764648438,394.83983516693115,866.6734313964844,360.73402404785156,845.3971862792969,341.1888527870178,900.0076293945312,382.527551651001,877.8349304199219,331.3555955886841,859.8159790039062,306.9204354286194,845.5008697509766,290.5220103263855,871.9271087646484,386.83650970458984,848.5078430175781,336.00959300994873,831.9161987304688,316.2979316711426,820.0572204589844,305.7550263404846,843.1080627441406,391.44574642181396,822.2935485839844,343.5120105743408,813.5784149169922,332.44903564453125,809.6404266357422,331.3260269165039,816.4712524414062,395.73041439056396,804.3457794189453,356.55494928359985,802.5344848632812,349.1417956352234,804.7170257568359,349.2804765701294,98,1787749309.7368336
857.2881317138672,484.37403202056885,881.9437408447266,450.6275939941406,888.7792205810547,407.214732170105,875.3133392333984,370.28818130493164,859.1231536865234,345.39105892181396,905.1742553710938,393.14759731292725,881.5877532958984,339.0769672393799,861.4414978027344,313.6940002441406,846.0443115234375,297.31072425842285,881.1553955078125,402.2616147994995,855.5276489257812,348.03717613220215,837.4219512939453,324.22675609588623,825.0466918945312,309.1253185272217,854.0110778808594,410.2774715423584,830.3367614746094,361.2191390991211,816.0968780517578,341.8074131011963,807.5167083740234,331.10700845718384,826.7449951171875,417.635178565979,810.5287933349609,379.31289196014404,803.7721252441406,366.3808250427246,800.5522918701172,358.40445041656494,99,1787749309.7647827
857.1469116210938,495.0872039794922,874.7739410400391,458.0510902404785,877.0700073242188,413.1083393096924,861.0989379882812,377.75339126586914,843.5279846191406,354.45366382598877,898.5406494140625,394.0281343460083,869.4383239746094,346.991651058197,847.2750854492188,322.2693872451782,830.5538177490234,305.105996131897,882.1370697021484,406.00752353668213,849.1775512695312,358.7376022338867,825.4308319091797,334.8991584777832,806.8773651123047,318.22892904281616,860.5143737792969,418.84337425231934,829.3866729736328,377.0534420013428,807.1530151367188,356.0097312927246,789.4916534423828,342.5856614112854,834.4015502929688,431.58257961273193,813.013916015625,396.2918758392334,798.3243560791016,380.022497177124,785.2189636230469,368.68756771087646,100,1787749309.8050354
857.5602722167969,495.45241355895996,874.8986053466797,457.60228157043457,877.6032257080078,413.13666343688965,862.1025085449219,377.7534341812134,844.8289489746094,354.2984175682068,899.0106964111328,393.7936019897461,869.6231842041016,347.65265464782715,846.3966369628906,322.91781663894653,828.828125,306.03339672088623,883.2231140136719,406.21180057525635,849.5619964599609,359.54290866851807,824.8682403564453,337.1006941795349,806.1016082763672,321.9938278198242,861.7380523681641,420.02599239349365,829.9637603759766,378.4228706359863,807.4678039550781,357.3602342605591,790.0166320800781,344.14900302886963,835.6847381591797,433.85331630706787,813.3991241455078,399.5206117630005,798.2973480224609,381.440806388855,785.2939605712891,368.03104877471924,101,1787749309.854986
857.5313568115234,495.9879970550537,875.5878448486328,458.2063579559326,878.5983276367188,413.4521770477295,863.5310363769531,378.2895755767822,846.4492797851562,355.01044750213623,898.7742614746094,394.5770215988159,869.5555114746094,348.54748249053955,846.7916107177734,323.51783752441406,829.8879241943359,306.0261654853821,882.1460723876953,406.9145393371582,848.7861633300781,360.3007507324219,824.4207763671875,337.5794792175293,806.2635803222656,322.07064628601074,860.2464294433594,420.6026029586792,828.9192962646484,378.5053539276123,806.6359710693359,357.2383761405945,789.6593475341797,343.8530158996582,834.2659759521484,434.359073638916,811.8894958496094,399.50275897979736,796.9944000244141,381.546893119812,784.4009399414062,368.39733123779297,102,1787749309.9179606
853.6430358886719,509.23137187957764,860.1860046386719,461.6564083099365,851.5847778320312,416.71541690826416,826.5350341796875,391.3079881668091,800.0827026367188,378.1845188140869,868.3753204345703,393.8698196411133,830.5067443847656,352.3271656036377,802.9719543457031,335.1586675643921,784.0180206298828,325.49288749694824,849.9540710449219,405.9903144836426,811.2960815429688,364.7564363479614,786.9111633300781,352.9012656211853,771.2877655029297,346.0971236228943,827.7358245849609,420.9681558609009,793.6418914794922,383.46439361572266,774.6514129638672,372.54149436950684,763.1932830810547,367.4240970611572,803.4880828857422,436.79615020751953,780.8743286132812,404.25318717956543,768.1526184082031,392.8261184692383,758.4275817871094,386.86882495880127,103,1787749309.9613743
853.9850616455078,507.53570079803467,877.6576995849609,469.43442821502686,883.0907440185547,428.79891872406006,874.2790222167969,397.142972946167,854.7289276123047,378.96368980407715,884.3308258056641,403.84759426116943,861.2353515625,355.0014138221741,841.9142913818359,335.517954826355,829.8378753662109,329.6409344673157,863.9856719970703,406.60576343536377,836.6371917724609,358.9344549179077,821.837158203125,346.2957572937012,815.5767059326172,345.28892040252686,840.1959228515625,414.94987964630127,814.5745086669922,371.39758586883545,802.9914093017578,364.66026306152344,800.1915740966797,367.9175806045532,815.8128356933594,425.85144996643066,795.5368041992188,389.67085361480713,788.2927703857422,381.21129512786865,785.70556640625,380.80029487609863,104,1787749310.0182192
860.4280090332031,496.2738561630249,887.1861267089844,465.8682918548584,894.8679351806641,419.61052894592285,877.5568389892578,382.386531829834,859.6363067626953,358.298020362854,910.9078216552734,411.67840003967285,886.8118286132812,354.7881889343262,867.1452331542969,325.34751176834106,852.0369720458984,305.47893047332764,883.9279174804688,418.52592945098877,858.4492492675781,361.29612922668457,838.7163543701172,339.09016370773315,826.3333892822266,329.7505831718445,856.0568237304688,424.55536365509033,836.4842224121094,369.77555751800537,822.9335784912109,354.38165187835693,814.9954223632812,352.57532358169556,830.0212097167969,429.4601583480835,819.5217895507812,385.5352306365967,812.4705505371094,373.9564561843872,807.0693969726562,372.8579521179199,105,1787749310.1889536
865.5384826660156,513.9883661270142,886.4020538330078,477.8886651992798,889.1920471191406,431.1311101913452,868.4622955322266,393.66305351257324,845.4070281982422,371.35128021240234,910.2931976318359,422.8477191925049,884.3410491943359,361.9901132583618,863.5895538330078,331.078577041626,848.3116149902344,309.13514614105225,882.8530883789062,431.47499084472656,852.1201324462891,365.25734424591064,831.3011169433594,352.199342250824,820.3684234619141,350.46526193618774,853.6087036132812,440.69294929504395,828.5603332519531,379.53454971313477,815.5410003662109,371.57954692840576,811.8318176269531,374.9047565460205,826.0125732421875,448.7369155883789,820.1150512695312,398.81521224975586,815.5648803710938,373.027982711792,814.1506195068359,355.6034302711487,106,1787749310.2305481
864.9875640869141,517.8801012039185,886.2357330322266,479.3767976760864,889.3891143798828,430.6457805633545,864.3620300292969,392.7907133102417,839.3296051025391,370.24470806121826,911.7995452880859,421.3145685195923,885.9030914306641,362.10418224334717,866.4260101318359,330.6685423851013,850.9579467773438,307.7982687950134,885.0887298583984,430.24945735931396,855.5597686767578,365.7439184188843,833.5375213623047,348.59713554382324,820.1893615722656,343.2338547706604,856.0130310058594,438.9947032928467,830.1799011230469,377.8168201446533,815.8604431152344,363.59630584716797,810.2046966552734,360.7498598098755,827.6677703857422,446.8621587753296,818.7551879882812,395.9942579269409,813.7624359130859,374.3019676208496,811.69189453125,360.993447303772,107,1787749310.2794764
862.7881622314453,520.8507871627808,883.7081909179688,480.56928634643555,886.0935211181641,432.3425245285034,861.5289306640625,394.1880798339844,838.2728576660156,370.11467456817627,910.0634765625,420.8757162094116,883.7522888183594,362.93073177337646,864.1708374023438,332.70129203796387,848.7163543701172,310.5090594291687,884.7866821289062,430.8860206604004,854.8081970214844,367.7199983596802,832.18994140625,348.7743330001831,817.3007202148438,341.4177417755127,856.4537811279297,440.7214879989624,830.7453155517578,380.70098876953125,815.4989624023438,360.93006134033203,807.2498321533203,352.50569343566895,827.6678466796875,450.0976753234863,817.8623199462891,399.9434566497803,812.7622985839844,377.03962326049805,809.9971771240234,361.18278980255127,108,1787749310.319194
863.3175659179688,522.4378395080566,884.5149230957031,481.3380718231201,887.3838806152344,433.752121925354,863.7026214599609,396.10708236694336,840.2988433837891,372.22636699676514,910.9808349609375,421.2635850906372,883.6489105224609,362.5827741622925,863.3632659912109,332.66125202178955,847.6534271240234,310.9238576889038,885.8347320556641,431.67999744415283,854.8017120361328,367.09553718566895,831.7483520507812,348.97964000701904,817.0842742919922,342.6013255119324,857.1728515625,441.5236186981201,830.9339141845703,379.70166206359863,815.2198791503906,360.15273571014404,807.0389556884766,352.56487369537354,827.7278137207031,450.5179023742676,817.9412841796875,398.49257469177246,812.6226806640625,375.08508682250977,809.8020172119141,359.2729711532593,109,1787749310.359819
864.7199249267578,524.7506761550903,883.817138671875,483.806734085083,885.3474426269531,435.4317855834961,861.6000366210938,397.40750312805176,837.947998046875,373.51258277893066,912.9955291748047,420.7805299758911,884.541015625,362.38399028778076,863.84765625,333.4783172607422,847.7842712402344,312.7766418457031,890.2925109863281,431.6095733642578,857.5187683105469,367.3587369918823,832.789306640625,348.532075881958,816.4179229736328,340.8055543899536,862.6219177246094,441.95538997650146,833.7556457519531,380.4071044921875,815.8134460449219,361.5281295776367,805.9931182861328,354.20990467071533,832.6200866699219,451.27213954925537,819.4875335693359,398.99858951568604,812.3604583740234,377.0985460281372,808.6309051513672,362.7974796295166,110,1787749310.419484
865.1114654541016,527.2500658035278,881.8328857421875,485.04029273986816,881.4810943603516,434.09196853637695,857.1775817871094,393.174033164978,833.3812713623047,366.6223096847534,912.85400390625,421.51910305023193,885.1450347900391,363.3387279510498,863.9247894287109,333.68497610092163,846.7752075195312,312.74370431900024,891.2808227539062,431.6752767562866,859.0000152587891,365.4591751098633,831.8612670898438,352.15389490127563,813.822021484375,350.19006729125977,864.0348815917969,441.9940137863159,835.3130340576172,378.375449180603,816.0061645507812,361.9732475280762,805.3619384765625,357.28530406951904,833.5848999023438,451.5083885192871,822.3101806640625,396.98744773864746,815.2460479736328,373.18556785583496,811.3986206054688,357.7832078933716,111,1787749310.461496
869.0116119384766,533.4321069717407,881.4636993408203,490.1712942123413,885.8544921875,443.11710834503174,874.3946838378906,407.94450759887695,857.8482818603516,382.6915740966797,920.9650421142578,430.8146095275879,897.7426910400391,372.1869707107544,874.8291015625,341.42701148986816,853.6700439453125,320.94431161880493,908.7892913818359,437.64359951019287,880.3084564208984,378.66864681243896,846.9361114501953,356.42815589904785,818.9158630371094,344.5833492279053,888.7776184082031,446.9603490829468,863.6429595947266,392.9261541366577,835.2524566650391,372.6662063598633,812.4301910400391,362.6434564590454,863.0120086669922,456.05050563812256,846.4558410644531,415.75535774230957,828.7001037597656,395.52656650543213,812.9342651367188,382.2312641143799,112,1787749310.5203915
862.4849700927734,515.4556846618652,893.9667510986328,480.07893562316895,910.3945159912109,439.1678237915039,911.4892578125,407.43420124053955,906.1765289306641,384.07525062561035,911.4199829101562,419.67455863952637,909.9134826660156,372.74499893188477,903.0816650390625,344.2721915245056,894.7439575195312,323.44797134399414,892.0948791503906,421.2931537628174,893.2192993164062,371.79699897766113,886.7706298828125,342.5969696044922,877.0325469970703,322.6494884490967,868.0870819091797,427.0592164993286,867.6571655273438,379.9782085418701,862.5364685058594,350.3692817687988,856.1121368408203,328.70413541793823,840.2924346923828,435.88788986206055,838.2753753662109,398.8717317581177,837.8578186035156,375.9040832519531,837.4932098388672,357.4936366081238,113,1787749310.575985
863.8312530517578,508.5998296737671,894.3864440917969,476.8503713607788,912.6384735107422,438.15351963043213,918.6575317382812,408.718786239624,918.0872344970703,385.37477016448975,910.6508636474609,416.919264793396,909.3817138671875,371.02503776550293,902.1469116210938,342.66353130340576,892.7742004394531,321.2162661552429,891.678466796875,419.68945026397705,893.0496215820312,372.5803756713867,885.3764343261719,342.70228385925293,874.3212127685547,321.44657135009766,869.1878509521484,426.7704391479492,868.5591888427734,381.92150115966797,862.5997161865234,352.1784210205078,855.2186584472656,331.008882522583,843.4899139404297,437.03437328338623,839.3716430664062,401.0620880126953,837.9930877685547,378.20597648620605,837.1342468261719,360.1550531387329,114,1787749310.6199844
845.3269195556641,479.76977348327637,822.1913909912109,448.4168529510498,811.8447113037109,404.46789264678955,812.1296691894531,370.6308174133301,813.8131713867188,344.55987453460693,855.3330230712891,373.1640672683716,869.5455932617188,333.604531288147,876.1294555664062,306.28432273864746,879.6669769287109,282.0221757888794,876.2802124023438,379.4138717651367,890.3596496582031,339.48401927948,895.2828979492188,309.83642578125,896.9561004638672,284.04584884643555,893.7969207763672,390.17017364501953,908.5388946533203,350.70672512054443,913.3258056640625,321.37842178344727,913.7239837646484,296.55893325805664,909.8963165283203,406.0507392883301,923.1114959716797,371.59748554229736,926.7826843261719,346.13677740097046,924.9577331542969,323.4369421005249,115,1787749310.6686285
847.4240875244141,471.9095706939697,821.0941314697266,443.84804248809814,810.6024169921875,400.7279062271118,811.0355377197266,368.02602767944336,813.0111694335938,343.5101652145386,853.8693237304688,361.5940046310425,866.1920166015625,320.98503828048706,871.4499664306641,295.23902893066406,874.3825531005859,272.9999113082886,875.0077819824219,368.4359121322632,889.0348052978516,326.6105318069458,893.3108520507812,299.85841512680054,893.8150024414062,276.81304693222046,892.9855346679688,381.45801544189453,907.3934936523438,341.70443773269653,911.3849639892578,316.0517907142639,911.3176727294922,294.52242851257324,908.9341735839844,400.3312397003174,922.0724487304688,366.87490940093994,925.3153991699219,344.21788215637207,923.3709716796875,324.55870628356934,116,1787749310.7203832
840.5075836181641,451.27424240112305,808.0751037597656,415.52404403686523,786.2873077392578,374.34814453125,774.8947906494141,341.92920684814453,771.055908203125,313.4998083114624,809.9993133544922,331.10745906829834,804.9948883056641,290.2596044540405,800.1535034179688,263.8209629058838,796.3730621337891,240.93116283416748,835.8600616455078,329.94696378707886,836.0295104980469,285.45814990997314,833.016357421875,255.42672157287598,828.7967681884766,230.44132232666016,859.3871307373047,337.9346251487732,863.2083129882812,296.72271966934204,859.9384307861328,267.34967708587646,853.7696075439453,243.81657600402832,881.5513610839844,353.6515760421753,884.2949676513672,323.5018301010132,879.8732757568359,301.4902067184448,871.00341796875,283.39441537857056,117,1787749310.7617283
835.3059387207031,423.15237522125244,800.8793640136719,390.2687931060791,774.9848175048828,354.4136667251587,759.581298828125,324.0167713165283,758.0497741699219,296.75243854522705,798.2044982910156,314.5290470123291,790.6199645996094,274.6254801750183,785.4087066650391,252.07396030426025,781.9182586669922,231.89507961273193,819.5677947998047,311.57780170440674,814.0970611572266,269.04101371765137,808.4559631347656,244.4503927230835,803.2124328613281,223.7894868850708,841.0595703125,315.10464906692505,838.4922790527344,274.0392780303955,835.7480621337891,251.57343864440918,832.2320556640625,233.53272914886475,863.436279296875,324.8307466506958,866.1548614501953,293.0543804168701,865.4958343505859,273.0255961418152,862.8517913818359,255.8479356765747,118,1787749310.820527
833.8348388671875,417.34219551086426,801.1625671386719,387.23828315734863,775.2102661132812,354.590220451355,759.8480987548828,323.9618182182312,758.8285064697266,296.2177562713623,798.1813812255859,316.60763025283813,790.9852600097656,277.30369806289673,785.3929138183594,254.17406558990479,780.8713531494141,233.2909870147705,819.7142791748047,313.15455436706543,815.4307556152344,270.27727603912354,810.2942657470703,244.9000382423401,804.0985870361328,222.50174760818481,841.0349273681641,316.07872009277344,840.3253173828125,275.10340690612793,837.6800537109375,252.2702980041504,833.1652069091797,234.06792640686035,862.6506805419922,325.3868007659912,865.6645202636719,293.95294189453125,865.184326171875,273.88810873031616,862.5840759277344,257.3014783859253,119,1787749310.8811026
834.0234375,400.82425117492676,800.8090972900391,373.52940559387207,774.3747711181641,342.607741355896,757.7361297607422,313.309006690979,757.2529602050781,286.57832622528076,787.95166015625,307.3147201538086,777.6941680908203,267.747437953949,772.5623321533203,245.1622724533081,769.4908142089844,225.05956649780273,809.3618011474609,303.29323053359985,801.7300415039062,262.34817266464233,796.7527770996094,238.38293552398682,791.9536590576172,218.52943897247314,831.1055755615234,305.98531007766724,826.8617248535156,268.33451986312866,822.9631042480469,247.07661867141724,818.2773590087891,230.01946449279785,854.1912078857422,314.4846296310425,855.6443023681641,286.30154371261597,854.5156097412109,268.1047296524048,852.3411560058594,252.23045110702515,120,1787749310.928891
831.8849182128906,398.66084575653076,799.4344329833984,371.3227844238281,774.0957641601562,341.7309379577637,756.7833709716797,313.693528175354,756.0024261474609,286.7131447792053,788.6029815673828,308.05387258529663,778.251953125,269.4444179534912,772.5285339355469,246.73052787780762,769.2194366455078,226.37650966644287,809.4236755371094,303.95150899887085,801.4645385742188,263.23413848876953,796.6669464111328,239.2617130279541,791.9073486328125,218.82044792175293,831.4146423339844,306.1183261871338,826.7237854003906,268.2627868652344,823.3675384521484,246.13475561141968,819.1486358642578,228.28012704849243,854.2249298095703,314.3601965904236,856.0376739501953,285.7826328277588,855.6185150146484,267.28721380233765,853.8475799560547,251.33294105529785,121,1787749310.9756136
829.9443054199219,379.3531036376953,797.5643157958984,354.81762886047363,772.6203918457031,325.3703212738037,756.3307189941406,297.4704122543335,755.1972961425781,273.6147379875183,778.8323974609375,294.27682399749756,763.8426971435547,258.89479637145996,756.1608123779297,238.5598111152649,751.5643310546875,220.28879642486572,796.2129211425781,289.89651918411255,781.3170623779297,252.8095507621765,773.4603118896484,230.47998905181885,767.8563690185547,211.61918878555298,816.2122344970703,291.6582155227661,805.0169372558594,258.3386778831482,799.2578887939453,238.5053300857544,794.4149780273438,222.59395122528076,838.9302062988281,298.89882802963257,836.8464660644531,276.7837142944336,834.5691680908203,262.0066738128662,832.9421997070312,249.4375205039978,122,1787749311.036421
836.5476226806641,370.57382583618164,806.0287475585938,343.7371873855591,782.6527404785156,312.7590036392212,768.8991546630859,287.18085765838623,766.0646820068359,265.35743951797485,784.3236541748047,285.5113220214844,770.0316619873047,252.47393131256104,762.0671081542969,232.55885124206543,755.9616088867188,216.27582550048828,803.1656646728516,282.07669973373413,790.0183868408203,247.1087622642517,782.7300262451172,225.88778972625732,776.7167663574219,208.59582424163818,824.5657348632812,284.6906518936157,817.4175262451172,253.57449531555176,812.8373718261719,234.0899634361267,807.9839324951172,218.19109439849854,848.1065368652344,293.4592866897583,847.3391723632812,270.72157859802246,845.4521942138672,255.82677841186523,842.5741577148438,243.48205089569092,123,1787749311.0926695
836.7270660400391,370.52490234375,806.6759490966797,343.71216773986816,783.7929534912109,312.55438327789307,769.9596405029297,287.63221979141235,764.7833251953125,266.91097497940063,785.2565002441406,286.78715229034424,771.0401153564453,253.4346342086792,762.8675842285156,233.2292103767395,756.1081695556641,216.58041715621948,804.7985076904297,282.92972803115845,793.0105590820312,247.08146810531616,786.2007904052734,225.39177417755127,779.9164581298828,208.1220817565918,826.4928436279297,285.6876826286316,819.3618011474609,253.43180179595947,814.4081115722656,233.15524578094482,809.0726470947266,217.36051082611084,849.4755554199219,294.94158267974854,848.92578125,272.299382686615,847.0028686523438,256.95525884628296,844.3098449707031,244.55695152282715,124,1787749311.156124
851.4535522460938,365.7691526412964,823.6246490478516,339.9202537536621,805.8335113525391,306.282262802124,799.4136810302734,278.3181953430176,796.7212677001953,258.41620445251465,807.5119018554688,277.68714666366577,795.1042938232422,243.2920217514038,787.4840545654297,222.53640174865723,781.70166015625,205.77645778656006,826.5230560302734,273.78856658935547,817.8558349609375,237.64614343643188,811.5602111816406,215.2768635749817,806.6041564941406,197.8762149810791,846.3165283203125,277.05787897109985,842.7418518066406,245.9277105331421,839.0205383300781,225.12569904327393,835.8756256103516,209.21826839447021,867.3667144775391,286.66117429733276,870.2313995361328,264.39950466156006,869.2754364013672,248.58477115631104,868.1343841552734,235.91854333877563,125,1787749311.198548
852.9544830322266,362.80211448669434,825.5735778808594,335.36590576171875,808.3235931396484,301.9697642326355,802.7958679199219,274.4173192977905,801.2696838378906,255.13590574264526,808.9038848876953,274.9161672592163,797.2148132324219,241.42719984054565,789.7730255126953,220.62750577926636,784.0493011474609,203.65566730499268,827.9019927978516,271.24321460723877,818.9241027832031,235.70240020751953,812.5536346435547,213.3732032775879,807.3551177978516,195.7614541053772,847.3599243164062,274.50759172439575,842.6817321777344,243.06828260421753,838.7033843994141,223.32308292388916,835.2665710449219,208.64105701446533,868.2260894775391,283.71426343917847,868.8895416259766,260.2817988395691,867.667236328125,245.0467014312744,866.4276885986328,233.53573322296143,126,1787749311.262798
855.5336761474609,371.1634826660156,830.5342864990234,343.3582878112793,812.2683715820312,309.9891185760498,802.3346710205078,283.21131706237793,799.9907684326172,262.54966020584106,818.1285095214844,283.1126546859741,807.6107025146484,244.7836947441101,801.6242218017578,220.6929087638855,797.5840759277344,200.9167456626892,835.0177001953125,281.1966347694397,827.7333831787109,240.92103481292725,823.54248046875,214.2386555671692,820.9125518798828,192.55481958389282,853.4637451171875,285.9068727493286,848.3191680908203,249.06501531600952,846.2949371337891,226.1583709716797,844.7098541259766,208.36182832717896,873.8542175292969,296.5965270996094,875.8557891845703,271.1525559425354,876.1992645263672,253.4943723678589,876.5763854980469,238.9218020439148,127,1787749311.3218539
846.3851928710938,382.5938129425049,820.9097290039062,354.78256702423096,800.3770446777344,322.87299156188965,789.9229431152344,294.50942516326904,792.0625305175781,271.3039183616638,806.9304656982422,294.8985815048218,797.0281982421875,257.55064487457275,792.3992156982422,235.02631187438965,789.7702789306641,216.0433316230774,825.008544921875,292.1412920951843,817.1432495117188,252.9808473587036,813.0133056640625,228.32074642181396,810.6508636474609,207.97996759414673,844.129638671875,295.7832384109497,840.9717559814453,261.7610478401184,838.4093475341797,241.44614696502686,835.8197021484375,225.85753440856934,864.5618438720703,305.6413006782532,867.3548889160156,282.2129774093628,868.0355834960938,266.50001764297485,868.5025787353516,253.58897924423218,128,1787749311.3807912
846.0330200195312,381.80949211120605,821.1086273193359,355.5521893501282,801.4163970947266,323.63542556762695,789.5223236083984,296.0206460952759,791.2886810302734,273.790647983551,807.0150756835938,295.3726887702942,797.0933532714844,256.65231943130493,792.3604583740234,233.63074779510498,789.8468780517578,214.58820104599,824.8076629638672,292.8446102142334,817.6438140869141,252.70983695983887,813.9907836914062,228.0005121231079,811.7513275146484,207.74848222732544,844.1646575927734,296.7505931854248,840.7110595703125,262.23373889923096,839.0273284912109,241.81253671646118,837.2296905517578,225.9081745147705,864.3845367431641,306.3375163078308,866.9110870361328,282.72545099258423,868.2509613037109,267.56895303726196,869.4255828857422,255.0270938873291,129,1787749311.4229956
846.2490844726562,392.45859146118164,821.9052124023438,365.21653175354004,803.2213592529297,331.4267063140869,793.2823181152344,303.6819577217102,793.8775634765625,281.99421644210815,811.8342590332031,301.70514822006226,802.5164794921875,266.090304851532,797.3046112060547,244.21319961547852,793.7371063232422,226.3339376449585,829.2117309570312,301.66815519332886,823.6117553710938,264.224796295166,820.5255889892578,240.59350490570068,818.4439086914062,221.7566728591919,847.8194427490234,308.1547451019287,844.4993591308594,275.6162452697754,843.7085723876953,254.44677114486694,842.6833343505859,238.3628511428833,867.2386169433594,320.95216512680054,870.1654052734375,299.37008142471313,871.0544586181641,284.6458697319031,872.0648956298828,273.2078146934509,130,1787749311.4685628
847.2624206542969,393.07180881500244,824.6682739257812,364.58528995513916,806.1419677734375,330.45860052108765,796.9486999511719,302.2152829170227,796.6947937011719,279.70380306243896,812.0858001708984,303.2120132446289,803.3769989013672,266.9197940826416,798.4890747070312,244.38711404800415,794.6571350097656,225.9721827507019,828.721923828125,302.7207827568054,823.2353210449219,264.9275779724121,820.1431274414062,240.72051286697388,817.8521728515625,221.4171051979065,847.2599792480469,308.8041615486145,843.5382080078125,276.0345411300659,842.3630523681641,254.8473858833313,841.0354614257812,238.97501707077026,866.9130706787109,321.3582515716553,869.3458557128906,300.09148836135864,869.8984527587891,285.3238034248352,870.5282592773438,273.96456241607666,131,1787749311.515045
869.4844055175781,410.2739953994751,847.4844360351562,384.9574613571167,829.9678802490234,350.3689169883728,815.8070373535156,329.6308708190918,806.40625,314.53381061553955,849.4795227050781,317.28790283203125,849.0205383300781,280.66341161727905,846.4984893798828,257.16904163360596,844.6986389160156,238.05403232574463,868.91357421875,316.8289875984192,869.6401214599609,277.8771114349365,867.3792266845703,252.60226964950562,864.8516845703125,232.39944219589233,889.1507720947266,325.0894832611084,893.9406585693359,288.12750577926636,895.9477233886719,264.3071937561035,896.2016296386719,244.36599969863892,909.20166015625,341.5409731864929,922.0614624023438,316.83231353759766,929.2936706542969,299.3339681625366,933.5186767578125,285.5046486854553,132,1787749311.5421143
887.2873687744141,416.4465093612671,865.6476593017578,390.8484935760498,852.744140625,362.88185119628906,851.5554809570312,339.84641790390015,858.6899566650391,325.9851050376892,873.8011932373047,321.5032196044922,874.3062591552734,279.03329372406006,875.5760955810547,254.07231330871582,876.9808197021484,233.46987962722778,893.5655975341797,324.1879177093506,898.3343505859375,280.2019214630127,901.5166473388672,252.73629426956177,904.1088104248047,231.24019145965576,912.0112609863281,334.17118549346924,917.633056640625,296.870219707489,921.0767364501953,272.7208971977234,923.3910369873047,254.15735006332397,929.9172973632812,350.320680141449,938.9779663085938,325.4999041557312,943.8620758056641,308.04930210113525,947.6948547363281,293.29273223876953,133,1787749311.6220863
887.0146942138672,418.59879970550537,865.0733184814453,389.9965810775757,854.7659301757812,360.37795543670654,858.4183502197266,336.18091106414795,866.6764068603516,322.874493598938,873.2896423339844,320.9065246582031,874.4173431396484,278.5116147994995,875.6838989257812,253.70028018951416,877.4168395996094,233.04246425628662,893.5712432861328,324.0138101577759,898.5325622558594,280.2921724319458,901.6249084472656,252.95048475265503,904.2288208007812,231.0616636276245,912.1558380126953,334.3043088912964,918.3911895751953,296.87139987945557,922.4190521240234,273.4690189361572,925.0230407714844,255.54409503936768,929.7099304199219,350.5286693572998,939.2257690429688,325.0944185256958,944.0637969970703,308.1818890571594,947.6583862304688,294.2076873779297,134,1787749311.6896648
861.1783599853516,429.0584707260132,840.5954742431641,400.41574001312256,822.38037109375,373.72591495513916,805.2159118652344,358.01400661468506,793.2045745849609,346.9512891769409,859.0081024169922,322.91738748550415,864.0084075927734,284.78025913238525,866.6842651367188,258.4384775161743,868.9373779296875,238.03049325942993,882.1115875244141,328.86096954345703,899.0546417236328,293.2118582725525,901.9696807861328,269.8767042160034,900.6875610351562,253.35528373718262,900.2580261230469,342.78236389160156,918.7140655517578,312.0445489883423,916.2773132324219,290.91545820236206,908.5957336425781,278.8318061828613,913.3695983886719,363.08956146240234,914.4544219970703,344.618604183197,902.6044464111328,333.227756023407,886.8133544921875,327.65300989151,135,1787749311.7356677
864.6295166015625,431.1132574081421,842.4217987060547,403.73013496398926,822.5341033935547,376.0441589355469,804.2166900634766,357.3277258872986,792.3928833007812,345.64048290252686,852.5002288818359,326.8967127799988,854.7323608398438,287.22772121429443,857.3219299316406,262.2875118255615,860.8095550537109,241.78706645965576,876.063232421875,329.2445468902588,885.4482269287109,290.30670404434204,889.6376037597656,267.09205627441406,891.4884948730469,248.77119541168213,896.7312622070312,338.9825749397278,909.6719360351562,304.09722805023193,912.5252532958984,282.01717615127563,911.5872955322266,265.8440566062927,914.4103240966797,354.6423411369324,926.4844512939453,326.9465160369873,929.4743347167969,309.05643939971924,927.6508331298828,294.2767596244812,136,1787749311.7840023
854.5375061035156,447.6330900192261,822.0516204833984,432.331280708313,795.2001953125,411.25499725341797,776.1272430419922,390.3070306777954,760.1718139648438,374.4683074951172,819.4888305664062,353.9623260498047,809.8493194580078,303.25767517089844,806.2129974365234,272.7780604362488,804.7963714599609,249.403874874115,845.6191253662109,349.8863983154297,842.1439361572266,296.25120878219604,839.3401336669922,262.9496955871582,836.7861938476562,237.71783351898193,870.2524566650391,354.504497051239,871.8450164794922,305.919885635376,871.0729217529297,276.3075256347656,869.1176605224609,254.3809175491333,893.1543731689453,365.14705181121826,900.8196258544922,328.84820222854614,903.5208892822266,306.003634929657,904.8554229736328,286.96439266204834,137,1787749311.8261113
852.5115966796875,460.66768169403076,822.6284790039062,443.41339588165283,796.4906311035156,423.6148738861084,770.5479431152344,408.87903213500977,748.3547973632812,398.5251474380493,821.3835144042969,362.3118495941162,812.9044342041016,310.25405645370483,808.4603118896484,278.52858781814575,806.0932922363281,253.12978506088257,846.5142059326172,359.6092987060547,845.5613708496094,303.5025715827942,844.5098876953125,268.45569133758545,843.2651519775391,240.96176147460938,870.2581024169922,365.89982986450195,876.7528533935547,314.5632076263428,879.9517822265625,282.7449131011963,881.6465759277344,258.0710792541504,892.283935546875,378.5091304779053,904.0826416015625,341.09729290008545,911.3369750976562,317.2481632232666,916.5264129638672,297.0741319656372,138,1787749311.8800638
853.7213134765625,463.9804458618164,825.1165771484375,445.995569229126,797.6119232177734,425.4725933074951,770.7488250732422,409.51387882232666,747.3812866210938,398.60857486724854,822.3519897460938,363.99773597717285,812.3612976074219,310.29218673706055,807.5337219238281,278.24013233184814,805.0794982910156,252.80508756637573,846.7219543457031,360.92379570007324,844.2418670654297,303.8946032524109,843.0596923828125,268.507661819458,842.4632263183594,240.8347749710083,870.3291320800781,366.82748794555664,876.3261413574219,314.77840662002563,879.0738677978516,283.0209016799927,880.7227325439453,258.48302364349365,892.9975128173828,379.26637172698975,904.4046020507812,341.98057651519775,910.6863403320312,318.1454372406006,914.7042083740234,298.08189153671265,139,1787749311.9153755
759.6780395507812,524.6957015991211,722.8003692626953,513.3579397201538,691.9328308105469,491.34125232696533,671.9722747802734,472.9346466064453,657.816162109375,456.5869474411011,714.3687438964844,430.5409812927246,698.9960479736328,383.3216142654419,688.8165283203125,351.9441246986389,682.0339965820312,326.7681813240051,736.6991424560547,426.86051845550537,724.6917724609375,376.0213279724121,717.7631378173828,340.99440336227417,714.4945526123047,311.549391746521,760.8015441894531,431.9982147216797,756.6949462890625,380.8039855957031,754.9187469482422,347.05840587615967,755.6404113769531,318.51905822753906,785.3328704833984,444.40478324890137,793.3986663818359,404.45669174194336,798.8779449462891,375.9488868713379,804.5671081542969,349.8876643180847,140,1787749312.2172897
793.8090515136719,650.6546831130981,760.5944061279297,641.9920921325684,725.7289886474609,633.179726600647,693.6697387695312,636.65123462677,667.5370025634766,647.7004337310791,737.7098846435547,587.0730257034302,730.6101226806641,537.1480178833008,733.9078521728516,503.8039970397949,738.4988403320312,477.3530387878418,767.5252532958984,587.5838470458984,765.6979370117188,537.5761413574219,769.3898773193359,504.02320861816406,774.2273712158203,475.73719024658203,797.2589111328125,596.9597339630127,802.3918914794922,551.5811347961426,808.1154632568359,517.2767543792725,812.9856872558594,486.8057870864868,824.4463348388672,609.9370765686035,839.7761535644531,581.1327266693115,852.2569274902344,560.9702396392822,862.5795745849609,540.9952926635742,141,1787749312.4231923
790.1278686523438,663.6793184280396,752.9402923583984,647.5214338302612,717.5904846191406,628.5646104812622,684.2352294921875,624.6515035629272,656.2828063964844,633.5718011856079,738.8497924804688,589.2962980270386,732.2959899902344,540.3269720077515,734.3293762207031,510.0644016265869,738.4525299072266,483.71137619018555,767.3625946044922,590.3198719024658,766.52587890625,542.8771305084229,768.7246704101562,511.3070583343506,772.3435211181641,482.2278356552124,795.4032135009766,599.6154642105103,801.2586975097656,554.194507598877,807.8192138671875,521.0025787353516,812.8427886962891,490.2004337310791,821.6392517089844,613.5460424423218,839.5290374755859,582.2427749633789,852.8583526611328,560.7202577590942,862.5247955322266,538.9199495315552,142,1787749312.4741473
787.3623657226562,660.6037473678589,749.9570465087891,645.5962514877319,715.4005432128906,626.8385982513428,683.2405853271484,623.6740207672119,655.4830169677734,634.0299224853516,738.5366821289062,588.0077219009399,732.6310729980469,539.508318901062,735.2713775634766,510.2179956436157,739.7011566162109,484.48848724365234,766.451416015625,589.9919986724854,765.5966949462891,543.0876731872559,767.3551177978516,511.77234649658203,770.0215148925781,483.580527305603,793.9710998535156,600.5075883865356,802.5341033935547,554.8290967941284,809.2908477783203,522.8085422515869,813.5138702392578,493.4592533111572,820.2397155761719,616.227650642395,838.8112640380859,582.8559923171997,852.69287109375,561.046199798584,862.7124786376953,539.5833778381348,143,1787749312.5187995
794.1732025146484,577.9951000213623,785.8437347412109,546.3379955291748,769.8805999755859,511.53416633605957,754.6673583984375,485.71985721588135,739.1421508789062,466.09312534332275,772.5719451904297,508.9328956604004,752.3441314697266,479.96315002441406,735.9235382080078,459.978289604187,721.1912536621094,444.398775100708,770.2809906005859,518.3300256729126,748.4966278076172,490.434193611145,731.3190460205078,471.81296825408936,715.465087890625,455.90317726135254,767.2872924804688,532.9315423965454,746.0563659667969,508.00347805023193,730.4004669189453,492.1286201477051,716.0474395751953,477.6780366897583,762.4916839599609,551.2427473068237,747.4742126464844,538.6079549789429,735.5238342285156,528.8504648208618,724.251708984375,521.1557865142822,144,1787749312.6413813
786.7144775390625,573.4601068496704,779.0326690673828,540.6956148147583,762.8391265869141,506.32033824920654,745.6365203857422,482.5575113296509,730.2632904052734,463.4546899795532,766.1811065673828,504.43708419799805,742.8428649902344,476.62678241729736,724.5629119873047,456.905722618103,708.5702514648438,441.0807752609253,762.4483489990234,513.962574005127,739.1749572753906,486.08489513397217,721.1222839355469,466.39245986938477,704.9314880371094,448.71498584747314,756.9267272949219,527.9812574386597,736.2663269042969,503.28978538513184,718.8301849365234,484.25833225250244,703.7116241455078,466.82989597320557,749.8312377929688,546.2727642059326,732.2780609130859,530.1488256454468,719.7428131103516,516.78138256073,708.6855316162109,506.0243511199951,145,1787749312.683855
908.1819152832031,533.5072946548462,933.6403656005859,492.5636959075928,940.7498168945312,439.8703908920288,944.2010498046875,396.7682361602783,945.3347778320312,363.17363262176514,937.1141052246094,426.86485290527344,927.8279876708984,370.06141662597656,917.3666381835938,331.5930461883545,905.2290344238281,302.0058345794678,911.2491607666016,433.51274013519287,887.8040313720703,372.2801399230957,866.3069152832031,332.8352952003479,847.3388671875,303.2335567474365,884.0229034423828,445.91583251953125,861.4946746826172,390.3738498687744,842.2275543212891,355.55203914642334,825.128173828125,330.0692939758301,857.4821472167969,462.77950286865234,838.9900970458984,420.803918838501,824.727783203125,394.67456817626953,811.3350677490234,373.80200386047363,146,1787749313.0468016
909.1848754882812,538.3521795272827,935.0133514404297,497.0236301422119,942.969970703125,444.5683765411377,945.7524108886719,400.7301378250122,946.2385559082031,366.69869899749756,939.7551727294922,429.5563745498657,928.4196472167969,367.75360107421875,915.5517578125,327.06440448760986,902.7860260009766,295.8098244667053,912.9576873779297,436.40862464904785,886.4174652099609,372.96257972717285,863.3792877197266,331.6142249107361,844.0686798095703,300.8625268936157,884.7592163085938,448.91780376434326,860.9979248046875,391.5686559677124,842.0525360107422,354.5629692077637,825.6600189208984,328.0877637863159,857.9578399658203,465.8724546432495,839.2324829101562,421.8228578567505,825.5409240722656,394.38939571380615,812.3931884765625,372.60878562927246,147,1787749313.0868664
