P0_x,P0_y,P1_x,P1_y,P2_x,P2_y,P3_x,P3_y,P4_x,P4_y,P5_x,P5_y,P6_x,P6_y,P7_x,P7_y,P8_x,P8_y,P9_x,P9_y,P10_x,P10_y,P11_x,P11_y,P12_x,P12_y,P13_x,P13_y,P14_x,P14_y,P15_x,P15_y,P16_x,P16_y,P17_x,P17_y,P18_x,P18_y,P19_x,P19_y,P20_x,P20_y,frame_number,timestamp
847.1339416503906,609.5650863647461,813.6875915527344,592.3305416107178,787.0428466796875,550.1640701293945,797.5548553466797,518.2539796829224,823.1899261474609,498.46644401550293,831.7247772216797,486.97847843170166,820.5341339111328,463.4803104400635,808.5383605957031,442.07520961761475,798.3448791503906,421.7335510253906,866.580810546875,488.5650157928467,850.7633209228516,474.895920753479,832.2817230224609,462.73053646087646,815.5107879638672,443.6250972747803,897.5176239013672,501.9264078140259,867.3091888427734,504.30087089538574,852.1867370605469,540.9265422821045,845.1451110839844,564.0107488632202,923.973388671875,525.4272365570068,892.7040100097656,530.3479528427124,874.58740234375,557.8720092773438,866.7932891845703,577.9454040527344,1,1787820933.7919183
827.3509979248047,585.1330375671387,794.9563598632812,565.5802917480469,771.1285400390625,522.511568069458,782.0795440673828,489.0271282196045,802.1804046630859,468.8797903060913,810.3092956542969,451.94427967071533,803.8317108154297,424.43318367004395,800.5409240722656,398.0957794189453,797.3617553710938,373.95898818969727,845.7688140869141,449.7176170349121,830.4489135742188,451.7416763305664,822.0771026611328,483.5710859298706,816.3309478759766,505.58356761932373,874.6731567382812,463.0180263519287,848.6872863769531,479.15831565856934,835.4787445068359,513.7976932525635,830.5889129638672,535.6927585601807,898.1034088134766,485.4697036743164,870.2046966552734,501.0526514053345,852.1334838867188,529.6279621124268,845.2173614501953,548.7656736373901,2,1787820933.8457134
805.8551025390625,559.3534469604492,777.9191589355469,541.5794563293457,749.5643615722656,499.5455503463745,753.9288330078125,465.75121879577637,780.6432342529297,448.57778549194336,790.8176422119141,414.6579694747925,781.9330596923828,386.3447427749634,774.8084259033203,360.6433439254761,770.9111785888672,338.7545442581177,827.4237823486328,414.2159414291382,805.9626770019531,430.659556388855,793.0888366699219,471.96484565734863,794.4442749023438,491.7019557952881,855.5400848388672,431.65021419525146,827.7075958251953,455.7369661331177,813.6943054199219,491.80641174316406,817.0493316650391,504.34056758880615,880.0424957275391,457.4016523361206,851.9598388671875,477.1263599395752,832.6966094970703,504.3151617050171,829.7405242919922,514.1536331176758,3,1787820933.8875165
798.2212066650391,542.977294921875,765.9349822998047,526.0311841964722,737.1809387207031,487.5203275680542,743.8343048095703,455.6688165664673,770.0332641601562,432.6076555252075,770.3223419189453,398.93649101257324,762.152099609375,355.3074645996094,757.8404998779297,320.15329599380493,756.0955810546875,289.7535467147827,808.8112640380859,394.46102142333984,782.6347351074219,409.622540473938,772.9469299316406,451.6521120071411,777.9000854492188,470.1816701889038,838.5692596435547,409.52696800231934,808.7920379638672,436.1283016204834,796.5135955810547,473.15115451812744,802.8687286376953,484.4922637939453,864.7633361816406,434.251184463501,834.1632080078125,456.7674493789673,815.7485198974609,486.32457733154297,814.9138641357422,495.9848642349243,4,1787820933.9321043
789.3736267089844,531.4336681365967,752.2319030761719,514.8867130279541,722.664794921875,475.69740772247314,728.8005065917969,441.98071002960205,760.9775543212891,425.864839553833,748.1593322753906,383.51627826690674,739.9273681640625,323.97754669189453,737.6731109619141,281.30555391311646,735.5003356933594,244.18169975280762,789.7236633300781,378.41111183166504,764.063720703125,390.9931182861328,756.7747497558594,436.312837600708,760.9857177734375,450.23212909698486,823.0834197998047,393.690390586853,793.306884765625,423.20112705230713,781.1995697021484,462.5619649887085,785.8118438720703,470.14944076538086,850.3292083740234,420.06667613983154,820.0443267822266,444.8717451095581,802.1718597412109,474.77030754089355,801.3433837890625,480.74416637420654,5,1787820933.977389
782.6120758056641,530.7547044754028,741.4723968505859,513.2127141952515,707.8836822509766,474.05765533447266,713.8941955566406,439.59015369415283,747.9145812988281,421.5011215209961,732.7568817138672,377.19398975372314,729.1328430175781,317.72645473480225,726.3237762451172,278.2133960723877,727.4001312255859,244.70807790756226,775.3852844238281,374.13588523864746,753.6116027832031,384.5480489730835,741.9100952148438,433.93266677856445,743.8847351074219,450.5516767501831,811.6574096679688,390.4034614562988,784.6083831787109,419.26514625549316,769.1240692138672,463.05373191833496,769.49951171875,471.7317724227905,841.8375396728516,417.1823787689209,810.7576751708984,442.83395290374756,793.9214324951172,475.5683183670044,793.1124114990234,482.3424196243286,6,1787820934.0223298
753.5573577880859,553.9080476760864,703.5113525390625,528.4634113311768,673.1015014648438,490.9219264984131,663.1126403808594,456.14946842193604,678.1056976318359,433.07169914245605,697.0279693603516,400.0818157196045,690.2883148193359,337.77897119522095,686.6807556152344,296.4593267440796,686.2791442871094,260.9637451171875,739.7044372558594,396.45190715789795,706.7937469482422,402.4465799331665,697.3208618164062,448.9481019973755,700.6986236572266,473.402681350708,773.6653900146484,411.217360496521,729.7119140625,443.28919887542725,720.3759002685547,482.0508098602295,724.2550659179688,495.74689865112305,799.0323638916016,436.27790451049805,757.2380828857422,465.2972602844238,743.4180450439453,494.0699815750122,742.6882934570312,503.7856721878052,7,1787820934.0742686
742.423095703125,556.1336803436279,686.4723968505859,528.8887023925781,654.0222930908203,479.86607551574707,642.8596496582031,444.68356132507324,634.2597198486328,417.5004243850708,682.4150085449219,403.5439682006836,668.8623809814453,341.251745223999,663.0591583251953,299.62961196899414,660.5860900878906,264.3870162963867,723.3721160888672,400.0256824493408,681.0398864746094,417.7875280380249,674.7859954833984,464.32243824005127,683.96728515625,484.0213966369629,755.3275299072266,415.7602071762085,708.792724609375,447.03678131103516,701.1358642578125,486.38474464416504,707.2365570068359,497.92330741882324,779.9404144287109,440.9370517730713,741.8639373779297,467.5754642486572,726.6091918945312,496.89003467559814,724.2115783691406,505.5291509628296,8,1787820934.117244
730.7665252685547,556.3841342926025,672.196044921875,525.9462547302246,638.59130859375,471.2043857574463,622.8717803955078,430.3779458999634,613.0234527587891,408.21847915649414,666.939697265625,402.3010540008545,651.1209106445312,341.6447854042053,642.8476715087891,302.67080783843994,638.3786392211914,268.9064955711365,705.1690673828125,399.3176221847534,659.3445587158203,419.8466491699219,657.1894836425781,465.38562297821045,669.8445129394531,484.87232208251953,735.4022216796875,415.5427122116089,685.4006958007812,447.4204444885254,681.7173767089844,486.8167304992676,690.7896423339844,499.60700511932373,758.5944366455078,440.8371877670288,717.5924682617188,470.8178472518921,704.9630737304688,499.4404935836792,704.6309661865234,508.0663061141968,9,1787820934.166946
711.6049957275391,551.1320686340332,657.2867584228516,521.3540554046631,623.6268997192383,468.9660930633545,609.6320343017578,428.8999843597412,592.650146484375,407.48844623565674,651.6480255126953,400.1315116882324,634.0653610229492,341.28867387771606,625.0826263427734,303.3603072166443,619.2920684814453,269.5496463775635,692.2354125976562,396.1077690124512,641.6458129882812,416.4028215408325,640.4811859130859,463.01558017730713,653.9151763916016,485.1111030578613,721.7471313476562,411.8863248825073,666.6412353515625,442.7904796600342,665.352783203125,482.6583194732666,676.6063690185547,497.92017459869385,742.403564453125,436.68834686279297,698.3146667480469,464.36938762664795,689.1781616210938,493.2102584838867,692.2461700439453,503.4824323654175,10,1787820934.226614
692.061767578125,543.0200386047363,640.5606079101562,511.96374893188477,609.3677139282227,464.80557918548584,595.603141784668,429.36535835266113,585.1639556884766,408.04492950439453,637.7164077758789,394.1578245162964,619.5256042480469,336.9430446624756,609.2340850830078,299.14039850234985,603.1252670288086,265.6474828720093,677.5798797607422,391.05259895324707,625.2083587646484,409.3612289428711,621.2590026855469,455.7599687576294,633.7229537963867,477.45513439178467,706.6197204589844,407.00067043304443,650.4552459716797,436.61423206329346,646.8983459472656,476.27152919769287,657.4827575683594,490.173397064209,727.0481109619141,432.01048851013184,680.8124542236328,459.92297172546387,671.5578460693359,489.0094470977783,675.7077026367188,498.12239170074463,11,1787820934.299296
679.781494140625,536.7956829071045,629.8199462890625,507.6965045928955,600.1466751098633,464.28252696990967,588.7306594848633,431.40074729919434,581.2699890136719,405.4532718658447,629.2173385620117,391.03315830230713,610.6484603881836,333.1060481071472,600.7542037963867,294.26605224609375,595.1154708862305,261.0792088508606,669.0577697753906,387.6091146469116,619.1875457763672,401.7850399017334,612.0936965942383,449.4257068634033,621.9296264648438,471.8836498260498,697.0074462890625,402.7820062637329,641.9763946533203,430.9512519836426,637.2742080688477,470.8103370666504,647.4665069580078,484.3169975280762,715.6317138671875,427.2168445587158,669.9634552001953,454.5231056213379,660.9681701660156,484.05645847320557,666.2355804443359,493.19347858428955,12,1787820934.358054
645.5124664306641,504.0586996078491,596.4052963256836,475.18967628479004,565.8955383300781,432.6920700073242,563.4241104125977,397.08756923675537,583.1618118286133,381.2026262283325,603.5335922241211,360.1059579849243,590.1657867431641,302.7839756011963,582.3836517333984,266.03726148605347,579.2309951782227,233.72520446777344,639.8125839233398,358.88638973236084,598.5800933837891,370.6200885772705,595.7131576538086,413.73228549957275,608.7479400634766,432.78807163238525,664.6401214599609,374.54907417297363,615.2178573608398,394.4134712219238,610.8244705200195,432.16386795043945,622.216682434082,446.7369747161865,680.0917816162109,398.6937618255615,635.0612258911133,421.3814306259155,629.0361785888672,449.80846881866455,637.958984375,459.2613458633423,13,1787820934.407711
639.8237991333008,496.2684917449951,588.7821197509766,468.2750701904297,557.8577041625977,424.6660852432251,554.8440933227539,387.45625019073486,576.7026138305664,372.63603687286377,596.8635559082031,351.9515061378479,584.425048828125,295.23083209991455,577.8939819335938,258.81239891052246,576.3592529296875,226.3406538963318,633.1550598144531,349.91989374160767,587.6194000244141,359.82346773147583,582.3995971679688,402.61154651641846,595.2554321289062,421.2289094924927,657.6085662841797,364.9992513656616,605.3516006469727,385.3403091430664,600.146598815918,422.5886392593384,612.8923034667969,436.27129554748535,671.8682861328125,388.9163589477539,626.1440277099609,410.11284828186035,615.7452774047852,440.3971767425537,621.2568664550781,453.09484004974365,14,1787820934.446716
631.6592407226562,488.80388259887695,578.4955596923828,460.56777477264404,548.1795120239258,414.8363256454468,547.0772933959961,378.4557867050171,569.6540832519531,367.2529077529907,591.0067749023438,344.7844076156616,578.3464813232422,288.34723234176636,572.2712707519531,252.3436403274536,570.8842849731445,220.27864694595337,626.7874526977539,343.15452575683594,581.3264465332031,352.8250479698181,574.466552734375,393.46461296081543,585.7649993896484,412.7490520477295,649.8096466064453,358.3799886703491,596.9797897338867,379.5930004119873,590.7208251953125,415.1876735687256,602.0269393920898,429.42715644836426,661.8370819091797,382.2651672363281,615.8822631835938,406.0626697540283,606.4115142822266,434.827880859375,612.1900939941406,446.50609016418457,15,1787820934.4848168
622.5801467895508,485.0367736816406,569.3654251098633,458.22386741638184,540.4533004760742,416.086106300354,538.4889221191406,382.5148057937622,557.8643035888672,365.7544755935669,582.3827743530273,342.138032913208,570.8425521850586,284.96041774749756,565.6179809570312,247.9088544845581,564.7661972045898,215.94196557998657,619.2799758911133,340.23207664489746,572.3099899291992,352.1413850784302,563.624267578125,391.33137702941895,574.8096466064453,407.4700355529785,642.3467254638672,356.3270902633667,589.1363906860352,378.66482734680176,579.921989440918,412.5612545013428,590.3685760498047,423.44836235046387,653.5452270507812,380.59078216552734,608.5157012939453,404.7758102416992,595.7448577880859,432.7025842666626,599.1162872314453,442.9720115661621,16,1787820934.529272
612.1438598632812,486.4751672744751,563.3772277832031,462.8225898742676,532.794075012207,422.8841972351074,528.9960098266602,388.7349557876587,548.1545257568359,369.89572048187256,571.0469436645508,346.0831546783447,561.6164398193359,287.4365258216858,558.1892776489258,249.11988258361816,557.3563385009766,217.2714614868164,608.2361221313477,342.99097537994385,564.366455078125,359.8844075202942,553.1903076171875,400.2249813079834,558.289680480957,422.93543815612793,632.5261688232422,359.39124584198,580.1052093505859,388.67865085601807,570.0899505615234,423.825888633728,575.7325744628906,440.8664131164551,645.6499481201172,384.0104913711548,601.7711639404297,407.8706932067871,588.950309753418,435.35651206970215,589.3564605712891,449.8802661895752,17,1787820934.5756533
606.3274765014648,494.79512214660645,556.2819671630859,472.1510982513428,524.2866897583008,434.3959379196167,517.4236297607422,400.71855068206787,536.9729232788086,385.77152252197266,561.9779586791992,354.0462255477905,552.203254699707,295.17208099365234,546.2307739257812,256.23608350753784,543.8202667236328,223.690824508667,598.400764465332,351.3015103340149,555.6465530395508,371.47170066833496,546.2011337280273,411.64466857910156,551.9865798950195,433.96013259887695,623.3915328979492,368.33171367645264,572.1274948120117,402.041072845459,563.6974334716797,436.16100311279297,569.3450546264648,452.4967288970947,637.8322601318359,394.0943956375122,593.3636093139648,422.66515731811523,581.3385772705078,449.50939178466797,581.5920639038086,462.79778480529785,18,1787820934.6192286
601.8200302124023,508.15393924713135,550.9431838989258,488.125262260437,518.5951232910156,455.12147426605225,509.3431091308594,425.928053855896,527.5441741943359,408.1729459762573,551.4847946166992,369.6334648132324,536.2770080566406,307.9107928276062,527.4430847167969,268.7070894241333,524.0896224975586,235.66180229187012,589.5940780639648,365.32875537872314,545.4965209960938,388.4200859069824,536.7258834838867,429.14799213409424,544.4084548950195,449.11298274993896,616.0136032104492,382.2770118713379,564.4810485839844,420.5096483230591,557.2193908691406,453.5966491699219,565.4150772094727,466.69355392456055,631.3140869140625,409.03168201446533,587.2369384765625,444.12484645843506,576.8228149414062,470.4737091064453,580.092658996582,480.7366991043091,19,1787820934.6596675
600.5797958374023,524.6408987045288,548.0678176879883,504.8576545715332,515.2467346191406,475.8532762527466,503.587646484375,450.1785707473755,519.5009994506836,436.7324638366699,542.0612335205078,387.45534896850586,519.9824523925781,326.9142436981201,506.8058395385742,289.06033515930176,500.6875228881836,255.46154737472534,581.702766418457,381.73293113708496,537.4799728393555,407.98643589019775,530.2099990844727,450.82088470458984,539.0962600708008,467.55486488342285,610.0330352783203,399.9174928665161,558.4826278686523,446.39326572418213,551.6474533081055,478.581748008728,561.7836380004883,485.54094314575195,626.5631866455078,428.47065925598145,581.8133544921875,469.92443561553955,571.8581390380859,494.89434242248535,577.5937271118164,499.97114181518555,20,1787820934.7052765
594.1485977172852,524.5309495925903,543.0311965942383,513.8527536392212,491.98486328125,504.9445152282715,472.7735137939453,519.2069149017334,475.63011169433594,531.7470359802246,519.2481994628906,437.1590852737427,472.12745666503906,414.02544021606445,441.34037017822266,394.92313385009766,421.07128143310547,376.64222717285156,563.9946746826172,431.1003828048706,515.3401184082031,500.0215244293213,507.47203826904297,527.9316902160645,515.9947204589844,533.2031536102295,598.7824249267578,453.1549644470215,548.2434844970703,532.2476005554199,538.1483459472656,546.2754249572754,543.5866165161133,543.1809711456299,621.9454574584961,482.18989849090576,581.8234252929688,545.8294916152954,568.6503601074219,556.3718605041504,569.6249008178711,550.7962131500244,21,1787820934.7473109
591.1354064941406,557.1269130706787,540.0807189941406,544.687557220459,504.2824935913086,530.6940650939941,491.4944076538086,530.605616569519,504.8126220703125,537.8802824020386,519.333610534668,449.4183683395386,470.6821823120117,427.79422760009766,440.5013656616211,406.8966865539551,418.86966705322266,386.49245738983154,561.1579132080078,440.8421230316162,518.1150436401367,495.37001609802246,517.0746231079102,531.7925691604614,525.9159469604492,533.544716835022,596.2475967407227,462.70216941833496,551.7206192016602,533.1710958480835,542.8363800048828,553.3724641799927,547.6736450195312,545.69091796875,619.9419784545898,495.97211837768555,581.6023254394531,551.1224126815796,570.8742141723633,565.9855842590332,573.7621688842773,559.2156887054443,22,1787820934.7900493
602.9094314575195,557.6988458633423,551.109504699707,543.7701988220215,510.27496337890625,526.355710029602,491.5507507324219,524.9751663208008,504.46556091308594,534.851016998291,526.2215805053711,445.78734397888184,474.4487762451172,425.8784008026123,440.7679748535156,405.09501457214355,416.68846130371094,385.0288724899292,565.4238510131836,438.4519100189209,521.2786865234375,497.3731327056885,524.2499160766602,529.6422958374023,536.6789627075195,532.2027540206909,598.4580612182617,460.8509302139282,550.7146453857422,534.780592918396,548.3314895629883,551.8865203857422,557.5305557250977,543.4627103805542,621.0475921630859,493.7569570541382,579.942626953125,552.108736038208,573.5753631591797,567.291669845581,579.5636749267578,560.8078050613403,23,1787820934.8412383
605.0569915771484,552.9249429702759,552.0388793945312,535.9942388534546,512.4275588989258,519.5785188674927,491.77581787109375,518.2314491271973,505.6385040283203,523.6691236495972,531.6172409057617,438.43573093414307,481.9147491455078,416.3807201385498,449.78790283203125,395.0469446182251,425.49583435058594,373.5171318054199,570.9420013427734,433.03483486175537,521.8304061889648,485.19217014312744,527.6913070678711,518.9158630371094,542.7972412109375,518.2715749740601,603.5115814208984,455.7955026626587,553.4764099121094,523.6532878875732,552.841796875,543.2998895645142,564.5609664916992,535.4949188232422,626.2586975097656,489.17372703552246,584.0301132202148,542.9860496520996,579.6862030029297,559.6463012695312,588.1416320800781,554.3953514099121,24,1787820934.8808632
610.8823776245117,548.1828832626343,556.0721969604492,530.2910470962524,513.8147354125977,511.30881786346436,492.13993072509766,508.4188985824585,508.9649963378906,513.2545137405396,534.471321105957,431.4144802093506,487.42469787597656,407.58779525756836,457.92510986328125,385.2640914916992,436.1813735961914,362.0358610153198,573.7985229492188,425.2535104751587,526.0932540893555,477.0316457748413,529.6548461914062,512.1585845947266,542.6165008544922,512.997579574585,606.8065643310547,447.19595432281494,557.4018096923828,516.2615060806274,556.4898681640625,537.1116256713867,567.3469543457031,529.0664577484131,630.1392364501953,480.3389596939087,587.3651885986328,534.8032522201538,582.7535247802734,552.7681732177734,590.6463623046875,548.1912517547607,25,1787820934.9108245
617.0516967773438,545.7756328582764,562.1112060546875,528.587908744812,520.5083847045898,510.90442657470703,497.86205291748047,503.24262142181396,517.3868179321289,502.48791217803955,542.1933746337891,426.1341333389282,495.0751495361328,399.05867099761963,466.8718719482422,375.56736946105957,446.5330123901367,351.4559841156006,580.291862487793,419.5628070831299,530.2434539794922,470.9320878982544,535.8968353271484,507.6890802383423,551.3329696655273,507.9170036315918,612.5162506103516,440.7899808883667,562.484245300293,508.8221311569214,562.0980453491211,528.9532470703125,574.0616226196289,518.9978313446045,634.8685455322266,474.1024589538574,590.8404541015625,527.4483346939087,587.8597640991211,543.4582042694092,598.1254577636719,536.4951038360596,26,1787820934.9604146
624.1329574584961,544.34157371521,566.9878387451172,527.9208755493164,525.3982162475586,511.0349750518799,505.34839630126953,500.8550691604614,524.7397994995117,497.12915897369385,549.146614074707,423.4054899215698,503.67218017578125,393.13493728637695,475.333251953125,368.8085460662842,454.74632263183594,344.8214864730835,587.5132751464844,417.03715324401855,538.6180114746094,465.1102352142334,539.4248962402344,501.6730785369873,550.744743347168,508.37018966674805,618.4273529052734,437.8414821624756,565.724983215332,503.7046480178833,563.670654296875,527.6168203353882,573.2240676879883,524.9812173843384,639.8590469360352,469.7342777252197,591.9691848754883,520.7532835006714,584.7359085083008,542.6322555541992,589.7894287109375,544.2814064025879,27,1787820935.0045936
632.823486328125,542.0732402801514,577.4462890625,523.604621887207,537.8593063354492,505.2935457229614,516.1946868896484,495.1791715621948,529.5883560180664,492.8898096084595,557.9600143432617,419.71936225891113,512.3342132568359,388.0531167984009,484.5117950439453,363.4654998779297,464.18094635009766,338.93633365631104,595.6587600708008,414.68183040618896,546.3265991210938,458.69336128234863,546.0089874267578,496.46839141845703,557.3295593261719,506.5276622772217,625.6442260742188,436.05371475219727,571.9597244262695,500.2119827270508,568.1487274169922,525.9484434127808,577.2163391113281,525.9864664077759,645.9174346923828,468.0408811569214,597.4803924560547,517.2426795959473,587.3239898681641,540.1579284667969,589.6005249023438,544.0462303161621,28,1787820935.0509765
637.6332855224609,541.5707874298096,583.2887649536133,522.3580598831177,543.8228225708008,502.7735137939453,520.0949478149414,488.7015724182129,531.1475372314453,485.98005294799805,564.8306655883789,416.7402648925781,520.8475494384766,383.66618156433105,493.6878204345703,359.3043851852417,474.35333251953125,334.9643039703369,601.8780136108398,412.10124492645264,550.8706283569336,454.53997135162354,553.5735321044922,494.8982906341553,567.9212188720703,499.6837377548218,631.8612670898438,432.96217918395996,578.2765960693359,494.92305278778076,575.610237121582,522.2458362579346,586.4020156860352,518.5613822937012,652.2319793701172,464.86772060394287,603.9114379882812,513.5676670074463,593.4487533569336,536.6737174987793,596.2660980224609,538.2219314575195,29,1787820935.0904272
644.0634918212891,541.4442300796509,589.7217559814453,522.6705265045166,553.8418197631836,501.73208713531494,531.9364166259766,486.1443328857422,537.9041290283203,478.9874267578125,574.2293930053711,416.41204833984375,532.7105712890625,379.4882011413574,505.8631134033203,352.8566551208496,486.9919204711914,328.23519945144653,611.5809631347656,411.4128828048706,561.1019134521484,451.6332721710205,561.0860443115234,491.4117622375488,573.70849609375,498.7658643722534,640.9130096435547,431.6966485977173,585.5212783813477,491.69285774230957,580.761833190918,519.3719673156738,589.9800491333008,517.8199338912964,659.7140502929688,463.18445205688477,610.8507537841797,511.0734272003174,600.2065277099609,532.8882837295532,602.9751586914062,534.0294456481934,30,1787820935.141967
661.4646148681641,525.134768486023,621.9700622558594,500.71696758270264,597.4787521362305,472.7875757217407,587.8424835205078,452.37064361572266,604.3194198608398,441.1348485946655,627.6850891113281,397.44874477386475,605.6986999511719,342.14344024658203,591.6486740112305,308.0893850326538,581.9032669067383,278.1328010559082,664.5152282714844,397.5783061981201,626.9674682617188,416.7550277709961,617.9295349121094,456.3404417037964,624.7089767456055,468.32648277282715,693.3327484130859,419.39573764801025,650.2084350585938,461.03392124176025,637.9082870483398,488.14603328704834,643.7311553955078,489.29152965545654,714.7704315185547,449.6447467803955,678.3030700683594,482.97224521636963,660.5071258544922,506.1159324645996,659.7535705566406,511.2683057785034,31,1787820935.190181
672.5308990478516,519.0313911437988,636.8628311157227,496.06507301330566,616.0367202758789,463.1611490249634,615.5582809448242,437.77273178100586,637.4029922485352,426.4119243621826,651.3114929199219,390.87119579315186,633.5445404052734,333.30554008483887,623.5232162475586,297.15455532073975,618.4865951538086,265.71417331695557,691.0281372070312,389.17097568511963,661.8340301513672,411.95013999938965,645.8875274658203,452.5631618499756,646.6127014160156,465.10457038879395,718.5587310791016,409.5938730239868,681.0231781005859,448.8817548751831,662.7297973632812,479.7928190231323,664.7928619384766,484.1454219818115,737.305908203125,437.73518085479736,703.9337921142578,472.4389314651489,682.6033020019531,497.027063369751,679.6804809570312,502.30273246765137,32,1787820935.232999
676.5128326416016,518.4661960601807,644.8227691650391,490.5653429031372,628.1943511962891,453.87993335723877,633.4889984130859,428.9524269104004,659.3650817871094,420.05152702331543,664.2288970947266,386.7140293121338,654.4577789306641,329.8089051246643,649.6186065673828,292.7880263328552,647.3784637451172,259.435293674469,707.8569793701172,384.5427703857422,684.0734100341797,404.8590660095215,666.6427612304688,446.17568492889404,662.6551055908203,462.7370595932007,737.7446746826172,403.8864755630493,701.3739013671875,445.6006622314453,681.8710327148438,476.1010694503784,680.5294036865234,482.25379943847656,758.2168579101562,432.34411239624023,724.1600799560547,470.07318019866943,701.4933013916016,494.3788433074951,695.7679748535156,499.7648048400879,33,1787820935.2850404
678.7029266357422,520.9159326553345,645.3368377685547,491.0900688171387,629.72900390625,453.52970123291016,640.3508758544922,431.1794328689575,675.1329040527344,430.8437490463257,671.8490600585938,382.39391326904297,665.3240966796875,327.3647689819336,660.8998107910156,290.53934812545776,660.2780151367188,257.4513816833496,717.9959106445312,381.5505838394165,698.1220245361328,410.4115390777588,677.1982574462891,450.023775100708,671.7881011962891,464.4059944152832,747.7330780029297,404.38995838165283,713.8653564453125,451.0239601135254,690.0704956054688,479.40439224243164,687.8498840332031,484.1210889816284,766.4579772949219,435.9605026245117,734.9755859375,478.5011959075928,710.635986328125,500.1615571975708,705.2803039550781,504.7994613647461,34,1787820935.3264825
695.7379913330078,525.6456756591797,653.4725952148438,494.12572860717773,629.4704437255859,454.0529251098633,639.2584609985352,433.84082794189453,674.8194885253906,432.42204666137695,670.9334564208984,382.5937271118164,665.3318023681641,327.93612241744995,662.8919219970703,292.1883702278137,663.9925384521484,260.0497341156006,719.3727874755859,381.49346351623535,696.3011932373047,411.19186878204346,675.2957153320312,447.21827030181885,671.0048675537109,458.3183240890503,751.2505340576172,404.70130920410156,713.0351257324219,453.48987579345703,690.8590698242188,480.55405139923096,690.3571319580078,483.9056968688965,772.0799255371094,437.3870086669922,735.4385375976562,481.8361473083496,711.6197204589844,502.48083114624023,706.3166809082031,505.0164842605591,35,1787820935.3790638
694.3077850341797,530.6944513320923,655.3582763671875,499.60219860076904,634.4768142700195,459.3928813934326,638.011589050293,437.9759359359741,667.1332550048828,435.6597948074341,671.8035888671875,390.46538829803467,659.0131378173828,335.48325777053833,651.7538452148438,299.77975130081177,648.7636566162109,266.82166814804077,718.5194396972656,392.4748134613037,694.7660827636719,422.6963138580322,673.8666534423828,460.15424251556396,667.8952026367188,471.76219940185547,749.0409851074219,417.67882347106934,715.0909423828125,463.5664415359497,692.6548004150391,491.2252950668335,689.3825531005859,494.35790061950684,766.5993499755859,450.20384788513184,735.9925842285156,491.57926082611084,713.7953948974609,511.5757083892822,707.3731231689453,514.0863847732544,36,1787820935.4047148
700.8291625976562,527.0946264266968,656.3092803955078,500.7763624191284,629.885139465332,466.94993019104004,630.6706619262695,444.50833797454834,656.9225311279297,437.00055599212646,665.3891754150391,386.0618019104004,643.7734985351562,333.86717319488525,631.4374160766602,298.72547149658203,626.0330963134766,268.1173896789551,710.2696990966797,384.82412338256836,681.5362548828125,415.4467964172363,664.9918365478516,455.057315826416,667.5763702392578,464.48856353759766,739.5527648925781,408.75436305999756,701.9485473632812,454.88818645477295,683.1564331054688,482.4705648422241,686.8171691894531,482.2986888885498,757.745361328125,441.23531341552734,722.9486083984375,483.3420467376709,705.6971740722656,502.607216835022,706.6461181640625,501.0623073577881,37,1787820935.452661
701.7869567871094,517.2614765167236,657.9238891601562,493.82047176361084,632.4965286254883,463.5512924194336,629.8544311523438,439.9445056915283,646.2083435058594,425.70356369018555,661.435546875,378.9898681640625,635.091667175293,328.0241847038269,620.9503173828125,293.17102432250977,614.3807983398438,263.0407190322876,700.6904602050781,378.4740686416626,671.7672729492188,408.72779846191406,658.8255310058594,448.50804805755615,662.5944519042969,457.8805446624756,728.7714385986328,401.953182220459,692.6272583007812,448.3956527709961,677.2574615478516,477.7316379547119,681.6020202636719,478.4917974472046,748.0459594726562,433.78941535949707,715.5879974365234,475.81066131591797,699.55810546875,496.97234630584717,700.1445007324219,497.2257614135742,38,1787820935.4931786
691.2948608398438,507.10015296936035,650.0599670410156,479.3707466125488,628.2804107666016,443.78907680511475,627.9376220703125,421.72810077667236,647.9383087158203,411.868257522583,657.2051239013672,369.9167060852051,636.8117523193359,317.27163791656494,624.5922470092773,282.4267816543579,617.1128082275391,251.8671727180481,699.0309143066406,366.28040313720703,670.6000518798828,394.97411727905273,655.7666778564453,437.3140525817871,656.7238616943359,451.1950635910034,729.6422576904297,388.01711082458496,693.1471252441406,431.9547414779663,674.5791625976562,464.2878484725952,674.8372650146484,469.6616220474243,750.2493286132812,420.2394962310791,718.9268493652344,460.5597925186157,698.8137817382812,483.2899475097656,694.2191314697266,487.6762390136719,39,1787820935.5385056
736.5818023681641,486.1348485946655,700.0909423828125,459.01702880859375,681.4751434326172,417.3594045639038,696.9641876220703,389.7890853881836,740.4947662353516,385.44764041900635,724.2708587646484,343.0695104598999,731.5254211425781,281.19210720062256,734.2273712158203,240.40472030639648,737.2647857666016,204.55279111862183,771.2319946289062,343.5584878921509,764.3509674072266,374.7188472747803,738.4349060058594,414.3335294723511,727.6846313476562,429.2887544631958,804.6287536621094,368.11018466949463,778.7643432617188,426.5957307815552,743.5356140136719,455.696496963501,730.2675628662109,455.9903383255005,826.5264892578125,401.39554023742676,798.8746643066406,449.9116373062134,768.5655212402344,474.7232723236084,755.224609375,476.28530502319336,40,1787820935.589834
758.4696960449219,498.89851570129395,726.3479614257812,470.3562068939209,710.1063537597656,426.9742441177368,728.0021667480469,401.5476322174072,763.0258941650391,400.02692699432373,755.7201385498047,350.90739727020264,756.8910217285156,288.6082863807678,759.4246673583984,248.7454891204834,764.9279022216797,214.67336654663086,797.4080657958984,354.52123403549194,789.0196990966797,385.5009412765503,764.8670959472656,421.8204116821289,752.8271484375,438.68850231170654,825.9796142578125,379.21010971069336,800.6974792480469,429.8515033721924,772.891845703125,456.10487937927246,764.2234802246094,460.1942825317383,845.6233978271484,411.4721488952637,818.0694580078125,457.03601360321045,788.5603332519531,478.52840423583984,776.4527130126953,481.4073371887207,41,1787820935.6411643
761.1898803710938,512.5407886505127,726.4054107666016,483.7237358093262,708.7209320068359,439.29845809936523,728.1154632568359,418.34461212158203,765.9296417236328,420.515398979187,755.8674621582031,365.8160591125488,760.2364349365234,303.11092615127563,764.5149230957031,263.8048267364502,772.8668975830078,229.85265254974365,800.450439453125,367.35564708709717,792.2992706298828,401.30361557006836,769.4486999511719,435.2082395553589,759.8231506347656,447.70111083984375,830.6558990478516,391.79439067840576,801.6854858398438,447.1959114074707,772.6399993896484,470.58237075805664,765.0994110107422,469.35572147369385,850.6049346923828,424.6450138092041,818.2505035400391,474.9156618118286,790.6099700927734,493.79021644592285,782.3392486572266,491.69878005981445,42,1787820935.6807363
754.5111846923828,525.8633852005005,717.7669525146484,495.8903217315674,699.9892425537109,454.74291801452637,719.4393920898438,436.0445308685303,756.2248229980469,435.1053285598755,749.8312377929688,381.7837429046631,754.9658203125,321.03391885757446,759.0414428710938,281.8303871154785,767.7225494384766,247.88589477539062,795.9298706054688,382.6866817474365,779.1616821289062,420.30657291412354,756.2146759033203,454.7181987762451,751.2129211425781,467.0690631866455,825.8979797363281,406.47581577301025,790.7378387451172,461.9205093383789,760.8649444580078,483.2869863510132,754.3077850341797,484.05306816101074,845.2240753173828,438.6674737930298,809.7527313232422,484.7544765472412,780.0772857666016,502.04802989959717,770.1810455322266,501.7324733734131,43,1787820935.7112186
749.7856903076172,541.5977811813354,709.852294921875,513.9435195922852,685.455322265625,476.0295295715332,697.12890625,454.4096374511719,732.1682739257812,453.23397159576416,735.8444213867188,397.57667541503906,737.9142761230469,339.7843623161316,737.4913024902344,303.0492353439331,740.9351348876953,271.913423538208,780.6000518798828,398.0690860748291,759.722900390625,431.62304878234863,739.8676300048828,467.36878395080566,738.1330871582031,478.635048866272,810.5257415771484,420.66272735595703,772.9209899902344,474.144344329834,745.4680633544922,497.6008415222168,740.6417083740234,499.1726589202881,830.9114837646484,452.6597213745117,793.1085968017578,497.5926876068115,765.3817749023438,515.3448343276978,756.9506072998047,516.3086271286011,44,1787820935.7704926
744.8512268066406,558.6198949813843,700.0424194335938,530.2262878417969,673.1231689453125,494.09246921539307,679.3809509277344,473.8782262802124,704.1620635986328,462.40562438964844,717.6765441894531,414.7071075439453,719.2658996582031,359.5833992958069,714.8849487304688,324.81834411621094,710.9379577636719,294.7535276412964,762.4580383300781,412.5086832046509,735.9911346435547,444.73514556884766,714.6493530273438,483.0235719680786,709.77783203125,496.8360471725464,793.4517669677734,433.71508598327637,752.0699310302734,490.56997776031494,725.6248474121094,514.8528957366943,718.7487030029297,514.1492557525635,815.4974365234375,464.4677495956421,776.6362762451172,509.35672760009766,751.2980651855469,529.1331481933594,742.764892578125,529.6521663665771,45,1787820935.806654
734.1997528076172,569.055962562561,684.398193359375,542.3744201660156,655.2845764160156,510.3042984008789,656.4743804931641,487.9069519042969,683.0755615234375,483.1196165084839,686.3478851318359,426.1664056777954,678.734130859375,372.6993799209595,672.4777984619141,337.84827947616577,671.8144226074219,307.4869394302368,732.0498657226562,422.3792552947998,711.2936401367188,460.2375841140747,695.9553527832031,489.72750663757324,694.7873687744141,494.579815864563,765.6588745117188,445.04074573516846,724.9225616455078,506.2415885925293,701.3520050048828,524.3502759933472,698.1244659423828,518.7132167816162,787.9579162597656,477.51251220703125,748.1769561767578,528.5863637924194,724.0284729003906,542.312707901001,716.6811370849609,538.6075687408447,46,1787820935.844717
734.4847106933594,574.9624013900757,683.2954406738281,555.3867387771606,645.9972381591797,525.0670051574707,635.6001663208008,503.57581615448,660.3614807128906,497.3422336578369,669.5745849609375,438.10614109039307,649.8702239990234,384.43668365478516,638.6379241943359,351.8575429916382,634.8102569580078,321.99824810028076,713.3964538574219,431.37216567993164,684.9424743652344,464.65086936950684,674.6039581298828,501.88469409942627,677.1953582763672,512.0859718322754,747.9757690429688,450.87963581085205,706.4776611328125,507.7063322067261,689.8792266845703,530.2286911010742,690.5494689941406,525.2647590637207,772.0525360107422,480.5481290817261,731.7835998535156,531.029748916626,711.9887542724609,549.0895986557007,708.2465362548828,545.418062210083,47,1787820935.888576
728.3682250976562,569.7350978851318,675.0296783447266,551.604437828064,636.3705444335938,521.1271619796753,629.2914199829102,507.63891220092773,648.4645843505859,508.1712770462036,657.0684814453125,440.53768157958984,633.7688446044922,392.00896739959717,619.9523544311523,362.5296878814697,614.5428848266602,332.32921600341797,699.6452331542969,434.00360584259033,670.3133392333984,467.49937534332275,657.401123046875,504.2279577255249,659.3928527832031,512.4484348297119,732.7401733398438,453.36503505706787,690.7383728027344,514.5699119567871,673.6365509033203,538.4411001205444,674.6311950683594,533.6768960952759,755.2818298339844,482.9502296447754,714.2807006835938,535.8147668838501,695.7192993164062,555.0463771820068,693.1980133056641,551.8602132797241,48,1787820935.9454176
765.2988433837891,567.6364517211914,719.4773101806641,538.6729717254639,690.322265625,507.337646484375,697.4045562744141,501.7838430404663,734.7445678710938,512.4361610412598,731.1920928955078,426.197304725647,731.7315673828125,374.9181032180786,726.1969757080078,347.2440576553345,720.17822265625,324.5164132118225,773.7477111816406,426.86339378356934,766.7589569091797,456.47390842437744,746.7411804199219,495.4294967651367,737.2313690185547,502.9831123352051,805.5141448974609,449.9327087402344,788.4854125976562,504.02196407318115,763.0934143066406,530.8423805236816,753.5468292236328,525.0043058395386,825.7088470458984,479.6569061279297,805.3757476806641,525.7521915435791,783.7953948974609,548.034782409668,775.5179595947266,547.7021026611328,49,1787820935.984672
779.6479034423828,569.5493602752686,739.5067596435547,544.369854927063,710.0225830078125,508.34765911102295,720.0251007080078,496.72502517700195,760.0811004638672,511.27182483673096,749.85595703125,430.325288772583,749.3519592285156,379.9378252029419,752.5930023193359,349.5756483078003,759.6894836425781,321.44176483154297,792.9362487792969,427.73066997528076,787.9067993164062,459.0974521636963,769.8065185546875,494.7519063949585,761.3931274414062,506.3417959213257,826.1321258544922,448.671555519104,807.7378082275391,503.13185691833496,783.3417510986328,526.9769954681396,774.6853637695312,526.8483352661133,849.9591064453125,478.83018493652344,827.5093078613281,526.091480255127,802.7851867675781,544.7402143478394,791.7274475097656,545.2219390869141,50,1787820936.026453
783.0000305175781,569.6164798736572,746.9678497314453,543.6922645568848,721.4254760742188,507.4406862258911,733.7458038330078,495.52717208862305,770.4032897949219,509.6957588195801,760.7369232177734,431.6424894332886,760.9700775146484,381.9335174560547,764.1220855712891,351.03949069976807,772.0831298828125,323.7746858596802,803.4202575683594,428.9616537094116,796.2053680419922,462.8350353240967,777.0072174072266,496.86394214630127,769.4766235351562,510.9314203262329,834.9989318847656,449.6735429763794,811.0591125488281,505.64669609069824,786.8887329101562,525.9880542755127,779.9992370605469,524.8535442352295,857.1341705322266,479.63669300079346,829.6066284179688,529.597020149231,806.4130401611328,546.1521291732788,797.92724609375,544.6613788604736,51,1787820936.0712073
782.8116607666016,568.1895446777344,746.6979217529297,544.4881296157837,720.4566192626953,508.78307819366455,732.1317291259766,492.4382972717285,770.9274291992188,505.06120204925537,760.0614929199219,432.05971240997314,760.9685516357422,383.3535432815552,764.0803527832031,353.372540473938,773.2481384277344,326.0783386230469,803.021240234375,427.2970962524414,797.2295379638672,463.0963468551636,778.6083984375,496.05902194976807,771.5534973144531,508.34967613220215,834.6597290039062,447.51018047332764,811.2598419189453,506.4199447631836,787.0680999755859,526.1127233505249,780.7270050048828,523.590202331543,856.9174957275391,478.2185983657837,829.8101043701172,530.5460071563721,805.7553863525391,546.5969896316528,796.5483093261719,544.2676734924316,52,1787820936.1183748
782.7999114990234,565.905590057373,744.9232482910156,542.3645067214966,717.4146270751953,507.72401332855225,725.5167388916016,493.3119249343872,761.4003753662109,506.0287284851074,756.6403961181641,432.85295963287354,756.7184448242188,385.73375701904297,759.3672180175781,355.8473825454712,767.5759124755859,328.8618493080139,800.0406646728516,427.1514415740967,788.7948608398438,468.10014724731445,771.6346740722656,499.1401720046997,766.8667602539062,508.43477725982666,831.8182373046875,448.25750827789307,801.8034362792969,513.0382204055786,776.5189361572266,529.9630880355835,770.4610443115234,525.9775400161743,852.8952789306641,480.2940273284912,820.1320648193359,535.1844263076782,795.4866027832031,550.4300165176392,787.4925994873047,549.5912790298462,53,1787820936.1644237
779.2670440673828,563.320369720459,740.6901550292969,540.0128746032715,712.706298828125,505.7629108428955,720.8734130859375,492.0601272583008,757.5208282470703,506.58624172210693,751.8025970458984,432.8297424316406,749.7383117675781,385.5345869064331,751.9544219970703,356.03030920028687,759.5166015625,329.30291175842285,795.6632995605469,426.7433166503906,784.4982147216797,464.12927627563477,767.5489807128906,497.1659803390503,762.4449157714844,507.1985149383545,827.5392150878906,447.82676696777344,797.1196746826172,511.14702701568604,771.83837890625,528.3900690078735,765.4379272460938,524.244532585144,848.5539245605469,479.41314697265625,814.7705841064453,533.5056638717651,790.1824188232422,548.768162727356,781.7167663574219,547.8118371963501,54,1787820936.2188888
776.6707611083984,559.0767288208008,740.9980773925781,536.8557214736938,713.1732940673828,504.70032691955566,719.1094970703125,490.41728496551514,753.9121246337891,504.62732791900635,748.7181091308594,430.9221124649048,746.5418243408203,383.13021183013916,748.0202484130859,354.16248321533203,754.5111846923828,327.4088430404663,791.7439270019531,424.1246223449707,781.2690734863281,462.32829093933105,766.4401245117188,494.314341545105,761.0145568847656,505.26698112487793,824.0847015380859,444.2329931259155,794.3119812011719,509.5963668823242,771.2061309814453,525.533881187439,764.8787689208984,520.7452583312988,846.6757965087891,474.5304536819458,814.0186309814453,530.4215955734253,791.1672210693359,547.1678924560547,783.6349487304688,547.7275085449219,55,1787820936.2717054
778.8979339599609,560.0025844573975,742.0259094238281,536.804780960083,714.6153259277344,501.8354272842407,721.1374664306641,485.2417802810669,754.9732971191406,500.7487678527832,750.1850128173828,428.8248825073242,746.72119140625,380.7278108596802,747.6618957519531,351.00494384765625,752.9692840576172,324.218065738678,792.7297210693359,422.35509395599365,776.6086578369141,461.0579538345337,762.81982421875,494.2686367034912,759.4724273681641,506.49792194366455,824.5619964599609,442.9480218887329,792.0406341552734,504.7462034225464,770.2278137207031,521.9477891921997,764.8788452148438,519.3467330932617,846.5997314453125,474.212064743042,812.1263122558594,527.4854135513306,789.5762634277344,543.6725664138794,782.7529144287109,544.5782947540283,56,1787820936.3117688
782.1185302734375,547.3663759231567,751.0436248779297,524.5635652542114,725.8587646484375,489.17351245880127,733.5598754882812,472.7745723724365,768.2765197753906,483.45654487609863,764.3085479736328,415.1361322402954,762.6353454589844,364.5555067062378,765.4715728759766,334.31602478027344,771.4965057373047,307.3381519317627,805.3971099853516,413.2039546966553,794.3595123291016,435.32458305358887,776.1368560791016,475.52802085876465,768.3358001708984,493.8929557800293,836.1508178710938,432.488694190979,811.1004638671875,477.3428249359131,787.3809051513672,503.12902450561523,779.0689086914062,506.2727451324463,858.4072113037109,461.22978687286377,829.9143218994141,504.00514125823975,807.1462249755859,524.1886138916016,798.7984466552734,525.65833568573,57,1787820936.35998
785.1425170898438,544.182915687561,750.8455657958984,519.7582912445068,727.80029296875,484.31304931640625,736.5023803710938,465.64470291137695,772.0719909667969,473.5412120819092,766.9808197021484,410.21820545196533,767.3332977294922,358.04876804351807,768.7041473388672,326.161744594574,775.0608825683594,298.3198356628418,809.5499420166016,406.72176361083984,799.4959259033203,434.21238899230957,780.6297302246094,469.0849256515503,773.9121246337891,483.9184856414795,840.46630859375,427.1243190765381,812.7099609375,480.1389741897583,788.3628082275391,501.21070861816406,782.4930572509766,501.2608337402344,861.9130706787109,457.5431442260742,832.4162292480469,501.2907028198242,807.4477386474609,519.2634773254395,798.3171844482422,521.3422536849976,58,1787820936.4095967
786.0809326171875,538.9260864257812,751.3919830322266,514.10071849823,728.1180572509766,477.0270538330078,739.0708923339844,457.9347038269043,774.1893005371094,464.8229169845581,767.4340057373047,403.431658744812,768.4957885742188,350.1299214363098,770.2103424072266,317.85820484161377,776.1724853515625,289.34284687042236,810.1222229003906,400.1357173919678,801.1225891113281,428.359637260437,781.9589996337891,462.77066230773926,774.5101928710938,476.4107036590576,841.1088562011719,420.47080993652344,813.8523864746094,473.9022159576416,789.677734375,496.154465675354,783.8588714599609,496.7613744735718,862.7625274658203,450.7030391693115,833.6582183837891,494.6560764312744,810.0321960449219,512.7970790863037,801.9109344482422,514.2899322509766,59,1787820936.4591272
783.0156707763672,535.116662979126,746.5195465087891,508.90830516815186,722.994384765625,469.6766424179077,735.8837890625,451.81604862213135,772.1469879150391,460.3558158874512,765.1380157470703,396.5708255767822,763.7583923339844,342.96342372894287,764.10888671875,310.83028078079224,769.2360687255859,282.5346064567566,808.3949279785156,394.33257579803467,796.6954040527344,421.32718563079834,776.4785003662109,456.3323736190796,768.7361145019531,470.7302141189575,838.9665985107422,415.2701997756958,808.9022064208984,464.8290538787842,783.7201690673828,488.52720737457275,777.1553802490234,490.88321685791016,859.4565582275391,445.8132219314575,828.1198120117188,489.09862518310547,804.7430419921875,505.93234062194824,796.5258026123047,506.10039710998535,60,1787820936.5024474
779.6113586425781,531.5325880050659,740.8248901367188,505.52215576171875,715.6952667236328,466.7508029937744,728.8169860839844,447.5489330291748,767.0658111572266,454.706654548645,756.962890625,390.47714710235596,754.0889739990234,337.61752367019653,753.9038848876953,304.9282193183899,758.3427429199219,276.3837218284607,801.40380859375,387.86767959594727,785.17333984375,422.79411792755127,768.2464599609375,457.33118534088135,764.3955993652344,467.58657932281494,832.7382659912109,409.5612144470215,800.7838439941406,462.0192575454712,777.5770568847656,485.1761198043823,773.1322479248047,484.5065116882324,854.2160034179688,440.8305788040161,821.5377044677734,487.013840675354,799.2294311523438,503.7958002090454,793.0630493164062,501.8029832839966,61,1787820936.5476394
778.11767578125,528.9104604721069,738.0195617675781,502.98959255218506,711.1698913574219,463.3751678466797,723.3536529541016,444.3934965133667,761.6744232177734,450.5041694641113,752.0630645751953,386.69986724853516,746.7080688476562,333.190655708313,744.2961883544922,299.9512195587158,747.1495819091797,270.8995485305786,796.3439178466797,383.5285520553589,781.6835021972656,417.10980892181396,763.6531066894531,453.29349517822266,758.8065338134766,465.9001350402832,828.2188415527344,404.75666999816895,797.8647613525391,457.12300300598145,774.4728088378906,482.1090030670166,769.962158203125,483.4188222885132,850.4874420166016,435.7535648345947,819.7382354736328,481.2106132507324,795.99365234375,499.4478750228882,788.1710815429688,499.24033641815186,62,1787820936.5772452
779.1177368164062,525.207724571228,740.3974914550781,498.43069553375244,714.385986328125,457.5833559036255,726.6316986083984,437.964391708374,764.2431640625,442.511830329895,753.2676696777344,383.5621976852417,748.3252716064453,328.64229440689087,745.3119659423828,294.47693824768066,747.3542022705078,264.0524697303772,796.4414978027344,379.3064546585083,782.193603515625,413.28721046447754,764.5374298095703,449.9607753753662,760.6185913085938,463.58407974243164,828.184814453125,399.20308113098145,799.3540954589844,454.3071126937866,774.3513488769531,478.95408153533936,768.3016204833984,479.9019527435303,851.2178802490234,429.4420051574707,822.6125335693359,478.34210872650146,796.7315673828125,498.28263759613037,786.5314483642578,499.11824226379395,63,1787820936.6301599
779.8889923095703,518.957576751709,745.9402465820312,489.96886253356934,724.0699768066406,447.5446844100952,739.4583892822266,428.29856872558594,775.4679107666016,431.4172697067261,765.8089447021484,378.91828536987305,759.9888610839844,319.8329544067383,758.1935882568359,283.1646251678467,758.7849426269531,251.2943172454834,808.839111328125,375.8448600769043,791.7546081542969,406.27098083496094,774.1890716552734,442.4389171600342,769.3310546875,456.06295108795166,839.0003204345703,396.9217014312744,806.7307281494141,446.98665618896484,781.1876678466797,471.6532802581787,774.1763305664062,474.2981958389282,859.9537658691406,427.90417671203613,828.2635498046875,472.2649097442627,803.7950897216797,491.5976285934448,794.8325347900391,493.35376739501953,64,1787820936.6553178
789.4682312011719,513.3403444290161,757.4140167236328,486.37341499328613,736.4413452148438,442.7515983581543,752.5971984863281,420.6865882873535,790.5467224121094,423.1418180465698,781.2374114990234,370.53245544433594,776.4570617675781,310.8991813659668,776.2366485595703,274.7245502471924,779.3837738037109,242.9641056060791,824.7538757324219,369.80087757110596,807.5318145751953,402.59395122528076,786.4619445800781,439.0871858596802,780.5088806152344,450.253586769104,854.0236663818359,392.53021717071533,823.0068206787109,442.7401399612427,796.6325378417969,466.4950704574585,790.6146240234375,465.533766746521,874.796142578125,424.86804485321045,843.3208465576172,469.53699588775635,815.9014892578125,487.8294897079468,805.4708862304688,485.9126329421997,65,1787820936.6872506
799.830322265625,513.4178066253662,768.0569458007812,485.1423454284668,750.24169921875,437.7710151672363,771.0506439208984,414.1670608520508,809.8747253417969,416.57976150512695,796.1138916015625,368.46882820129395,796.5441131591797,306.4855098724365,799.9576568603516,268.5446548461914,806.065673828125,234.68024253845215,840.1883697509766,368.0817747116089,826.8659973144531,398.96327018737793,805.5951690673828,433.743839263916,799.1590881347656,443.0510187149048,870.057373046875,390.10901927948,843.0175018310547,438.67395401000977,816.7444610595703,462.22100257873535,811.2619018554688,460.60790061950684,892.0356750488281,421.6778898239136,862.4501800537109,466.717586517334,834.2365264892578,485.8965826034546,824.0536499023438,483.4428548812866,66,1787820936.7271028
842.1875762939453,527.2515678405762,813.9141845703125,493.1838655471802,803.7856292724609,445.8422327041626,834.0807342529297,431.90757751464844,870.8585357666016,439.2358875274658,848.4067535400391,376.5780258178711,866.3282775878906,318.89686346054077,878.2720184326172,282.32717514038086,891.295166015625,249.31424617767334,888.511962890625,385.916748046875,893.9404296875,416.85283184051514,865.5210113525391,448.9804172515869,850.0374603271484,460.0021505355835,916.1916351318359,412.122745513916,904.3452453613281,461.9888734817505,870.9017181396484,482.5795269012451,856.3661956787109,481.1237096786499,934.59716796875,444.3977451324463,912.8189086914062,493.14704418182373,882.4998474121094,511.55802726745605,869.2692565917969,509.32363986968994,67,1787820936.7810292
847.6498413085938,541.30934715271,818.9657592773438,506.4099454879761,808.4095001220703,459.8293733596802,835.6552886962891,446.3303518295288,873.8675689697266,452.8278636932373,854.4895172119141,390.99157333374023,873.2258605957031,333.91862869262695,885.7302856445312,297.66868114471436,898.7835693359375,265.84545135498047,893.5251617431641,401.3979434967041,897.6983642578125,428.02167892456055,871.7861938476562,460.9731101989746,855.7022857666016,476.4544343948364,920.3876495361328,427.1772336959839,907.0021820068359,471.3471221923828,878.0263519287109,493.6129331588745,864.6601104736328,497.1771812438965,938.3051300048828,458.94201278686523,916.7744445800781,502.69789695739746,888.7116241455078,520.5081081390381,875.9021759033203,521.6614580154419,68,1787820936.8230622
846.4353942871094,552.5835514068604,815.6255340576172,518.8394737243652,806.6799926757812,474.2654085159302,833.4496307373047,460.79505443573,869.4402313232422,464.25772190093994,851.6562652587891,403.4273672103882,871.0018157958984,347.9487705230713,884.4022369384766,312.9992437362671,899.2783355712891,282.5893449783325,894.0664672851562,411.46382331848145,893.8523864746094,444.5639133453369,864.6121978759766,477.4673652648926,849.4447326660156,490.2988386154175,921.7237854003906,437.4228858947754,901.9546508789062,487.61130809783936,869.1522216796875,508.69471549987793,856.2021636962891,508.84697914123535,939.2073822021484,470.29393672943115,913.4315490722656,516.9234752655029,882.2762298583984,531.4186477661133,867.7790832519531,527.1642351150513,69,1787820936.8749628
838.4587097167969,559.5621871948242,810.9012603759766,526.4102554321289,799.9234771728516,482.54673957824707,824.4902801513672,469.83753204345703,861.1446380615234,478.46596240997314,846.8894958496094,416.720609664917,865.1238250732422,360.872597694397,879.0585327148438,327.96905994415283,894.3486785888672,298.70577335357666,887.0021057128906,425.1300859451294,889.2597198486328,447.72643089294434,864.1447448730469,481.82374477386475,850.0059509277344,497.0532417297363,914.0507507324219,449.8841714859009,898.7509918212891,490.38166522979736,871.4456939697266,513.5583543777466,860.7509613037109,517.1328163146973,931.9425964355469,481.4187526702881,911.5202331542969,522.3823928833008,884.8468017578125,537.3378753662109,872.4980163574219,535.7368755340576,70,1787820936.914371
835.5055236816406,568.4191846847534,803.1700897216797,537.7149724960327,786.5892028808594,496.31896018981934,806.0302734375,482.12531089782715,843.6248016357422,491.55102252960205,836.1581420898438,429.31819438934326,852.1058654785156,375.1557683944702,864.3244171142578,343.7363934516907,879.7206878662109,314.8455262184143,877.9951477050781,434.4384241104126,873.5112762451172,462.8720712661743,850.4151153564453,495.6011152267456,840.4119110107422,505.52653312683105,905.1532745361328,458.6417770385742,880.9734344482422,504.75088119506836,854.2246246337891,526.1979961395264,846.5602111816406,524.7811460494995,923.1888580322266,491.1071491241455,892.8215789794922,535.7770442962646,865.01220703125,550.8587837219238,853.0935668945312,547.0880270004272,71,1787820936.9580753
823.6653137207031,575.2240991592407,791.9503784179688,544.0797901153564,774.5947265625,503.2490587234497,792.0319366455078,491.2173128128052,827.3938751220703,503.0704879760742,821.6381072998047,437.8949975967407,833.6071014404297,388.84361743927,842.4967193603516,359.0954089164734,855.1315307617188,331.77148818969727,863.3277130126953,442.51195907592773,855.2589416503906,469.1629457473755,834.1803741455078,502.33577728271484,825.3772735595703,514.2195081710815,891.1647033691406,465.35669803619385,866.6040802001953,507.65607833862305,842.6691436767578,527.6606369018555,835.1062774658203,526.9400024414062,909.3421936035156,496.10644340515137,879.2932891845703,539.3009519577026,853.0496215820312,552.4367809295654,841.4649963378906,548.2193613052368,72,1787820937.0082622
814.0250396728516,580.3690910339355,780.9414672851562,552.9090642929077,760.1319885253906,514.8382616043091,773.4313201904297,501.0514497756958,809.8408508300781,513.0701923370361,803.3806610107422,445.4523038864136,810.2239227294922,398.9286804199219,815.2572631835938,371.40676975250244,825.4322052001953,345.458607673645,846.7149353027344,447.5359296798706,837.0029449462891,473.69699478149414,815.2685546875,507.31013774871826,808.2587432861328,516.704478263855,875.2175903320312,470.79312801361084,849.5372009277344,514.9037933349609,824.3708801269531,535.1001834869385,818.9717864990234,531.908483505249,892.9771423339844,502.940411567688,861.8983459472656,546.0828638076782,836.4863586425781,559.5631313323975,828.3100891113281,554.4384384155273,73,1787820937.047491
802.8956604003906,580.9896039962769,768.441162109375,553.3983421325684,746.9305419921875,513.7772226333618,761.1827087402344,502.85629749298096,793.4431457519531,518.9902782440186,790.2993011474609,447.58103370666504,792.8520965576172,405.6287097930908,795.2780151367188,378.4475898742676,801.9883728027344,353.3456754684448,834.7101593017578,448.2926559448242,816.9545745849609,481.8043041229248,798.0499267578125,509.9966812133789,795.2458190917969,515.380711555481,863.1446075439453,473.2497310638428,832.0448303222656,522.5908756256104,807.4230194091797,537.0746326446533,804.7271728515625,531.7884492874146,879.1461944580078,507.23357677459717,846.4067077636719,551.0947322845459,822.6387786865234,561.2040424346924,817.7947998046875,555.8337879180908,74,1787820937.0974574
809.9066162109375,569.4001007080078,780.3452301025391,543.3224630355835,759.9385833740234,503.1587219238281,774.5456695556641,486.44628524780273,808.9725494384766,501.11462116241455,803.5454559326172,441.0211229324341,805.0454711914062,395.1061248779297,807.9892730712891,366.9806098937988,814.3598937988281,340.64406394958496,846.0922241210938,440.9323740005493,830.6322479248047,467.4775743484497,811.0106658935547,500.8424949645996,804.4063568115234,512.6518535614014,874.5835113525391,463.89620304107666,844.4961547851562,508.9103651046753,820.5438232421875,527.2795486450195,814.8331451416016,525.7852792739868,893.4193420410156,496.0552453994751,861.4661407470703,534.6765232086182,836.3846588134766,548.559422492981,827.6860046386719,546.879415512085,75,1787820937.144526
823.4870147705078,564.4304180145264,792.7616882324219,539.1783428192139,772.8907012939453,497.15683937072754,788.5523986816406,481.5717029571533,824.6149444580078,492.5008249282837,815.9225463867188,435.30381202697754,822.313232421875,388.1284761428833,827.5545501708984,359.89545822143555,835.9877014160156,332.72884368896484,858.6772155761719,434.5867395401001,848.6820220947266,465.682168006897,827.9036712646484,499.6617650985718,819.8722076416016,509.07679080963135,887.6071166992188,455.62705993652344,862.5521850585938,504.2518615722656,837.2942352294922,524.1122245788574,830.0690460205078,519.8546361923218,907.4852752685547,486.32813930511475,877.8455352783203,533.5903787612915,850.0128936767578,550.3894186019897,838.721923828125,546.294994354248,76,1787820937.173591
837.1896362304688,559.4633531570435,807.1366119384766,533.6208057403564,789.9727630615234,492.01171875,807.6930999755859,476.2612295150757,842.1205902099609,486.3395118713379,836.1566162109375,430.92597484588623,845.2481842041016,382.09479331970215,852.9302978515625,354.10210132598877,862.2788238525391,327.77817249298096,875.399169921875,433.54690074920654,869.2148590087891,456.76538944244385,849.2420196533203,489.9669313430786,841.4813995361328,499.6282482147217,902.25341796875,455.0456428527832,879.0259552001953,498.23285579681396,854.2323303222656,518.3940553665161,847.5767517089844,514.4906044006348,921.3247680664062,485.01145362854004,894.5105743408203,526.4420986175537,867.0238494873047,542.496600151062,855.2656555175781,538.2326602935791,77,1787820937.2179048
848.7037658691406,557.1954917907715,821.2839508056641,530.52978515625,806.3623809814453,489.1624402999878,827.3479461669922,475.8040523529053,860.8847808837891,484.21168327331543,852.9068756103516,427.48592376708984,865.9145355224609,378.72447967529297,876.5187072753906,351.11045122146606,887.8168487548828,324.92820739746094,890.3497314453125,435.44084072113037,890.3094482421875,450.75355052948,868.3498382568359,486.46950244903564,857.2666931152344,500.5040216445923,916.8154144287109,457.00382709503174,906.6580200195312,486.80368423461914,879.5707702636719,512.7893972396851,868.0836486816406,515.8578443527222,935.8221435546875,485.49777030944824,920.118408203125,520.0336360931396,893.1443023681641,537.330322265625,879.9840545654297,534.7189235687256,78,1787820937.2770638
859.2835998535156,559.3863201141357,830.3981018066406,531.1230039596558,818.2279968261719,485.7726001739502,844.0601348876953,473.82380962371826,880.0657653808594,486.19763374328613,866.3356781005859,426.2460136413574,884.1072845458984,379.132776260376,898.2035064697266,351.64910316467285,911.8136596679688,325.46462774276733,904.8403167724609,433.7932777404785,903.3201599121094,454.83707427978516,879.1403961181641,488.5327434539795,867.4449157714844,499.6420669555664,931.1412048339844,456.49815559387207,920.1402282714844,491.683931350708,891.5839385986328,514.7477102279663,880.3321075439453,515.0762271881104,949.3259429931641,486.0011672973633,934.7471618652344,522.5316524505615,907.7051544189453,537.1845388412476,895.4564666748047,532.4233388900757,79,1787820937.3199217
866.5663146972656,564.845495223999,839.4380187988281,533.4485864639282,830.3356170654297,487.3879337310791,859.2652893066406,477.4478816986084,892.3873138427734,489.52404499053955,877.4070739746094,429.23197746276855,900.4790496826172,383.5058927536011,917.3910522460938,358.2770347595215,933.2189178466797,333.530330657959,912.4018859863281,442.0665407180786,921.4569854736328,449.66217041015625,898.8834381103516,485.78508853912354,882.8858947753906,503.4007215499878,937.2622680664062,464.82802391052246,938.5057830810547,485.00068187713623,912.4800109863281,512.3786544799805,897.0600128173828,520.9574747085571,954.1239929199219,492.8692960739136,948.5234069824219,521.3348722457886,923.05419921875,537.494044303894,907.9051971435547,537.3237133026123,80,1787820937.3688447
870.4598999023438,571.3206052780151,844.2890930175781,537.0248937606812,837.0716857910156,491.0580110549927,866.3987731933594,483.9200735092163,900.4161834716797,495.5357551574707,886.9737243652344,433.16340923309326,911.7974090576172,393.54065895080566,929.5546722412109,369.38665866851807,946.7617034912109,345.6568765640259,923.0252838134766,445.8096170425415,925.4167175292969,462.4440336227417,898.3600616455078,492.74750232696533,882.5993347167969,504.9888038635254,947.2879028320312,471.3707685470581,936.2947845458984,502.27526664733887,908.6447143554688,522.2639465332031,895.7125854492188,524.2997646331787,962.8378295898438,502.6320219039917,943.4716033935547,538.0029773712158,916.8221282958984,549.0390872955322,903.2099151611328,544.0572166442871,81,1787820937.3936439
873.2808685302734,579.749436378479,845.70068359375,544.2740678787231,841.4713287353516,500.66808700561523,871.2631988525391,495.00914096832275,902.8216552734375,506.24008655548096,888.3827209472656,443.12028408050537,915.2061462402344,406.63747787475586,934.7837066650391,385.4423189163208,954.4458770751953,363.59278678894043,923.6813354492188,455.5808401107788,930.7965087890625,471.7478656768799,906.7716217041016,506.445951461792,890.8890533447266,522.520580291748,948.5159301757812,479.3565845489502,946.2128448486328,507.1383047103882,920.0914001464844,533.0732488632202,905.8570098876953,539.8761034011841,964.6920776367188,508.79337787628174,955.9764862060547,540.0854873657227,930.6343078613281,555.1434946060181,916.2085723876953,553.9420795440674,82,1787820937.4320154
870.8937835693359,589.822998046875,842.1932220458984,556.9984245300293,836.812744140625,518.7233448028564,867.6454925537109,512.2351884841919,898.5445404052734,514.9090719223022,882.1205902099609,457.1527433395386,915.5198669433594,427.1069812774658,939.0373229980469,410.19009590148926,961.2673950195312,390.90479850769043,919.5783996582031,467.52323627471924,922.6934814453125,492.9050874710083,897.0996856689453,532.0300626754761,882.2928619384766,547.180380821228,945.2040863037109,490.34960746765137,941.5721893310547,526.0332012176514,913.0341339111328,554.7822761535645,897.9978179931641,560.4075336456299,962.0562744140625,519.1911220550537,950.9998321533203,554.762921333313,924.9831390380859,573.4805345535278,910.7327270507812,572.863883972168,83,1787820937.4781356
865.0874328613281,596.4199018478394,835.2806854248047,563.0441236495972,827.7590179443359,526.8315553665161,857.8972625732422,527.2908353805542,890.3826904296875,536.1489486694336,876.3431549072266,470.0017261505127,911.9048309326172,446.56145095825195,938.3913421630859,434.63321685791016,962.6156616210938,419.642972946167,914.7954559326172,479.8621702194214,910.625,513.6262035369873,883.8155364990234,550.3688621520996,869.1327667236328,560.4321670532227,940.4301452636719,501.995587348938,931.4493560791016,543.6286640167236,903.9082336425781,569.0458345413208,890.0820922851562,568.6921691894531,957.0209503173828,530.1536750793457,942.4195098876953,569.3168449401855,916.1549377441406,586.4068078994751,901.6055297851562,581.8545627593994,84,1787820937.521942
858.7123107910156,604.3401432037354,826.3906097412109,573.2449722290039,815.8128356933594,538.1660556793213,843.758544921875,540.3763675689697,877.6134490966797,555.3730487823486,863.7812042236328,483.3902406692505,895.2202606201172,466.2097692489624,922.156982421875,458.22240829467773,947.8042602539062,446.13856315612793,905.1751708984375,488.9752006530762,896.9068145751953,526.355710029602,873.6044311523438,563.7298250198364,861.7572021484375,572.7944469451904,932.7109527587891,509.23630714416504,917.7578735351562,556.5322780609131,890.4051971435547,582.4786376953125,877.0463562011719,580.6056833267212,950.7248687744141,536.172981262207,929.5736694335938,581.5039014816284,902.8134918212891,599.9025249481201,888.4157562255859,595.0033092498779,85,1787820937.5747356
833.8359069824219,603.057746887207,802.3414611816406,579.5038747787476,777.027587890625,551.5864133834839,784.3540954589844,551.8465662002563,811.2095642089844,569.3013095855713,823.6590576171875,496.28724575042725,817.9078674316406,490.77258110046387,824.9353790283203,490.2450656890869,839.7476196289062,484.9661350250244,865.8601379394531,500.35295963287354,836.7356872558594,552.3098802566528,814.3997955322266,573.3703708648682,812.0972442626953,569.893970489502,893.3403778076172,522.8810691833496,860.7022094726562,583.3218383789062,835.6275177001953,592.9234600067139,831.3175201416016,583.0162382125854,912.3455810546875,552.3833084106445,880.6745147705078,604.047589302063,858.5276794433594,613.1044864654541,852.0755004882812,604.6389198303223,86,1787820937.615229
828.1309509277344,597.5988292694092,799.4216918945312,573.6116409301758,778.402099609375,545.9069538116455,787.1894073486328,543.8924217224121,818.2735443115234,559.9375247955322,822.0047760009766,483.5722017288208,820.2677154541016,476.9726371765137,826.0865783691406,472.330527305603,836.63818359375,466.1145830154419,862.2856903076172,485.98824977874756,842.4812316894531,527.136082649231,823.6333465576172,558.7179565429688,816.5487670898438,569.8949575424194,890.2883148193359,508.3071041107178,864.7267150878906,557.0959711074829,840.7339477539062,576.2203788757324,830.9455871582031,575.286111831665,907.9785919189453,538.0375671386719,878.3190155029297,588.5653638839722,854.1969299316406,603.2775592803955,843.0215454101562,600.294599533081,87,1787820937.6576486
835.6481170654297,588.7038516998291,809.3704986572266,569.8804092407227,793.3953857421875,544.5919418334961,804.5191955566406,537.8182697296143,831.7645263671875,549.7572326660156,824.2287445068359,480.2838134765625,825.5482482910156,464.1324520111084,833.4138488769531,451.3611888885498,844.1014099121094,439.6394205093384,864.849853515625,477.2847604751587,852.0302581787109,511.1084032058716,834.4839477539062,544.3697261810303,825.1479339599609,557.0643424987793,893.8423156738281,497.13074684143066,871.6921997070312,542.6877450942993,846.73583984375,565.9300947189331,834.7615814208984,568.9085483551025,912.2883605957031,525.4978322982788,885.3541564941406,572.4817228317261,860.3203582763672,590.1984214782715,847.9485321044922,591.5860033035278,88,1787820937.7188795
837.2004699707031,571.8285512924194,813.277587890625,556.9831466674805,797.1842956542969,534.4693279266357,808.6341094970703,523.5633373260498,837.9229736328125,530.3814268112183,829.4512176513672,467.5078296661377,832.0470428466797,448.7545967102051,841.6578674316406,430.802206993103,854.0699768066406,414.01917457580566,870.4057312011719,465.6896781921387,859.0516662597656,489.9916076660156,841.9364166259766,528.5911703109741,834.5228576660156,539.4839429855347,899.4886779785156,484.75550651550293,882.3181915283203,520.8712148666382,859.2512512207031,548.9929962158203,848.5690307617188,553.8741445541382,917.4749755859375,512.3971509933472,900.1949310302734,548.3614540100098,875.9343719482422,568.8153791427612,863.1784820556641,572.9305744171143,89,1787820937.763431
838.1684875488281,558.4179782867432,812.3097991943359,540.8695077896118,797.8760528564453,516.415057182312,815.0657653808594,504.63719844818115,845.9386444091797,512.1142959594727,836.0604858398438,454.5196723937988,843.0448913574219,426.633882522583,853.861083984375,404.3162727355957,863.5675811767578,384.12795066833496,876.9818878173828,452.27331161499023,865.0193023681641,476.8018341064453,847.6210784912109,516.1209154129028,839.6261596679688,526.807222366333,904.8355102539062,471.38261318206787,886.8532562255859,510.1965379714966,864.9544525146484,537.0568656921387,855.9788513183594,540.5340814590454,921.8678283691406,498.6587905883789,902.3631286621094,535.8848905563354,878.6972045898438,555.3144693374634,866.6146087646484,558.246660232544,90,1787820937.803352
848.638916015625,553.3034133911133,817.9728698730469,532.5293827056885,801.9355010986328,503.70606422424316,821.1811065673828,488.1249189376831,854.6567535400391,495.55880069732666,842.1767425537109,443.117151260376,851.0800170898438,401.9004821777344,861.0256958007812,375.2251625061035,869.0828704833984,349.0676164627075,881.7881774902344,444.6009063720703,876.0842895507812,454.6308660507202,857.4635314941406,497.28721618652344,847.6850891113281,510.14190673828125,909.7622680664062,464.2843294143677,897.0290374755859,491.15508556365967,872.9255676269531,520.3251600265503,863.2056427001953,523.0621719360352,927.8697967529297,491.9005250930786,913.3972930908203,522.1904754638672,887.5721740722656,542.0624256134033,875.2250671386719,542.5414896011353,91,1787820937.8543272
850.3130340576172,545.0610494613647,820.3434753417969,524.0372943878174,805.2813720703125,489.6485424041748,825.3266906738281,473.5000991821289,859.3764495849609,479.66819286346436,846.5357971191406,427.97013759613037,856.7893981933594,381.42711639404297,866.1696624755859,353.3465766906738,875.8865356445312,326.3698625564575,886.3761138916016,428.4123373031616,886.3250732421875,447.3376178741455,864.5759582519531,483.49581241607666,853.1989288330078,494.6717834472656,913.9970397949219,448.5380029678345,898.9208984375,490.46775341033936,870.5463409423828,512.5959348678589,860.7016754150391,508.62008571624756,933.6279296875,477.4228620529175,914.5734405517578,519.0989828109741,886.8524169921875,535.6114339828491,874.9526977539062,529.3611145019531,92,1787820937.8927078
851.5042114257812,536.9345140457153,823.5868835449219,513.7991952896118,808.3354187011719,475.72298526763916,827.5912475585938,456.2848234176636,863.2703399658203,459.61230754852295,849.90478515625,414.2263698577881,858.6908721923828,361.4928960800171,866.2342834472656,329.9820041656494,874.6405029296875,300.7139539718628,890.3084564208984,414.5371627807617,888.8076782226562,436.6526412963867,867.1514892578125,469.5888376235962,855.5696105957031,481.88082218170166,917.1771240234375,434.85787868499756,895.5031585693359,483.18583488464355,867.0742034912109,503.8945484161377,857.5189208984375,502.0544242858887,935.8381652832031,464.5223379135132,909.9960327148438,511.285343170166,882.5650024414062,527.4954128265381,871.5547943115234,522.263388633728,93,1787820937.9360828
861.0449981689453,512.9683542251587,831.1343383789062,488.90228748321533,815.4281616210938,445.7991027832031,840.3287506103516,424.2858123779297,877.4001312255859,423.41394424438477,853.1634521484375,379.612398147583,859.3721771240234,321.6972827911377,865.02685546875,284.303834438324,868.9699554443359,248.2483148574829,896.5296173095703,380.4726791381836,896.4168548583984,399.53782081604004,874.9582672119141,434.5976400375366,864.1095733642578,446.892671585083,924.6282958984375,400.29913902282715,904.3222045898438,446.050500869751,875.6443023681641,471.97930812835693,866.8328857421875,472.3373508453369,943.7339019775391,429.21794414520264,918.6326599121094,471.89369201660156,890.6495666503906,490.5208396911621,879.8446655273438,486.3059091567993,94,1787820937.997864
864.0393829345703,516.061520576477,832.0648956298828,489.5557165145874,820.0310516357422,446.34944915771484,848.2379913330078,431.05669498443604,882.9296112060547,432.6968765258789,857.3773956298828,378.3733892440796,863.2298278808594,319.54673051834106,868.1217956542969,282.1154308319092,876.0420989990234,249.4002914428711,898.8729858398438,380.2454423904419,901.3682556152344,410.5610990524292,878.5401153564453,440.8522939682007,868.3163452148438,449.2823266983032,927.4892425537109,402.37632751464844,911.3057708740234,452.37072944641113,882.0355987548828,471.01397037506104,872.1131134033203,467.16721057891846,947.6091766357422,432.68237113952637,926.4278411865234,476.62888526916504,897.6372528076172,491.1910915374756,883.7664031982422,485.90842723846436,95,1787820938.0391955
869.1226959228516,525.2073383331299,835.0478363037109,498.2737112045288,822.0404052734375,457.5433158874512,850.8566284179688,445.05821228027344,887.7934265136719,444.83736991882324,858.9683532714844,383.37761878967285,869.4815063476562,326.56373262405396,876.3164520263672,289.7228193283081,885.5716705322266,255.74073314666748,901.8383026123047,384.4370698928833,906.3413238525391,424.49206352233887,880.3886413574219,457.02468395233154,867.0420837402344,464.0382957458496,931.4249420166016,406.95415019989014,919.4002532958984,465.45312881469727,888.0645751953125,489.09480571746826,876.1154937744141,486.3890790939331,952.7532958984375,438.20420265197754,933.4455871582031,489.9304962158203,903.4649658203125,507.96807289123535,888.8901519775391,503.5683488845825,96,1787820938.0812023
875.34423828125,537.4809122085571,840.7271575927734,506.13605976104736,832.3696136474609,464.3823051452637,865.3575134277344,456.6427803039551,899.2539978027344,461.9871139526367,864.8491668701172,394.74632263183594,877.5392913818359,341.6657495498657,886.66015625,307.65570402145386,895.7337188720703,275.9905958175659,903.7776947021484,400.52680492401123,915.5490112304688,428.3680057525635,895.4656219482422,461.31415843963623,881.9866943359375,471.85880184173584,932.8816986083984,422.9068994522095,928.4805297851562,471.9788360595703,901.1107635498047,498.1568956375122,888.0972290039062,498.6709785461426,954.4291687011719,452.2514247894287,943.1074523925781,497.37321853637695,916.6176605224609,515.0681161880493,902.0783233642578,511.6372060775757,97,1787820938.1263018
882.6662445068359,554.0366220474243,847.1169281005859,524.957013130188,837.7449035644531,487.2264862060547,871.1191558837891,482.2400236129761,905.1567077636719,484.3290138244629,869.2363739013672,412.7386236190796,884.3717956542969,363.2835388183594,895.4255676269531,332.1563529968262,905.1224517822266,301.818745136261,906.6272735595703,416.1648988723755,921.0566711425781,441.698842048645,906.473388671875,480.487961769104,893.3567047119141,497.3391008377075,935.7154083251953,436.2482500076294,937.6224517822266,483.0511665344238,915.2154541015625,514.6365165710449,901.0894775390625,520.3966999053955,956.9062042236328,463.8276672363281,949.0817260742188,511.09368324279785,926.6588592529297,531.8366861343384,911.9493103027344,530.926194190979,98,1787820938.1683166
883.0144500732422,562.0379734039307,846.2261962890625,530.5280256271362,835.2266693115234,491.2619876861572,869.7697448730469,489.6600866317749,905.9772491455078,495.9713888168335,871.864013671875,425.7845878601074,885.6307983398438,382.81306743621826,897.2377777099609,355.77524185180664,908.509521484375,328.2538676261902,911.2459564208984,428.34217071533203,916.4515686035156,460.9044885635376,897.0698547363281,499.66339588165283,883.4747314453125,513.160228729248,940.7909393310547,448.21455001831055,937.0025634765625,496.5482568740845,913.9397430419922,525.5713033676147,900.4216766357422,528.1098318099976,962.1432495117188,475.6421756744385,949.3729400634766,524.5246839523315,926.0783386230469,544.1100025177002,911.3255310058594,541.425518989563,99,1787820938.1954086
883.970947265625,569.3546533584595,848.8917541503906,542.0553016662598,835.3739166259766,508.1125259399414,865.3871917724609,502.5257635116577,898.1968688964844,506.6092872619629,868.834228515625,436.8941259384155,880.6410217285156,398.909068107605,892.5743865966797,376.83178424835205,904.5261383056641,355.83558082580566,909.7096252441406,438.21935176849365,911.9410705566406,471.18786334991455,893.1021118164062,508.56287956237793,880.7707214355469,521.7848825454712,940.24658203125,457.0911169052124,933.6157989501953,504.861216545105,910.2341461181641,532.9732131958008,898.4390258789062,535.5575323104858,963.0950927734375,484.3101739883423,948.0458068847656,532.5893354415894,922.9822540283203,552.41455078125,908.6756134033203,550.239987373352,100,1787820938.2500405
882.9300689697266,575.3658485412598,845.9061431884766,551.2118053436279,829.1012573242188,520.095648765564,859.5396423339844,514.2652130126953,896.0414123535156,514.4324970245361,863.3546447753906,448.67116928100586,873.3757781982422,418.44194412231445,884.3290710449219,398.29078674316406,896.0577392578125,378.453426361084,907.4886322021484,444.17025089263916,905.2436828613281,487.03890323638916,886.6972351074219,524.5229244232178,877.4599456787109,534.9373197555542,938.9862060546875,460.915732383728,927.7988433837891,520.097451210022,904.0711212158203,545.2719354629517,893.4587097167969,543.0941104888916,962.3723602294922,487.2688865661621,944.5294189453125,542.905068397522,919.6541595458984,562.6593017578125,906.6059112548828,558.2781171798706,101,1787820938.2950304
902.8606414794922,564.459342956543,867.2271728515625,540.9068441390991,861.2021636962891,510.5525207519531,901.9501495361328,511.61566257476807,943.8475036621094,517.8515195846558,907.8122711181641,442.57465839385986,945.3392791748047,420.29236793518066,972.2897338867188,407.5892114639282,997.1635437011719,392.98829555511475,946.2235260009766,449.3404769897461,955.6821441650391,470.3746175765991,937.1387481689453,514.617977142334,926.7372894287109,532.7903938293457,973.6639404296875,470.10974407196045,981.2371063232422,505.55198192596436,954.8572540283203,539.8223733901978,937.1941375732422,545.8423662185669,990.8959197998047,498.48416805267334,990.384521484375,538.337459564209,964.8207092285156,560.9983062744141,946.6593170166016,559.9694967269897,102,1787820938.3442018
919.3317413330078,561.8304777145386,889.3104553222656,538.892183303833,885.4447937011719,509.7460126876831,924.3524932861328,510.1972246170044,965.3823089599609,517.7153921127319,927.5685882568359,446.46759510040283,964.9530029296875,421.00420475006104,994.3572235107422,406.74991607666016,1021.9366455078125,389.5011234283447,964.3719482421875,452.61423110961914,979.00634765625,482.2851276397705,959.1983032226562,521.4252090454102,944.9866485595703,534.774284362793,988.7978363037109,471.42720222473145,998.6968231201172,511.59132957458496,971.6561126708984,540.5633926391602,952.8334045410156,543.153805732727,1003.3353424072266,497.55874156951904,1006.1661529541016,537.0160961151123,982.7928161621094,556.5193176269531,964.9411010742188,554.1421508789062,103,1787820938.385364
928.5801696777344,560.4861116409302,892.061767578125,539.1663265228271,890.6760406494141,509.111852645874,935.2745056152344,507.7506637573242,978.1369018554688,510.0999355316162,933.8088989257812,445.34488677978516,974.6023559570312,419.1280746459961,1008.3767700195312,404.4679355621338,1042.7462768554688,385.790491104126,971.3584899902344,449.26958084106445,987.1441650390625,487.92506217956543,961.6425323486328,528.2331275939941,948.8365936279297,536.8245649337769,996.7425537109375,466.7488718032837,1004.6343994140625,520.4907274246216,966.6684722900391,549.4228363037109,945.5574035644531,546.1719989776611,1012.4085998535156,491.2524175643921,1013.0126953125,540.0766468048096,983.1343078613281,560.57288646698,965.1541900634766,554.1531372070312,104,1787820938.4265425
929.6641540527344,554.7924041748047,893.2769775390625,528.9559507369995,894.8389434814453,496.9238519668579,940.1256561279297,496.1639070510864,982.8598022460938,502.04352378845215,941.0935211181641,438.4562873840332,981.7826080322266,413.1948137283325,1014.9866485595703,397.8406047821045,1047.4127960205078,379.88877296447754,979.5732116699219,444.5396661758423,986.8608093261719,485.4395341873169,959.0898895263672,522.8481531143188,947.0665740966797,529.9290561676025,1004.1379547119141,464.4389533996582,1005.2619171142578,517.3427152633667,967.9979705810547,541.4417839050293,948.7551116943359,536.4322757720947,1018.5072326660156,490.61920166015625,1015.1615142822266,536.6922998428345,985.3805541992188,553.7999868392944,968.3973693847656,546.7094707489014,105,1787820938.4731343
930.6143951416016,549.6381855010986,898.60595703125,525.4411840438843,897.3300933837891,489.985556602478,936.1207580566406,485.95125675201416,976.0956573486328,489.4244384765625,943.885498046875,428.115234375,983.385009765625,400.14421463012695,1012.1683502197266,382.9076957702637,1039.2211151123047,363.42803478240967,979.3152618408203,433.60453605651855,990.5015563964844,472.76955127716064,958.084716796875,511.3437080383301,942.0047760009766,518.3451747894287,1002.5396728515625,453.6489200592041,1006.1026763916016,504.87293243408203,967.2122955322266,530.6485748291016,949.6558380126953,524.1993856430054,1017.4595642089844,481.31794452667236,1013.8822937011719,527.9804420471191,981.8632507324219,544.7881507873535,965.133056640625,534.9600219726562,106,1787820938.5068853
929.0902709960938,539.8216438293457,899.3781280517578,512.2906351089478,898.0823516845703,475.54548740386963,936.0650634765625,471.0967969894409,975.3025817871094,476.2815284729004,940.3559112548828,415.30981063842773,977.3467254638672,382.35365867614746,1003.4676361083984,364.0342140197754,1027.4601745605469,343.9258646965027,974.7233581542969,424.61089611053467,990.6648254394531,446.4591407775879,961.9558715820312,483.24007987976074,942.5715637207031,494.5409345626831,998.4330749511719,445.43144702911377,1004.63134765625,482.24942207336426,972.4018096923828,509.71846103668213,953.88671875,510.07521629333496,1013.2260131835938,473.04468154907227,1015.1039886474609,506.17000579833984,987.8246307373047,523.1446981430054,970.4878234863281,518.5375213623047,107,1787820938.5459034
926.2796020507812,529.8962688446045,896.6983795166016,501.85173511505127,895.115966796875,462.6082706451416,932.1473693847656,454.6022844314575,969.8674011230469,458.3001708984375,938.4368896484375,400.00298023223877,971.0700225830078,362.83159732818604,995.0801086425781,339.4985246658325,1016.6285705566406,315.37550926208496,973.7355041503906,407.6526403427124,984.4481658935547,437.98730850219727,956.5191650390625,472.43515491485596,936.9579315185547,481.97497844696045,997.9731750488281,429.24038887023926,998.1214904785156,472.71101474761963,964.69482421875,498.6933374404907,945.2442169189453,498.13835620880127,1013.8770294189453,458.0417776107788,1009.9010467529297,496.36964321136475,980.7091522216797,513.2487201690674,962.7197265625,508.1329107284546,108,1787820938.592895
925.1321411132812,514.6176767349243,895.1921081542969,487.08662509918213,892.3851013183594,446.4583683013916,926.9547271728516,434.8426866531372,962.21923828125,437.7042818069458,934.6134948730469,385.5508518218994,960.830078125,339.7711229324341,979.3077850341797,311.1003255844116,998.0097198486328,282.5730800628662,972.3882293701172,389.33186531066895,976.3692474365234,430.040545463562,947.2416687011719,461.61091804504395,931.8590545654297,465.24031162261963,996.99462890625,410.22987842559814,989.8268127441406,461.8924856185913,957.6318359375,482.6324415206909,943.7889862060547,477.88132667541504,1013.6654663085938,439.18713569641113,1002.6584625244141,481.7950773239136,972.9663848876953,496.3259553909302,957.5128936767578,489.0533924102783,109,1787820938.6432357
923.3509063720703,506.15309715270996,893.1864929199219,479.38297748565674,887.8376770019531,436.6795492172241,921.9118499755859,421.77294731140137,958.2021331787109,420.46900749206543,929.7904968261719,371.04156017303467,951.6846466064453,321.0431241989136,968.3950805664062,289.079110622406,985.2327728271484,258.47238063812256,968.8106536865234,375.1202344894409,973.6221313476562,409.2593479156494,945.0359344482422,442.95626163482666,929.5256805419922,449.5178031921387,994.2408752441406,395.6135559082031,985.9725189208984,443.52025508880615,953.7317657470703,466.2581777572632,939.9861145019531,462.17662811279297,1011.2313842773438,423.70684146881104,997.1977233886719,465.4877185821533,967.0490264892578,482.2984743118286,951.8318939208984,475.1671886444092,110,1787820938.6902146
920.9981536865234,498.92666816711426,891.1479187011719,470.9796380996704,885.1470184326172,427.7184820175171,917.7443695068359,409.370756149292,953.9326477050781,405.50610065460205,925.7952117919922,359.5924758911133,943.7087249755859,305.4158878326416,957.2569274902344,270.94061851501465,973.0097961425781,239.27958726882935,965.3874206542969,362.67632961273193,969.093017578125,398.20568561553955,940.6166076660156,432.56710052490234,926.4585876464844,440.4773426055908,991.5978240966797,382.86619663238525,983.9412689208984,429.02392387390137,951.8070220947266,452.3659658432007,938.1697845458984,450.64072608947754,1009.9722290039062,410.231294631958,997.0535278320312,449.78053092956543,966.3459777832031,467.7510738372803,950.1313018798828,463.64124298095703,111,1787820938.718361
918.7566375732422,491.29262924194336,888.7082672119141,462.97747135162354,882.4281311035156,418.1389617919922,915.2503967285156,397.0168876647949,952.2682952880859,390.4195976257324,921.6158294677734,349.5773649215698,937.1404266357422,292.07483768463135,949.2164611816406,256.18083000183105,963.3580780029297,224.21108722686768,962.0478820800781,353.1840133666992,963.7424468994141,386.0348081588745,936.9505310058594,419.8844575881958,924.2134857177734,428.4339666366577,988.4743499755859,374.2907238006592,976.8174743652344,420.13306617736816,946.0231018066406,443.55162620544434,934.4382476806641,441.9957733154297,1006.309814453125,402.4911689758301,989.2991638183594,441.8451404571533,959.7492218017578,459.9824523925781,946.03759765625,456.1468505859375,112,1787820938.7701035
921.2316131591797,513.072681427002,889.1085052490234,483.9511442184448,880.7227325439453,444.34993743896484,913.8655853271484,432.316689491272,949.5992279052734,428.31114292144775,909.7848510742188,370.13694763183594,920.4196929931641,316.1599802970886,928.3609008789062,282.7072763442993,937.5959014892578,249.38531398773193,951.0330963134766,370.1024866104126,958.8506317138672,407.49844551086426,936.405029296875,442.66130447387695,922.249755859375,449.29893493652344,979.8199462890625,390.12524127960205,975.4668426513672,446.32335662841797,946.0535430908203,474.1930103302002,931.5451049804688,472.33288764953613,1000.5258178710938,419.50401306152344,987.587890625,469.2910051345825,958.5253143310547,489.82513904571533,941.259765625,485.22457122802734,113,1787820938.8224118
925.6045532226562,528.3619594573975,893.9173126220703,498.3732318878174,887.7704620361328,462.3435688018799,924.4386291503906,457.41753101348877,960.6884002685547,455.9942436218262,921.5906524658203,387.3679733276367,939.3923950195312,347.97539949417114,949.9520111083984,322.7300190925598,958.7052154541016,296.9404935836792,960.6546020507812,388.7597179412842,970.0791931152344,436.1750793457031,947.6982116699219,466.1555242538452,931.4657592773438,469.73376274108887,988.92578125,410.2233123779297,985.3106689453125,472.6131248474121,957.0473480224609,497.4354887008667,941.1511993408203,492.4903106689453,1009.8277282714844,439.3876361846924,1000.2175903320312,491.72611713409424,973.0964660644531,509.03911113739014,955.2937316894531,502.6431369781494,114,1787820938.8645546
929.0676116943359,538.3563852310181,900.2375793457031,511.6566467285156,891.0101318359375,483.34535121917725,933.2516479492188,480.83789348602295,974.1668701171875,480.16626834869385,929.8427581787109,397.7419424057007,929.0483856201172,398.9929676055908,930.8085632324219,416.89287185668945,940.4151916503906,423.04890632629395,970.1496124267578,398.9114713668823,973.0054473876953,452.22357273101807,946.5687561035156,488.6739778518677,936.3692474365234,483.2348442077637,997.9296875,419.3705463409424,996.7299652099609,482.17487812042236,967.2360992431641,505.75677394866943,953.8931274414062,491.74620151519775,1016.5859222412109,449.3589735031128,1010.887451171875,508.6042070388794,984.0177154541016,522.7180767059326,967.2537231445312,508.86101245880127,115,1787820938.911207
936.7921447753906,526.6119146347046,902.0857238769531,514.7383975982666,895.5419158935547,496.12918853759766,943.7611389160156,504.6564245223999,983.6193084716797,505.90341567993164,932.0587921142578,408.9436197280884,943.7562561035156,415.48301696777344,962.4606323242188,448.71490001678467,979.7346496582031,470.14841079711914,969.4022369384766,408.0887460708618,983.6373138427734,479.8496389389038,961.5978240966797,508.2805824279785,947.9183197021484,497.1994113922119,995.4203796386719,424.692177772522,1005.4010009765625,499.6115970611572,976.0841369628906,517.965202331543,958.8115692138672,502.86033153533936,1012.6250457763672,449.14783000946045,1016.1818695068359,508.5555839538574,995.3105926513672,523.8887643814087,983.1475067138672,513.2290649414062,116,1787820938.9517891
934.4876861572266,490.1378631591797,900.3678131103516,488.46141815185547,897.8633880615234,480.10090827941895,945.6664276123047,496.7930030822754,987.6316070556641,506.51530265808105,937.1737670898438,410.9589672088623,958.5283660888672,432.8016757965088,979.1890716552734,455.6463289260864,998.0171966552734,471.81442737579346,977.0900726318359,412.2275447845459,987.6094818115234,484.68679904937744,971.1945343017578,500.3703832626343,959.0943908691406,490.7119417190552,1002.4650573730469,429.5328140258789,1005.2124786376953,505.7160472869873,977.9650115966797,518.8450527191162,959.8123931884766,508.41233253479004,1017.0333862304688,452.67053604125977,1013.6756134033203,510.7235383987427,992.3475646972656,522.7251577377319,979.3025207519531,515.9371089935303,117,1787820938.9899876
927.1050262451172,479.17303562164307,898.055419921875,463.20505142211914,902.6535034179688,454.2343282699585,943.6188507080078,483.93985748291016,977.6028442382812,513.5678815841675,946.7227935791016,403.33574295043945,971.236572265625,442.8495740890503,984.4168853759766,473.6436080932617,996.7546844482422,491.7442274093628,978.5026550292969,415.94701766967773,989.1494750976562,493.16386699676514,965.6512451171875,504.7082233428955,951.8321228027344,487.68001556396484,997.8276062011719,438.04940700531006,1002.0292663574219,510.5288314819336,972.0590209960938,517.5452756881714,954.2896270751953,502.3557758331299,1008.2918548583984,463.61334800720215,1003.4751129150391,513.2947254180908,982.7486419677734,519.0785980224609,973.2021331787109,509.3384885787964,118,1787820939.0316904
923.3953094482422,486.53082847595215,893.8240051269531,471.1913824081421,903.3731079101562,463.3682155609131,946.0271453857422,489.52112674713135,983.0425262451172,509.91926193237305,943.0839538574219,400.53985118865967,964.5389556884766,437.97966957092285,976.8210601806641,465.4379367828369,992.5233459472656,482.0947551727295,979.3820190429688,411.08771324157715,984.1299438476562,486.70592308044434,960.5179595947266,501.3868761062622,951.1917114257812,490.5791187286377,1002.1016693115234,431.80737018585205,998.3700561523438,505.9534978866577,965.0152587890625,515.3982639312744,949.7669219970703,502.28333473205566,1014.9076080322266,455.6571435928345,1002.4506378173828,510.8016014099121,976.778564453125,519.4088745117188,966.6396331787109,508.8992929458618,119,1787820939.0714426
924.6701049804688,471.66688442230225,898.9114379882812,452.500205039978,903.2337188720703,443.2654666900635,936.7887878417969,470.87724208831787,966.1412048339844,497.06671714782715,932.5433349609375,394.4534683227539,959.9008941650391,444.79938983917236,970.8431243896484,475.6425189971924,982.2295379638672,487.8960084915161,964.5960235595703,407.86949157714844,975.2098846435547,480.51255226135254,956.1062622070312,493.4189558029175,948.4381103515625,477.87338733673096,988.1289672851562,428.65631103515625,991.7261505126953,498.81689071655273,965.4045867919922,506.30171298980713,952.6299285888672,491.14062309265137,1004.8670196533203,450.93770027160645,998.4114837646484,500.67370891571045,976.1434936523438,507.6459074020386,966.4237976074219,496.10597133636475,120,1787820939.112268
917.8498840332031,475.6283140182495,885.1981353759766,457.99148082733154,888.5769653320312,442.20841884613037,928.8685607910156,465.77173233032227,964.6459197998047,493.6109161376953,935.1251220703125,390.1647663116455,955.0475311279297,433.86486053466797,962.7529144287109,461.4030361175537,974.4550323486328,471.3380241394043,967.0403289794922,403.18347930908203,972.7919769287109,475.05123138427734,948.0648803710938,487.8610324859619,938.6128997802734,471.370210647583,987.4854278564453,423.4645414352417,988.759765625,493.57182025909424,956.5563201904297,501.9795799255371,941.8590545654297,487.8883695602417,1000.3811645507812,446.7398500442505,994.3543243408203,495.24569034576416,969.7978210449219,504.61029052734375,959.3925476074219,497.2412109375,121,1787820939.1552393
911.7732238769531,486.9871473312378,875.8412933349609,472.80272483825684,877.4215698242188,453.6224842071533,917.861328125,466.41473293304443,954.0317535400391,483.6969566345215,918.3617401123047,387.8518867492676,939.6858978271484,413.1733989715576,954.7330474853516,440.0132131576538,970.1480102539062,455.6078338623047,955.7877349853516,393.4607934951782,967.9432678222656,466.6033887863159,940.4615020751953,482.85354137420654,924.6237945556641,471.8929195404053,980.6470489501953,411.0568571090698,982.9583740234375,486.59249782562256,946.3298034667969,498.5651922225952,927.2820281982422,486.1544179916382,996.787109375,433.27975273132324,988.4733581542969,489.3022155761719,959.5771026611328,501.3838720321655,946.3275146484375,491.7689895629883,122,1787820939.2006605
904.6507263183594,483.4946537017822,882.4137115478516,473.4491157531738,877.1648406982422,458.054780960083,893.748779296875,449.0977478027344,902.6429748535156,437.64334201812744,898.0396270751953,392.1224784851074,892.889404296875,389.45172786712646,893.8291168212891,384.1558885574341,895.6716918945312,380.71377754211426,926.2880706787109,390.48306941986084,924.4237518310547,432.6534032821655,905.1877593994141,459.68247413635254,892.8900146484375,469.8643112182617,949.0025329589844,403.6637020111084,942.6647186279297,455.4125690460205,914.1598510742188,476.8302011489868,898.0093383789062,479.63523387908936,966.2167358398438,422.3538064956665,957.0465850830078,465.984206199646,931.5779113769531,483.58898162841797,917.6429748535156,484.04152393341064,123,1787820939.2476804
901.6633605957031,467.67871856689453,888.4944915771484,457.6841640472412,880.2987670898438,441.6923189163208,883.3085632324219,430.06157398223877,875.9067535400391,425.58550357818604,884.8288726806641,395.51703929901123,874.4664001464844,384.06078815460205,870.4155731201172,375.3306484222412,869.6992492675781,370.69197177886963,909.4379425048828,400.2968645095825,905.1840209960938,383.8184452056885,896.6676330566406,397.74524688720703,894.5585632324219,409.37586307525635,930.3067779541016,414.38743114471436,929.5198822021484,406.41775131225586,919.1606140136719,423.1103181838989,917.8863525390625,432.79480934143066,949.0113067626953,433.0120038986206,947.3290252685547,429.4829034805298,934.9990844726562,438.95015716552734,930.5245208740234,444.4468832015991,124,1787820939.2974055
836.5978240966797,487.9874610900879,813.8083648681641,470.3386974334717,801.5098571777344,445.0694990158081,816.2060546875,421.326584815979,837.1748352050781,406.72850131988525,826.0258483886719,374.9583148956299,830.6078338623047,366.204571723938,835.3272247314453,354.44772005081177,844.3154907226562,347.1051836013794,864.8588562011719,377.1668243408203,868.6211395263672,387.6819849014282,847.3094940185547,424.63767528533936,835.7796478271484,444.7661304473877,893.7744903564453,393.77999782562256,885.9304046630859,423.3575105667114,860.4427337646484,450.26744842529297,849.9380493164062,460.79522609710693,916.5352630615234,419.1351127624512,899.8264312744141,453.9943027496338,873.3797454833984,476.0496139526367,859.5532989501953,483.1766080856323,125,1787820939.4222968
810.3124237060547,492.37486839294434,789.2683410644531,476.4041805267334,778.8613891601562,442.79168128967285,792.5658416748047,413.32175731658936,814.8622894287109,398.676381111145,809.6479797363281,383.5038757324219,812.3931121826172,363.6652708053589,812.8659057617188,344.4918966293335,819.9228668212891,330.1090979576111,845.8364868164062,391.1705732345581,853.1294250488281,376.3796281814575,832.5196075439453,412.99731731414795,821.4107513427734,436.5014934539795,873.5300445556641,409.3652629852295,870.2299499511719,407.2831392288208,842.2957611083984,440.2591609954834,827.8870391845703,460.69321632385254,894.7850036621094,434.75616931915283,876.3894653320312,446.50784969329834,849.947509765625,470.9597682952881,835.3232574462891,485.19586086273193,126,1787820939.4820895
737.0146942138672,540.0224018096924,697.1112060546875,516.1325025558472,671.2953186035156,481.9712448120117,671.9731903076172,454.14214611053467,682.6499938964844,434.16642665863037,705.2762603759766,404.9869108200073,688.2144165039062,371.42908573150635,676.9196319580078,344.0257716178894,670.5770874023438,318.4125852584839,741.4874267578125,404.1643953323364,708.0938720703125,422.11987495422363,695.6529235839844,462.1919918060303,700.4672241210938,477.2341203689575,767.4172210693359,423.2707357406616,726.5217590332031,454.9724292755127,710.5105590820312,485.93833923339844,715.2545166015625,493.42586517333984,785.5213165283203,450.92933177948,745.5237579345703,481.2270498275757,727.3429107666016,505.1664733886719,728.9361572265625,511.1485290527344,127,1787820939.5974183
732.5238037109375,551.0690259933472,687.8391265869141,526.6099834442139,659.2344665527344,492.19900131225586,654.9994659423828,463.07995319366455,661.1122131347656,445.0449514389038,688.0252838134766,420.0373649597168,663.8572692871094,383.84822845458984,652.1364593505859,357.5766348838806,645.7538604736328,333.7883162498474,722.8404998779297,416.41676902770996,685.3178405761719,435.2887487411499,680.614013671875,474.62615489959717,686.3247680664062,496.79218769073486,749.5934295654297,433.052773475647,705.1490783691406,464.8137331008911,697.6301574707031,496.93333625793457,702.0130920410156,510.6024742126465,768.3767700195312,459.2215633392334,727.9070281982422,490.29398918151855,713.3499145507812,514.786376953125,711.3729095458984,524.899377822876,128,1787820939.6414795
720.8100891113281,557.5683832168579,672.6358795166016,534.3662452697754,642.8044891357422,500.3694820404053,635.0090026855469,470.99573135375977,643.9987945556641,457.73982524871826,672.8531646728516,425.83900451660156,647.7500152587891,389.6808958053589,633.5742568969727,363.1758213043213,625.1000213623047,339.9363040924072,706.3747406005859,422.6716375350952,667.0901489257812,444.6280288696289,665.7695770263672,480.21424770355225,675.5088806152344,496.4361619949341,731.630859375,439.91347789764404,684.561767578125,476.1945390701294,679.8490142822266,505.287709236145,687.9489135742188,514.1607570648193,747.3049163818359,467.2821807861328,705.29052734375,500.1902675628662,695.15380859375,523.5762977600098,697.7573394775391,531.2313652038574,129,1787820939.7000277
687.9377746582031,576.8747520446777,629.7600555419922,555.3292751312256,599.3704986572266,530.9484672546387,585.8885192871094,509.0125894546509,578.1679153442383,489.7555732727051,616.9644546508789,444.5710802078247,581.0138702392578,408.2009696960449,559.3117523193359,381.40445709228516,547.7045440673828,357.55828857421875,652.4781036376953,437.2665023803711,604.4329071044922,473.69308948516846,605.9886169433594,511.89525604248047,622.0154190063477,520.025053024292,679.9312591552734,454.50825691223145,628.0281829833984,505.97246646881104,626.8313598632812,533.4264850616455,640.9939575195312,533.8041400909424,697.2341156005859,482.6950979232788,652.8369140625,526.2924098968506,646.1703491210938,549.7046184539795,655.0191497802734,551.8842029571533,130,1787820939.7407885
682.1593475341797,576.9805812835693,619.8286437988281,557.0474338531494,584.6266174316406,530.8864974975586,564.8402786254883,509.6119451522827,568.3580017089844,497.8684186935425,603.6158752441406,448.756742477417,568.2194519042969,410.0583028793335,546.6834259033203,383.01185131073,532.8072357177734,359.2299485206604,637.3579406738281,442.08744049072266,589.4548416137695,477.1691036224365,592.9621124267578,514.2785596847534,607.8527069091797,524.8695945739746,664.2958068847656,458.15134048461914,612.0876312255859,509.1239547729492,613.8281631469727,536.8864917755127,626.5088272094727,538.5032844543457,680.8195495605469,486.55370235443115,637.2493743896484,529.2966556549072,633.3574295043945,550.8883094787598,640.8457946777344,552.8036642074585,131,1787820939.782105
677.1950531005859,576.4352560043335,617.4890518188477,559.8304510116577,581.0598373413086,535.2478551864624,558.560676574707,514.1648769378662,560.5538940429688,499.06120777130127,594.4180297851562,449.3234395980835,557.1122360229492,413.23845863342285,535.3992080688477,387.0807409286499,521.5423202514648,362.368540763855,627.7346801757812,440.95820903778076,580.1215362548828,476.24560832977295,581.0575485229492,514.8271036148071,593.4715270996094,528.0759716033936,655.1266479492188,456.5478515625,602.1631240844727,510.6450891494751,603.2749938964844,541.2077236175537,615.5049514770508,545.7632303237915,672.0964813232422,485.21684646606445,627.1107864379883,531.2396049499512,620.9276580810547,555.6014013290405,626.6227340698242,560.5272674560547,132,1787820939.8259456
670.7431030273438,576.9071531295776,612.248420715332,558.4403800964355,575.7076644897461,533.8462400436401,554.1861724853516,514.1787385940552,557.5402069091797,502.0979404449463,589.9290466308594,449.38098907470703,550.8586883544922,415.34422874450684,527.4353790283203,390.33990383148193,511.3566589355469,366.8627643585205,622.9189300537109,442.3353624343872,572.5613403320312,481.96154594421387,574.9457931518555,518.9145755767822,589.7503280639648,529.8519802093506,650.59814453125,459.60376739501953,597.2996139526367,515.7434320449829,599.3631744384766,542.5400733947754,613.5673904418945,545.0180912017822,669.0557098388672,488.9403533935547,623.0955123901367,532.0656824111938,614.8572158813477,555.7821178436279,619.2655563354492,562.2467136383057,133,1787820939.8679733
670.8370971679688,577.2125387191772,611.6830825805664,560.3041934967041,572.6026153564453,537.4069690704346,549.7657012939453,518.5306978225708,553.447265625,506.59533977508545,587.0221328735352,452.2295808792114,544.9161529541016,420.210657119751,519.8197174072266,397.16129779815674,501.54232025146484,374.4162940979004,619.6653747558594,444.732871055603,569.1847229003906,483.94599437713623,570.7984924316406,522.302827835083,584.5341873168945,534.8453521728516,647.1707916259766,462.0184850692749,594.6673202514648,519.1528844833374,595.8203506469727,546.8704462051392,609.2704010009766,550.5116844177246,666.1386871337891,491.3601350784302,621.6277313232422,535.8623170852661,612.6127243041992,559.6290493011475,616.3211059570312,566.2989950180054,134,1787820939.9168053
669.1529846191406,577.8031826019287,610.4183578491211,561.9124889373779,570.0055313110352,539.3788433074951,546.2610626220703,520.9035301208496,551.610107421875,510.49917697906494,582.7425384521484,455.25755882263184,539.4165802001953,424.3768787384033,512.9619216918945,402.83886909484863,493.2795715332031,381.43664360046387,614.8976898193359,446.9039583206177,566.0041046142578,490.49397468566895,570.761833190918,526.544451713562,585.7600402832031,537.0105171203613,643.1278228759766,463.25933933258057,593.294563293457,524.9430227279663,595.6166839599609,551.2225770950317,607.8529357910156,554.0885496139526,663.4785461425781,491.4638614654541,621.4627456665039,540.4778623580933,612.9106140136719,564.7593212127686,614.8341751098633,571.7479562759399,135,1787820939.968816
667.1286010742188,577.9575490951538,608.4951400756836,561.2404775619507,568.4268951416016,539.5261716842651,544.0155029296875,521.5143013000488,548.4330368041992,512.2448873519897,583.1817245483398,456.12135887145996,537.6762390136719,428.1360912322998,510.4619598388672,407.52410888671875,490.1380157470703,386.52876377105713,615.3342056274414,447.82432079315186,565.8537673950195,491.7212677001953,571.1937713623047,527.6362609863281,586.3592529296875,537.2122621536255,643.189697265625,463.82208824157715,592.6180267333984,524.8717403411865,595.888786315918,550.801191329956,608.830680847168,553.2244491577148,662.5327301025391,491.54510021209717,618.9131927490234,539.7144842147827,612.6447296142578,563.9350032806396,617.0195388793945,570.5598878860474,136,1787820940.003382
