P0_x,P0_y,P1_x,P1_y,P2_x,P2_y,P3_x,P3_y,P4_x,P4_y,P5_x,P5_y,P6_x,P6_y,P7_x,P7_y,P8_x,P8_y,P9_x,P9_y,P10_x,P10_y,P11_x,P11_y,P12_x,P12_y,P13_x,P13_y,P14_x,P14_y,P15_x,P15_y,P16_x,P16_y,P17_x,P17_y,P18_x,P18_y,P19_x,P19_y,P20_x,P20_y,frame_number,timestamp
413.2637023925781,620.0416660308838,467.07042694091797,634.7089719772339,527.5590896606445,583.4882640838623,542.8003311157227,497.7583837509155,533.6252212524414,424.47901725769043,620.3931045532227,516.1406564712524,706.5540313720703,448.3426094055176,754.5189666748047,408.8337564468384,795.9741973876953,369.95254039764404,597.4461364746094,473.1792211532593,689.0740966796875,407.88708686828613,739.9679565429688,365.1430606842041,786.6673278808594,327.2372245788574,556.9830322265625,448.8948440551758,588.9198684692383,399.6116781234741,561.9031524658203,434.29723262786865,548.8312149047852,462.96009063720703,509.3233108520508,446.3591480255127,529.8881912231445,405.9648656845093,510.22716522216797,440.02861976623535,487.4085998535156,475.90121269226074,1,1787821105.155214
403.5501480102539,642.4279832839966,458.5745620727539,653.4071016311646,519.9019241333008,603.8201808929443,529.9678802490234,514.4993591308594,531.5232467651367,438.6758852005005,625.9391021728516,539.8477792739868,711.0220336914062,482.36130237579346,762.2927093505859,444.02751445770264,803.2701110839844,406.9550943374634,599.5750045776367,493.4822988510132,694.8549652099609,431.6380262374878,746.4765167236328,391.24975204467773,791.8898010253906,353.7076663970947,554.7946166992188,467.52289295196533,570.79833984375,418.0986213684082,528.6523056030273,462.6526880264282,504.8826217651367,498.9906978607178,504.22882080078125,457.8737211227417,513.2907867431641,422.56628036499023,485.1675033569336,460.63124656677246,467.51487731933594,494.63303089141846,2,1787821105.22616
393.23768615722656,640.9014415740967,441.2856674194336,673.9488315582275,513.7272644042969,658.8718557357788,540.3944396972656,579.204797744751,562.9843521118164,501.1814832687378,626.6731262207031,591.9741296768188,721.6131591796875,545.7671785354614,777.1414184570312,514.6906328201294,827.5729370117188,483.7815856933594,610.4135131835938,540.7913160324097,719.2210388183594,496.74712657928467,778.8069152832031,466.2851285934448,833.5108184814453,436.3200902938843,571.4143371582031,508.0388402938843,584.7638702392578,479.90306854248047,536.1500549316406,520.278468132019,510.27950286865234,550.6534337997437,521.839714050293,485.8417797088623,521.8070983886719,478.88009548187256,490.6583786010742,515.8709764480591,476.5892028808594,540.7168579101562,3,1787821105.2786381
401.6813278198242,637.3189544677734,451.3932800292969,664.5175838470459,523.3386993408203,639.1299390792847,555.9756469726562,567.0842170715332,581.8052673339844,495.32984733581543,635.0904083251953,587.1818590164185,729.6047973632812,551.0466241836548,786.2619018554688,523.8213443756104,834.2159271240234,496.12931728363037,620.1560592651367,538.9048862457275,725.0980377197266,501.93812370300293,783.9192199707031,473.2491731643677,838.743896484375,442.84412384033203,582.5809478759766,504.7685194015503,612.191162109375,471.66272163391113,564.4822311401367,506.4333772659302,536.9987869262695,531.4823770523071,533.6674499511719,482.33726978302,544.7281646728516,465.52024841308594,515.1082611083984,494.42484855651855,500.77831268310547,515.0473022460938,4,1787821105.3359103
435.1420211791992,559.2887306213379,449.8382568359375,433.12371253967285,505.8770751953125,357.53215312957764,546.6519546508789,323.40786695480347,575.1171493530273,282.9998517036438,622.0847320556641,346.7159843444824,700.0118255615234,287.3538064956665,743.1236267089844,237.73665189743042,778.0732727050781,198.68991136550903,630.6191253662109,381.1306142807007,713.0776214599609,309.4506812095642,758.9853668212891,251.36770248413086,794.7152709960938,208.5018825531006,610.6516647338867,419.9481010437012,665.5117797851562,349.6495056152344,709.4559478759766,291.2827491760254,744.0113067626953,248.17010164260864,567.279167175293,454.94693756103516,565.6640243530273,366.85598373413086,557.3334503173828,302.67688035964966,550.9954071044922,255.11232376098633,5,1787821105.3780336
445.46043395996094,479.06235694885254,443.6181640625,358.11601638793945,486.6879653930664,274.2011547088623,523.2487106323242,228.1751561164856,547.5957489013672,182.44701147079468,594.6683883666992,238.52537155151367,658.7718200683594,172.46524572372437,696.2240600585938,132.0164179801941,733.1941986083984,99.2246961593628,610.4047775268555,276.3735294342041,676.6678619384766,204.70621347427368,718.1767272949219,160.72386503219604,757.4302673339844,123.91108274459839,603.349609375,319.3879222869873,657.3946380615234,252.53798246383667,695.2208709716797,204.65181827545166,729.1606903076172,165.10217428207397,578.4857559204102,362.86099433898926,576.1336898803711,290.7918405532837,560.4808044433594,242.69240856170654,548.5936737060547,201.99153900146484,6,1787821105.4300873
450.5160903930664,481.34897232055664,459.58953857421875,373.38486671447754,510.49617767333984,286.65711879730225,548.5209274291992,236.78614139556885,564.4269561767578,186.79131031036377,619.2244720458984,260.3501629829407,684.0000915527344,195.33013343811035,723.4030151367188,152.14614987373352,758.6383056640625,115.8249843120575,631.5013122558594,293.9072799682617,702.1089172363281,221.13521575927734,746.9667053222656,171.31038308143616,785.1050567626953,128.33370208740234,618.9216232299805,334.07503366470337,674.0153503417969,263.2021450996399,716.314697265625,211.3007354736328,754.083251953125,168.08215141296387,586.7850875854492,375.7722043991089,588.0072021484375,298.5229754447937,577.7316284179688,245.3785228729248,567.9908752441406,199.60729122161865,7,1787821105.4958417
454.9640655517578,484.40540313720703,468.64994049072266,381.68169021606445,530.0386428833008,301.7669463157654,577.8458404541016,256.0464406013489,593.977165222168,217.53790140151978,655.0237274169922,291.84974670410156,737.9423522949219,241.46751880645752,779.6110534667969,194.40511465072632,804.0468597412109,152.44471192359924,664.9707794189453,327.4434542655945,759.0694427490234,266.3510584831238,801.9186401367188,207.95295238494873,823.7959289550781,157.90270686149597,647.0588684082031,369.59282398223877,717.4179077148438,306.3626432418823,760.1969909667969,250.27767419815063,791.2324523925781,206.79883003234863,608.4692001342773,409.47001934051514,612.303352355957,332.46384143829346,600.1378631591797,279.36535120010376,587.0221328735352,238.43198776245117,8,1787821105.5596154
449.1973876953125,515.2513217926025,485.38883209228516,414.03947353363037,551.9907760620117,340.4637336730957,602.2077941894531,299.3752956390381,636.364860534668,268.8420796394348,673.5481262207031,340.3173065185547,758.4732818603516,291.33313179016113,812.2344207763672,252.10108280181885,854.3781280517578,218.4088897705078,678.7487030029297,379.6845817565918,773.6393737792969,321.5974187850952,833.1967163085938,272.98070669174194,878.8267517089844,231.09230518341064,658.8166809082031,423.5387420654297,740.0601959228516,365.76910972595215,792.8587341308594,318.4682250022888,833.4109497070312,279.4478988647461,618.1157302856445,466.88984870910645,644.4614410400391,398.8794136047363,647.4111175537109,346.8240237236023,645.5832672119141,303.76673698425293,9,1787821105.6196141
402.65228271484375,497.9785394668579,434.83482360839844,508.68364334106445,464.1432189941406,469.01561737060547,454.9182891845703,401.20975971221924,438.99497985839844,349.0124702453613,545.3397750854492,444.248743057251,597.795524597168,392.6398229598999,636.7175674438477,350.8024048805237,665.7981872558594,315.67156076431274,531.7865753173828,407.52028942108154,589.4945526123047,358.8967537879944,632.0598220825195,320.29545307159424,670.2808380126953,292.1837782859802,504.9488830566406,382.64973163604736,556.0363006591797,338.8416624069214,596.1053848266602,312.68484592437744,635.1606750488281,292.52776622772217,467.3751449584961,367.06695556640625,488.8010787963867,345.7037401199341,493.7089157104492,348.6632251739502,498.52928161621094,354.11551237106323,10,1787821106.4301696
396.65538787841797,580.0554656982422,428.62071990966797,602.4755573272705,462.5746536254883,573.1436920166016,471.67675018310547,509.1909885406494,482.17517852783203,444.3674898147583,558.9854049682617,514.9012184143066,631.7287445068359,463.29663276672363,679.0422058105469,428.8609313964844,716.8336486816406,398.83594036102295,535.1774215698242,476.754412651062,616.0934829711914,423.0564594268799,666.3953399658203,390.5043125152588,714.373779296875,360.7988691329956,496.4944839477539,454.50066089630127,507.44667053222656,426.2353277206421,474.7800827026367,455.7115173339844,459.47399139404297,478.6371946334839,454.3277359008789,440.5224895477295,463.6357879638672,422.01215744018555,448.2506561279297,446.02625370025635,441.0993957519531,466.87864780426025,11,1787821106.4659102
376.29173278808594,602.0738697052002,421.3414764404297,614.2182683944702,474.8640823364258,565.0203323364258,480.9262466430664,493.9988708496094,470.06885528564453,436.7900562286377,551.4676666259766,510.9965229034424,620.3925704956055,456.31628036499023,663.8368988037109,419.51984882354736,697.608642578125,387.174596786499,533.0229187011719,480.67533016204834,609.6756744384766,421.08574390411377,655.4576110839844,383.33165645599365,696.3497924804688,352.35918045043945,497.7915954589844,466.90577030181885,518.9053344726562,417.437424659729,488.2203674316406,437.6033878326416,470.0381851196289,460.19535541534424,455.2798080444336,467.00868129730225,463.52577209472656,426.14022731781006,449.25994873046875,436.83382987976074,437.5239562988281,453.0101680755615,12,1787821106.5079877
358.84727478027344,607.5723123550415,362.86102294921875,522.2304725646973,406.6881561279297,457.89466381073,440.8385467529297,424.8627233505249,455.5513000488281,396.7616271972656,508.9082336425781,443.0825614929199,577.9854965209961,391.67633056640625,620.5400085449219,350.5379819869995,654.6221923828125,315.3534936904907,518.7311172485352,479.2682647705078,594.2826080322266,415.9757709503174,639.5912170410156,360.9557247161865,673.8514709472656,314.34446811676025,502.9812240600586,520.6852626800537,570.11962890625,461.20232105255127,608.3476257324219,401.0024356842041,639.9372863769531,352.9085397720337,466.23584747314453,560.1399993896484,469.97032165527344,497.69104957580566,451.9320297241211,446.1315679550171,432.9191589355469,409.4788599014282,13,1787821106.5483065
361.7059326171875,610.7879161834717,348.97167205810547,515.3520011901855,379.7798156738281,443.3473491668701,407.78724670410156,406.18879795074463,428.92574310302734,373.5849380493164,488.9427947998047,405.13505458831787,550.9701156616211,351.25462532043457,588.6783981323242,308.60814571380615,619.6477508544922,273.90602588653564,503.73626708984375,440.48789978027344,564.6746444702148,371.6130208969116,602.7914810180664,315.86886405944824,632.1102142333984,271.18178129196167,494.2058563232422,483.8559150695801,543.8001251220703,422.5398015975952,575.075798034668,365.0633668899536,599.7623062133789,318.7270474433899,462.30274200439453,525.6610822677612,455.01644134521484,458.20751667022705,436.96407318115234,409.0752840042114,420.06378173828125,371.5685176849365,14,1787821106.5897849
366.7051696777344,590.8686304092407,359.10484313964844,501.72389030456543,386.2260055541992,426.8770408630371,404.8493957519531,383.60888957977295,415.64605712890625,341.8977928161621,489.9599075317383,383.1905508041382,541.7031860351562,323.4873032569885,570.9038925170898,280.42842864990234,593.3088684082031,243.17179441452026,500.2064514160156,408.7542772293091,555.109748840332,336.9648027420044,584.4967651367188,286.7985463142395,606.6729736328125,242.46699571609497,488.4409713745117,443.52180004119873,534.4755554199219,376.37864112854004,559.8725128173828,325.2251386642456,581.8076324462891,281.19152784347534,458.3449172973633,481.9978094100952,448.5297393798828,426.31085872650146,428.28052520751953,386.0161828994751,412.1479034423828,352.1262788772583,15,1787821106.6392906
398.0198669433594,581.5502071380615,369.4881057739258,477.0291996002197,385.71998596191406,402.9372310638428,403.32279205322266,361.2392234802246,411.7079162597656,326.32574558258057,477.791748046875,348.96575689315796,512.76123046875,283.29219102859497,535.0597763061523,241.82405948638916,557.5515747070312,206.83020114898682,499.7600555419922,379.7526025772095,533.2486343383789,307.5259280204773,555.7291412353516,260.0927996635437,577.8561401367188,220.30145645141602,500.8392333984375,419.5270586013794,532.0634841918945,352.38205432891846,550.7772064208984,298.9139986038208,568.1490707397461,254.8275375366211,482.30777740478516,461.7819356918335,457.3577117919922,401.78521156311035,432.7613067626953,360.2519130706787,414.77359771728516,326.3183641433716,16,1787821106.680398
412.98789978027344,588.3188152313232,411.3889694213867,509.8877191543579,428.07098388671875,429.43960189819336,430.184326171875,380.7951879501343,419.95243072509766,340.57093620300293,504.63451385498047,374.65782165527344,529.243278503418,300.0156354904175,544.724235534668,253.8744306564331,558.4666442871094,215.26182174682617,519.4734191894531,393.1499147415161,551.3970184326172,313.7516784667969,567.8316879272461,266.7935371398926,580.7519912719727,226.07539415359497,515.7621002197266,423.5283136367798,539.2779541015625,349.95888233184814,554.2646408081055,299.57669734954834,568.4032440185547,256.48025035858154,495.79376220703125,460.7917070388794,472.1612548828125,403.22004318237305,445.64151763916016,372.2536611557007,424.95052337646484,347.9350805282593,17,1787821106.7314847
432.48722076416016,598.7935066223145,458.5340881347656,548.0236673355103,485.5255126953125,470.0093650817871,480.5971145629883,410.0727653503418,457.8968811035156,364.3449640274048,545.1081085205078,406.55314922332764,573.7947082519531,330.71645736694336,583.8643646240234,281.2062907218933,587.481803894043,240.70493459701538,540.6580352783203,409.6205234527588,576.1021423339844,328.34439754486084,589.0079498291016,277.63163566589355,594.4567489624023,236.14477157592773,522.4903869628906,427.967734336853,549.9820709228516,353.3552885055542,563.682746887207,307.88721084594727,573.3157348632812,272.6750421524048,492.17472076416016,455.64881801605225,482.70206451416016,402.7044153213501,468.97552490234375,379.901819229126,455.8250045776367,365.5901527404785,18,1787821106.7851973
460.21167755126953,635.242280960083,508.9583969116211,599.3516206741333,543.1006240844727,526.4775466918945,536.7248153686523,458.698468208313,510.21324157714844,409.4647407531738,583.1678009033203,453.9830160140991,621.2135314941406,391.4416265487671,641.3707733154297,352.55446672439575,658.4420013427734,315.81852436065674,558.2078552246094,438.44401359558105,603.6855316162109,374.0816402435303,630.3704833984375,335.6636309623718,655.2099609375,300.3187036514282,522.8777313232422,440.7256507873535,565.455436706543,391.28326892852783,598.9772033691406,364.57069873809814,626.1722183227539,343.0235481262207,483.6567687988281,457.8106355667114,501.12537384033203,429.4438934326172,511.6060256958008,431.8271541595459,516.6300582885742,437.53652572631836,19,1787821106.8328443
460.53924560546875,635.9187126159668,468.13507080078125,575.8596754074097,489.94476318359375,496.7690134048462,491.2178039550781,444.0438222885132,473.9919662475586,402.54833221435547,556.0710906982422,439.64444160461426,582.8561401367188,370.4754638671875,596.9903182983398,324.8834037780762,606.1227416992188,287.41865158081055,560.9735488891602,449.6748733520508,594.1633605957031,370.97203731536865,608.1621551513672,320.28772830963135,615.1498413085938,278.51468324661255,550.5342483520508,473.24779987335205,581.3364410400391,403.6630582809448,594.5125579833984,351.7437744140625,603.5019683837891,308.2502317428589,527.6895904541016,505.5755424499512,520.0726318359375,458.4983968734741,499.8701477050781,431.6578960418701,479.56058502197266,410.93785285949707,20,1787821106.8895192
451.47525787353516,627.9340982437134,443.3612823486328,560.4978275299072,453.7678909301758,480.2856159210205,446.7742156982422,432.43659496307373,433.5993194580078,398.6409330368042,525.3256607055664,419.682240486145,546.1909484863281,346.7654013633728,554.940299987793,303.1666946411133,560.4920196533203,267.085382938385,534.1264724731445,433.7022542953491,555.6157684326172,353.61374616622925,563.4557342529297,304.3616724014282,566.6474914550781,263.99446964263916,527.2923278808594,460.3688621520996,538.4225082397461,385.6621742248535,544.952278137207,331.8086528778076,551.6300964355469,286.9670534133911,506.37073516845703,494.4668197631836,479.6029281616211,439.0286922454834,452.85099029541016,411.6497325897217,431.1375427246094,391.9593143463135,21,1787821106.9469347
438.91475677490234,624.1649723052979,478.33568572998047,577.6662826538086,485.5771255493164,498.47228050231934,443.89434814453125,437.59325981140137,402.1263885498047,398.7755584716797,510.93273162841797,422.80433177948,517.2550201416016,346.0859441757202,516.8111801147461,301.31176471710205,514.7341156005859,261.26949548721313,472.9155731201172,418.32963466644287,490.74275970458984,344.27538871765137,496.89571380615234,301.460165977478,505.03849029541016,259.3911123275757,432.61268615722656,430.8639621734619,429.3761444091797,380.161714553833,437.50537872314453,382.1301555633545,450.8583450317383,378.1392431259155,400.01461029052734,453.9528465270996,393.93245697021484,420.9783697128296,398.9569854736328,441.0796594619751,404.01611328125,461.6411304473877,22,1787821106.9884465
445.58727264404297,632.1087312698364,483.22837829589844,584.1378307342529,482.71366119384766,502.93509006500244,436.81396484375,446.7822504043579,389.9584197998047,409.2448425292969,492.9042434692383,431.0118055343628,492.3008728027344,356.12547397613525,490.20206451416016,312.19449520111084,487.98866271972656,270.83970308303833,454.23343658447266,426.692590713501,462.4169158935547,347.1816158294678,468.2573699951172,302.90321588516235,475.98365783691406,258.65062952041626,415.1259231567383,441.9382667541504,411.8747329711914,377.6792335510254,420.5119323730469,352.58652448654175,429.9882507324219,321.2471652030945,383.46656799316406,469.90156173706055,377.3796844482422,435.86849212646484,387.40562438964844,448.79111766815186,394.4532775878906,458.8669538497925,23,1787821107.0439718
450.26744842529297,655.9916353225708,494.6360397338867,606.5567207336426,491.04881286621094,519.2154550552368,439.7264862060547,456.98408603668213,388.2954406738281,418.03253173828125,502.77687072753906,451.3339376449585,503.93802642822266,369.23718452453613,504.38732147216797,321.85259342193604,502.91709899902344,278.9388585090637,457.29740142822266,451.8553161621094,457.3380661010742,365.192928314209,462.11387634277344,313.9178681373596,465.47374725341797,266.2887239456177,416.6648864746094,471.57508850097656,403.006591796875,422.83995151519775,410.90137481689453,453.1528615951538,415.09361267089844,470.51040172576904,387.5013732910156,501.1790370941162,385.9665298461914,472.18761920928955,400.7923889160156,500.39827823638916,407.83321380615234,520.6706285476685,24,1787821107.0831292
475.85174560546875,705.5842638015747,502.38372802734375,647.7826595306396,504.9164581298828,569.7871541976929,472.49401092529297,517.9759311676025,432.5301742553711,490.63950061798096,529.7483825683594,495.73119163513184,532.9190826416016,408.9516878128052,528.636589050293,351.93058490753174,520.3992080688477,309.6911144256592,510.02586364746094,501.4010810852051,524.0433502197266,413.67812633514404,525.582160949707,358.43215227127075,523.917236328125,318.8973140716553,481.21471405029297,521.5685892105103,491.55799865722656,447.8759479522705,502.6059341430664,394.242582321167,513.4002685546875,354.77258920669556,440.8348083496094,551.2515020370483,410.20069122314453,510.6426000595093,399.19986724853516,500.81751823425293,394.60819244384766,499.18338775634766,25,1787821107.1444502
459.7780990600586,691.2551307678223,398.1748580932617,623.1832408905029,381.23802185058594,551.6007471084595,368.9517593383789,514.571328163147,360.20484924316406,482.415976524353,441.78924560546875,461.9783592224121,445.96195220947266,387.8352355957031,440.5308151245117,343.7334108352661,434.32186126708984,308.1520628929138,471.39739990234375,476.7850971221924,478.1842803955078,397.0205783843994,469.23831939697266,347.17005014419556,458.2009506225586,307.2050929069519,486.6432571411133,509.1457986831665,476.2540817260742,437.89817333221436,462.0449447631836,383.19788932800293,450.8224868774414,337.0446252822876,484.4036102294922,551.7027568817139,425.31787872314453,516.4933776855469,380.5430603027344,500.0706195831299,346.5473175048828,488.4504747390747,26,1787821107.1818845
439.8712158203125,694.6060037612915,443.3087158203125,633.2085227966309,429.44820404052734,559.8521661758423,378.04187774658203,518.1168222427368,325.2886962890625,495.7755661010742,420.7012176513672,469.26538467407227,401.16161346435547,398.23302268981934,386.69620513916016,355.588903427124,373.17161560058594,318.9835524559021,405.1029586791992,482.13080406188965,390.02044677734375,404.2791938781738,378.46996307373047,357.69707679748535,366.8347930908203,315.13657808303833,387.6408386230469,513.2943820953369,372.18528747558594,448.61945629119873,367.5326156616211,410.86034774780273,363.0763626098633,377.12000370025635,367.3091125488281,555.7087326049805,340.5801773071289,516.1635303497314,323.78135681152344,504.68183040618896,309.6707534790039,496.4579200744629,27,1787821107.2263327
440.6114959716797,688.9248704910278,460.9107208251953,620.6208086013794,438.49884033203125,545.3613710403442,373.65345001220703,509.4324731826782,316.26413345336914,496.004433631897,422.94532775878906,475.8714723587036,399.8526382446289,398.0473279953003,386.13502502441406,354.4390296936035,371.1206817626953,316.9050979614258,388.8138961791992,493.1737804412842,372.78133392333984,418.3292055130005,367.03067779541016,368.91772270202637,359.70218658447266,326.0933804512024,360.8597946166992,523.4734296798706,325.80318450927734,481.84932231903076,321.2508010864258,494.9833059310913,319.80539321899414,503.85871410369873,341.46190643310547,557.466630935669,311.59841537475586,520.3400945663452,310.26018142700195,521.4097166061401,312.10596084594727,520.9845113754272,28,1787821107.2779632
432.3037338256836,681.5755319595337,449.43851470947266,617.3036241531372,422.6012420654297,544.0628385543823,347.3188018798828,517.9215145111084,287.4962615966797,505.81183433532715,398.59508514404297,473.85093212127686,366.8423843383789,405.446834564209,348.0123519897461,365.0891590118408,329.85363006591797,328.7899875640869,362.24632263183594,492.11982250213623,337.191162109375,415.01317977905273,327.38243103027344,371.2753200531006,316.10971450805664,328.78361463546753,334.91249084472656,525.126485824585,295.9071350097656,490.6804847717285,317.2305107116699,527.3578262329102,333.7017822265625,548.9757013320923,315.44883728027344,564.3101692199707,288.1309127807617,536.7139291763306,310.4610824584961,562.6303768157959,328.5244369506836,579.1429567337036,29,1787821107.3448446
522.2915649414062,708.491907119751,559.8207473754883,647.063570022583,540.7817840576172,585.3247833251953,481.0364532470703,550.1525688171387,422.88631439208984,536.3837385177612,507.4280548095703,508.2950448989868,480.7305145263672,425.5525016784668,458.5391616821289,380.86355209350586,434.15428161621094,344.87433671951294,456.9620132446289,512.3205900192261,447.0362854003906,432.7294921875,433.73592376708984,388.5454845428467,421.65637969970703,358.5529375076294,413.20648193359375,534.6649789810181,385.1203155517578,506.23077392578125,393.8259506225586,531.0431385040283,407.97149658203125,554.4958162307739,377.4464797973633,565.016040802002,357.36907958984375,547.2249269485474,373.23802947998047,562.8270578384399,392.12425231933594,578.1617832183838,30,1787821107.3853962
553.4512329101562,718.3934640884399,577.6102066040039,648.5906267166138,557.5632095336914,574.0622091293335,496.1347961425781,540.5533075332642,437.7060317993164,533.4951066970825,537.9118728637695,510.83507537841797,511.6267395019531,434.8762893676758,491.40098571777344,387.68726348876953,471.70413970947266,349.712655544281,503.8826370239258,521.4029788970947,486.03111267089844,439.7344779968262,472.99678802490234,388.9026689529419,462.5363540649414,346.40592098236084,472.04158782958984,547.8505039215088,453.16322326660156,478.026123046875,449.35516357421875,429.10808086395264,448.2957077026367,388.3750247955322,440.40122985839844,586.2855291366577,417.28572845458984,553.097333908081,418.8529968261719,540.3635358810425,423.27999114990234,531.5726280212402,31,1787821107.4344873
523.6046600341797,697.741527557373,547.5485992431641,625.9209823608398,517.0140838623047,554.5328092575073,445.4389953613281,528.6170482635498,387.41004943847656,529.183874130249,496.2165832519531,491.7236280441284,467.5149154663086,419.0178680419922,445.5155563354492,377.95942783355713,421.46305084228516,344.4908022880554,455.82584381103516,510.8299684524536,429.2117691040039,438.6917209625244,410.5797576904297,394.31553840637207,392.9593276977539,358.3522868156433,422.4922180175781,543.3616018295288,393.4749221801758,506.1409091949463,403.12522888183594,510.6045341491699,411.05709075927734,513.6508369445801,399.0962219238281,581.8270540237427,370.9033966064453,549.7013568878174,386.91986083984375,554.0319871902466,404.6218490600586,562.7625560760498,32,1787821107.4835653
502.2737503051758,686.3578462600708,520.2579879760742,612.2106885910034,481.2729263305664,542.7201461791992,399.8773193359375,525.6114292144775,338.85074615478516,525.5560684204102,458.12366485595703,487.5728988647461,415.19275665283203,417.68084049224854,386.0999298095703,377.7813720703125,357.3686218261719,344.24833059310913,420.5367660522461,513.2280349731445,378.18260192871094,437.339243888855,354.26013946533203,393.39242935180664,330.8188247680664,354.84318494796753,394.017333984375,550.8615303039551,349.5316696166992,524.1957378387451,387.2847366333008,559.3763637542725,418.29639434814453,581.8099737167358,376.0083770751953,595.2581405639648,344.5518493652344,573.3349657058716,378.75301361083984,595.8157825469971,408.6678695678711,611.8732023239136,33,1787821107.528989
491.7567443847656,672.9205799102783,508.87691497802734,604.5920133590698,468.5832214355469,534.6955347061157,393.71227264404297,514.8584747314453,329.33666229248047,512.2457027435303,435.0389099121094,474.5970153808594,392.3310089111328,411.0646677017212,366.43497467041016,373.15934658050537,340.60203552246094,340.1943325996399,396.6366195678711,496.6720676422119,348.9893341064453,425.1088857650757,324.6689987182617,380.7530879974365,300.4116630554199,341.7252731323242,370.97461700439453,532.8155422210693,330.8928680419922,509.8576354980469,371.1820983886719,546.6871547698975,400.0041198730469,570.2684926986694,355.30155181884766,576.379337310791,333.11275482177734,557.5872230529785,368.8479232788086,583.3809328079224,394.23709869384766,601.7544078826904,34,1787821107.5842593
524.761962890625,671.7985153198242,549.0269470214844,601.9412183761597,502.96478271484375,526.7461109161377,428.7664794921875,496.21574878692627,365.7101058959961,497.96459197998047,467.00469970703125,468.54809761047363,416.6776657104492,398.0358695983887,378.8152313232422,357.43125915527344,342.37220764160156,326.9007897377014,431.8400573730469,492.2918701171875,387.8483200073242,415.30925273895264,356.5108871459961,367.53061294555664,327.7227783203125,332.19950437545776,408.1869125366211,530.4238700866699,351.68190002441406,494.43626403808594,371.73336029052734,518.3509254455566,394.97142791748047,541.9406318664551,394.4278335571289,575.7428598403931,355.1592254638672,544.0882015228271,376.2158966064453,554.346170425415,401.5510559082031,568.7518644332886,35,1787821107.6340086
618.4441375732422,602.8800344467163,668.3497619628906,565.8643054962158,663.8850402832031,486.8214511871338,603.4839630126953,436.05371475219727,548.6574935913086,409.6537399291992,647.0094299316406,436.01367473602295,628.6640930175781,356.6795539855957,613.1454467773438,307.15747833251953,599.9216079711914,266.51617527008057,601.5613174438477,442.93463230133057,576.8314361572266,356.011061668396,565.4879760742188,304.16460514068604,556.6474151611328,261.6283965110779,566.5899658203125,464.6551179885864,535.3376770019531,432.21566677093506,567.3358154296875,482.0745849609375,594.4719696044922,517.2504043579102,538.8818740844727,495.1435089111328,520.7077407836914,467.81694889068604,550.4056167602539,507.28589057922363,573.5997009277344,537.2734594345093,36,1787821107.7812757
604.2179107666016,627.9123401641846,658.3336639404297,619.9778509140015,667.2714233398438,604.4837379455566,636.9752502441406,593.8484144210815,584.6349716186523,592.0112085342407,654.8453521728516,480.90784549713135,607.0656967163086,406.0832691192627,566.8428421020508,374.95131969451904,524.9065780639648,345.9929895401001,603.0354690551758,471.5732002258301,572.4398040771484,370.13720512390137,549.6943283081055,303.9572596549988,527.0779037475586,249.59555625915527,558.9163589477539,479.9005365371704,514.4050598144531,420.2501392364502,541.080322265625,455.40754795074463,570.1128768920898,489.78758811950684,520.467529296875,498.84315490722656,493.7907028198242,458.1788921356201,516.071891784668,483.0347728729248,543.0117416381836,509.988956451416,37,1787821107.8141747
588.5547637939453,637.6695728302002,621.3784027099609,651.7048645019531,624.8781204223633,636.2379169464111,612.5230407714844,617.0639419555664,592.7442932128906,578.7969303131104,631.2687683105469,485.4903030395508,588.935661315918,423.56110095977783,543.645133972168,388.7082624435425,493.7245178222656,355.06900548934937,581.7496871948242,473.4788131713867,543.3738708496094,375.844988822937,500.7725143432617,305.0329113006592,459.20604705810547,241.5507960319519,539.8149108886719,481.8153762817383,499.91748809814453,416.072416305542,486.3784408569336,408.3500576019287,477.8908157348633,404.8466634750366,503.9320755004883,503.7409543991089,472.5841522216797,463.8041925430298,466.9707489013672,460.82294940948486,466.7589569091797,464.8487949371338,38,1787821107.844625
608.5831451416016,603.8510370254517,653.3074951171875,637.2498178482056,662.5356292724609,633.471508026123,642.4542999267578,618.9302444458008,618.6907958984375,577.9782772064209,668.3216857910156,485.23263931274414,630.2263641357422,409.2636823654175,589.9126052856445,368.5048770904541,546.6088485717773,329.8797369003296,619.8740768432617,454.5614290237427,584.5110321044922,353.03089141845703,548.2136154174805,288.5286569595337,512.2182464599609,225.77595233917236,572.1887969970703,442.78348445892334,546.1616516113281,357.9730439186096,525.438117980957,316.68331146240234,506.01104736328125,289.0431475639343,527.5527572631836,444.85273361206055,516.8556213378906,383.4921598434448,508.0118179321289,351.24080657958984,498.28125,333.29320192337036,39,1787821107.8787212
663.7844848632812,600.5618762969971,712.1031951904297,560.163688659668,703.9034271240234,481.68508529663086,647.7383422851562,417.3712921142578,598.6499786376953,370.1442003250122,698.8304138183594,415.5439567565918,654.1539764404297,324.26310539245605,615.4605865478516,264.56674575805664,575.3374099731445,215.14936208724976,659.7477722167969,406.75776958465576,625.8052444458008,306.2180185317993,595.6590270996094,243.70375156402588,567.3234176635742,193.49779844284058,624.0302276611328,413.4287452697754,603.4782028198242,318.21521759033203,582.3565673828125,257.9087734222412,559.466667175293,212.65284776687622,592.7163696289062,431.5650272369385,583.979377746582,371.1092805862427,572.9294586181641,333.8571310043335,559.8029327392578,306.0377311706543,40,1787821107.9289296
709.0164947509766,591.2658977508545,761.2271118164062,535.1230144500732,761.6111755371094,442.3734712600708,699.5242309570312,379.0596055984497,642.4966430664062,347.83616065979004,727.0881652832031,384.28755283355713,700.7999420166016,295.36414861679077,677.0302581787109,246.15378856658936,647.5445556640625,209.17614698410034,683.0284118652344,390.9777545928955,663.0045318603516,296.41154050827026,644.0596771240234,242.2221851348877,618.3563613891602,201.41409158706665,649.6328735351562,416.0552930831909,628.4556198120117,366.97065353393555,652.6396942138672,405.8465051651001,669.7947692871094,441.66579723358154,623.4689331054688,452.0184373855591,613.4708023071289,419.76558208465576,635.0410079956055,443.89782428741455,651.1758422851562,468.765549659729,41,1787821107.9722211
708.7317657470703,602.1835613250732,768.5279846191406,544.6309518814087,778.5324096679688,448.74614238739014,736.2693023681641,380.1569080352783,689.6123504638672,343.75126361846924,759.5662689208984,402.1920919418335,741.5860748291016,315.94902992248535,728.6123657226562,267.32746839523315,709.6287536621094,225.44097661972046,719.2800140380859,404.8386812210083,716.8863677978516,306.7754030227661,715.37841796875,249.20652866363525,706.8872833251953,201.82416915893555,682.2738647460938,423.80104064941406,674.7238159179688,361.4524269104004,701.4707183837891,396.75055503845215,719.4031524658203,429.24060344696045,648.9886474609375,454.05622959136963,653.5735321044922,411.29027366638184,677.6760864257812,435.3236389160156,691.3874053955078,460.34165382385254,42,1787821108.008895
693.25439453125,580.3320980072021,745.3948211669922,526.2641716003418,748.2096862792969,432.064733505249,688.5365295410156,362.3969507217407,629.3836212158203,325.2078652381897,725.2597045898438,384.19283866882324,700.8147430419922,287.3385715484619,682.4076843261719,235.4781675338745,658.5218811035156,192.62253999710083,679.6282958984375,390.97333431243896,661.7044830322266,286.43672704696655,649.1983795166016,229.33382749557495,628.9242553710938,185.3710699081421,641.0009002685547,414.9234867095947,613.724365234375,355.83669662475586,646.2699890136719,403.2973337173462,670.9138488769531,442.92888164520264,608.3195114135742,448.88463020324707,598.5900115966797,412.3125171661377,627.875862121582,445.8051109313965,650.2284240722656,473.40731620788574,43,1787821108.065171
678.0697631835938,577.7767038345337,721.3628387451172,517.8653812408447,711.3383483886719,420.85086822509766,646.6550445556641,356.85842514038086,582.7585601806641,323.6056852340698,680.8885192871094,373.3800172805786,642.3782348632812,280.0170421600342,617.0025253295898,227.87871837615967,588.4683227539062,184.08697843551636,635.8730316162109,388.54758739471436,604.1462707519531,285.023717880249,583.9405822753906,226.0630989074707,557.7169799804688,180.81597089767456,598.12255859375,418.22638034820557,561.3335418701172,360.80989837646484,602.0376205444336,399.91560459136963,632.3943710327148,435.2795648574829,564.749641418457,455.7986783981323,547.6069641113281,410.9280252456665,584.8991775512695,438.9598560333252,614.8724746704102,466.52687072753906,44,1787821108.1091142
671.2095642089844,572.5540351867676,719.8821258544922,518.7585353851318,703.4307098388672,415.35860538482666,629.6134567260742,364.1509008407593,562.2486877441406,338.8227367401123,655.9455871582031,352.5499391555786,624.2797088623047,274.0591049194336,600.6618881225586,227.99180030822754,577.4156951904297,190.33401489257812,609.7565841674805,370.3752565383911,566.8278503417969,276.8400192260742,547.1314239501953,221.12560272216797,526.332893371582,177.06398963928223,577.5549697875977,404.437894821167,554.1343688964844,356.8401861190796,603.1102752685547,407.75156021118164,632.3629760742188,444.9314832687378,550.5442047119141,446.54879093170166,543.4360122680664,405.53378105163574,585.7551574707031,445.0055980682373,613.0766677856445,476.3913917541504,45,1787821108.151899
696.7312622070312,600.3000926971436,748.7277221679688,542.3543357849121,741.6923522949219,444.52189922332764,672.0648956298828,380.7942867279053,604.8390579223633,347.2404098510742,701.9982147216797,377.6826238632202,672.8358459472656,285.34348011016846,648.0530548095703,233.9033031463623,619.9471664428711,190.87361097335815,650.3248596191406,387.67451763153076,624.8961639404297,289.3251657485962,605.5134201049805,233.69033575057983,583.5787200927734,191.45058631896973,610.9477615356445,416.1105251312256,590.8113479614258,358.13629388809204,624.0310668945312,399.4197177886963,646.5098571777344,434.65059757232666,582.0336532592773,454.77879524230957,577.7861404418945,416.8385410308838,608.9369583129883,442.53260135650635,628.5892105102539,467.5126791000366,46,1787821108.2093651
718.2422637939453,630.550045967102,777.618408203125,576.9120454788208,785.4620361328125,481.90300941467285,735.9409332275391,409.5945167541504,674.6463012695312,367.70236015319824,761.1100006103516,407.78228759765625,747.3738861083984,309.6468687057495,726.273193359375,252.4405860900879,698.2736968994141,204.43563222885132,707.1242523193359,410.0233268737793,704.6121215820312,311.5232563018799,687.9923248291016,247.17586040496826,664.6343231201172,196.50140047073364,662.0446014404297,435.66816329956055,652.7952575683594,383.78411293029785,677.7210235595703,426.6514778137207,693.6496734619141,463.4704399108887,627.8748321533203,474.06314849853516,632.8783416748047,439.82357025146484,660.6836700439453,465.0534152984619,677.8509521484375,491.74976348876953,47,1787821108.2590737
754.5246124267578,656.9600200653076,825.9100341796875,612.0689821243286,845.5112457275391,513.9702129364014,790.6649017333984,447.0628309249878,730.0225830078125,400.3475046157837,812.6895904541016,429.8618459701538,805.4081726074219,345.4474067687988,798.1207275390625,293.3780908584595,787.6972961425781,247.7864384651184,759.1739654541016,431.31174087524414,752.0121765136719,327.935585975647,753.1925201416016,264.53481674194336,749.7978210449219,215.30563831329346,714.5800018310547,453.46880435943604,712.8221130371094,406.62108421325684,745.5936431884766,473.9774465560913,762.7825927734375,520.6200742721558,675.5966186523438,485.28388023376465,692.2693634033203,455.95016956329346,719.8624420166016,506.94612979888916,730.6670379638672,542.3650646209717,48,1787821108.331142
746.8672180175781,652.1193408966064,812.4862670898438,596.9108533859253,823.6337280273438,503.8718891143799,766.0786437988281,440.1192569732666,704.5347595214844,408.3770513534546,780.1280975341797,429.9415397644043,767.2797393798828,329.7513771057129,754.112548828125,273.6778450012207,732.7940368652344,226.34129762649536,728.3320617675781,436.9847631454468,729.0464782714844,336.1332321166992,728.5330963134766,272.3864150047302,718.4513092041016,222.77754306793213,685.3949737548828,462.4373388290405,686.9662475585938,421.0090112686157,717.2824859619141,466.06141090393066,734.296875,503.4456539154053,652.919921875,500.9301280975342,671.2946319580078,476.5808629989624,699.6358489990234,506.9292211532593,714.9690246582031,533.2663249969482,49,1787821108.3738117
754.7657012939453,683.6584281921387,815.1663970947266,635.7248640060425,838.6337280273438,550.5009126663208,805.4396057128906,485.8129835128784,760.3482055664062,436.05865001678467,807.3980712890625,455.99879264831543,810.90087890625,363.2116985321045,802.877197265625,300.84158420562744,785.9558868408203,247.59437084197998,773.6467742919922,456.2339687347412,786.9532012939453,353.5145902633667,778.0574798583984,281.11644744873047,761.5615844726562,219.70386028289795,745.5646514892578,481.9906425476074,769.0589904785156,382.2882127761841,776.6831970214844,315.2400255203247,772.4495697021484,255.42511224746704,722.5738525390625,528.7862205505371,738.0001831054688,478.06676387786865,747.4510955810547,454.62520122528076,748.0924224853516,434.70810413360596,50,1787821108.4249175
774.4235229492188,680.1116466522217,835.7186126708984,643.0019760131836,863.9328002929688,556.5413761138916,816.4874267578125,486.92925453186035,758.460693359375,440.14286041259766,822.9641723632812,449.63796615600586,814.913330078125,351.5363645553589,799.7177124023438,289.9800109863281,773.7473297119141,238.10001611709595,778.2370758056641,446.93451404571533,786.7549896240234,346.48162364959717,778.7059020996094,281.14189624786377,761.3176727294922,227.54215478897095,739.3589782714844,469.19384479522705,756.2290954589844,376.74342155456543,765.7772827148438,321.8839645385742,765.0326538085938,269.8395609855652,703.1306457519531,511.4311695098877,725.3170776367188,466.0280656814575,748.3531188964844,462.3590612411499,761.1813354492188,461.5371894836426,51,1787821108.464965
780.3946685791016,705.947585105896,846.3808441162109,671.3903045654297,877.8523254394531,581.8849897384644,823.8374328613281,510.7477855682373,768.5108947753906,454.3262529373169,848.6941528320312,476.92487239837646,853.6775207519531,379.98104095458984,853.1294250488281,324.60896015167236,845.7481384277344,277.0576214790344,791.0264587402344,472.336106300354,794.9191284179688,358.0584669113159,802.5675964355469,291.48895740509033,803.5151672363281,241.2001132965088,741.0441589355469,494.9253273010254,746.6643524169922,463.3304500579834,773.7142181396484,535.5791187286377,788.3328247070312,580.5717372894287,698.5652923583984,530.4586315155029,720.7425689697266,520.0785684585571,745.95703125,574.7413015365601,755.9477996826172,606.0320377349854,52,1787821108.5164342
735.6017303466797,710.3073978424072,783.9037322998047,638.9929533004761,775.6537628173828,547.1020603179932,684.9028778076172,511.5009927749634,606.5742111206055,500.39591789245605,694.0988922119141,451.76472187042236,649.6640014648438,362.785120010376,620.5184936523438,317.7516031265259,588.7472915649414,275.0658345222473,642.1938323974609,471.92145824432373,597.2325897216797,375.41210174560547,575.1335144042969,318.90222787857056,547.276611328125,268.2753396034241,605.3446197509766,510.6393814086914,586.2022018432617,480.84038257598877,628.3547210693359,530.4836082458496,655.3518676757812,559.9473524093628,579.2033386230469,562.1144914627075,579.9040222167969,551.0291576385498,621.1096954345703,591.0351419448853,646.9382476806641,618.4012699127197,53,1787821108.588302
769.0456390380859,760.5531120300293,712.1266937255859,695.862865447998,681.8865203857422,616.1084318161011,669.1816711425781,560.4937076568604,647.3854827880859,515.1645469665527,708.8822174072266,509.6293258666992,712.9611206054688,399.40006256103516,697.8880310058594,335.88460206985474,679.1075897216797,285.7128953933716,748.1842803955078,518.0363130569458,747.2088623046875,399.2099905014038,721.3474273681641,326.58504009246826,691.1447143554688,273.24821949005127,786.5812683105469,554.2425727844238,778.6628723144531,439.9209451675415,754.9534606933594,368.55706214904785,727.2917175292969,312.33497858047485,824.0838623046875,610.3171348571777,794.6728515625,562.0435523986816,753.6344909667969,526.3491868972778,711.0356140136719,496.2818384170532,54,1787821108.6357665
624.4597625732422,682.2415351867676,675.2484893798828,637.1716690063477,661.6489410400391,557.1209049224854,597.2884750366211,514.5168685913086,530.4415130615234,493.89424324035645,625.0622177124023,495.6587505340576,594.6266174316406,404.6280097961426,568.6922073364258,347.8131580352783,542.6243591308594,301.47396326065063,582.7817153930664,509.3813180923462,557.0626831054688,407.54093170166016,533.1202697753906,345.53937435150146,508.63170623779297,293.62290143966675,552.1159362792969,539.7598886489868,516.5370559692383,509.9149703979492,555.7917022705078,564.8674249649048,589.5138931274414,602.9326486587524,530.6550598144531,580.0833177566528,507.1422576904297,560.4350423812866,545.6782531738281,600.3192758560181,577.8211212158203,628.723955154419,55,1787821109.0167115
633.6104583740234,682.0379447937012,674.6040344238281,630.7859945297241,655.3349304199219,548.5731983184814,580.8671951293945,516.6153001785278,513.8166427612305,497.7241373062134,596.8551254272461,470.2588748931885,560.9805297851562,387.6565361022949,537.4395370483398,338.66347789764404,513.9485931396484,298.46956729888916,550.1834487915039,494.664101600647,504.99561309814453,397.9455327987671,481.8035888671875,339.1588068008423,457.69405364990234,291.6512203216553,520.0354385375977,535.3027009963989,491.2274169921875,509.24999713897705,543.5877990722656,559.4164037704468,580.8070373535156,591.1425590515137,498.79661560058594,587.0534563064575,491.2093734741211,567.4350929260254,542.0415496826172,604.1948318481445,578.9533233642578,628.6046075820923,56,1787821109.0658538
482.1455383300781,651.8009948730469,520.505256652832,600.1825904846191,496.8665313720703,522.1077346801758,424.2412567138672,484.5001173019409,363.7028503417969,465.09637355804443,484.08756256103516,460.9164619445801,452.27718353271484,382.1994638442993,427.6498031616211,333.53376388549805,404.69066619873047,293.24857234954834,440.2130889892578,473.7911081314087,404.25865173339844,387.6156806945801,382.1977996826172,333.74600172042847,361.9733428955078,287.3725175857544,406.7481994628906,501.51819705963135,368.7410354614258,471.15443229675293,398.9518737792969,517.112774848938,423.2466506958008,549.8417329788208,380.9320068359375,538.921365737915,356.9350051879883,510.0520420074463,386.65088653564453,545.0717782974243,409.80960845947266,574.1038370132446,57,1787821109.3226075
519.0789413452148,662.0734262466431,557.1218872070312,601.6978025436401,533.8478088378906,512.9801988601685,465.6549072265625,464.26918029785156,400.5555725097656,443.44549655914307,510.63140869140625,447.93766021728516,486.8766784667969,366.93846702575684,467.2142028808594,316.27535820007324,444.94102478027344,274.2218613624573,464.9695587158203,465.37652492523193,440.8195495605469,379.3003177642822,424.3846130371094,323.13644886016846,406.89796447753906,280.40634870529175,428.99829864501953,500.4841947555542,390.18165588378906,459.45133209228516,416.78504943847656,498.156681060791,439.2280960083008,530.3109169006348,401.51981353759766,545.4492616653442,373.4325408935547,513.9668226242065,397.6475524902344,540.9043979644775,418.7255859375,565.1044464111328,58,1787821109.3726215
558.3714294433594,666.7380237579346,598.434944152832,606.3890504837036,579.8598480224609,518.3743143081665,519.6775436401367,456.0640239715576,458.03436279296875,428.80192279815674,571.278190612793,447.21985816955566,545.0321197509766,359.739031791687,520.9498596191406,309.65094566345215,495.7170867919922,264.60137844085693,523.2876586914062,451.82896614074707,502.83973693847656,367.55919456481934,482.34142303466797,312.77925968170166,463.1924057006836,265.157732963562,484.54742431640625,475.4999542236328,442.45323181152344,428.2191753387451,465.7168960571289,468.65002155303955,491.2137222290039,502.4627208709717,460.7754135131836,508.5032272338867,433.4600067138672,475.3309965133667,456.1647415161133,500.5120038986206,479.3756103515625,525.360803604126,59,1787821109.4393919
591.0490417480469,654.4812726974487,639.1495132446289,598.185396194458,636.2927627563477,508.1128263473511,582.0220184326172,440.74946880340576,520.5848693847656,410.0755977630615,616.0137939453125,437.17286109924316,601.7555999755859,352.6431083679199,582.3423385620117,305.4968476295471,559.1234970092773,263.3099699020386,571.1361694335938,439.8611640930176,561.02783203125,351.92901849746704,544.4344711303711,296.80893659591675,526.5860748291016,253.16544771194458,533.0413436889648,460.3776168823242,501.0764694213867,407.12915897369385,514.3398284912109,436.3984966278076,528.4728240966797,466.45365715026855,505.8943176269531,490.60752868652344,483.50887298583984,453.5993957519531,500.09559631347656,473.9248323440552,516.3928604125977,497.0110559463501,60,1787821109.4778192
622.3300933837891,627.6458787918091,684.6163940429688,571.9249820709229,695.6028747558594,482.80693531036377,650.1082611083984,413.50749492645264,598.0936050415039,367.0282459259033,676.534423828125,417.1918201446533,672.890625,339.59182262420654,666.2396240234375,296.98280811309814,659.0374755859375,256.06940031051636,630.1545333862305,417.638783454895,626.7197799682617,328.00116062164307,627.7390289306641,273.8775300979614,625.444450378418,227.8633975982666,589.0056228637695,438.26385498046875,574.2633819580078,394.47999000549316,599.0487289428711,445.4072856903076,614.7097396850586,482.36666679382324,552.6860046386719,467.2139024734497,554.4390487670898,437.07149505615234,578.3936309814453,476.82384967803955,591.7546844482422,505.6306457519531,61,1787821109.5127609
638.4068298339844,606.221809387207,689.20166015625,548.3345890045166,690.8681488037109,457.214412689209,646.4598083496094,391.6457748413086,596.3125991821289,349.01607513427734,681.1174011230469,402.6861333847046,678.1058502197266,330.4548454284668,671.8327331542969,288.8087224960327,664.1587829589844,252.02542304992676,639.1747665405273,406.1192750930786,627.6004409790039,316.72974586486816,627.0660400390625,268.45693588256836,621.5658187866211,224.9382448196411,601.850471496582,430.5036449432373,574.3596267700195,378.90721321105957,603.4927368164062,430.05663871765137,621.653938293457,465.48325538635254,568.3278656005859,463.67063999176025,557.9879760742188,428.8736343383789,580.7852172851562,467.69052028656006,595.5508422851562,496.23188495635986,62,1787821109.5458143
618.3925247192383,594.171953201294,655.1118469238281,580.3564739227295,661.6358184814453,539.7568416595459,627.227783203125,494.60813999176025,579.4435119628906,452.4890899658203,673.9688873291016,424.1255235671997,651.4083862304688,337.89838314056396,625.5638885498047,279.32915210723877,597.4114608764648,229.87906694412231,631.0017776489258,423.5792112350464,613.4463882446289,331.31418228149414,606.7706680297852,291.7769193649292,598.8300704956055,259.5573878288269,593.8509368896484,440.5287981033325,548.1651306152344,379.1905403137207,570.526237487793,422.7587556838989,595.3597640991211,458.85849952697754,560.9264755249023,467.38556385040283,528.6821365356445,427.2640085220337,548.072624206543,460.18260955810547,571.8049240112305,490.33454418182373,63,1787821109.6154118
605.118293762207,560.4270601272583,642.8540802001953,511.4010000228882,632.5666809082031,433.07380199432373,572.9064559936523,376.81556224823,512.8506469726562,342.58503913879395,606.853141784668,376.440224647522,577.1866989135742,304.6538829803467,552.8705978393555,267.13106632232666,528.5746765136719,231.5869688987732,565.1323318481445,382.30992794036865,530.9978485107422,298.6025834083557,514.2567825317383,253.06320190429688,494.1568374633789,213.05331230163574,532.0947647094727,404.70564365386963,508.6077880859375,344.13007736206055,544.8737335205078,382.1380090713501,566.8577575683594,415.9869718551636,502.88291931152344,433.62449169158936,500.34488677978516,391.45132541656494,530.6195449829102,417.7737092971802,551.1819458007812,443.9891481399536,64,1787821109.6571975
630.8621597290039,577.7085971832275,678.9711761474609,523.9086771011353,669.0869140625,430.9155464172363,612.0487594604492,370.8377981185913,555.9886932373047,343.47941637039185,642.2782135009766,385.9435701370239,613.1270980834961,310.05271911621094,586.1703109741211,267.90277004241943,555.8667373657227,234.17723178863525,599.8030471801758,393.8198232650757,579.3134307861328,310.19893169403076,567.4013137817383,266.35047912597656,551.1587524414062,232.5136399269104,565.3668975830078,417.2284269332886,542.7747344970703,363.8065481185913,568.9588165283203,399.136004447937,586.4118957519531,428.7851858139038,536.8869400024414,448.99110317230225,529.246940612793,411.53600692749023,552.1347808837891,433.6189126968384,565.6337738037109,452.4209403991699,65,1787821109.7130578
647.7785491943359,604.107928276062,703.4580993652344,554.42307472229,701.9476318359375,464.1473865509033,655.3678131103516,395.868558883667,602.1964645385742,359.5681858062744,673.3004760742188,411.0495185852051,658.1777954101562,333.7108540534973,641.0967254638672,289.07634258270264,618.96484375,250.618314743042,631.2128829956055,414.3137454986572,627.7322006225586,331.9762372970581,623.0644607543945,286.6757011413574,609.8480987548828,248.29444885253906,595.6937026977539,434.52893257141113,583.3286666870117,378.9284563064575,607.6997375488281,414.7106695175171,620.6987380981445,445.3902053833008,567.6830291748047,463.1831645965576,567.7571868896484,424.2355155944824,589.6183013916016,446.88014030456543,601.7334747314453,468.2204818725586,66,1787821109.7516632
654.9974060058594,612.8651475906372,706.5060424804688,568.084659576416,714.4686889648438,481.50763034820557,675.2415466308594,418.21681022644043,630.429573059082,378.58513355255127,696.3095092773438,424.12432193756104,692.0269012451172,352.9034972190857,685.244140625,313.7917184829712,676.6903686523438,279.1816735267639,657.7107238769531,426.7503547668457,648.619384765625,341.47610664367676,649.5314788818359,295.54887771606445,646.8583679199219,259.8262310028076,623.7759399414062,446.4851903915405,609.9137878417969,397.2273015975952,636.5207672119141,445.4834175109863,651.2684631347656,483.7501287460327,593.1117630004883,473.5670471191406,592.5532150268555,435.9911870956421,614.3696212768555,471.39591693878174,625.4323577880859,500.3409004211426,67,1787821109.7921858
640.5255889892578,616.8086385726929,697.7297973632812,571.5211486816406,706.365966796875,485.90709686279297,665.5908966064453,420.9054136276245,619.6055603027344,380.4994583129883,695.24169921875,440.42356967926025,691.2297058105469,368.9923095703125,685.1419067382812,331.13561153411865,676.7671966552734,296.8419599533081,655.0274658203125,438.7997817993164,650.1473236083984,352.14044094085693,651.8333435058594,307.31274604797363,648.4947967529297,270.79071521759033,618.3501434326172,453.09033393859863,602.4673843383789,399.09746646881104,625.9764099121094,443.3809518814087,637.9220581054688,478.80035877227783,585.1027297973633,474.9061346054077,584.4561004638672,436.755166053772,603.7565994262695,471.8132257461548,613.6398696899414,501.40206813812256,68,1787821109.8351028
613.526725769043,619.6555995941162,660.5159759521484,568.0549621582031,671.8972015380859,478.78422260284424,630.6084823608398,413.3704662322998,581.7444610595703,378.0156898498535,663.2200622558594,441.1359643936157,652.7576446533203,366.8455982208252,643.9787292480469,325.9388852119446,631.6180801391602,288.43827724456787,623.7491989135742,440.6753969192505,617.9065322875977,359.38648223876953,616.9529724121094,314.08137559890747,611.9036102294922,274.13888454437256,586.5207290649414,456.8465852737427,574.5397186279297,409.9129056930542,594.5255661010742,452.6235866546631,608.6948776245117,484.3054533004761,554.1427230834961,481.08899116516113,555.4279327392578,452.8730535507202,572.7304077148438,484.02495861053467,584.4155502319336,505.70587635040283,69,1787821109.877402
568.1127166748047,621.7462635040283,598.656005859375,632.1287727355957,603.8669967651367,618.3476686477661,585.0811004638672,594.9784183502197,548.0374526977539,566.7614507675171,619.2046356201172,487.1704387664795,588.1397247314453,417.5954818725586,557.6313781738281,373.9277458190918,524.3456649780273,333.9640760421753,578.2799911499023,466.33495330810547,555.1121520996094,370.67047119140625,534.6048736572266,314.06264305114746,513.3021545410156,268.1606912612915,540.5327606201172,464.5114803314209,510.6422424316406,402.16552734375,526.4468383789062,430.71882247924805,542.7421569824219,461.4158248901367,504.8173141479492,474.97467041015625,490.75836181640625,437.39696502685547,506.21795654296875,456.78380012512207,523.1824493408203,481.2362766265869,70,1787821109.9135852
576.6285705566406,608.2305908203125,607.9911041259766,594.995584487915,610.4128646850586,561.0445261001587,575.8029556274414,524.0494394302368,525.4783248901367,495.6675910949707,615.5057907104492,454.77046966552734,589.2937469482422,379.1135501861572,567.7874755859375,332.78321743011475,546.9461441040039,291.1474800109863,574.077033996582,446.13221168518066,543.9897918701172,359.8154854774475,527.1869277954102,308.41824531555176,511.2665557861328,266.4566731452942,537.8509521484375,456.4285469055176,507.6680374145508,396.3940143585205,532.213020324707,428.76317024230957,551.0163879394531,459.7791624069214,505.17112731933594,475.9138298034668,490.71048736572266,433.30430030822754,509.41532135009766,455.77125549316406,526.0878372192383,481.0828971862793,71,1787821109.9539459
603.4991455078125,604.8127269744873,646.5850830078125,555.3726625442505,647.0740509033203,470.67991733551025,596.2145614624023,414.65144634246826,547.34375,384.51122760772705,635.2178192138672,427.31327533721924,620.3525543212891,356.3703918457031,607.2269058227539,316.75135374069214,589.1237640380859,282.7918839454651,597.4866485595703,430.2158546447754,581.1824035644531,351.5915536880493,571.3101959228516,308.9535713195801,555.0588989257812,271.4203691482544,564.2390441894531,448.5208797454834,544.1318511962891,403.5502767562866,569.79736328125,443.9768314361572,586.0990524291992,471.5965461730957,533.5028839111328,474.2616319656372,528.7139892578125,443.8927173614502,552.0388793945312,473.4528923034668,566.3496017456055,493.7661409378052,72,1787821109.9945343
641.5013885498047,633.3112621307373,698.2394409179688,590.3338193893433,714.2843627929688,511.3799715042114,684.5439147949219,447.1893882751465,647.7552032470703,403.1539535522461,704.468994140625,459.4754934310913,710.8139038085938,390.82042694091797,710.8863830566406,355.55776834487915,708.9344024658203,324.55488681793213,666.9273376464844,456.2870121002197,672.4870300292969,377.0193672180176,678.4188079833984,334.12020206451416,679.8246765136719,300.77377796173096,631.4117813110352,468.2797050476074,629.3409729003906,425.30895709991455,647.6685333251953,467.55980014801025,656.8867492675781,500.2801322937012,598.6864471435547,485.4956245422363,605.0681304931641,455.3886651992798,624.7409057617188,488.4546375274658,636.1033248901367,514.7566366195679,73,1787821110.0430105
634.2000198364258,632.7231931686401,683.5933685302734,588.5497856140137,698.4695434570312,510.1269721984863,674.0261077880859,445.60731410980225,641.4926147460938,403.19034576416016,699.12353515625,481.8177795410156,698.7713623046875,413.6002779006958,692.9799652099609,371.25433444976807,683.7994384765625,332.6043891906738,663.8236236572266,475.8034086227417,666.9049072265625,392.53167629241943,665.3725433349609,340.52531719207764,660.6204986572266,297.6790237426758,630.177001953125,486.76772117614746,613.6477661132812,429.4741916656494,629.5009994506836,459.86610889434814,642.2763061523438,490.6925439834595,599.6462249755859,508.9844799041748,591.299934387207,474.50350284576416,606.0244750976562,498.8616943359375,619.0246200561523,524.4588947296143,74,1787821110.0843382
601.7258834838867,623.7065935134888,635.1825332641602,624.7984886169434,645.3581237792969,605.9284400939941,627.3665237426758,581.1244869232178,593.4911346435547,557.470064163208,667.0137786865234,494.7165870666504,654.6105194091797,422.86952018737793,639.3661499023438,376.28705978393555,619.1353607177734,336.7632293701172,632.6473999023438,477.28424549102783,627.2561645507812,395.3440475463867,618.7627792358398,337.97492265701294,605.0252532958984,292.27070331573486,598.0854797363281,478.1485176086426,595.4641342163086,421.0500383377075,599.0352630615234,414.27846908569336,598.0136489868164,412.72085666656494,567.8139495849609,488.68178844451904,573.2793045043945,457.5436592102051,580.8657455444336,455.0795030593872,583.2197952270508,457.6229238510132,75,1787821110.1407118
566.6382217407227,627.8156089782715,582.8761672973633,643.4612560272217,595.3717803955078,627.7595615386963,590.9294128417969,603.1491565704346,572.8828811645508,570.1122379302979,630.6571197509766,518.238959312439,612.8450775146484,444.5735692977905,582.0010375976562,405.3314781188965,547.5279998779297,373.5810327529907,602.569694519043,492.7639389038086,601.9242477416992,406.98959827423096,586.5998077392578,349.2966556549072,567.274169921875,299.60564374923706,572.7493667602539,480.12601375579834,578.2593154907227,406.9036817550659,572.1902084350586,356.6136145591736,562.4019622802734,317.3272132873535,542.2836685180664,478.22962760925293,547.1083831787109,429.9657440185547,546.1368179321289,399.241361618042,540.7426452636719,377.31329441070557,76,1787821110.188856
546.738395690918,642.9864835739136,560.5655670166016,642.2236204147339,573.179931640625,616.9243812561035,565.5538177490234,593.3293533325195,544.1626358032227,562.0634651184082,593.3415603637695,502.30024337768555,574.9082565307617,425.11725425720215,548.9566421508789,378.9098310470581,520.5282592773438,341.1357879638672,562.4531555175781,488.01857471466064,550.3329467773438,402.3247003555298,527.652702331543,343.76617670059204,502.29942321777344,297.0791959762573,532.6052474975586,488.4167003631592,517.5843811035156,428.99341106414795,500.4042053222656,409.43023681640625,485.78704833984375,398.06578159332275,505.32798767089844,499.0425395965576,485.4768371582031,461.75305366516113,476.1695861816406,456.10912799835205,470.41194915771484,459.30044174194336,77,1787821110.23428
536.7585372924805,611.2626457214355,557.1144104003906,613.8563632965088,559.2378997802734,602.654857635498,547.0218276977539,580.434365272522,520.6345367431641,551.4874935150146,569.3009567260742,484.0083074569702,546.939582824707,414.20156478881836,515.1763534545898,370.5326271057129,483.68350982666016,334.6419024467468,532.0675277709961,464.4683074951172,508.97911071777344,381.4149284362793,489.2355728149414,328.6581516265869,470.41080474853516,282.7269744873047,498.77418518066406,461.1930513381958,469.73743438720703,399.4304037094116,486.81549072265625,419.5781707763672,503.22986602783203,442.9775047302246,466.6716766357422,469.88006114959717,450.61229705810547,430.9307384490967,465.7976531982422,445.96436977386475,483.1690216064453,467.4807071685791,78,1787821110.2999635
727.249755859375,633.5038232803345,779.8228454589844,613.9417219161987,805.5203247070312,554.819483757019,774.1114044189453,499.5436191558838,738.0175018310547,466.83427333831787,786.7021942138672,498.48584175109863,792.8002166748047,430.82242012023926,787.3191833496094,392.9303169250488,778.9419555664062,361.53722763061523,750.655517578125,495.94173431396484,751.4846801757812,418.1962537765503,756.3520050048828,375.5287027359009,753.5723876953125,339.4311046600342,718.2015991210938,506.0154676437378,730.7735443115234,460.72505950927734,747.1574401855469,501.6700744628906,750.1909637451172,531.5099716186523,688.6363983154297,523.5119247436523,707.3497009277344,492.8759479522705,722.2150421142578,523.1568431854248,724.6883392333984,546.9167947769165,79,1787821110.446993
698.1842041015625,628.7929630279541,735.7062530517578,587.2297954559326,748.4635162353516,526.3307762145996,722.901611328125,480.6950283050537,695.9285736083984,445.811505317688,762.2946929931641,499.6185064315796,742.0445251464844,417.73680210113525,728.3221435546875,369.63003158569336,712.4011993408203,330.26623249053955,748.6298370361328,504.9499225616455,743.2377624511719,416.266393661499,733.4950256347656,367.09656715393066,718.2163238525391,328.20281982421875,725.0829315185547,523.4969472885132,717.8547668457031,460.42508125305176,713.3187866210938,434.43344593048096,706.0140228271484,412.24870204925537,695.5490112304688,547.9451322555542,678.7607574462891,526.8506526947021,667.5796508789062,522.8957891464233,655.1063537597656,519.0261554718018,80,1787821110.487311
658.9278411865234,627.5811624526978,701.387939453125,597.6017045974731,711.50634765625,534.5179080963135,681.3311767578125,478.38356494903564,649.1997528076172,440.1957321166992,720.8229064941406,492.43061542510986,695.123291015625,423.26863288879395,673.3448791503906,389.2490816116333,651.7910766601562,358.76262187957764,692.0405578613281,482.7531623840332,683.4844207763672,398.76869201660156,673.5765838623047,347.5869083404541,661.1703491210938,305.50092458724976,662.4122619628906,491.55381202697754,656.9740295410156,433.900351524353,653.0080413818359,413.6595869064331,649.6287536621094,396.90135955810547,634.2012023925781,510.33013343811035,624.7225952148438,486.8431234359741,620.3785705566406,484.4821357727051,613.2212066650391,484.27180767059326,81,1787821110.5435717
616.7990112304688,603.664698600769,635.2261352539062,622.2104358673096,636.3197326660156,607.8974390029907,623.4914398193359,582.2604131698608,604.8495483398438,550.821704864502,677.2932434082031,512.5249528884888,651.2074279785156,443.5074234008789,623.7924575805664,402.9525947570801,597.3743438720703,367.8744077682495,658.1639862060547,482.9057264328003,641.544189453125,399.68403339385986,620.8076095581055,341.76597833633423,598.9745330810547,294.4217276573181,636.5814208984375,468.76516342163086,624.0744781494141,404.4080686569214,617.1883010864258,370.1736831665039,611.0562515258789,349.807026386261,612.8250503540039,465.1817750930786,605.6654739379883,425.974702835083,598.0370712280273,407.3119783401489,591.4228820800781,399.56236839294434,82,1787821110.5881598
585.1310348510742,604.7696828842163,606.5231704711914,615.6849002838135,613.9941024780273,596.1866569519043,600.080680847168,570.1888847351074,573.5501480102539,538.8689661026001,632.4737548828125,484.54474925994873,613.3837127685547,416.3647985458374,586.5493392944336,380.31342029571533,554.8200988769531,348.44255447387695,604.3994140625,466.63179874420166,591.1666107177734,387.7214241027832,572.45361328125,336.9374656677246,551.1427688598633,290.13787508010864,576.9649887084961,463.98555278778076,562.6315307617188,412.58902072906494,552.4852752685547,405.6850576400757,543.0062484741211,402.6372528076172,551.7831802368164,470.27698516845703,538.3275604248047,437.09303855895996,531.8492889404297,439.21520233154297,523.5821533203125,448.40174674987793,83,1787821110.6271691
549.5286560058594,595.4822444915771,565.4937362670898,596.6573524475098,569.5441055297852,575.9645175933838,556.4046096801758,550.8452224731445,532.6671600341797,516.9932556152344,576.3858795166016,463.94070625305176,551.0613250732422,398.62295150756836,521.9638061523438,357.3507285118103,493.48445892333984,322.30706691741943,545.131721496582,450.02403259277344,520.4376983642578,373.7062168121338,497.6162338256836,325.7561945915222,476.18263244628906,283.6248707771301,516.3951873779297,449.33537006378174,488.64452362060547,389.8586940765381,488.27537536621094,394.7384262084961,491.16424560546875,406.43835067749023,489.6524429321289,458.5177946090698,464.4181823730469,422.4952554702759,468.58367919921875,430.63114643096924,478.6858367919922,448.2577657699585,84,1787821110.6755066
548.3762741088867,568.1517791748047,569.2307281494141,568.8557624816895,574.6158599853516,555.3654098510742,562.174186706543,536.2016916275024,532.3569869995117,512.9343223571777,566.3604354858398,440.4507350921631,537.6762008666992,380.33809661865234,508.57177734375,340.938720703125,480.7522201538086,307.61916160583496,531.99951171875,429.98857498168945,497.67601013183594,361.28029346466064,473.85425567626953,320.5638885498047,453.36341857910156,284.44541215896606,501.4344787597656,434.27504539489746,464.7374725341797,383.3017873764038,482.2196578979492,402.3544406890869,501.1888122558594,424.5220613479614,473.4062194824219,447.63866901397705,451.4995574951172,415.54859161376953,466.77982330322266,429.2110776901245,487.35103607177734,449.1330671310425,85,1787821110.7292426
575.5250930786133,557.7354526519775,607.3882293701172,530.379753112793,599.5538711547852,483.2749271392822,550.3435897827148,447.14269638061523,498.70899200439453,426.3043785095215,583.525390625,414.2464542388916,552.613525390625,353.6197757720947,526.2745666503906,319.89380836486816,499.1107940673828,292.6488733291626,548.3158493041992,416.5767574310303,516.8158340454102,350.9184265136719,494.51114654541016,310.8291006088257,471.5066146850586,279.2967939376831,519.0638732910156,431.05639457702637,490.2798080444336,377.58434772491455,501.6542434692383,383.3232879638672,508.43902587890625,394.3238639831543,492.15675354003906,451.03872299194336,483.54286193847656,415.6683683395386,498.5181427001953,422.73420810699463,509.31549072265625,435.77588081359863,86,1787821110.7827358
797.1268463134766,625.6774806976318,853.6285400390625,557.8611087799072,868.1764984130859,478.8691520690918,840.3128814697266,416.1316394805908,798.836669921875,375.6420850753784,892.2795867919922,478.28224182128906,843.4130096435547,387.2078561782837,799.6013641357422,340.3052043914795,762.7071380615234,297.90231227874756,853.3832550048828,501.805944442749,791.1249542236328,402.1427822113037,748.11279296875,340.1472759246826,719.6534729003906,290.9915256500244,805.4130554199219,529.5950889587402,757.8070831298828,466.9155979156494,759.5746612548828,475.29001235961914,778.0142211914062,493.0448627471924,760.3335571289062,552.1823787689209,720.546875,504.63608264923096,725.5216217041016,509.22476291656494,742.4423217773438,516.5919971466064,87,1787821110.9177747
796.8283081054688,636.7380952835083,831.3691711425781,640.1192235946655,838.0361175537109,616.4765167236328,807.4365997314453,575.591926574707,773.9679718017578,538.5459423065186,887.119140625,521.8368101119995,870.2338409423828,483.8066053390503,844.9623107910156,458.8541650772095,816.5275573730469,434.70643043518066,853.8731384277344,487.3426151275635,852.6028442382812,406.1442518234253,836.7266845703125,352.3462200164795,818.0101013183594,309.49825286865234,815.5908966064453,474.6137523651123,815.9899139404297,402.11480140686035,816.0169982910156,374.07533168792725,816.6737365722656,351.0905599594116,773.8459014892578,479.58244800567627,777.9421997070312,433.6434602737427,785.9365081787109,416.8748903274536,794.8708343505859,403.40848445892334,88,1787821110.9675918
662.0568084716797,461.4547920227051,657.0999908447266,461.95621490478516,634.3233489990234,448.1639528274536,600.2024841308594,433.0164670944214,564.9263381958008,419.7469997406006,637.6664352416992,387.058424949646,620.751953125,343.23344707489014,604.0793228149414,312.96177864074707,587.2872161865234,287.1595072746277,627.9763412475586,379.3878650665283,608.8820266723633,335.24260997772217,590.5624008178711,301.46153926849365,572.658805847168,274.22832012176514,616.9095230102539,377.59666442871094,598.8149261474609,335.9766125679016,583.4844970703125,306.00618839263916,569.9081802368164,281.0301876068115,605.0786972045898,378.7587261199951,590.2360916137695,347.6362609863281,580.0091171264648,323.15200567245483,571.8553924560547,301.42004013061523,89,1787821111.146986
557.5817108154297,572.4828386306763,588.5246658325195,521.5582466125488,566.1110305786133,461.17472648620605,508.76354217529297,428.47649574279785,456.94976806640625,416.2002182006836,566.0283660888672,442.3018455505371,536.2417221069336,375.04663467407227,511.3770294189453,330.36837100982666,490.7530975341797,292.4586081504822,523.7998580932617,452.85009384155273,501.9888687133789,387.3396921157837,482.84420013427734,345.10562896728516,469.5363235473633,310.59757232666016,490.5309295654297,471.91047191619873,460.93929290771484,432.13223934173584,480.7281494140625,453.2595920562744,501.31195068359375,471.5443181991577,466.43604278564453,497.2461462020874,448.53851318359375,467.28291034698486,470.45005798339844,483.6741256713867,490.4492950439453,501.2394618988037,90,1787821111.2363057
561.3071060180664,585.3572273254395,589.0363311767578,530.1794672012329,560.5096435546875,466.892466545105,500.0020217895508,436.56689643859863,448.1391143798828,424.60124015808105,546.3647842407227,436.37373447418213,513.7499237060547,373.01995754241943,488.67435455322266,332.85677433013916,466.358642578125,299.49127435684204,507.5453567504883,452.4929094314575,475.45948028564453,386.7160892486572,449.87525939941406,339.51976776123047,428.4410858154297,301.36073112487793,479.1424560546875,479.55094814300537,443.99620056152344,448.8654899597168,472.5740432739258,477.7172613143921,499.8592758178711,500.51496505737305,460.14156341552734,512.1556234359741,439.8212432861328,489.3389081954956,465.64403533935547,509.7704744338989,491.31664276123047,527.1626901626587,91,1787821111.2911568
598.2422637939453,608.4502744674683,627.8899765014648,554.0758895874023,599.576530456543,488.2988977432251,542.6961135864258,450.7321786880493,491.8827438354492,432.2931718826294,586.8746185302734,449.9415063858032,549.0019989013672,381.8484592437744,516.9491195678711,339.46550130844116,485.2027130126953,308.0385732650757,548.8280868530273,461.54118061065674,524.0031814575195,387.460241317749,500.0015640258789,341.8942952156067,478.0297088623047,306.39474391937256,518.6343002319336,485.1273250579834,497.1024703979492,424.485068321228,496.2699508666992,394.121732711792,495.38516998291016,370.37620067596436,497.9966735839844,515.852222442627,487.31922149658203,480.28153896331787,501.1084747314453,475.0432062149048,511.8541717529297,476.00871562957764,92,1787821111.354513
639.2181396484375,629.7433662414551,682.8054809570312,585.4712963104248,664.8069000244141,511.71788692474365,603.6808776855469,467.38075733184814,546.1073684692383,443.85512351989746,638.8801193237305,459.2182159423828,609.5139694213867,387.0264530181885,584.0655899047852,342.9383611679077,556.7578506469727,306.30337715148926,593.2316970825195,466.88658714294434,574.3496704101562,392.1123933792114,554.1047286987305,343.55453968048096,532.0126342773438,302.97348976135254,557.4430465698242,489.93847846984863,538.3763122558594,450.9012222290039,568.7003707885742,488.5393953323364,590.6819152832031,517.0209789276123,531.8874740600586,522.3526525497437,526.3888168334961,493.4605836868286,554.2346572875977,518.9391231536865,573.2436370849609,540.6985759735107,93,1787821111.3993356
670.7540130615234,651.9777202606201,716.69921875,610.0962924957275,711.898193359375,535.6382131576538,659.146728515625,489.7961711883545,604.5463562011719,459.71084117889404,674.100341796875,467.9777956008911,653.2323455810547,395.24555683135986,636.9083786010742,349.55217361450195,617.1954727172852,310.0621175765991,632.2284698486328,473.43611240386963,625.8302688598633,395.74496269226074,617.6897811889648,347.7237010002136,604.2971801757812,303.9723229408264,596.8487930297852,495.57416439056396,590.6688690185547,467.15073108673096,622.0462417602539,511.804404258728,641.6555786132812,540.281867980957,570.5612945556641,527.8122997283936,574.7113800048828,512.4634552001953,604.8751831054688,544.4641828536987,623.0847930908203,566.2433767318726,94,1787821111.4501858
681.8463897705078,668.1305408477783,730.7440948486328,629.800271987915,737.6259613037109,557.2039461135864,691.9610595703125,512.0172214508057,643.7600708007812,478.9722776412964,707.7665710449219,482.4312973022461,698.8188934326172,407.4617099761963,690.3383636474609,364.2636823654175,680.8522033691406,327.1111822128296,666.0416412353516,488.62685680389404,653.7054443359375,397.5178384780884,649.1278839111328,346.26524448394775,645.3721618652344,306.6984558105469,632.9590225219727,512.3598146438599,629.0687942504883,481.3686275482178,658.3489227294922,530.681962966919,677.4555969238281,563.7482357025146,604.9200057983398,545.0831079483032,611.0800170898438,524.8860740661621,637.9705810546875,565.4227924346924,653.2286071777344,593.711085319519,95,1787821111.5114722
660.8775329589844,677.5932884216309,711.6986083984375,634.1995668411255,715.9273529052734,558.0092525482178,665.7881927490234,508.94092082977295,613.6688232421875,477.429256439209,682.7976226806641,489.091157913208,677.5178527832031,411.884822845459,673.5800170898438,367.24518299102783,665.438232421875,326.5541410446167,642.2653198242188,495.29757499694824,634.9538040161133,409.7341203689575,634.7903823852539,357.26479053497314,629.2155838012695,311.3257384300232,608.7651824951172,517.8716897964478,607.398681640625,488.4671688079834,635.4424285888672,533.5456609725952,649.5905303955078,563.2946634292603,584.6025085449219,550.1878023147583,596.9470977783203,536.3461875915527,620.9763336181641,569.976282119751,631.7333984375,593.6543941497803,96,1787821111.587204
496.0512161254883,631.7209053039551,523.9622497558594,578.7207984924316,499.8752212524414,511.6575050354004,438.2510757446289,477.8734302520752,388.8208770751953,463.2691240310669,508.651123046875,478.89108180999756,478.8189697265625,404.3140411376953,454.1874313354492,355.06396293640137,431.6164016723633,315.875301361084,473.5023498535156,488.78705978393555,457.13462829589844,406.6013431549072,442.20592498779297,354.45512294769287,429.9630355834961,311.48735761642456,441.2236785888672,511.1450958251953,410.9941864013672,461.48401737213135,426.43856048583984,471.7048215866089,444.4265365600586,478.43905448913574,413.83235931396484,542.4803781509399,388.5722351074219,510.36914348602295,407.24098205566406,530.5516719818115,424.26841735839844,550.3556442260742,97,1787821111.6915498
479.51297760009766,650.038161277771,502.9874801635742,592.8481006622314,469.92027282714844,519.9131727218628,402.0711898803711,487.5982618331909,349.4905090332031,468.9336919784546,467.37884521484375,473.097939491272,436.12171173095703,403.4135913848877,413.3656692504883,358.8650178909302,390.4662322998047,323.6730623245239,429.2911911010742,488.16474437713623,398.8084030151367,412.650990486145,381.86534881591797,363.7890815734863,364.3274688720703,322.0670413970947,399.33448791503906,517.1676635742188,367.9588317871094,486.1831283569336,395.02307891845703,518.2540225982666,415.5541229248047,537.2652626037598,378.76575469970703,553.3959817886353,361.0347366333008,530.672779083252,383.7096405029297,552.7960681915283,399.4938659667969,567.6177835464478,98,1787821111.73576
501.72657012939453,672.6791381835938,542.3297119140625,620.9386396408081,521.452751159668,543.7586975097656,457.41477966308594,498.88830184936523,398.2405090332031,477.92548656463623,504.73915100097656,484.8564863204956,476.8988037109375,405.3251266479492,450.77014923095703,357.0816707611084,422.42130279541016,319.91342067718506,459.80236053466797,499.7103452682495,448.02967071533203,421.9314765930176,432.22774505615234,373.9966678619385,414.4546127319336,337.7465271949768,422.1518325805664,528.8408517837524,388.23917388916016,488.1394672393799,405.6161880493164,519.9387073516846,421.62864685058594,546.5101718902588,395.3015899658203,564.0652084350586,364.0693664550781,532.3007726669312,381.98726654052734,552.0332908630371,399.54151153564453,572.1444511413574,99,1787821111.775087
544.8523712158203,711.5659332275391,582.5909042358398,662.1651363372803,579.3527221679688,595.2886962890625,536.6001129150391,551.2882804870605,489.6858596801758,518.3705377578735,565.6730651855469,512.3835897445679,560.9841156005859,441.4960241317749,552.2463226318359,392.58772373199463,538.7558746337891,349.31060314178467,532.8733062744141,511.59120082855225,537.7629470825195,432.6723289489746,530.9213256835938,379.1828155517578,521.3708877563477,330.1081109046936,503.85704040527344,531.0349416732788,512.4200820922852,460.8729887008667,518.8908767700195,413.16065311431885,520.7159423828125,368.4947919845581,478.9303970336914,566.7841100692749,489.45255279541016,531.0585880279541,507.11551666259766,522.9689598083496,518.935546875,516.4775848388672,100,1787821111.8391838
562.6045227050781,717.0417594909668,602.5439834594727,671.3619804382324,599.7214126586914,609.2067861557007,553.9120483398438,567.7489328384399,507.51319885253906,532.5414419174194,584.4803237915039,519.4274997711182,583.2026672363281,446.40596866607666,580.3362655639648,401.6423034667969,574.06494140625,362.1246528625488,543.9897537231445,523.1598901748657,539.622917175293,439.5651340484619,540.6628036499023,387.249698638916,538.0810546875,344.5700240135193,510.01529693603516,547.6364850997925,500.9904098510742,524.5733070373535,524.586181640625,572.6992177963257,539.4033813476562,606.1901378631592,483.56231689453125,582.8075408935547,487.14088439941406,562.6214504241943,507.99022674560547,593.9166069030762,520.8532333374023,616.6934108734131,101,1787821111.8858342
549.5829391479492,716.9022846221924,566.1106872558594,664.5403289794922,563.0626678466797,596.5303230285645,527.9258728027344,557.2542858123779,484.57794189453125,533.6228656768799,566.4322662353516,519.3890905380249,562.7194976806641,445.71013927459717,557.6493453979492,398.86362075805664,548.6638259887695,358.3260440826416,554.7781753540039,523.5636806488037,552.2544479370117,441.34732246398926,546.2920379638672,390.20347595214844,536.9099044799805,345.55875062942505,539.3037796020508,547.9949140548706,543.2183074951172,475.282244682312,541.91650390625,424.31705474853516,536.7203521728516,377.9896402359009,522.7170562744141,586.9227361679077,508.0062484741211,555.8694934844971,498.3701705932617,547.8485727310181,488.4154510498047,542.1744775772095,102,1787821111.9283128
523.6796569824219,716.7687749862671,467.3991394042969,663.0447292327881,440.9820556640625,599.8475074768066,421.82804107666016,562.7162933349609,404.05330657958984,526.4853143692017,497.6015853881836,507.6077127456665,496.3248825073242,434.9526786804199,487.4919891357422,387.5276184082031,478.0036163330078,349.1658067703247,528.3075332641602,518.7790489196777,527.5966262817383,440.0870704650879,515.1997375488281,387.5742244720459,500.93021392822266,343.68704080581665,548.112678527832,548.3611965179443,536.3817596435547,472.61308193206787,519.1784286499023,417.7586030960083,504.6965789794922,371.44423484802246,553.4241104125977,590.779881477356,501.66553497314453,554.8043775558472,461.85203552246094,537.0428323745728,431.5285873413086,523.939619064331,103,1787821111.9630764
484.9241638183594,705.5114364624023,447.2596740722656,653.4090757369995,421.4448547363281,582.8555202484131,394.6114730834961,542.8452444076538,367.43629455566406,522.7430105209351,465.04947662353516,493.0017328262329,457.8684616088867,420.364294052124,443.63109588623047,375.39896965026855,426.12701416015625,342.0522665977478,482.09259033203125,501.70878410339355,475.7957458496094,421.3055992126465,458.428955078125,373.7386178970337,438.73722076416016,338.9851927757263,489.11487579345703,529.3646335601807,472.0735168457031,454.7229194641113,452.6860046386719,405.4862308502197,437.56458282470703,365.11035919189453,484.3543243408203,569.626350402832,431.8389129638672,537.954568862915,399.26258087158203,526.9680261611938,378.0305480957031,519.2792272567749,104,1787821112.004719
456.3688278198242,703.9709901809692,405.4273986816406,647.4410533905029,375.6544876098633,576.0027551651001,351.3530731201172,534.1170787811279,320.927734375,512.0888471603394,418.93726348876953,487.1547317504883,399.1391372680664,418.8771915435791,383.7457275390625,377.14390754699707,369.47265625,343.23750257492065,431.2539291381836,497.80357360839844,408.0132293701172,421.53605461120605,389.1591262817383,374.4120454788208,371.4640808105469,337.0368790626526,436.9174575805664,526.9082450866699,406.3378143310547,460.08888244628906,384.8878479003906,414.56274032592773,369.5473098754883,376.17157459259033,434.83192443847656,569.5793151855469,386.56166076660156,535.161337852478,355.2573013305664,521.1165189743042,333.40221405029297,511.0915803909302,105,1787821112.052848
457.6140594482422,702.7215957641602,402.5531768798828,644.042329788208,375.35247802734375,572.4455451965332,352.24903106689453,531.3845300674438,322.3815155029297,507.8018617630005,416.8682861328125,485.23255348205566,397.1769714355469,416.72550201416016,379.29378509521484,373.7915325164795,361.6387939453125,341.9446134567261,433.76026153564453,494.31017875671387,412.33116149902344,417.3454999923706,392.2570037841797,372.44029998779297,371.6611862182617,340.04852771759033,443.3829879760742,520.291256904602,414.3741226196289,450.48657417297363,391.3739013671875,404.0046215057373,372.82039642333984,365.7865333557129,443.39122772216797,559.2810916900635,388.70616912841797,526.7493724822998,350.2787399291992,517.2864103317261,322.1225357055664,510.4986619949341,106,1787821112.091905
437.59220123291016,679.1789245605469,430.9609603881836,614.8235034942627,393.72859954833984,550.0228357315063,333.6127471923828,518.2883977890015,279.86438751220703,507.7950382232666,390.1124954223633,473.48726749420166,349.41932678222656,413.9717960357666,323.84910583496094,380.2219247817993,300.85582733154297,346.90097093582153,366.1772155761719,493.9494323730469,329.73419189453125,430.9722375869751,307.1804428100586,393.0627107620239,284.3168258666992,352.0370364189148,344.4942855834961,527.6769018173218,301.9822311401367,490.6385135650635,293.0876922607422,483.4522533416748,284.6430969238281,467.37200260162354,327.5569152832031,568.0047082901001,296.43043518066406,543.4415531158447,296.5374755859375,549.3268346786499,297.13871002197266,549.4389724731445,107,1787821112.1209903
458.5021209716797,690.6651306152344,471.2761688232422,625.9623527526855,439.05582427978516,555.6632423400879,379.9943161010742,517.0702457427979,325.77125549316406,503.86510848999023,436.3020324707031,492.20874309539795,396.7857360839844,421.95340633392334,365.7094192504883,379.7374963760376,336.3288879394531,346.12780809402466,404.4941711425781,506.32548809051514,374.23805236816406,430.8835744857788,351.70108795166016,386.1595630645752,330.47332763671875,351.11570835113525,378.53553771972656,533.1585645675659,337.8995132446289,497.2473478317261,334.3644332885742,508.1156587600708,333.53527069091797,516.5400266647339,360.15159606933594,566.0736465454102,326.57703399658203,534.2335081100464,325.3071594238281,534.2133378982544,325.71250915527344,537.5722789764404,108,1787821112.1763086
508.7790298461914,709.4768142700195,545.6060791015625,657.0013904571533,538.4315872192383,582.738447189331,488.2895278930664,537.4615573883057,432.4932861328125,516.9156646728516,520.2432250976562,508.32087993621826,505.2122497558594,432.14412689208984,488.2343292236328,382.26752758026123,469.4906997680664,340.2870726585388,479.2596435546875,510.8470058441162,473.78517150878906,432.18472480773926,468.99364471435547,381.86184883117676,464.37156677246094,339.93555307388306,438.38199615478516,530.207405090332,426.6820526123047,463.3475732803345,433.9323425292969,417.1005392074585,442.0067596435547,381.0365867614746,398.0288314819336,561.2188911437988,371.171875,530.0906753540039,380.32806396484375,531.0314226150513,391.52862548828125,539.5573711395264,109,1787821112.2450294
543.7631607055664,699.5943975448608,573.9894485473633,653.4802722930908,567.1523284912109,586.6383790969849,519.5282745361328,542.7531480789185,471.5638732910156,513.5579252243042,552.9545211791992,501.69028759002686,545.1329040527344,428.5296678543091,537.1371078491211,383.9377498626709,526.4092254638672,344.9515628814697,515.9823989868164,503.53925228118896,510.1271057128906,422.1161413192749,504.3333053588867,373.3810043334961,498.9288330078125,329.7112727165222,482.6708221435547,523.8785076141357,475.4778289794922,460.0276851654053,486.05358123779297,425.4274892807007,494.4957733154297,394.16125774383545,456.53404235839844,556.6375923156738,453.28662872314453,527.8549575805664,472.29976654052734,539.1838359832764,487.4810791015625,553.5057163238525,110,1787821112.3101315
539.0342712402344,696.3323163986206,569.5406723022461,640.0075149536133,560.5440521240234,572.2654724121094,517.2634124755859,529.1144800186157,469.1898727416992,504.25370693206787,554.4915008544922,498.49133491516113,543.6006164550781,422.0694065093994,536.8655776977539,375.47038078308105,526.3722610473633,335.5824565887451,525.9931945800781,502.1639013290405,522.1193313598633,418.1348419189453,520.3610992431641,368.7325859069824,515.5923843383789,324.5543074607849,498.30875396728516,523.6676216125488,493.1258010864258,456.4791011810303,507.56919860839844,424.5907258987427,517.9990005493164,395.5418872833252,472.5730895996094,557.4661159515381,468.8679504394531,523.8843011856079,477.6955795288086,518.5090684890747,483.5457992553711,514.7539758682251,111,1787821112.3788397
482.6445770263672,648.8864421844482,518.4319305419922,596.9623947143555,493.3977508544922,533.0768537521362,425.18592834472656,498.97812366485596,353.0445861816406,482.70604133605957,486.5147399902344,466.90770149230957,446.3801956176758,392.77453422546387,419.29603576660156,343.45832347869873,391.1585998535156,296.1022710800171,441.0664749145508,472.3976469039917,417.9853057861328,383.41448307037354,396.98741912841797,327.40296363830566,374.9884033203125,273.90100479125977,402.7715301513672,493.833646774292,365.5718231201172,459.9641704559326,391.1040496826172,496.7218065261841,416.9182586669922,518.451132774353,377.66735076904297,526.4331722259521,353.9089584350586,503.833909034729,377.6178741455078,529.198637008667,398.05030822753906,546.2886428833008,112,1787821112.4253464
455.7773971557617,615.3711032867432,479.5556640625,566.596827507019,452.71873474121094,500.6145715713501,390.07274627685547,462.17933177948,332.2091293334961,440.6502914428711,451.93119049072266,434.3739652633667,411.8208694458008,360.5896997451782,388.61793518066406,317.2061276435852,364.4257354736328,276.8216300010681,411.0404586791992,444.3708801269531,375.2182388305664,360.5275583267212,353.0529022216797,309.48636531829834,330.46138763427734,261.0267448425293,378.1556701660156,469.4711208343506,334.7569274902344,438.0603504180908,359.4318389892578,473.5651159286499,381.7261505126953,496.72515392303467,356.56993865966797,502.14282989501953,330.5820083618164,482.45726108551025,353.6933135986328,507.1470594406128,372.67642974853516,523.4602975845337,113,1787821112.4723725
448.3197021484375,604.7395133972168,474.3919372558594,554.5286893844604,453.43387603759766,492.3110103607178,395.35125732421875,449.1359853744507,335.4357147216797,428.117036819458,444.86610412597656,436.83889389038086,400.52955627441406,359.9545955657959,372.4082946777344,314.56230640411377,344.3905258178711,272.5818729400635,404.69776153564453,439.74331855773926,367.13314056396484,352.4151420593262,344.50321197509766,301.3071084022522,324.80995178222656,253.6206078529358,373.47496032714844,458.79112243652344,326.63928985595703,425.23372650146484,347.8645706176758,463.5832643508911,369.5661926269531,488.31396102905273,351.8699645996094,486.33766651153564,323.01544189453125,465.77396392822266,343.2603073120117,493.3453130722046,360.7544708251953,512.2309398651123,114,1787821112.513352
483.043212890625,592.0670413970947,506.9968795776367,521.7184495925903,469.4075393676758,445.350980758667,401.0166931152344,405.73479652404785,343.4420394897461,386.1430835723877,465.1858901977539,410.95510482788086,425.6235885620117,332.066810131073,399.3647766113281,284.5685362815857,373.16429138183594,244.80628967285156,427.2663116455078,426.1127185821533,388.2627868652344,339.5198106765747,363.2170867919922,285.71611404418945,340.2451705932617,244.18206453323364,397.11925506591797,457.294921875,353.6669921875,411.6620063781738,377.03121185302734,435.49620151519775,397.57701873779297,457.86852836608887,378.6830139160156,496.82334423065186,359.8230743408203,465.64783573150635,384.80602264404297,481.40034198760986,403.69640350341797,497.24284172058105,115,1787821112.5585825
508.251953125,583.4298133850098,543.3377838134766,609.2142534255981,544.1908645629883,611.4154243469238,524.9751281738281,611.1188793182373,500.77213287353516,607.0197343826294,537.9744720458984,476.4074420928955,498.78841400146484,422.21415996551514,450.7771301269531,389.0183687210083,401.7428207397461,359.03974771499634,491.0247039794922,445.95239639282227,471.3636016845703,347.1684408187866,438.88633728027344,281.5242290496826,407.33795166015625,230.3557276725769,450.12378692626953,436.1084747314453,422.04944610595703,372.5673294067383,419.9250030517578,356.9063186645508,426.2266159057617,349.4839382171631,417.16880798339844,444.20072078704834,399.9519348144531,411.66664123535156,406.76841735839844,409.99041080474854,418.11222076416016,416.7757558822632,116,1787821112.5996916
542.7906036376953,589.0659713745117,578.1481552124023,553.3999729156494,563.2073211669922,483.75579357147217,515.9338760375977,420.93257904052734,470.61683654785156,377.0975589752197,581.4156341552734,448.1751537322998,556.492919921875,355.4057836532593,518.6190414428711,293.1126594543457,482.9728317260742,244.55950498580933,538.8901519775391,435.1219367980957,524.4413375854492,340.69328784942627,496.98280334472656,277.4529790878296,474.60418701171875,224.36287879943848,497.1499252319336,435.57791233062744,479.8957061767578,356.91940784454346,473.57540130615234,312.6290559768677,471.0984802246094,277.2605037689209,463.32462310791016,450.1430368423462,452.0707321166992,406.36741161346436,459.15355682373047,393.00400257110596,464.6463394165039,387.7293634414673,117,1787821112.64767
597.0248794555664,581.254391670227,647.1464538574219,546.38108253479,651.9294738769531,463.95448207855225,605.1970672607422,404.3380308151245,558.2975769042969,362.8305244445801,644.2509460449219,399.59197998046875,640.4282379150391,320.3169107437134,637.8421020507812,272.98171520233154,631.5131378173828,231.32986307144165,601.677360534668,396.75750732421875,599.2724609375,308.0848789215088,596.6687774658203,255.13910293579102,590.5881881713867,210.02606391906738,564.7122955322266,412.07716941833496,549.7152328491211,380.57275772094727,569.7069549560547,431.2548351287842,584.2344665527344,461.750864982605,530.8144378662109,437.72046089172363,528.695182800293,418.43400478363037,549.1831970214844,458.8759660720825,560.9387588500977,481.8834400177002,118,1787821112.6933312
604.4716262817383,574.0635395050049,654.8180389404297,527.7157402038574,659.0749359130859,444.43345069885254,610.9743118286133,389.6884489059448,561.3022613525391,350.41146755218506,645.7268524169922,384.4408893585205,641.8668365478516,309.9437999725342,639.3253326416016,265.78433990478516,633.3196258544922,225.7410192489624,603.9621734619141,384.0331506729126,596.7977142333984,296.10087633132935,597.3691177368164,248.49490642547607,593.4423446655273,204.11709308624268,568.0985641479492,403.15691471099854,551.1135101318359,367.47066020965576,574.1610717773438,418.3193778991699,589.1904067993164,446.5781879425049,538.3485412597656,432.01130390167236,535.1917266845703,413.16558837890625,555.7529449462891,451.1336088180542,567.3566436767578,470.0894021987915,119,1787821112.7485433
577.4270248413086,552.017412185669,616.8559646606445,549.8480415344238,618.4097671508789,525.7854509353638,586.5074157714844,490.32939434051514,544.8075866699219,455.46428203582764,642.9278564453125,421.4155912399292,618.9889907836914,338.9567184448242,598.339958190918,283.60090255737305,573.6433792114258,233.12777996063232,598.7445449829102,396.23175144195557,587.8186798095703,296.86522006988525,576.4638900756836,234.90112781524658,563.9242935180664,178.65758657455444,558.5240936279297,396.7829132080078,525.0765991210938,360.7005500793457,546.0071563720703,408.93786907196045,568.0699920654297,442.147479057312,525.3897094726562,414.98785972595215,511.07261657714844,402.1201229095459,530.4763793945312,437.5083303451538,550.4263687133789,462.69006729125977,120,1787821112.7713733
553.603515625,516.6433238983154,591.7105102539062,498.76534938812256,584.8327255249023,468.3751916885376,548.9092636108398,446.3657569885254,495.32764434814453,429.05405044555664,570.5280685424805,363.15045833587646,525.5537414550781,300.6198835372925,484.72412109375,267.2766351699829,445.6245803833008,234.18156623840332,523.6061096191406,351.96611881256104,475.1964569091797,257.6008129119873,447.15221405029297,205.25585174560547,421.61815643310547,156.1241340637207,484.59705352783203,363.40232849121094,438.32515716552734,310.759642124176,465.7470703125,351.81153774261475,492.8145217895508,379.4354581832886,454.50183868408203,391.22456073760986,416.5977478027344,356.02118968963623,441.43402099609375,383.38221073150635,469.06272888183594,406.10408306121826,121,1787821112.8054204
556.4069366455078,493.44234466552734,588.5137176513672,473.78600120544434,579.2893981933594,433.3524513244629,534.3014526367188,402.083215713501,482.1425247192383,375.92240810394287,562.0658493041992,325.0824022293091,519.8505783081055,250.94357013702393,492.4941635131836,205.82902908325195,464.2470169067383,163.7188196182251,515.2616119384766,325.5819368362427,469.8683166503906,237.52196788787842,443.83880615234375,189.02883052825928,418.7889862060547,146.9914698600769,478.79859924316406,346.2562966346741,435.7793426513672,303.7068700790405,469.0346145629883,343.0417227745056,496.9490432739258,372.66693592071533,451.41685485839844,377.46371269226074,429.17407989501953,354.235782623291,458.8389205932617,383.38422775268555,486.33880615234375,405.5735206604004,122,1787821112.8614924
598.2786178588867,492.6091003417969,629.4048309326172,438.91453742980957,605.9279632568359,349.51560974121094,537.0859146118164,304.9999737739563,475.4632568359375,288.8102889060974,572.4914169311523,293.5777544975281,539.4069290161133,221.6766357421875,517.0592880249023,179.17898654937744,492.27405548095703,143.8959002494812,530.5430221557617,307.7776050567627,494.1450500488281,231.1356496810913,473.8368225097656,184.21222686767578,451.9966125488281,144.2096757888794,498.9322280883789,337.48693227767944,474.74178314208984,295.8711504936218,510.56556701660156,336.5584373474121,534.7022247314453,366.9365358352661,475.062255859375,374.63271617889404,470.8619689941406,343.8979697227478,505.19264221191406,370.35959243774414,527.6967239379883,391.52904510498047,123,1787821112.9105868
638.2878875732422,522.3475456237793,692.2406768798828,464.826865196228,675.5161285400391,379.99473094940186,614.1047668457031,321.78680419921875,552.4431610107422,289.13138151168823,639.9845504760742,313.94848823547363,612.4355316162109,229.1826367378235,584.903678894043,180.17157554626465,551.8616485595703,140.9677004814148,593.3793258666992,323.12031269073486,579.8094940185547,236.90385818481445,559.8276901245117,183.78689289093018,533.9334106445312,144.11890983581543,558.5154342651367,350.3678011894226,546.335334777832,304.14949893951416,578.9410781860352,335.287070274353,599.8727798461914,364.3286991119385,537.2562408447266,385.9446859359741,542.3197555541992,350.31471490859985,573.6674880981445,369.4475984573364,594.4557571411133,390.0959300994873,124,1787821112.9524336
679.3259429931641,551.2543344497681,741.6950988769531,511.55489444732666,749.7268676757812,419.25248622894287,691.8834686279297,351.117639541626,635.4096221923828,306.005802154541,723.9265441894531,342.0026993751526,708.0154418945312,252.96608448028564,690.9403228759766,201.58811330795288,667.2784423828125,157.05410957336426,673.4748077392578,341.0157108306885,671.3568115234375,246.9771409034729,657.7379608154297,187.26627588272095,637.6686859130859,138.73794794082642,633.0512619018555,360.37035942077637,629.6217727661133,330.0816321372986,661.4591979980469,385.505576133728,680.5058288574219,422.4528980255127,601.9501113891602,392.51176357269287,618.4870910644531,377.320761680603,646.2559509277344,419.88505840301514,659.8904418945312,447.0866060256958,125,1787821112.999879
706.4186859130859,565.8684682846069,766.9046020507812,526.4919662475586,786.4187622070312,437.64548778533936,744.6932220458984,370.94693183898926,694.7235107421875,325.9924650192261,764.4036102294922,360.6180667877197,764.1033935546875,273.67462635040283,759.9113464355469,224.92562770843506,749.8558807373047,179.74332332611084,718.8343048095703,359.4568634033203,720.96435546875,262.0332384109497,722.8908538818359,202.64095544815063,718.7528991699219,152.8060269355774,679.4866180419922,377.68425464630127,684.4608306884766,340.0653076171875,708.2776641845703,396.180682182312,719.7826385498047,434.99319076538086,648.2637786865234,405.6949281692505,667.0471954345703,387.6078271865845,686.5294647216797,428.54116916656494,691.6580200195312,455.4976272583008,126,1787821113.0458124
707.7634429931641,550.3137588500977,764.5697021484375,508.18063259124756,786.2313842773438,422.51830101013184,743.1655120849609,361.4486503601074,697.4053955078125,320.39782762527466,759.7476196289062,348.4115266799927,760.8479309082031,264.6600866317749,759.4472503662109,217.1953296661377,749.6047210693359,175.20751476287842,715.2694702148438,350.6326746940613,716.6040802001953,252.0155954360962,720.2794647216797,194.64104175567627,716.0141754150391,145.6234574317932,675.64697265625,372.7654266357422,684.1461944580078,331.94984436035156,710.0199890136719,384.0807008743286,721.5066528320312,418.69046688079834,643.9311981201172,407.0908784866333,666.3740539550781,389.7462558746338,688.6452484130859,430.6920003890991,696.2451171875,457.1652317047119,127,1787821113.0885499
680.7115173339844,535.7025861740112,734.4988250732422,492.5549840927124,749.8310089111328,409.7959613800049,709.9336242675781,342.40689754486084,664.3458557128906,299.018132686615,739.4991302490234,356.2764072418213,722.2389221191406,264.8554587364197,709.5766448974609,211.22456073760986,695.4222106933594,162.67147064208984,693.5269927978516,348.7827658653259,679.896240234375,244.1543197631836,672.4594116210938,180.4672408103943,664.5634460449219,129.31219339370728,650.7267761230469,359.1896724700928,634.1072463989258,321.5550398826599,657.982177734375,373.3718204498291,678.0403900146484,413.6447811126709,614.1170883178711,381.8398332595825,619.3994522094727,371.6115617752075,645.5294799804688,411.31808280944824,665.0566101074219,440.2472734451294,128,1787821113.1308212
673.2390594482422,504.9823236465454,719.2095184326172,455.1017761230469,720.1062774658203,365.3178548812866,667.0769500732422,304.09669160842896,610.7986068725586,269.4517135620117,687.496337890625,303.0643630027771,670.7614898681641,218.79087924957275,657.8353118896484,173.03207159042358,643.7053680419922,131.15036487579346,641.7823028564453,311.2710428237915,618.03955078125,216.7891788482666,607.781982421875,160.96577882766724,595.1760482788086,114.96383428573608,605.1055526733398,336.43805980682373,593.0495834350586,295.8492851257324,629.426383972168,346.9106912612915,653.8718414306641,385.3439140319824,575.2603149414062,369.9364900588989,584.2610168457031,346.05708360671997,617.5964736938477,384.93184089660645,638.49609375,413.620662689209,129,1787821113.1732724
676.3455963134766,480.61928272247314,718.6378479003906,428.80093574523926,705.8491516113281,336.70364141464233,644.2668151855469,281.02508068084717,585.4103851318359,250.55795431137085,669.0396881103516,279.3387222290039,641.4288330078125,198.23481559753418,621.8924713134766,153.817058801651,601.8383407592773,115.60501098632812,624.7721481323242,290.7132625579834,584.673957824707,197.8993034362793,566.5348815917969,143.3864951133728,548.3701705932617,98.30557823181152,593.095703125,318.9652490615845,570.0622177124023,281.6486406326294,614.9848175048828,325.8949613571167,645.1625061035156,356.6193652153015,568.1647491455078,354.757182598114,567.0891571044922,328.05922508239746,604.6186828613281,361.55688285827637,629.4430923461914,384.3417978286743,130,1787821113.2228446
703.3725738525391,501.992883682251,756.5412139892578,453.0311965942383,754.3424987792969,359.64657068252563,694.0901184082031,302.0956563949585,634.1397094726562,267.7806544303894,714.0130615234375,300.0007438659668,686.2285614013672,212.30534076690674,667.174072265625,164.21791434288025,644.9852752685547,121.80320978164673,668.9049530029297,307.1971106529236,641.0984039306641,206.43941402435303,627.0173645019531,148.66017937660217,609.6156311035156,100.28620719909668,634.0361404418945,330.4017162322998,626.5854644775391,285.66993713378906,664.2731475830078,336.901159286499,685.5094146728516,370.9050464630127,607.5980758666992,362.1038818359375,624.421501159668,334.8752975463867,656.9185638427734,374.3502902984619,670.8670043945312,399.9876594543457,131,1787821113.2684853
719.9481964111328,534.2878818511963,778.3818054199219,478.707275390625,790.5296325683594,389.4638729095459,749.0016174316406,323.8200902938843,696.484375,284.93878841400146,763.3647918701172,324.4537353515625,753.6204528808594,233.20640087127686,735.2763366699219,179.3829846382141,712.4560546875,136.51782989501953,719.5233917236328,326.39277935028076,709.0460968017578,228.34100246429443,694.6971893310547,169.61631059646606,676.2541961669922,125.35190105438232,684.2072296142578,348.6301374435425,678.3634948730469,280.40915966033936,693.2023620605469,281.33713960647583,700.6861877441406,287.202250957489,657.6579284667969,383.45911502838135,664.0406036376953,342.08930253982544,683.9300537109375,339.3773317337036,697.5519561767578,344.0094208717346,132,1787821113.323171
745.3820037841797,541.3144111633301,806.8500518798828,499.02477264404297,829.9775695800781,412.3341464996338,793.2225799560547,342.4587392807007,741.6474151611328,297.11093187332153,809.2634582519531,340.0079083442688,808.6753845214844,252.79433727264404,802.1084594726562,205.365629196167,790.2899169921875,161.84616565704346,760.4929351806641,335.2408719062805,760.5608367919922,245.4837727546692,758.4272003173828,184.89402294158936,752.6889801025391,136.1218285560608,718.0519866943359,351.2139415740967,730.5229187011719,329.2110514640808,751.7461395263672,384.5213985443115,762.1411895751953,423.52290630340576,686.1576080322266,380.0340414047241,714.7244262695312,374.0051221847534,736.9160461425781,410.43110847473145,744.3135833740234,435.2102565765381,133,1787821113.368326
757.3715972900391,544.2793893814087,816.9844818115234,501.3679504394531,842.7801513671875,417.61921405792236,806.0128021240234,356.47958993911743,762.1511077880859,315.27740478515625,818.9499664306641,345.81246614456177,823.8429260253906,266.2427616119385,823.9194488525391,221.1864995956421,819.1890716552734,182.33455181121826,775.9001159667969,345.3043055534363,775.8221435546875,252.3522663116455,782.3822021484375,196.67636632919312,783.9405059814453,153.1587052345276,735.8010864257812,363.8740110397339,744.6002960205078,322.15572595596313,771.373291015625,376.15869998931885,783.3407592773438,417.5617504119873,700.1408386230469,393.70983123779297,720.8623504638672,372.5256156921387,746.9721984863281,412.89801120758057,757.3773956298828,444.9606227874756,134,1787821113.3992894
744.8876953125,544.8169469833374,803.4390258789062,502.53387451171875,827.8981781005859,421.01205825805664,798.0536651611328,356.6383981704712,754.373779296875,316.73779249191284,806.2926483154297,354.38615798950195,811.6172790527344,273.75423431396484,808.6568450927734,227.05349922180176,801.9384002685547,185.88695526123047,763.4345245361328,353.2413053512573,765.8138275146484,262.38171100616455,770.3701019287109,201.8531370162964,771.6098022460938,153.52185487747192,724.7769927978516,370.2687406539917,735.9951019287109,328.43310356140137,757.6298522949219,374.4130754470825,767.3367309570312,412.9111433029175,693.2357788085938,398.707537651062,713.753662109375,373.3455562591553,734.1041564941406,407.4218416213989,742.2235107421875,437.83761978149414,135,1787821113.4330764
713.9253997802734,535.1918506622314,758.2396697998047,487.4653100967407,766.0494232177734,405.6959581375122,722.303466796875,342.5608563423157,675.3924560546875,302.88795948028564,756.4871978759766,355.5765438079834,725.3499603271484,265.5164408683777,702.8184509277344,215.23457050323486,676.4304351806641,169.65169429779053,711.8415832519531,357.8201150894165,694.6023559570312,262.4836778640747,679.2488098144531,203.1753158569336,660.0799560546875,151.75048112869263,671.8222045898438,375.830397605896,657.0594024658203,337.78088092803955,681.8070983886719,377.12013244628906,701.3690185546875,406.90462589263916,638.2174682617188,404.5854377746582,648.0470275878906,391.2360191345215,676.6294097900391,424.58767890930176,698.1731414794922,449.07487392425537,136,1787821113.4800394
713.0767059326172,512.8058767318726,750.5382537841797,464.34908866882324,751.1943054199219,376.63561820983887,700.2389526367188,325.031054019928,649.7309875488281,300.5302119255066,708.2685089111328,322.65652656555176,688.4873199462891,244.47099208831787,675.1597595214844,203.16061735153198,660.5111694335938,167.66334056854248,667.7149963378906,334.86791610717773,640.6243896484375,244.78371620178223,629.1424179077148,190.71563959121704,614.6861267089844,146.46622896194458,635.1234817504883,360.7553958892822,630.511474609375,319.4045948982239,670.4629516601562,362.20876693725586,693.6016082763672,396.03309631347656,607.8300094604492,393.59726428985596,622.6890563964844,365.40703296661377,658.0069732666016,399.79848861694336,677.4324035644531,428.5060214996338,137,1787821113.523787
713.5329437255859,519.1074371337891,759.3480682373047,472.1516990661621,757.9340362548828,386.50970935821533,703.2283782958984,336.80983543395996,650.6742095947266,304.50496673583984,715.7823181152344,326.5132212638855,693.5733032226562,250.05822658538818,678.9276123046875,207.90008068084717,661.3913726806641,172.38043427467346,674.6975708007812,337.4119806289673,645.8111572265625,246.59225463867188,632.5326156616211,195.26923656463623,618.4328460693359,154.80937957763672,641.4695739746094,363.42005252838135,634.3951797485352,317.8235077857971,673.2498931884766,366.12942695617676,695.5522918701172,401.8488550186157,614.6892547607422,397.2129249572754,626.1419677734375,363.1872797012329,662.9856109619141,401.7989444732666,683.0789947509766,432.0178699493408,138,1787821113.563583
734.8564910888672,577.7260637283325,803.4286499023438,547.1384954452515,838.7502288818359,477.30008125305176,814.2914581298828,417.57123470306396,771.7725372314453,380.1719284057617,817.2667694091797,395.7135057449341,824.8200225830078,318.9514088630676,825.8747863769531,283.0095076560974,821.6074371337891,249.76372003555298,769.8812103271484,384.9758720397949,781.0528564453125,302.21478939056396,788.1661224365234,256.5837621688843,792.0892333984375,222.17175006866455,727.3554992675781,399.4435787200928,741.4151000976562,368.29261779785156,763.3575439453125,404.1090774536133,776.8319702148438,432.9558277130127,689.4538879394531,432.2695255279541,712.716064453125,425.6739091873169,735.1670074462891,452.08688735961914,746.4622497558594,476.33886337280273,139,1787821113.613289
757.7116394042969,622.5810527801514,818.4313201904297,587.9370403289795,851.2258911132812,510.50690174102783,817.8054809570312,446.01024627685547,772.1358489990234,407.41222858428955,838.8722991943359,434.45807933807373,837.5537872314453,359.538209438324,831.9036102294922,317.00998306274414,825.5683135986328,279.1794419288635,795.2963256835938,430.2591133117676,794.6628570556641,342.06679344177246,798.7929534912109,289.6220111846924,800.0579071044922,247.1889066696167,753.0491638183594,444.06957149505615,759.8532867431641,400.5675745010376,778.1716918945312,459.1900634765625,786.1193084716797,502.76021003723145,713.2170104980469,468.3621883392334,731.0848999023438,450.82170009613037,746.4336395263672,495.39636611938477,750.2024841308594,527.273325920105,140,1787821113.6570117
732.6956939697266,632.7607440948486,792.607421875,586.6891479492188,813.4020233154297,516.8032264709473,788.9436340332031,458.784556388855,764.1354370117188,418.7830352783203,794.5760345458984,449.86563205718994,791.4686584472656,367.0120668411255,787.5224304199219,317.9335856437683,780.1881408691406,274.27207231521606,758.3470153808594,453.7094736099243,755.3092956542969,368.742413520813,752.3017883300781,309.49769496917725,744.4038391113281,260.14037132263184,723.5921478271484,472.4186325073242,730.8637237548828,421.6166067123413,755.7059478759766,432.3917055130005,769.2015075683594,447.8586530685425,692.3228454589844,502.7021884918213,704.1440582275391,483.19085597991943,720.9059143066406,502.3766756057739,728.5491180419922,524.1638517379761,141,1787821113.6860383
721.7936706542969,615.6998777389526,768.0270385742188,567.1515941619873,778.5280609130859,486.083779335022,732.4700164794922,432.0329761505127,687.4049377441406,398.3151626586914,748.9564514160156,432.05288887023926,740.7058715820312,351.525399684906,732.7487945556641,310.1428413391113,716.5676116943359,271.93252086639404,708.1568908691406,440.73487758636475,700.3900909423828,351.13478422164917,696.1550140380859,301.3424062728882,681.4433288574219,255.83950281143188,672.2591400146484,463.3182621002197,672.5946044921875,418.3803606033325,702.1417999267578,463.2208013534546,716.8968200683594,494.4287109375,641.9584655761719,494.6635437011719,655.8113861083984,471.5889072418213,682.7308654785156,505.04875659942627,697.5681304931641,529.0906190872192,142,1787821113.746845
711.66748046875,609.9920082092285,750.5271148681641,558.3163118362427,750.9766387939453,479.02223110198975,702.3793792724609,434.35551166534424,655.3783416748047,412.7587080001831,707.3415374755859,422.4799346923828,692.1298217773438,349.7045874595642,680.6185150146484,309.09793853759766,665.8126068115234,274.25679445266724,669.141845703125,435.5280876159668,652.9249572753906,351.1800813674927,643.5823059082031,300.2187967300415,629.7400283813477,260.07704973220825,637.7669906616211,461.7085933685303,634.3498611450195,420.3278160095215,673.4064483642578,459.17362689971924,697.0585632324219,491.34129524230957,612.1956634521484,496.40775203704834,622.077522277832,463.97087574005127,656.8379974365234,491.63612365722656,679.5223999023438,517.2261571884155,143,1787821113.7891412
707.9987335205078,611.4032363891602,753.1198883056641,565.7608366012573,755.5750274658203,487.38673210144043,705.1164245605469,442.50848293304443,654.4157409667969,414.31962490081787,713.7237548828125,428.38937759399414,696.4029693603516,357.4890661239624,682.8054046630859,317.8591275215149,666.0308074951172,284.23643589019775,674.5500183105469,438.6627531051636,651.0659790039062,351.9532012939453,639.651985168457,303.07112216949463,625.8225250244141,265.42359352111816,643.3592987060547,463.80839824676514,636.0639953613281,419.96870040893555,674.0521240234375,467.0300102233887,694.4753265380859,502.4200630187988,617.9754257202148,497.1134948730469,622.2371673583984,459.3008279800415,654.8470306396484,492.7872848510742,671.5372467041016,521.4809131622314,144,1787821113.824217
739.4708251953125,656.6823577880859,798.2365417480469,620.3073978424072,820.1296997070312,547.5865745544434,784.2458343505859,489.3306255340576,739.1918182373047,447.6294422149658,796.8761444091797,473.1057071685791,787.7154541015625,389.31427001953125,773.5862731933594,341.07240200042725,751.9203948974609,302.24940061569214,751.7059326171875,469.0835952758789,765.4137420654297,382.0686149597168,760.9614562988281,330.72675704956055,747.3928833007812,294.0920305252075,711.2512969970703,486.1646318435669,719.9283599853516,455.6884288787842,741.4791870117188,505.2348804473877,751.1788940429688,541.6006994247437,676.3905334472656,514.6797752380371,696.1763763427734,494.3429660797119,717.8761291503906,523.4665632247925,725.2781677246094,547.1481513977051,145,1787821113.8699276
760.5317687988281,674.6814823150635,810.0997161865234,638.4819602966309,835.1796722412109,564.2081165313721,799.0237426757812,508.0342483520508,757.3457336425781,469.8113536834717,806.0142517089844,487.5496816635132,805.7371520996094,413.5479211807251,802.6570129394531,373.26637744903564,796.9283294677734,338.3278799057007,765.0587463378906,490.5716943740845,765.5565643310547,400.3937244415283,771.1370086669922,353.29246044158936,771.4551544189453,317.69450426101685,727.6699829101562,510.14023303985596,738.9362335205078,471.9857883453369,765.0028228759766,526.4175939559937,776.9602966308594,565.5140733718872,693.0818939208984,539.2288970947266,711.5348052978516,514.8175764083862,733.9505767822266,556.9195461273193,742.3210144042969,589.3757772445679,146,1787821113.912944
744.8537445068359,671.2391996383667,791.7462921142578,631.8790054321289,813.2879638671875,562.1122598648071,778.8317108154297,508.3925485610962,736.2403106689453,473.1332588195801,789.8387908935547,493.847336769104,794.9433898925781,418.8630723953247,792.0167541503906,377.97590732574463,782.8156280517578,341.19649171829224,749.434814453125,496.6916799545288,755.0096130371094,410.87785720825195,758.9006042480469,361.1888837814331,755.7683563232422,321.79676055908203,712.6474761962891,515.732102394104,722.242431640625,482.02587604522705,745.7147216796875,526.2649440765381,754.9301147460938,557.518515586853,682.3462677001953,544.8861694335938,704.5646667480469,527.8949546813965,725.6142425537109,562.7112293243408,732.0858001708984,589.0443420410156,147,1787821113.9607568
690.3421020507812,666.7517566680908,726.4212036132812,612.8690528869629,721.8730163574219,533.0139398574829,662.0455932617188,490.6535339355469,605.6716156005859,470.74124336242676,681.6119384765625,473.69184494018555,654.9980926513672,401.9295358657837,641.1282348632812,362.4370765686035,622.4229049682617,326.82618141174316,643.7531280517578,487.19326972961426,620.1955795288086,410.1155948638916,608.9618682861328,367.388219833374,589.5207977294922,329.59683895111084,614.4698333740234,514.279203414917,606.3793182373047,483.9574098587036,635.7463073730469,523.2495832443237,650.7054901123047,547.7086687088013,591.9304656982422,550.137505531311,598.1461334228516,534.958906173706,620.8813858032227,564.8505163192749,630.9529876708984,583.7961387634277,148,1787821114.0143795
661.2739562988281,665.6942367553711,700.3480529785156,620.6699466705322,695.2230834960938,539.7220802307129,643.4618377685547,496.59070014953613,591.1798858642578,472.8141403198242,652.806396484375,477.6285123825073,632.5466918945312,406.6245174407959,619.4371032714844,366.59003734588623,602.6927947998047,332.3663377761841,614.5944595336914,489.845609664917,590.3062438964844,401.859712600708,580.188102722168,353.7892484664917,568.4753799438477,317.0138883590698,584.6770095825195,515.9807109832764,583.1785583496094,476.1246728897095,619.5293426513672,521.4698839187622,639.9930953979492,553.9173173904419,561.4779663085938,549.1820383071899,576.2310791015625,524.6907234191895,608.8725280761719,561.6628074645996,626.1579895019531,587.6583051681519,149,1787821114.0665085
665.4160308837891,674.6502828598022,714.4715881347656,630.5785846710205,715.9532165527344,554.73464012146,662.6741027832031,508.08265686035156,612.6557159423828,474.3436861038208,680.2853393554688,482.5954484939575,665.6913757324219,409.76768016815186,652.7329254150391,367.38624572753906,634.5987701416016,332.1451950073242,638.2576370239258,489.5411252975464,625.5361938476562,402.896032333374,616.3808822631836,353.7303686141968,602.9166030883789,315.17460107803345,603.4107971191406,512.4041891098022,601.1093902587891,476.4557647705078,634.1231536865234,520.1319980621338,652.0707702636719,551.2999963760376,575.2128601074219,544.2547130584717,590.517578125,522.8274250030518,622.2065734863281,555.9920597076416,638.9514541625977,581.0565090179443,150,1787821114.1014204
