P0_x,P0_y,P1_x,P1_y,P2_x,P2_y,P3_x,P3_y,P4_x,P4_y,P5_x,P5_y,P6_x,P6_y,P7_x,P7_y,P8_x,P8_y,P9_x,P9_y,P10_x,P10_y,P11_x,P11_y,P12_x,P12_y,P13_x,P13_y,P14_x,P14_y,P15_x,P15_y,P16_x,P16_y,P17_x,P17_y,P18_x,P18_y,P19_x,P19_y,P20_x,P20_y,frame_number,timestamp
792.4029541015625,581.746973991394,759.0366363525391,567.3054456710815,732.57080078125,543.8500642776489,725.6829071044922,522.5001525878906,739.6211242675781,502.9978322982788,756.0458374023438,475.5344581604004,742.8758239746094,439.33635234832764,731.9535827636719,415.912127494812,723.087158203125,396.14540576934814,785.1368713378906,472.25542545318604,759.8293304443359,481.75859928131104,753.1224822998047,512.7858781814575,756.5834045410156,524.1620492935181,808.5733032226562,484.2030143737793,777.3799896240234,505.52889347076416,771.8412780761719,530.8955955505371,777.4187469482422,534.0406894683838,825.8821105957031,504.0985679626465,797.6328277587891,523.546085357666,792.2805023193359,541.8230438232422,798.2977294921875,543.6225700378418,1,1787821651.8089983
787.2160339355469,582.6811981201172,754.9007415771484,567.9287910461426,728.1977844238281,543.8617372512817,720.1373291015625,522.8499984741211,733.7820434570312,504.4119358062744,751.8831634521484,476.63472175598145,737.5339508056641,440.0016260147095,725.8445739746094,416.223521232605,716.1934661865234,396.91951274871826,781.0932922363281,473.9165496826172,754.1976165771484,482.9952907562256,747.2733306884766,514.2255592346191,751.4316558837891,524.6854019165039,804.2300415039062,486.12051486968994,771.8560028076172,506.6853332519531,765.3562164306641,531.7974185943604,771.0429382324219,533.8344383239746,820.6673431396484,506.30510330200195,792.0189666748047,525.9310626983643,786.5990447998047,543.5263538360596,793.3666229248047,543.9161539077759,2,1787821651.878304
783.5234832763672,583.705244064331,750.7826995849609,568.7421655654907,723.3905792236328,544.594259262085,714.5529174804688,523.3262729644775,727.7835083007812,504.9052047729492,746.8202209472656,477.39089012145996,731.5518951416016,441.46332263946533,719.3916320800781,418.29405784606934,709.5659637451172,399.1124439239502,775.8379364013672,474.6870946884155,748.5273742675781,484.971284866333,744.1987609863281,515.7153654098511,750.6192779541016,524.2268943786621,799.0380096435547,487.0038843154907,766.3835144042969,509.1469144821167,761.4422607421875,534.0660095214844,768.5972595214844,534.9310111999512,815.6613922119141,507.2514295578003,786.6641998291016,527.629566192627,782.0388031005859,545.1383829116821,789.6261596679688,545.1548194885254,3,1787821651.9457707
771.8234252929688,586.0511684417725,735.8082580566406,570.8914947509766,707.2766876220703,546.8881702423096,694.5742034912109,524.7880125045776,707.2614288330078,508.01360607147217,732.83447265625,479.38435077667236,716.7696380615234,443.94129753112793,703.8198089599609,422.4045753479004,693.1904602050781,405.3875255584717,760.8280181884766,477.4354362487793,726.2749481201172,491.55282497406006,722.3363494873047,520.8434915542603,730.4974365234375,530.9946012496948,783.8753509521484,489.82372283935547,745.7135772705078,516.4191770553589,743.7198638916016,539.4736862182617,753.4310150146484,541.3730335235596,801.3407135009766,510.39270401000977,768.2830047607422,532.2458839416504,764.1110992431641,549.5651865005493,771.9766998291016,551.563925743103,4,1787821651.980389
771.6886138916016,587.7960205078125,736.1419677734375,573.3756923675537,707.8829956054688,549.2127656936646,696.3082122802734,527.4849843978882,708.6080169677734,508.7634229660034,730.6017303466797,480.96758365631104,715.0052642822266,444.4142246246338,701.2010955810547,423.0373191833496,689.4932556152344,406.09992027282715,759.3414306640625,478.73735904693604,726.4987182617188,488.39515686035156,722.6085662841797,519.1625833511353,730.1538848876953,528.3886098861694,782.4530792236328,491.1398506164551,745.0377655029297,513.9124059677124,742.1424102783203,539.3706893920898,750.7930755615234,541.8135595321655,798.9225006103516,511.70252323150635,766.5574645996094,532.2498321533203,763.5990142822266,550.6828737258911,772.2285461425781,552.7903604507446,5,1787821652.029468
770.8222198486328,588.940315246582,734.9821472167969,573.8999032974243,707.2975921630859,549.6754360198975,696.3513946533203,528.2305526733398,707.0465087890625,509.2163944244385,729.4584655761719,481.5286159515381,713.211669921875,445.48174381256104,699.8340606689453,423.97849559783936,688.7119293212891,406.3928174972534,758.0628967285156,479.15943145751953,725.8748626708984,489.61227893829346,722.8890991210938,520.6362962722778,731.2160491943359,529.915280342102,781.4239501953125,491.3670015335083,745.0363922119141,514.467945098877,742.5605010986328,540.4172229766846,751.4007568359375,542.8381633758545,798.6515808105469,511.71823024749756,766.9361114501953,532.2778987884521,764.1216278076172,550.8111476898193,772.8717803955078,552.5454425811768,6,1787821652.0723138
770.4338073730469,589.5884227752686,734.3589019775391,574.4360017776489,706.7716217041016,549.5816230773926,695.9621429443359,527.7272415161133,707.2498321533203,509.5807456970215,728.3626556396484,481.53252124786377,712.5560760498047,445.63928604125977,699.2229461669922,424.05574321746826,688.1501770019531,406.2846279144287,757.3603820800781,478.9690589904785,725.4573822021484,488.9421558380127,722.9104614257812,520.1911354064941,731.6947937011719,528.9577960968018,781.0811614990234,491.1138868331909,744.8241424560547,514.3018627166748,742.2920227050781,540.2181816101074,751.236572265625,542.1404457092285,798.5078430175781,511.7711019515991,766.8449401855469,532.6495027542114,763.8430023193359,550.9276628494263,772.5267028808594,551.932225227356,7,1787821652.121869
771.4109039306641,590.2410364151001,734.8290252685547,575.064582824707,706.9691467285156,550.0212049484253,695.8335113525391,527.9309177398682,706.9709014892578,509.7322368621826,728.9303588867188,481.7094612121582,712.7316284179688,445.6425905227661,698.9537811279297,423.8679027557373,687.4977874755859,405.7792568206787,757.7885437011719,479.1767692565918,724.6989440917969,488.5049343109131,722.7826690673828,520.3542995452881,732.3944091796875,528.8210248947144,781.5621948242188,491.19521141052246,744.6440124511719,513.6494207382202,742.3902893066406,539.967942237854,751.7533111572266,541.8166923522949,799.1384887695312,511.8248748779297,767.1284484863281,532.562084197998,763.8639831542969,551.007399559021,772.4980926513672,551.9444990158081,8,1787821652.1753132
772.2805786132812,590.5683088302612,735.7813262939453,575.2735376358032,707.9122161865234,550.7602500915527,696.7167663574219,529.0346145629883,707.42919921875,510.81074237823486,729.9327850341797,481.3655376434326,713.3773803710938,445.2185869216919,699.2645263671875,423.5982656478882,687.3673248291016,405.59309005737305,758.817138671875,478.9830493927002,725.1004028320312,488.40095043182373,722.8639221191406,519.959306716919,732.2309112548828,528.8348007202148,782.4056243896484,491.36120796203613,744.9034118652344,513.7495851516724,742.4931335449219,539.7686004638672,751.6078186035156,542.0558166503906,799.7205352783203,512.3514461517334,767.3969268798828,533.049259185791,763.9714813232422,551.2189722061157,772.2736358642578,552.4424886703491,9,1787821652.203045
771.6763305664062,591.296238899231,735.6731414794922,575.5588388442993,708.1475830078125,550.3660726547241,696.5423583984375,528.4703636169434,707.6094055175781,510.50368309020996,729.7000122070312,481.9599151611328,713.2510375976562,445.5358600616455,699.5401763916016,423.66268157958984,687.9206085205078,405.11990547180176,758.7914276123047,479.4001865386963,725.0099182128906,489.9280071258545,723.3506011962891,521.4444351196289,732.8879547119141,530.179123878479,782.6737976074219,491.73959255218506,745.0716400146484,514.8110961914062,743.2167816162109,540.7010221481323,752.5296020507812,542.8041744232178,800.4444885253906,512.5160264968872,768.0724334716797,533.5810232162476,764.7645568847656,551.7396211624146,773.0342102050781,552.911639213562,10,1787821652.2585988
771.8260955810547,591.9857597351074,735.8848571777344,575.9891510009766,708.2286071777344,551.0128927230835,697.1180725097656,528.9899826049805,708.1140899658203,511.1126518249512,730.6220245361328,482.7801561355591,714.4891357421875,446.2167978286743,700.9133148193359,424.5003032684326,689.4881439208984,406.1267423629761,759.8241424560547,480.53117752075195,725.7136535644531,489.56618785858154,723.7601470947266,521.6283273696899,733.6640167236328,530.7124757766724,783.7136840820312,493.0122900009155,745.8676147460938,514.4655418395996,743.7106323242188,540.9966230392456,753.3087158203125,543.7547492980957,801.5686798095703,513.8848114013672,768.87451171875,533.8197183609009,765.4384613037109,552.5505065917969,774.0366363525391,554.5195913314819,11,1787821652.3180027
770.7566070556641,593.2487154006958,733.9192199707031,578.4112071990967,705.8679962158203,554.879264831543,694.9354553222656,534.7251462936401,704.3413543701172,515.8625221252441,727.1865081787109,484.4809341430664,711.0142517089844,448.9668130874634,695.1657104492188,428.9447021484375,680.9171295166016,413.46466541290283,755.9970855712891,481.81323051452637,723.0776214599609,493.8976764678955,720.4756927490234,524.231915473938,728.648681640625,533.1492519378662,779.1083526611328,494.7089910507202,741.9659423828125,519.7270488739014,740.0535583496094,545.0546550750732,748.9286804199219,547.2489166259766,795.032958984375,515.967321395874,763.0068206787109,538.2815837860107,759.9058532714844,556.5519762039185,767.8589630126953,558.3068704605103,12,1787821652.3689864
767.9330444335938,594.1731548309326,730.1036834716797,579.8826026916504,701.1381530761719,557.1229648590088,690.6483459472656,537.265305519104,698.270263671875,518.6194896697998,722.5180053710938,485.7057809829712,706.4720916748047,451.22334480285645,689.8073577880859,431.37868881225586,674.4578552246094,416.72022342681885,751.3460540771484,482.8350019454956,716.2157440185547,495.0541591644287,714.9721527099609,527.1889114379883,725.1892852783203,534.298825263977,774.4924926757812,495.1862955093384,736.9439697265625,519.5365476608276,735.3008270263672,545.4896450042725,744.6290588378906,546.4828777313232,790.5398559570312,516.4149713516235,759.1633605957031,538.5933208465576,756.0623931884766,556.5291023254395,764.2239379882812,556.9396734237671,13,1787821652.407318
763.8313293457031,593.9514970779419,725.4306030273438,580.8791399002075,696.356201171875,560.2223110198975,684.36767578125,540.7165575027466,690.0615692138672,520.1769733428955,716.2678527832031,486.17265701293945,698.5263824462891,452.98261642456055,681.4182281494141,432.22789764404297,666.536865234375,415.86328983306885,744.5539855957031,482.3103189468384,710.0961303710938,497.45604515075684,710.3380584716797,529.6719932556152,721.1394500732422,535.0403165817261,767.7754974365234,493.98003101348877,731.1186981201172,521.3121271133423,730.43212890625,547.2690010070801,739.9240112304688,547.1875905990601,784.2565155029297,515.2163457870483,753.209228515625,539.1029405593872,750.5499267578125,556.9346523284912,758.7941741943359,556.5724039077759,14,1787821652.4405162
757.2118377685547,592.3457336425781,719.1208648681641,580.0153398513794,689.4979858398438,560.1962614059448,675.2542114257812,541.4632844924927,681.9845581054688,521.5948534011841,708.7581634521484,487.5112295150757,689.1677856445312,454.0124988555908,671.8838500976562,433.90361309051514,657.1956634521484,417.6413154602051,736.5324401855469,482.6808500289917,701.8399810791016,496.99577808380127,703.2398223876953,529.4771575927734,714.2897796630859,535.3746700286865,759.9659729003906,493.46534729003906,723.7265777587891,522.0144367218018,724.0219116210938,547.602710723877,733.6748504638672,547.513747215271,776.8281555175781,514.0905904769897,746.2870788574219,538.7558841705322,744.2668914794922,556.4326286315918,752.6510620117188,555.8910799026489,15,1787821652.480605
753.7812805175781,590.8130550384521,714.9344635009766,577.415828704834,685.546875,557.5853776931763,670.4765319824219,538.9637660980225,676.6144561767578,519.9864721298218,703.8779449462891,485.37928104400635,682.4264526367188,454.90681171417236,664.0509796142578,434.9220371246338,648.4568786621094,418.8970613479614,730.6495666503906,480.94037532806396,694.6845245361328,495.75196266174316,696.9963836669922,527.44065284729,708.4725189208984,533.3113861083984,753.4866333007812,491.46180152893066,716.5998840332031,519.7517251968384,718.0107879638672,544.997878074646,727.9402160644531,545.1293706893921,770.1290130615234,511.96203231811523,739.3344879150391,536.8413019180298,738.3367156982422,554.0282964706421,747.2043609619141,552.8316020965576,16,1787821652.5217001
749.1520690917969,589.0756702423096,710.3091430664062,576.0043430328369,681.1172485351562,556.0089683532715,666.1801910400391,537.6750612258911,671.2548828125,518.043007850647,697.4835968017578,483.0542993545532,675.4828643798828,452.4584913253784,656.9241333007812,431.8014907836914,641.2255859375,415.25569438934326,724.2575836181641,478.3636951446533,687.4144744873047,492.27959632873535,690.1204681396484,524.8821687698364,701.7578125,530.9804391860962,747.3557281494141,488.39459896087646,709.6677398681641,516.5069818496704,711.8498992919922,542.747311592102,722.1435546875,542.4099540710449,764.4892883300781,508.64068508148193,733.0635833740234,533.968334197998,732.7907562255859,551.8191003799438,742.0851898193359,549.856538772583,17,1787821652.5778844
746.4739990234375,587.1189022064209,706.5703582763672,574.4589614868164,676.7869567871094,554.2266511917114,662.1410369873047,535.1756286621094,668.8474273681641,514.9312162399292,693.9997863769531,481.255202293396,671.4762115478516,449.6819543838501,653.2174682617188,428.5053777694702,638.06396484375,411.2092065811157,720.9976959228516,476.613564491272,684.0571594238281,489.11755084991455,686.3565826416016,522.2980213165283,698.4331512451172,529.8575592041016,743.9093017578125,486.5019464492798,705.8100128173828,513.0525970458984,707.5115203857422,540.1785707473755,718.1691741943359,540.930061340332,761.0469055175781,506.46710872650146,729.3109893798828,530.7060813903809,728.6856079101562,548.9382791519165,738.1407928466797,547.4988126754761,18,1787821652.6164098
745.5509948730469,583.6078262329102,705.3351593017578,571.464114189148,674.6424865722656,550.4532337188721,659.3222808837891,531.092963218689,666.3060760498047,510.6824254989624,692.0247650146484,477.4779224395752,669.9764251708984,445.39488315582275,653.9982604980469,423.3380699157715,641.3600158691406,404.48033809661865,719.2893981933594,472.9622411727905,681.3854217529297,483.7194013595581,682.9887390136719,517.0833349227905,694.4397735595703,525.3034687042236,742.3805236816406,483.0064058303833,703.3396148681641,508.02454948425293,704.2020416259766,535.2024078369141,714.3014526367188,536.8322896957397,759.4281005859375,502.9095125198364,726.8949890136719,526.469349861145,725.4222106933594,544.8276329040527,734.1957092285156,544.0710783004761,19,1787821652.6607296
742.0753479003906,579.9114418029785,703.5254669189453,568.1611347198486,674.1419982910156,545.8218097686768,661.3743591308594,526.2084674835205,665.5815124511719,503.8814163208008,692.3134613037109,472.8628921508789,673.4806823730469,439.5868921279907,658.9717102050781,417.1824645996094,646.6358184814453,397.69314765930176,719.4149780273438,468.3547639846802,681.6792297363281,478.04230213165283,681.5576171875,511.420955657959,691.7711639404297,520.8803558349609,742.0243072509766,478.43085765838623,703.5243225097656,501.34430408477783,703.8587188720703,529.858546257019,713.53271484375,533.049259185791,759.4474029541016,498.0183219909668,727.6145935058594,520.0798559188843,725.1340484619141,539.970817565918,732.877197265625,540.5317640304565,20,1787821652.7020962
741.3111114501953,577.1642589569092,703.6098480224609,565.2157258987427,674.9481964111328,541.6750288009644,663.094482421875,520.4125356674194,667.7719116210938,497.6808786392212,694.8123168945312,469.05720233917236,675.9378051757812,433.1170606613159,661.0179138183594,410.10490894317627,648.6032867431641,390.58679580688477,722.3765563964844,464.38483715057373,685.8514404296875,472.73367404937744,684.5610046386719,505.5790185928345,694.3846893310547,515.90895652771,745.0157165527344,474.2701292037964,705.8927154541016,496.3271141052246,705.3395843505859,525.0929689407349,715.0025177001953,529.2541265487671,762.3789978027344,493.7529230117798,729.2443084716797,515.4877853393555,726.0678100585938,535.8749771118164,733.6757659912109,537.6688385009766,21,1787821652.7496734
746.4253234863281,580.2185010910034,710.7952117919922,567.2706842422485,682.3332977294922,544.6494913101196,670.0584411621094,522.9360866546631,679.4307708740234,501.0750961303711,702.4737548828125,471.2646818161011,686.3751983642578,434.8901081085205,675.6063079833984,410.6687307357788,667.7162170410156,390.0929260253906,730.6314849853516,466.94066047668457,700.2513885498047,480.06537437438965,698.3419799804688,510.08362770080566,707.0848846435547,518.2572841644287,754.5100402832031,478.33210945129395,719.6588134765625,505.0957489013672,717.8769683837891,529.9605131149292,726.9203948974609,531.4019107818604,773.0149841308594,498.3385133743286,741.9245147705078,520.9984159469604,738.8407897949219,539.2806959152222,746.8964385986328,540.6645011901855,22,1787821652.7980456
749.17236328125,585.3139686584473,712.2728729248047,571.9237375259399,683.9048004150391,548.9143753051758,672.1844482421875,527.7885246276855,680.1033020019531,506.486291885376,703.3620452880859,475.1581335067749,687.7426910400391,440.95293045043945,676.4987182617188,418.43276023864746,668.5948181152344,398.4916305541992,731.8721771240234,471.2716770172119,700.5883026123047,482.4364471435547,697.3035430908203,513.2190656661987,704.9219512939453,524.2535877227783,755.9367370605469,483.2537269592285,719.8420715332031,508.5382890701294,717.6080322265625,535.2210760116577,726.0683441162109,539.7941780090332,773.7757873535156,503.73194217681885,742.1652984619141,525.9442806243896,738.9527893066406,544.9985647201538,746.5061950683594,548.2748508453369,23,1787821652.8342595
751.6025543212891,589.8714065551758,713.7832641601562,576.490273475647,684.7652435302734,553.788914680481,671.7655181884766,533.4934329986572,679.8638153076172,513.0866289138794,702.8288269042969,480.50907611846924,686.0490417480469,446.27872467041016,674.4461822509766,423.8135290145874,665.9333038330078,403.9416217803955,731.2020874023438,476.1829948425293,699.7917175292969,487.18554496765137,695.0530242919922,517.4338674545288,700.7022857666016,528.7803840637207,755.4144287109375,487.81725883483887,719.4174957275391,513.8430976867676,717.3611450195312,539.9663543701172,725.7556915283203,544.7258806228638,773.5694122314453,508.24577808380127,742.3126220703125,530.725736618042,739.3626403808594,549.4634771347046,747.1279907226562,553.1567716598511,24,1787821652.883137
751.4220428466797,593.6748218536377,713.6736297607422,580.5795478820801,684.3709564208984,558.4933376312256,672.0461273193359,538.180775642395,678.7384796142578,518.1926107406616,701.0036468505859,484.4006395339966,682.8746795654297,451.22862339019775,670.5066680908203,429.01504039764404,661.6393280029297,409.18102741241455,729.3187713623047,479.755654335022,697.2223663330078,491.77958965301514,694.2136383056641,522.162709236145,701.6740417480469,531.5036630630493,753.5459136962891,491.3638687133789,718.2080841064453,518.0651521682739,716.4038848876953,544.421911239624,725.0153350830078,548.0849504470825,771.8537902832031,512.0747709274292,741.6886901855469,535.1612949371338,738.3534240722656,554.0997076034546,745.4161071777344,557.0118999481201,25,1787821652.9246502
751.1882019042969,595.8063840866089,711.8049621582031,583.1440830230713,682.0499420166016,562.155818939209,670.3792572021484,542.5950479507446,677.6133728027344,522.6577377319336,698.9208984375,487.0498466491699,680.1143646240234,454.85218048095703,665.5270385742188,433.2381248474121,653.6914825439453,413.9941120147705,727.8290557861328,482.0428705215454,694.03076171875,495.3736209869385,692.1502685546875,527.0592212677002,700.6539916992188,536.0158252716064,752.3937225341797,494.02552127838135,715.9886169433594,520.9331846237183,714.6387481689453,547.7128314971924,723.7059783935547,551.2414598464966,770.7286071777344,515.666012763977,739.9990844726562,538.3188772201538,735.7499694824219,557.7564811706543,742.1421813964844,561.4590454101562,26,1787821652.987119
750.0245666503906,598.8431596755981,711.3547515869141,585.6330442428589,681.8463134765625,564.2253684997559,669.7129821777344,544.6513366699219,676.4241790771484,524.4720697402954,698.9400482177734,489.3743562698364,678.0692291259766,459.192852973938,661.5161895751953,439.949312210083,647.3565673828125,423.3888816833496,727.1241760253906,485.01282691955566,692.3650360107422,498.07119369506836,690.7863616943359,530.247015953064,698.9657592773438,539.4021463394165,751.353759765625,496.7709445953369,714.6932983398438,523.556342124939,713.7779235839844,551.1003112792969,722.6707458496094,554.4498538970947,769.9842071533203,518.0303478240967,739.9405670166016,540.4917240142822,736.09375,560.1450634002686,742.5443267822266,563.5994482040405,27,1787821653.0491748
757.8973388671875,600.0524711608887,719.1822052001953,587.5866365432739,688.3631896972656,566.5997457504272,674.1527557373047,547.9389524459839,683.0271911621094,529.2409944534302,706.8504333496094,492.4814701080322,684.5321655273438,463.9188623428345,666.4450073242188,448.44895362854004,650.1832580566406,437.1440649032593,734.5825958251953,488.2634925842285,703.2003021240234,502.6704740524292,699.9822998046875,529.7469663619995,705.4660034179688,538.9135980606079,759.2938232421875,499.89715576171875,723.1145477294922,530.5896091461182,722.5604248046875,554.426851272583,731.0224914550781,557.0287656784058,778.8743591308594,520.2876091003418,747.8713989257812,544.8729085922241,744.6884918212891,562.268385887146,751.8058013916016,564.511399269104,28,1787821653.0920548
761.0098266601562,599.975266456604,723.8937377929688,587.3259258270264,693.2575225830078,566.3314390182495,680.2490997314453,545.6316089630127,691.9920349121094,528.4723377227783,712.1686553955078,493.8290548324585,691.4592742919922,463.9386463165283,675.0357818603516,444.84466552734375,660.4776000976562,428.45654010772705,741.8877410888672,488.1053924560547,709.5702362060547,505.8236360549927,709.9990844726562,536.6903686523438,720.0071716308594,545.1341772079468,767.2241973876953,499.8106384277344,731.8290710449219,529.2694902420044,730.1007843017578,553.3525085449219,738.8370513916016,555.6399822235107,787.3429870605469,520.6830310821533,756.4448547363281,544.7581958770752,752.1662902832031,562.1124744415283,759.1779327392578,564.2277717590332,29,1787821653.12557
765.3624725341797,597.6876640319824,729.5265960693359,584.5900726318359,700.5623626708984,562.2481298446655,689.3363952636719,540.8221292495728,700.9358978271484,523.5810613632202,721.4002227783203,490.36921977996826,704.296875,459.1551733016968,689.6096038818359,439.67491149902344,677.0645904541016,423.8924503326416,750.1947021484375,486.0527515411377,721.7425537109375,502.84475326538086,720.4701232910156,532.7582502365112,728.3755493164062,541.0108280181885,775.1706695556641,497.99012660980225,741.8021392822266,527.6659154891968,739.3436431884766,551.7455434799194,746.981201171875,553.5167455673218,794.9858856201172,518.6499166488647,764.8413848876953,543.3134078979492,760.3855895996094,560.7841157913208,767.1234893798828,562.2223377227783,30,1787821653.1581328
768.8756561279297,594.9585485458374,735.8687591552734,581.1101961135864,707.8998565673828,558.0207967758179,697.7897644042969,536.4073419570923,711.3921356201172,519.2130517959595,727.4233245849609,487.91497707366943,713.5124206542969,454.59056854248047,701.6571807861328,434.15080547332764,691.1551666259766,416.55186653137207,757.3628234863281,483.6744689941406,731.5531921386719,496.9661235809326,727.4827575683594,528.3777952194214,732.8340911865234,538.9358711242676,783.1857299804688,495.6490087509155,751.8317413330078,523.4360504150391,746.8056488037109,548.7274789810181,752.3419189453125,551.468095779419,803.74267578125,516.1310005187988,774.3974304199219,539.8549890518188,769.2146301269531,557.8153610229492,775.3343200683594,559.3135356903076,31,1787821653.1980224
774.1741180419922,592.2838926315308,740.8116912841797,577.1632719039917,713.0601501464844,553.8625574111938,703.5264587402344,531.1041641235352,719.2912292480469,513.7260675430298,734.3358612060547,483.8211965560913,721.7869567871094,450.78075885772705,711.1323547363281,429.7416400909424,702.2881317138672,411.7329454421997,764.3524932861328,480.13721466064453,738.2454681396484,494.1993713378906,734.3508911132812,525.8313274383545,739.786376953125,536.6698980331421,790.4293823242188,492.4619436264038,758.6153411865234,519.4704151153564,754.5111846923828,544.6000957489014,760.6422424316406,548.1276082992554,811.9581604003906,513.0743980407715,782.2050476074219,535.4244518280029,776.9703674316406,553.2014465332031,783.0207061767578,555.5670261383057,32,1787821653.251202
774.6841430664062,589.2907619476318,741.8966674804688,573.7733888626099,713.2228088378906,549.0226936340332,703.6072540283203,524.9352979660034,724.8336029052734,511.0932970046997,737.8922271728516,480.4325580596924,725.0739288330078,446.6467237472534,714.3930816650391,424.96288776397705,706.5866851806641,405.68578720092773,768.6530303955078,477.73704528808594,741.3702392578125,487.43462562561035,736.9636535644531,521.9222545623779,743.9495086669922,531.8264722824097,795.1309967041016,490.27154445648193,763.6029052734375,513.1439208984375,758.2015228271484,540.5050277709961,765.3072357177734,543.578667640686,816.7403411865234,511.20745182037354,786.8864440917969,530.7489538192749,780.0353240966797,550.034122467041,786.1817932128906,552.7561569213867,33,1787821653.283203
778.1710052490234,587.4663019180298,745.6194305419922,573.1858777999878,716.6590118408203,547.2418355941772,707.7593994140625,522.3314952850342,727.2820281982422,505.93894958496094,740.2696228027344,478.1001949310303,727.6142120361328,443.017201423645,718.0337524414062,419.93217945098877,711.3223266601562,399.70699310302734,770.3260040283203,474.40865993499756,745.4100799560547,482.9110908508301,740.5900573730469,517.5672054290771,746.5491485595703,528.6304378509521,796.6181182861328,486.1538600921631,766.7375946044922,509.7796583175659,761.1530303955078,537.912425994873,767.8497314453125,540.9665393829346,818.4634399414062,506.4418315887451,789.7093963623047,526.6474914550781,783.6052703857422,546.4424085617065,790.2050018310547,548.1465339660645,34,1787821653.324575
780.0821685791016,585.3293323516846,747.2174072265625,570.2435159683228,718.3560943603516,543.2860279083252,710.2841186523438,518.3722543716431,731.7421722412109,502.6477289199829,742.5083160400391,474.5412254333496,730.5690002441406,439.38557624816895,721.46484375,416.4393424987793,715.2945709228516,396.0251998901367,772.4004364013672,471.34737968444824,747.7537536621094,480.0943851470947,742.4093627929688,513.5868501663208,748.2482147216797,523.8152503967285,798.6991882324219,483.2609796524048,769.5545959472656,505.2994680404663,763.4944152832031,532.7897071838379,769.9983215332031,535.5132007598877,820.8859252929688,503.6140537261963,792.5412750244141,522.249870300293,786.1666870117188,541.5533208847046,792.8462982177734,543.296799659729,35,1787821653.3482742
780.9913635253906,583.1650686264038,748.7017059326172,568.2789373397827,719.1185760498047,541.065845489502,712.9185485839844,515.3653907775879,734.3788146972656,497.43295669555664,745.2030181884766,471.56564712524414,734.3923187255859,434.9786424636841,726.4746856689453,410.6877851486206,721.2692260742188,389.4247770309448,775.7554626464844,468.1873083114624,750.6015777587891,476.8768501281738,744.4138336181641,510.7516050338745,750.1063537597656,520.7801485061646,801.9673919677734,479.9581718444824,772.5575256347656,501.67603969573975,765.5487823486328,529.8041296005249,771.4876556396484,533.006386756897,824.1275787353516,500.17138481140137,795.5484008789062,518.6990547180176,788.6520385742188,538.6310434341431,794.9368286132812,541.0594081878662,36,1787821653.3979785
783.8684844970703,581.0293006896973,750.4193878173828,565.9643411636353,721.2504577636719,538.5261583328247,715.8845520019531,512.6954984664917,737.1297454833984,494.92695808410645,748.2532501220703,470.3001594543457,738.8072967529297,432.78124809265137,731.6684722900391,408.455114364624,726.8228912353516,386.6791820526123,778.2080841064453,466.78861141204834,753.7325286865234,474.91334438323975,748.0279541015625,508.4832286834717,754.2354583740234,517.9811668395996,803.8650512695312,478.532395362854,775.2940368652344,499.419207572937,767.9763031005859,527.5821876525879,773.9451599121094,530.1878356933594,825.6129455566406,498.698787689209,798.2392120361328,517.0681858062744,790.8406829833984,536.9809913635254,796.8048858642578,538.9947509765625,37,1787821653.4466224
785.3548431396484,580.8986234664917,751.9035339355469,565.8537912368774,723.1092834472656,538.8633441925049,717.476806640625,512.8219270706177,737.1331787109375,493.13798904418945,749.4406890869141,470.3830289840698,739.7388458251953,432.92608737945557,732.4192047119141,408.5802125930786,727.8792572021484,386.74381256103516,779.6776580810547,467.0547294616699,755.3136444091797,474.078426361084,750.0285339355469,507.8596258163452,756.6246795654297,516.6262865066528,805.8225250244141,479.0774631500244,777.0941925048828,499.61700439453125,770.0093841552734,527.5860071182251,776.2753295898438,529.258246421814,827.7785491943359,499.334192276001,800.0640869140625,517.2679996490479,792.4162292480469,537.1360015869141,798.2810974121094,538.6965751647949,38,1787821653.495364
784.8328399658203,583.7693166732788,752.0083618164062,567.2344636917114,724.6337890625,540.3356838226318,717.7938079833984,516.0513496398926,737.2200775146484,497.8312110900879,750.6045532226562,470.3453063964844,739.9082183837891,436.47196769714355,730.9779357910156,413.28553676605225,724.3048095703125,392.63686180114746,780.4782104492188,466.9419050216675,757.1026611328125,475.838942527771,750.0691223144531,507.6380968093872,753.5079193115234,516.4070320129395,806.2263488769531,479.97130393981934,776.9384002685547,502.63532638549805,769.5279693603516,529.399094581604,774.8613739013672,530.5402135848999,826.7758941650391,501.4256286621094,799.1941833496094,521.0882806777954,791.7182159423828,539.8360633850098,797.6090240478516,540.517430305481,39,1787821653.5369112
787.7885437011719,589.7999095916748,753.5491943359375,573.236517906189,723.7460327148438,546.6866827011108,716.6001892089844,522.8081130981445,735.4299926757812,503.4471130371094,747.7328491210938,474.0792417526245,733.4639739990234,447.4556350708008,721.4450073242188,429.6219062805176,711.7247772216797,412.75081157684326,778.4034729003906,469.5315456390381,756.6139221191406,479.6562194824219,750.8405303955078,511.4304828643799,753.7861633300781,522.3341989517212,804.5901489257812,482.5730895996094,774.8455810546875,508.03626537323,768.1204223632812,535.4483127593994,773.1051635742188,537.1010684967041,825.5438232421875,504.15075302124023,796.7205810546875,526.5382719039917,790.3404235839844,545.6289911270142,796.1840057373047,545.9787940979004,40,1787821653.5771616
780.3944396972656,589.8945379257202,744.6945953369141,573.2854843139648,712.46337890625,546.3093280792236,704.1911315917969,521.5213823318481,723.1857299804688,505.02880096435547,737.4559020996094,474.77768898010254,720.6108093261719,450.49962043762207,705.0684356689453,437.5510311126709,690.4746246337891,426.7671775817871,767.2180938720703,470.6733512878418,741.0595703125,485.40910720825195,738.3438873291016,518.1566905975342,744.0957641601562,530.8442258834839,793.2204437255859,482.52686977386475,761.4707946777344,511.02081298828125,758.2437133789062,536.9012546539307,764.7308349609375,539.6407127380371,814.5573425292969,502.7470350265503,784.6814727783203,526.4876747131348,780.3273010253906,544.7917127609253,786.7764282226562,545.642466545105,41,1787821653.622106
778.0003356933594,584.3236112594604,743.7717437744141,569.545841217041,712.3970794677734,543.6478042602539,705.5880737304688,519.6178293228149,722.8488922119141,500.7529306411743,734.4090270996094,473.1475496292114,715.7090759277344,445.37381172180176,698.6952972412109,428.8598585128784,684.4530487060547,415.3990316390991,764.3029022216797,468.02525997161865,740.8006286621094,477.6300573348999,735.3850555419922,510.9826183319092,739.4638061523438,524.862470626831,790.6906890869141,479.0493106842041,760.6060028076172,504.2334508895874,755.1254272460938,531.608076095581,761.0317230224609,536.2911701202393,813.3013153076172,498.42610359191895,784.6124267578125,520.3176498413086,778.5157012939453,540.1491737365723,784.4407653808594,543.4208679199219,42,1787821653.6701846
777.0024871826172,580.5045318603516,742.6425170898438,566.0648918151855,710.9352111816406,540.0827407836914,704.4046020507812,515.6693601608276,721.588134765625,496.5776538848877,732.3738098144531,469.77972507476807,712.6879119873047,441.2752676010132,696.3270568847656,423.6217403411865,683.0228424072266,408.45288276672363,762.6786041259766,464.44929599761963,739.1266632080078,473.219518661499,734.1570281982422,507.2407865524292,738.6588287353516,521.2982225418091,789.4375610351562,475.13161182403564,759.9078369140625,499.0514659881592,754.0552520751953,527.9451656341553,759.6131134033203,533.5362195968628,812.5047302246094,494.3669557571411,784.0215301513672,515.9413146972656,776.8363189697266,536.7884731292725,781.6078948974609,540.7642793655396,43,1787821653.7013237
776.5863800048828,579.0475559234619,742.9171752929688,564.9559593200684,710.5785369873047,538.3779287338257,703.2113647460938,513.3589267730713,722.0171356201172,494.11890506744385,731.0633087158203,468.47029209136963,711.4450836181641,439.4027853012085,695.5352020263672,421.64196968078613,682.5491333007812,405.90620040893555,761.6425323486328,463.43074321746826,739.3630218505859,470.2004671096802,734.2353820800781,503.32836627960205,737.8690338134766,515.0296640396118,789.0328979492188,473.7687063217163,761.0079956054688,496.7499589920044,754.8690032958984,525.5168008804321,759.8276519775391,528.9913988113403,812.6824951171875,492.8109312057495,785.1046752929688,515.0954532623291,778.4821319580078,535.3033447265625,783.6598968505859,536.8660640716553,44,1787821653.7458627
777.6556396484375,579.3483066558838,743.1169891357422,565.1890754699707,710.2967834472656,537.9001092910767,701.6530609130859,511.1988687515259,723.8128662109375,493.46766471862793,731.8142700195312,468.8196659088135,712.7715301513672,438.7273406982422,696.8998718261719,421.51764392852783,683.4511566162109,405.6626558303833,762.0896911621094,463.5817623138428,739.9227142333984,471.4024829864502,737.2320556640625,505.7436418533325,742.2438049316406,515.8298635482788,789.5997619628906,473.77703189849854,762.5398254394531,498.2141876220703,758.0687713623047,526.7384719848633,763.7509918212891,528.2391786575317,813.5540771484375,492.5322389602661,786.8506622314453,515.1945447921753,781.4366912841797,535.4093885421753,787.4575042724609,535.8714151382446,45,1787821653.7899451
779.5671081542969,580.4840183258057,745.2841949462891,566.530179977417,713.0374908447266,540.3137111663818,703.6676025390625,513.3263540267944,725.4402160644531,495.576696395874,733.1230163574219,469.4259738922119,715.6572723388672,438.72369289398193,700.2474975585938,420.46128273010254,687.2528839111328,404.4208574295044,763.1919097900391,463.4864044189453,740.1460266113281,477.08494663238525,739.6733093261719,510.757999420166,747.5096893310547,517.206072807312,790.9071350097656,474.32398796081543,764.6347808837891,502.419376373291,760.3495025634766,529.3422317504883,766.9090270996094,527.8946113586426,814.9863433837891,494.0557336807251,789.1664123535156,518.0470848083496,783.7128448486328,537.2970628738403,790.2577972412109,536.4758348464966,46,1787821653.8462477
782.3339080810547,583.5895442962646,749.2644500732422,569.7527360916138,716.9907379150391,543.7599849700928,707.4468994140625,516.6048717498779,729.2071533203125,498.7991666793823,736.6214752197266,472.0595598220825,721.3932800292969,440.6520080566406,705.9872436523438,422.6027584075928,691.9163513183594,407.70581245422363,767.1662139892578,466.06746196746826,745.4914093017578,478.67491722106934,742.7911376953125,512.1589708328247,748.4530639648438,519.9029159545898,795.1383209228516,477.4615287780762,768.6125946044922,505.7225704193115,763.1653594970703,532.8343820571899,768.8922882080078,531.9093418121338,819.4969940185547,497.42836475372314,793.3781433105469,521.0930871963501,787.2665405273438,540.4464483261108,793.4977722167969,539.850697517395,47,1787821653.8722253
785.1035308837891,588.1389141082764,752.8052520751953,573.1968212127686,721.9687652587891,547.7248048782349,714.4093322753906,522.5370168685913,734.3412017822266,505.00017642974854,740.97412109375,473.48065853118896,730.0335693359375,445.31660556793213,716.0416412353516,430.2336645126343,702.0999145507812,418.54575634002686,771.2991333007812,468.1720304489136,750.6777954101562,482.3701858520508,747.4182891845703,515.8959531784058,752.05078125,523.850827217102,799.1350555419922,480.044903755188,773.0671691894531,508.9337968826294,766.9750213623047,536.585955619812,771.5380859375,536.7653846740723,823.65478515625,500.33536434173584,798.001708984375,524.0100860595703,790.6899261474609,543.7464666366577,795.2057647705078,544.2461729049683,48,1787821653.9288714
788.0970764160156,592.2163438796997,756.6899108886719,576.5437889099121,726.7285919189453,551.4835023880005,718.5076904296875,527.2253036499023,739.8223876953125,510.4540729522705,746.3675689697266,477.5233268737793,738.7136840820312,452.35639572143555,726.6216278076172,437.9100179672241,713.7919616699219,425.4616928100586,776.8201446533203,471.51140213012695,755.6652069091797,486.57992362976074,751.7809295654297,520.3020715713501,755.9183502197266,527.4651145935059,804.8271179199219,483.4007978439331,779.4374084472656,512.92320728302,773.2009124755859,540.1906728744507,777.5318145751953,539.1846513748169,829.1262817382812,504.21233654022217,803.9872741699219,528.8621807098389,796.3654327392578,548.1881618499756,800.5805969238281,547.5551605224609,49,1787821653.9771445
801.1248779296875,588.7772369384766,769.9662780761719,574.9007320404053,743.2674407958984,548.9573335647583,740.3411102294922,525.5533647537231,756.497802734375,507.04071521759033,763.9887237548828,478.43974113464355,754.7390747070312,449.51239585876465,745.5622863769531,430.82555294036865,736.0444641113281,414.76744651794434,793.2831573486328,473.79162311553955,773.8840484619141,485.5027914047241,768.6891174316406,519.0082597732544,771.6738891601562,528.3403301239014,819.3785858154297,485.6038570404053,796.0929870605469,511.65565967559814,789.8706817626953,539.170618057251,794.1592407226562,539.5084047317505,841.8600463867188,506.03392124176025,818.8720703125,529.6559858322144,810.7460021972656,549.1717386245728,814.2423248291016,548.1223726272583,50,1787821654.0175512
802.1723175048828,582.6199150085449,773.4764099121094,569.9524641036987,745.8020782470703,544.6924924850464,742.9257202148438,520.2081298828125,762.3935699462891,502.66862869262695,767.0100402832031,474.2607307434082,756.0881042480469,441.82780265808105,747.1487426757812,418.8542318344116,740.6696319580078,399.4076156616211,797.7255249023438,469.507040977478,776.6587829589844,478.3576440811157,768.7870788574219,510.91296672821045,772.0063018798828,521.2758207321167,824.4105529785156,481.18778228759766,799.1450500488281,503.76683235168457,789.9420166015625,530.2004528045654,793.8182067871094,532.3996925354004,846.7227172851562,501.78478717803955,821.7658233642578,521.575026512146,812.7085876464844,539.8037910461426,816.8688201904297,540.7418346405029,51,1787821654.071328
804.2211151123047,576.4745664596558,775.4147338867188,564.4814443588257,747.3554229736328,537.7759122848511,744.7043609619141,511.4365339279175,765.5838012695312,494.1798448562622,769.0103149414062,468.0733251571655,759.0606689453125,434.09441471099854,751.4759826660156,409.99526023864746,746.4202117919922,389.1564702987671,799.7982788085938,463.2429027557373,780.5262756347656,471.69683933258057,772.6622772216797,504.4052839279175,775.6889343261719,514.0355730056763,826.6365051269531,474.32647705078125,803.4912872314453,496.37123107910156,793.4812927246094,523.0617427825928,796.8347930908203,524.8055219650269,849.3520355224609,494.28369998931885,826.2623596191406,513.3560943603516,816.4292144775391,532.3807668685913,820.1805877685547,533.4187602996826,52,1787821654.1208677
806.3718414306641,571.8892335891724,777.09716796875,559.742431640625,749.4035339355469,531.9104146957397,748.2563018798828,504.46927070617676,769.2869567871094,486.6780710220337,770.2339935302734,462.6071548461914,760.6591033935547,427.5755310058594,754.0509796142578,402.62746810913086,750.5233764648438,381.33180141448975,801.2422943115234,458.4293031692505,783.8874053955078,466.1605453491211,776.8065643310547,500.20846366882324,781.1473083496094,508.1815767288208,828.5051727294922,469.3183422088623,807.2145080566406,490.227255821228,796.8380737304688,517.9785490036011,800.7737731933594,518.331184387207,851.6072845458984,489.0758800506592,829.7580718994141,507.68019676208496,819.8139953613281,527.0107269287109,824.2662048339844,526.6440582275391,53,1787821654.1547656
807.4799346923828,569.2562484741211,778.8113403320312,557.352991104126,751.4003753662109,528.0061483383179,751.3901519775391,499.0137004852295,773.3007049560547,482.1371126174927,771.9265747070312,459.4817590713501,762.2802734375,423.09431076049805,756.1004638671875,398.6807584762573,753.45458984375,377.2528266906738,803.1426239013672,456.0578441619873,788.9846038818359,462.5525236129761,782.3795318603516,495.10115146636963,786.2000274658203,502.82904624938965,830.1872253417969,467.21394538879395,809.7014617919922,487.0925045013428,799.4314575195312,514.9913835525513,803.1549835205078,515.4194211959839,853.0198669433594,486.62983417510986,830.8477020263672,505.7855272293091,820.8559417724609,525.7181167602539,824.9043273925781,525.2878046035767,54,1787821654.2080631
809.8519897460938,571.2951993942261,780.5722045898438,558.044958114624,753.0834197998047,529.3555355072021,751.0807037353516,500.2155876159668,773.5654449462891,482.03038215637207,774.0007781982422,460.35491466522217,764.8766326904297,425.5631446838379,759.4093322753906,401.8268823623657,757.5080108642578,379.87512588500977,804.9674224853516,455.56307315826416,790.3788757324219,465.1885986328125,784.0001678466797,498.26826095581055,788.0027770996094,505.03249168395996,832.2853088378906,466.97349071502686,811.9220733642578,490.4767656326294,801.2828063964844,518.0466556549072,804.8731994628906,517.2616052627563,855.3673553466797,486.64841651916504,833.4986114501953,507.289023399353,823.1719970703125,527.0416688919067,826.6706848144531,526.5749216079712,55,1787821654.252671
811.6648864746094,573.6229705810547,782.4462890625,559.523434638977,755.0931549072266,530.7773637771606,753.4143829345703,502.6878547668457,774.9166870117188,485.3443908691406,774.4215393066406,462.3127555847168,766.6194152832031,430.493860244751,761.4161682128906,409.2565584182739,758.8599395751953,388.31103801727295,805.2811431884766,457.191367149353,791.9156646728516,465.4769468307495,785.4444885253906,497.9815435409546,788.3976745605469,504.52192783355713,832.7042388916016,468.05766105651855,814.1574859619141,490.9320116043091,803.3778381347656,518.0582857131958,806.0325622558594,516.4567279815674,855.9245300292969,487.31300354003906,835.6664276123047,508.577299118042,825.5242919921875,527.444429397583,828.4640502929688,525.4839277267456,56,1787821654.2936683
812.4441528320312,576.7824840545654,783.1221008300781,562.2660255432129,755.8296203613281,531.9756460189819,754.9904632568359,504.6916151046753,776.2345123291016,488.00960540771484,775.2845764160156,464.41771030426025,768.6782073974609,437.7506732940674,762.1821594238281,421.0190534591675,757.0962524414062,403.5034132003784,805.7177734375,459.74517345428467,793.0591583251953,461.3372039794922,785.1643371582031,494.02071475982666,785.6199645996094,503.0369710922241,832.7324676513672,469.9613857269287,814.4839477539062,490.73408603668213,804.9801635742188,519.434666633606,807.4256134033203,518.9352607727051,855.8348083496094,488.8074016571045,835.8618927001953,510.43381690979004,827.1080780029297,530.0887870788574,830.225830078125,527.6480627059937,57,1787821654.3480635
807.7433776855469,577.8719329833984,776.4638519287109,562.7217435836792,748.8287353515625,533.8661098480225,749.4247436523438,508.39405059814453,768.2746124267578,490.1929235458374,770.9538269042969,466.0422706604004,762.0398712158203,443.6484432220459,752.6032257080078,428.26183319091797,744.0449523925781,413.3796501159668,801.4035034179688,460.99280834198,785.7530975341797,465.80121517181396,777.9541015625,498.1139802932739,779.4842529296875,508.37761402130127,828.1777191162109,472.3691940307617,807.012939453125,493.59400749206543,796.9819641113281,521.0591840744019,800.2516174316406,521.6902542114258,850.6243133544922,492.50211238861084,828.5322570800781,513.0835390090942,818.2250213623047,532.3345899581909,820.9326171875,531.689658164978,58,1787821654.3906806
805.2355194091797,575.5575942993164,774.4330596923828,563.8983535766602,745.5824279785156,536.4565229415894,746.5597534179688,510.7933187484741,764.5752716064453,492.18342304229736,766.5724945068359,467.24188327789307,753.9810180664062,442.8563117980957,741.8985748291016,426.5118741989136,731.3758087158203,410.77189922332764,797.7655029296875,461.6755485534668,781.9516754150391,468.8062334060669,774.404296875,501.7064666748047,775.6295776367188,511.9389867782593,824.8056793212891,472.6523494720459,802.8818511962891,495.5661392211914,792.4522399902344,523.0371522903442,795.2895355224609,523.7983846664429,847.5257110595703,491.858811378479,825.5474853515625,512.6618528366089,814.2269134521484,532.8245115280151,816.1292266845703,533.2165431976318,59,1787821654.4318657
802.3169708251953,574.8856258392334,770.9931182861328,563.8581418991089,742.6506805419922,538.0076122283936,743.4867858886719,512.9638481140137,759.9339294433594,492.5179052352905,761.8860626220703,467.659707069397,748.5031127929688,443.2294178009033,736.0558319091797,426.8059730529785,725.4005432128906,411.1443614959717,792.9452514648438,461.53289794921875,777.5708770751953,471.17932319641113,770.7356262207031,504.57552909851074,772.7691650390625,514.246244430542,820.0154876708984,472.26542472839355,799.3494415283203,496.1932611465454,789.6319580078125,523.9329671859741,792.9703521728516,524.1530799865723,842.8499603271484,491.4098310470581,821.8037414550781,513.6892032623291,811.2742614746094,533.6517477035522,813.7023162841797,532.9659175872803,60,1787821654.4748857
800.0823211669922,576.0110807418823,769.8967742919922,565.1590347290039,741.1338043212891,539.7719478607178,740.9889984130859,514.7052669525146,758.2315826416016,493.7959671020508,759.5285034179688,469.7706699371338,745.1658630371094,445.15129566192627,731.9541168212891,428.8250970840454,720.3101348876953,413.0572700500488,790.6656646728516,463.6619710922241,774.3846130371094,470.3075838088989,768.4246063232422,504.3490219116211,770.3788757324219,514.1904973983765,817.9877471923828,474.0831470489502,796.9285583496094,496.39217376708984,788.0753326416016,524.2235469818115,790.6970977783203,524.2810106277466,841.0819244384766,493.0269241333008,819.5211791992188,515.196647644043,810.1189422607422,535.3195667266846,812.5770568847656,534.1263055801392,61,1787821654.5217767
798.6517333984375,575.9485960006714,768.9896392822266,565.3851985931396,740.2035522460938,540.0728702545166,739.5870971679688,515.044469833374,757.2561645507812,494.78289127349854,759.2609405517578,470.35243034362793,744.2060852050781,446.0289144515991,730.7062530517578,429.46067333221436,719.2123413085938,413.7620258331299,790.1950073242188,464.15536880493164,773.1100463867188,471.05310916900635,767.6237487792969,506.41865730285645,770.5645751953125,516.471061706543,817.3219299316406,474.5256471633911,795.9115600585938,497.3132658004761,787.2122955322266,526.0983896255493,790.5048370361328,526.4080667495728,840.1245880126953,493.7634801864624,818.4850311279297,516.6483020782471,809.3518829345703,536.5688323974609,812.4408721923828,534.7044610977173,62,1787821654.5751197
798.2849884033203,577.3384523391724,769.4554138183594,566.0727024078369,740.7087707519531,540.004506111145,739.2865753173828,514.5532608032227,758.5874938964844,496.3371992111206,759.5915985107422,470.8405923843384,744.9913787841797,446.9093656539917,731.6638946533203,430.4483699798584,720.7117462158203,414.6993827819824,790.7814788818359,464.83609199523926,773.6011505126953,471.24850273132324,768.2324981689453,506.45981311798096,771.4969635009766,515.8452701568604,818.4443664550781,475.38755893707275,796.571044921875,498.614501953125,788.5753631591797,526.572003364563,792.5421905517578,526.3417196273804,841.6809844970703,494.72092151641846,819.3277740478516,517.0862531661987,811.3078308105469,536.2357664108276,815.6166839599609,534.2432928085327,63,1787821654.6284878
801.5775299072266,577.7780342102051,771.7615509033203,566.2942743301392,742.9829406738281,541.3566398620605,740.6813049316406,516.1310434341431,761.190185546875,498.36344718933105,761.0256958007812,470.91620922088623,749.9221038818359,447.90478706359863,738.8004302978516,431.1345434188843,729.0161895751953,415.04974365234375,792.1273803710938,464.7098779678345,776.3510894775391,472.8502321243286,771.1376953125,506.1934804916382,773.5921478271484,514.6253156661987,819.8634338378906,475.3117275238037,799.9431610107422,499.5403575897217,791.8266296386719,526.337685585022,794.7663116455078,525.7881546020508,843.365478515625,494.92022037506104,822.7653503417969,518.1856155395508,814.52880859375,536.4124059677124,817.6553344726562,534.4567966461182,64,1787821654.6659477
804.4028472900391,578.0540227890015,774.1269683837891,566.2483549118042,745.4929351806641,540.6030464172363,742.9147338867188,515.4234981536865,765.6192779541016,498.9680814743042,764.1757202148438,471.04482650756836,755.0418853759766,447.70089626312256,746.1009979248047,429.48500633239746,738.9342498779297,412.2615337371826,795.2468109130859,464.4221305847168,779.4491577148438,474.52178478240967,774.3517303466797,507.9906892776489,777.6617431640625,515.9901523590088,822.9853057861328,474.7540855407715,804.1030883789062,498.90727043151855,795.4147338867188,524.9873113632202,798.1656646728516,524.0959596633911,846.4673614501953,494.51531410217285,826.7288208007812,517.6843214035034,817.8558349609375,535.3760004043579,820.5983734130859,533.4898281097412,65,1787821654.701492
811.8744659423828,575.9686374664307,782.8184509277344,564.3980598449707,755.8243560791016,537.5102663040161,757.8520965576172,513.0368041992188,779.2976379394531,496.57748222351074,774.8582458496094,468.61380100250244,765.8448028564453,442.04336643218994,758.5641479492188,422.97234535217285,753.7106323242188,404.36305046081543,805.8267211914062,462.6733732223511,791.0203552246094,474.049973487854,784.5155334472656,506.6801404953003,787.5798797607422,514.96413230896,833.1437683105469,473.53726387023926,814.2197418212891,499.4016981124878,804.1979217529297,525.6262350082397,807.4452972412109,525.4586505889893,856.6615295410156,493.2492256164551,837.1614074707031,515.9302854537964,826.1029052734375,534.8762083053589,828.1809997558594,534.5258903503418,66,1787821654.7374237
813.7995910644531,576.1342906951904,784.0796661376953,564.6168422698975,756.0849761962891,537.3419952392578,756.7540740966797,510.7558536529541,778.8374328613281,494.7037124633789,774.439697265625,468.71842861175537,764.2319488525391,441.319899559021,755.4067993164062,421.24680519104004,749.1494750976562,401.9832229614258,806.2997436523438,462.3374319076538,793.3441162109375,472.75285720825195,786.6516876220703,504.9743413925171,788.5517120361328,512.3768520355225,834.2123413085938,472.8828477859497,816.2089538574219,497.53990173339844,805.6261444091797,523.4823989868164,807.4493408203125,522.6134490966797,857.6312255859375,492.3447847366333,837.9888916015625,515.4921197891235,827.2408294677734,533.5421848297119,828.5737609863281,531.4433240890503,67,1787821654.7855022
813.8098907470703,575.3479528427124,783.9466857910156,563.8296031951904,755.8984375,536.1260747909546,756.9527435302734,509.67979431152344,778.8034820556641,494.5538091659546,774.7383117675781,467.6726245880127,763.3428192138672,438.76776695251465,753.7974548339844,417.98678398132324,747.2591400146484,398.5338592529297,806.6683197021484,461.89960956573486,793.0668640136719,470.44585704803467,786.8020629882812,502.9097270965576,789.2991638183594,510.94905853271484,834.619140625,472.6105499267578,815.5171203613281,496.03837966918945,805.8049011230469,522.2570371627808,808.7353515625,521.5267896652222,858.1401062011719,492.0747184753418,837.3080444335938,514.8244428634644,827.1551513671875,533.2436227798462,829.6890258789062,531.0654544830322,68,1787821654.833351
814.2573547363281,573.8970279693604,784.2216491699219,562.7834129333496,756.2718200683594,534.8647499084473,757.4431610107422,507.9911184310913,779.4234466552734,491.9502639770508,774.8047637939453,466.58905506134033,761.8573760986328,435.6569194793701,752.4131774902344,414.48832511901855,746.9135284423828,394.4491767883301,806.4222717285156,460.53558826446533,794.6886444091797,470.80377101898193,788.2671356201172,502.26749897003174,790.4841613769531,510.16117572784424,834.1816711425781,471.0473585128784,816.3687133789062,495.7659959793091,806.5299987792969,521.4618587493896,809.4721221923828,520.3182506561279,857.9478454589844,490.0513029098511,838.3837127685547,513.4989595413208,827.7764129638672,531.9841003417969,829.7825622558594,529.7892808914185,69,1787821654.8777037
814.1590118408203,572.2539710998535,784.1936492919922,560.5704402923584,757.1640014648438,532.6157712936401,758.6569213867188,505.7797336578369,780.2942657470703,488.800106048584,774.2408752441406,464.73528385162354,760.928955078125,432.17730045318604,752.0606994628906,410.2241277694702,747.4029541015625,389.81316089630127,805.9213256835938,458.49067211151123,795.1201629638672,468.21760654449463,788.6051940917969,500.8497905731201,790.4784393310547,508.83934020996094,834.1053009033203,468.4868574142456,817.216796875,493.41389179229736,806.7898559570312,520.3464889526367,809.0877532958984,519.4550085067749,858.2923126220703,487.2501754760742,839.791259765625,511.85062408447266,829.2750549316406,531.2384462356567,831.4816284179688,528.8676309585571,70,1787821654.9229767
815.0905609130859,570.5432796478271,785.8027648925781,559.4537830352783,758.1955718994141,531.0895729064941,760.2376556396484,503.2656240463257,783.4395599365234,486.85595512390137,775.9808349609375,463.2360363006592,763.6988830566406,428.2271146774292,756.1116027832031,404.8281240463257,752.3471069335938,383.5502243041992,807.9634094238281,457.2766399383545,797.6704406738281,465.73405265808105,791.4412689208984,499.4134998321533,794.0030670166016,506.53615951538086,836.4494323730469,467.40307331085205,820.07568359375,491.76435470581055,808.9456176757812,519.4561243057251,811.0267639160156,517.8073596954346,860.921630859375,486.16604804992676,842.3129272460938,510.3645086288452,831.8270874023438,529.5128631591797,834.3489074707031,526.0413122177124,71,1787821654.9754572
817.5949096679688,569.7028255462646,788.4136199951172,558.4397792816162,761.3465118408203,530.0640249252319,762.8179931640625,502.37603187561035,786.4821624755859,485.1139783859253,779.073486328125,462.0159101486206,767.6475524902344,425.122447013855,761.1968994140625,400.66357612609863,758.651123046875,378.0945682525635,811.2119293212891,456.09960079193115,800.8645629882812,463.7352705001831,794.14306640625,496.91535472869873,796.3616943359375,504.21782970428467,839.7217559814453,466.14994525909424,823.9804077148438,489.98624324798584,812.2956848144531,516.734733581543,813.7933349609375,514.3057250976562,863.7648773193359,484.89197731018066,845.97412109375,509.08520221710205,835.5494689941406,527.756724357605,837.9692077636719,523.573637008667,72,1787821655.0245621
820.4373168945312,570.0021600723267,791.0704040527344,558.2993602752686,764.9048614501953,530.1848316192627,767.767333984375,503.1279516220093,790.6350708007812,485.1667642593384,782.4278259277344,459.90795135498047,773.4917449951172,422.12390899658203,768.3867645263672,397.3444604873657,766.7162322998047,374.5611763000488,814.4268035888672,454.6484184265137,806.8057250976562,465.1864528656006,799.6169281005859,496.4326000213623,800.7314300537109,502.48619556427,842.8378295898438,465.10525703430176,828.7493133544922,491.0963773727417,816.9515228271484,516.5217876434326,817.6558685302734,512.9066848754883,867.2657775878906,483.5729742050171,850.5628967285156,508.30482959747314,840.0789642333984,526.9216346740723,841.6443634033203,522.7443408966064,73,1787821655.077298
823.3446502685547,571.5346670150757,793.15673828125,558.4180641174316,767.3924255371094,529.6305799484253,771.1824798583984,502.67712593078613,794.3627166748047,485.0052738189697,786.9944763183594,458.6312198638916,780.7825469970703,421.4823246002197,777.8146362304688,396.4020824432373,777.8538513183594,373.70540142059326,818.7728118896484,454.39144134521484,809.9286651611328,466.226806640625,801.3025665283203,497.18409061431885,802.4372863769531,502.13849544525146,846.7008972167969,465.8781623840332,831.9910430908203,492.2053098678589,819.4575500488281,517.2843503952026,820.7266998291016,512.9038095474243,870.2451324462891,485.0272464752197,853.0140686035156,509.3324375152588,842.0416259765625,527.3827171325684,844.1185760498047,522.7718925476074,74,1787821655.118944
829.3817138671875,579.9826383590698,798.6610412597656,565.1175785064697,774.3724822998047,535.8345937728882,779.8525238037109,512.4793767929077,803.0072784423828,497.74336338043213,794.9727630615234,463.508677482605,795.5841064453125,429.9470329284668,799.8638916015625,407.8111267089844,807.1987915039062,386.36491298675537,826.9176483154297,460.5269193649292,821.0945892333984,471.58380031585693,809.9605560302734,501.1446189880371,807.3886108398438,509.50268268585205,854.99755859375,473.20698738098145,843.1362915039062,500.33390522003174,830.0476837158203,523.7395477294922,828.7860107421875,521.725959777832,878.4158325195312,493.3075475692749,864.4924163818359,519.3505954742432,852.3161315917969,536.7009258270264,850.5731964111328,533.9293670654297,75,1787821655.1808085
831.5730285644531,582.554726600647,800.7768249511719,568.521409034729,775.7110595703125,540.099606513977,779.8126983642578,515.9088706970215,804.6322631835938,499.9288272857666,796.7945861816406,467.6846408843994,797.6105499267578,434.7661256790161,802.5833129882812,413.24026107788086,811.2261962890625,391.5130376815796,828.8539123535156,463.29551696777344,823.5787200927734,473.8713598251343,811.9314575195312,503.919997215271,810.0212097167969,508.8403272628784,856.8798065185547,474.83485221862793,845.0337219238281,503.666410446167,830.9974670410156,528.8665580749512,830.5800628662109,524.5396184921265,880.4890441894531,494.1212224960327,865.73974609375,521.3417387008667,853.4670257568359,539.8409986495972,852.8887939453125,535.5001544952393,76,1787821655.2074332
832.4961090087891,584.7455978393555,801.796875,571.4890909194946,776.1257934570312,542.4739837646484,781.0577392578125,517.0544528961182,807.0059967041016,500.63770294189453,797.1793365478516,471.2762260437012,797.0925903320312,439.2720651626587,802.353515625,418.96289348602295,811.5719604492188,398.3772611618042,829.3830108642578,466.3192892074585,824.3070220947266,476.1496067047119,812.8485870361328,507.71169662475586,811.5493774414062,514.1429042816162,857.3149108886719,477.51161098480225,845.8631134033203,504.0006351470947,831.1376953125,530.617847442627,830.6985473632812,527.4052906036377,881.1985778808594,496.79652214050293,866.9822692871094,523.7573575973511,854.0673065185547,542.6510953903198,853.1786346435547,538.5757255554199,77,1787821655.255543
832.8562927246094,587.4405527114868,801.6572570800781,573.6321544647217,776.1911010742188,544.1123199462891,781.2565612792969,518.4386444091797,807.2914123535156,502.1737289428711,796.585693359375,474.4534206390381,795.0336456298828,444.9771022796631,800.0151062011719,426.24223709106445,809.1073608398438,407.0655584335327,828.3180236816406,468.77928256988525,823.8634490966797,481.0833692550659,813.0427551269531,511.5166139602661,811.0479736328125,518.0516338348389,856.1589813232422,479.301438331604,845.7353210449219,506.17305278778076,831.9094848632812,532.0537948608398,830.7224273681641,529.3080282211304,880.2639007568359,497.9321050643921,867.1659851074219,524.8470211029053,854.7352600097656,543.437819480896,853.1700134277344,539.3630933761597,78,1787821655.3036287
833.1480407714844,588.775691986084,801.5193176269531,574.3021059036255,776.0699462890625,544.7901248931885,779.8951721191406,519.3966865539551,804.1346740722656,503.27592372894287,794.2816925048828,476.51636123657227,792.6454925537109,451.08189582824707,796.0041809082031,434.371132850647,803.5549926757812,416.61662578582764,825.8205413818359,470.7547187805176,821.1930084228516,479.6342897415161,810.1306915283203,509.64451789855957,807.9658508300781,516.6359424591064,853.8133239746094,480.8251476287842,843.8157653808594,506.4848327636719,830.3087615966797,532.362699508667,829.2393493652344,529.8590612411499,878.2596588134766,499.5316457748413,865.8765411376953,526.3304758071899,853.2391357421875,544.7369527816772,850.9213256835938,540.6949281692505,79,1787821655.3509684
832.1847534179688,588.433313369751,801.1380004882812,575.0258302688599,775.8231353759766,546.6023540496826,779.1163635253906,521.3748264312744,803.4781646728516,506.884503364563,793.0128479003906,478.1847381591797,789.696044921875,453.6216688156128,790.6602478027344,435.7976818084717,795.6296539306641,416.85999870300293,824.4758605957031,471.74511909484863,819.3553161621094,481.00728034973145,808.5177612304688,510.9111213684082,806.1167907714844,517.8725910186768,852.2971343994141,481.74795627593994,841.8968200683594,507.886962890625,828.7861633300781,533.9426708221436,827.7157592773438,532.6789855957031,876.3175964355469,500.73211669921875,863.7986755371094,528.0288934707642,850.6963348388672,546.4006948471069,847.7812194824219,543.3485126495361,80,1787821655.3894289
830.9744262695312,586.657133102417,801.1479949951172,573.9762926101685,775.5209350585938,546.2167596817017,778.6234283447266,520.7552146911621,803.1821441650391,507.41583824157715,793.1731414794922,478.117618560791,788.533935546875,451.39092922210693,786.5042114257812,431.9085645675659,788.1541442871094,411.91473484039307,824.8931884765625,472.1072816848755,818.1341552734375,476.3945245742798,807.8395843505859,507.91816234588623,806.3067626953125,517.2113943099976,852.8311920166016,482.5445079803467,840.65673828125,507.05084323883057,827.2866058349609,533.3249044418335,826.5352630615234,532.834210395813,876.7557525634766,501.9878625869751,862.9900360107422,528.2674598693848,849.6958923339844,546.0305070877075,846.9818878173828,543.3674812316895,81,1787821655.4510808
836.2798309326172,580.5000257492065,806.7311096191406,568.1360721588135,781.7097473144531,538.8918399810791,789.9995422363281,515.687427520752,815.9084320068359,502.79887676239014,802.7642059326172,471.02688789367676,802.2869873046875,439.0730667114258,804.5949554443359,417.5306797027588,808.7968444824219,395.4934358596802,834.3367767333984,467.610182762146,827.9586029052734,476.0280704498291,818.2695007324219,507.7716064453125,816.8575286865234,515.5239629745483,861.9890594482422,479.09879207611084,851.1087036132812,501.84778690338135,837.0885467529297,527.8890752792358,835.545654296875,526.7990255355835,886.4067077636719,498.0278491973877,874.2666625976562,520.4101753234863,859.9079895019531,539.9449396133423,857.2686004638672,538.3762979507446,82,1787821655.495108
839.0624237060547,582.6258373260498,808.9878845214844,569.3638801574707,785.3057861328125,540.0254058837891,792.6287841796875,516.5379238128662,818.5416412353516,502.10506439208984,805.3113555908203,471.38694763183594,806.5774536132812,440.04273891448975,811.8337249755859,419.1742515563965,819.8487854003906,398.27473640441895,837.4994659423828,466.0172939300537,833.7473297119141,478.14868927001953,822.2035217285156,508.8700246810913,819.7897338867188,515.0289344787598,865.6319427490234,476.9433259963989,856.7897796630859,504.1046619415283,842.1705627441406,528.8641548156738,840.6272888183594,525.4453039169312,889.5100402832031,496.1469554901123,877.9393768310547,523.2437038421631,864.0582275390625,541.6727542877197,861.7640686035156,537.7060031890869,83,1787821655.5512087
841.8122863769531,583.394021987915,810.8097839355469,570.491738319397,786.9564819335938,541.0889339447021,794.4813537597656,517.2678709030151,820.9329986572266,502.6333951950073,807.7049255371094,472.5734281539917,809.1622161865234,441.69841289520264,815.5883026123047,421.86161041259766,825.8074951171875,401.64663791656494,839.9860382080078,467.7974224090576,837.0676422119141,478.11238288879395,825.3668212890625,508.38387966156006,823.3663940429688,514.8550415039062,867.7664947509766,478.85666370391846,858.9051818847656,503.83073329925537,844.1353607177734,528.2225275039673,842.9197692871094,525.1779842376709,891.3913726806641,498.11256408691406,879.3621826171875,524.5109939575195,865.0111389160156,542.4290943145752,862.4585723876953,538.4435892105103,84,1787821655.5977104
842.4636077880859,585.2306699752808,811.93603515625,572.1335077285767,787.7742004394531,543.0381917953491,793.6961364746094,518.518123626709,819.9254608154297,502.6387596130371,808.3712768554688,474.55122470855713,809.2119598388672,445.6851625442505,816.0106658935547,427.2616910934448,827.1182250976562,408.1659507751465,840.6275939941406,469.24070835113525,838.6360168457031,481.3671684265137,826.923828125,511.2798070907593,824.4869995117188,517.6462125778198,868.3489990234375,480.20236015319824,860.1914978027344,506.8500852584839,845.3556823730469,531.3104152679443,843.5043334960938,528.3023071289062,891.9116973876953,499.223256111145,880.4087066650391,526.810827255249,866.4447784423828,544.7487115859985,863.4546661376953,540.7952642440796,85,1787821655.6517456
841.5574645996094,587.8319406509399,811.2468719482422,574.6259021759033,787.3445892333984,545.6722927093506,794.5492553710938,521.348991394043,820.7373809814453,505.2738046646118,807.7043914794922,477.61791229248047,807.6735687255859,451.1982822418213,814.0718078613281,434.41988468170166,824.6587371826172,417.3854112625122,839.4309234619141,471.9498682022095,836.8972778320312,484.38029766082764,825.0430297851562,515.084981918335,822.4284362792969,521.2251806259155,866.9004821777344,482.40310192108154,858.892822265625,508.75887393951416,843.7315368652344,534.4092035293579,841.456298828125,531.5347337722778,890.7591247558594,501.2678289413452,879.6075439453125,529.1049957275391,865.9103393554688,547.3596811294556,862.9650115966797,542.9298734664917,86,1787821655.6956148
841.2031555175781,589.9024772644043,810.6390380859375,576.4328098297119,785.9098815917969,547.9064655303955,793.0313110351562,523.7516498565674,818.5589599609375,507.9658842086792,805.9449005126953,480.5496311187744,804.1861724853516,459.0242385864258,809.0231323242188,444.4167137145996,818.2270050048828,429.73657608032227,837.4932098388672,474.098424911499,833.2359313964844,484.2270040512085,821.5182495117188,513.9124059677124,818.9682006835938,521.3562440872192,864.8468780517578,484.14387702941895,855.8891296386719,509.88651752471924,841.4415740966797,535.7356309890747,839.3035888671875,534.4504451751709,888.8835906982422,503.07400703430176,877.5348663330078,531.3871908187866,863.3094024658203,549.7066354751587,858.9272308349609,546.3467502593994,87,1787821655.736064
842.2733306884766,582.8409290313721,813.4938812255859,571.8123722076416,787.3283386230469,543.0463457107544,793.6805725097656,517.6875400543213,817.6434326171875,502.9280948638916,806.5728759765625,475.07153034210205,804.6617889404297,448.0988931655884,805.2651977539062,429.20541286468506,807.8298187255859,409.3815279006958,838.6210632324219,468.77142906188965,833.5623168945312,480.0528860092163,822.7593231201172,510.83842277526855,819.881591796875,518.9798069000244,866.2615966796875,479.33916091918945,856.6140747070312,507.67993927001953,842.1697998046875,532.4850940704346,839.3315124511719,530.5876350402832,890.3254699707031,498.1546640396118,879.0733337402344,525.3056573867798,864.6622467041016,543.9831447601318,859.8410797119141,541.3800716400146,88,1787821655.767131
842.2808837890625,582.6145935058594,812.7125549316406,568.700966835022,788.1977081298828,540.3460693359375,793.7744903564453,515.793514251709,818.7148284912109,501.22907638549805,807.3738098144531,472.8354263305664,803.7955474853516,447.9680871963501,803.8907623291016,429.1119861602783,807.2279357910156,409.9049234390259,839.5399475097656,466.6723108291626,832.6166534423828,478.7101078033447,822.4512481689453,508.9093351364136,821.4402008056641,515.4792022705078,867.4639892578125,477.704815864563,856.42822265625,503.6371421813965,842.301025390625,528.9395999908447,841.3023376464844,527.5685405731201,891.1286926269531,497.7437925338745,878.0288696289062,524.8934125900269,864.1869354248047,542.4419260025024,861.5625762939453,539.5014095306396,89,1787821655.8251655
844.0180969238281,582.2401142120361,813.2762145996094,568.4937286376953,788.4129333496094,539.7699737548828,794.1677856445312,514.8867130279541,819.9755859375,500.3607702255249,807.8009033203125,473.05777072906494,804.2036437988281,449.12431240081787,803.8850402832031,430.87185859680176,807.2456359863281,411.58265590667725,840.0642395019531,466.2939691543579,834.1365814208984,478.3589744567871,823.4829711914062,508.30156803131104,822.1675872802734,514.1797256469727,867.8305053710938,477.06374645233154,857.4977874755859,503.70001316070557,842.5796508789062,528.7275552749634,841.1593627929688,526.6129016876221,891.2803649902344,496.88273906707764,878.5665130615234,525.0439596176147,864.4522857666016,542.3572969436646,861.5615844726562,538.7566137313843,90,1787821655.8702831
844.9551391601562,580.9554862976074,814.4932556152344,567.7567863464355,789.8400115966797,538.8472938537598,797.2539520263672,514.7888660430908,822.3723602294922,500.4022693634033,808.0938720703125,472.2462844848633,805.4270172119141,449.37201976776123,805.4796600341797,432.2973346710205,809.2346954345703,413.8483715057373,840.6329345703125,465.29640197753906,836.1454010009766,476.5120267868042,824.9992370605469,506.41101837158203,823.0207824707031,512.929515838623,868.4170532226562,475.9876012802124,859.8194885253906,503.99728775024414,844.5939636230469,528.6357164382935,842.2315216064453,525.8534717559814,891.7276000976562,495.51751613616943,880.3354644775391,525.2614116668701,866.6069030761719,542.5448799133301,863.1317138671875,537.9425096511841,91,1787821655.9175987
845.5558013916016,580.7354164123535,815.4105377197266,567.4574089050293,791.0603332519531,537.0177268981934,799.4637298583984,513.0100250244141,825.6973266601562,500.0856399536133,809.2191314697266,471.3982343673706,807.7987670898438,447.28508949279785,809.2144012451172,430.1018714904785,814.1325378417969,411.7056083679199,841.8650817871094,465.36240577697754,838.5570526123047,473.9032030105591,827.1115875244141,505.69549083709717,824.8755645751953,513.2906484603882,869.8623657226562,476.2761640548706,861.5571594238281,502.486367225647,845.9150695800781,528.4772729873657,843.3515167236328,526.0373210906982,893.4196472167969,495.79118728637695,882.3347473144531,523.5296058654785,867.5531768798828,541.740345954895,863.4135437011719,537.5870418548584,92,1787821655.9691525
846.9080352783203,578.9414691925049,817.0149230957031,566.5124988555908,793.4378051757812,535.8796977996826,802.4495697021484,511.6526126861572,828.5986328125,497.1744775772095,813.0808258056641,470.2016258239746,812.2174072265625,441.92028522491455,814.4134521484375,422.7629613876343,819.5839691162109,403.0573081970215,845.1644897460938,464.4910955429077,841.7941284179688,475.41008949279785,830.0616455078125,507.1292495727539,827.5432586669922,514.5559644699097,872.5968170166016,475.3036165237427,864.1239166259766,501.79006576538086,848.3517456054688,527.6096105575562,845.8119964599609,524.8849582672119,896.0353088378906,494.3558406829834,885.2675628662109,521.2414884567261,870.0131225585938,540.3440093994141,866.0231018066406,536.7524671554565,93,1787821656.018691
847.3529815673828,575.4577732086182,818.0860137939453,563.0884122848511,794.8643493652344,532.7579927444458,805.1954650878906,508.86178493499756,831.7269134521484,494.82057094573975,814.5665740966797,466.84410095214844,814.8873138427734,435.0934839248657,817.8749084472656,413.9224863052368,823.6177062988281,392.67462730407715,847.1209716796875,461.7726230621338,845.9565734863281,473.1540298461914,833.8896179199219,504.1399812698364,830.9545135498047,511.7547941207886,875.0002288818359,473.20295333862305,867.7265167236328,500.23674488067627,851.4109039306641,525.4135036468506,848.7679290771484,523.2408285140991,898.9093017578125,492.8254795074463,889.1066741943359,520.1004123687744,873.0287170410156,539.0026903152466,868.6331939697266,535.9370756149292,94,1787821656.0675356
851.1354064941406,573.2130002975464,821.5728759765625,560.7529592514038,797.3004913330078,530.2196359634399,807.7773284912109,505.3904914855957,836.1874389648438,492.27689266204834,815.9916687011719,464.1470003128052,815.9163665771484,428.8497304916382,818.2784271240234,405.8875322341919,823.3591461181641,383.0701732635498,849.4890594482422,458.9636421203613,847.6673889160156,464.75639820098877,836.6015625,496.730432510376,834.1862487792969,505.5767869949341,878.11767578125,469.73230361938477,870.1358032226562,494.3265724182129,854.2526245117188,520.3518533706665,851.6288757324219,518.703818321228,902.2895050048828,488.9763593673706,891.0595703125,515.7751893997192,874.6865081787109,534.9647426605225,869.8072814941406,531.892991065979,95,1787821656.1134894
850.7586669921875,576.8118381500244,821.0988616943359,562.2955513000488,796.1814880371094,531.5740442276001,805.6056213378906,506.9572448730469,834.8171234130859,494.2993211746216,816.2223052978516,465.56252002716064,814.8881530761719,434.69664573669434,817.0818328857422,414.96331214904785,822.7609252929688,394.7684669494629,848.8710784912109,459.7464179992676,847.3273468017578,465.34729957580566,836.4422607421875,494.35051918029785,833.6567687988281,501.17955207824707,877.1944427490234,469.6183204650879,870.0261688232422,494.9386739730835,855.2699279785156,520.0180149078369,853.0319976806641,517.1196842193604,901.6986083984375,487.96587467193604,891.5658569335938,515.8943223953247,876.6683959960938,534.30908203125,871.9486999511719,530.0415372848511,96,1787821656.1605146
852.685546875,575.8413934707642,822.3561859130859,561.9522714614868,797.5392150878906,530.9678220748901,808.582763671875,506.83751106262207,837.3435211181641,494.3389320373535,817.7161407470703,466.07171058654785,817.8998565673828,436.2349033355713,821.2381744384766,417.9539108276367,828.24462890625,398.633337020874,850.5295562744141,460.0548505783081,850.9761810302734,468.6228132247925,839.2243957519531,498.6738109588623,836.1106872558594,505.34388542175293,878.5492706298828,470.12364864349365,873.4991455078125,497.44741916656494,858.0766296386719,522.1737384796143,855.3242492675781,518.9503240585327,902.8508758544922,488.62621307373047,894.6036529541016,518.7775897979736,878.8887023925781,537.2086143493652,873.0648040771484,532.8751516342163,97,1787821656.2104483
853.2349395751953,574.6068048477173,823.8065338134766,561.1326313018799,799.7895050048828,529.1825866699219,811.4470672607422,503.96724700927734,840.7621002197266,490.77605724334717,819.7470092773438,464.02353286743164,821.0173034667969,432.14537143707275,826.5766906738281,412.62107849121094,834.4326782226562,392.25671768188477,852.4038696289062,459.5532560348511,852.1323394775391,466.6939401626587,839.4410705566406,498.1310176849365,835.0343322753906,505.04472255706787,880.2497863769531,470.27153491973877,875.3815460205078,495.1513195037842,858.5891723632812,521.6162252426147,854.1893005371094,518.8175439834595,904.4246673583984,489.12437438964844,896.9838714599609,516.1111736297607,880.0751495361328,535.9945392608643,873.3386993408203,532.3949289321899,98,1787821656.236299
854.3775939941406,572.5868654251099,825.3021240234375,559.3532752990723,802.0066833496094,527.3374843597412,814.3563079833984,502.1878910064697,842.8121948242188,488.85096073150635,821.0946655273438,461.1870002746582,823.6442565917969,425.60344219207764,829.5149993896484,403.6438751220703,837.1727752685547,382.18839168548584,853.64013671875,457.3751735687256,854.8173522949219,464.47869300842285,842.8784942626953,496.0533142089844,838.6183929443359,503.1662321090698,881.8161010742188,468.34755420684814,877.3287963867188,493.01095962524414,860.7480621337891,519.3488359451294,856.3087463378906,516.5389537811279,906.3591003417969,487.2724914550781,898.6898803710938,514.1178846359253,881.6664886474609,533.9840841293335,874.9286651611328,530.2748680114746,99,1787821656.290337
856.4311218261719,573.3492136001587,826.7833709716797,560.3683948516846,802.5483703613281,527.3195028305054,814.8054504394531,500.09795665740967,844.156494140625,485.9112596511841,822.7458953857422,459.72431659698486,825.2525329589844,421.4461040496826,830.5495452880859,398.0630350112915,837.7843475341797,374.94921684265137,855.2147674560547,455.57212829589844,856.8337249755859,464.938702583313,844.7638702392578,495.6305122375488,840.4216766357422,500.9785795211792,883.4083557128906,466.6141176223755,879.6734619140625,492.67240047454834,862.8772735595703,518.9248323440552,858.4370422363281,515.4992008209229,908.0622100830078,485.62299728393555,901.2416076660156,514.030294418335,884.0416717529297,534.3234157562256,877.19970703125,530.3774356842041,100,1787821656.3178194
858.2125091552734,573.8756990432739,828.6063385009766,559.5560932159424,804.1937255859375,525.2486228942871,816.8222808837891,498.2574462890625,846.6319274902344,485.4148578643799,825.3614044189453,458.3381938934326,827.2500610351562,419.6463632583618,831.7581939697266,396.8451404571533,838.6643218994141,373.56549739837646,857.7202606201172,454.91410732269287,859.1686248779297,462.9150724411011,846.3066101074219,493.64941120147705,841.8917846679688,498.6592626571655,885.4843902587891,466.1780548095703,880.6462097167969,492.82586574554443,863.2798004150391,518.9711809158325,858.9933776855469,514.730372428894,909.5757293701172,484.8058891296387,901.4832305908203,512.4793338775635,884.5578765869141,533.1682634353638,878.3997344970703,529.3986654281616,101,1787821656.3620162
860.1511383056641,575.0985717773438,829.5841979980469,560.6522798538208,804.6272277832031,525.7087182998657,817.7918243408203,497.979097366333,848.1013488769531,485.5199146270752,825.7662200927734,459.6008491516113,828.1558227539062,421.08685970306396,832.7877807617188,398.8460683822632,840.340576171875,375.8300542831421,858.1520080566406,456.3847303390503,859.4447326660156,463.1904172897339,846.8121337890625,493.65872383117676,843.1503295898438,496.93758487701416,885.9842681884766,467.3131227493286,880.3957366943359,492.8664207458496,863.6595153808594,519.1155481338501,860.4312896728516,513.7034940719604,910.0659942626953,485.26808738708496,900.3295135498047,511.9062852859497,884.8660278320312,532.4739789962769,880.8890533447266,527.7033376693726,102,1787821656.4040825
860.2980041503906,577.5057792663574,830.2896881103516,561.8814611434937,805.5960845947266,526.5448808670044,818.1191253662109,499.6576452255249,848.9241790771484,488.5836410522461,827.3001861572266,461.45530700683594,829.0229034423828,423.65753173828125,833.1178283691406,402.48923778533936,840.3519439697266,379.8468017578125,859.2655181884766,458.7526273727417,858.9511871337891,461.4084005355835,846.2643432617188,493.44526290893555,842.9865264892578,498.2055187225342,886.9036102294922,469.6723508834839,880.6153869628906,493.4778356552124,863.6735534667969,520.7068920135498,860.4795074462891,515.6337404251099,910.7727813720703,487.77060985565186,901.1156463623047,513.4644556045532,885.3533935546875,534.2937183380127,881.0031890869141,529.7383403778076,103,1787821656.4495506
861.9454193115234,579.3959856033325,831.915283203125,564.5593357086182,807.0006561279297,530.2188205718994,818.7741851806641,503.2641649246216,848.4012603759766,491.16783142089844,826.7758941650391,464.62477684020996,828.8292694091797,426.80262565612793,833.5899353027344,405.64252853393555,841.6921997070312,383.6743354797363,858.5786437988281,461.48414611816406,859.5696258544922,463.70986461639404,847.3905181884766,494.9927043914795,843.8231658935547,500.169153213501,886.3616943359375,471.58225536346436,881.2541198730469,495.4144334793091,864.9877166748047,522.1564435958862,861.507568359375,517.2528505325317,910.2565765380859,488.9802646636963,901.4412689208984,515.6351566314697,886.37451171875,536.0843181610107,881.8862152099609,531.220121383667,104,1787821656.48997
861.5453338623047,581.3246011734009,831.7203521728516,565.7238435745239,807.6809692382812,531.1580657958984,820.4409027099609,505.20973205566406,849.7422790527344,493.2223606109619,828.3014678955078,466.18144512176514,829.3283843994141,429.7980308532715,833.3795928955078,409.4583034515381,840.7975769042969,387.91050910949707,859.6762847900391,463.256893157959,860.7937622070312,465.25481700897217,848.485107421875,496.44912242889404,844.6351623535156,502.5417709350586,886.8977355957031,473.71875286102295,882.4228668212891,497.3361825942993,865.8583831787109,523.7262439727783,861.7422485351562,519.1521120071411,910.3559112548828,491.3495349884033,903.0176544189453,517.747278213501,887.1578979492188,538.4403276443481,881.1490631103516,534.3905353546143,105,1787821656.5351448
863.1418609619141,597.5078916549683,832.97119140625,579.3048334121704,810.4583740234375,546.215386390686,822.4052429199219,520.3380346298218,850.0093078613281,507.3608207702637,828.5899353027344,483.17695140838623,829.6963500976562,453.0299949645996,831.9454956054688,438.6147737503052,836.4598846435547,423.75336170196533,858.3558654785156,478.65556240081787,858.6509704589844,476.12205505371094,849.6237182617188,505.87496280670166,845.1853179931641,516.2583303451538,885.3505706787109,486.67442321777344,882.8590393066406,510.823016166687,868.83544921875,537.1466445922852,863.0243682861328,536.2878656387329,909.4338989257812,502.9752588272095,904.8550415039062,531.5640878677368,889.0743255615234,552.1009683609009,879.6181488037109,549.7680473327637,106,1787821656.5800278
865.6418609619141,599.7613763809204,835.6733703613281,583.1432676315308,810.8908081054688,552.0495557785034,820.7760620117188,527.4135732650757,849.5680999755859,514.5018482208252,828.4814453125,488.7269353866577,829.2057037353516,463.53768825531006,831.6587066650391,449.94850158691406,836.0794067382812,434.9471855163574,859.0514373779297,481.6974449157715,858.5829162597656,480.1646375656128,849.8538970947266,509.14112091064453,845.9442901611328,519.2241668701172,886.1191558837891,489.16741847991943,883.6785888671875,515.403242111206,870.5171203613281,541.6973447799683,865.1148986816406,540.5561828613281,910.2951049804688,505.96195220947266,905.6018829345703,538.3842372894287,890.6697082519531,558.0960273742676,881.30126953125,554.8406839370728,107,1787821656.6279724
863.7004089355469,597.8250789642334,833.8452911376953,583.4513568878174,810.0938415527344,554.1484594345093,821.0713958740234,531.8129539489746,850.2236938476562,520.9070062637329,827.0818328857422,490.1139163970947,828.3094787597656,466.62682056427,830.7917022705078,454.9193000793457,835.3122711181641,444.54859256744385,858.4066009521484,483.44062328338623,859.5549011230469,482.2514820098877,851.5993499755859,511.3439655303955,848.358154296875,522.2735166549683,885.9941864013672,491.84035778045654,884.0353393554688,517.7556037902832,870.4452514648438,543.6953115463257,864.9240112304688,542.9666090011597,910.6025695800781,509.1727924346924,906.3226318359375,541.5755081176758,891.2118530273438,560.8176755905151,882.1281433105469,557.445559501648,108,1787821656.6705706
861.2364196777344,596.4941883087158,832.8807067871094,583.4293842315674,809.0377044677734,555.3958797454834,820.0020599365234,532.3828268051147,850.0432586669922,523.0313587188721,826.6890716552734,492.22161769866943,828.0439758300781,468.39308738708496,831.2693786621094,456.93288803100586,835.6687927246094,450.692138671875,858.4617614746094,485.0559997558594,859.8000335693359,485.38129806518555,852.0758819580078,513.0510520935059,848.1061553955078,524.2764186859131,886.3275146484375,493.9427375793457,883.9658355712891,520.7520818710327,870.1494598388672,545.2418947219849,863.9988708496094,544.6197938919067,910.8913421630859,511.91667079925537,906.2764739990234,544.95032787323,890.8313751220703,562.897481918335,881.2294769287109,559.4373893737793,109,1787821656.7225924
861.1627960205078,596.8439054489136,831.7084503173828,584.8503541946411,807.7092742919922,557.2204685211182,818.4568786621094,533.3845138549805,848.3668518066406,523.7025117874146,825.2202606201172,494.13984775543213,825.8172607421875,472.899112701416,829.0299987792969,460.97474098205566,833.8160705566406,453.4137439727783,857.7455139160156,486.6110372543335,859.3577575683594,487.95591831207275,849.8001861572266,518.0909872055054,844.9207305908203,529.3628740310669,885.8560180664062,495.3987693786621,883.2578277587891,521.7706775665283,868.4455108642578,547.511043548584,862.5753784179688,546.3794946670532,910.4638671875,513.3931303024292,905.07568359375,544.8536825180054,889.2594146728516,563.4726762771606,880.3984069824219,559.5271682739258,110,1787821656.7697413
859.4826507568359,595.9228134155273,831.1283874511719,585.1458263397217,806.7145538330078,558.5498142242432,815.6494140625,534.5049047470093,845.5474853515625,523.6806678771973,823.2463836669922,496.6427993774414,823.5894012451172,475.682430267334,825.5144500732422,462.01698303222656,828.6014556884766,450.0230026245117,855.3260040283203,488.20658683776855,856.7963409423828,484.0877866744995,848.6299896240234,512.6081228256226,844.1065216064453,523.1044435501099,883.4654998779297,495.7714033126831,880.8406066894531,521.4344787597656,866.6441345214844,547.2090911865234,860.5171966552734,545.6574010848999,908.1698608398438,512.9815292358398,903.2136535644531,544.9854755401611,888.4513092041016,563.4702301025391,879.5069885253906,558.9664793014526,111,1787821656.803652
857.0079040527344,594.5331716537476,828.9080047607422,584.0841007232666,804.9596405029297,556.6324424743652,814.3447875976562,533.4823179244995,844.3907165527344,523.7408781051636,821.8872833251953,494.65723514556885,821.6060638427734,474.7052478790283,822.2499084472656,461.0113048553467,825.0701904296875,446.6703271865845,854.1979217529297,486.02275371551514,856.2305450439453,486.97397232055664,847.3448944091797,515.7437324523926,843.1853485107422,525.3608465194702,882.3533630371094,494.0876626968384,880.3085327148438,521.660213470459,865.2142333984375,546.4911603927612,859.3018341064453,544.5680809020996,906.8598175048828,511.6037321090698,902.3078155517578,544.1274261474609,886.7195129394531,562.4462270736694,877.6680755615234,558.3225774765015,112,1787821656.855569
855.8161163330078,592.7904224395752,828.8315582275391,582.1557426452637,804.6185302734375,552.6693820953369,815.3827667236328,529.8725366592407,844.7392272949219,521.327018737793,822.525634765625,490.5255174636841,822.6110076904297,467.84153938293457,823.3505249023438,452.1261978149414,825.7261657714844,435.3778409957886,854.9240112304688,482.9076147079468,855.9285736083984,487.0789861679077,845.9099578857422,516.5180110931396,841.4148712158203,525.1593160629272,882.8942108154297,491.65728092193604,880.2840423583984,519.6478700637817,863.9250183105469,544.91286277771,857.5064086914062,542.979097366333,907.1333312988281,509.51667308807373,902.1324157714844,540.5552816390991,885.6737518310547,559.5077276229858,876.5613555908203,555.7245254516602,113,1787821656.8948557
857.9869079589844,591.2701463699341,830.0517272949219,579.110598564148,807.3590850830078,550.5014276504517,818.3934020996094,528.1873798370361,846.8977355957031,517.2438383102417,824.4844055175781,487.02980518341064,825.6302642822266,459.92842197418213,826.9953918457031,441.7789649963379,830.2989196777344,422.18841075897217,857.1835327148438,480.2327013015747,859.1793823242188,485.1480960845947,847.2882080078125,516.4722633361816,842.2128295898438,524.8205852508545,885.4367828369141,489.47628021240234,883.1217956542969,517.7441024780273,865.7410430908203,543.3446502685547,859.617919921875,540.3893709182739,909.9225616455078,507.6294708251953,904.5734405517578,538.1835651397705,887.8347778320312,557.7840757369995,879.8905181884766,553.7683153152466,114,1787821656.9411936
862.4323272705078,582.450442314148,834.3380737304688,570.0821113586426,812.6265716552734,536.6987371444702,828.3016967773438,512.3697280883789,857.3648071289062,499.06378269195557,834.9922943115234,472.99086570739746,836.1203002929688,441.46963119506836,839.6477508544922,421.0498237609863,846.3052368164062,400.0020360946655,867.8649139404297,467.4276638031006,870.0189208984375,482.8080940246582,854.0480041503906,514.3415594100952,848.7112426757812,519.8624467849731,894.6589660644531,479.0320587158203,892.0587158203125,510.37588119506836,872.0244598388672,535.596284866333,866.6493988037109,531.7624855041504,917.7729034423828,498.48854541778564,911.5515899658203,527.473611831665,892.6129150390625,547.1878910064697,884.3688201904297,543.4994459152222,115,1787821656.9838045
865.2240753173828,584.9964380264282,835.6008911132812,570.6695365905762,812.3789215087891,538.6587238311768,826.5164184570312,513.6325550079346,856.5623474121094,502.13544845581055,832.8038024902344,475.3875160217285,834.9404144287109,441.57219886779785,839.4718933105469,420.93313694000244,845.7689666748047,399.4393301010132,865.17333984375,470.34324645996094,868.8425445556641,481.7077445983887,857.2182464599609,510.93167781829834,851.9808959960938,515.2713203430176,892.9251098632812,480.7501745223999,892.2964477539062,509.0102291107178,874.8636627197266,533.6175441741943,868.6116790771484,529.1954612731934,917.005615234375,499.2235565185547,912.6217651367188,529.3006896972656,894.4798278808594,548.4098625183105,885.0672149658203,543.8657712936401,116,1787821657.0339046
864.0254974365234,586.0700941085815,835.4862213134766,571.466646194458,812.1066284179688,538.735671043396,826.2651062011719,513.5270261764526,856.2983703613281,502.7767753601074,831.9689178466797,475.8269691467285,833.616943359375,440.4423236846924,837.139892578125,419.081768989563,842.5658416748047,397.4325656890869,864.1533660888672,471.64680004119873,866.9398498535156,477.3078489303589,854.6752166748047,507.1921634674072,849.5770263671875,513.61732006073,891.8645477294922,482.0426559448242,889.6132659912109,507.2932720184326,872.535400390625,532.7829265594482,867.2183227539062,529.6453857421875,915.8367919921875,500.3255367279053,910.1696014404297,528.288745880127,892.5615692138672,547.7493524551392,884.3703460693359,544.0543842315674,117,1787821657.08168
865.6240081787109,587.3551511764526,836.3478851318359,572.4740409851074,812.4469757080078,539.0370655059814,826.2842559814453,513.5167264938354,856.1683654785156,503.10125827789307,832.5559234619141,476.52048110961914,833.6678314208984,440.8233690261841,836.2355804443359,419.561562538147,840.6720733642578,397.46363639831543,864.2587280273438,472.3541307449341,866.7245483398438,477.7442979812622,854.9604034423828,507.09028244018555,849.7358703613281,512.9089164733887,891.7958068847656,482.4143886566162,889.5751190185547,507.6367235183716,873.1523132324219,533.3647298812866,868.0218505859375,530.0583171844482,915.8293151855469,500.16619205474854,910.4706573486328,528.7491846084595,893.3106994628906,548.5586929321289,885.3596496582031,544.72412109375,118,1787821657.144487
866.5015411376953,587.8809070587158,837.2338104248047,572.4333572387695,813.248291015625,538.5537099838257,826.9562530517578,513.714394569397,856.6706848144531,503.7061071395874,833.9565277099609,476.14171028137207,833.6933135986328,440.51648139953613,836.0671997070312,419.07846450805664,840.9097290039062,397.57341384887695,865.6813049316406,471.86656951904297,867.6524353027344,477.95634269714355,855.7937622070312,506.57817363739014,850.9482574462891,512.733907699585,893.0360412597656,482.2624683380127,889.6295166015625,508.72050762176514,873.1787872314453,533.3661460876465,868.2691955566406,530.2958106994629,916.61376953125,500.3990936279297,910.3313446044922,528.9874076843262,893.3657073974609,548.1747722625732,885.4827117919922,544.8888301849365,119,1787821657.1931925
867.9722595214844,587.9639911651611,838.663330078125,572.7317047119141,814.0150451660156,537.4930143356323,828.4889221191406,511.60386085510254,859.4387054443359,501.7304563522339,835.7891082763672,476.13866329193115,836.3008880615234,439.02684688568115,839.7576141357422,417.79855728149414,845.1094818115234,395.86950302124023,867.3896789550781,472.2911739349365,869.82421875,477.05121517181396,857.9231262207031,504.95043754577637,852.2647094726562,510.1009225845337,894.7298431396484,482.36645221710205,891.9184875488281,509.58083152770996,875.2430725097656,534.2337226867676,869.5796203613281,530.5219745635986,918.6857604980469,500.0305366516113,913.6560821533203,529.2129707336426,895.9403991699219,548.8540363311768,886.7874908447266,545.34583568573,120,1787821657.2353966
879.5907592773438,583.0202293395996,851.5179443359375,567.7400493621826,831.2192535400391,530.6563425064087,851.9176483154297,505.5997896194458,883.8088989257812,495.7142400741577,855.7344818115234,465.98819732666016,863.6526489257812,429.8436498641968,873.0646514892578,408.8788175582886,884.0386199951172,387.98157691955566,887.6180267333984,464.96985912323,891.8928527832031,477.5116968154907,876.1759185791016,508.20294857025146,869.5011901855469,510.60612201690674,914.0066528320312,478.12349796295166,913.2953643798828,506.0949468612671,893.3465576171875,530.5484104156494,885.1980590820312,524.3667554855347,936.5908813476562,498.3449077606201,932.0277404785156,524.5727491378784,912.6329040527344,544.1588830947876,902.6506805419922,539.282112121582,121,1787821657.2804487
881.8873596191406,583.9505052566528,853.9228820800781,566.0680246353149,835.5278015136719,527.765736579895,855.797119140625,501.8912172317505,887.6354217529297,490.4437208175659,860.7769775390625,464.7973394393921,868.0594635009766,427.2237968444824,877.9177093505859,406.37032985687256,889.7873687744141,385.1698064804077,892.9141998291016,464.7996997833252,897.7443695068359,476.50949478149414,882.1579742431641,506.23661041259766,875.2670288085938,509.92857456207275,919.4129943847656,478.32828998565674,919.0029144287109,505.4070997238159,898.271484375,529.7474384307861,890.0297546386719,524.8950862884521,941.9342803955078,498.5592269897461,936.2659454345703,525.4037189483643,915.1905059814453,544.7870349884033,903.9095306396484,540.5549383163452,122,1787821657.340157
883.2792663574219,585.4261064529419,854.5057678222656,567.6427173614502,835.2351379394531,529.4575023651123,855.8212280273438,502.82187938690186,887.4852752685547,491.33116722106934,859.5729827880859,466.0825252532959,867.3537445068359,427.05488204956055,877.7250671386719,405.35958766937256,890.1692962646484,384.5924234390259,892.0838165283203,465.7186031341553,897.9106903076172,478.5939359664917,882.0211029052734,507.1095943450928,875.4443359375,509.48654651641846,918.8788604736328,478.77872943878174,919.5716094970703,506.61014556884766,899.0345001220703,529.9911117553711,891.8211364746094,523.6504554748535,941.4282989501953,498.4944677352905,937.6280212402344,525.2091407775879,916.6277313232422,543.9983367919922,905.4949188232422,538.8169097900391,123,1787821657.414734
882.4050140380859,586.9666814804077,853.7412261962891,568.2520294189453,834.5529937744141,530.4179048538208,854.3681335449219,504.8755931854248,885.7344818115234,494.30365562438965,858.1972503662109,468.10023307800293,864.6658325195312,429.013409614563,872.8624725341797,407.31515407562256,883.1456756591797,385.74225425720215,890.7484436035156,467.64498710632324,895.9523010253906,478.5334253311157,880.9029388427734,505.8508014678955,873.73779296875,509.88789081573486,917.6359558105469,480.5531072616577,916.8342590332031,506.7642116546631,897.1270751953125,530.7934999465942,889.3840026855469,527.3727607727051,940.155029296875,500.1999235153198,935.1126861572266,526.5295600891113,913.9618682861328,545.5807113647461,902.0781707763672,542.237606048584,124,1787821657.4634073
881.2652587890625,590.0483465194702,851.3964080810547,571.7781257629395,830.7687377929688,535.2294874191284,849.6242523193359,510.4417133331299,880.6017303466797,499.7800397872925,853.7551879882812,470.60760498046875,858.6185455322266,432.73125171661377,865.4831695556641,411.1058235168457,874.4249725341797,389.2360782623291,886.5534210205078,468.5584831237793,891.6607666015625,481.26859188079834,876.7979431152344,509.34325218200684,869.3887329101562,512.3552227020264,913.9639282226562,480.7865238189697,913.4834289550781,509.79133129119873,893.56201171875,535.3743696212769,885.5107116699219,531.7076396942139,937.0767211914062,500.347638130188,932.0400238037109,528.9216613769531,911.3009643554688,549.6411466598511,899.8460388183594,546.4243412017822,125,1787821657.4900053
880.2543640136719,594.0562963485718,848.6030578613281,575.9430599212646,826.3925933837891,539.5088768005371,844.4249725341797,514.7090864181519,875.7650756835938,504.97361183166504,848.1845855712891,474.9016284942627,851.8983459472656,436.85726165771484,857.6934051513672,415.06399154663086,865.6121063232422,392.8056049346924,880.9772491455078,472.755389213562,886.0150909423828,480.82386016845703,872.0697021484375,509.385781288147,865.3075408935547,513.4722232818604,908.7716674804688,484.5422172546387,908.0955505371094,510.80031394958496,888.6518096923828,536.7987298965454,881.0193634033203,533.43918800354,932.1845245361328,503.8263988494873,926.9680786132812,531.1840295791626,907.0709228515625,551.6189861297607,896.3534545898438,548.2642936706543,126,1787821657.5355093
878.5664367675781,595.9768009185791,847.9111480712891,578.6644077301025,824.8905181884766,542.4342441558838,841.6792297363281,517.0632076263428,872.5742340087891,506.89926624298096,845.2390289306641,479.240927696228,848.5457611083984,440.75753688812256,852.6836395263672,419.60391998291016,859.1401672363281,397.67194747924805,877.2432708740234,476.79883003234863,881.9568634033203,479.1338539123535,869.312744140625,507.2774362564087,863.0889129638672,512.9037237167358,904.9539184570312,487.6652526855469,903.6432647705078,512.8339004516602,886.1389923095703,538.8200855255127,879.6427917480469,535.3448867797852,928.8125610351562,505.93491554260254,923.0885314941406,534.8215341567993,904.2307281494141,555.6688642501831,894.0012359619141,552.1649980545044,127,1787821657.5755062
886.5006256103516,596.8967342376709,857.4000549316406,578.6166429519653,836.0781860351562,542.4143314361572,854.0497589111328,518.9006280899048,886.6770935058594,509.605507850647,859.3893432617188,476.44336223602295,864.5436096191406,440.11526584625244,871.8566131591797,419.198842048645,880.078125,398.6340665817261,891.6297912597656,474.42925930023193,895.1398468017578,484.3228769302368,882.056884765625,513.4817504882812,874.7624969482422,519.9574184417725,918.7738037109375,486.4349555969238,918.5358428955078,514.0769004821777,900.1422882080078,536.9855403900146,890.3837585449219,532.9931688308716,941.6386413574219,506.35986328125,937.7201080322266,535.9063053131104,918.3908843994141,554.0521144866943,905.5033874511719,550.0896549224854,128,1787821657.6220453
891.0621643066406,596.5970993041992,861.7879486083984,577.1258926391602,841.9362640380859,539.6886491775513,860.5117797851562,515.5910396575928,893.2875823974609,506.59722805023193,865.9640502929688,476.2925148010254,871.4835357666016,439.1066265106201,879.7290802001953,417.988543510437,889.6428680419922,396.3192129135132,898.2621765136719,474.9466896057129,902.5091552734375,487.84674167633057,887.9265594482422,516.7666625976562,880.2861022949219,522.1557140350342,925.4990386962891,487.7605676651001,925.6371307373047,515.1765632629395,906.4029693603516,539.197268486023,897.625732421875,536.2092018127441,948.7830352783203,507.67534732818604,944.9973297119141,535.189061164856,924.4477844238281,554.3460416793823,911.9485473632812,551.4217042922974,129,1787821657.6632223
893.0165863037109,596.0731887817383,864.2564392089844,576.6667413711548,844.2777252197266,537.8580093383789,863.9140319824219,513.1452512741089,897.6091003417969,505.21440982818604,869.0314483642578,475.62912940979004,874.2373657226562,437.1008491516113,883.0020904541016,415.72617530822754,894.0924835205078,394.4247579574585,901.7292785644531,474.73400115966797,905.01953125,487.3853588104248,890.7364654541016,515.6399202346802,884.4552612304688,519.9159622192383,928.9385986328125,487.7130603790283,927.2431945800781,517.1862030029297,907.5490570068359,539.9698305130005,899.6958160400391,535.4922151565552,952.0735168457031,507.8270959854126,946.5213775634766,535.1378631591797,924.5857238769531,554.0618991851807,911.5766143798828,550.9500217437744,130,1787821657.7088478
893.1498718261719,595.4315614700317,865.2188110351562,575.8935356140137,846.4204406738281,537.2569799423218,866.8794250488281,512.4737548828125,899.3062591552734,503.3808946609497,870.9742736816406,473.9092540740967,877.0638275146484,435.3775405883789,885.9892272949219,414.0075445175171,896.8302917480469,393.55881214141846,903.4243011474609,473.8482713699341,908.9032745361328,488.43335151672363,893.2780456542969,516.9243335723877,885.5467224121094,520.8142232894897,930.3350830078125,487.31828212738037,930.849609375,517.2420358657837,909.9429321289062,540.8798933029175,901.1288452148438,536.3184642791748,953.1040954589844,507.5791311264038,949.7372436523438,534.8728179931641,927.1045684814453,554.8307704925537,913.5590362548828,551.7259740829468,131,1787821657.7547038
892.8502655029297,594.5147609710693,865.4765319824219,574.427547454834,847.1946716308594,535.6031942367554,867.9438781738281,511.47923469543457,899.8188018798828,502.6699161529541,871.3109588623047,472.4758815765381,878.4331512451172,433.59221935272217,887.8176879882812,412.1782350540161,899.0380096435547,391.38755321502686,903.9523315429688,472.76015281677246,909.3715667724609,486.11459255218506,893.974609375,513.8443422317505,886.4907836914062,517.8090333938599,931.1185455322266,486.4614772796631,931.6539001464844,515.8577585220337,910.9677124023438,539.1993713378906,902.7012634277344,534.7341156005859,954.1093444824219,506.8693542480469,950.7167053222656,533.614239692688,928.2316589355469,553.5157585144043,915.2552032470703,550.5950260162354,132,1787821657.79475
894.1954040527344,594.7734975814819,866.3723754882812,574.3936443328857,848.3558654785156,534.9847841262817,869.4870758056641,510.40974140167236,900.6889343261719,500.3963041305542,872.3810577392578,471.96081161499023,879.3415832519531,433.14916133880615,888.3427429199219,411.14633560180664,899.0097045898438,389.7844934463501,904.8801422119141,472.08728313446045,910.0619506835938,483.99264335632324,895.0143432617188,511.8022155761719,887.254638671875,516.5834999084473,931.9261169433594,485.4845094680786,931.8246459960938,513.7669229507446,911.54296875,537.8325176239014,902.9757690429688,534.5495367050171,954.7737121582031,505.7914066314697,950.2449035644531,532.781982421875,927.6155090332031,553.0947589874268,914.0802001953125,550.6589269638062,133,1787821657.8656228
895.4126739501953,594.0801572799683,867.4374389648438,573.2254028320312,849.3429565429688,534.6675539016724,870.1761627197266,510.0324296951294,901.4549255371094,500.5440616607666,872.9213714599609,471.55311584472656,879.8699188232422,432.04336166381836,888.5478973388672,409.8329973220825,898.7301635742188,388.4395694732666,905.1010131835938,471.4912748336792,911.2570953369141,482.6404666900635,897.0327758789062,510.1955509185791,888.7274169921875,516.5008878707886,932.1481323242188,484.36617851257324,932.6565551757812,513.6588621139526,912.9705810546875,538.3373737335205,903.8202667236328,536.8537902832031,954.8592376708984,504.16993618011475,950.9050750732422,532.0765399932861,929.2137908935547,552.7034568786621,915.7911682128906,551.327075958252,134,1787821657.8906806
896.5431213378906,594.853105545044,868.1883239746094,574.2971706390381,850.1364135742188,535.0261974334717,871.1013793945312,510.08238315582275,902.3310089111328,500.54826736450195,872.882080078125,472.6109790802002,879.2945861816406,433.2478666305542,887.2884368896484,411.41695976257324,896.9853973388672,389.67840671539307,904.9066925048828,472.41193771362305,911.1287689208984,484.0030288696289,896.6278076171875,511.4660596847534,888.5091400146484,515.5894947052002,931.8425750732422,484.87807273864746,933.8834381103516,512.5663232803345,913.8837432861328,537.3328542709351,904.6482086181641,534.4230651855469,954.5702362060547,504.29481983184814,952.0213317871094,532.6486015319824,929.83154296875,553.7240266799927,916.0184478759766,551.5286064147949,135,1787821657.9398797
896.0771179199219,596.0591125488281,868.1451416015625,575.3319454193115,850.2071380615234,535.0770950317383,871.3034057617188,510.09796142578125,902.880859375,501.40408515930176,873.3872985839844,472.9913377761841,878.409423828125,435.17566680908203,885.1795196533203,415.59142112731934,894.3878936767578,396.3883066177368,905.5778503417969,473.119912147522,910.3766632080078,480.5667543411255,896.0359191894531,508.57995986938477,889.4648742675781,513.7012624740601,932.4949645996094,485.8910036087036,932.6078033447266,512.3078870773315,912.3925018310547,536.7154312133789,904.33837890625,532.966775894165,955.2814483642578,505.69210052490234,950.5782318115234,533.7489938735962,928.3096313476562,554.3047142028809,915.4705810546875,551.3426542282104,136,1787821657.9785697
898.4916687011719,596.8935585021973,870.4241180419922,573.47984790802,854.4587707519531,533.482232093811,877.4301910400391,509.1006088256836,909.749755859375,499.96813774108887,878.1930541992188,474.66838359832764,887.7639007568359,437.4346446990967,900.0442504882812,416.7081642150879,913.807373046875,396.22724533081055,909.0876007080078,476.6682815551758,913.9540100097656,482.9265832901001,899.8831939697266,511.0853576660156,892.6542663574219,516.9458341598511,935.4010772705078,489.6459674835205,936.7873382568359,510.93305110931396,917.186279296875,535.5467176437378,907.5510406494141,534.6684551239014,957.5807189941406,508.84217262268066,954.6022796630859,529.85511302948,933.4635162353516,549.0737199783325,920.0934600830078,547.8517484664917,137,1787821658.0337272
897.0856475830078,594.0173721313477,869.6518707275391,573.8596487045288,852.7151489257812,533.8734912872314,873.956298828125,508.2075834274292,905.11962890625,498.9569664001465,876.8116760253906,471.526894569397,886.2246704101562,432.49156951904297,897.6981353759766,410.7879066467285,910.3353881835938,390.1747226715088,908.2979583740234,473.2079315185547,913.8375091552734,485.56725025177,899.1860198974609,511.70578479766846,891.0372924804688,515.8847522735596,934.7966003417969,486.8527364730835,934.7541046142578,512.2311544418335,914.7503662109375,537.1497774124146,905.4742431640625,536.3871717453003,956.9963073730469,506.6621160507202,952.462158203125,529.634485244751,930.8511352539062,550.0694417953491,917.8019714355469,549.6205902099609,138,1787821658.0767436
