P0_x,P0_y,P1_x,P1_y,P2_x,P2_y,P3_x,P3_y,P4_x,P4_y,P5_x,P5_y,P6_x,P6_y,P7_x,P7_y,P8_x,P8_y,P9_x,P9_y,P10_x,P10_y,P11_x,P11_y,P12_x,P12_y,P13_x,P13_y,P14_x,P14_y,P15_x,P15_y,P16_x,P16_y,P17_x,P17_y,P18_x,P18_y,P19_x,P19_y,P20_x,P20_y,frame_number,timestamp
873.1699371337891,501.7538022994995,814.2563629150391,469.2607069015503,767.3445129394531,421.5145969390869,742.2822570800781,380.29977321624756,740.4916381835938,343.28895807266235,814.8030853271484,326.535279750824,782.6221466064453,266.3042163848877,757.9360961914062,229.73806858062744,735.6204986572266,197.6712942123413,857.7742004394531,324.1445302963257,784.3764495849609,334.66400384902954,777.4753570556641,393.76596450805664,788.6307525634766,431.229772567749,888.1307983398438,341.6709852218628,809.5433044433594,370.0956201553345,809.5088958740234,423.36313247680664,823.426513671875,455.73949813842773,907.8220367431641,371.07237339019775,840.1779937744141,394.7647762298584,828.2766723632812,436.0888195037842,832.5675201416016,462.7193355560303,1,1787821632.27058
872.093505859375,502.5717258453369,813.5879516601562,470.21904945373535,766.4461517333984,422.75643825531006,742.0951843261719,380.96667766571045,739.1563415527344,342.48337268829346,812.3719024658203,326.8187999725342,780.5491638183594,266.6223907470703,756.248779296875,229.7437334060669,734.3480682373047,197.67412662506104,855.4064178466797,323.7841272354126,782.3133850097656,335.9825134277344,776.7993927001953,394.9955749511719,788.4261322021484,432.67348766326904,885.8558654785156,340.88574171066284,807.1766662597656,369.4059705734253,807.4092102050781,422.81381607055664,820.5660247802734,456.2163305282593,905.5928039550781,370.3881311416626,837.2393035888672,395.59420108795166,826.3961029052734,436.61693572998047,830.9888458251953,463.38915824890137,2,1787821632.3298354
871.2096405029297,504.68517780303955,812.9285430908203,476.0006904602051,762.2935485839844,427.64029026031494,736.7769622802734,384.24712657928467,738.1829833984375,346.75334215164185,809.3795776367188,327.79656171798706,775.0058746337891,267.5261664390564,749.1525268554688,230.50082445144653,725.8240509033203,198.22500944137573,851.5641784667969,325.2578401565552,776.5618133544922,337.541606426239,772.3857116699219,398.3215141296387,785.1691436767578,437.71677017211914,881.6872406005859,343.0279040336609,801.9874572753906,369.94404315948486,802.2483062744141,425.79136848449707,814.9967193603516,460.9521675109863,901.0694885253906,373.3370590209961,833.8895416259766,395.8570146560669,823.2295989990234,438.0044746398926,827.5166320800781,465.97249031066895,3,1787821632.3832781
867.3246002197266,505.4803133010864,808.2421875,475.13766288757324,759.7186279296875,427.9895353317261,735.2011108398438,385.086464881897,737.7883911132812,345.7936477661133,808.3213806152344,329.19025897979736,774.0944671630859,268.1698966026306,748.6297607421875,230.9904670715332,725.8403015136719,198.86425495147705,851.2891387939453,326.65745973587036,775.0936889648438,336.73874616622925,768.6721038818359,398.2572269439697,780.5226898193359,437.3677396774292,881.6564178466797,344.1172242164612,800.396728515625,371.0368824005127,800.8152770996094,427.1642732620239,814.7644805908203,461.4280128479004,901.6429901123047,373.8183116912842,832.5406646728516,396.85076236724854,821.7678833007812,438.86329650878906,826.4455413818359,465.7689428329468,4,1787821632.4223723
869.1031646728516,506.97685718536377,809.8641204833984,476.59695625305176,759.3121337890625,427.922158241272,734.2842102050781,384.06907081604004,737.4314880371094,345.2249336242676,808.2660675048828,328.75391721725464,773.3734130859375,269.5711898803711,747.9730987548828,233.03980350494385,725.3733825683594,200.99804878234863,850.9190368652344,326.21774911880493,774.9662780761719,337.89703130722046,768.7907409667969,399.2677974700928,780.2381896972656,438.6569595336914,881.3459777832031,343.99519443511963,799.9216461181641,371.455135345459,800.2706909179688,427.91374683380127,813.6158752441406,463.1578016281128,901.4912414550781,374.10472869873047,831.7366027832031,396.71167373657227,820.7692718505859,438.99779319763184,825.2449798583984,466.9862365722656,5,1787821632.4579797
868.2455444335938,507.18409538269043,808.125,477.0366668701172,757.7385711669922,429.3946695327759,733.3751678466797,386.47790908813477,736.3630676269531,347.78693675994873,806.7144775390625,329.96726274490356,771.2565612792969,270.8973169326782,745.5380249023438,234.5560884475708,722.6280212402344,202.61990547180176,849.6088409423828,327.2957181930542,774.7614288330078,340.09238719940186,768.9154052734375,400.84755420684814,780.5148315429688,439.79018211364746,880.0987243652344,344.91907596588135,799.9317932128906,373.67613315582275,800.0940704345703,429.72288608551025,813.3686065673828,464.7403049468994,900.2571868896484,374.8774194717407,831.2486267089844,398.64749908447266,820.5381774902344,440.8307075500488,825.3301239013672,468.6411380767822,6,1787821632.500553
869.9028015136719,507.88365840911865,809.8992919921875,477.89557456970215,758.3519744873047,430.7486057281494,732.9434204101562,387.5215244293213,735.7022094726562,348.43214750289917,805.6912231445312,330.35918712615967,769.1024780273438,271.78251028060913,742.1855926513672,235.89212894439697,718.2144927978516,204.5492720603943,848.2789611816406,327.46302366256714,772.9307556152344,341.04066610336304,768.5430145263672,401.66637897491455,781.2457275390625,439.79880809783936,878.6819458007812,345.2084970474243,798.3329010009766,374.25055503845215,799.5113372802734,430.34305572509766,813.3574676513672,465.0808382034302,898.9907836914062,375.53213596343994,829.9742889404297,399.6899127960205,819.1594696044922,441.9067668914795,823.3643341064453,469.6466016769409,7,1787821632.5273964
866.3203430175781,508.39911460876465,807.0115661621094,478.91459941864014,754.9753570556641,431.8368101119995,729.6981811523438,388.4711980819702,734.9569702148438,350.0118398666382,802.4910736083984,331.98782444000244,766.3036346435547,273.17813873291016,739.7314453125,237.6025629043579,715.6739807128906,206.34328365325928,846.0948944091797,329.0739583969116,771.6709899902344,343.2212805747986,767.5510406494141,404.0590810775757,780.0627136230469,442.42642879486084,877.4036407470703,346.8881821632385,797.6612091064453,376.86461448669434,798.9824676513672,433.10126781463623,812.6350402832031,467.88514137268066,898.4647369384766,377.0906925201416,829.8516082763672,401.29666328430176,819.3723297119141,443.0735492706299,823.7494659423828,470.4545259475708,8,1787821632.5787365
867.7231597900391,509.70738887786865,809.0328979492188,479.5170021057129,755.9386444091797,432.99779891967773,730.0790405273438,390.1642942428589,735.7146453857422,352.0276379585266,802.3307037353516,332.58402585983276,764.3943786621094,275.1549482345581,736.8051910400391,239.51598644256592,712.0101928710938,208.06852340698242,845.3861999511719,329.2960238456726,771.1112213134766,345.48598766326904,766.3663482666016,407.87442684173584,777.6890563964844,448.5978698730469,876.9359588623047,346.77186012268066,797.7174377441406,377.13841438293457,798.8446807861328,434.9026393890381,811.4411163330078,472.63895988464355,898.7335205078125,376.71338081359863,831.1032104492188,400.9812355041504,819.8945617675781,442.7467918395996,822.8607940673828,471.53058528900146,9,1787821632.6197097
866.1731719970703,510.8144760131836,807.6509857177734,481.16199016571045,755.1321411132812,433.67740631103516,730.9272766113281,389.6441602706909,737.6554107666016,350.8889651298523,800.7044219970703,333.81636142730713,763.7579345703125,275.6670141220093,735.8749389648438,240.4640293121338,710.8688354492188,209.9181318283081,844.5944976806641,330.49078702926636,772.0790100097656,347.6678681373596,769.4545745849609,408.2928514480591,782.7377319335938,446.1451721191406,876.4115142822266,347.9288578033447,798.3769226074219,378.8294506072998,799.7090911865234,435.2351903915405,812.8944396972656,470.65412521362305,898.0570220947266,377.68949031829834,830.6156158447266,402.2199010848999,819.9485778808594,444.4723320007324,823.9080047607422,472.60926246643066,10,1787821632.6642833
865.0226593017578,511.5054988861084,806.2350463867188,482.8119993209839,754.0024566650391,435.06279945373535,731.5329742431641,392.1322202682495,739.4272613525391,354.8082733154297,799.9858856201172,334.9793243408203,762.1830749511719,275.9584951400757,734.8586273193359,240.50655841827393,711.1313629150391,209.6130895614624,844.6464538574219,331.64503812789917,774.5568084716797,345.8310270309448,769.9998474121094,407.174391746521,782.1279144287109,446.576943397522,876.7147827148438,348.7088656425476,799.5806121826172,378.24378490448,798.7890625,435.3801155090332,811.0077667236328,471.6442680358887,898.2527923583984,377.8494358062744,831.2390899658203,402.06424713134766,820.3489685058594,445.5212688446045,824.8029327392578,474.18545722961426,11,1787821632.7273278
859.1407775878906,514.3105316162109,800.7720947265625,490.431489944458,747.3054504394531,447.65896797180176,728.6739349365234,405.1966381072998,740.4074096679688,367.83814430236816,781.4699554443359,339.66885566711426,745.8349609375,282.5094151496887,718.1336975097656,247.00861930847168,694.0682220458984,217.0971393585205,826.5977478027344,330.7876753807068,767.3101806640625,357.492413520813,768.6439514160156,419.4139766693115,781.3687896728516,461.0640478134155,862.5283813476562,345.5792427062988,796.9536590576172,383.7721824645996,799.2203521728516,440.67827224731445,810.0393676757812,479.2852592468262,890.4080963134766,373.27199935913086,831.7068481445312,404.8989772796631,820.5633544921875,448.2058382034302,821.3677978515625,478.9158010482788,12,1787821632.7656803
856.8791198730469,515.4920339584351,798.5143280029297,491.97412490844727,745.5484771728516,450.667462348938,726.5538787841797,408.77955436706543,740.2620697021484,371.2440776824951,777.1700286865234,343.80615234375,740.1804351806641,286.2158417701721,713.61328125,250.91166257858276,690.7042694091797,220.34934997558594,823.2475280761719,334.61660385131836,768.3180999755859,356.65069341659546,766.3910675048828,417.5126552581787,776.3196563720703,458.10211658477783,859.8977661132812,348.84544372558594,797.0207977294922,386.43259048461914,797.7698516845703,443.2092046737671,808.0457305908203,479.93667125701904,887.8287506103516,375.68191051483154,830.2262115478516,407.24181175231934,819.5999908447266,450.97460746765137,821.6414642333984,480.44294357299805,13,1787821632.8139021
856.5016174316406,517.2285604476929,797.7864837646484,495.9784698486328,744.5225524902344,458.08250427246094,726.2206268310547,418.14677238464355,738.7446594238281,380.6902599334717,770.9699249267578,347.4318766593933,732.9083251953125,292.08479404449463,704.4036865234375,257.8958559036255,679.9465179443359,229.17566299438477,816.7983245849609,336.7946219444275,766.5008544921875,362.81134128570557,767.2702026367188,422.52044677734375,777.8669738769531,463.7500762939453,855.272216796875,350.4898953437805,795.9463500976562,392.3001480102539,798.4941101074219,448.40389251708984,809.189453125,485.7282257080078,886.1161804199219,377.31968879699707,830.1351165771484,412.4535799026489,820.1544952392578,456.03522777557373,822.3941040039062,486.1417579650879,14,1787821632.849002
859.2719268798828,519.5765018463135,801.7900085449219,501.39060974121094,747.4248504638672,470.15501976013184,726.1635589599609,433.7710905075073,740.4825592041016,399.24569606781006,767.3235321044922,353.5009002685547,724.4315338134766,301.1451458930969,692.8432464599609,269.842050075531,666.3926696777344,244.43030834197998,812.2634887695312,340.8319687843323,765.8644104003906,363.1486129760742,763.7602233886719,412.97603130340576,769.5426940917969,447.86320209503174,851.8172454833984,354.0118718147278,794.9323272705078,402.43846893310547,797.5360107421875,455.5172395706177,807.3444366455078,488.85812759399414,883.3446502685547,380.9036350250244,830.1224517822266,422.077260017395,822.2781372070312,462.61483669281006,825.7662963867188,488.7575340270996,15,1787821632.9045622
862.3247528076172,523.7434959411621,805.6619262695312,505.8775806427002,749.9381256103516,476.3724660873413,723.9936065673828,443.1698513031006,738.4238433837891,411.869158744812,764.5194244384766,357.48968839645386,719.1037750244141,311.5896248817444,685.5962371826172,283.43825340270996,657.6634216308594,260.9955883026123,809.4210052490234,343.35768699645996,763.3578491210938,376.8437147140503,766.8610382080078,432.4504566192627,777.3880004882812,470.66275119781494,850.7492065429688,356.4455795288086,796.2853240966797,409.556622505188,799.6536254882812,462.9376459121704,809.5726776123047,496.7629623413086,884.9214172363281,384.2464828491211,834.5796966552734,429.1279935836792,825.1411437988281,468.8488483428955,827.2496795654297,494.97369289398193,16,1787821632.9473383
866.8600463867188,531.1585378646851,810.3307342529297,513.3854913711548,755.9712219238281,486.81256771087646,728.9488220214844,458.73709201812744,740.6342315673828,428.91672134399414,760.5447387695312,367.6208209991455,714.2002868652344,324.4364833831787,678.8645935058594,298.2474374771118,649.6189117431641,277.12368965148926,804.4496154785156,352.8129243850708,764.8181915283203,374.0877342224121,761.0636138916016,412.3257780075073,763.6878204345703,436.3233947753906,847.8516387939453,364.61889266967773,798.6283111572266,420.90558528900146,800.4279327392578,471.5068531036377,810.0897216796875,500.43595790863037,884.4649505615234,391.99785232543945,838.9344787597656,443.56900691986084,831.7111968994141,481.02959632873535,836.6148376464844,501.8155574798584,17,1787821632.9911828
869.7484588623047,537.1728658676147,812.7427673339844,522.0920705795288,756.0910797119141,498.2329845428467,727.0523834228516,469.6690034866333,741.6614532470703,444.98795986175537,757.1426391601562,377.48761653900146,710.9707641601562,340.33970832824707,675.5074310302734,320.37604808807373,644.8771667480469,303.31900119781494,801.2908935546875,360.90868949890137,760.9280395507812,378.5132932662964,753.1112670898438,418.88023853302,752.4080657958984,444.71609115600586,846.1600494384766,371.2604284286499,800.2076721191406,431.9492483139038,800.2619171142578,482.8237581253052,808.533935546875,510.1123380661011,884.9671936035156,397.7981185913086,843.3364105224609,451.4127731323242,836.7849731445312,487.5856876373291,842.2705841064453,505.75535774230957,18,1787821633.031656
872.5292205810547,545.83176612854,812.5437164306641,531.9953441619873,755.5156707763672,511.1813163757324,724.6233367919922,484.91987228393555,744.2724609375,463.5720634460449,753.0363464355469,385.0056982040405,711.7432403564453,354.20441150665283,676.5264129638672,340.62837839126587,644.2258453369141,331.01982593536377,795.9674072265625,368.5297679901123,760.1348114013672,385.79529762268066,753.4736633300781,427.4143409729004,752.9731750488281,457.19767570495605,841.8112182617188,378.08040618896484,803.3892059326172,444.4086027145386,804.8912048339844,495.9599733352661,813.0464935302734,523.7016105651855,883.946533203125,404.0230321884155,847.3902893066406,461.63490772247314,842.9005432128906,496.6352891921997,848.9246368408203,512.0553302764893,19,1787821633.0813777
870.9316253662109,573.12575340271,807.9306793212891,561.2242126464844,751.8138885498047,542.8521537780762,727.8752899169922,520.0536775588989,750.6742858886719,503.3475923538208,737.8108978271484,421.7273712158203,707.9096221923828,403.4285259246826,676.1494445800781,406.4165925979614,647.6869201660156,416.11498832702637,781.4517974853516,398.3855438232422,759.1365051269531,417.0096015930176,755.8755493164062,467.0797061920166,759.417724609375,504.1907072067261,830.5526733398438,401.2603998184204,814.6495056152344,452.89395332336426,806.2406921386719,507.0699405670166,803.4431457519531,539.4570779800415,878.4192657470703,421.36186122894287,864.2832946777344,467.69378185272217,852.9963684082031,504.46377754211426,848.3370208740234,524.3460702896118,20,1787821633.1404119
865.2234649658203,569.6138191223145,806.6940307617188,564.7794914245605,749.3019866943359,552.7722072601318,719.9485015869141,538.7457132339478,746.6191864013672,525.8533430099487,732.7785491943359,427.51755237579346,699.8760223388672,414.1066360473633,663.978271484375,424.1463375091553,631.7306518554688,439.19580459594727,776.6429138183594,407.3169994354248,758.5518646240234,419.12232398986816,751.7550659179688,463.6421871185303,752.5953674316406,493.1654977798462,825.5864715576172,413.5038471221924,810.2681732177734,467.41856575012207,802.5855255126953,516.6522932052612,802.3841094970703,538.3565139770508,874.0823364257812,435.34664154052734,856.4493560791016,483.52988719940186,849.6772003173828,516.5048360824585,850.6870269775391,528.2217121124268,21,1787821633.174914
862.8324890136719,563.2034683227539,797.1708679199219,566.8475389480591,741.5428161621094,561.225414276123,711.7745971679688,553.2114887237549,734.0361785888672,540.1312351226807,724.210205078125,431.11647605895996,685.4806518554688,423.61255645751953,648.1293487548828,436.7943048477173,615.9440612792969,453.7759065628052,766.2155151367188,409.1798257827759,740.1104736328125,495.45172691345215,751.6436004638672,537.9434108734131,765.5802154541016,542.8879022598267,814.7494506835938,419.18506622314453,790.6137084960938,515.2014541625977,798.3872985839844,541.7476415634155,808.1999969482422,534.8073291778564,860.2373504638672,443.43592643737793,837.6261901855469,516.3758325576782,842.3054504394531,535.0877380371094,852.1061706542969,525.7816314697266,22,1787821633.2189069
866.1666870117188,561.8518495559692,802.6210021972656,566.3242292404175,749.0541076660156,564.3149757385254,718.4839630126953,560.7055807113647,730.5563354492188,547.9492950439453,721.4448547363281,439.9108600616455,677.6634216308594,433.59891414642334,638.8285446166992,450.80766677856445,606.2029266357422,470.3589963912964,758.4162139892578,416.3301658630371,727.1443939208984,505.17711639404297,749.2927551269531,545.4303359985352,769.2699432373047,541.6458463668823,804.4588470458984,423.00642013549805,778.2231903076172,521.4672231674194,794.6874237060547,546.0936784744263,808.4527587890625,535.4048824310303,848.5455322265625,444.8736333847046,824.8808288574219,521.9804906845093,835.7488250732422,539.5246696472168,848.2899475097656,528.016791343689,23,1787821633.2742097
856.7832946777344,556.0413265228271,791.392822265625,560.3105449676514,736.1713409423828,556.5919303894043,703.9717864990234,559.1168117523193,705.9143829345703,554.097261428833,710.8209228515625,439.7455072402954,664.7293090820312,442.5725984573364,626.5319061279297,462.7342700958252,594.9892807006836,483.59185695648193,748.8548278808594,418.12896251678467,723.5102844238281,510.4067802429199,734.3035888671875,547.526707649231,747.261962890625,550.8019638061523,795.8213806152344,427.83568382263184,772.9087829589844,533.8767099380493,781.1516571044922,558.6613512039185,790.7637786865234,551.6485118865967,840.6002807617188,451.15845680236816,817.5794219970703,531.243166923523,822.1083068847656,548.8709449768066,830.4533386230469,539.6778345108032,24,1787821633.3140464
851.7655944824219,557.412257194519,778.5486602783203,554.2106437683105,720.2873229980469,545.968279838562,680.428466796875,543.6691331863403,664.1867828369141,540.0081539154053,703.7141418457031,435.59855461120605,651.5811157226562,452.23297119140625,612.5669479370117,475.5872869491577,580.2957916259766,495.4884624481201,741.1441802978516,420.1120376586914,704.6189880371094,529.0643978118896,728.1771087646484,562.146806716919,749.6331787109375,556.1622619628906,786.3325500488281,434.2616128921509,755.2317047119141,546.245813369751,771.0228729248047,564.6510028839111,783.9290618896484,552.8921556472778,830.2143096923828,460.7223129272461,799.1027069091797,540.8148765563965,802.0155334472656,555.7338380813599,807.7663421630859,546.8583869934082,25,1787821633.3707085
856.6444396972656,534.0336513519287,777.3896026611328,526.067533493042,705.1699829101562,527.8183078765869,663.2091522216797,551.8960905075073,643.7826538085938,573.7015914916992,671.0418701171875,445.3736400604248,593.4332275390625,483.48920345306396,542.5971221923828,508.60304832458496,502.55760192871094,523.0058240890503,705.3069305419922,444.6009063720703,651.7062377929688,555.9592723846436,681.7403411865234,573.9815711975098,703.4514617919922,554.3636798858643,745.1880645751953,468.35472106933594,698.2711029052734,577.6500606536865,728.9152526855469,578.8443088531494,748.0918121337891,550.4746913909912,782.9412078857422,499.1045951843262,740.1211547851562,580.1290225982666,757.8910827636719,582.3664140701294,774.1262817382812,559.9806118011475,26,1787821633.4205372
839.4498443603516,537.6272106170654,767.8639221191406,523.4409427642822,697.9460906982422,525.1783275604248,651.1342620849609,553.8172388076782,633.1880187988281,581.6615295410156,657.5917816162109,447.06175804138184,580.985221862793,480.64215660095215,529.5229339599609,497.3758792877197,485.53611755371094,508.84766578674316,687.5193023681641,449.0337610244751,626.094970703125,554.8755311965942,650.3890991210938,560.6328821182251,667.2223663330078,539.786581993103,724.6292877197266,471.39256954193115,669.2865753173828,573.1386280059814,690.1563262939453,568.9333534240723,702.6373291015625,544.6649408340454,762.0027923583984,502.07287788391113,706.6365814208984,578.8086891174316,712.9722595214844,584.031229019165,719.2679595947266,570.0812101364136,27,1787821633.4599035
816.0018920898438,538.8268661499023,747.1467590332031,528.1503438949585,677.1619415283203,532.2185897827148,629.2837142944336,560.9001159667969,606.6257476806641,592.3092985153198,648.1962585449219,442.6769685745239,562.6766204833984,474.80270862579346,508.6048889160156,489.9598503112793,464.45030212402344,498.2961130142212,678.2583618164062,448.3087921142578,600.8354949951172,544.7272109985352,623.2559967041016,555.0061655044556,646.2274932861328,534.7741985321045,711.907958984375,473.51181507110596,640.6858062744141,566.6831302642822,662.6343536376953,570.0547313690186,682.3837280273438,547.9743576049805,743.8787841796875,507.5190496444702,682.7679443359375,580.2259254455566,696.1974334716797,587.1015214920044,712.3996734619141,571.3761806488037,28,1787821633.4946084
796.4134216308594,546.1635875701904,740.2890777587891,524.4367504119873,667.9834747314453,523.1086921691895,613.1586456298828,552.918291091919,583.7119293212891,590.5632877349854,642.288818359375,447.13531494140625,547.4656677246094,463.4993648529053,489.5582580566406,471.9266939163208,444.5802307128906,478.0564212799072,667.1323394775391,459.122257232666,578.056526184082,525.775580406189,598.826904296875,538.8663482666016,624.329719543457,523.5393476486206,694.1484069824219,490.92098236083984,608.978271484375,549.7198534011841,623.9083862304688,560.5980348587036,644.4715881347656,545.562858581543,717.8437805175781,529.8353290557861,645.2689361572266,570.8790063858032,639.4418716430664,585.9458112716675,644.3417358398438,582.4263668060303,29,1787821633.5360537
776.9908142089844,562.358078956604,736.7837524414062,521.0032653808594,662.0355987548828,505.9371042251587,597.8122711181641,526.0310554504395,556.4706039428711,560.0745105743408,638.4885025024414,448.2946300506592,537.6341247558594,451.6292381286621,476.21490478515625,452.6417398452759,429.5446014404297,453.48854541778564,653.203125,473.6267423629761,558.06884765625,523.2907819747925,578.1806564331055,535.2468252182007,607.7778625488281,522.6064538955688,670.2098083496094,511.87225341796875,581.977653503418,552.3880290985107,601.1670303344727,560.534520149231,626.4704132080078,548.3093976974487,684.5467376708984,551.6005754470825,616.7286682128906,578.8754653930664,634.4884872436523,585.7747936248779,658.1861114501953,579.2026519775391,30,1787821633.5923011
748.4964752197266,570.0810813903809,698.1571960449219,534.4342231750488,619.1207504272461,519.7052049636841,558.0475234985352,539.7749948501587,519.6146392822266,571.0369777679443,609.6478652954102,448.6986780166626,513.05908203125,444.54992294311523,455.0324249267578,440.9386396408081,410.01220703125,435.7081174850464,622.5742340087891,472.25182056427,524.0597915649414,523.1068897247314,541.3042449951172,542.5602436065674,570.1960754394531,534.593997001648,635.9565353393555,509.97196197509766,543.8261032104492,551.8579387664795,561.1232757568359,566.1668157577515,587.001838684082,557.2415399551392,646.3743591308594,550.067081451416,569.2132186889648,574.8251152038574,583.8400650024414,585.4552459716797,609.9657821655273,582.3028564453125,31,1787821633.6318934
730.2468109130859,562.8556823730469,672.3495483398438,532.8162717819214,598.1849670410156,520.1111841201782,537.5198745727539,543.759298324585,497.0482635498047,572.8347873687744,587.7832794189453,446.9759273529053,492.77366638183594,437.8353023529053,438.1307601928711,428.7950134277344,393.41983795166016,419.4851303100586,602.7482223510742,469.36803817749023,507.93548583984375,523.3160161972046,530.3841781616211,539.4407272338867,558.184700012207,529.8221969604492,618.2766342163086,506.8376398086548,538.7163543701172,556.5185451507568,563.6196136474609,565.709810256958,586.99951171875,554.2274236679077,631.8650436401367,547.847113609314,576.9294738769531,577.659502029419,595.5792617797852,585.8706665039062,614.6482849121094,580.2460527420044,32,1787821633.6817951
706.5204620361328,568.9545106887817,635.9858322143555,562.3883771896362,562.5064086914062,551.76438331604,509.54917907714844,559.0800333023071,468.31249237060547,570.5023813247681,554.9372863769531,448.89424324035645,468.33362579345703,438.0667448043823,417.1414566040039,426.9051504135132,375.7243347167969,412.8878402709961,574.2615127563477,459.8136234283447,481.8238830566406,522.6134920120239,503.02921295166016,549.3718099594116,530.7358932495117,543.6728668212891,593.9005279541016,490.1545572280884,513.9279937744141,551.9566440582275,536.0714340209961,571.2229299545288,559.4915008544922,563.1012439727783,611.625862121582,528.5239219665527,551.511344909668,572.5543355941772,566.5445327758789,589.8378896713257,586.5680694580078,586.7077732086182,33,1787821633.7225647
683.768310546875,569.466404914856,624.4365692138672,544.2366456985474,553.8882446289062,529.9991798400879,494.88712310791016,544.3087863922119,455.0909423828125,567.9294776916504,541.4279937744141,448.52251052856445,450.830078125,432.2930431365967,399.0122985839844,416.40140533447266,356.11976623535156,401.2454652786255,559.7417831420898,460.36465644836426,463.1779479980469,518.9492082595825,490.2964401245117,541.4588212966919,516.6102600097656,533.6514472961426,575.8208084106445,495.6081962585449,488.2851791381836,549.9319839477539,510.90038299560547,566.0048961639404,535.7251739501953,559.7572374343872,586.0617065429688,539.6731996536255,514.4940185546875,568.0944442749023,490.30452728271484,581.7246150970459,471.7280578613281,582.7450132369995,34,1787821633.7730505
596.2093734741211,597.8364944458008,508.5011672973633,598.682656288147,442.2407531738281,573.6943817138672,392.73780822753906,562.1195125579834,348.2803726196289,548.6982107162476,460.9317398071289,444.49108600616455,383.9811706542969,417.8222465515137,335.27076721191406,392.9871368408203,295.3536605834961,366.20384216308594,478.1999206542969,450.0701665878296,375.80299377441406,500.81090927124023,393.9991760253906,534.1139459609985,425.5710983276367,534.925389289856,491.2343978881836,476.1478900909424,399.8389434814453,531.382040977478,418.47801208496094,558.4766006469727,443.59668731689453,554.0255928039551,500.83168029785156,512.6923656463623,428.9439392089844,556.6740703582764,439.08565521240234,579.0421485900879,459.06280517578125,576.671633720398,35,1787821633.8235989
578.2850646972656,591.5281963348389,483.32347869873047,596.5637969970703,421.96971893310547,573.7938165664673,378.2204055786133,557.0919370651245,339.6092224121094,543.7592554092407,432.37422943115234,441.79527282714844,363.1578063964844,411.6609764099121,318.1462860107422,386.0560941696167,282.25399017333984,361.53937339782715,456.4544677734375,440.29473781585693,364.7305679321289,500.2290630340576,384.2726135253906,539.4668626785278,414.66075897216797,539.9271726608276,474.51114654541016,462.59140491485596,391.9877624511719,532.234296798706,412.90149688720703,561.0402774810791,440.54832458496094,557.7202606201172,485.5241012573242,499.8478889465332,423.63094329833984,554.0172672271729,437.4034881591797,579.9218702316284,460.57708740234375,580.8363962173462,36,1787821633.8492856
562.5101470947266,597.3400068283081,467.4888610839844,599.3657398223877,409.9980163574219,574.1705703735352,366.46270751953125,554.2944574356079,327.2604751586914,538.0016469955444,423.9919662475586,441.85591220855713,353.30204010009766,408.3150386810303,308.51612091064453,381.6089916229248,272.15002059936523,355.1767659187317,446.2636947631836,436.8222427368164,352.1355438232422,496.06116771698,371.2697219848633,539.1638374328613,403.10394287109375,544.9890804290771,461.57005310058594,456.90203189849854,377.3102569580078,528.7863492965698,399.1249084472656,561.4953947067261,428.5280990600586,562.1019601821899,470.2509307861328,491.89606189727783,409.3016052246094,552.2645616531372,425.3091812133789,580.7149028778076,450.56514739990234,583.3141136169434,37,1787821633.9039354
554.7500610351562,594.2685985565186,460.86883544921875,593.8476848602295,400.7109832763672,571.3718891143799,356.4282989501953,552.3300933837891,317.6089859008789,534.5609092712402,411.99851989746094,440.77234268188477,343.0206298828125,408.08441162109375,298.7178039550781,381.6043996810913,261.7401123046875,356.20270013809204,435.9886932373047,434.80964183807373,343.27037811279297,496.05790615081787,362.4466323852539,540.2313995361328,393.3660888671875,548.6438369750977,453.47782135009766,453.3977794647217,371.26678466796875,528.6028432846069,395.0844955444336,561.0743951797485,423.7237548828125,560.7790517807007,464.6219253540039,487.6606607437134,405.9053421020508,550.1441144943237,422.8765869140625,577.6259851455688,446.96666717529297,577.0795440673828,38,1787821633.9468038
553.165168762207,594.5634269714355,459.17896270751953,595.7904195785522,400.25856018066406,571.933650970459,356.21192932128906,552.3135280609131,317.46700286865234,535.607099533081,407.9770278930664,442.85021781921387,338.48278045654297,407.8332710266113,293.8370132446289,380.91453552246094,256.83326721191406,355.3881025314331,432.1873474121094,435.3001642227173,340.1841735839844,497.87691593170166,360.6781005859375,542.4191379547119,391.2739562988281,549.168176651001,449.71351623535156,452.73619651794434,368.02249908447266,530.6896877288818,392.8251266479492,564.0684270858765,421.24847412109375,563.0897426605225,460.7440185546875,486.2195634841919,402.930908203125,551.4680528640747,420.3445816040039,579.4342660903931,443.8820266723633,578.8764095306396,39,1787821634.0043414
553.945198059082,593.1094980239868,460.6386947631836,594.1185665130615,401.22276306152344,572.4387645721436,356.9536590576172,553.8974905014038,318.0507278442383,536.2640905380249,406.54293060302734,441.74059867858887,338.17264556884766,407.4357032775879,293.55419158935547,381.0274887084961,256.99859619140625,355.7678174972534,433.21651458740234,433.45218658447266,341.68758392333984,496.7541217803955,363.23497772216797,542.3197031021118,393.0861282348633,546.7116594314575,453.3586120605469,450.8327293395996,370.5128479003906,530.0146293640137,394.5960235595703,563.7761306762695,421.90025329589844,561.0381317138672,467.2356414794922,485.1566791534424,408.5441207885742,552.3333549499512,424.8970031738281,579.7484064102173,447.47867584228516,577.3844146728516,40,1787821634.0517015
566.0561370849609,591.5622282028198,473.62266540527344,594.6850490570068,411.32572174072266,574.5800256729126,365.48168182373047,556.4864873886108,329.60636138916016,538.3885288238525,419.84825134277344,438.9590835571289,349.3346405029297,406.96895599365234,302.93827056884766,383.75441551208496,264.14453506469727,361.24621868133545,445.83850860595703,433.19902896881104,353.83934020996094,498.81577491760254,377.2113800048828,544.6748971939087,407.3306655883789,548.1011724472046,465.07678985595703,453.2534122467041,384.5587921142578,531.8778419494629,410.5970764160156,565.6129503250122,438.6863327026367,562.4581575393677,478.5675811767578,488.9750289916992,424.04930114746094,554.1421508789062,439.57725524902344,581.6355228424072,460.8204650878906,579.7442436218262,41,1787821634.1043463
633.9307022094727,591.9454193115234,544.6522521972656,593.2362270355225,483.2476043701172,581.2775659561157,441.99432373046875,570.3847503662109,419.2169952392578,551.3020133972168,472.4217224121094,450.5949354171753,403.81893157958984,417.3103094100952,355.8308410644531,398.46184730529785,315.73387145996094,381.13662242889404,509.4116973876953,440.1138925552368,436.18160247802734,509.8301696777344,459.0377426147461,551.8920993804932,488.28277587890625,556.561803817749,543.3197402954102,458.0575704574585,475.33050537109375,544.450192451477,499.0743637084961,572.8142738342285,524.0203094482422,567.7143859863281,570.3842163085938,494.50389862060547,515.0104904174805,567.9494762420654,531.3697052001953,588.2601070404053,552.203254699707,579.5352458953857,42,1787821634.1462576
651.9599151611328,595.3636693954468,568.5576629638672,596.9366025924683,508.6270523071289,583.8544178009033,470.12351989746094,572.2196388244629,444.1667175292969,549.5275068283081,492.38094329833984,450.00768184661865,427.6884460449219,422.6300525665283,380.51403045654297,404.46802139282227,341.3677978515625,386.7698621749878,530.2188873291016,434.4125032424927,466.2620544433594,505.6523609161377,487.6933288574219,550.4959344863892,516.6822814941406,560.789737701416,565.1107788085938,450.47953605651855,501.4794158935547,543.5610294342041,525.6526947021484,579.8696422576904,551.1481094360352,581.3057613372803,593.5695648193359,486.92174434661865,542.2917556762695,566.4662790298462,558.9295959472656,590.41428565979,579.909782409668,583.4898090362549,43,1787821634.190926
675.7012176513672,594.2863655090332,591.0413360595703,594.3854141235352,532.4476623535156,581.9606494903564,495.1363754272461,570.9246683120728,470.3916549682617,551.7446422576904,515.6565093994141,452.28858947753906,448.5957336425781,428.4991121292114,400.51300048828125,410.4540252685547,362.27474212646484,391.61152839660645,553.8672256469727,436.3301753997803,491.26659393310547,512.5939178466797,514.1297912597656,555.2813386917114,543.8933563232422,561.2423658370972,591.3793182373047,453.17676544189453,531.3693237304688,549.8840045928955,553.7697601318359,581.841516494751,577.9239273071289,579.0103483200073,621.7329025268555,489.7026586532593,571.8207168579102,569.007511138916,584.5173645019531,592.7291393280029,602.7234268188477,585.6128740310669,44,1787821634.2399757
694.5175170898438,595.6295299530029,613.4306335449219,595.1928234100342,554.2706298828125,582.904486656189,517.2554016113281,573.1633472442627,492.57080078125,554.7855377197266,536.8389511108398,454.2823076248169,470.95996856689453,433.1040143966675,426.2033462524414,415.6069564819336,391.43260955810547,395.9492826461792,575.6210327148438,437.3577833175659,514.5724487304688,506.3134717941284,531.1247253417969,551.8919277191162,557.5746536254883,566.0982370376587,614.3261337280273,452.5361680984497,554.2826843261719,549.3631410598755,572.7976226806641,586.5331935882568,595.7709884643555,590.5916547775269,646.3914489746094,487.8249406814575,595.9362030029297,570.1284170150757,606.254768371582,596.092586517334,623.5472869873047,592.8078031539917,45,1787821634.2902377
707.3690795898438,597.0466804504395,629.7735595703125,594.1336297988892,572.1150970458984,581.421332359314,538.2778930664062,572.3498868942261,519.599723815918,554.106273651123,556.9377517700195,458.7655448913574,493.49021911621094,436.2633991241455,451.8553161621094,417.5609350204468,420.96691131591797,396.8323087692261,596.8327331542969,442.2983694076538,547.3186492919922,464.75481033325195,542.7413177490234,492.6723575592041,551.0052490234375,511.99816703796387,637.2641754150391,452.78923988342285,580.6443023681641,532.1005296707153,590.3963470458984,574.3133926391602,610.7254028320312,593.228759765625,671.3313293457031,483.7418031692505,624.3026733398438,557.903037071228,625.6097030639648,588.3067560195923,638.4396362304688,596.0187292098999,46,1787821634.3178177
722.0943450927734,601.2729406356812,648.0838012695312,597.8254652023315,590.0087356567383,583.1956243515015,556.1025619506836,571.7509174346924,543.8904571533203,550.893030166626,577.7003479003906,458.7871742248535,519.7225570678711,436.82172775268555,479.8817443847656,418.8099431991577,450.3962707519531,399.5237874984741,617.5473785400391,440.6256580352783,564.4636535644531,474.244122505188,568.7690734863281,511.1722183227539,585.6280136108398,532.282919883728,657.823486328125,450.166597366333,599.9272537231445,533.8512182235718,612.1748352050781,575.4451131820679,634.2144775390625,589.3149662017822,691.3901519775391,479.7802448272705,643.0133819580078,556.8315267562866,649.2521667480469,585.78200340271,666.3887786865234,589.2297792434692,47,1787821634.3713253
739.2076110839844,596.547360420227,664.4200134277344,592.7389240264893,605.2881240844727,580.0170135498047,570.6933975219727,567.420244216919,562.5831985473633,546.111273765564,597.2317504882812,451.98792457580566,540.213623046875,430.63891410827637,502.33360290527344,412.8904151916504,473.6175537109375,392.927827835083,635.9215545654297,434.49601650238037,577.056770324707,490.88072776794434,590.140380859375,539.2783784866333,616.4083099365234,563.5338735580444,674.5939636230469,444.92079734802246,616.2084579467773,531.3955163955688,628.3303451538086,573.6096239089966,650.1195526123047,589.5450782775879,707.1642303466797,474.8466110229492,656.1624145507812,550.797929763794,660.7550048828125,581.6220903396606,676.7813873291016,589.5111322402954,48,1787821634.4148066
751.3661956787109,591.743631362915,676.0134887695312,588.5576820373535,617.863655090332,574.34974193573,585.0665664672852,558.589596748352,576.9300079345703,537.5022411346436,609.5850372314453,446.02299213409424,556.1494827270508,421.184663772583,518.8067245483398,399.9684762954712,490.28106689453125,377.6928377151489,650.5754089355469,428.42615604400635,590.3451538085938,490.2842044830322,605.8236312866211,544.7157955169678,635.0225067138672,567.5467586517334,691.1827850341797,441.23140811920166,631.5476989746094,523.566427230835,641.9729614257812,567.7494049072266,663.8338470458984,581.5338563919067,725.0344848632812,473.7889623641968,673.0498504638672,543.2136726379395,673.4968566894531,574.9413299560547,687.6791381835938,582.6671648025513,49,1787821634.4618473
754.1921997070312,591.0499048233032,679.5677185058594,583.6763191223145,620.6278228759766,566.0230922698975,586.4106750488281,547.7272939682007,592.1282958984375,526.8566608428955,620.6110763549805,433.8520288467407,569.6308135986328,407.314510345459,534.1425323486328,384.305362701416,508.22296142578125,359.8968744277954,663.4396362304688,417.2765779495239,602.8318405151367,475.17186641693115,615.7350921630859,532.4417924880981,642.8003692626953,554.4619989395142,704.8036193847656,432.67842292785645,642.5849151611328,507.76594161987305,649.8242950439453,552.8423738479614,669.8703765869141,566.1616230010986,737.90771484375,468.53891372680664,685.5386352539062,537.4940013885498,686.6192626953125,567.2548913955688,701.0693359375,571.7657661437988,50,1787821634.5070982
742.5411224365234,553.5219383239746,677.1298980712891,541.8696928024292,622.2053527832031,516.53968334198,596.269645690918,485.83688735961914,604.4992065429688,453.66166591644287,633.9440536499023,395.6916618347168,594.8203277587891,347.11061239242554,568.0241394042969,311.86602115631104,546.435546875,279.3628406524658,678.7593078613281,379.422025680542,627.8020477294922,419.91758823394775,632.5882339477539,477.505259513855,649.9593353271484,506.37059211730957,717.8874206542969,390.1825761795044,662.4082183837891,445.6770086288452,663.4765625,496.90102100372314,674.7714233398438,523.1234979629517,749.317626953125,417.0126485824585,702.1710205078125,468.68688583374023,695.3849029541016,506.6258955001831,698.555908203125,524.723424911499,51,1787821634.5537682
739.9831390380859,534.4996690750122,671.8146514892578,520.0545787811279,616.9293594360352,490.43925762176514,593.2661437988281,460.16106605529785,598.2535171508789,428.78827571868896,632.0025634765625,376.8556880950928,595.762825012207,326.73760414123535,571.9641876220703,290.67699909210205,553.7868499755859,257.5074076652527,677.452392578125,362.2529697418213,626.8010711669922,398.43493938446045,627.374382019043,455.6179618835449,640.9920501708984,488.8929748535156,717.5401306152344,374.35415267944336,661.3250732421875,426.4667272567749,660.1371765136719,478.8252067565918,669.3737030029297,509.6753740310669,750.3406524658203,401.8940019607544,701.1199951171875,447.6147651672363,689.58251953125,487.8108215332031,688.6224365234375,511.6735553741455,52,1787821634.605377
737.7226257324219,521.6844606399536,673.1217193603516,507.0623445510864,618.0707550048828,477.1973419189453,591.1348724365234,445.8219337463379,595.6823348999023,412.1550178527832,633.4154510498047,364.39247131347656,595.4491424560547,312.16784477233887,571.2111282348633,274.3366813659668,552.071533203125,240.37579536437988,676.8665313720703,350.4153084754944,620.4987716674805,381.0707473754883,622.9007720947266,440.778865814209,638.3814239501953,478.9441251754761,714.7848510742188,361.4556884765625,653.8169097900391,406.2719249725342,654.3531036376953,461.07383251190186,665.1589965820312,496.90260887145996,746.3913726806641,387.8739881515503,693.3433532714844,427.4604320526123,686.0262298583984,468.53917121887207,689.8339080810547,494.9154567718506,53,1787821634.6614373
728.6865234375,510.6778335571289,664.4162750244141,494.29829120635986,611.3750457763672,462.0931148529053,584.6074676513672,430.5348873138428,589.8522186279297,396.8749666213989,629.8431777954102,352.36196994781494,591.9133377075195,297.24647998809814,567.0716857910156,259.2098379135132,547.2491073608398,225.08600234985352,673.0904388427734,338.80138635635376,615.3975296020508,365.3876781463623,616.8079376220703,424.14462089538574,632.4287033081055,461.2864351272583,709.7676849365234,349.57324504852295,647.1478271484375,392.18183040618896,647.52685546875,445.632119178772,659.4298553466797,479.2760753631592,738.6765289306641,375.8118152618408,684.1654968261719,413.5522985458374,677.9328918457031,452.9163980484009,684.1138458251953,477.2234344482422,54,1787821634.6854823
721.2345886230469,501.6871976852417,656.8749237060547,485.1447916030884,604.5999908447266,452.38866806030273,577.4362564086914,422.05172538757324,581.9644927978516,387.251501083374,622.3890686035156,343.68983030319214,584.8464202880859,286.8057346343994,560.3074264526367,247.80800342559814,541.1338806152344,214.1467523574829,665.0952911376953,329.96782064437866,610.1573181152344,355.0999045372009,611.3176345825195,412.15789318084717,626.1294555664062,448.6876916885376,701.6245269775391,339.8534560203552,641.10107421875,381.420636177063,644.161376953125,433.8238334655762,657.7939605712891,466.03716373443604,731.3130950927734,364.71274852752686,677.3462677001953,402.03733921051025,671.2056732177734,442.62272357940674,677.0533752441406,467.85728931427,55,1787821634.7367027
715.8936309814453,496.6706943511963,650.8901214599609,478.87670516967773,598.9496612548828,445.1951551437378,572.6065444946289,413.5192108154297,575.9288024902344,378.10036182403564,617.7714157104492,337.89992809295654,576.4747619628906,282.95339584350586,550.6674957275391,245.5213451385498,530.7354736328125,212.4678611755371,659.3869018554688,324.66075897216797,602.7769088745117,349.16799545288086,604.5500183105469,404.9142122268677,620.5278778076172,439.1407012939453,694.8715209960938,334.1611862182617,633.5678100585938,374.71288204193115,638.1988525390625,425.822696685791,654.1701507568359,455.3950595855713,723.6717224121094,358.1705832481384,669.500732421875,393.1894826889038,663.4217071533203,433.44188690185547,670.6748962402344,457.4088191986084,56,1787821634.7818353
711.4723968505859,493.1489324569702,644.8318481445312,476.0939025878906,590.9336090087891,443.36949348449707,563.7443923950195,410.7179546356201,567.4753952026367,375.0987768173218,611.4289474487305,337.7757954597473,568.5287094116211,283.27839374542236,542.0519638061523,246.6062879562378,521.5908813476562,213.40487480163574,653.3531188964844,323.6089897155762,594.2496490478516,348.4674668312073,598.1023788452148,404.8467493057251,616.3711547851562,435.9411907196045,688.5346984863281,332.64410734176636,627.6042938232422,375.33236503601074,632.4923706054688,425.29033184051514,648.9203643798828,450.36799907684326,716.3178253173828,356.6792106628418,663.9110565185547,394.9674654006958,658.9168548583984,435.5415630340576,666.6808319091797,456.89992904663086,57,1787821634.8272874
704.6855926513672,494.00556564331055,638.8387298583984,475.6496858596802,585.9029006958008,442.95287132263184,558.6278915405273,410.8238697052002,561.0161590576172,375.77662467956543,605.1927185058594,337.7349829673767,561.6412353515625,284.8465847969055,534.6236419677734,248.9046835899353,513.5665130615234,215.94127893447876,646.5055084228516,323.5154986381531,586.2814712524414,350.2132844924927,591.8922424316406,405.304012298584,611.0813903808594,435.80806732177734,681.5091705322266,332.75328397750854,619.503173828125,376.1623477935791,626.4668273925781,424.64136600494385,644.1423034667969,450.203332901001,709.2833709716797,356.9682025909424,655.7838439941406,395.9788513183594,651.1846160888672,436.1509609222412,658.97705078125,458.47020149230957,58,1787821634.886477
693.3351135253906,519.2987537384033,625.5141830444336,505.88942527770996,570.6566619873047,477.4283981323242,542.5797271728516,445.9051036834717,545.9039688110352,415.3400659561157,587.3891448974609,361.2735986709595,538.929328918457,315.4666829109192,507.0487594604492,282.65777349472046,482.9350280761719,252.97200679779053,627.8329849243164,346.86670303344727,564.8579788208008,388.4850597381592,571.8692779541016,447.09227085113525,592.9464721679688,481.99313163757324,663.4079742431641,358.0947518348694,597.3419952392578,411.05801582336426,604.5396041870117,463.28925132751465,622.1652984619141,494.6258211135864,692.283935546875,385.000376701355,636.1551284790039,430.9773874282837,631.2154769897461,471.8716764450073,638.1829452514648,496.35797023773193,59,1787821634.9381893
684.166259765625,533.6538934707642,621.4046859741211,519.1155052185059,571.2024307250977,489.62202072143555,547.2347259521484,459.22654151916504,544.8651885986328,425.67262172698975,587.1867370605469,376.4002275466919,540.2461624145508,327.65809535980225,507.7322006225586,292.5854444503784,480.8419418334961,261.81544303894043,626.5119934082031,360.68355560302734,570.1649856567383,394.3124485015869,575.5558013916016,451.50092124938965,593.4427642822266,487.28352069854736,660.8038330078125,370.43808460235596,600.3986740112305,420.4495668411255,607.5173187255859,472.07651138305664,624.2690277099609,503.6755084991455,688.5417938232422,395.64720153808594,636.2079238891602,441.95714950561523,634.210319519043,483.5616874694824,643.6883544921875,507.8620719909668,60,1787821634.9788032
693.1159210205078,543.0926942825317,626.8522644042969,529.1059398651123,574.2187881469727,499.8800754547119,549.5272064208984,467.9601573944092,547.1537780761719,433.81864070892334,589.4900131225586,382.8358554840088,539.2939758300781,339.92265701293945,505.6555938720703,308.4918236732483,476.9375991821289,279.5037317276001,629.9251556396484,366.02776050567627,569.9311065673828,403.7524080276489,578.2406997680664,463.23702335357666,597.7171325683594,500.80498695373535,664.7711181640625,375.59783935546875,599.4799041748047,430.67912578582764,609.4025802612305,485.4665279388428,628.5910034179688,519.3057918548584,692.7326202392578,401.4367389678955,635.8588027954102,453.2895040512085,636.5261077880859,496.92883014678955,648.7101745605469,522.2112464904785,61,1787821635.0275145
694.9018096923828,551.4765930175781,630.2536010742188,538.0801391601562,578.1139755249023,507.8310441970825,552.2474670410156,477.04177379608154,549.5005798339844,443.86765480041504,592.1984100341797,391.9408178329468,539.9095916748047,349.72355604171753,504.7913360595703,319.7022342681885,474.7665023803711,292.07797050476074,631.6557312011719,375.29245376586914,571.4395141601562,410.75902462005615,580.9329986572266,470.31826972961426,600.5757522583008,507.5476312637329,666.1959838867188,384.3101692199707,600.4141235351562,438.20154190063477,612.5237274169922,493.62349033355713,631.914176940918,526.3871669769287,693.6782836914062,409.63395595550537,636.6800689697266,461.1871290206909,639.5682907104492,504.6511459350586,652.6519775390625,528.1848478317261,62,1787821635.0714254
703.0226898193359,557.6214694976807,636.704216003418,543.4036159515381,581.1830139160156,514.1559505462646,552.3462295532227,483.6880302429199,551.5591430664062,450.7376289367676,592.7972412109375,398.1265068054199,539.4418716430664,359.6889066696167,504.0346908569336,332.4334788322449,473.8475799560547,306.6818904876709,632.788200378418,380.5750322341919,574.0365600585938,419.13609981536865,585.4823684692383,481.11568450927734,606.0867691040039,519.9692630767822,668.3038330078125,389.16226387023926,603.5917282104492,447.0288848876953,617.0601272583008,502.81359672546387,637.3628997802734,535.6225919723511,696.1151885986328,414.43811416625977,640.3294372558594,468.7126350402832,645.2420043945312,510.13336658477783,660.1197814941406,531.8181037902832,63,1787821635.120155
711.5923309326172,559.2707061767578,645.8279418945312,545.2635669708252,587.4081420898438,518.4741353988647,557.0960235595703,490.2975082397461,556.2371826171875,458.57028007507324,595.0087356567383,403.70683193206787,539.8047637939453,368.31871032714844,503.3399200439453,344.05810832977295,472.3210144042969,321.0015392303467,635.1484680175781,386.0567378997803,576.9933319091797,424.94460582733154,590.153923034668,486.6800022125244,612.4253463745117,524.5884132385254,671.4068603515625,394.2688035964966,608.7639999389648,451.58610820770264,622.7235794067383,506.69812202453613,643.6737823486328,538.3880996704102,700.6577301025391,418.7076759338379,646.8165588378906,473.2270288467407,649.3787384033203,513.568696975708,662.2896575927734,534.1155338287354,64,1787821635.168445
715.0555419921875,562.1272802352905,648.9306640625,547.7205562591553,592.6193237304688,521.3094663619995,562.642707824707,494.0564203262329,561.1992645263672,463.0242919921875,601.6915512084961,407.7536201477051,546.3090515136719,373.2305860519409,509.17144775390625,349.55676555633545,476.7938232421875,326.7843818664551,641.3452911376953,390.1170015335083,580.9207153320312,428.1400394439697,596.0343170166016,486.271448135376,619.244270324707,517.8225088119507,676.0153961181641,397.994327545166,612.571907043457,453.9079999923706,627.8647994995117,504.8810005187988,649.5951080322266,530.5760049819946,703.3631134033203,422.12862968444824,649.4516754150391,477.526330947876,652.8648376464844,517.0646667480469,665.9176635742188,534.6868658065796,65,1787821635.215174
733.2373046875,564.8082447052002,667.4909973144531,557.1082019805908,606.1474227905273,531.7083263397217,576.0079193115234,501.50789737701416,574.3238830566406,469.90615367889404,616.8254470825195,409.11266326904297,560.4560089111328,374.01301860809326,522.5116348266602,349.41192626953125,489.61376190185547,326.19232177734375,655.7895660400391,392.63527393341064,591.1171722412109,435.67477226257324,606.0691070556641,497.8658437728882,631.0367202758789,533.1114864349365,689.3243408203125,401.9551134109497,621.7891311645508,459.6453094482422,635.1591873168945,515.0880289077759,656.5026092529297,546.0265159606934,715.4289245605469,427.85040378570557,660.262451171875,482.25839138031006,660.35400390625,522.4392557144165,671.0560607910156,543.3667516708374,66,1787821635.2622266
732.2677612304688,564.1364479064941,665.5317687988281,556.542534828186,605.6574630737305,532.3557472229004,576.3031768798828,502.5242614746094,575.7333755493164,471.37617588043213,616.5498733520508,407.1500587463379,561.9992828369141,374.04773712158203,524.9635696411133,350.44039249420166,493.4394073486328,328.08308601379395,657.0957946777344,393.0703926086426,593.9876937866211,434.44520473480225,606.7805862426758,496.01091384887695,630.0568771362305,531.3112735748291,692.1002197265625,404.0486526489258,625.458869934082,459.5237731933594,637.612190246582,514.5081567764282,657.3716735839844,544.0097951889038,719.7476959228516,430.9318971633911,662.1531677246094,481.8196678161621,662.3805236816406,522.553539276123,673.4667205810547,543.1744480133057,67,1787821635.3282087
733.0036163330078,564.7149038314819,666.2945556640625,557.5793695449829,606.728630065918,532.8519344329834,578.118896484375,502.3847007751465,577.2546768188477,470.9011459350586,618.1074142456055,408.23676109313965,564.3455505371094,375.40514945983887,527.0030212402344,352.21256017684937,494.77195739746094,330.08326292037964,658.6268615722656,393.44367027282715,595.9575271606445,433.97300720214844,609.5742034912109,495.3555965423584,633.1217956542969,528.5296297073364,693.3625030517578,404.51823234558105,627.3965454101562,458.912615776062,639.7504043579102,513.7651205062866,659.6675872802734,541.0520696640015,720.3144836425781,432.0292854309082,664.0872955322266,483.68549823760986,665.02685546875,523.9704322814941,676.8049621582031,542.4297380447388,68,1787821635.3671093
728.9637756347656,567.4439764022827,664.44580078125,561.5695524215698,605.4099273681641,536.4968204498291,577.0073699951172,504.6158266067505,575.7413482666016,471.57620429992676,614.6521759033203,412.8165578842163,562.8459930419922,377.2616243362427,525.3933715820312,352.9732346534729,493.2700729370117,331.08986377716064,655.0235748291016,396.9222593307495,595.9066772460938,434.8216152191162,608.8722229003906,496.87578678131104,632.0011520385742,531.2484884262085,690.6394195556641,407.0227289199829,628.8483810424805,459.62599754333496,640.7292938232422,515.123176574707,660.5186462402344,542.8494501113892,719.1780853271484,433.5835933685303,665.0975799560547,484.83940601348877,664.6143341064453,526.8012571334839,675.3525543212891,546.7474508285522,69,1787821635.4156396
727.9106903076172,567.0202732086182,663.3979034423828,560.2438116073608,604.1653823852539,535.3435134887695,575.3667449951172,504.872031211853,573.9186096191406,473.3505392074585,614.2101287841797,411.5188407897949,561.2279891967773,377.2534704208374,524.3500518798828,353.75845670700073,493.08162689208984,331.9582986831665,653.9270782470703,396.6598320007324,594.5375061035156,437.86362648010254,607.150993347168,498.3349084854126,630.4627227783203,532.0085620880127,688.9121246337891,407.73048877716064,627.1651077270508,463.30684661865234,638.5878372192383,517.2915172576904,658.5713195800781,545.2809047698975,716.9065093994141,435.03018379211426,663.5468292236328,487.70726680755615,661.8187713623047,529.3523597717285,671.5065765380859,550.2897691726685,70,1787821635.464862
725.5160522460938,567.0115184783936,660.498046875,560.3562927246094,602.2364807128906,536.6315317153931,573.8273620605469,506.8348503112793,571.5120315551758,474.6493721008301,610.9170532226562,411.98163986206055,558.8940811157227,377.8841543197632,522.3263931274414,353.8017797470093,491.33533477783203,331.2416124343872,650.8220672607422,396.2049722671509,591.4345932006836,439.71529483795166,603.8846969604492,499.40895080566406,627.1266555786133,532.1129322052002,686.0893249511719,407.21009731292725,624.9666976928711,464.992733001709,635.9736251831055,517.1034622192383,655.8193206787109,543.637375831604,714.2902374267578,434.8273229598999,660.9821319580078,489.24543857574463,658.5755157470703,530.2743101119995,667.8546142578125,550.7800769805908,71,1787821635.488578
724.7683715820312,566.6968631744385,658.4590911865234,558.5764217376709,600.7975387573242,535.1042604446411,571.9666290283203,507.08624839782715,569.8286056518555,475.49810886383057,611.0890579223633,411.7735004425049,557.4153900146484,377.8009843826294,520.1884460449219,353.6886978149414,488.896484375,330.73001861572266,651.2386322021484,396.2959098815918,589.7256469726562,441.1161804199219,602.7302932739258,498.84100914001465,626.5201950073242,527.9688549041748,686.4028167724609,407.97489166259766,622.8082656860352,467.223858833313,634.6124267578125,517.5030469894409,655.2958679199219,540.8977031707764,714.0181732177734,436.14941596984863,659.2594146728516,490.127649307251,657.7931213378906,530.0174188613892,667.9704284667969,548.538179397583,72,1787821635.5361629
722.0820617675781,569.5239973068237,654.8226928710938,560.4627227783203,597.2266006469727,536.2946891784668,568.6648178100586,506.9002103805542,567.038688659668,474.9930810928345,609.5198059082031,412.2880983352661,553.3839416503906,380.6556272506714,515.5188369750977,357.74930477142334,483.7937927246094,335.3327751159668,649.6247863769531,396.06807231903076,586.423454284668,441.4359426498413,600.0583648681641,500.1937007904053,624.4979476928711,531.769437789917,684.6714782714844,407.26571559906006,619.8435974121094,467.92672634124756,632.2106170654297,519.4775819778442,653.4159088134766,545.2159309387207,712.4598693847656,435.3600740432739,657.2119140625,492.4129343032837,655.6138610839844,533.13551902771,665.6713104248047,552.9824924468994,73,1787821635.5667124
726.52587890625,569.4899654388428,656.5171051025391,560.458517074585,598.6269760131836,537.772479057312,568.508186340332,510.32687187194824,566.1504745483398,478.0817413330078,609.5893096923828,412.5132751464844,550.6996154785156,384.31167125701904,511.0444641113281,363.5457944869995,477.4431610107422,342.8934717178345,648.9394378662109,396.59090995788574,585.9140396118164,442.42870330810547,598.8739776611328,503.0829334259033,622.0209503173828,538.698205947876,683.7734985351562,408.40782165527344,618.2198715209961,470.5600118637085,630.8096694946289,524.4896221160889,651.6950225830078,553.658709526062,711.0202026367188,437.789511680603,654.8993682861328,495.5096626281738,653.8835906982422,536.6151809692383,664.4001770019531,557.9212760925293,74,1787821635.6173418
733.2316589355469,575.3701829910278,659.6576690673828,564.4127368927002,600.2619171142578,542.525224685669,567.2666549682617,518.7786197662354,562.2287750244141,488.0280590057373,611.1616134643555,410.50050258636475,545.4733657836914,405.8801078796387,500.2827453613281,402.62678146362305,462.3453140258789,395.9735298156738,647.5279235839844,397.05267906188965,576.6951751708984,450.6035614013672,593.0764770507812,511.5680265426636,619.5924758911133,543.5820579528809,681.3296508789062,409.29144859313965,609.6834945678711,477.5722074508667,626.3898849487305,531.6265296936035,649.4930267333984,556.1573696136475,709.2355346679688,439.16361808776855,650.0289154052734,501.0023546218872,653.1497192382812,541.622371673584,666.3079071044922,559.2598056793213,75,1787821635.661274
730.0959777832031,573.1655359268188,659.0129852294922,563.2017517089844,598.6590576171875,541.7401742935181,564.5070266723633,517.8402757644653,559.5969772338867,485.9222459793091,613.5483169555664,409.94470596313477,546.1771392822266,405.9881258010864,502.43030548095703,401.9408655166626,465.83545684814453,394.9434757232666,650.1319885253906,398.3312129974365,577.4711227416992,447.18865871429443,592.2842025756836,509.7476005554199,617.5769805908203,546.501932144165,683.0551147460938,410.4790449142456,609.9303436279297,479.52502727508545,625.5746459960938,534.8548364639282,648.3102416992188,562.0919179916382,709.4503784179688,440.0100803375244,650.3444671630859,502.2071170806885,656.1042022705078,541.8856143951416,671.9850158691406,558.5015344619751,76,1787821635.7211485
724.9490356445312,572.6969003677368,655.9781646728516,563.0054569244385,595.7294464111328,541.4780044555664,563.5658264160156,516.2868690490723,563.5580062866211,486.5666627883911,610.7724761962891,408.7285280227661,546.5855026245117,404.4684934616089,503.9436721801758,399.0076446533203,468.34129333496094,391.22902393341064,648.5770416259766,397.34973907470703,580.6662750244141,447.2936725616455,595.2792358398438,509.2697811126709,619.415283203125,545.6007957458496,682.7544403076172,410.0016975402832,613.3972549438477,477.9795169830322,628.0393218994141,531.9338893890381,649.5786285400391,559.6752691268921,710.3047180175781,439.6804904937744,652.7930450439453,499.0473461151123,656.2738800048828,538.6400127410889,669.7933197021484,556.9073152542114,77,1787821635.7798004
723.53271484375,572.3973083496094,656.6356658935547,563.7725687026978,594.8946380615234,541.9020509719849,563.8994598388672,515.6858825683594,567.9023361206055,485.1125192642212,611.8764114379883,408.49133491516113,549.26025390625,403.3891296386719,507.8333282470703,397.3984909057617,472.8535461425781,389.4794511795044,651.373291015625,397.30085849761963,585.2254104614258,445.47187328338623,601.9408416748047,505.76364040374756,626.8534469604492,537.6630020141602,687.3215484619141,410.17752170562744,618.6310195922852,474.9296522140503,633.7570190429688,528.8695192337036,655.6296539306641,552.6266384124756,716.1576843261719,439.9294424057007,658.2830810546875,498.29516887664795,662.7348327636719,537.5851535797119,677.7544403076172,552.4663925170898,78,1787821635.8227713
725.4654693603516,571.361289024353,659.6450042724609,563.6681985855103,596.6111373901367,542.0006275177002,566.2688064575195,513.6021280288696,572.3340225219727,483.00365924835205,614.4559860229492,407.9154109954834,552.4463653564453,401.8250799179077,511.0052490234375,395.3422451019287,476.43985748291016,387.21060276031494,654.2356109619141,396.5528869628906,588.7796401977539,444.89131450653076,604.7665405273438,506.1697053909302,629.2890930175781,539.3179893493652,690.1293182373047,409.5528030395508,622.5614547729492,473.13175678253174,635.9832000732422,527.5412893295288,656.49169921875,553.0802965164185,719.1880798339844,439.1773509979248,661.6492462158203,496.0514259338379,662.6316070556641,536.2033224105835,674.2560577392578,553.7216663360596,79,1787821635.872601
710.5736541748047,569.111967086792,652.9157257080078,564.2139101028442,593.4537506103516,536.1641836166382,569.9883651733398,500.7875633239746,582.0052337646484,471.9268226623535,614.8769378662109,411.27212047576904,564.8383331298828,374.57709789276123,531.121826171875,345.8283233642578,504.01756286621094,319.9360156059265,660.5660247802734,393.92741203308105,601.6670227050781,433.21417808532715,612.9926300048828,493.5614776611328,634.4472885131836,526.6336297988892,699.9819946289062,405.4431438446045,634.3889236450195,464.98440742492676,639.9663925170898,521.829342842102,656.3113403320312,552.818169593811,730.6990051269531,434.87950801849365,674.6472930908203,488.390736579895,670.9308624267578,529.2804336547852,679.5989990234375,550.1569032669067,80,1787821635.9219515
726.09375,568.7431955337524,663.2337951660156,561.7487668991089,600.942268371582,535.18798828125,577.1568298339844,500.59131145477295,584.0093612670898,467.74455070495605,617.0566558837891,410.435528755188,567.5782775878906,371.2577247619629,533.5808563232422,341.05926990509033,505.9067916870117,313.45556259155273,661.9339752197266,393.1853199005127,604.0714645385742,435.5042266845703,615.118293762207,500.9377670288086,636.2092971801758,540.8687782287598,701.6493225097656,404.17284965515137,638.4263610839844,461.75798892974854,646.0297393798828,518.7140321731567,662.6184844970703,552.053632736206,734.2781066894531,431.8850040435791,677.4056243896484,482.92718410491943,672.8215789794922,524.0360069274902,680.7886505126953,547.600908279419,81,1787821635.9674916
729.0387725830078,569.2017889022827,664.3663787841797,562.3959732055664,603.2287216186523,535.6240510940552,576.7916107177734,501.73577785491943,585.3751373291016,467.62425899505615,617.901611328125,410.08662700653076,567.7277374267578,367.6029682159424,534.246940612793,336.58764123916626,507.50308990478516,307.7945566177368,663.7734985351562,392.62025356292725,607.1255874633789,426.749324798584,616.5864562988281,490.2321481704712,637.855110168457,523.4209442138672,703.1063079833984,403.30694675445557,640.1937103271484,456.6114091873169,646.6604614257812,514.3124628067017,664.0399169921875,541.451268196106,734.1374969482422,431.32216930389404,677.1730804443359,481.4659595489502,676.3184356689453,523.391547203064,688.1803131103516,541.5546941757202,82,1787821636.0119586
736.1771392822266,570.6989336013794,666.9627380371094,561.2408638000488,605.3035354614258,534.8096466064453,577.9367446899414,501.2583017349243,585.4472351074219,467.8840684890747,621.4776229858398,407.76130199432373,569.7256088256836,370.2101182937622,534.7193145751953,342.56092071533203,505.6968307495117,315.9404253959656,666.0749816894531,390.4216146469116,606.8428039550781,428.8462972640991,617.6922607421875,492.17475414276123,639.782829284668,525.7173442840576,704.7650909423828,401.1995458602905,639.9993133544922,454.93324756622314,648.1996154785156,512.1938610076904,666.59912109375,540.6522274017334,735.9144592285156,429.3034315109253,678.0256652832031,480.5655097961426,676.4085388183594,521.8474960327148,687.2611236572266,541.3991260528564,83,1787821636.0534022
738.1207275390625,572.1620464324951,668.3901214599609,561.5856456756592,605.5112457275391,534.6311187744141,577.4732971191406,501.5794801712036,586.7044067382812,468.6797618865967,620.8397674560547,408.7577533721924,566.6133880615234,374.2198705673218,530.8446884155273,349.07828092575073,500.8884811401367,324.87035751342773,665.1712799072266,391.206579208374,607.8214263916016,428.43581199645996,620.0019073486328,491.94494247436523,641.8430328369141,526.2537860870361,703.7238311767578,400.9796905517578,640.6866455078125,457.09656715393066,649.3869781494141,515.3710556030273,667.0248413085938,543.1446218490601,734.4574737548828,428.0810737609863,679.4284820556641,482.7132511138916,678.7919616699219,523.736457824707,689.2538452148438,541.1156272888184,84,1787821636.079744
742.6823425292969,574.1825437545776,671.0424041748047,563.1304264068604,605.3430938720703,535.488224029541,575.7027053833008,501.40069484710693,587.8810119628906,469.2147445678711,622.3447418212891,407.85155296325684,565.3727340698242,378.8945531845093,528.2037734985352,357.4868130683899,496.3233947753906,335.68485260009766,666.4024353027344,390.99217414855957,606.233024597168,429.5554733276367,620.7141494750977,493.11455726623535,643.6772155761719,526.0883903503418,705.0167083740234,401.50269985198975,640.4570770263672,458.9104700088501,650.8489990234375,518.3740139007568,669.4124603271484,545.6174039840698,736.0297393798828,429.5504093170166,679.6096801757812,485.46326637268066,679.9167633056641,527.923321723938,691.0376739501953,545.7045650482178,85,1787821636.1387
742.574462890625,574.5366811752319,671.9784545898438,561.1515998840332,605.9379196166992,532.9472064971924,575.7535934448242,500.3442049026489,588.5794830322266,469.46558475494385,623.8865280151367,404.1801452636719,565.8164215087891,381.5606689453125,528.7565231323242,364.93226051330566,496.37584686279297,346.7703151702881,668.7024688720703,389.4888925552368,605.0030517578125,427.9455041885376,619.2734527587891,491.535701751709,641.9302368164062,523.1498050689697,707.8748321533203,401.57187938690186,640.2056121826172,456.96516036987305,650.1298522949219,517.1592092514038,668.0208587646484,543.6931228637695,739.0470123291016,431.3330268859863,681.6846466064453,488.4043836593628,681.2201690673828,530.4339981079102,691.4981842041016,546.5668201446533,86,1787821636.181934
743.365478515625,573.9726448059082,673.6110687255859,562.2103214263916,607.3900985717773,535.3293514251709,577.3573303222656,502.2968530654907,590.0616073608398,470.65648555755615,621.2356185913086,407.7171850204468,566.0275268554688,383.8003349304199,528.8682174682617,367.09309101104736,496.84383392333984,349.47569847106934,665.7251739501953,391.09774589538574,606.4410400390625,431.5550708770752,621.9287109375,493.83888244628906,644.7845458984375,525.7698726654053,705.7447052001953,401.6161251068115,641.9762420654297,458.61894607543945,652.7190399169922,518.1270360946655,670.4868316650391,545.8380317687988,738.8543701171875,429.47625160217285,682.9257202148438,485.9924554824829,682.1450805664062,528.9142370223999,691.6039276123047,547.5284671783447,87,1787821636.2292974
741.7392730712891,572.710075378418,672.9582214355469,560.4808759689331,609.2671966552734,533.5992193222046,579.4546508789062,502.22917556762695,590.328483581543,472.1384811401367,622.8042221069336,406.4622974395752,565.9582901000977,384.1182518005371,528.2197952270508,368.4332084655762,495.8797073364258,351.60618782043457,667.1879577636719,390.75528144836426,606.0493850708008,430.98888874053955,620.8904647827148,493.6790657043457,643.9473724365234,525.4481792449951,706.6123199462891,402.08587646484375,640.8876037597656,460.00622749328613,651.3076782226562,518.4905290603638,669.5330047607422,544.5834875106812,738.3145141601562,430.8854627609253,682.1701812744141,487.15254306793213,682.2056579589844,527.96799659729,693.0709075927734,544.1086292266846,88,1787821636.288139
745.0756072998047,572.3911285400391,674.7396850585938,560.4530239105225,609.3998718261719,533.0193901062012,579.3992614746094,500.0587320327759,593.1414031982422,469.07187938690186,625.9447479248047,406.20463371276855,571.0031127929688,383.1278944015503,534.9116516113281,366.15418910980225,503.44261169433594,347.8318691253662,670.2641296386719,389.8299837112427,609.2433929443359,429.5639705657959,624.6548843383789,491.63848400115967,647.8394317626953,518.459587097168,710.2864837646484,400.61842918395996,645.5536651611328,457.0304346084595,655.6661224365234,514.2569732666016,674.0761566162109,536.2903118133545,743.4941864013672,428.921914100647,687.8764343261719,484.2819356918335,686.2167358398438,525.8099126815796,695.5972290039062,541.2770318984985,89,1787821636.3143165
741.5716552734375,569.8272800445557,672.6714324951172,558.0179643630981,608.3345794677734,530.5392694473267,579.5146179199219,496.27033710479736,594.4074249267578,465.4640293121338,625.166015625,405.71024894714355,572.7040481567383,378.7620735168457,538.109130859375,358.7992286682129,508.8084411621094,338.5274577140808,670.5870056152344,389.0988779067993,612.2308731079102,425.527138710022,624.2438507080078,487.69640922546387,645.2189636230469,517.25830078125,711.3655090332031,399.850115776062,648.2689666748047,455.2244281768799,655.5863952636719,512.8013706207275,671.4629364013672,537.3692464828491,744.9897766113281,427.7834987640381,690.1709747314453,482.2804069519043,687.1942901611328,523.6453485488892,694.94384765625,540.608925819397,90,1787821636.3659186
740.6935119628906,569.3692016601562,671.8975067138672,558.0054759979248,609.2333984375,529.5728158950806,584.0225219726562,496.27411365509033,596.7618560791016,464.50221061706543,628.0172729492188,403.9736795425415,578.5637664794922,374.25639152526855,545.7566833496094,351.3534164428711,518.2378387451172,327.27065563201904,672.7616882324219,387.87617683410645,611.8524169921875,423.86953353881836,625.7573318481445,482.8600215911865,649.2333221435547,506.4758634567261,712.6393127441406,399.4124221801758,648.4187316894531,453.3394145965576,657.1522521972656,508.9944362640381,675.5498504638672,529.2540407180786,745.7347106933594,427.95443058013916,689.87060546875,481.2220287322998,688.2771301269531,522.7550268173218,697.9777526855469,537.914400100708,91,1787821636.4157715
740.2420043945312,565.6508874893188,672.8102874755859,555.9656238555908,611.1147308349609,528.9356517791748,585.6884765625,496.6082525253296,597.7661514282227,463.8246202468872,627.4627685546875,404.33494091033936,580.7537841796875,367.3170232772827,548.797607421875,340.1123642921448,523.5472106933594,313.127818107605,673.0146789550781,387.4556493759155,615.8966445922852,419.15571212768555,627.2707366943359,476.4971351623535,649.0059661865234,500.9030055999756,713.7530517578125,398.50647926330566,651.8923950195312,449.5273733139038,658.8753509521484,504.37846183776855,676.02783203125,526.0468053817749,747.2471618652344,427.1780490875244,692.2218322753906,479.9638366699219,690.7795715332031,520.5393075942993,700.9796905517578,535.9099531173706,92,1787821636.4738374
735.5605316162109,566.126217842102,669.6202087402344,557.1961355209351,606.3837814331055,528.6290645599365,581.8927764892578,492.4212169647217,599.0826416015625,460.0000476837158,625.314826965332,402.98933029174805,580.0297164916992,362.3264408111572,550.1455688476562,333.4405732154846,527.6523971557617,305.1422166824341,673.0158996582031,385.71925163269043,617.2504043579102,415.73471546173096,626.563720703125,475.28464794158936,647.7415466308594,504.3939542770386,714.6037292480469,396.3695526123047,652.5898742675781,445.9702491760254,656.9306182861328,503.719539642334,672.7352905273438,530.3692388534546,748.7380981445312,424.4857120513916,692.6300048828125,476.5083360671997,688.6764526367188,518.7008571624756,697.1572875976562,537.5652408599854,93,1787821636.5141923
744.2201995849609,564.5271062850952,676.2413787841797,556.4345598220825,610.9505081176758,528.3830738067627,584.7006988525391,491.44866943359375,600.2381896972656,458.03564071655273,628.2476425170898,402.4930143356323,582.9592132568359,360.9456396102905,553.8207626342773,330.0214648246765,531.760368347168,300.63014030456543,675.1432037353516,384.4906282424927,619.915657043457,420.32811641693115,629.683952331543,481.40446186065674,650.9266662597656,511.1300754547119,716.9374084472656,395.62278270721436,656.0041809082031,447.95671463012695,660.6061553955078,504.8380422592163,676.5548706054688,531.2160873413086,751.7218017578125,423.94420623779297,696.1530303955078,474.75910663604736,690.8466339111328,515.7303428649902,698.4600067138672,534.3332433700562,94,1787821636.5533812
745.2200317382812,566.5490627288818,676.365966796875,556.1574983596802,611.9926452636719,528.0952835083008,585.3551483154297,491.5132999420166,601.139030456543,458.3016300201416,631.953239440918,400.65070152282715,584.4917297363281,361.63992404937744,555.0299835205078,332.44603157043457,532.737922668457,303.75911951065063,678.7808227539062,383.93041133880615,621.0439300537109,415.1043748855591,629.4921875,476.30513191223145,649.6659851074219,506.96934700012207,719.7517395019531,395.2078342437744,656.8941497802734,444.7929525375366,661.1414337158203,503.0560255050659,676.5628051757812,531.0232257843018,753.5227203369141,423.90013217926025,697.3586273193359,474.1068363189697,693.0342102050781,515.370626449585,701.0502624511719,534.303503036499,95,1787821636.5962539
750.1903533935547,567.1709060668945,678.3483123779297,556.6163063049316,611.3879013061523,527.5076007843018,584.774169921875,490.874547958374,602.4948883056641,458.4052276611328,633.2508087158203,400.0810432434082,586.2477493286133,363.32834243774414,555.5177307128906,336.1034059524536,530.9572601318359,308.8433647155762,680.1161193847656,383.33581924438477,621.8969345092773,415.6944179534912,632.457389831543,475.92061042785645,653.9035034179688,503.0314779281616,721.2123107910156,394.94858264923096,658.6068725585938,446.1032438278198,663.7751007080078,503.37467193603516,680.0263977050781,527.4815082550049,754.8644256591797,424.04329776763916,699.2759704589844,475.8967924118042,695.2542877197266,517.6934194564819,703.4014892578125,535.0252103805542,96,1787821636.6404166
760.8983612060547,567.780818939209,685.1350402832031,552.7145719528198,618.641471862793,523.1317806243896,590.9858703613281,488.6652660369873,605.5828094482422,454.9183988571167,638.6186218261719,392.71037578582764,591.4170455932617,371.1194944381714,560.0669097900391,351.9970393180847,533.7648391723633,330.88159561157227,684.9636840820312,378.22953701019287,626.8973541259766,418.05986881256104,638.5007858276367,479.094500541687,659.8344421386719,503.50582122802734,726.5226745605469,391.3839054107666,664.5098114013672,448.18262100219727,670.1374816894531,504.2923307418823,686.0652160644531,523.5125255584717,761.1183166503906,421.7190456390381,705.7570648193359,475.9012985229492,700.888671875,517.3300981521606,708.3713531494141,531.8971538543701,97,1787821636.695961
753.7338256835938,565.7765436172485,684.3485260009766,550.2371978759766,621.8628692626953,520.749077796936,596.2327575683594,487.92707920074463,612.1879577636719,457.38285541534424,641.1240386962891,394.0868854522705,595.926399230957,366.8589448928833,565.6357192993164,346.726713180542,541.7676544189453,324.4011425971985,687.4833679199219,380.2250146865845,628.2851409912109,411.9733142852783,637.1051788330078,469.88701343536377,657.1886444091797,492.6819705963135,728.8203430175781,393.1085443496704,665.4698944091797,445.7429265975952,670.8518981933594,501.39867782592773,686.4004516601562,519.3655300140381,762.3775482177734,422.6247310638428,706.0071563720703,476.32731914520264,703.4210205078125,517.0428228378296,712.5148010253906,529.8475170135498,98,1787821636.740638
752.2344970703125,565.279541015625,684.6035766601562,552.1767997741699,622.4331665039062,521.936502456665,599.5757675170898,487.84738540649414,615.421142578125,455.54779529571533,639.7153091430664,395.6530809402466,598.5087203979492,364.5149517059326,569.6184539794922,340.5296516418457,546.4911651611328,316.466760635376,686.8093109130859,380.5675220489502,629.4584655761719,410.56745052337646,638.4754180908203,469.98589038848877,658.4815979003906,495.08660316467285,729.5518493652344,393.28359603881836,667.5969696044922,442.26566791534424,672.2133636474609,499.2153596878052,687.7155303955078,520.3026723861694,765.401611328125,422.932391166687,709.9946594238281,473.1437301635742,705.5876159667969,513.7892818450928,713.6177062988281,528.7999963760376,99,1787821636.7859402
750.7219696044922,564.0312623977661,683.0731201171875,550.8829879760742,622.6104736328125,520.841474533081,601.705207824707,486.9445753097534,616.0956573486328,453.43820571899414,645.5416107177734,393.43255519866943,603.4164810180664,361.46212577819824,576.4369964599609,336.41982078552246,555.6097412109375,310.5616092681885,692.2406005859375,379.8213529586792,632.3127365112305,407.75203227996826,640.6085968017578,467.29599952697754,660.6500244140625,495.3133249282837,734.0154266357422,392.8181791305542,670.7086181640625,439.8424530029297,675.5816650390625,496.69416904449463,691.2435150146484,520.7870578765869,769.1836547851562,422.1107339859009,713.6729431152344,469.3686819076538,708.5103607177734,510.1714754104614,715.3355407714844,527.7319192886353,100,1787821636.8347518
748.6459350585938,563.2246255874634,682.6293182373047,549.782338142395,621.1795806884766,518.9308404922485,602.4491119384766,482.8174066543579,620.4885864257812,450.3822898864746,643.4727478027344,393.5349941253662,605.6552505493164,358.88887882232666,579.8419952392578,332.7193593978882,559.8696517944336,306.4464998245239,691.8982696533203,378.93656730651855,635.8033752441406,405.97602367401123,641.8440246582031,465.62431812286377,659.7673797607422,492.82848358154297,735.3970336914062,392.09630012512207,674.9808502197266,437.61621952056885,676.3644409179688,494.2265796661377,689.7158050537109,517.9664897918701,772.0547485351562,421.9150400161743,716.7032623291016,468.45703125,707.4784088134766,509.704213142395,711.5731811523438,528.1136083602905,101,1787821636.8789303
750.3228759765625,563.653564453125,682.7565002441406,549.874906539917,619.8195266723633,518.3112716674805,600.7615280151367,480.9156131744385,623.0219268798828,450.0130033493042,646.2556457519531,391.01333141326904,607.7597045898438,360.6118440628052,582.1140289306641,335.41903495788574,561.7995452880859,309.590220451355,694.6958160400391,376.58759593963623,637.1567916870117,405.61180114746094,644.2325592041016,464.5378303527832,662.3891448974609,493.2478952407837,738.0131530761719,390.3784418106079,676.834716796875,435.95672607421875,678.731689453125,491.7404508590698,691.6732025146484,517.5676774978638,774.6965026855469,420.66285610198975,719.5331573486328,466.9094181060791,709.6270751953125,507.6175832748413,712.1812438964844,527.7401161193848,102,1787821636.9306066
754.0123748779297,559.5330905914307,691.297607421875,545.5657768249512,629.6495819091797,515.2591323852539,606.8252182006836,479.8262071609497,624.9727249145508,447.87127017974854,650.7275390625,389.34486865997314,613.6564636230469,359.56655502319336,590.3485107421875,335.2831220626831,573.3909606933594,309.5114278793335,698.2717132568359,375.2096700668335,643.3642578125,398.033766746521,645.6938934326172,459.63247776031494,659.8698425292969,491.558575630188,741.8401336669922,388.6925983428955,682.6480865478516,435.1001787185669,681.5373992919922,492.83543586730957,691.9552612304688,518.8161277770996,778.1858825683594,418.8205862045288,724.5000457763672,466.2014865875244,714.9512481689453,505.8898973464966,717.9297637939453,523.2661485671997,103,1787821636.9811587
753.8491058349609,555.8885908126831,692.7325439453125,540.7656097412109,633.4067916870117,511.9844341278076,610.6619644165039,478.92592906951904,628.3546829223633,448.9488744735718,652.0010375976562,387.98333644866943,611.0003280639648,356.7517375946045,586.0741806030273,329.9902868270874,568.2767486572266,303.62372159957886,699.2525482177734,374.53238010406494,643.1777954101562,399.95967864990234,647.003173828125,458.8707733154297,662.6929473876953,493.5298490524292,742.327880859375,388.33322525024414,681.1656951904297,433.9705181121826,681.7290496826172,490.8701705932617,693.2506561279297,521.7440700531006,778.1385040283203,418.67209911346436,723.5117340087891,465.25164127349854,715.0428771972656,504.03685569763184,719.0882110595703,524.0486240386963,104,1787821637.0114386
751.4142608642578,554.3906307220459,691.6789245605469,541.2847566604614,631.9754409790039,512.9430770874023,610.4098892211914,481.438364982605,626.4701080322266,449.6307563781738,649.9861145019531,389.32379722595215,604.9187088012695,356.0578393936157,576.7955017089844,329.3605041503906,556.0362243652344,303.57303857803345,698.1488037109375,374.86690521240234,641.6518402099609,402.88217067718506,645.6146240234375,463.1690454483032,662.2725677490234,498.78247261047363,741.1997985839844,387.77888774871826,678.9250183105469,434.8731565475464,680.3359222412109,492.13552951812744,692.8556060791016,522.924542427063,777.4050140380859,416.95295333862305,722.5341796875,462.6320457458496,714.0359497070312,502.32659339904785,718.4602355957031,522.9300355911255,105,1787821637.0666065
748.8288116455078,557.7253246307373,688.7786102294922,542.5583124160767,628.6921310424805,513.0417823791504,606.5256500244141,481.0448741912842,624.2687225341797,449.07766342163086,652.0819854736328,389.4293689727783,604.1065979003906,359.88288402557373,574.3139266967773,335.2111530303955,550.8737945556641,310.220947265625,699.7117614746094,375.5587863922119,641.9705963134766,407.08881855010986,644.5201110839844,470.9230327606201,659.8536682128906,509.0328025817871,741.9508361816406,389.26796436309814,679.9106597900391,439.11834239959717,681.1890411376953,495.3247404098511,694.0973663330078,525.4253482818604,777.0719909667969,418.90371322631836,721.9416046142578,464.3173313140869,713.0668640136719,505.15849113464355,717.3943328857422,526.7543935775757,106,1787821637.111884
751.3510894775391,557.593789100647,689.4377899169922,541.9014072418213,629.5481872558594,513.3457088470459,606.6520690917969,481.3067436218262,623.0698013305664,448.5954236984253,650.9339141845703,388.3874273300171,602.8176879882812,362.508487701416,572.4900817871094,340.3522825241089,548.5023498535156,317.0750427246094,697.6358032226562,375.4284954071045,639.8086166381836,410.1576089859009,645.2779388427734,474.04417991638184,662.7157592773438,512.4500226974487,739.7909545898438,390.1961374282837,678.0994415283203,438.78961086273193,681.2324523925781,495.50442695617676,695.3642272949219,526.6540145874023,775.8118438720703,421.15543842315674,720.7309722900391,466.17899894714355,711.9284057617188,505.940580368042,716.4251708984375,527.4912071228027,107,1787821637.1582997
750.9636688232422,558.9699983596802,689.6934509277344,541.6669178009033,629.8618698120117,513.6329412460327,605.4965591430664,482.94280529022217,623.1000900268555,451.4433717727661,651.5328979492188,387.3205518722534,601.812744140625,366.2672281265259,570.5808258056641,347.3537278175354,545.7344055175781,326.88424587249756,697.8952026367188,374.3305492401123,639.1647720336914,410.2830934524536,643.7699127197266,473.9075803756714,660.6632232666016,510.48059463500977,740.3974914550781,389.17728424072266,677.8343200683594,439.14499282836914,680.3214263916016,495.3969669342041,694.4670867919922,523.6874914169312,776.5480804443359,420.40141582489014,721.2117004394531,467.8901195526123,712.916259765625,507.16156482696533,718.4879302978516,526.3885402679443,108,1787821637.212039
751.834716796875,559.0062618255615,691.9435119628906,543.238263130188,630.8946228027344,515.404314994812,605.6645584106445,484.649977684021,623.6399459838867,453.8460302352905,651.1866760253906,387.7213382720947,603.4684371948242,368.4151840209961,573.4001922607422,351.09989404678345,549.1248321533203,332.19276666641235,697.4397277832031,375.07036685943604,640.4866027832031,409.71991539001465,645.6167602539062,474.08949851989746,662.6939392089844,509.8795223236084,739.8787689208984,389.8722553253174,678.8238525390625,438.95092964172363,680.6901550292969,496.0115575790405,694.1384124755859,523.3666133880615,775.9619140625,421.2047481536865,721.3735961914062,469.37408924102783,712.8034210205078,508.8394260406494,717.9814147949219,526.751561164856,109,1787821637.2557447
752.1121978759766,557.5748634338379,693.4843444824219,543.200798034668,633.0498504638672,515.7736444473267,608.9937210083008,482.7489137649536,626.3089370727539,451.60752296447754,651.1322021484375,389.4866180419922,603.8628387451172,368.9407682418823,574.5427322387695,350.27413845062256,551.2228393554688,329.4334602355957,697.6602172851562,375.904598236084,641.0128784179688,406.0025882720947,646.9921112060547,467.6155471801758,663.4922790527344,502.85157680511475,740.6809997558594,389.66527462005615,680.3752136230469,437.9119062423706,683.6677551269531,494.973521232605,696.7872619628906,523.451886177063,777.29736328125,419.979772567749,722.6510620117188,469.4982433319092,714.4438934326172,509.48161125183105,718.9292907714844,528.4449577331543,110,1787821637.29681
750.7765197753906,555.5030822753906,693.4190368652344,542.0754718780518,634.714241027832,514.915337562561,611.7879486083984,481.3474702835083,629.5655059814453,450.9018659591675,651.7068481445312,389.8597240447998,606.7219924926758,365.225887298584,578.0332946777344,344.6745443344116,555.8426666259766,322.79651641845703,698.9813232421875,375.90301036834717,642.7108764648438,408.05325508117676,650.3147125244141,468.68714332580566,668.8878631591797,501.91718101501465,742.4083709716797,389.57056045532227,682.3501586914062,438.1375551223755,685.5066680908203,494.23640727996826,699.3475341796875,521.9886016845703,779.3796539306641,419.74910259246826,725.5027008056641,467.9845333099365,717.4815368652344,506.9229984283447,722.5106048583984,525.7945919036865,111,1787821637.3418305
751.2091827392578,551.3702487945557,696.0539245605469,539.772162437439,636.4499282836914,511.88401222229004,613.2968139648438,478.36665630340576,634.3344497680664,449.1691589355469,654.1326904296875,389.40675258636475,613.6491012573242,355.1621961593628,588.2137298583984,328.6233901977539,570.5842208862305,301.98956966400146,702.9656219482422,374.76768493652344,650.2361297607422,399.0796136856079,652.5669860839844,459.69088554382324,667.2021484375,492.45559215545654,748.3328247070312,388.556170463562,690.5967712402344,437.6469039916992,689.9437713623047,492.76514053344727,701.1042022705078,518.2033395767212,786.8708801269531,419.2225742340088,733.560791015625,466.34345054626465,721.3092041015625,506.11013889312744,722.3896789550781,524.7957372665405,112,1787821637.3884833
756.0111236572266,555.2772617340088,697.4961090087891,539.7740936279297,637.5463104248047,510.432186126709,613.8696670532227,476.5839099884033,635.3133010864258,447.1851396560669,658.0751037597656,384.8571252822876,614.8085784912109,359.6819543838501,587.2797775268555,338.96480798721313,566.1419677734375,316.4119362831116,707.4829864501953,371.36248111724854,652.369384765625,405.83032608032227,659.6796417236328,466.46824836730957,678.5169219970703,496.85797691345215,752.4360656738281,386.87255859375,692.4329376220703,441.9211006164551,694.4454956054688,494.02775287628174,708.1410980224609,515.2420949935913,789.9629211425781,418.620343208313,734.5290374755859,467.95363426208496,723.5614013671875,507.17190742492676,726.085205078125,524.8223447799683,113,1787821637.434918
754.9050140380859,556.7545795440674,696.3713073730469,540.5589294433594,636.154670715332,511.12406730651855,613.802490234375,478.1867980957031,635.6081390380859,447.0788812637329,657.8482055664062,384.3086242675781,615.0287246704102,366.2522506713867,587.2983169555664,350.4785442352295,564.468994140625,332.4437999725342,706.685791015625,371.3579320907593,650.7910919189453,401.802978515625,656.6729736328125,461.6013479232788,673.1542205810547,492.63274669647217,751.6841888427734,386.7441129684448,692.5223541259766,439.03332710266113,694.6009826660156,492.90504455566406,707.0226287841797,514.9016046524048,790.3106689453125,418.520565032959,735.5634307861328,467.45710372924805,724.1635894775391,507.3005676269531,725.1041412353516,524.3952083587646,114,1787821637.4863856
757.0481872558594,555.6754732131958,699.8355102539062,539.3589735031128,638.4598922729492,509.6490240097046,614.1866302490234,476.3285207748413,637.2262954711914,446.96751594543457,662.6323699951172,379.0655708312988,618.1277084350586,367.9650020599365,589.5020294189453,354.67225313186646,566.5946578979492,338.47087383270264,710.6171417236328,367.9470205307007,654.1444396972656,406.57344818115234,660.5974578857422,467.85913467407227,677.4504089355469,499.66803073883057,754.6555328369141,385.5171203613281,693.4508514404297,441.11785411834717,695.5654144287109,494.810528755188,708.4192657470703,516.5743589401245,791.3710784912109,419.3836784362793,734.3976593017578,470.77621936798096,724.1098785400391,510.0236749649048,727.3531341552734,525.7481575012207,115,1787821637.5414078
756.7041778564453,552.0215749740601,701.4638519287109,535.9598636627197,640.96435546875,507.5712776184082,616.7856597900391,474.2368698120117,639.1938018798828,446.3908624649048,664.3840789794922,381.0846948623657,620.9852600097656,367.19329833984375,593.3949661254883,351.36101245880127,571.4106369018555,333.16977739334106,712.3604583740234,369.2658519744873,656.9935607910156,403.942608833313,662.8085327148438,464.85514640808105,678.5340118408203,498.0472469329834,756.7442321777344,386.03811264038086,696.2132263183594,441.2315368652344,697.4401092529297,494.8402690887451,708.7752532958984,518.0221080780029,793.9183807373047,419.20279026031494,738.3979797363281,470.08678436279297,726.6207122802734,508.69664669036865,727.8172302246094,525.7041263580322,116,1787821637.5731091
756.3623046875,548.5389089584351,700.3316497802734,535.3918790817261,641.5568542480469,507.5244140625,619.6650695800781,473.53498935699463,640.7118988037109,445.4501152038574,666.0875701904297,383.1861734390259,624.857292175293,363.49515438079834,598.4958648681641,344.04195070266724,577.9460525512695,323.3085823059082,713.7937927246094,370.80668449401855,659.7341156005859,401.42244815826416,664.385986328125,463.00952911376953,679.3067932128906,499.29762840270996,758.2093048095703,386.8029499053955,698.8739013671875,438.6862277984619,699.2955780029297,493.19459438323975,709.7287750244141,519.9485349655151,795.582275390625,419.4000291824341,741.1532592773438,467.4725103378296,728.7131500244141,505.53472995758057,729.1701507568359,524.3801879882812,117,1787821637.6252503
756.4818572998047,546.8292045593262,701.8367004394531,533.9358472824097,644.1104888916016,506.7742109298706,622.7458572387695,472.35546112060547,642.8430938720703,443.6439800262451,665.1416778564453,386.41761302948,627.2714996337891,358.87521028518677,602.2145843505859,336.4657402038574,583.0280303955078,314.30185317993164,712.7777099609375,372.4845886230469,662.3817443847656,397.2752380371094,664.9744415283203,456.48849964141846,677.7492523193359,493.75064849853516,757.955322265625,386.6104316711426,702.2765350341797,439.3276834487915,701.5891265869141,493.4785223007202,710.4727172851562,521.926760673523,796.7821502685547,417.6043653488159,745.5773162841797,464.9160432815552,731.1426544189453,502.92792320251465,728.6880493164062,523.76868724823,118,1787821637.6731021
760.7781982421875,544.55482006073,708.8720703125,532.7043056488037,649.4395446777344,504.6069860458374,627.5851440429688,469.1557788848877,651.3863372802734,442.0886421203613,668.3390045166016,386.24650955200195,633.8956832885742,352.7744507789612,611.2799072265625,327.07629203796387,594.3790435791016,302.65175342559814,716.7461395263672,370.47404766082764,665.9644317626953,398.62428188323975,668.3699035644531,461.6301441192627,683.0149841308594,498.10526847839355,762.4562072753906,383.7641143798828,708.4104156494141,437.1480131149292,707.0057678222656,490.17794609069824,716.7536926269531,515.9082269668579,802.9460144042969,413.86648178100586,754.7743988037109,461.55856132507324,739.7439575195312,499.09996032714844,736.7361450195312,518.8802862167358,119,1787821637.7224944
765.2439117431641,547.4895858764648,710.3733062744141,531.1538171768188,651.6913604736328,502.2393035888672,626.711311340332,467.86325454711914,650.9619903564453,443.59986305236816,673.3033752441406,381.97930812835693,634.562873840332,358.6924123764038,609.6572875976562,338.5258483886719,589.9890899658203,316.8888759613037,720.8686828613281,368.15159797668457,667.5579071044922,400.13245582580566,672.1879577636719,464.0127182006836,687.6425170898438,499.907283782959,765.9362030029297,383.3821678161621,709.6626281738281,435.19373416900635,709.0462493896484,489.8435926437378,718.7539672851562,516.5855598449707,805.06591796875,414.83362197875977,755.6385040283203,461.1450719833374,741.1864471435547,498.68492603302,738.5414886474609,518.7062644958496,120,1787821637.772981
769.0111541748047,548.6430215835571,713.2799530029297,531.8834209442139,653.3025360107422,502.76244163513184,628.0393981933594,468.5526466369629,651.1285400390625,442.7577781677246,676.7829895019531,379.3101453781128,635.3498840332031,364.7892236709595,609.0046691894531,349.0553855895996,587.3880767822266,331.5620827674866,723.0860137939453,366.37829303741455,669.0312194824219,402.81805515289307,675.7341766357422,466.32461071014404,692.1439361572266,501.430606842041,766.8914031982422,382.3572635650635,709.1541290283203,438.1634330749512,710.3702545166016,492.64145851135254,721.453857421875,517.6814460754395,804.8777770996094,414.72779273986816,753.5517120361328,463.9559841156006,740.8477020263672,502.43645668029785,740.1090240478516,521.5608644485474,121,1787821637.82443
766.6033172607422,547.8181457519531,713.3933258056641,530.2519941329956,651.8452453613281,501.3982915878296,625.4183197021484,467.8821802139282,652.1829223632812,443.41386795043945,678.4614562988281,376.9367551803589,637.4311065673828,367.39620208740234,611.8762969970703,352.44582653045654,590.3869247436523,335.0035500526428,725.4139709472656,364.78716373443604,670.9553527832031,399.77750301361084,675.9494781494141,462.77679920196533,689.7406005859375,498.68102073669434,769.9324798583984,381.80927753448486,711.5436553955078,437.7481412887573,711.4885711669922,492.73608684539795,720.6741333007812,518.0986261367798,807.6697540283203,415.2496004104614,755.5361175537109,465.7959794998169,742.5803375244141,504.1532850265503,741.5511322021484,521.9259452819824,122,1787821637.874764
764.1593170166016,544.5163249969482,714.6467590332031,529.6086931228638,653.1797027587891,500.19691944122314,628.1491088867188,464.7182893753052,654.7866821289062,441.63163661956787,678.5987091064453,380.12789726257324,639.9275207519531,365.474796295166,614.5401382446289,347.50970363616943,594.5486450195312,327.4544620513916,726.1997985839844,366.53536319732666,670.5569458007812,398.8062858581543,676.297607421875,461.1639976501465,692.5691223144531,494.8848581314087,771.1723327636719,382.9470920562744,712.0362854003906,437.14033126831055,710.9506988525391,491.4107322692871,720.6874847412109,514.8131132125854,809.7994232177734,415.7886600494385,756.7095947265625,466.0298252105713,742.8256225585938,504.0086603164673,741.5653228759766,521.0805559158325,123,1787821637.9265945
761.4788818359375,542.1639204025269,714.1059112548828,528.3889102935791,655.4564666748047,499.39435958862305,632.9827117919922,462.31249809265137,658.5776519775391,438.0618953704834,679.82177734375,379.69943046569824,644.7199249267578,359.7802734375,620.6627655029297,339.4673252105713,601.7876815795898,318.66690158843994,727.3244476318359,366.1549186706543,674.8848724365234,394.48780059814453,678.3699798583984,454.99006748199463,692.193603515625,490.09992599487305,772.5666809082031,382.1755599975586,716.300048828125,435.469765663147,714.3179321289062,488.0891704559326,722.8533935546875,512.8047609329224,812.008056640625,414.39987659454346,760.8325958251953,463.03991317749023,746.1274719238281,500.3152799606323,743.7486267089844,518.8670253753662,124,1787821637.9794009
764.7712707519531,538.7496185302734,720.4708862304688,526.6231155395508,663.5514831542969,498.1998538970947,642.3746490478516,460.9956407546997,665.8879852294922,435.66288471221924,682.5790405273438,381.50625228881836,649.8834991455078,349.6323609352112,628.9797973632812,324.0169644355774,613.6508941650391,300.26158332824707,731.0746765136719,366.6038131713867,683.2929992675781,387.2357940673828,681.2863159179688,442.88339138031006,689.7825622558594,479.1637659072876,777.0601654052734,381.07203483581543,723.7407684326172,433.26923847198486,718.392333984375,486.3368511199951,723.8338470458984,514.9765348434448,816.9464111328125,412.2042417526245,768.1884765625,459.98584270477295,752.8828430175781,497.1460247039795,750.0849151611328,517.2596740722656,125,1787821638.0323138
768.4624481201172,542.8369617462158,719.6702575683594,525.2722692489624,663.7168884277344,495.0187110900879,642.6527404785156,457.5543451309204,667.8754425048828,434.31379795074463,685.0170135498047,380.41903495788574,649.7807312011719,352.8751516342163,627.71728515625,328.99980068206787,611.3859939575195,306.0669136047363,732.3907470703125,366.0826063156128,685.863037109375,391.84640407562256,688.6760711669922,443.47987174987793,699.5159912109375,476.6263961791992,778.0512237548828,380.91590881347656,725.4267883300781,436.17679595947266,722.8903198242188,486.4796304702759,729.5452117919922,514.0451431274414,817.2972106933594,412.03648567199707,769.2495727539062,459.02925968170166,755.0228881835938,494.255633354187,752.3829650878906,514.4810771942139,126,1787821638.0820806
773.428955078125,543.6677598953247,722.9055023193359,525.6742143630981,664.9205780029297,495.77101707458496,644.7016906738281,458.31287384033203,670.8622741699219,434.8769760131836,688.7984466552734,377.7563953399658,652.9331207275391,358.0702471733093,630.3792572021484,338.3005428314209,612.6371383666992,318.42249870300293,736.1545562744141,363.17500591278076,689.1549682617188,395.84864616394043,693.3333587646484,456.8346118927002,705.8448791503906,496.12536907196045,781.6503143310547,378.286657333374,729.9559020996094,433.7275743484497,726.9807434082031,485.3348207473755,732.7149963378906,513.9371252059937,821.1199188232422,409.8472023010254,774.2422485351562,458.2886266708374,757.3661041259766,493.3837652206421,751.2234497070312,514.0186643600464,127,1787821638.1306665
772.8063201904297,543.8260746002197,723.9509582519531,525.5460262298584,666.3850402832031,494.39030170440674,645.2738189697266,456.79028034210205,673.4775543212891,433.07753562927246,691.5265655517578,376.34860038757324,658.0198669433594,360.2494239807129,636.564826965332,340.32333612442017,619.246711730957,320.39196968078613,739.1943359375,362.55951404571533,693.1364440917969,379.5411157608032,690.123291015625,426.97381496429443,695.3298187255859,457.1573781967163,785.6124877929688,377.72266387939453,735.0878143310547,429.7047758102417,728.1206512451172,482.6005554199219,730.9901428222656,510.2449893951416,825.5386352539062,410.0076627731323,778.1509399414062,459.43832874298096,761.5603637695312,496.08477115631104,756.4273834228516,514.9606132507324,128,1787821638.1850986
770.1004028320312,540.813717842102,723.8973236083984,525.7885837554932,666.4948272705078,494.82014179229736,647.8418731689453,457.073392868042,676.1948394775391,432.1779441833496,692.0970153808594,377.5077438354492,661.2445831298828,357.78226375579834,641.5195465087891,336.099328994751,626.7707061767578,314.9990129470825,740.4461669921875,363.477988243103,696.7161560058594,379.02746200561523,693.2100677490234,427.0543670654297,698.9104461669922,457.6258420944214,786.6875457763672,378.6081790924072,737.8783416748047,429.1979455947876,729.4343566894531,481.45042419433594,731.68212890625,507.46416091918945,827.2164154052734,410.3177261352539,780.9676361083984,457.7593517303467,762.7134704589844,493.7762689590454,755.9194946289062,511.48695945739746,129,1787821638.23306
770.4750823974609,538.2215881347656,725.0104522705078,524.1876697540283,667.5055694580078,492.96332359313965,651.0259246826172,452.90348052978516,680.1872253417969,429.49822425842285,692.5437927246094,375.8008289337158,663.8118743896484,354.9214196205139,647.0166778564453,331.65724754333496,634.6610641479492,308.9851784706116,742.4216461181641,361.8409824371338,697.3983764648438,378.2916784286499,696.1536407470703,431.24526500701904,703.3595275878906,465.3574275970459,789.8062133789062,377.79411792755127,739.5387268066406,428.0717611312866,730.6331634521484,481.92553997039795,731.8782043457031,510.7947778701782,830.7197570800781,410.3808116912842,784.7343444824219,455.5594253540039,766.3779449462891,491.7280054092407,759.1129302978516,511.3311767578125,130,1787821638.2664394
772.1742248535156,535.2241659164429,727.3190307617188,521.3486909866333,671.3996887207031,491.0473680496216,655.5123138427734,450.7821750640869,682.9740905761719,424.5551919937134,693.7799835205078,376.9639205932617,666.3881683349609,350.27233600616455,650.2824401855469,324.1214418411255,638.4187316894531,299.43756580352783,743.8385009765625,361.57336235046387,700.7306671142578,375.76452255249023,699.7684478759766,424.31950092315674,706.2213134765625,456.42125129699707,791.656494140625,376.6094398498535,743.1472778320312,425.82170963287354,734.3407440185547,481.050066947937,734.7698974609375,512.9853057861328,832.8539276123047,408.46532821655273,788.2715606689453,453.34147453308105,770.1370239257812,489.77514266967773,762.6848602294922,510.9838628768921,131,1787821638.31709
777.8593444824219,535.9706783294678,734.4514465332031,521.9689464569092,678.3282470703125,492.5571298599243,660.584716796875,454.7619295120239,691.732177734375,431.96521282196045,702.6912689208984,374.2670774459839,669.5615386962891,352.72666454315186,645.5523681640625,332.85181760787964,625.660285949707,312.7384901046753,751.3253021240234,360.0705099105835,709.7386932373047,388.62547874450684,707.6203155517578,448.4226894378662,716.4237976074219,484.32291984558105,796.9645690917969,376.30117893218994,752.0728302001953,432.05726623535156,742.6062774658203,482.71007537841797,745.9992218017578,506.4950466156006,836.7230224609375,408.19122791290283,794.9883270263672,456.33087158203125,776.033935546875,494.2505693435669,770.5260467529297,514.1547060012817,132,1787821638.3794053
780.02685546875,535.1704788208008,735.4023742675781,521.0492277145386,678.4032440185547,491.6221761703491,660.4476928710938,453.01883697509766,693.2569122314453,431.25582218170166,704.8793792724609,373.6784505844116,671.3915252685547,352.12027072906494,648.7601470947266,332.1376419067383,629.9514770507812,311.1875295639038,754.8362731933594,360.0460481643677,710.9820556640625,385.9718942642212,708.2407379150391,446.29340171813965,715.1726531982422,483.1491422653198,801.2933349609375,376.6428279876709,754.2633056640625,430.551495552063,744.7008514404297,484.7849464416504,746.2303161621094,511.8606662750244,841.6593933105469,408.68908882141113,799.2308044433594,453.9578676223755,780.3969573974609,491.97086334228516,773.2936096191406,512.4843120574951,133,1787821638.4231043
780.1506042480469,533.6120939254761,734.888916015625,518.5971736907959,680.0848388671875,488.8240957260132,664.6041107177734,450.29388427734375,694.6728515625,427.7595090866089,707.7585601806641,372.0994234085083,676.3529205322266,350.8817768096924,657.3760223388672,328.4787654876709,642.1736145019531,305.94353199005127,758.4236145019531,358.3640456199646,715.2217102050781,383.1165647506714,711.8269348144531,445.1694917678833,717.1245574951172,487.0207929611206,805.565185546875,375.2313423156738,757.657470703125,430.1572322845459,746.9584655761719,486.38216972351074,746.2285614013672,518.236083984375,845.6397247314453,407.72958755493164,802.8192901611328,453.3278703689575,784.6083068847656,490.8817148208618,777.4276733398438,512.3076725006104,134,1787821638.4687493
778.5438537597656,528.7332201004028,735.335693359375,515.5465364456177,681.9127655029297,486.32723808288574,670.0094604492188,448.2463502883911,699.6240997314453,423.45956325531006,708.4225463867188,371.9411516189575,680.6850433349609,341.3731527328491,663.4075927734375,314.4296979904175,650.0143432617188,288.87086391448975,761.3023376464844,357.48722076416016,720.361328125,380.4885149002075,717.137451171875,440.37074089050293,722.0177459716797,479.7111940383911,808.9694976806641,374.5436668395996,761.42333984375,426.32171630859375,748.0538177490234,483.36745262145996,745.5078125,516.7192840576172,848.7162017822266,407.0820379257202,806.2421417236328,450.0972890853882,786.6887664794922,488.2505750656128,778.990478515625,510.8410406112671,135,1787821638.5161455
779.029541015625,526.0191249847412,737.1370697021484,514.4480752944946,684.9131011962891,485.0089645385742,672.5340270996094,447.8815698623657,701.94091796875,421.899676322937,711.4986419677734,371.70104026794434,685.4713439941406,331.7376708984375,670.7460021972656,300.6253123283386,660.2192687988281,271.9575834274292,763.7555694580078,356.8169689178467,724.7040557861328,379.05874729156494,719.6562194824219,441.5834856033325,723.5437774658203,482.23762035369873,810.7884216308594,373.48284244537354,764.9287414550781,423.1637477874756,751.5580749511719,479.6778917312622,749.2935180664062,512.6363182067871,850.5941009521484,405.5040407180786,810.4291534423828,444.84792709350586,790.0780487060547,482.28070735931396,781.4606475830078,504.87430572509766,136,1787821638.5583003
788.4522247314453,530.6168603897095,743.3123016357422,516.0742664337158,690.6958770751953,485.8506202697754,680.6105041503906,447.4796676635742,710.4160308837891,423.20988178253174,716.1913299560547,370.6438207626343,690.6349182128906,336.69769763946533,674.2605590820312,308.4426426887512,662.3957824707031,281.59894466400146,766.8364715576172,354.4464111328125,730.6744384765625,383.99959087371826,728.2858276367188,442.3941993713379,734.5809936523438,478.84893894195557,813.3412933349609,370.23436546325684,770.6787109375,425.32217502593994,756.7816925048828,480.1860523223877,755.0746154785156,510.4569911956787,852.9266357421875,402.05334663391113,814.4049835205078,447.1578884124756,793.5454559326172,484.2085933685303,785.2681732177734,505.2735900878906,137,1787821638.5984645
792.2633361816406,533.227915763855,745.9078979492188,516.9617986679077,692.3649597167969,487.8417205810547,678.3235168457031,450.5897855758667,709.3186187744141,425.5788516998291,717.6912689208984,368.52152824401855,691.0411071777344,346.47284746170044,674.1361236572266,325.7353377342224,660.797119140625,303.80317211151123,766.7779541015625,352.7490019798279,728.5530853271484,379.5890951156616,722.2086334228516,434.4721555709839,724.6427154541016,468.5502862930298,813.5067749023438,368.37857723236084,771.1515808105469,426.1637878417969,757.6518249511719,481.6981315612793,754.9493408203125,511.17753982543945,853.8211059570312,400.237512588501,816.3162231445312,447.55279541015625,797.3303985595703,484.1568374633789,788.8630676269531,504.243106842041,138,1787821638.6577692
790.4946899414062,533.2482147216797,746.9242095947266,516.3305997848511,694.2193603515625,487.72936820983887,677.9075622558594,451.7498302459717,709.5706939697266,429.568133354187,721.6051483154297,363.89641284942627,696.5508270263672,355.56695222854614,677.4455261230469,339.44608211517334,660.1911163330078,321.6135549545288,770.3424072265625,351.77834272384644,727.3505401611328,382.1662473678589,721.6999816894531,441.6327953338623,725.4499053955078,479.6590518951416,816.2470245361328,369.8594570159912,768.8101959228516,428.8482713699341,755.3358459472656,486.996374130249,752.6295471191406,518.2889556884766,855.6250762939453,404.2168378829956,815.3770446777344,450.2910089492798,796.5462493896484,486.90191745758057,788.1505584716797,506.17077827453613,139,1787821638.7048032
786.1767578125,530.5281114578247,744.8832702636719,515.8496475219727,691.4689636230469,487.03452587127686,676.4871215820312,452.3550224304199,708.9693450927734,430.83520889282227,722.1125030517578,362.60783672332764,699.4453430175781,360.42426109313965,679.1341400146484,348.9807987213135,658.7368774414062,337.03842401504517,770.7113647460938,352.5739073753357,728.0089569091797,383.05575370788574,723.2286834716797,438.0817222595215,726.8477630615234,474.83433723449707,816.3278961181641,371.5360736846924,768.7394714355469,430.0614881515503,755.4453277587891,489.09459114074707,753.1653594970703,522.685546875,855.7476806640625,405.9377431869507,814.6771240234375,451.56975746154785,796.5338897705078,488.70097160339355,789.4158172607422,509.0148639678955,140,1787821638.7300532
784.4168853759766,530.2857255935669,744.8731231689453,517.3861885070801,691.1546325683594,488.38223934173584,676.2039947509766,454.1268253326416,708.5784912109375,431.6578960418701,719.4532012939453,360.40555000305176,699.6794128417969,364.36813831329346,679.1071319580078,356.77175760269165,657.3834228515625,348.8459801673889,768.8628387451172,351.8014097213745,727.8466796875,383.64463806152344,720.4644012451172,442.5614404678345,723.3718109130859,480.0807809829712,814.5204925537109,371.91651821136475,769.0838623046875,429.3009424209595,754.7264099121094,490.18253803253174,753.8864898681641,522.1825790405273,853.8804626464844,406.92063331604004,813.5657501220703,452.9737329483032,794.7577667236328,492.23878383636475,789.6571350097656,512.2295236587524,141,1787821638.7646985
786.3364410400391,529.269061088562,746.0311889648438,516.3148498535156,693.2488250732422,489.65712547302246,677.2718811035156,456.79388523101807,706.2800598144531,432.610445022583,719.6964263916016,362.89652824401855,698.2772827148438,364.9040651321411,675.9164428710938,356.0886740684509,652.0722961425781,348.29848766326904,767.9365539550781,353.9108920097351,728.1685638427734,376.47339820861816,718.0621337890625,422.0550298690796,716.8840026855469,454.81922149658203,813.1343841552734,372.7337121963501,766.6786193847656,428.9472770690918,751.2714385986328,487.93999671936035,749.3914794921875,522.3270320892334,851.6023254394531,407.392315864563,809.078369140625,453.90589714050293,789.5709991455078,492.92675971984863,784.2473602294922,514.9851608276367,142,1787821638.7994049
