P0_x,P0_y,P1_x,P1_y,P2_x,P2_y,P3_x,P3_y,P4_x,P4_y,P5_x,P5_y,P6_x,P6_y,P7_x,P7_y,P8_x,P8_y,P9_x,P9_y,P10_x,P10_y,P11_x,P11_y,P12_x,P12_y,P13_x,P13_y,P14_x,P14_y,P15_x,P15_y,P16_x,P16_y,P17_x,P17_y,P18_x,P18_y,P19_x,P19_y,P20_x,P20_y,frame_number,timestamp
853.0577087402344,572.3691558837891,806.8767547607422,547.3401546478271,770.3253936767578,508.37332248687744,750.4772186279297,477.0773935317993,736.3912963867188,446.320481300354,808.6821746826172,433.1905746459961,788.7953186035156,384.74318504333496,772.0326995849609,356.3702630996704,755.4277038574219,333.0062699317932,843.140869140625,430.636510848999,795.6871032714844,436.54024600982666,787.2796630859375,484.1149950027466,790.6166076660156,517.4513339996338,870.2072906494141,443.2225513458252,816.7142486572266,466.74367904663086,811.1106109619141,509.6188545227051,815.0874328613281,536.370005607605,891.6842651367188,465.5995559692383,846.8876647949219,489.73111152648926,833.6031341552734,519.7685050964355,831.6280364990234,539.0498971939087,1,1787821610.512379
853.2804107666016,571.6758155822754,807.4906158447266,546.7463779449463,770.4176330566406,507.2229337692261,750.1998138427734,476.13046646118164,736.3701629638672,445.67254543304443,807.2608947753906,432.55186557769775,788.3521270751953,383.718581199646,771.2358856201172,355.95338344573975,753.8789367675781,333.68083477020264,841.5078735351562,429.9381494522095,794.5693206787109,436.03641986846924,787.2285461425781,483.51980209350586,791.1368560791016,516.6946935653687,868.7432861328125,442.18932151794434,816.1593627929688,466.01690769195557,811.0271453857422,508.8789939880371,814.9270629882812,535.6719017028809,890.48828125,464.0814256668091,846.2224578857422,489.28045749664307,833.3248138427734,519.7855854034424,831.427001953125,539.2952871322632,2,1787821610.5947118
850.8881378173828,572.8562021255493,805.0732421875,547.2765970230103,768.9392852783203,508.6860466003418,749.3611145019531,478.5693025588989,735.8470916748047,448.18519592285156,805.7038879394531,433.6277103424072,784.8274230957031,385.3074359893799,767.2122192382812,356.81559562683105,750.2379608154297,333.16808223724365,839.9045562744141,431.3259029388428,792.2795104980469,436.91927433013916,785.2355194091797,484.0927219390869,790.0521850585938,516.8250703811646,866.7569732666016,443.9870023727417,813.3366394042969,466.1674118041992,809.0221405029297,508.97276401519775,814.0723419189453,535.8425760269165,888.0595397949219,466.416277885437,843.1272125244141,487.97016620635986,830.4435729980469,517.387261390686,828.8503265380859,536.7312240600586,3,1787821610.6581662
850.8732604980469,572.4989748001099,804.8590087890625,547.3877048492432,768.4144592285156,509.85411643981934,748.6281585693359,479.84002590179443,735.3917694091797,448.93123626708984,805.3102874755859,433.4338617324829,784.1077423095703,385.64080238342285,766.3068389892578,357.12838411331177,749.0683746337891,333.58421087265015,839.6077728271484,430.84932804107666,791.3993835449219,436.73023223876953,784.0392303466797,484.35102939605713,788.6679077148438,517.6045417785645,866.4122772216797,443.72650623321533,812.3654937744141,466.31207942962646,807.7823638916016,509.07400131225586,812.7742767333984,535.9371185302734,887.5308227539062,466.55094623565674,842.2451019287109,488.4677267074585,828.79638671875,517.9271364212036,826.6748046875,537.3613929748535,4,1787821610.723856
849.5677947998047,572.3700141906738,804.0020751953125,548.0238819122314,767.8525543212891,510.4124879837036,748.5403442382812,479.51717376708984,735.3311157226562,448.02967071533203,803.1832122802734,432.8762197494507,782.9407501220703,385.6519603729248,765.4339599609375,356.96232318878174,748.3171081542969,333.39587688446045,837.6594543457031,429.60371017456055,790.2833557128906,436.1526346206665,783.0966949462891,484.029335975647,787.1389770507812,517.4530506134033,864.9158477783203,442.014741897583,811.7444610595703,464.6516418457031,806.9496154785156,507.7332401275635,810.9632110595703,535.1819801330566,886.693115234375,464.53293800354004,842.1884155273438,486.96611881256104,828.8117980957031,516.589207649231,826.0736083984375,536.463131904602,5,1787821610.7624567
848.8056182861328,571.6612243652344,802.5453186035156,547.0943784713745,766.9026184082031,509.49440002441406,747.9872131347656,478.62659454345703,735.1909637451172,447.00403690338135,802.9515075683594,432.2145080566406,782.2541046142578,385.1712226867676,764.5167541503906,356.40798568725586,747.4904632568359,332.9265546798706,837.2367858886719,428.96427154541016,789.5638275146484,436.0587787628174,782.2662353515625,483.73459339141846,786.7945861816406,517.0252704620361,863.9659118652344,441.12253189086914,810.5516052246094,464.2297410964966,805.5242156982422,506.4723014831543,809.8983001708984,533.303747177124,885.1661682128906,463.33220958709717,840.7302856445312,485.59754848480225,828.2049560546875,514.8425531387329,826.6505432128906,534.3183946609497,6,1787821610.8031507
842.6056671142578,568.3624505996704,798.6198425292969,545.064525604248,763.3405303955078,506.1575174331665,745.7140350341797,474.4888687133789,734.5293426513672,443.86967182159424,796.4450073242188,429.00203704833984,776.1053466796875,383.1157922744751,758.9163970947266,355.01362323760986,742.3044586181641,330.9524703025818,831.2229919433594,424.43588733673096,785.3170013427734,434.334397315979,778.438720703125,482.75835514068604,783.1435394287109,515.3611421585083,858.8596343994141,435.9026098251343,808.9814758300781,454.28728580474854,803.7716674804688,497.72611141204834,808.0682373046875,526.7603158950806,881.3320922851562,457.8276300430298,840.3500366210938,475.56492805480957,828.4939575195312,504.74448680877686,827.6485443115234,525.4982614517212,7,1787821610.8576686
840.4365539550781,565.9303092956543,795.9706115722656,543.3724164962769,760.3947448730469,504.9525833129883,742.8277587890625,472.9398822784424,733.5348510742188,441.6642951965332,793.6074066162109,427.25443840026855,773.4122467041016,381.1918544769287,755.7004547119141,352.6034116744995,738.6351776123047,328.46848726272583,827.7846527099609,422.69601345062256,780.8637237548828,431.723427772522,774.5767974853516,479.66999530792236,779.5892333984375,512.0612525939941,855.1388549804688,433.52437019348145,804.6239471435547,451.12785816192627,800.4622650146484,493.6586380004883,805.1625061035156,521.9798898696899,877.6463317871094,454.6191072463989,836.1874389648438,471.46016120910645,825.7896423339844,500.5245780944824,826.1994934082031,520.907392501831,8,1787821610.9225082
835.8328247070312,561.657829284668,791.8154907226562,539.7085618972778,756.4369201660156,501.5600824356079,739.6318817138672,469.16534900665283,732.2090148925781,437.93224811553955,787.6706695556641,423.5785675048828,767.5070190429688,377.3280143737793,749.9140167236328,348.62249851226807,732.6419830322266,324.1318702697754,823.011474609375,418.65111351013184,777.0266723632812,425.6743812561035,770.7837677001953,473.0220651626587,775.7606506347656,505.4449939727783,851.2804412841797,429.61177825927734,801.0488891601562,446.2872648239136,796.9259643554688,488.7809228897095,801.8122100830078,517.1623849868774,874.1168212890625,451.26922130584717,832.6714324951172,467.73279190063477,823.5332489013672,496.7188882827759,825.4376220703125,516.941328048706,9,1787821610.9639988
829.3634796142578,555.8973026275635,784.6919250488281,533.8955926895142,749.7061920166016,495.80183029174805,733.8580322265625,464.16940212249756,726.4380645751953,434.08668994903564,781.3461303710938,417.1067190170288,761.2789916992188,372.0738887786865,743.5401916503906,343.7343978881836,726.1308288574219,319.75480556488037,816.3346099853516,412.6236963272095,769.0370941162109,422.51014709472656,764.7521209716797,469.2193794250488,771.4313507080078,500.2455425262451,844.3663787841797,424.0388774871826,793.5846710205078,442.37956523895264,791.5068054199219,483.1149387359619,797.9804992675781,509.24952507019043,867.1009063720703,445.76159477233887,825.9902954101562,461.38702869415283,818.01513671875,488.62226486206055,821.2028503417969,506.83244705200195,10,1787821611.0378642
823.4894561767578,550.5395364761353,778.4812164306641,529.7292852401733,742.6679229736328,491.0217475891113,729.2885589599609,458.6687707901001,723.8987731933594,429.02019023895264,774.0518188476562,413.1840419769287,752.2604370117188,367.7218437194824,734.3518829345703,339.515175819397,717.2402954101562,315.4765748977661,809.1365814208984,408.1032943725586,762.2486114501953,420.14594078063965,758.9820861816406,466.30409717559814,766.2794494628906,496.5006637573242,836.9617462158203,418.90405654907227,786.6014099121094,439.18078422546387,785.4312133789062,479.69892024993896,792.3493957519531,505.5727529525757,859.2228698730469,439.7571802139282,818.2938385009766,455.6601905822754,811.1861419677734,483.6451578140259,815.0843048095703,502.1240758895874,11,1787821611.1057951
802.2943115234375,528.4224271774292,758.3198547363281,509.6186828613281,719.6598052978516,473.9996337890625,701.6835784912109,438.6640405654907,695.7171630859375,405.9027671813965,748.6907196044922,393.56173038482666,724.1655731201172,348.9488697052002,704.1826629638672,320.33223152160645,686.8603515625,295.8103609085083,781.6382598876953,387.10816383361816,731.5730285644531,398.64535331726074,730.3691864013672,446.44879817962646,740.0163269042969,477.16948986053467,808.8641357421875,396.55975341796875,755.9477233886719,417.40528106689453,757.2185516357422,460.9159469604492,766.2791442871094,487.63675689697266,831.3585662841797,415.83303451538086,787.8619384765625,436.2677764892578,782.8510284423828,466.35005950927734,788.3448028564453,484.2736530303955,12,1787821611.1907465
799.4540405273438,524.3723344802856,755.7655334472656,506.8869924545288,718.1564331054688,468.96334648132324,700.8262634277344,435.06996631622314,692.2210693359375,402.79754161834717,742.7545166015625,390.1764392852783,718.2036590576172,345.222487449646,698.8197326660156,316.3149690628052,681.0316467285156,292.51068592071533,776.4430236816406,383.2534646987915,728.1521606445312,393.71326446533203,724.5121765136719,442.33330249786377,731.6535186767578,475.3499221801758,804.0056610107422,391.8604803085327,751.9382476806641,410.9081983566284,751.0224151611328,453.73509407043457,758.4747314453125,481.04976654052734,826.2214660644531,410.83537101745605,784.0350341796875,429.52792167663574,780.5107879638672,458.3470344543457,788.0770111083984,476.16522789001465,13,1787821611.238976
790.1411437988281,517.5274658203125,747.1327209472656,500.9653615951538,707.6313018798828,462.83203125,688.8150787353516,430.36198139190674,679.0618133544922,401.13195419311523,732.8266906738281,382.1432876586914,705.3816986083984,338.3722114562988,685.9346771240234,309.1948413848877,668.5034942626953,284.18071031570435,766.9371795654297,376.2363338470459,713.6630249023438,386.6222333908081,712.8993988037109,437.4729251861572,722.9368591308594,469.1162967681885,794.8326873779297,386.37654304504395,740.0482940673828,407.773962020874,742.3958587646484,452.5363826751709,751.8379974365234,477.28930950164795,817.1577453613281,406.79484844207764,774.4962310791016,426.23167991638184,771.6297149658203,456.3021183013916,778.7834930419922,471.5165948867798,14,1787821611.31037
794.2451477050781,516.1073112487793,749.8603057861328,499.32475090026855,710.4320526123047,464.8770761489868,693.1805419921875,431.69458866119385,686.4247131347656,400.17180919647217,735.8083343505859,380.7701253890991,707.738037109375,336.50357007980347,688.8474273681641,306.7808961868286,671.5364837646484,281.39745712280273,770.5237579345703,374.07219886779785,721.3851928710938,385.75255393981934,718.0125427246094,435.6927537918091,724.7548675537109,467.8520965576172,799.0309906005859,384.54719066619873,746.9292449951172,404.87910747528076,744.4175720214844,449.69791889190674,750.1336669921875,477.6027202606201,822.0261383056641,405.9793281555176,780.0363159179688,426.36913776397705,773.7302398681641,455.75263023376465,778.013916015625,473.6653232574463,15,1787821611.3705206
793.5723876953125,515.4616498947144,751.68701171875,498.31624031066895,714.8973083496094,463.2760763168335,698.1565093994141,430.68509101867676,693.2936859130859,399.28011417388916,741.1372375488281,379.660849571228,715.0376892089844,332.88042068481445,697.5249481201172,301.34541034698486,682.3358917236328,274.51544523239136,777.1694946289062,373.61927032470703,727.6000213623047,384.2987537384033,723.4110260009766,434.42426204681396,730.3681182861328,465.93133449554443,806.1820983886719,385.0208902359009,752.9180145263672,405.4963159561157,749.6920013427734,450.643515586853,755.4544067382812,477.0146942138672,829.1429901123047,407.10203647613525,785.0288391113281,427.3929691314697,778.3014678955078,456.7689514160156,782.7099609375,473.17304134368896,16,1787821611.42659
797.7238464355469,514.1512298583984,754.5185089111328,497.19194412231445,717.2180938720703,461.6412591934204,702.9762268066406,428.7558317184448,700.5616760253906,396.9201135635376,745.3498077392578,375.7168436050415,720.8589935302734,328.7591314315796,705.2379608154297,296.74078702926636,691.7527770996094,269.48707580566406,782.3297119140625,370.398645401001,733.7698364257812,380.7166528701782,728.9887237548828,431.31397247314453,735.3981018066406,462.66740798950195,811.9835662841797,382.85701274871826,759.0290069580078,403.3928632736206,755.1515197753906,449.2550325393677,760.5311584472656,475.2542209625244,835.4835510253906,406.33256435394287,791.0990142822266,426.3132619857788,784.3833160400391,455.6248712539673,788.8250732421875,471.33055686950684,17,1787821611.5001915
786.3615417480469,489.09223079681396,746.0618591308594,470.76913833618164,709.2442321777344,432.4964189529419,694.3024444580078,397.38595962524414,696.3034820556641,365.49020290374756,742.8833770751953,347.55927085876465,720.7688140869141,297.3432970046997,705.6361389160156,262.33362436294556,691.9912719726562,232.407488822937,781.1854553222656,342.4776005744934,731.4399719238281,353.9161705970764,725.7951354980469,405.7216215133667,731.8431091308594,439.38210010528564,811.1921691894531,356.6408443450928,756.3861083984375,375.57947158813477,752.3221588134766,421.43816471099854,758.0335235595703,450.6637716293335,833.6466217041016,381.24558448791504,788.5451507568359,398.27271938323975,780.2349090576172,428.6649799346924,783.9505004882812,447.52017974853516,18,1787821611.5607743
783.2248687744141,484.9448490142822,739.0028381347656,466.4933109283447,700.1340484619141,428.7675476074219,681.7185974121094,395.3246068954468,682.6455688476562,364.59460258483887,730.6154632568359,340.9990382194519,707.1870422363281,289.63342666625977,689.691162109375,256.39156579971313,675.2931213378906,228.60797882080078,768.4706878662109,335.9736943244934,715.5093383789062,347.7465319633484,711.7182159423828,397.9704236984253,720.6294250488281,430.1683473587036,798.7963104248047,348.52078914642334,742.3764801025391,370.29569149017334,740.8153533935547,415.2913570404053,748.8446044921875,442.2221088409424,822.6052856445312,372.67075538635254,775.3361511230469,393.7100887298584,769.6540069580078,424.2851257324219,776.3584899902344,442.0431089401245,19,1787821611.6164474
779.5260620117188,485.83890438079834,731.2982940673828,467.45229721069336,690.2167510986328,431.71703338623047,672.4446105957031,400.53028106689453,664.9748229980469,371.0386848449707,718.1958770751953,342.0622444152832,687.5607299804688,293.5039186477661,665.8126831054688,262.12499141693115,647.8011322021484,234.95672464370728,754.9130249023438,335.302734375,698.6784362792969,349.6795678138733,696.4604187011719,401.908164024353,706.571044921875,434.7488737106323,783.7625122070312,345.9299039840698,723.2799530029297,373.83273124694824,723.8414001464844,420.9152412414551,733.1324005126953,447.5997018814087,805.7984161376953,368.5440158843994,756.1376953125,396.3342332839966,753.2341766357422,427.5642442703247,761.4799499511719,443.4679841995239,20,1787821611.6762211
797.3460388183594,523.3171319961548,725.1361083984375,509.4681787490845,670.3903961181641,487.79640197753906,640.0013732910156,468.278546333313,627.4428176879883,446.07337474823,678.1795501708984,387.09134101867676,628.2359313964844,374.13914680480957,591.1992263793945,378.85919094085693,559.9895477294922,383.64665508270264,711.2436676025391,377.43852138519287,653.2363891601562,416.51731967926025,670.1506805419922,469.80517387390137,691.9908142089844,489.88380432128906,743.5478973388672,386.17252349853516,685.2872467041016,440.9369230270386,703.3719635009766,485.7535457611084,722.1612548828125,496.3830757141113,771.9947814941406,407.0496368408203,723.4123229980469,453.7943172454834,731.8904113769531,485.96335887908936,746.6445922851562,490.5243158340454,21,1787821611.737728
804.7978973388672,537.4029779434204,739.5741271972656,529.4447135925293,685.8922576904297,509.5428943634033,656.7819213867188,491.59887313842773,642.8640747070312,466.9578266143799,683.0101013183594,406.2175941467285,635.0538635253906,400.67155838012695,599.7223663330078,409.22643184661865,570.3584671020508,421.1886978149414,713.95263671875,394.1353368759155,663.675537109375,434.41336154937744,675.4752349853516,478.70834827423096,693.4072113037109,498.2205390930176,745.9930419921875,402.24157333374023,695.263671875,460.2347946166992,711.8309783935547,499.25299644470215,730.069580078125,508.88105392456055,775.2811431884766,424.8799753189087,734.1410827636719,474.77790355682373,742.2863006591797,502.08364963531494,756.1353302001953,505.06420612335205,22,1787821611.800309
808.3045959472656,545.7388114929199,744.7814178466797,538.4926414489746,692.0900726318359,516.9454908370972,664.7663879394531,496.95526599884033,647.3606109619141,476.1938524246216,689.5163726806641,415.91036796569824,644.7853088378906,414.3512535095215,613.0270004272461,430.0455665588379,588.4355163574219,447.1333837509155,722.1290588378906,404.6902799606323,675.0505065917969,449.0843152999878,685.5815887451172,492.5046443939209,704.263916015625,510.1892423629761,756.2342834472656,413.9048910140991,708.1587219238281,471.652250289917,722.0560455322266,509.88853454589844,739.9458312988281,520.6570672988892,788.2586669921875,436.5370273590088,748.1031799316406,486.1973762512207,753.6961364746094,513.8770008087158,766.5765380859375,519.1608667373657,23,1787821611.84902
816.4005279541016,551.7428827285767,758.8004302978516,541.1176013946533,707.93212890625,524.9290752410889,679.6260833740234,511.9710445404053,673.9752197265625,489.09918308258057,710.9590911865234,414.32589054107666,668.4384155273438,414.0323066711426,636.6770172119141,431.93070888519287,612.2114562988281,452.25035190582275,744.1740417480469,405.43087005615234,697.8116607666016,459.91631984710693,709.7190093994141,502.87771224975586,728.0367279052734,514.4002676010132,777.9644775390625,418.29822063446045,729.8248291015625,479.8849153518677,741.5784454345703,517.2204065322876,757.1028137207031,523.941764831543,809.495849609375,444.58399772644043,768.1636810302734,493.88720512390137,772.2038269042969,521.0522747039795,784.0530395507812,524.6611976623535,24,1787821611.9056935
820.2806091308594,554.8494386672974,766.4595031738281,543.6542415618896,717.3320770263672,527.1483993530273,691.7250823974609,509.5589017868042,694.4349670410156,485.6455707550049,726.3800048828125,416.09155654907227,688.2581329345703,413.36119651794434,657.6457214355469,428.6097049713135,633.3749389648438,447.61322021484375,761.3741302490234,408.18230152130127,721.983642578125,456.113076210022,727.4477386474609,500.5049228668213,740.3955078125,515.8066892623901,797.2154998779297,422.0857572555542,755.6262969970703,479.5943355560303,757.8341674804688,517.7637577056885,766.268310546875,526.91330909729,830.4210662841797,448.6301851272583,793.9712524414062,492.243332862854,790.8377075195312,518.265266418457,797.2541809082031,523.2728433609009,25,1787821611.965328
853.0807495117188,551.9186210632324,809.9542999267578,532.4471569061279,768.9154052734375,504.89550590515137,757.2239685058594,480.83836555480957,783.2418060302734,458.66735458374023,796.0227966308594,407.1759796142578,786.8503570556641,388.84992599487305,770.8615112304688,389.83813762664795,755.2349090576172,399.6467399597168,834.0958404541016,398.4074306488037,827.7669525146484,399.6397018432617,815.3627014160156,430.5857849121094,808.5531616210938,455.60847759246826,869.5388031005859,410.67572593688965,851.66748046875,450.8923816680908,833.2748413085938,492.32332706451416,823.3331298828125,512.4324703216553,899.8788452148438,436.4539432525635,881.4472961425781,479.2923402786255,866.7420196533203,509.613618850708,858.3360290527344,520.3639984130859,26,1787821612.0210917
868.7441253662109,540.4224157333374,830.4053497314453,525.9858655929565,791.1660003662109,497.61054039001465,788.1141662597656,467.59644985198975,814.3206024169922,443.4421920776367,815.3424072265625,402.60120391845703,809.0442657470703,386.28448963165283,800.3910064697266,378.1385135650635,790.0758361816406,380.4847812652588,856.0662078857422,390.1590585708618,842.9137420654297,399.0010356903076,830.9330749511719,436.3690996170044,824.0071868896484,463.43220233917236,892.7391052246094,400.94497203826904,870.2655029296875,442.4493455886841,853.5835266113281,483.22789192199707,845.0150299072266,501.31452083587646,923.7444305419922,424.64295387268066,901.1665344238281,467.4878740310669,886.6339111328125,495.2433729171753,879.8181915283203,502.2137689590454,27,1787821612.080191
870.9560394287109,526.8201398849487,836.2371063232422,512.7861785888672,801.3044738769531,483.37573528289795,802.8257751464844,451.8558740615845,829.7426605224609,424.4938659667969,822.8565216064453,394.7801399230957,817.2181701660156,378.3016347885132,815.8676910400391,361.6102695465088,815.4058074951172,352.88259744644165,866.0315704345703,379.9601411819458,854.0175628662109,392.09617137908936,840.1158905029297,433.65174293518066,831.9239807128906,461.7439556121826,903.7612152099609,390.1145553588867,883.9649963378906,432.57709980010986,865.0844573974609,476.1807632446289,855.9272766113281,494.87335681915283,935.3690338134766,413.54225635528564,915.8087158203125,459.21233654022217,898.3032989501953,491.54900550842285,889.6826934814453,501.4399194717407,28,1787821612.1217692
872.6019287109375,516.1178684234619,837.9122161865234,500.9787940979004,810.3574371337891,470.5359363555908,815.7740783691406,437.32091903686523,841.6834259033203,407.99360275268555,823.9507293701172,383.0090618133545,824.8651885986328,369.37172412872314,828.5820007324219,346.8375635147095,834.9398040771484,330.91017723083496,872.8386688232422,369.7110986709595,867.6080322265625,375.43158531188965,853.1759643554688,412.46838569641113,843.4161376953125,439.4357442855835,913.3963775634766,380.08699893951416,896.9509887695312,417.64354705810547,875.3712463378906,459.4641637802124,863.9221954345703,480.0756311416626,944.8586273193359,403.8919687271118,926.1684417724609,447.62523651123047,904.2687225341797,479.8172378540039,891.5922546386719,491.8234062194824,29,1787821612.1938565
879.7032928466797,486.2452268600464,837.0302581787109,458.45324993133545,811.1684417724609,411.47528171539307,824.0855407714844,368.55895042419434,854.8542022705078,337.1958589553833,832.1560668945312,356.8376111984253,829.6353912353516,332.0462107658386,831.2760925292969,303.56765270233154,831.6236114501953,276.66089057922363,871.3359832763672,345.5567979812622,865.8161926269531,332.63657569885254,858.8694000244141,335.6120252609253,851.0067749023438,336.69400691986084,907.2164154052734,349.53814029693604,896.6397857666016,354.6503019332886,876.9270324707031,397.6974821090698,861.5781402587891,430.0041103363037,939.3096160888672,363.6239433288574,925.2595520019531,380.03721714019775,905.85205078125,412.8977108001709,892.2239685058594,434.11303997039795,30,1787821612.235598
871.5891265869141,460.9902763366699,831.5155029296875,439.0124273300171,803.0887603759766,394.2019844055176,815.6251525878906,351.4048504829407,842.740478515625,321.63084983825684,826.4823150634766,328.36042642593384,823.2154846191406,292.206072807312,826.5138244628906,259.28680658340454,827.8824615478516,230.80601692199707,866.9680023193359,321.1330318450928,859.6176147460938,314.3751311302185,853.5661315917969,359.74053382873535,846.14013671875,396.0368299484253,903.5885620117188,330.4078531265259,891.9367980957031,338.46168994903564,873.5476684570312,383.5597515106201,858.3611297607422,415.59918880462646,934.8582458496094,349.6150875091553,922.3239135742188,361.54993057250977,901.1160278320312,392.7714014053345,884.9848175048828,412.5893211364746,31,1787821612.284298
859.3918609619141,441.8682289123535,822.4315643310547,426.4940643310547,791.7465972900391,382.69749641418457,800.9150695800781,341.34435653686523,823.2258605957031,310.47951221466064,816.9680023193359,309.7497797012329,811.1402893066406,257.64381408691406,813.5690307617188,218.46579551696777,814.8426818847656,185.55556297302246,857.5325012207031,307.37643241882324,845.6760406494141,301.2776041030884,835.2507019042969,349.21318531036377,826.7894744873047,384.4014072418213,893.7491607666016,319.93966341018677,878.6015319824219,321.1810541152954,860.0068664550781,368.92162799835205,847.6119232177734,400.2508592605591,925.8244323730469,341.3910913467407,907.6927185058594,347.3698425292969,887.427978515625,380.8706331253052,876.2248229980469,401.0145378112793,32,1787821612.3096356
849.1889190673828,435.20806789398193,810.9256744384766,418.77737045288086,779.6608734130859,376.33392333984375,787.9956817626953,335.6218099594116,808.2981872558594,303.1010341644287,806.1595916748047,299.0008807182312,796.3787841796875,240.7446527481079,794.1693115234375,202.422194480896,792.6542663574219,170.48833966255188,845.5766296386719,295.9681820869446,831.5365600585938,294.065465927124,822.6065826416016,343.4521007537842,816.8431091308594,376.21933937072754,880.2121734619141,307.35963106155396,862.525634765625,315.26663303375244,848.1697082519531,362.16134548187256,839.6405792236328,389.97400760650635,911.4847564697266,327.89990186691284,893.1623840332031,334.73610162734985,876.1472320556641,367.10639476776123,867.3171997070312,385.0602436065674,33,1787821612.364863
837.845458984375,432.89836406707764,798.4764862060547,414.3447732925415,765.0204467773438,371.30454540252686,772.5534820556641,330.1436448097229,792.3458099365234,297.6406145095825,792.5316619873047,291.6434955596924,780.0714874267578,234.75412130355835,775.0239562988281,196.91673517227173,771.3621520996094,166.11436486244202,832.4173736572266,288.7669014930725,813.7269592285156,286.98960542678833,804.1131591796875,335.4265880584717,799.2936706542969,369.6244525909424,867.3213958740234,300.41189432144165,843.9958190917969,308.10850381851196,830.4953002929688,354.35397148132324,823.5623168945312,383.6284589767456,899.1853332519531,321.09387159347534,876.6823577880859,324.51740026474,859.7507476806641,356.1958122253418,851.6506958007812,376.5348958969116,34,1787821612.4220574
827.1052551269531,433.32764625549316,787.110595703125,414.54999446868896,752.5727844238281,371.52234077453613,758.0902862548828,328.8327956199646,777.0841217041016,296.62566661834717,777.0718383789062,290.42959213256836,760.7585906982422,234.0794277191162,752.4420166015625,196.71428203582764,745.5007171630859,166.04497075080872,817.5521850585938,285.0009298324585,797.6992034912109,284.58104610443115,788.7113952636719,333.3130717277527,783.2228851318359,366.8398904800415,853.03955078125,295.38395404815674,826.5560150146484,307.85388708114624,814.1470336914062,355.1293444633484,807.7040100097656,383.812780380249,884.4959259033203,315.7306122779846,857.7130126953125,326.9938087463379,844.4184112548828,359.13785219192505,840.3675842285156,377.9889106750488,35,1787821612.4915695
802.4948120117188,459.79808807373047,755.3585815429688,439.0143585205078,714.9905395507812,400.75249671936035,710.5514526367188,356.98163509368896,721.7242431640625,323.47610235214233,729.0135192871094,310.48011302948,700.6482696533203,258.28481912612915,682.4448394775391,225.29723167419434,667.9325866699219,198.48578453063965,768.9479064941406,298.6862254142761,746.8259429931641,303.91820669174194,744.7947692871094,348.9677953720093,744.9270629882812,381.7187690734863,806.7496490478516,306.012282371521,773.1976318359375,336.21138095855713,765.3350830078125,382.9570484161377,763.4451293945312,411.68076038360596,840.3467559814453,324.9905848503113,808.4774780273438,353.06318521499634,801.060791015625,382.23169326782227,801.8052673339844,397.49402046203613,36,1787821612.54949
802.486572265625,461.9506359100342,753.2380676269531,446.22108936309814,709.1172790527344,409.5361518859863,701.3985443115234,368.94630432128906,714.7267913818359,334.4468951225281,722.2843170166016,316.6199254989624,691.2455749511719,267.5832009315491,671.627197265625,236.1583113670349,656.3925933837891,209.21715259552002,761.6995239257812,303.53793382644653,743.4397125244141,308.7059283256531,738.4793853759766,343.17418098449707,735.7453155517578,365.30858516693115,798.9811706542969,309.82348680496216,767.9775238037109,341.7948389053345,762.6445770263672,389.7264289855957,763.3900451660156,418.05665016174316,831.8795776367188,327.9224753379822,800.1657104492188,360.75428009033203,794.1929626464844,393.0204391479492,797.4617004394531,409.00142669677734,37,1787821612.591034
798.5031890869141,465.7572269439697,750.5036926269531,449.67998027801514,708.0667877197266,414.8536205291748,698.3683776855469,377.5846481323242,709.8138427734375,343.7217378616333,719.8872375488281,323.951518535614,688.1767272949219,274.11219120025635,667.7052307128906,243.2750701904297,651.3194274902344,217.5931978225708,758.6482238769531,311.32749795913696,741.0952758789062,313.48594665527344,737.12158203125,344.16404485702515,734.8262786865234,363.05994987487793,795.3770446777344,317.74104595184326,764.1901397705078,347.92999505996704,759.9198913574219,395.06582736968994,761.6464233398438,422.19038486480713,827.6945495605469,336.16925954818726,797.0631408691406,370.80329418182373,792.0277404785156,401.66513442993164,796.3871765136719,415.4393720626831,38,1787821612.6601417
795.1903533935547,470.5090284347534,748.7587738037109,454.8336410522461,706.8172454833984,420.1051712036133,697.5408935546875,382.2255563735962,707.9447937011719,348.7120842933655,717.1855163574219,328.3010959625244,686.5940856933594,280.29191493988037,666.1024475097656,249.4168996810913,649.4776153564453,223.82879734039307,756.5110015869141,315.85184812545776,735.0611877441406,324.5213270187378,731.7346954345703,367.39787578582764,731.9870758056641,395.3116035461426,793.0866241455078,323.244423866272,761.2152862548828,353.6071586608887,756.8180847167969,399.9789047241211,758.2715606689453,425.1669931411743,824.9713134765625,342.1079707145691,793.8822174072266,374.0429735183716,788.0600738525391,404.5586156845093,791.2789154052734,417.8651189804077,39,1787821612.7216868
777.4119567871094,501.0217094421387,733.0626678466797,480.20381927490234,694.9583435058594,438.2561731338501,688.2367706298828,395.7584810256958,697.584228515625,365.20026683807373,708.5545349121094,363.35426330566406,681.2305450439453,317.69012689590454,661.6293334960938,290.7987070083618,642.7156829833984,268.5980415344238,744.2756652832031,353.41612100601196,714.4285583496094,357.89000272750854,714.722900390625,404.4140338897705,717.8950500488281,436.04225635528564,777.0466613769531,357.84597158432007,740.9090423583984,378.3122777938843,740.2000427246094,425.04751682281494,742.5538635253906,454.0953254699707,806.1281585693359,372.00655460357666,772.6242065429688,393.57675075531006,768.0954742431641,425.0814628601074,770.3754425048828,442.93034076690674,40,1787821612.7500215
770.9109497070312,510.26983737945557,727.2608947753906,490.25596618652344,688.1262969970703,449.65702056884766,680.6297302246094,407.5241947174072,694.4171905517578,374.7759246826172,704.9441528320312,372.91460037231445,678.9459991455078,332.163348197937,659.2459106445312,309.22280073165894,639.7888946533203,291.5732216835022,739.5819854736328,363.7732458114624,707.9019165039062,366.1937141418457,704.1459655761719,412.89105892181396,703.9187622070312,445.47886848449707,770.9559631347656,368.38286876678467,732.3316192626953,384.56504344940186,728.3377838134766,432.8087568283081,728.6753082275391,462.78533935546875,798.2083892822266,382.7915668487549,760.9983825683594,401.1319971084595,756.10595703125,434.38692569732666,759.7418975830078,453.6268615722656,41,1787821612.8020518
765.3409576416016,518.5367918014526,723.97705078125,499.69412326812744,683.9255523681641,460.3964567184448,673.4413146972656,419.00190353393555,687.4989318847656,386.87036991119385,699.0946197509766,385.144100189209,673.800048828125,346.95101022720337,653.5436248779297,326.87727212905884,634.3527984619141,311.4289712905884,731.2916564941406,375.9791851043701,698.5215759277344,367.17033863067627,690.8037567138672,395.5153226852417,687.1049499511719,412.56224155426025,762.5492095947266,379.03879165649414,723.7214660644531,393.11450958251953,720.8545684814453,441.5472221374512,722.8631591796875,472.66977310180664,790.5206298828125,392.1932888031006,753.5150146484375,411.70217514038086,749.8212432861328,444.46640968322754,754.7648620605469,464.56490993499756,42,1787821612.850178
760.9030151367188,524.9187755584717,720.2117919921875,509.4482660293579,678.2514190673828,472.61754512786865,666.9980621337891,430.67062854766846,683.2423400878906,396.03082180023193,689.0043640136719,396.49786949157715,664.3346405029297,360.4352903366089,646.8819427490234,340.1542282104492,630.3495788574219,325.01588344573975,720.06591796875,385.3757572174072,682.3197937011719,355.98222255706787,653.04443359375,345.1598525047302,628.1325149536133,334.87006187438965,753.1186676025391,387.1300506591797,712.9898834228516,400.52972316741943,708.2853698730469,448.7249422073364,708.7090301513672,481.67847633361816,784.1543579101562,400.2562665939331,746.40380859375,420.3257989883423,741.4751434326172,454.19875144958496,745.3482055664062,476.88581943511963,43,1787821612.8967
760.0613403320312,528.9288282394409,721.3732147216797,519.1465759277344,677.5083923339844,481.75010204315186,664.0354156494141,439.97325897216797,678.3113861083984,406.4059066772461,689.1102600097656,402.3291206359863,665.7187652587891,362.179970741272,645.3715515136719,345.9225869178772,626.4013671875,342.37350940704346,721.1406707763672,392.7955198287964,683.5417938232422,370.5911636352539,660.6133270263672,374.0948152542114,642.3566436767578,375.51454067230225,754.0206909179688,396.09643936157227,713.3062744140625,406.74867153167725,709.2652130126953,455.8215522766113,710.3349304199219,489.86371994018555,783.7612915039062,409.96856689453125,746.1309051513672,428.86200428009033,741.0135650634766,463.81268978118896,744.6678161621094,486.28149032592773,44,1787821612.9372447
759.5655059814453,533.4293603897095,722.6427459716797,525.3378009796143,676.7323303222656,489.658842086792,662.9449462890625,450.43142795562744,679.15283203125,421.1173725128174,690.4297637939453,402.6504707336426,667.3825836181641,360.33448219299316,644.6813201904297,348.59230756759644,624.4547653198242,353.46216917037964,723.4120178222656,394.4743251800537,692.6686859130859,399.2316198348999,692.2886657714844,444.67158794403076,695.9109497070312,475.6769371032715,755.9938812255859,400.43299198150635,718.927001953125,418.4678649902344,717.5897979736328,468.1365394592285,719.2477416992188,499.06086444854736,785.2882385253906,415.6972074508667,749.9815368652344,436.11804485321045,746.673583984375,471.13134384155273,750.5490112304688,490.55933475494385,45,1787821612.9860697
767.4359893798828,540.6128311157227,727.1593475341797,531.627688407898,680.0222015380859,497.01491832733154,665.3190612792969,458.0764961242676,680.0224304199219,427.22628593444824,692.5679779052734,407.9147243499756,667.9340362548828,364.79613304138184,645.7274627685547,353.3791708946228,626.1231231689453,356.31056785583496,726.6015625,398.2704448699951,698.69873046875,395.53969860076904,695.8906555175781,430.4980230331421,696.2184906005859,453.6722660064697,759.7743988037109,403.3766841888428,724.0070343017578,426.4765977859497,723.6995697021484,475.9177350997925,726.0298919677734,505.0375986099243,789.4500732421875,418.2577085494995,754.5637512207031,445.74185371398926,750.3855895996094,480.8072090148926,752.9512023925781,498.89323711395264,46,1787821613.0289862
773.3456420898438,543.0215835571289,732.2560882568359,532.3901224136353,684.7631072998047,498.6884021759033,667.3446655273438,460.57013511657715,687.6026153564453,431.12051010131836,694.8494720458984,408.5031795501709,671.3129425048828,362.3678970336914,649.2745971679688,352.52047777175903,632.2850036621094,359.60880517959595,729.7317504882812,398.8614749908447,704.0568542480469,398.67788314819336,702.9208374023438,433.06766510009766,706.2506103515625,454.1651916503906,764.5039367675781,404.6485662460327,730.8857727050781,429.5127296447754,729.7227478027344,476.23505115509033,732.6338958740234,502.1075105667114,796.3153839111328,419.87029552459717,762.7423095703125,449.49222564697266,760.2546691894531,481.46883487701416,765.0628662109375,495.52300930023193,47,1787821613.0738714
781.3602447509766,545.6754684448242,738.5372161865234,533.758864402771,693.5647583007812,498.7256956100464,682.2976684570312,459.463906288147,703.5996246337891,431.0645914077759,700.2579498291016,411.378378868103,678.5482025146484,365.1600980758667,658.7244415283203,351.9106078147888,642.3628997802734,354.1991972923279,735.567626953125,401.1763286590576,720.2989959716797,396.6060161590576,719.67041015625,420.16915798187256,720.6064605712891,436.2289810180664,771.75048828125,406.2046766281128,741.7426300048828,434.3136692047119,739.2864990234375,477.8954887390137,741.5940093994141,502.84947395324707,805.0302886962891,420.39090156555176,774.2850494384766,451.171932220459,772.3757934570312,479.0937280654907,778.3482360839844,490.22850036621094,48,1787821613.120899
814.5838165283203,543.7479257583618,770.6515502929688,525.4866743087769,727.8459167480469,485.40026664733887,725.1194763183594,441.7684078216553,753.3876800537109,413.1927537918091,742.0435333251953,406.7015075683594,725.9438323974609,361.05340003967285,710.8914184570312,338.77121686935425,694.3175506591797,325.95060110092163,778.8930511474609,398.60681533813477,770.3389739990234,384.7427558898926,764.9404144287109,403.1281614303589,756.8114471435547,415.4512596130371,815.8148956298828,403.9225244522095,793.9723205566406,418.75887393951416,786.9249725341797,466.12621307373047,782.3262786865234,497.12757110595703,850.9461975097656,418.6706829071045,825.9922027587891,439.1631889343262,818.5953521728516,470.80647468566895,817.5360107421875,488.7274932861328,49,1787821613.1729965
823.9231872558594,539.4103860855103,780.3144073486328,520.4408597946167,739.730224609375,480.20922660827637,740.1408386230469,436.0673189163208,771.8434906005859,408.64896297454834,753.7306213378906,399.69489097595215,740.8846282958984,356.56672954559326,730.5393981933594,332.74837017059326,717.7360534667969,314.2048645019531,791.8219757080078,392.36748218536377,781.0768127441406,387.03864097595215,776.2005615234375,413.65615367889404,768.8121795654297,431.2887382507324,829.8651885986328,400.5640125274658,810.2072906494141,417.0898962020874,801.1629486083984,465.2372217178345,793.3866119384766,498.16590785980225,866.3470458984375,418.764066696167,841.6132354736328,435.2232599258423,831.6805267333984,466.86856269836426,826.9990539550781,487.3381519317627,50,1787821613.222403
835.8403778076172,538.2766914367676,794.9587249755859,517.9243469238281,759.2416381835938,473.53198528289795,764.4625091552734,430.57509899139404,791.4999389648438,401.7171907424927,776.0165405273438,395.04316806793213,767.6258087158203,350.53266048431396,758.4172821044922,324.7902774810791,745.9218597412109,306.0514426231384,813.3641815185547,391.17083072662354,797.8990173339844,384.5325994491577,790.6620025634766,426.9266080856323,784.5289611816406,456.0738515853882,849.5439147949219,401.1636686325073,832.3646545410156,407.09980487823486,820.9188842773438,457.167592048645,812.5517272949219,488.50871086120605,884.2230987548828,420.98012924194336,863.1446075439453,428.8278865814209,849.9678802490234,463.8547468185425,844.2142486572266,484.09130573272705,51,1787821613.2792833
846.4700317382812,537.0122766494751,806.0795593261719,515.0315523147583,774.2268371582031,468.2142162322998,787.4330139160156,424.8410940170288,816.5986633300781,397.93909549713135,793.5007476806641,394.33399200439453,786.6188812255859,347.6314973831177,781.9747161865234,320.2324104309082,774.4429016113281,295.92957973480225,830.3647613525391,392.13518142700195,822.3540496826172,383.25226306915283,813.5711669921875,421.77989959716797,803.3486938476562,447.76445388793945,865.3739166259766,401.6834592819214,857.2547149658203,407.5068140029907,842.7956390380859,456.8583011627197,829.5723724365234,486.96680545806885,898.3311462402344,420.6927680969238,886.9927978515625,430.13697624206543,871.5386199951172,465.7022953033447,861.08642578125,485.36426067352295,52,1787821613.3296494
855.6436157226562,537.9372310638428,815.2182769775391,513.8674736022949,788.2075500488281,466.23551845550537,806.9062042236328,425.0255870819092,836.0327911376953,400.16807556152344,805.9374237060547,393.8851833343506,804.9787902832031,346.28374099731445,807.4092102050781,317.3110556602478,807.0399475097656,289.8983430862427,843.2474517822266,393.3573246002197,842.8961944580078,381.7414712905884,834.3491363525391,413.2936477661133,820.8438110351562,433.8543462753296,878.4787750244141,402.6846742630005,880.1031494140625,406.81098461151123,864.5446014404297,456.0020112991333,847.5682067871094,485.87701320648193,910.8180236816406,420.9537363052368,911.7307281494141,428.5203552246094,894.5854949951172,464.5650386810303,879.2339324951172,485.00102519989014,53,1787821613.3751132
875.8035278320312,532.5246620178223,835.1567840576172,510.20018577575684,806.3005828857422,461.9197368621826,826.5262603759766,422.05769062042236,859.9214172363281,397.1853303909302,828.8002014160156,387.30218410491943,831.6836547851562,338.8071584701538,838.507080078125,310.25888442993164,843.2391357421875,283.99731159210205,866.7854309082031,387.66396045684814,868.709716796875,375.7970094680786,858.9322662353516,411.35396003723145,845.8803558349609,434.65596199035645,901.4601135253906,398.2936191558838,901.6867828369141,403.8972473144531,882.9762268066406,453.9621591567993,864.9702453613281,482.8779172897339,931.8295288085938,418.1333827972412,928.990478515625,429.9632978439331,908.5552978515625,467.77763843536377,891.1154937744141,487.17777729034424,54,1787821613.4251711
873.6476135253906,534.6524906158447,833.4043121337891,509.3441104888916,804.6089935302734,461.0197162628174,821.4316558837891,417.83241748809814,856.0919189453125,392.4296236038208,824.7771453857422,391.5268135070801,824.2732238769531,341.20737075805664,827.5509643554688,312.2101163864136,829.5179748535156,285.36768436431885,861.5013122558594,390.51963329315186,858.8256072998047,378.39836597442627,848.9144897460938,406.5511751174927,837.2837066650391,423.2266616821289,896.3739013671875,399.3714380264282,892.2486877441406,404.4285821914673,873.7184906005859,452.6126432418823,857.2924041748047,481.20919704437256,928.1182098388672,416.97269439697266,920.3836822509766,428.252649307251,900.8545684814453,464.0823268890381,885.3248596191406,483.81059646606445,55,1787821613.4721856
867.4028015136719,534.4739198684692,828.1876373291016,508.64102840423584,799.5436859130859,460.80230712890625,815.264892578125,419.2498254776001,848.5650634765625,395.6924343109131,820.9288024902344,391.64817810058594,816.5753936767578,342.32808351516724,815.9771728515625,313.1983280181885,814.6776580810547,287.0331001281738,857.6380157470703,390.49079418182373,850.5406188964844,377.0058059692383,839.9057006835938,403.0810832977295,829.5944213867188,418.5047721862793,892.2811889648438,400.254807472229,882.1656036376953,408.2113552093506,863.5627746582031,454.3987798690796,848.9572906494141,481.79730892181396,923.4714508056641,419.09618854522705,909.5546722412109,431.24427795410156,890.2526092529297,465.25189876556396,876.7339324951172,484.23691749572754,56,1787821613.525679
860.6719970703125,537.1752262115479,822.5246429443359,512.6112985610962,791.5630340576172,465.53260803222656,802.593994140625,422.9024362564087,832.7305603027344,397.60847568511963,811.1540985107422,393.9719581604004,803.2843017578125,349.45005655288696,800.5612182617188,320.9854030609131,797.7484130859375,295.6161046028137,849.2243957519531,389.4867467880249,841.6355895996094,383.8087034225464,831.0761260986328,420.8182954788208,821.4818572998047,446.0543632507324,884.4873809814453,398.85413646698,872.076416015625,412.9100275039673,854.0338134765625,459.0259552001953,840.7144165039062,487.1763610839844,915.6398010253906,418.73509883880615,900.8882141113281,433.3159303665161,884.2916870117188,465.40772438049316,874.3533325195312,483.6270475387573,57,1787821613.5665932
852.0268249511719,536.2103605270386,814.0177917480469,513.6697196960449,780.8827209472656,470.9501123428345,787.6638031005859,429.98475551605225,814.4256591796875,403.78201961517334,801.8527984619141,395.1683521270752,791.8689727783203,352.942099571228,784.0077209472656,327.73577213287354,774.9467468261719,306.35260105133057,838.6171722412109,389.58768367767334,825.4156494140625,383.67279052734375,817.1983337402344,412.06305027008057,810.11474609375,430.1475763320923,873.399658203125,398.937349319458,852.6973724365234,418.72724533081055,837.7916717529297,464.4578790664673,828.455810546875,492.2265958786011,904.2401885986328,418.56167793273926,882.7790069580078,433.1247854232788,869.6787261962891,463.2895517349243,864.0361785888672,480.5470132827759,58,1787821613.609477
843.8735198974609,538.8295269012451,804.4980621337891,518.9910507202148,770.0380706787109,477.71477222442627,773.8195037841797,438.65331172943115,798.2889556884766,414.6145820617676,791.7621612548828,400.6685543060303,778.3171844482422,357.051522731781,766.4279937744141,332.31273651123047,753.7083435058594,314.9218726158142,827.9325103759766,394.6706199645996,814.9437713623047,386.03442192077637,806.7929077148438,408.39709281921387,799.0612030029297,422.34968662261963,862.5460052490234,404.08817768096924,837.1959686279297,423.6202812194824,824.0079498291016,469.3629312515259,817.0523834228516,497.57187366485596,893.2167053222656,423.86816024780273,865.8205413818359,442.45277881622314,853.7945556640625,473.0972099304199,850.9608459472656,489.8792552947998,59,1787821613.655971
835.8750152587891,543.2316970825195,796.7778015136719,524.4881629943848,759.4612121582031,484.60495948791504,759.4137573242188,445.00298023223877,785.9585571289062,422.6273488998413,780.6836700439453,408.29808712005615,765.8402252197266,363.08531284332275,751.658935546875,339.35774087905884,736.4727783203125,323.6348247528076,815.9894561767578,401.2803554534912,804.7684478759766,389.61806774139404,797.6339721679688,408.4248161315918,789.8757171630859,420.72169303894043,849.9935913085938,409.10244941711426,822.4025726318359,427.20946311950684,810.6833648681641,474.5140600204468,805.1363372802734,505.0862646102905,880.0627136230469,427.5154495239258,850.4120635986328,451.0322427749634,842.0468139648438,481.84258460998535,843.2835388183594,498.2913064956665,60,1787821613.726624
812.2892761230469,565.0558662414551,766.7390441894531,549.017071723938,725.9953308105469,518.4808731079102,714.5921325683594,484.21584606170654,724.9897766113281,460.23290634155273,740.1009368896484,429.8742914199829,712.9757690429688,385.5971574783325,689.1815948486328,362.80481815338135,667.5163269042969,347.12835788726807,775.4936218261719,420.40995597839355,750.2194976806641,426.84691429138184,741.4837646484375,451.59215927124023,737.4308776855469,464.5837926864624,809.0280914306641,429.60920333862305,768.8202667236328,467.6071357727051,765.4320526123047,507.96875953674316,770.0193023681641,529.6721649169922,837.59033203125,449.8303556442261,800.6798553466797,485.0057888031006,797.9087066650391,511.2008857727051,805.0515747070312,521.6200876235962,61,1787821613.7836545
808.3524322509766,568.2091569900513,759.6426391601562,555.4865169525146,717.6338195800781,526.5533781051636,705.2895355224609,495.88817596435547,719.0194702148438,470.511474609375,730.6182098388672,434.47189807891846,700.201416015625,390.56220531463623,675.0470733642578,369.1776180267334,652.9841613769531,355.8939242362976,768.3992004394531,423.1708288192749,741.1373901367188,442.0841360092163,737.3699188232422,481.45939350128174,739.95361328125,503.40930461883545,802.6483917236328,433.73602867126465,765.101318359375,478.44446182250977,763.0716705322266,516.8485450744629,769.2266082763672,530.9252071380615,829.9847412109375,456.1919975280762,796.7400360107422,496.1250686645508,792.9940795898438,522.2803401947021,799.4615173339844,528.9940166473389,62,1787821613.8353386
808.1952667236328,572.0920944213867,760.2991485595703,560.9640169143677,715.7261657714844,536.2524175643921,699.7308349609375,508.0747604370117,716.9873046875,482.7284002304077,727.720947265625,440.96580505371094,694.9172973632812,396.88440799713135,667.9579925537109,377.8566884994507,644.1285705566406,367.6514196395874,764.6382904052734,429.67791080474854,734.2842864990234,447.5872993469238,728.7770843505859,479.1750955581665,730.0521850585938,494.39424991607666,798.6530303955078,440.0832939147949,757.0988464355469,488.0643653869629,754.9114227294922,526.4850568771362,761.7411804199219,542.0667171478271,825.6781005859375,462.52063751220703,790.4319000244141,503.23227882385254,789.1860198974609,528.5005331039429,798.2578277587891,535.4217910766602,63,1787821613.8943713
811.4858245849609,578.2768821716309,760.8386993408203,565.9139156341553,714.1047668457031,541.4062929153442,695.7350158691406,514.5724010467529,717.1212005615234,492.7733373641968,727.2683715820312,443.0816173553467,695.2827453613281,405.877103805542,667.8164672851562,390.22913932800293,642.8879547119141,381.02409839630127,764.3301391601562,432.3069477081299,733.3447265625,458.11683654785156,733.4018707275391,496.70562744140625,740.3115081787109,513.8875579833984,798.4070587158203,443.2344388961792,758.1925964355469,494.5444107055664,759.8814392089844,530.7410573959351,769.6356964111328,540.4500102996826,826.0079956054688,466.15397930145264,790.4573822021484,509.94483947753906,790.9711456298828,535.659670829773,801.8022918701172,540.5336093902588,64,1787821613.9570832
826.7729187011719,586.4229440689087,777.1903228759766,570.4162073135376,727.5196838378906,545.3863906860352,716.4369964599609,519.8414182662964,752.6886749267578,503.1768751144409,744.7438049316406,452.9179000854492,730.4815673828125,409.83720302581787,713.2164764404297,410.80700397491455,699.8012542724609,430.3912925720215,783.2859039306641,442.3628282546997,768.0255126953125,450.7426071166992,761.4923858642578,476.00322246551514,757.9502105712891,490.1502227783203,821.5461730957031,451.9088315963745,796.9077301025391,501.90228939056396,788.1602478027344,537.5362300872803,783.6741638183594,549.9451160430908,854.6258544921875,472.95365810394287,829.7921752929688,524.5115089416504,822.1822357177734,547.0117664337158,820.1309967041016,549.1378784179688,65,1787821614.0051718
837.2536468505859,583.5877847671509,786.820068359375,566.6811990737915,738.6243438720703,540.3996276855469,729.7342681884766,511.5421485900879,767.0121002197266,499.9674081802368,752.5041198730469,452.4121427536011,744.5393371582031,410.2963972091675,731.8059539794922,408.6493492126465,721.1773681640625,424.6142864227295,792.9863739013672,440.3565788269043,786.4909362792969,444.3285655975342,780.4546356201172,463.5419797897339,776.5850830078125,478.810658454895,832.5163269042969,448.55358123779297,812.6419067382812,496.42826557159424,801.6333770751953,529.9315881729126,794.9959564208984,545.7661056518555,867.3809814453125,468.03221225738525,847.7153778076172,515.3353071212769,836.4675903320312,538.9339828491211,829.9737548828125,546.2164163589478,66,1787821614.0308638
839.447021484375,578.7466335296631,794.12353515625,563.5439586639404,749.8827362060547,534.9128150939941,746.9869232177734,504.94704723358154,785.6015014648438,492.6392698287964,766.1495208740234,442.72185802459717,761.0545349121094,403.39603900909424,751.5573883056641,400.5284786224365,742.4398803710938,417.66067028045654,806.5460205078125,431.26410484313965,798.5092926025391,444.6829605102539,792.2902679443359,474.6861505508423,787.2328948974609,493.67640495300293,845.550537109375,441.2746238708496,826.9461822509766,491.006555557251,812.0107269287109,527.9437065124512,800.9326934814453,541.8029594421387,879.6898651123047,462.80675411224365,861.9837188720703,511.1754369735718,847.4786376953125,539.0536737442017,837.4283599853516,546.3728427886963,67,1787821614.0843508
845.9166717529297,573.614387512207,804.0267944335938,560.0070476531982,764.7235107421875,530.3205299377441,765.6968688964844,497.18576431274414,799.2951965332031,478.49085330963135,777.1171569824219,439.6016550064087,775.3180694580078,394.75374698638916,768.8584136962891,387.2418022155762,762.4155426025391,400.76271057128906,815.94482421875,428.7039041519165,811.5290069580078,427.7057361602783,806.7717742919922,450.310320854187,801.9921112060547,465.35927295684814,854.1861724853516,436.8412113189697,838.0164337158203,478.89288425445557,822.9413604736328,519.1420269012451,811.4556884765625,535.8284139633179,888.1193542480469,456.5257930755615,871.5716552734375,503.40312480926514,858.0368041992188,531.0651540756226,848.7020874023438,536.1597633361816,68,1787821614.1299953
855.0973510742188,569.6725273132324,813.5417938232422,553.9888143539429,775.1008605957031,520.3667449951172,779.9000549316406,486.4246129989624,813.7294769287109,467.92046070098877,786.4463043212891,431.92328453063965,783.4550476074219,388.85172843933105,782.5769805908203,375.5483150482178,782.8024291992188,381.2945508956909,824.9130249023438,422.11721420288086,821.3896942138672,415.14269828796387,817.7256011962891,443.0792570114136,813.1618499755859,463.60429286956787,862.2934722900391,429.970121383667,850.2804565429688,465.9163999557495,834.3556213378906,509.4991636276245,820.4697418212891,528.092794418335,895.7415771484375,448.61250400543213,883.1820678710938,494.09066677093506,867.6199340820312,523.5894727706909,854.3812561035156,529.3824434280396,69,1787821614.1750674
859.0302276611328,563.4171867370605,818.2244110107422,545.0222969055176,781.0927581787109,510.9584140777588,786.2024688720703,476.73068046569824,818.9613342285156,455.95634937286377,794.3870544433594,426.6486883163452,790.4685974121094,389.131236076355,790.5062103271484,368.9890480041504,791.3788604736328,356.26155853271484,831.7916870117188,418.28195571899414,830.3870391845703,399.48975563049316,827.5495147705078,423.80953788757324,822.7252197265625,445.10039806365967,867.9502868652344,424.63552951812744,856.3436126708984,452.56874084472656,842.2220611572266,496.00640773773193,830.2236938476562,520.4703855514526,900.2200317382812,441.9433307647705,886.6464233398438,481.8313407897949,870.9093475341797,511.1410188674927,858.4138488769531,522.5698471069336,70,1787821614.2384424
858.5981750488281,552.318377494812,819.4712066650391,533.8799285888672,784.1395568847656,498.76389026641846,794.8094177246094,465.7318639755249,827.9851531982422,443.6818742752075,800.8481597900391,418.45941066741943,796.5962219238281,381.490159034729,795.8350372314453,358.40187549591064,795.34423828125,338.4133243560791,838.3754730224609,409.1714143753052,838.5451507568359,393.8745403289795,833.8078308105469,412.554988861084,826.9232940673828,425.3206729888916,874.3343353271484,416.1060619354248,863.9714813232422,444.90689277648926,846.1371612548828,489.5260190963745,831.8357086181641,513.6303663253784,905.4866027832031,434.99293327331543,892.7643585205078,475.32031059265137,875.1010131835938,505.87247371673584,861.9431304931641,517.0948791503906,71,1787821614.2805796
864.2586517333984,537.1350574493408,826.6712951660156,521.4719009399414,792.7764129638672,482.68595695495605,806.5300750732422,444.9477481842041,838.8782501220703,420.868763923645,808.916015625,400.50461769104004,806.4125061035156,361.79540634155273,808.2035827636719,336.7897081375122,809.9753570556641,313.85366678237915,848.1650543212891,390.7758378982544,846.0810089111328,385.51982402801514,837.1593475341797,418.10492992401123,828.2772827148438,439.83992099761963,884.5023345947266,397.89502143859863,878.5613250732422,427.2774839401245,862.1543121337891,472.76294231414795,850.2174377441406,495.9009647369385,916.2579345703125,416.55590057373047,907.3106384277344,452.2042179107666,890.9178924560547,485.64599990844727,880.4041290283203,497.85292625427246,72,1787821614.3319612
865.8133697509766,539.0102005004883,826.9362640380859,520.889368057251,793.3320617675781,480.8838987350464,807.1845245361328,445.1664447784424,841.2798309326172,424.6422243118286,809.7599792480469,402.2108030319214,806.3288116455078,362.0398950576782,807.4993896484375,338.10989141464233,809.3456268310547,314.13978338241577,848.9181518554688,391.9023656845093,848.0222320556641,386.60828590393066,839.1379547119141,417.1139717102051,830.3183746337891,433.6580514907837,885.3305053710938,398.4116792678833,878.1557464599609,428.8408041000366,860.2294921875,473.64957332611084,847.1265411376953,493.7816333770752,917.1975708007812,416.6019916534424,906.3646697998047,453.6075496673584,888.6895751953125,484.49835777282715,876.2936401367188,493.7646818161011,73,1787821614.3966987
864.6119689941406,540.2084827423096,826.0281372070312,520.4319763183594,793.2257843017578,480.76592445373535,807.2030639648438,445.30506134033203,841.0395050048828,425.63013553619385,811.0029602050781,404.03234481811523,806.2821197509766,362.62624740600586,806.5010070800781,337.8539228439331,807.6441955566406,314.07371520996094,849.644775390625,394.4065189361572,848.76953125,386.78561210632324,840.7277679443359,413.62946033477783,832.5556945800781,430.31558990478516,885.7138824462891,400.9563875198364,877.5002288818359,430.3652858734131,860.6796264648438,473.9084815979004,848.7738037109375,496.03344440460205,917.2891235351562,418.93431186676025,905.8830261230469,453.9555072784424,888.8455963134766,483.4008836746216,877.3225402832031,493.84424686431885,74,1787821614.4387343
865.7677459716797,541.6783332824707,826.4317321777344,521.9188213348389,793.6082458496094,482.2322130203247,807.2355651855469,446.7751693725586,840.1557159423828,427.74860858917236,811.0675048828125,405.7375431060791,805.5377197265625,363.29619884490967,804.9102020263672,337.82032012939453,804.7592926025391,314.8157215118408,849.189453125,396.9714403152466,846.4584350585938,388.4096574783325,839.7842407226562,412.71437644958496,832.7975463867188,428.78801822662354,885.4856872558594,403.5916042327881,875.6004333496094,431.1594343185425,859.3480682373047,474.6390724182129,848.1865692138672,498.3530616760254,917.4083709716797,421.42743587493896,904.6047973632812,453.77586364746094,888.9945983886719,482.46485710144043,879.5470428466797,493.6128902435303,75,1787821614.490413
866.0298919677734,543.4695768356323,827.0390319824219,523.6520862579346,794.3128204345703,484.75696563720703,806.6355895996094,450.154709815979,838.1748199462891,431.0035228729248,810.8759307861328,409.7742033004761,805.0020599365234,366.27190589904785,802.9977416992188,340.8511734008789,800.9297943115234,318.1273913383484,848.6829376220703,402.06501960754395,846.4026641845703,388.2486391067505,842.4249267578125,407.7120780944824,837.2986602783203,420.6943130493164,884.8434448242188,408.6682319641113,872.5592041015625,434.50932025909424,857.0580291748047,477.27428913116455,846.8597412109375,500.92021465301514,916.676025390625,425.93303203582764,901.8373870849609,458.1433582305908,886.7595672607422,486.86724185943604,878.2807159423828,498.4101390838623,76,1787821614.5533953
857.8847503662109,553.6262226104736,824.3430328369141,536.2582111358643,791.3605499267578,499.2899465560913,794.1038513183594,462.71985054016113,824.4963836669922,442.9597806930542,813.3773803710938,420.47038078308105,809.8480987548828,375.7695007324219,803.4869384765625,357.89268493652344,795.0608825683594,355.96550703048706,850.2487945556641,415.4409599304199,843.6133575439453,407.1511745452881,833.9778900146484,423.59654903411865,824.2118835449219,436.3080310821533,884.9116516113281,425.74549198150635,863.3386993408203,451.16772651672363,845.8448791503906,490.95046520233154,834.9443054199219,513.9578104019165,915.5914306640625,445.98162174224854,892.9726409912109,472.67616748809814,877.7552032470703,500.32875537872314,870.6240081787109,512.9734182357788,77,1787821614.6121676
853.6819458007812,561.9468641281128,818.5838317871094,546.1783504486084,783.8531494140625,510.3455400466919,780.8261871337891,476.37598514556885,803.9006805419922,456.1833715438843,805.8631896972656,426.28910064697266,803.0380249023438,379.7038507461548,790.0238037109375,366.20890617370605,773.9787292480469,371.0542631149292,842.4286651611328,420.309534072876,825.9748840332031,424.7273254394531,814.5497894287109,454.60121154785156,807.9336547851562,471.9585371017456,876.0138702392578,431.9756841659546,849.4441223144531,462.74632930755615,835.3585815429688,503.14056873321533,829.4863128662109,521.5344285964966,904.1447448730469,454.05871868133545,875.6633758544922,487.2286319732666,864.2753601074219,515.7396554946899,863.1288909912109,525.3454399108887,78,1787821614.6539776
846.4508819580078,574.141001701355,804.3674468994141,556.9790267944336,765.9286499023438,523.8658046722412,760.1457214355469,490.31205654144287,783.3026123046875,473.4937906265259,793.828125,435.9849214553833,784.4963836669922,385.889368057251,763.8241577148438,381.04783058166504,744.2554473876953,396.3101577758789,829.8873901367188,430.7792043685913,804.4984436035156,437.93503761291504,794.5130920410156,465.4645872116089,791.0095977783203,483.8420534133911,862.5212097167969,443.7455177307129,823.8922882080078,477.67919540405273,814.8204040527344,513.8149881362915,813.4102630615234,533.8270998001099,889.0785980224609,466.72694206237793,853.7849426269531,499.0846824645996,846.0779571533203,523.4723997116089,848.3147430419922,534.0794849395752,79,1787821614.6971276
843.7902069091797,588.1314468383789,795.6528472900391,569.9590730667114,753.5067749023438,540.1427364349365,740.400390625,512.0400524139404,761.6445922851562,491.6236352920532,780.6974792480469,450.3595447540283,765.4959106445312,402.1581029891968,741.5701293945312,400.5369758605957,720.8667755126953,416.38209342956543,815.9618377685547,444.619402885437,786.5303039550781,454.7636890411377,779.7930145263672,483.9714002609253,780.9153747558594,501.32954120635986,847.701416015625,456.9637441635132,804.2768096923828,497.90682792663574,799.6244812011719,533.2124662399292,803.2582855224609,548.9778900146484,873.1993103027344,479.3155574798584,833.5462188720703,517.7046203613281,830.3718566894531,542.8203105926514,837.1492767333984,551.4870643615723,80,1787821614.7521846
842.7588653564453,596.4171981811523,788.7153625488281,579.6245527267456,745.5973815917969,553.7132549285889,729.3637847900391,529.4088792800903,750.5460357666016,508.55597019195557,770.53466796875,460.24449348449707,749.8431396484375,414.6117067337036,721.8006896972656,419.0429735183716,701.5711212158203,440.26941776275635,806.2378692626953,455.0596761703491,773.3860778808594,472.7005863189697,769.6279907226562,504.00557041168213,776.0164642333984,519.1487216949463,837.6388549804688,469.8594617843628,792.4516296386719,516.8447256088257,789.1264343261719,548.8368272781372,795.0312805175781,557.6616811752319,862.0014190673828,494.78572368621826,821.9533538818359,535.5327701568604,819.0218353271484,557.9992532730103,826.5948486328125,562.0049285888672,81,1787821614.7915225
839.3186950683594,605.6771278381348,784.1257476806641,589.1597843170166,737.0498657226562,562.4048137664795,717.2773742675781,536.1673164367676,741.5362548828125,521.5462303161621,759.5803833007812,468.4916639328003,738.2967376708984,426.4563846588135,713.5468292236328,435.8879327774048,698.5343933105469,460.95512866973877,795.54443359375,462.56145000457764,762.6367950439453,488.3095407485962,759.5333099365234,525.1645088195801,767.2401428222656,541.5802717208862,827.7556610107422,477.48517513275146,785.6549835205078,528.9299011230469,781.9367980957031,560.6149864196777,787.56103515625,566.6701698303223,852.3227691650391,503.2277297973633,816.3655090332031,548.3026170730591,815.3605651855469,568.784909248352,824.3830871582031,569.1858673095703,82,1787821614.846164
843.3980560302734,617.224702835083,788.9652252197266,597.7205801010132,741.1740112304688,571.1340093612671,723.0197143554688,545.9302139282227,752.0063018798828,538.7703037261963,761.9306182861328,480.18206119537354,735.1548004150391,445.3276777267456,713.0226898193359,464.2667770385742,703.9411163330078,491.02960109710693,798.4923553466797,475.28820991516113,768.1344604492188,504.2832326889038,763.5685729980469,538.8439893722534,770.1435089111328,553.4756755828857,832.0804595947266,489.87311840057373,794.9169921875,543.8483476638794,789.6011352539062,572.5600433349609,792.8112030029297,578.0553531646729,858.7563323974609,513.9588832855225,826.1369323730469,561.2250709533691,821.2930297851562,580.3856134414673,825.5828094482422,581.0505437850952,83,1787821614.8894932
849.5533752441406,615.2350616455078,792.5764465332031,596.1358022689819,745.750732421875,570.8834266662598,727.0347595214844,546.655740737915,755.3137969970703,539.4785785675049,768.0215454101562,479.5375156402588,738.1683349609375,444.16385650634766,720.3694915771484,466.79466247558594,713.1488037109375,497.3028373718262,805.2040100097656,474.5810079574585,772.3574066162109,498.2985591888428,765.1776123046875,537.8377532958984,768.0219268798828,555.0049638748169,839.4046020507812,488.68135929107666,799.3660736083984,537.92160987854,791.4156341552734,572.1283578872681,791.9544219970703,581.212592124939,867.6305389404297,512.6658868789673,833.32763671875,556.107759475708,825.0213623046875,578.9716815948486,825.9650421142578,583.6000156402588,84,1787821614.9121983
849.8637390136719,614.6586227416992,791.7304229736328,595.0816297531128,741.9754791259766,565.1360321044922,727.5829315185547,540.4598808288574,764.5822143554688,538.2784080505371,771.9560241699219,477.69915103912354,744.8993682861328,442.055082321167,727.8185272216797,466.0758304595947,721.4677429199219,498.246374130249,810.1691436767578,471.9101285934448,778.3311462402344,498.25401306152344,770.9822082519531,540.4022026062012,774.7144317626953,557.7034378051758,845.1905059814453,485.8046579360962,807.5216674804688,535.4425621032715,800.1700592041016,569.5975971221924,802.0754241943359,576.2794733047485,873.8948822021484,509.38560962677,841.2342834472656,555.8332300186157,834.2740631103516,578.9594078063965,837.4467468261719,581.6402435302734,85,1787821614.9547834
850.7846832275391,609.975700378418,796.4629364013672,590.9927845001221,747.4989318847656,560.493106842041,736.1002349853516,535.1982879638672,776.453857421875,530.5601692199707,776.9327545166016,474.71829414367676,753.4690093994141,435.66627502441406,738.411865234375,461.1224126815796,735.1589965820312,494.74782943725586,816.3450622558594,469.12814140319824,789.2520141601562,491.95103645324707,780.0676727294922,532.5976610183716,782.2847747802734,549.7536277770996,851.7918395996094,483.48783016204834,817.8311157226562,532.765588760376,806.8944549560547,565.3603935241699,805.8253479003906,572.3440933227539,880.7547760009766,506.8301725387573,850.3791046142578,553.1944513320923,841.5662384033203,575.4246425628662,842.4742889404297,578.2262420654297,86,1787821614.9860065
852.4658203125,604.0630388259888,806.3866424560547,585.6617975234985,765.5094909667969,558.6278343200684,753.5006713867188,532.3881912231445,782.8642272949219,519.9916219711304,786.7597198486328,468.6923360824585,769.4025421142578,426.40861988067627,756.6300201416016,447.90972232818604,753.0766296386719,479.2595958709717,826.1391448974609,463.74114990234375,801.9100189208984,482.2077941894531,790.4233551025391,518.73694896698,789.7975158691406,535.2634763717651,860.7964324951172,478.46561908721924,826.5367126464844,524.924955368042,812.9371643066406,557.0144748687744,809.5919799804688,566.5094518661499,888.9877319335938,501.87503814697266,859.686279296875,542.9160976409912,847.9013061523438,565.1001119613647,845.6377410888672,570.4201555252075,87,1787821615.034761
857.5686645507812,596.2069988250732,815.0788879394531,578.6525630950928,776.1679077148438,551.2018918991089,767.3950958251953,522.0123338699341,793.6954498291016,504.52239990234375,796.4833831787109,462.7356004714966,783.0194854736328,416.37436866760254,771.8955993652344,434.664888381958,768.2851409912109,465.6585216522217,834.7564697265625,456.9804382324219,815.3182983398438,472.79118061065674,802.5139617919922,506.18120670318604,798.88916015625,522.7430534362793,868.6935424804688,470.3165531158447,838.3016204833984,514.8058605194092,823.9616394042969,545.0984716415405,818.841552734375,553.7370729446411,897.6703643798828,492.3087787628174,869.8507690429688,534.9389934539795,858.0097961425781,556.5924882888794,854.7188568115234,560.4019975662231,88,1787821615.0835974
862.4911499023438,589.0034008026123,823.2002258300781,573.4690761566162,786.1599731445312,542.604660987854,782.3616027832031,509.10494327545166,810.7612609863281,493.8303852081299,803.5888671875,454.7708988189697,796.0153961181641,404.3065309524536,789.1862487792969,420.75804233551025,786.0610198974609,452.495698928833,842.2707366943359,448.4959030151367,826.3257598876953,464.0572214126587,817.3486328125,502.5836133956909,814.4065093994141,517.8807878494263,877.5216674804688,460.5549430847168,851.6931915283203,506.0966205596924,836.9232177734375,541.3955640792847,830.1775360107422,548.8498735427856,908.3835601806641,480.8459186553955,883.8435363769531,524.5320653915405,872.3595428466797,549.8841762542725,869.3498229980469,552.5637245178223,89,1787821615.1331997
869.2299652099609,585.7052278518677,831.7084503173828,570.6823253631592,794.5835113525391,535.0792837142944,796.1614227294922,498.0253601074219,828.8944244384766,482.95838356018066,812.9483795166016,447.9094648361206,808.2804870605469,394.20018196105957,804.4461059570312,410.5597686767578,802.7689361572266,441.0453701019287,851.8616485595703,442.81476974487305,842.9591369628906,448.06241512298584,833.2879638671875,485.4386329650879,827.9391479492188,499.8732089996338,887.3387908935547,454.098801612854,866.1881256103516,494.09289836883545,849.9093627929688,532.3752307891846,841.1002349853516,540.8699798583984,918.7532043457031,473.03009033203125,898.0111694335938,514.4884586334229,884.7056579589844,542.05894947052,878.9029693603516,544.909987449646,90,1787821615.1871593
878.8600158691406,583.3791732788086,839.9149322509766,565.5609369277954,803.2837677001953,527.8632831573486,807.6251983642578,491.9224548339844,841.195068359375,475.68105697631836,823.1278991699219,444.13368701934814,819.0423583984375,387.59448051452637,815.8392333984375,399.59678649902344,815.4079437255859,428.8775825500488,861.0675048828125,440.3006172180176,856.5046691894531,430.71032524108887,845.8067321777344,458.411922454834,838.8327026367188,474.9914503097534,895.9625244140625,450.6946277618408,875.3520202636719,484.2648983001709,856.8333435058594,524.2224311828613,846.2412261962891,540.7696008682251,927.1224975585938,468.7612581253052,906.2595367431641,506.3024854660034,890.0466156005859,533.8125514984131,881.1069488525391,539.9521064758301,91,1787821615.2451909
865.4073333740234,586.6742992401123,820.3065490722656,570.3406763076782,779.7008514404297,537.7564716339111,772.8068542480469,504.39425468444824,803.6172485351562,490.6040096282959,799.796142578125,445.808801651001,790.8786010742188,392.10896015167236,779.7380065917969,413.56525897979736,774.4551849365234,450.4927968978882,837.2107696533203,439.7003173828125,822.6088714599609,453.38271617889404,814.07958984375,487.29583740234375,811.4118957519531,503.5180950164795,871.4383697509766,452.4713659286499,844.7666931152344,500.2937364578247,834.1780853271484,533.2611751556396,830.8083343505859,541.9674110412598,901.1767578125,472.8923749923706,876.0724639892578,518.2459545135498,866.4035034179688,543.0045890808105,863.8426208496094,546.8640947341919,92,1787821615.2862506
860.9162139892578,587.8259754180908,815.3652954101562,569.5088052749634,774.0644073486328,539.1277885437012,767.4501037597656,509.4568920135498,798.0968475341797,495.75127601623535,791.1676025390625,446.86456203460693,781.5741729736328,395.75955390930176,770.7688140869141,419.068078994751,767.4310302734375,453.4127998352051,829.0264129638672,440.7519578933716,815.8324432373047,452.6453447341919,803.87939453125,488.4735631942749,799.8255920410156,507.0723867416382,863.5400390625,452.66414165496826,842.3647308349609,499.660005569458,828.0191040039062,534.4100618362427,820.9097290039062,545.4983997344971,892.7732849121094,472.818603515625,872.9489135742188,519.1356754302979,860.0238800048828,545.545220375061,853.2590484619141,551.7117691040039,93,1787821615.3498712
861.8206787109375,587.3487138748169,816.5174102783203,570.9907579421997,776.4540100097656,540.1588726043701,773.7559509277344,509.4749164581299,806.1305999755859,494.5999002456665,791.6413879394531,448.7118101119995,780.5573272705078,396.30213260650635,772.4807739257812,413.6237096786499,771.3858032226562,447.4380826950073,829.6552276611328,441.26007556915283,818.6064910888672,452.51269340515137,808.4615325927734,487.9841995239258,804.4243621826172,507.0892524719238,864.9864959716797,451.50452613830566,844.8231506347656,498.48790168762207,830.2056121826172,534.5725393295288,822.666015625,546.720757484436,895.8512115478516,469.5585823059082,875.8554840087891,516.7555475234985,861.0559844970703,544.7123193740845,852.5518798828125,551.8760061264038,94,1787821615.3916712
865.2105712890625,586.0129737854004,819.5945739746094,567.8799533843994,781.2042999267578,535.8076000213623,787.3995208740234,503.5677909851074,827.0040130615234,492.1270751953125,798.9675903320312,447.6607275009155,795.1892852783203,393.7636470794678,788.8963317871094,404.26833629608154,786.639404296875,433.23490619659424,837.0208740234375,441.5604829788208,836.1061096191406,439.06216621398926,826.3832092285156,468.68319511413574,820.032958984375,487.87214756011963,872.4290466308594,451.1280298233032,858.6251831054688,491.49420261383057,841.7704010009766,526.5575408935547,830.7241058349609,540.0245046615601,903.6436462402344,468.69473934173584,888.8499450683594,513.591570854187,871.9989776611328,540.4969596862793,860.0698852539062,547.0184183120728,95,1787821615.461336
868.3978271484375,577.2668266296387,828.4255981445312,556.7874097824097,796.0108184814453,523.2126331329346,804.70703125,492.94731616973877,840.3229522705078,476.4837884902954,814.8757934570312,437.62025356292725,815.9181976318359,382.54222869873047,814.0989685058594,393.6228847503662,811.4131927490234,423.0247449874878,852.0529937744141,433.5310649871826,852.7288818359375,436.793532371521,843.5752105712891,466.36576652526855,836.1324310302734,480.3908443450928,885.8448791503906,444.6627473831177,875.3010559082031,487.09696769714355,855.0588226318359,522.1546840667725,839.6656036376953,531.3496828079224,915.5131530761719,463.3407497406006,902.7622222900391,506.88119888305664,883.4024810791016,535.7184219360352,867.4900817871094,540.9386444091797,96,1787821615.5074835
894.1368865966797,546.5023183822632,856.3754272460938,522.6407432556152,830.7564544677734,478.5726070404053,853.8149261474609,446.052303314209,888.7113952636719,426.0918188095093,846.9219207763672,400.9062194824219,852.6799774169922,352.3491382598877,860.3824615478516,325.890691280365,868.7947082519531,301.6913938522339,885.4323577880859,398.59188079833984,891.9973754882812,395.21650314331055,881.6458129882812,426.40746116638184,873.2878875732422,439.5368528366089,920.4580688476562,409.6083354949951,921.6012573242188,439.87837314605713,898.1000518798828,482.41194248199463,881.3042449951172,497.2395372390747,950.4769134521484,430.22611141204834,946.1849212646484,461.6956329345703,924.18212890625,495.24062633514404,907.9209899902344,504.18405532836914,97,1787821615.573584
897.9807281494141,540.8783912658691,858.8536834716797,517.9202270507812,832.4917602539062,472.61394023895264,855.9516906738281,438.5711717605591,890.9523010253906,419.21502113342285,851.5756988525391,396.31895542144775,850.4128265380859,342.53379821777344,854.8347473144531,312.0334768295288,858.543701171875,284.1772985458374,889.0428924560547,393.7385845184326,893.6355590820312,395.2200651168823,882.2595977783203,424.7568082809448,869.2938995361328,438.22797775268555,922.9032135009766,404.10487174987793,922.6757049560547,433.89588832855225,902.5370788574219,476.40044689178467,885.6336975097656,494.397554397583,951.9158172607422,423.10516834259033,947.84423828125,455.19455909729004,925.875244140625,489.90899562835693,907.8604888916016,502.31526374816895,98,1787821615.6176188
900.4893493652344,541.6079950332642,861.1746978759766,519.314546585083,832.3529052734375,474.23004627227783,853.7889099121094,438.2909345626831,888.6384582519531,418.46078395843506,850.9653472900391,395.5157947540283,847.4007415771484,341.40424489974976,849.154052734375,310.1079511642456,850.5485534667969,281.1796188354492,889.5439910888672,393.6596632003784,895.3952026367188,389.84036922454834,885.3372955322266,416.5137577056885,873.6102294921875,429.98956203460693,924.09912109375,404.4725275039673,924.4478607177734,430.8219909667969,904.3340301513672,474.1334867477417,887.9823303222656,494.09448623657227,953.9641571044922,424.2676591873169,951.1122894287109,451.8536424636841,929.4516754150391,486.2788724899292,911.7821502685547,499.8478889465332,99,1787821615.6885195
902.2873687744141,548.7158489227295,862.5453948974609,523.7417793273926,834.5587158203125,479.909462928772,856.1814880371094,445.1689338684082,890.3188323974609,424.3700981140137,850.1246643066406,402.4175262451172,843.7114715576172,346.99886083602905,843.9527130126953,314.6380949020386,843.6004638671875,285.08946418762207,888.8134765625,398.7484359741211,895.2523803710938,391.1247396469116,888.7924194335938,408.4467887878418,878.5502624511719,416.7153310775757,924.6315765380859,408.2188653945923,924.0077972412109,437.9706144332886,904.6450805664062,479.41821098327637,887.789306640625,500.8237838745117,955.2470397949219,427.2964096069336,952.5359344482422,456.46931648254395,931.6980743408203,488.928165435791,913.5694122314453,503.82880210876465,100,1787821615.7571738
904.0081787109375,581.8858051300049,863.9546966552734,552.5680160522461,837.8512573242188,520.8696269989014,858.5079193115234,496.4975309371948,895.2749633789062,484.5471954345703,854.6514129638672,442.21545696258545,853.0946350097656,392.69861698150635,856.2882995605469,398.2531929016113,858.0853271484375,418.32444190979004,892.5823974609375,436.83112621307373,896.1032867431641,435.8381938934326,888.9779663085938,464.61490631103516,880.2626037597656,490.26673793792725,928.2248687744141,446.6712713241577,928.2849884033203,485.78770637512207,909.8410034179688,523.7107944488525,893.2025909423828,548.2266998291016,960.5591583251953,464.9910593032837,958.5506439208984,499.5461082458496,939.9320983886719,528.1151103973389,922.8059387207031,545.1318168640137,101,1787821615.8007069
912.2549438476562,596.7007398605347,870.9526062011719,572.9637050628662,842.6062774658203,536.5172481536865,863.4890747070312,509.29347038269043,900.174560546875,494.0304136276245,856.0671997070312,456.4098358154297,854.5155334472656,408.86632919311523,859.8656463623047,408.7726020812988,865.3855133056641,429.9228286743164,893.5326385498047,448.8600826263428,899.3357849121094,444.0352392196655,893.0222320556641,474.8866081237793,885.2008819580078,498.9732313156128,928.1874847412109,456.1029052734375,928.7626647949219,493.85626316070557,911.082763671875,532.4377584457397,896.5665435791016,551.6499280929565,959.6095275878906,473.3467197418213,954.7380828857422,517.0159149169922,935.5728149414062,547.7213716506958,919.1860961914062,559.1304588317871,102,1787821615.8575974
914.2990112304688,605.5189418792725,873.0549621582031,581.072301864624,844.1014862060547,544.268102645874,865.4230499267578,517.8289031982422,903.8949584960938,505.47460556030273,859.2086029052734,467.7074718475342,857.6581573486328,419.65413093566895,863.2959747314453,429.4669818878174,868.7226867675781,455.81206798553467,896.3042449951172,462.64015674591064,904.1027069091797,451.1776399612427,898.9521026611328,486.1765193939209,891.4981842041016,514.3762350082397,929.9208831787109,470.43946266174316,931.0694885253906,497.956223487854,915.2565765380859,537.2223472595215,901.0681915283203,559.744062423706,960.5000305175781,486.61030769348145,956.8090057373047,521.2321329116821,939.1526031494141,550.9966707229614,923.0919647216797,564.2256259918213,103,1787821615.9007125
913.5277557373047,613.7969255447388,873.3943176269531,589.5985507965088,844.7837829589844,555.8068370819092,864.5147705078125,528.728756904602,903.9370727539062,517.1014451980591,860.1741027832031,476.7959976196289,860.8405303955078,430.65054416656494,865.4161834716797,454.91174697875977,869.5417785644531,484.7211742401123,897.1519470214844,471.8153715133667,903.5221099853516,455.48458099365234,898.1574249267578,493.655161857605,891.0002136230469,522.6377820968628,930.8606719970703,479.7504186630249,931.2602996826172,503.00641536712646,916.3591766357422,544.626874923706,902.987060546875,568.5850954055786,961.4229583740234,496.5807008743286,956.2596130371094,531.1547613143921,938.8979339599609,561.6406202316284,924.0085601806641,575.693850517273,104,1787821615.9578948
916.4560699462891,621.9456481933594,874.6857452392578,598.5128402709961,842.9716491699219,565.3500938415527,861.2525939941406,537.0012474060059,900.9931182861328,525.8829545974731,858.5594177246094,487.6447820663452,858.3499908447266,444.32586193084717,861.6512298583984,473.16965103149414,865.3103637695312,502.8163433074951,896.0919189453125,480.43702125549316,900.3372955322266,461.1747694015503,896.2592315673828,498.00381660461426,891.3765716552734,524.8109292984009,930.0084686279297,487.06220626831055,928.7562561035156,514.4473457336426,913.2837677001953,556.7363834381104,900.323486328125,578.8500595092773,960.4651641845703,503.659930229187,953.6542510986328,541.8919658660889,935.7457733154297,572.0620107650757,920.8370971679688,584.4328308105469,105,1787821616.011542
904.1644287109375,634.5495414733887,857.7500152587891,610.6825160980225,815.4807281494141,584.0401124954224,816.2759399414062,562.3757171630859,854.2912292480469,551.5185213088989,838.7477874755859,496.77648067474365,833.2618713378906,478.639554977417,820.2616119384766,480.7193613052368,807.20703125,489.35791969299316,876.0774230957031,484.4290494918823,871.4444732666016,488.9229726791382,859.6182250976562,520.1203680038452,850.5544281005859,543.8357734680176,909.8914337158203,492.3419952392578,891.1595153808594,541.3574552536011,874.6963500976562,577.4720478057861,863.9572143554688,591.4570426940918,938.1211853027344,513.8616800308228,918.4664154052734,566.5192365646362,903.1778717041016,592.5331878662109,891.5128326416016,597.8189849853516,106,1787821616.0790699
895.4976654052734,623.3232307434082,854.7530364990234,607.683892250061,811.9068145751953,581.3287210464478,805.5440521240234,563.0545949935913,838.865966796875,556.638708114624,829.3792724609375,500.0440979003906,810.1826477050781,481.1559820175171,789.8779296875,473.1690502166748,772.2010803222656,461.9262170791626,866.91162109375,487.7923250198364,859.2728424072266,482.2663736343384,849.9330902099609,513.506555557251,847.1208190917969,530.0515794754028,901.77734375,497.5074577331543,882.9055023193359,544.4913911819458,865.4493713378906,584.0453481674194,859.7185516357422,593.5979604721069,931.9577789306641,520.0526905059814,912.5909423828125,568.5062170028687,897.6353454589844,597.0925998687744,889.9823760986328,601.5336513519287,107,1787821616.1176946
884.5275115966797,613.1715202331543,847.4150085449219,603.3473825454712,806.8074798583984,583.5599327087402,799.815673828125,564.1639137268066,830.4659271240234,554.2884063720703,819.5402526855469,500.1952028274536,791.50634765625,470.4911756515503,770.6465148925781,453.30448150634766,754.1423797607422,435.8800792694092,857.5776672363281,484.4436836242676,841.8740081787109,496.83218479156494,836.8808746337891,528.154935836792,837.5254058837891,540.8379220962524,893.2147979736328,494.43471908569336,870.80078125,546.0677146911621,857.4110412597656,581.4134788513184,855.9406280517578,590.0478744506836,923.6929321289062,517.6010227203369,903.02490234375,565.4444217681885,889.3932342529297,591.8921184539795,885.0901031494141,597.577714920044,108,1787821616.1626332
880.84716796875,611.9740104675293,844.8464965820312,603.4063053131104,807.0528411865234,585.362548828125,795.4235076904297,564.069414138794,824.3357086181641,551.6203594207764,815.6327819824219,499.66893196105957,785.1880645751953,463.86298656463623,764.4259643554688,441.8387031555176,750.4767608642578,421.0671615600586,853.7133026123047,484.1043949127197,844.3618774414062,490.57066440582275,839.3801116943359,520.1287364959717,838.9265441894531,536.4241218566895,890.1336669921875,492.7701187133789,871.0356903076172,544.8616218566895,858.1095123291016,579.9966716766357,856.3641357421875,591.7623853683472,921.4102172851562,514.7575378417969,901.9818115234375,560.6724500656128,891.5815734863281,585.1732063293457,890.115966796875,591.3616418838501,109,1787821616.1892812
879.2817687988281,610.970778465271,842.7420043945312,601.7783975601196,804.0379333496094,582.3338413238525,795.6019592285156,559.8537969589233,826.9772338867188,547.0327949523926,815.1927185058594,495.0520992279053,785.7849884033203,454.0972566604614,767.3060607910156,428.32860946655273,753.9888000488281,404.5775842666626,854.0474700927734,478.727445602417,841.0802459716797,500.24837493896484,835.0773620605469,538.3549690246582,834.1255950927734,556.4413833618164,890.4085540771484,487.97136783599854,869.5008850097656,546.5169525146484,855.8252716064453,580.5504941940308,853.0045318603516,588.3546924591064,920.6932830810547,510.41162967681885,900.6880950927734,562.3252487182617,889.1371917724609,587.9140377044678,886.7632293701172,591.9393682479858,110,1787821616.25213
880.2212524414062,612.4175834655762,844.8636627197266,602.6049900054932,806.8251800537109,580.0682973861694,799.0092468261719,556.3784265518188,831.1598205566406,542.9968643188477,818.5591125488281,491.8996238708496,792.8660583496094,444.51752185821533,777.4013519287109,415.3828525543213,766.7155456542969,388.9858818054199,858.3628082275391,476.7104244232178,845.6719970703125,497.06942081451416,838.2888793945312,537.5924921035767,837.1675872802734,556.951003074646,894.9601745605469,486.5355062484741,873.1832122802734,543.416576385498,857.3589324951172,578.6787843704224,853.81103515625,586.3399457931519,924.7187805175781,509.2315864562988,903.9891815185547,560.1021480560303,890.5084228515625,587.4140739440918,887.3519897460938,591.4132261276245,111,1787821616.2940164
886.9392395019531,613.39768409729,848.3683776855469,600.557370185852,811.4180755615234,575.9219884872437,807.8302764892578,551.941237449646,839.8053741455078,537.447395324707,823.8172149658203,487.57410049438477,803.1889343261719,436.453857421875,791.2363433837891,404.52874660491943,784.287109375,375.668306350708,864.0378570556641,474.2027521133423,855.3469848632812,490.3611946105957,846.5251159667969,526.6595935821533,843.8530731201172,544.6710777282715,900.8843231201172,484.72851276397705,880.7684326171875,540.4873466491699,863.4574890136719,574.2199230194092,858.0194091796875,582.3720359802246,930.6123352050781,507.2825002670288,910.4100799560547,556.3545656204224,896.0087585449219,582.4430179595947,891.0946655273438,586.5396308898926,112,1787821616.3341115
893.8899993896484,614.0188837051392,851.9248199462891,597.1238422393799,816.5827941894531,570.3912305831909,816.6642761230469,547.8002071380615,847.8517150878906,534.1123151779175,829.603271484375,481.0353899002075,815.2067565917969,427.3689365386963,808.1282806396484,393.19231510162354,804.3898010253906,362.80099868774414,869.1388702392578,470.05640029907227,863.3139038085938,489.4740056991577,853.3295440673828,527.0948839187622,848.3955383300781,547.6404762268066,905.3459167480469,481.2380790710449,887.2934722900391,532.8992700576782,870.3248596191406,567.509593963623,863.2231140136719,579.2532920837402,934.7824096679688,503.57791900634766,916.2047576904297,550.6762218475342,899.4004821777344,577.0206642150879,890.8806610107422,584.0130758285522,113,1787821616.379012
904.8041534423828,607.2632360458374,866.1467742919922,586.1871242523193,838.6431884765625,547.8060007095337,860.3174591064453,518.3262062072754,899.0726470947266,504.474720954895,864.9957275390625,461.23236179351807,880.2108001708984,404.19301986694336,895.1378631591797,370.87560653686523,906.9205474853516,341.4497137069702,905.5974578857422,460.78290939331055,908.4243774414062,470.4072332382202,894.1138458251953,506.88167095184326,883.2039642333984,523.6410140991211,940.0324249267578,476.72947883605957,931.3536834716797,514.8722505569458,906.6269683837891,552.3500919342041,888.995361328125,564.8359251022339,967.0372009277344,501.4333963394165,954.7694396972656,537.8561639785767,930.3108215332031,568.1890726089478,912.1218109130859,575.4709482192993,114,1787821616.4265056
911.6600036621094,608.2683563232422,872.9812622070312,586.2570333480835,847.0827484130859,541.4038896560669,868.3376312255859,507.2336196899414,904.5180511474609,489.8755645751953,876.0989379882812,456.8348264694214,890.3672027587891,398.4118938446045,907.5576019287109,364.73484992980957,922.1153259277344,335.03743171691895,914.2086029052734,458.9669895172119,918.7298583984375,469.1368532180786,902.0669555664062,510.3368282318115,889.1765594482422,532.4031686782837,946.5927886962891,474.91682052612305,944.7855377197266,503.2615900039673,917.9122161865234,544.2078495025635,898.9529418945312,561.3840293884277,974.2173004150391,499.427490234375,967.2325134277344,530.498628616333,939.7563171386719,561.3223171234131,918.9360809326172,570.4326009750366,115,1787821616.4758477
914.8135375976562,604.3541765213013,877.2660064697266,579.599404335022,853.3792877197266,534.0896129608154,876.3899993896484,498.61621856689453,912.6085662841797,479.4544315338135,881.1448669433594,451.2719678878784,897.9724884033203,390.4671907424927,916.9470977783203,356.710410118103,932.523193359375,326.7328190803528,917.4832916259766,458.9800786972046,925.7610321044922,452.3505163192749,912.7864837646484,488.5908079147339,899.3401336669922,510.69448471069336,949.1043090820312,475.9363603591919,949.5024871826172,493.22128772735596,925.0301361083984,535.7249450683594,905.4737091064453,556.4082098007202,975.5474853515625,500.3469514846802,969.7935485839844,523.191089630127,944.6975708007812,555.2951145172119,925.0994873046875,567.1834373474121,116,1787821616.5259328
917.9587554931641,598.9162874221802,881.0057067871094,572.971043586731,858.1735229492188,524.6162223815918,883.2808685302734,488.1813955307007,920.4711151123047,470.5027198791504,885.7293701171875,445.5325126647949,902.6912689208984,382.5374221801758,921.3813781738281,348.4372329711914,936.8906402587891,319.2185354232788,920.3060913085938,456.9924545288086,929.2202758789062,449.27863597869873,914.8038482666016,486.622109413147,900.2540588378906,510.184907913208,950.8577728271484,476.0015058517456,953.7189483642578,485.2674436569214,928.9322662353516,527.7717018127441,908.7880706787109,550.4325485229492,976.3373565673828,501.46395206451416,972.0162200927734,516.7563629150391,946.7116546630859,548.2072591781616,927.0046997070312,561.5685653686523,117,1787821616.5843623
923.6491394042969,594.7804069519043,885.7335662841797,567.8934288024902,863.0175018310547,519.069414138794,887.762451171875,481.9836902618408,923.3843994140625,461.6922855377197,886.12548828125,443.1075382232666,898.4335327148438,376.8724250793457,913.6688995361328,340.3759717941284,926.5726470947266,308.90904664993286,920.2330017089844,455.17743587493896,930.306396484375,440.89731216430664,917.0586395263672,478.0874490737915,902.8856658935547,502.38075256347656,950.4230499267578,473.99040699005127,955.6742858886719,473.13690662384033,933.4686279296875,514.703893661499,914.8892974853516,536.923656463623,975.2552032470703,499.09425258636475,974.1024017333984,505.2807140350342,949.9932098388672,535.9225273132324,930.3670501708984,549.6880531311035,118,1787821616.6347256
924.5433044433594,589.7227907180786,888.1013488769531,561.0368871688843,864.9627685546875,513.8585472106934,887.4347686767578,476.2561225891113,921.9778442382812,454.81462955474854,882.8220367431641,440.5795669555664,886.9851684570312,372.71942138671875,896.6464996337891,333.90204191207886,905.4591369628906,301.01446866989136,917.6004028320312,452.4810218811035,925.2430725097656,430.43304920196533,912.3598480224609,465.5884838104248,898.7825012207031,490.7397508621216,949.2897796630859,470.93303203582764,954.4692230224609,462.44523525238037,932.8807830810547,506.4912271499634,915.1335906982422,532.9583644866943,975.0038146972656,495.5391025543213,974.9626159667969,497.3457956314087,952.3551177978516,528.6697912216187,934.5771026611328,545.0954675674438,119,1787821616.6866474
924.8434448242188,586.734209060669,888.59619140625,554.7753238677979,863.4145355224609,507.79834270477295,883.1746673583984,469.03231143951416,916.4714050292969,447.37456798553467,872.7717590332031,438.7544631958008,865.0981140136719,374.12532806396484,864.6159362792969,337.4876403808594,864.9010467529297,305.1833724975586,908.8873291015625,445.27411937713623,918.6091613769531,425.291748046875,910.6423187255859,462.8469657897949,898.8439178466797,490.46865463256836,942.4619293212891,459.35717582702637,950.7867431640625,453.7372827529907,933.9708709716797,500.5686092376709,917.5986480712891,530.7892084121704,970.5552673339844,480.4103708267212,974.249267578125,480.8839416503906,955.5779266357422,515.3399419784546,938.9832305908203,536.6782236099243,120,1787821616.7179124
925.6574249267578,586.7857074737549,887.8238677978516,557.0052480697632,862.6734924316406,510.004620552063,882.1324157714844,470.55984020233154,914.4869995117188,448.2871198654175,873.5417175292969,440.7250928878784,867.1772766113281,379.0441560745239,868.4284210205078,344.8386526107788,870.2993011474609,313.57048988342285,908.4601593017578,445.7224988937378,917.2650909423828,428.30689430236816,908.8224792480469,465.46746253967285,897.7660369873047,490.9254455566406,940.6251525878906,458.6413908004761,947.469482421875,458.2999563217163,930.0482940673828,505.80857276916504,914.6253204345703,534.4236660003662,967.9398345947266,478.7592029571533,971.2461090087891,482.0447587966919,952.7703094482422,517.0342397689819,936.8244934082031,537.2190856933594,121,1787821616.7722466
928.4493255615234,592.1860027313232,888.9996337890625,563.5701370239258,862.7587127685547,516.2370872497559,882.1585845947266,476.86320304870605,914.5332336425781,453.89649868011475,873.1906127929688,447.46602058410645,871.7378234863281,388.6857748031616,876.2953186035156,355.8778953552246,880.9551239013672,324.8801851272583,908.2344055175781,451.506028175354,915.8743286132812,427.25297927856445,907.5724792480469,462.2840452194214,896.6206359863281,485.18646240234375,940.9384155273438,463.31603050231934,949.8429870605469,460.3135871887207,931.551513671875,508.9220380783081,914.1319274902344,536.1398506164551,968.8216400146484,483.0836534500122,973.7901306152344,488.6390447616577,954.3862915039062,524.1208076477051,935.9649658203125,542.1656799316406,122,1787821616.8218732
929.4583892822266,598.5523223876953,889.4046783447266,568.2269668579102,863.1892395019531,523.431715965271,880.5575561523438,483.89732837677,912.4061584472656,460.4629325866699,872.1037292480469,453.00737857818604,870.7484436035156,401.42927169799805,876.9053649902344,373.8165092468262,882.7367401123047,349.00238513946533,907.4191284179688,455.3263521194458,912.5198364257812,432.59117603302,904.3682098388672,467.03816413879395,893.3065032958984,489.36843395233154,939.9836730957031,465.84052562713623,948.9031982421875,463.2924699783325,931.7890167236328,512.3527765274048,914.7879028320312,540.2896356582642,967.4424743652344,485.40631771087646,973.3488464355469,491.574969291687,955.2053833007812,527.4180793762207,937.1055603027344,546.1561632156372,123,1787821616.8715067
926.1532592773438,602.2963428497314,885.9711456298828,572.4120712280273,860.8073425292969,528.9699411392212,880.0503540039062,492.7848815917969,912.5289916992188,471.15705013275146,871.3787841796875,456.9884204864502,867.8952026367188,414.2216491699219,875.0922393798828,396.51593685150146,883.1549072265625,388.3824920654297,907.6055145263672,454.9049663543701,907.4525451660156,437.5729179382324,899.5787811279297,461.6488552093506,891.1225128173828,479.83242988586426,941.6749572753906,463.43735218048096,946.40625,472.4839496612549,927.7091217041016,518.8844919204712,910.8787536621094,546.5704679489136,971.7352294921875,482.18092918395996,972.9761505126953,499.5351219177246,953.4661102294922,533.9255905151367,936.1969757080078,550.925087928772,124,1787821616.8939342
924.5740509033203,609.1758441925049,885.3617095947266,578.9175224304199,860.4891967773438,536.7410516738892,878.5544586181641,501.0129976272583,911.8585205078125,479.8040199279785,871.0585784912109,465.49952030181885,867.1708679199219,430.1188659667969,873.4923553466797,417.4218463897705,881.6123962402344,412.322301864624,907.2489929199219,460.20737171173096,906.591796875,445.25776863098145,899.0048980712891,467.8433847427368,891.455078125,486.3783073425293,940.9275054931641,467.5114345550537,945.0759124755859,481.72306537628174,927.0166015625,526.2227582931519,910.439453125,553.2947444915771,970.8895111083984,486.08532428741455,971.6119384765625,507.9347276687622,952.0712280273438,540.7861232757568,934.0772247314453,556.8954277038574,125,1787821616.9443624
916.7657470703125,609.0829753875732,881.6938018798828,580.5041027069092,855.5419921875,541.9199895858765,872.7587890625,507.4593114852905,911.5068817138672,490.84420680999756,867.2860717773438,469.6333837509155,864.0292358398438,435.3281879425049,870.4837799072266,428.95822048187256,877.0075988769531,435.40247440338135,904.1256713867188,464.18553829193115,904.0910339355469,452.87811756134033,897.5439453125,479.4581651687622,890.0277709960938,502.6011657714844,938.8906097412109,472.52021312713623,939.1929626464844,490.8579397201538,921.6145324707031,533.1557321548462,905.9208679199219,559.9590682983398,969.8033905029297,491.3902187347412,965.3065490722656,514.2023420333862,946.5152740478516,545.2855825424194,930.4065704345703,561.7252922058105,126,1787821616.9995234
916.1074829101562,613.1294631958008,878.0833435058594,587.5998973846436,851.7596435546875,550.8733320236206,869.1719055175781,516.6785573959351,906.6874694824219,501.6930341720581,862.2724151611328,481.18855476379395,856.9967651367188,444.3498945236206,863.6085510253906,435.6612539291382,872.1622467041016,444.25676822662354,899.3672943115234,473.31539154052734,902.8932189941406,454.922776222229,899.5491790771484,480.74339389801025,893.8644409179688,507.9093647003174,934.23095703125,479.54073429107666,933.1597900390625,500.50063133239746,917.8718566894531,540.3453826904297,903.9539337158203,566.4456796646118,965.5279541015625,496.25205516815186,960.5916595458984,523.9194488525391,943.2443237304688,553.3596754074097,927.9123687744141,568.6228609085083,127,1787821617.0385523
894.4306945800781,628.9134693145752,857.0771789550781,605.5642604827881,821.6010284423828,575.7013607025146,828.3069610595703,546.6821765899658,865.0663757324219,533.0850505828857,841.8328094482422,498.6222267150879,838.1491088867188,471.045298576355,830.0907897949219,470.3610563278198,821.4910125732422,483.7184143066406,878.1790161132812,486.33350372314453,878.9202117919922,472.85409450531006,869.5095062255859,496.51873111724854,860.0723266601562,523.7143135070801,912.3680114746094,491.50896549224854,899.5682525634766,525.7275152206421,881.7359161376953,564.7217273712158,868.3655548095703,587.9694414138794,942.3048400878906,510.0074100494385,927.8722381591797,551.0361099243164,911.5982818603516,578.1289100646973,899.3862915039062,588.4911632537842,128,1787821617.0733166
888.7739562988281,628.6032772064209,852.3893737792969,608.1227874755859,817.4557495117188,577.7039623260498,817.9991149902344,550.0582408905029,853.3705139160156,537.5042581558228,834.9299621582031,501.10857009887695,828.2793426513672,480.9404182434082,819.4780731201172,473.10665130615234,810.9256744384766,474.5496368408203,872.44140625,489.7552299499512,871.4094543457031,474.268798828125,862.850341796875,500.58783531188965,855.4351043701172,527.0072078704834,906.3581085205078,495.902681350708,893.0027008056641,526.1353826522827,876.3806915283203,566.7242431640625,864.0091705322266,589.0267467498779,934.9967956542969,514.6567726135254,918.4833526611328,555.1841354370117,903.0152130126953,581.655478477478,891.1373138427734,591.0634660720825,129,1787821617.1251037
881.7499542236328,623.0020093917847,846.7308044433594,606.0434103012085,810.1505279541016,575.7488679885864,814.0752410888672,549.6877956390381,847.4726104736328,538.681812286377,827.4360656738281,503.6707878112793,817.40478515625,483.5563659667969,807.3249053955078,469.23500061035156,797.9203033447266,456.6575002670288,865.1896667480469,489.29174423217773,864.2591857910156,474.83399391174316,856.7816925048828,497.37849712371826,849.9892425537109,519.5100688934326,900.6961822509766,493.6782503128052,888.1642150878906,525.1705598831177,870.4877471923828,568.2656764984131,858.5099029541016,593.6767530441284,930.5274200439453,511.58527851104736,915.7986450195312,553.6821413040161,899.1926574707031,581.8082141876221,887.9875183105469,593.1137895584106,130,1787821617.1719022
876.8389129638672,620.2036714553833,843.0899810791016,604.3280410766602,808.6820220947266,575.5520582199097,812.0522308349609,547.7127456665039,844.9539947509766,534.8977518081665,826.0404968261719,502.24376678466797,814.2131042480469,475.9210395812988,804.6566772460938,455.4356575012207,797.2811126708984,436.2501382827759,863.7444305419922,488.6086177825928,859.2955780029297,476.625452041626,852.9152679443359,503.2117223739624,847.6984405517578,525.4644012451172,899.2247009277344,494.20937061309814,886.1172485351562,523.6341047286987,868.6272430419922,567.1597480773926,857.5779724121094,592.5718975067139,929.4139099121094,512.4580478668213,914.7380828857422,551.169319152832,897.8404235839844,579.6566104888916,887.0229339599609,591.6532945632935,131,1787821617.214922
875.3311920166016,616.8119430541992,841.1768341064453,601.9395875930786,809.2075347900391,574.3539476394653,813.8642883300781,545.6870126724243,844.7808074951172,530.9128475189209,825.2284240722656,497.7836608886719,817.0687103271484,464.67812061309814,811.385498046875,440.4975986480713,807.1376037597656,418.7993860244751,863.4404754638672,485.2043581008911,860.1782989501953,478.42708110809326,854.6394348144531,504.73907947540283,849.1912841796875,526.3472986221313,899.3727874755859,492.1469449996948,887.0206451416016,525.5918598175049,869.8577880859375,567.5718641281128,858.9427185058594,592.9067230224609,929.7786712646484,511.40838146209717,915.9132385253906,550.2157831192017,899.1292572021484,578.5055780410767,888.7105560302734,591.3578653335571,132,1787821617.268015
875.9041595458984,617.0176792144775,841.2013244628906,601.0595226287842,810.8340454101562,570.6040048599243,818.0752563476562,541.4318704605103,849.2813110351562,525.9779262542725,826.9314575195312,492.82848358154297,822.2422790527344,454.8358726501465,821.3034820556641,428.45932960510254,821.8878173828125,404.27112579345703,864.9685668945312,481.9303894042969,865.4409790039062,475.7147026062012,857.261962890625,506.3322687149048,849.7547149658203,529.2633533477783,900.1528167724609,489.6197032928467,890.1797485351562,524.1893005371094,873.2452392578125,564.5937538146973,863.1112670898438,586.1807298660278,929.749755859375,509.474573135376,917.4718475341797,550.838828086853,900.7786560058594,578.5493516921997,891.0138702392578,588.516697883606,133,1787821617.318135
879.1824340820312,617.0516681671143,842.8075408935547,598.4120321273804,813.4330749511719,566.4851188659668,822.0278930664062,538.7554550170898,853.4664154052734,522.6964902877808,829.7962951660156,487.455997467041,828.4858703613281,446.0044527053833,831.3921356201172,417.6714849472046,835.2042388916016,391.953821182251,868.0524444580078,477.0988941192627,869.8258972167969,487.1776485443115,860.2127075195312,524.680552482605,851.9542694091797,550.2943181991577,902.757568359375,485.6932067871094,894.9266052246094,525.2632141113281,878.0735778808594,563.4292888641357,867.3300933837891,583.1991863250732,932.1688842773438,505.6031370162964,921.1444854736328,549.0049695968628,902.1208190917969,577.0044422149658,889.3095397949219,587.6031589508057,134,1787821617.3733788
875.7246398925781,609.8786687850952,841.9231414794922,593.8733911514282,813.9166259765625,560.7186698913574,823.9542388916016,529.2268323898315,852.7543640136719,511.2003707885742,832.886962890625,480.8947563171387,831.6703033447266,424.5860481262207,835.1750946044922,389.06347274780273,838.5460662841797,358.0184268951416,869.0778350830078,477.63864040374756,868.5845184326172,471.6856813430786,861.6014099121094,498.1526041030884,855.2033233642578,514.2113542556763,902.9733276367188,487.77082443237305,890.0077819824219,512.9862928390503,872.24609375,553.5672998428345,861.739501953125,575.8920764923096,932.3339080810547,506.6624164581299,917.2590637207031,533.6980104446411,900.8863830566406,561.9066524505615,892.7402496337891,572.9982089996338,135,1787821617.42268
881.5711212158203,616.2890625,844.5240783691406,597.8351640701294,812.7799987792969,560.0209951400757,820.6336212158203,526.5145397186279,849.591064453125,509.2651891708374,830.7838439941406,482.29143619537354,823.9903259277344,424.0423107147217,823.9124298095703,388.83400440216064,824.7513580322266,359.7273588180542,866.7824554443359,480.5766248703003,865.9390258789062,465.2341318130493,859.9674224853516,476.0807275772095,853.4708404541016,484.65967655181885,901.10595703125,489.8553943634033,885.7338714599609,511.63639068603516,868.5982513427734,550.661244392395,858.3035278320312,577.2174739837646,931.4902496337891,507.7483034133911,914.7699737548828,535.405912399292,898.5625457763672,564.4198608398438,890.579833984375,580.9793901443481,136,1787821617.4751406
880.7077026367188,619.3896102905273,842.1345520019531,598.9879989624023,810.0395965576172,561.8648099899292,815.6468963623047,529.2247724533081,842.8593444824219,510.1076602935791,827.8478240966797,482.5194025039673,817.3081970214844,425.79179763793945,813.9197540283203,391.9139528274536,812.2040557861328,364.06017780303955,864.5072937011719,478.9749813079834,860.5000305175781,467.61159896850586,853.6599731445312,477.1206521987915,847.3339080810547,484.41965103149414,899.3549346923828,488.33147048950195,880.5693054199219,514.9499273300171,864.2595672607422,554.014949798584,855.3235626220703,580.5811357498169,929.8107147216797,506.78232192993164,911.7550659179688,537.4851608276367,896.4082336425781,565.1892471313477,889.3504333496094,580.7788467407227,137,1787821617.5233328
882.6250457763672,621.8808889389038,843.0982971191406,602.2448873519897,810.107421875,565.6539344787598,813.2462310791016,532.9269075393677,839.5570373535156,512.4595069885254,823.6389923095703,486.54979705810547,810.3591156005859,431.4685535430908,804.6074676513672,398.50411891937256,801.6054534912109,370.71192741394043,860.1612854003906,481.18889808654785,855.7585906982422,468.33794116973877,848.4761047363281,480.38814067840576,842.4680328369141,489.2227792739868,895.0552368164062,489.7813653945923,876.690673828125,517.1065950393677,861.4897918701172,555.6689071655273,854.4978332519531,579.3523406982422,925.2354431152344,508.06931018829346,907.7049255371094,541.1642074584961,893.3171081542969,568.9721488952637,887.7978515625,582.394609451294,138,1787821617.5680623
