P0_x,P0_y,P1_x,P1_y,P2_x,P2_y,P3_x,P3_y,P4_x,P4_y,P5_x,P5_y,P6_x,P6_y,P7_x,P7_y,P8_x,P8_y,P9_x,P9_y,P10_x,P10_y,P11_x,P11_y,P12_x,P12_y,P13_x,P13_y,P14_x,P14_y,P15_x,P15_y,P16_x,P16_y,P17_x,P17_y,P18_x,P18_y,P19_x,P19_y,P20_x,P20_y,frame_number,timestamp
698.4934997558594,404.13525581359863,633.1042098999023,400.79017639160156,571.2368011474609,355.8076214790344,569.752197265625,293.2683992385864,587.7642440795898,245.04337549209595,528.3076858520508,288.13072443008423,474.2860412597656,236.48459672927856,444.17327880859375,202.15444564819336,421.22737884521484,170.6253468990326,561.7655944824219,262.22444772720337,496.0466766357422,203.0114221572876,459.5135498046875,169.1821038722992,429.88719940185547,134.9377405643463,608.8064193725586,252.7322816848755,581.4029693603516,220.87961196899414,596.8379592895508,275.85017681121826,607.6334762573242,313.0470299720764,659.9597930908203,257.12767124176025,632.4982452392578,255.1088047027588,636.9942474365234,301.88586473464966,641.9394683837891,332.4722957611084,1,1787821794.242936
706.8018341064453,399.2206335067749,639.5378875732422,391.70761585235596,577.8962707519531,347.2157120704651,577.9892730712891,282.81424283981323,598.1930160522461,232.21336126327515,542.2661590576172,278.25929403305054,490.1194381713867,223.34893941879272,460.0215530395508,187.99263954162598,435.29247283935547,155.1527988910675,576.5839004516602,254.32137250900269,512.5069808959961,191.36666536331177,474.9504089355469,156.18942975997925,444.2000961303711,121.81297302246094,624.1695022583008,245.46789407730103,597.2164535522461,214.7964906692505,609.8147583007812,272.3736047744751,618.6365509033203,311.9481825828552,676.2873840332031,249.49270963668823,648.0439758300781,239.83555555343628,649.7286987304688,286.1618971824646,652.8514862060547,319.28687810897827,2,1787821794.3010578
708.6422729492188,397.6786422729492,643.9390563964844,393.867244720459,583.6899566650391,348.7422752380371,584.9053955078125,285.7052993774414,606.7180252075195,237.56323099136353,542.2366714477539,277.24565505981445,489.91641998291016,224.3894863128662,461.0150909423828,189.17652368545532,438.0298614501953,156.85986399650574,576.1763763427734,251.12731218338013,513.5495758056641,189.84405040740967,478.2773971557617,156.1068820953369,448.4702682495117,122.0253074169159,622.9716491699219,243.6613941192627,598.8916397094727,205.02355098724365,613.7339019775391,260.96614837646484,622.1117782592773,298.97111892700195,673.9712524414062,250.7046389579773,651.3597106933594,245.5351424217224,654.2070770263672,293.340539932251,654.9981689453125,325.19368171691895,3,1787821794.3375914
712.3000335693359,397.86184787750244,645.5656433105469,392.78122901916504,584.4562530517578,346.531126499176,585.7098770141602,283.6738157272339,607.6179885864258,235.8442997932434,545.4269409179688,276.0321593284607,492.4996566772461,222.84760236740112,463.6521530151367,188.03229331970215,441.36425018310547,155.53324341773987,579.1477203369141,250.8415389060974,516.607666015625,191.89003944396973,481.49200439453125,157.65453815460205,453.1002426147461,123.18574905395508,625.5221557617188,243.22919368743896,600.8005142211914,205.824716091156,614.9604797363281,260.9507632255554,624.3678665161133,300.0135540962219,676.3777160644531,249.6186876296997,653.78173828125,243.80475282669067,655.1888275146484,290.9472584724426,656.1380004882812,324.481201171875,4,1787821794.378245
713.3866882324219,399.37671661376953,648.1675720214844,394.0655994415283,588.982048034668,347.07387685775757,590.4816818237305,283.1001019477844,610.7776641845703,234.27003622055054,547.2862243652344,276.9674348831177,495.04150390625,223.7529444694519,466.7491149902344,188.48938465118408,445.00633239746094,155.94964027404785,581.0025405883789,251.13634586334229,519.0422821044922,191.29368782043457,484.9741744995117,157.62701869010925,456.9877624511719,123.51359009742737,627.5379943847656,243.49170684814453,603.6674880981445,202.57447957992554,618.8493728637695,258.03528785705566,627.784309387207,296.4896249771118,678.7045288085938,250.2028727531433,655.5868530273438,244.57531929016113,658.3713531494141,291.98615312576294,659.3857574462891,324.00042057037354,5,1787821794.4297104
714.0543365478516,399.89084243774414,649.4639587402344,393.28651428222656,590.9483337402344,345.800085067749,592.3722076416016,282.04075813293457,611.6891479492188,233.05860042572021,550.0764465332031,275.83661556243896,498.02318572998047,222.8078842163086,469.66609954833984,187.9171085357666,448.0612564086914,155.5525016784668,583.6140060424805,250.29863834381104,521.9076156616211,189.71800804138184,486.90319061279297,156.60560131072998,458.5553741455078,123.1927764415741,629.913330078125,242.6828169822693,602.6539611816406,200.7919692993164,617.4764251708984,257.1855425834656,627.8115463256836,295.90067625045776,680.762939453125,249.23678398132324,654.1952514648438,243.40606927871704,658.1675720214844,290.78834295272827,662.3149871826172,321.7886281013489,6,1787821794.4704752
718.316650390625,394.78906631469727,650.2518463134766,383.84925842285156,591.3652801513672,334.1351366043091,588.5066986083984,267.2302007675171,600.9184646606445,213.17866802215576,561.7847061157227,275.4969620704651,512.2794723510742,226.1065936088562,484.6791076660156,193.1981635093689,463.6543655395508,161.00850105285645,593.4440994262695,250.66320419311523,534.3164825439453,191.22304916381836,500.24253845214844,160.28512001037598,473.8271713256836,127.16695189476013,635.7684326171875,241.29929065704346,605.8545684814453,192.0245361328125,614.8751068115234,246.92306756973267,623.2883834838867,285.7393956184387,682.6585388183594,244.93207454681396,649.3907165527344,229.23675298690796,649.2455291748047,273.33598136901855,653.5186767578125,304.99656200408936,7,1787821794.5399563
721.6501617431641,394.1664505004883,650.7188415527344,380.7323169708252,595.7226181030273,329.783456325531,588.7310791015625,263.7614393234253,597.3317337036133,210.34196376800537,570.1080322265625,281.94825410842896,519.1743087768555,233.9575481414795,491.3376235961914,203.0061435699463,468.7415313720703,171.4201283454895,598.958625793457,256.70692920684814,539.7489929199219,199.83856201171875,505.46688079833984,170.2658450603485,479.00367736816406,138.54070901870728,637.873649597168,244.6497344970703,601.3758850097656,190.6033730506897,607.9208755493164,236.63265466690063,617.4921798706055,273.7322402000427,682.7017211914062,242.56258964538574,646.4055633544922,223.4603476524353,642.7137756347656,265.78487634658813,645.9072875976562,301.6884970664978,8,1787821794.5817392
721.1474609375,388.4066963195801,649.9527740478516,373.08523178100586,594.9207305908203,322.09051609039307,586.3581085205078,256.91300868988037,595.5146789550781,205.66736698150635,571.0189437866211,282.08210706710815,524.9121856689453,240.14654159545898,500.0495147705078,212.70310163497925,478.8024139404297,184.31749820709229,598.0639266967773,257.67868280410767,542.2253036499023,206.71810626983643,508.14979553222656,180.27523756027222,480.9588623046875,150.67481875419617,636.4659881591797,245.08442401885986,599.7836303710938,193.65598440170288,605.4010772705078,237.53739595413208,615.9677505493164,272.09431171417236,680.2372741699219,240.99409818649292,641.8764495849609,220.19429683685303,640.2512359619141,259.6756625175476,648.1467437744141,292.42828845977783,9,1787821794.6403742
718.6097717285156,385.8995819091797,647.2908782958984,371.6676950454712,590.3403854370117,317.3000907897949,582.4700927734375,252.79053926467896,589.9294281005859,202.9593014717102,574.4962310791016,279.68708753585815,530.4881286621094,244.6742820739746,505.9914779663086,223.40449333190918,485.2537155151367,198.44104528427124,599.3880844116211,255.72946786880493,545.5624771118164,211.8865728378296,510.5635070800781,191.53607368469238,482.9133987426758,163.84574174880981,636.2137603759766,242.86518573760986,597.0553588867188,193.62133026123047,601.5255737304688,240.1305341720581,612.4040222167969,272.93285608291626,678.3055877685547,237.3652195930481,636.4884185791016,215.82845449447632,633.8759231567383,256.0596799850464,642.7306365966797,286.95263385772705,10,1787821794.687663
716.0421752929688,384.4285297393799,646.6517639160156,370.4857635498047,588.6266708374023,313.9596891403198,579.9356079101562,248.4158992767334,587.5910568237305,198.26391220092773,575.4062271118164,276.24647855758667,533.9219665527344,245.57237148284912,509.78206634521484,228.95376920700073,488.14197540283203,207.42678880691528,600.2985382080078,252.09741353988647,552.4120712280273,213.7130069732666,518.7118530273438,197.3598575592041,489.65484619140625,172.01404452323914,636.9667053222656,239.1532015800476,596.2952041625977,195.42521238327026,599.2701721191406,239.8008370399475,608.6807632446289,268.15994024276733,677.9386138916016,232.52569913864136,633.0428695678711,212.51163482666016,630.8090972900391,253.302583694458,641.3188934326172,283.2426881790161,11,1787821794.7443318
702.9963684082031,378.0940532684326,635.4959487915039,368.52006912231445,576.2435150146484,313.38653326034546,571.9144439697266,248.08341264724731,588.8095855712891,197.62086868286133,564.4217681884766,273.4553289413452,525.6472015380859,243.5268759727478,503.74366760253906,226.8517541885376,481.2801742553711,207.0179557800293,590.7900619506836,246.40634536743164,546.7170715332031,207.62808322906494,515.4583358764648,192.75396823883057,483.9495849609375,174.27419185638428,627.5734710693359,232.62468338012695,590.2725982666016,185.09847164154053,593.428840637207,225.61017036437988,598.6614990234375,258.48628520965576,668.5816955566406,226.88666582107544,630.8497619628906,207.35681533813477,627.8973388671875,247.52244472503662,632.9560089111328,282.4962615966797,12,1787821794.8040183
699.1008758544922,377.76326179504395,635.9246063232422,368.8918447494507,577.927131652832,313.89055252075195,569.5863342285156,248.35620403289795,581.5533065795898,197.53772020339966,560.5790328979492,272.25022315979004,520.2230834960938,240.80222368240356,495.88008880615234,221.28810167312622,472.13680267333984,199.3945598602295,587.7630615234375,245.2818775177002,539.9480056762695,204.607036113739,507.60875701904297,188.9669680595398,476.95472717285156,167.37353324890137,625.6849670410156,232.22724437713623,590.6759262084961,185.8551549911499,600.2507019042969,238.4244990348816,610.9614944458008,277.3951721191406,667.8914642333984,228.76603603363037,632.6005172729492,206.8362307548523,630.5916595458984,248.30118656158447,636.2510299682617,282.41133213043213,13,1787821794.8597095
697.2671508789062,377.26909160614014,632.1287536621094,370.3411817550659,575.6906509399414,315.7067942619324,569.4141387939453,248.75237703323364,579.1882705688477,196.89403295516968,553.1993865966797,269.84299421310425,509.95349884033203,236.29900932312012,484.24060821533203,215.3252935409546,459.8823928833008,191.8988585472107,581.9611358642578,242.65017986297607,532.8437042236328,200.81357717514038,499.9613952636719,182.38725185394287,469.0083312988281,158.30343961715698,621.917724609375,230.95025539398193,588.2709503173828,183.7134861946106,599.1874313354492,234.34751987457275,610.3960418701172,271.2609601020813,666.1991119384766,229.38560485839844,632.1251678466797,209.82221603393555,630.7063293457031,252.2084140777588,635.7239532470703,285.87775468826294,14,1787821794.9153187
697.1709442138672,376.4657163619995,630.240592956543,371.15129470825195,574.6142959594727,319.62498664855957,571.1130523681641,253.20956468582153,582.5732803344727,202.17834949493408,546.8424987792969,266.9090437889099,501.27201080322266,228.63956451416016,473.87001037597656,205.56565761566162,449.3792724609375,181.79296016693115,576.8851852416992,241.2467622756958,525.3326416015625,196.50635719299316,490.2288055419922,176.45446300506592,459.20467376708984,152.28672981262207,617.9924392700195,230.99329948425293,585.0978088378906,184.76759433746338,594.5423126220703,231.8944787979126,604.942512512207,266.5194368362427,663.1990051269531,231.02327585220337,629.7434997558594,211.6024947166443,628.3572769165039,253.8199281692505,633.4338760375977,287.5460886955261,15,1787821794.9711118
692.5038146972656,375.67028045654297,627.8062057495117,373.1496477127075,572.2861099243164,323.58397006988525,566.0725784301758,258.007972240448,576.1029434204102,207.73794651031494,538.5510635375977,265.8004117012024,490.0562286376953,223.28072547912598,461.30577087402344,197.32080459594727,436.7626190185547,172.48537302017212,568.8040924072266,241.2852144241333,512.7357482910156,192.46652126312256,476.1125946044922,169.82897758483887,445.93238830566406,147.1965730190277,610.4470062255859,231.02752447128296,578.1316375732422,183.48026275634766,584.6064376831055,225.47215461730957,592.4788284301758,259.5671081542969,656.0422515869141,231.484637260437,622.9206466674805,214.26998376846313,621.048698425293,256.1022734642029,625.0723648071289,291.4640235900879,16,1787821795.0473883
656.4657592773438,377.87055015563965,592.4299621582031,379.9461078643799,530.9656524658203,339.06023025512695,524.5181274414062,274.6222400665283,539.8643112182617,225.60130834579468,489.74300384521484,271.9741487503052,438.9711380004883,226.25302076339722,406.81968688964844,195.91775178909302,380.69435119628906,167.49922156333923,520.69091796875,244.66132164001465,460.7505416870117,193.48824977874756,423.57837677001953,166.52591228485107,391.79595947265625,138.48438262939453,564.3607711791992,233.06087493896484,535.1936721801758,185.57036876678467,550.5016708374023,237.83031463623047,564.2421340942383,278.5341453552246,613.2718276977539,232.9295539855957,585.1177597045898,222.3510503768921,588.5084533691406,267.8024983406067,595.2391052246094,302.0376992225647,17,1787821795.1247523
655.9292602539062,380.0152015686035,590.6442260742188,384.21841621398926,528.1899261474609,342.2288417816162,520.9601211547852,276.168372631073,530.5135726928711,223.7318515777588,485.4649353027344,277.56011724472046,432.1840286254883,230.0252366065979,400.5941390991211,199.04945611953735,374.05181884765625,171.3535988330841,515.0629425048828,248.892560005188,453.01807403564453,194.50169563293457,414.2472839355469,168.8088583946228,381.7881393432617,143.203547000885,556.419792175293,236.43380641937256,525.7112884521484,192.5205945968628,544.0530776977539,243.9892029762268,558.5194778442383,281.5257525444031,603.8582229614258,236.1753273010254,573.9795684814453,229.14212465286255,581.5696334838867,275.1429748535156,590.391845703125,307.9988121986389,18,1787821795.178824
654.2495727539062,360.55678367614746,591.0405731201172,363.3370113372803,529.1709518432617,319.06444787979126,532.4320983886719,252.94363975524902,549.0718460083008,202.66307830810547,483.9635467529297,245.86700677871704,433.5813522338867,196.94883584976196,402.89878845214844,163.6332893371582,377.3621368408203,134.24073100090027,516.8655776977539,219.4113278388977,456.1284637451172,162.59186267852783,420.1263427734375,134.7275948524475,390.4945755004883,109.0947961807251,562.5663375854492,210.78789710998535,541.5065383911133,166.57304406166077,555.0733947753906,220.87268114089966,564.0448379516602,262.3646092414856,612.9750823974609,216.61522150039673,593.8193511962891,210.30855417251587,598.1682205200195,255.38095235824585,601.1004257202148,288.4155750274658,19,1787821795.233675
660.8629608154297,353.1639504432678,595.3313064575195,352.6865601539612,534.2038726806641,306.3869118690491,539.4764709472656,239.84922409057617,557.9691314697266,190.21511793136597,494.6315383911133,232.01086521148682,444.24034118652344,179.31411623954773,413.75301361083984,145.20268321037292,388.77655029296875,115.37597179412842,527.6022338867188,207.15610027313232,465.60001373291016,147.23638772964478,429.26578521728516,115.65088748931885,399.77222442626953,86.01282119750977,573.3959197998047,200.45740127563477,550.4758071899414,160.54409265518188,560.7708358764648,213.7922501564026,567.2811508178711,252.79633283615112,623.2429885864258,207.9430603981018,601.8326568603516,197.69858837127686,603.8734817504883,241.17822647094727,605.8779525756836,272.9897618293762,20,1787821795.3040125
663.4639739990234,346.51591300964355,597.7957534790039,345.5750799179077,538.648567199707,297.0129132270813,546.0293960571289,230.22944927215576,565.6449127197266,180.62437534332275,499.99378204345703,219.7812581062317,451.4109802246094,165.6746220588684,422.4839782714844,129.34665441513062,399.130859375,97.62705445289612,534.113655090332,195.75789213180542,472.8287887573242,132.7342414855957,437.51747131347656,98.6344063282013,408.9445495605469,66.78472995758057,580.0409317016602,191.07136487960815,560.2837753295898,148.84528398513794,568.3137893676758,202.2239899635315,571.9202041625977,241.88354015350342,629.1960525512695,201.25577688217163,610.281982421875,186.95548295974731,610.4894638061523,231.15914583206177,609.4975662231445,265.2229428291321,21,1787821795.3549254
666.748046875,347.12724208831787,602.0306777954102,347.8740119934082,541.8021392822266,296.5493845939636,547.9220581054688,227.6989459991455,567.7512359619141,176.95318222045898,500.17539978027344,221.69360876083374,452.4528503417969,162.20762014389038,423.9590835571289,123.73970031738281,400.81180572509766,91.60808086395264,535.0486755371094,195.4530644416809,477.41607666015625,127.72058129310608,443.20743560791016,90.7569944858551,415.5223083496094,57.65525221824646,580.7862854003906,189.18118000030518,565.1292419433594,150.3811812400818,571.9719314575195,204.95445728302002,575.6724548339844,244.534592628479,627.7045059204102,198.84174585342407,611.10107421875,192.98850059509277,611.0680389404297,240.02809524536133,610.6535339355469,273.73191833496094,22,1787821795.4120193
663.0928039550781,352.9456615447998,602.6535415649414,353.74656915664673,539.791259765625,304.0831518173218,542.8652191162109,234.28273916244507,564.1190719604492,183.84560108184814,496.76513671875,227.11591958999634,447.39906311035156,167.65730023384094,419.5327377319336,129.13248538970947,396.8355178833008,96.12418055534363,531.3564300537109,199.5359230041504,471.2074279785156,132.38057613372803,436.8619155883789,95.57296514511108,408.5480499267578,62.33135104179382,577.6437759399414,192.0086145401001,561.8294906616211,156.11983180046082,570.2040481567383,208.13178062438965,575.9148025512695,246.33877515792847,625.0791549682617,200.16836643218994,609.2853546142578,202.58342742919922,609.6961975097656,248.99802446365356,611.1601257324219,281.29621982574463,23,1787821795.4710808
663.0675506591797,378.1544351577759,601.5793609619141,377.4134159088135,541.2179183959961,331.14814281463623,546.3319396972656,263.61668586730957,565.0758743286133,210.7235884666443,495.1282501220703,253.42811107635498,443.1840515136719,196.79805278778076,413.11962127685547,161.83011531829834,388.56006622314453,130.65707445144653,529.6812057495117,226.1863088607788,466.6248321533203,162.88631558418274,430.6968688964844,129.75708603858948,402.0860290527344,98.75373244285583,575.5399703979492,219.24513816833496,555.7612228393555,177.63792872428894,568.4081649780273,226.54239892959595,577.4362182617188,262.5845503807068,623.709716796875,227.02470302581787,607.469367980957,221.83383464813232,610.8502960205078,268.14921140670776,614.5384216308594,301.270694732666,24,1787821795.525457
676.5828704833984,372.9627513885498,608.8182830810547,371.45891189575195,547.1380996704102,320.5042576789856,556.1084365844727,252.97378778457642,580.17822265625,203.4971809387207,505.68641662597656,240.7343316078186,456.06666564941406,184.89960193634033,425.6526184082031,147.8523087501526,401.2200164794922,116.24329090118408,541.7527389526367,216.87367916107178,479.48848724365234,154.47850227355957,443.3797073364258,119.63496565818787,413.94569396972656,87.10865378379822,588.9553833007812,212.6930809020996,575.0639724731445,176.998929977417,582.3038864135742,229.675133228302,585.1691055297852,268.2811117172241,637.9027557373047,224.0804958343506,621.8781280517578,222.1633815765381,622.1394348144531,266.7033290863037,621.4333724975586,298.32000732421875,25,1787821795.56797
680.2033996582031,371.4172840118408,613.4242248535156,367.32337474823,553.8559341430664,314.0420651435852,566.724739074707,245.36481142044067,591.7878341674805,197.74899244308472,515.9024429321289,233.41434717178345,468.4861755371094,173.4524917602539,439.4578552246094,132.91390657424927,416.1225128173828,98.67231130599976,552.5963592529297,210.3499460220337,493.9973449707031,142.4904441833496,459.40940856933594,103.17777872085571,432.38380432128906,67.82930016517639,600.1974868774414,207.52944231033325,589.8951721191406,169.48479652404785,594.21630859375,222.7765130996704,596.0976409912109,262.23161458969116,648.8341522216797,220.642569065094,635.8502960205078,223.1339979171753,633.6371612548828,267.0467162132263,631.414909362793,296.318199634552,26,1787821795.6145508
681.5984344482422,365.26219367980957,613.8559722900391,359.8393249511719,555.7238006591797,305.3238773345947,569.798469543457,236.50444507598877,595.0388336181641,186.14240884780884,519.6229934692383,224.15107011795044,473.29395294189453,162.90666818618774,445.59886932373047,121.45219445228577,423.499755859375,86.57900333404541,556.6291046142578,200.66530466079712,499.6022033691406,133.65026950836182,465.9626770019531,93.190176486969,439.8577880859375,57.171757221221924,602.9915237426758,198.76696586608887,590.6661987304688,160.99710702896118,594.6011734008789,209.08817052841187,596.6521072387695,246.39992952346802,650.5294799804688,212.5748062133789,638.1250762939453,211.80741548538208,635.9571838378906,255.00314712524414,633.668098449707,287.34827041625977,27,1787821795.6423938
673.5922241210938,365.44694423675537,612.8516006469727,358.5934066772461,556.9157028198242,303.02067518234253,568.1964111328125,234.64314222335815,589.6198272705078,183.9581036567688,516.0190200805664,226.52812957763672,469.4609069824219,162.5452995300293,443.10997009277344,120.20617961883545,422.81505584716797,84.54602837562561,553.0770492553711,203.63856554031372,496.8331527709961,131.53414607048035,464.52972412109375,90.38903832435608,439.6318054199219,53.41581702232361,599.9761962890625,200.98929405212402,586.1737823486328,162.1444058418274,585.8565139770508,212.51832962036133,585.0279235839844,249.49243068695068,646.2960052490234,213.76126527786255,631.9589233398438,214.8438262939453,627.6190948486328,260.9490895271301,624.6909713745117,292.69277572631836,28,1787821795.7025926
654.0352630615234,404.86292839050293,590.211296081543,403.11781883239746,531.328010559082,351.01951360702515,537.2981262207031,281.2840533256531,555.698127746582,228.58909606933594,487.8157043457031,277.5140905380249,437.0268249511719,220.3526759147644,406.21814727783203,184.78282928466797,382.069091796875,154.65752363204956,522.192497253418,251.30702018737793,460.1831817626953,187.92335271835327,425.0111770629883,157.87339568138123,397.47894287109375,129.00732278823853,567.5812911987305,244.18880224227905,546.5391540527344,207.13863372802734,558.1100082397461,256.5181875228882,568.001708984375,288.9946961402893,616.6887664794922,250.4336714744568,597.5058746337891,258.4455370903015,602.2055816650391,302.4823021888733,609.6305465698242,326.1847257614136,29,1787821795.751452
665.0449371337891,412.07189083099365,604.1752243041992,410.39278507232666,542.5518035888672,365.89789867401123,544.6121597290039,303.7655782699585,564.4094848632812,255.1602816581726,496.8258285522461,290.7547187805176,442.4794006347656,235.3313970565796,411.31458282470703,201.199471950531,386.0023498535156,171.1127471923828,529.1506958007812,265.2609443664551,463.57208251953125,202.14504718780518,426.1711120605469,170.00136852264404,395.9107971191406,140.65284132957458,574.2032241821289,257.2277498245239,550.0607299804688,214.30305004119873,559.4845962524414,256.61848068237305,567.07763671875,288.91659021377563,622.7054977416992,263.1187391281128,601.9806671142578,265.2734327316284,605.6394577026367,310.283625125885,611.6245269775391,341.01691246032715,30,1787821795.8037467
685.10498046875,409.8872423171997,621.8288803100586,405.5807304382324,562.6387405395508,359.3957304954529,564.7278594970703,296.2869358062744,583.6791229248047,249.00768041610718,512.7276229858398,288.20631980895996,458.3729934692383,235.52784204483032,426.22833251953125,202.06314325332642,400.7089614868164,173.10487747192383,546.7402267456055,264.2922377586365,479.6413040161133,203.4317135810852,442.14881896972656,171.18229150772095,411.91715240478516,141.59934997558594,593.4918975830078,258.06236743927,574.5546722412109,217.62471914291382,581.6242218017578,261.84664249420166,584.8290252685547,295.82563877105713,642.6045227050781,266.3110613822937,626.5641403198242,263.3818316459656,627.0251846313477,307.38621711730957,627.3465728759766,340.06603717803955,31,1787821795.8461993
697.8068542480469,404.19233322143555,631.9750213623047,394.61495876312256,573.9810180664062,345.8471632003784,582.3467254638672,284.86948013305664,607.2371292114258,237.9421091079712,532.4821472167969,273.6621594429016,480.12611389160156,215.36546230316162,448.590087890625,176.4026427268982,423.98712158203125,142.60222792625427,567.81982421875,252.1788454055786,505.6709671020508,186.6909098625183,469.65587615966797,150.56402206420898,441.99249267578125,118.16171407699585,615.9593963623047,246.6576361656189,601.5250015258789,208.64309549331665,606.0651016235352,259.75426197052,608.4755325317383,299.7013235092163,666.1953735351562,254.95514631271362,651.5565490722656,257.9625678062439,650.5128479003906,301.6680693626404,650.6336975097656,332.46437788009644,32,1787821795.9196246
701.8275451660156,389.2704963684082,639.7035217285156,382.15702056884766,583.4841156005859,333.5983943939209,601.6313171386719,270.0888133049011,632.3887252807617,224.8593235015869,547.1978378295898,247.26027488708496,501.26182556152344,186.90314769744873,473.7300109863281,146.10366940498352,452.056884765625,111.0433030128479,584.4313812255859,225.68816900253296,525.5352401733398,156.23942613601685,493.2025146484375,118.22449922561646,468.75553131103516,84.34334993362427,633.5199356079102,224.15866613388062,624.4662857055664,185.0804042816162,630.4550933837891,240.73358058929443,632.8829574584961,283.0489683151245,684.0334320068359,238.24964046478271,670.1985931396484,235.76990604400635,668.9630889892578,281.2649130821228,667.3271179199219,313.5642671585083,33,1787821795.9607325
706.0912322998047,375.9011220932007,642.2736358642578,367.77368545532227,590.6369018554688,312.821102142334,612.5404739379883,246.6281533241272,642.8771209716797,199.9109172821045,557.1365737915039,229.23739671707153,512.2275924682617,161.94855093955994,486.86702728271484,116.86371803283691,466.54335021972656,79.61423993110657,595.9060287475586,207.2852110862732,541.4131164550781,132.2752833366394,511.28231048583984,89.32309627532959,488.6814880371094,53.32096338272095,642.8092193603516,208.06719303131104,635.3530883789062,180.8600664138794,639.1985702514648,231.9507622718811,640.8214569091797,268.07059049606323,688.8410949707031,224.3245768547058,680.8106231689453,227.69675731658936,677.1448516845703,270.9171652793884,673.2733154296875,299.6962380409241,34,1787821796.0119731
614.0378952026367,380.9189558029175,540.2054595947266,366.09209060668945,484.09141540527344,317.84964323043823,485.1445007324219,254.26856517791748,507.4626922607422,208.72085809707642,450.3125762939453,232.88311958312988,398.96312713623047,175.48818111419678,366.58660888671875,137.71469593048096,343.14903259277344,104.60447788238525,488.56544494628906,212.51847982406616,426.76361083984375,144.26814794540405,386.8315124511719,107.05817341804504,357.1363830566406,74.35426712036133,538.0210876464844,209.65285062789917,514.6826171875,162.19455242156982,514.7332000732422,213.66172313690186,517.9687881469727,255.31589269638062,589.8547744750977,220.33557415008545,559.4790267944336,213.7927222251892,551.4079284667969,261.77557468414307,549.7641754150391,298.9398765563965,35,1787821796.0549884
570.6288909912109,390.8499526977539,498.3040237426758,384.86918449401855,434.85179901123047,335.9780716896057,434.4664001464844,274.9656271934509,454.0830993652344,228.79176378250122,405.39100646972656,259.72055196762085,356.56551361083984,204.9138593673706,325.5413818359375,170.51315546035767,301.2534713745117,139.78500723838806,439.35455322265625,236.57941818237305,379.4634246826172,172.31361508369446,341.83292388916016,138.69989275932312,310.8114433288574,107.70400643348694,484.58621978759766,228.71642589569092,458.2052993774414,188.10215950012207,458.9485168457031,232.87123203277588,460.1914596557617,268.3230400085449,533.5502624511719,233.57206106185913,505.23494720458984,237.13253259658813,501.5616989135742,282.1200656890869,502.09095001220703,314.92539167404175,36,1787821796.116456
539.0911102294922,395.66290855407715,468.71612548828125,390.8785343170166,401.66664123535156,343.39689016342163,395.85643768310547,285.10950565338135,417.12791442871094,242.30857372283936,370.7093048095703,269.3278384208679,318.7746047973633,220.80755710601807,285.7036018371582,193.11518669128418,260.2762031555176,168.30355167388916,403.38157653808594,246.20683193206787,342.69092559814453,186.3318371772766,303.7226104736328,157.07308888435364,272.6789855957031,130.0140416622162,448.48766326904297,237.93389081954956,416.7985534667969,199.22826290130615,422.53185272216797,246.4427375793457,430.24497985839844,283.60978603363037,495.789794921875,243.48110675811768,463.7486267089844,246.36081218719482,460.9767150878906,288.4151887893677,464.65972900390625,318.89089822769165,37,1787821796.1642292
519.9097442626953,395.61347007751465,448.70296478271484,397.66950130462646,376.3981628417969,354.1135597229004,364.9698257446289,295.44493675231934,382.5520706176758,247.74935960769653,344.2900848388672,277.0961809158325,295.8519744873047,232.70630836486816,265.70167541503906,205.72955131530762,242.39398956298828,180.9239673614502,375.9539031982422,251.90568923950195,316.36621475219727,198.21820735931396,276.6390609741211,170.09394764900208,244.55266952514648,141.79708242416382,420.1976776123047,241.81766510009766,390.0368118286133,210.6834840774536,400.4962158203125,262.9142689704895,411.7466354370117,302.38988399505615,467.3069763183594,245.44289588928223,436.6898727416992,249.53038930892944,434.8161315917969,294.0973734855652,438.5065460205078,326.7113399505615,38,1787821796.2176585
509.61830139160156,395.7193851470947,440.8463668823242,399.2406749725342,371.8785095214844,361.03983879089355,359.15931701660156,302.4199676513672,376.0725402832031,251.66916131973267,342.47676849365234,284.8891353607178,288.77294540405273,240.43542623519897,257.6605987548828,212.42007493972778,233.1656265258789,186.62954092025757,372.852783203125,259.73445653915405,310.0375175476074,205.33511638641357,268.04996490478516,175.6077754497528,235.3261375427246,148.070307970047,415.2296829223633,248.45572471618652,377.5198745727539,210.62477588653564,388.0910873413086,256.27912759780884,402.35595703125,292.75742769241333,461.8069839477539,248.47209692001343,426.2509536743164,256.8561887741089,428.25389862060547,302.75063037872314,438.37074279785156,336.5330743789673,39,1787821796.2846365
587.9786682128906,397.75468826293945,524.7664642333984,396.81591510772705,460.34435272216797,355.58525562286377,453.08990478515625,297.8070402145386,471.20399475097656,249.5394229888916,426.4694595336914,283.8952374458313,368.05419921875,233.3553171157837,333.8964080810547,202.67955780029297,306.56951904296875,175.72927951812744,457.10445404052734,260.87042570114136,386.2633514404297,199.7247076034546,343.26026916503906,167.79455423355103,308.7467575073242,139.28860545158386,501.7762756347656,251.2437629699707,472.0790481567383,215.34999132156372,481.4923095703125,259.4009828567505,490.6593704223633,294.08780336380005,549.9458312988281,252.97116994857788,523.7467956542969,256.6787338256836,524.722900390625,300.05651235580444,529.19677734375,332.5970506668091,40,1787821796.3514106
630.8334350585938,397.520112991333,569.4090270996094,395.54720878601074,510.82008361816406,357.72003650665283,508.03699493408203,299.6229600906372,525.6847381591797,252.46721506118774,463.69529724121094,276.9289183616638,406.3992691040039,223.87029647827148,370.20206451416016,191.29201412200928,340.8626174926758,164.4275665283203,496.6164779663086,251.5971279144287,429.51622009277344,188.0649733543396,388.5145950317383,154.86728310585022,356.3868713378906,126.66889786720276,543.8608169555664,244.45483446121216,520.8614730834961,206.8862271308899,532.6562118530273,247.99468517303467,544.1556930541992,278.7713384628296,593.9566802978516,251.68083429336548,569.8215484619141,256.17857694625854,572.9893112182617,299.5830488204956,580.1174926757812,329.80064392089844,41,1787821796.395829
675.2792358398438,395.4242134094238,611.9380187988281,390.4294681549072,554.6102523803711,347.52341508865356,562.8208541870117,288.4729743003845,587.6822280883789,240.74804306030273,511.7648696899414,265.7012987136841,453.6762237548828,208.7170171737671,418.17073822021484,170.82745671272278,389.85626220703125,138.9972424507141,547.6037979125977,243.4512162208557,482.22801208496094,178.73953342437744,441.59549713134766,141.6546356678009,410.1457977294922,108.33201885223389,595.8510208129883,240.81709384918213,577.8438949584961,214.03332710266113,586.3046264648438,262.95244216918945,593.7786865234375,297.5249147415161,645.8020782470703,252.13020086288452,623.3744812011719,257.21524000167847,622.72216796875,301.8549656867981,626.77001953125,333.68319511413574,42,1787821796.4510612
725.2877044677734,398.0010652542114,662.4266052246094,387.42170333862305,609.6770858764648,338.66639614105225,626.6971206665039,277.8013873100281,650.9111785888672,225.96374988555908,566.1672592163086,262.48859167099,510.4146194458008,201.14511966705322,476.52427673339844,159.87460255622864,449.2668151855469,124.72829818725586,601.4358520507812,237.41710424423218,539.4294738769531,169.80565309524536,499.43389892578125,131.0471212863922,466.26121520996094,95.0265884399414,647.7996826171875,234.53360080718994,618.6421203613281,197.23716259002686,599.6636962890625,206.06274604797363,584.9075698852539,205.93966484069824,698.4024810791016,246.90950632095337,683.3772277832031,263.66060972213745,680.2523803710938,303.6010193824768,683.1179809570312,329.4683504104614,43,1787821796.508576
831.1698150634766,397.2772979736328,786.2819671630859,387.20802783966064,757.2996520996094,331.6990041732788,793.3358764648438,262.3029828071594,834.0022277832031,207.76912450790405,709.185791015625,232.9895281791687,688.5047149658203,150.82913160324097,683.0266571044922,105.27525544166565,679.1694641113281,71.8495774269104,743.6500549316406,214.55822467803955,715.1113891601562,130.68025946617126,704.5869445800781,88.51136326789856,700.7671356201172,55.417442321777344,781.1302947998047,223.10633897781372,795.1287841796875,186.71249628067017,805.9635162353516,226.59855365753174,812.12158203125,251.59584045410156,820.1963806152344,242.44581699371338,828.3133697509766,235.06622314453125,837.6603698730469,266.4712643623352,842.431640625,290.7145071029663,44,1787821796.5667229
871.7804718017578,403.88875007629395,810.8297729492188,387.24300384521484,776.1402130126953,328.6099147796631,810.670166015625,271.5630626678467,847.1342468261719,229.7193145751953,748.0473327636719,228.4654998779297,730.2723693847656,158.61935019493103,721.8244171142578,112.51708030700684,718.0659484863281,73.02255034446716,787.6756286621094,212.14148998260498,762.8785705566406,136.0087788105011,751.6629028320312,90.22738695144653,744.7142791748047,49.99120473861694,830.8348846435547,220.08724451065063,848.9675903320312,181.36479377746582,847.6912689208984,236.5338635444641,840.1381683349609,276.58454418182373,873.5855865478516,243.48745822906494,884.1439819335938,246.13070011138916,872.7618408203125,293.59331130981445,856.1750793457031,325.0210976600647,45,1787821796.619431
872.6548004150391,401.09320163726807,814.0328216552734,377.411527633667,783.9564514160156,315.7587218284607,818.1590270996094,257.31388092041016,856.0430908203125,216.5478014945984,759.7469329833984,227.902729511261,741.5145874023438,156.3411033153534,734.5768737792969,110.41015148162842,731.7807006835938,72.02553033828735,799.9031066894531,216.4598250389099,772.6628875732422,136.38423442840576,761.9699096679688,88.45128178596497,756.1488342285156,48.172903060913086,843.1179046630859,225.77784061431885,855.8948516845703,193.50146770477295,849.5050048828125,245.32060861587524,840.9184265136719,282.177894115448,882.7763366699219,248.45475912094116,887.1318817138672,246.5669560432434,875.2281951904297,289.81661081314087,861.0281372070312,318.5621452331543,46,1787821796.6643012
853.5927581787109,403.540620803833,797.7854919433594,379.53197479248047,770.6755828857422,315.2298974990845,806.3362121582031,260.5803608894348,843.2205963134766,224.5626926422119,751.4046478271484,225.97471475601196,735.4558563232422,154.76027369499207,730.4298400878906,108.45794320106506,729.893798828125,68.99915099143982,793.4320831298828,214.89126920700073,768.3967590332031,136.10567092895508,757.7371978759766,88.6936891078949,751.5200042724609,47.342491149902344,836.7326354980469,225.72612762451172,846.9046783447266,190.5673885345459,838.3875274658203,237.49040365219116,828.9449310302734,271.12064838409424,875.6558990478516,251.61759853363037,875.4386138916016,253.26898097991943,859.6368408203125,295.5090093612671,844.2284393310547,322.46158361434937,47,1787821796.7194827
828.486328125,408.6407661437988,774.6994018554688,380.0168752670288,749.063720703125,319.5255517959595,780.8662414550781,263.6316204071045,818.7267303466797,225.74855089187622,725.4071044921875,229.56278085708618,712.1890258789062,159.37512159347534,707.5852966308594,115.18299221992493,706.9193267822266,78.64855885505676,767.9248046875,219.68708038330078,747.5831604003906,140.19034266471863,736.939697265625,93.86731624603271,729.5571899414062,53.61235857009888,813.0678558349609,230.78625440597534,823.9071655273438,194.8367142677307,814.0337371826172,239.1442108154297,803.3198547363281,273.2539486885071,854.3626403808594,256.16593837738037,852.1134185791016,256.88708782196045,835.3549957275391,294.7844910621643,820.2182006835938,320.7623505592346,48,1787821796.760961
792.6955413818359,415.45645236968994,736.0069274902344,390.0209140777588,708.2242584228516,330.75177669525146,740.5679321289062,274.5693254470825,777.5836944580078,237.51383543014526,689.1185760498047,241.7929458618164,674.9028015136719,170.3706443309784,668.1229400634766,126.05114221572876,665.43701171875,89.33681845664978,731.3010406494141,229.56432580947876,706.7024230957031,149.82109308242798,695.8937835693359,103.78132939338684,689.3683624267578,63.885133266448975,777.0085144042969,239.56598281860352,786.4608764648438,198.53071689605713,780.8808135986328,236.6642189025879,773.1558990478516,269.0161442756653,820.8510589599609,264.636332988739,819.1574859619141,267.0624017715454,804.4721221923828,302.4886965751648,790.7722473144531,328.40786933898926,49,1787821796.8023648
578.4099960327148,460.0011205673218,530.4766082763672,464.08395767211914,473.8121795654297,426.9340753555298,468.5674285888672,374.0442180633545,492.81005859375,330.3709030151367,461.41815185546875,345.9477138519287,416.7713165283203,295.00267267227173,384.1653060913086,256.54101848602295,357.67372131347656,226.0128879547119,496.7645263671875,321.57986640930176,447.0058059692383,263.36979389190674,407.24666595458984,224.77417945861816,374.7694778442383,194.03936862945557,540.0261688232422,314.15579080581665,504.42665100097656,283.2332468032837,500.75958251953125,322.52211570739746,501.7799377441406,353.7877893447876,585.7442474365234,321.5144419670105,548.5560607910156,331.72192096710205,541.8623352050781,377.8402519226074,544.417610168457,413.3158779144287,50,1787821796.9125204
576.8458557128906,469.7765064239502,519.6976089477539,469.2778730392456,458.71315002441406,434.97164726257324,453.7299346923828,384.49934005737305,476.3956069946289,338.7903571128845,441.0294723510742,342.55319595336914,392.5210952758789,293.4913229942322,360.9918975830078,259.8194718360901,336.8458557128906,231.40455722808838,475.87554931640625,320.19425868988037,419.46746826171875,262.99044370651245,379.94266510009766,230.2037000656128,348.3436965942383,201.95825815200806,520.2606201171875,314.69309091567993,486.1834716796875,294.14340019226074,488.99009704589844,340.8337926864624,496.9752502441406,374.96337890625,564.8923492431641,323.62791538238525,527.5667953491211,339.35181856155396,521.8294143676758,385.0025224685669,525.9066390991211,417.3042154312134,51,1787821796.9680386
585.3211975097656,468.70911598205566,520.2590179443359,467.5905704498291,457.82482147216797,431.41409397125244,454.6373748779297,378.6925935745239,478.33351135253906,332.9937815666199,437.32486724853516,345.99359035491943,389.7601318359375,293.4837055206299,360.8911895751953,260.54686546325684,337.86502838134766,231.41822576522827,471.8052291870117,321.39857053756714,415.3938293457031,260.5150866508484,376.09752655029297,227.747483253479,344.20135498046875,199.35439109802246,515.9254837036133,313.7277102470398,479.2665481567383,292.7922320365906,483.01544189453125,344.28759813308716,492.3286437988281,383.0867385864258,560.1297760009766,320.29534578323364,520.6060028076172,334.8299789428711,516.9621276855469,380.41581630706787,524.8495483398438,413.0305337905884,52,1787821797.0451787
593.6215972900391,461.69322967529297,524.8212051391602,455.47762870788574,464.9700164794922,416.9394779205322,462.00122833251953,367.464394569397,484.2425537109375,324.5971369743347,441.5492248535156,331.3325500488281,395.2309036254883,277.63049840927124,366.8914031982422,244.03149604797363,344.2774963378906,215.67432403564453,478.33251953125,311.41961574554443,425.6224822998047,251.61800622940063,387.79117584228516,220.60044765472412,355.4313659667969,194.83553409576416,524.6539306640625,306.94989681243896,487.9579162597656,284.8004722595215,488.71402740478516,333.22344303131104,493.6410140991211,370.61798572540283,570.5319976806641,317.49529123306274,529.8019790649414,327.13502168655396,521.5006256103516,370.73707580566406,522.9082870483398,402.8015327453613,53,1787821797.1128187
630.001220703125,432.6973485946655,564.5158004760742,424.79998111724854,505.90946197509766,382.15972423553467,510.45337677001953,331.7828607559204,536.1035919189453,290.6761837005615,483.6883544921875,294.8768448829651,438.3893585205078,238.78543853759766,411.0673522949219,203.05523872375488,389.6246337890625,172.2089660167694,518.5862731933594,275.4161310195923,463.7270736694336,212.16251850128174,427.54207611083984,174.96527910232544,399.1827392578125,142.093026638031,564.3036651611328,272.6298952102661,535.2789306640625,251.81041717529297,540.080451965332,302.7642345428467,548.0170822143555,340.07333278656006,611.0544204711914,284.44461822509766,579.0218734741211,289.25675868988037,572.4718475341797,334.06469106674194,572.9927444458008,366.0883569717407,54,1787821797.1703575
635.1262664794922,429.5159912109375,569.6979141235352,421.2494659423828,510.70201873779297,376.1363410949707,515.9169769287109,323.30729484558105,543.0233001708984,282.57829427719116,489.45770263671875,291.16262912750244,445.04425048828125,234.06367778778076,418.59130859375,199.08567667007446,398.1283187866211,167.89185404777527,525.9848022460938,271.22647762298584,471.1328125,208.44519138336182,435.73009490966797,173.64982724189758,407.9669189453125,141.99539422988892,572.5516510009766,268.43886852264404,540.4685974121094,244.09528970718384,542.734375,297.3269248008728,548.7640762329102,335.4340982437134,619.3416595458984,280.57427644729614,583.1795501708984,285.9786057472229,576.9565963745117,330.10221004486084,579.921989440918,360.03716468811035,55,1787821797.2109118
634.8744201660156,428.69227409362793,573.3542633056641,421.98649406433105,513.7789535522461,377.67210960388184,519.6408081054688,322.80630111694336,547.6802062988281,280.68158626556396,491.8257141113281,290.64704418182373,447.2602081298828,232.18334197998047,420.82775115966797,196.92774295806885,399.8939514160156,166.42040491104126,528.8793563842773,269.4873118400574,474.48436737060547,204.28422689437866,438.42945098876953,170.29763460159302,409.7287368774414,139.823180437088,575.6383514404297,266.17321729660034,543.37646484375,241.87800407409668,546.9182205200195,296.6154956817627,554.3715286254883,334.37413215637207,622.2505569458008,277.8375220298767,585.2148056030273,283.406023979187,580.9447479248047,328.7577152252197,586.1619186401367,358.3502697944641,56,1787821797.2623255
638.5428619384766,429.321928024292,577.0918273925781,422.6176929473877,516.3381195068359,377.03885078430176,523.3695983886719,320.78636169433594,553.2025527954102,278.9761519432068,494.88075256347656,291.79445028305054,449.6030044555664,233.31729412078857,423.30726623535156,198.3365249633789,402.39051818847656,167.75907397270203,531.6649627685547,269.8777770996094,476.9448471069336,204.2274284362793,442.469482421875,170.21753311157227,415.39085388183594,139.97865200042725,578.3673477172852,266.13924980163574,548.5916519165039,236.17743015289307,552.4198913574219,288.7255311012268,559.7003936767578,326.97953939437866,625.4669952392578,277.0282459259033,591.8916702270508,282.6332473754883,586.7679214477539,328.3427667617798,590.4499816894531,359.7909164428711,57,1787821797.3152645
662.4423980712891,433.9171314239502,600.3252410888672,425.3438472747803,542.0468139648438,378.6188220977783,550.030632019043,320.60231924057007,581.8358612060547,279.78137254714966,517.1626281738281,292.61866092681885,475.07240295410156,235.36903381347656,447.98095703125,200.23840427398682,425.83404541015625,169.97031927108765,553.5335922241211,272.05942153930664,499.55833435058594,208.35798740386963,465.77857971191406,173.69569301605225,438.26393127441406,142.94174194335938,599.3100738525391,269.59959983825684,575.3741836547852,241.2316131591797,576.8174743652344,287.94284105300903,579.3787002563477,321.86731338500977,645.33447265625,281.2653636932373,615.1298522949219,291.17058992385864,609.630012512207,336.76754236221313,611.0636520385742,368.29090118408203,58,1787821797.3727345
675.0181579589844,437.51026153564453,611.8325042724609,428.441219329834,553.2698440551758,379.3603992462158,562.6376724243164,323.1970238685608,590.5934524536133,282.47825860977173,530.9890365600586,294.5515251159668,484.85279083251953,233.99681568145752,457.4515151977539,197.36249685287476,436.8037414550781,165.32434701919556,568.0734634399414,273.9848828315735,512.5732421875,207.88720607757568,477.3861312866211,172.48366713523865,450.18768310546875,141.20726466178894,614.5771789550781,271.28814697265625,587.2388076782227,239.92284536361694,585.7815933227539,284.88752603530884,587.283821105957,318.1951975822449,661.3568878173828,283.57335090637207,628.9245986938477,290.3075408935547,620.2267837524414,335.28889417648315,619.8249816894531,366.53883934020996,59,1787821797.4274814
693.0516052246094,434.3793296813965,629.7676086425781,422.6468753814697,575.1999282836914,372.81928539276123,584.4797515869141,317.7820086479187,611.8643188476562,277.81840324401855,544.8622894287109,291.00658893585205,499.3307876586914,230.55052042007446,472.7687072753906,193.71338367462158,452.6504898071289,162.33386635780334,582.0407485961914,272.0594000816345,526.27685546875,204.87431287765503,492.1615219116211,169.23720717430115,465.6074523925781,138.79315853118896,629.1012191772461,270.92416048049927,605.1629257202148,236.8264389038086,603.287467956543,280.30208587646484,602.74658203125,313.3088994026184,676.524658203125,284.7641444206238,647.2551727294922,286.6579556465149,638.3895492553711,330.19851207733154,636.0321807861328,361.6808223724365,60,1787821797.467786
711.2982177734375,432.50744819641113,647.9935455322266,417.6596403121948,594.4740676879883,368.2922315597534,605.4099273681641,316.0049057006836,635.501594543457,277.6027750968933,564.1401290893555,285.6411409378052,519.4967651367188,224.6103286743164,492.09110260009766,186.41382694244385,471.80259704589844,153.1201457977295,601.6542434692383,267.6204514503479,546.3135528564453,200.46431064605713,512.2798919677734,163.27020406723022,486.6605758666992,129.32273983955383,649.2372894287109,268.2210946083069,629.9648284912109,234.5059633255005,628.2997131347656,286.71642780303955,627.4103546142578,325.07193088531494,696.6085815429688,284.03619289398193,672.5740051269531,292.85656213760376,663.2696533203125,338.0593156814575,659.4571685791016,368.23832988739014,61,1787821797.5400662
728.0477905273438,435.80750942230225,665.6022644042969,417.8883361816406,615.4965209960938,364.1029644012451,632.4770355224609,310.247597694397,664.1446685791016,270.96147537231445,587.2991943359375,283.2860326766968,544.6624374389648,222.0857048034668,517.5808715820312,183.75539302825928,496.6102600097656,150.66222310066223,625.1179122924805,264.9820590019226,572.9365539550781,197.36395597457886,539.9165725708008,158.41526627540588,515.3298568725586,123.92207980155945,672.3141479492188,266.06637954711914,659.5883178710938,238.39190483093262,657.0389556884766,289.08117055892944,655.0911712646484,326.0058546066284,718.6936187744141,281.1744260787964,698.2805633544922,295.6076717376709,688.9680480957031,340.84919929504395,685.3028106689453,370.29324531555176,62,1787821797.6007557
786.1318969726562,438.5556364059448,724.9113464355469,424.59956645965576,675.8982849121094,370.1544141769409,703.2779693603516,311.1522102355957,742.8376007080078,267.8564214706421,657.3945617675781,276.14354610443115,620.0910568237305,210.34668445587158,600.1634216308594,167.58839964866638,585.4587936401367,129.10485863685608,698.0779266357422,259.541380405426,653.2608032226562,184.09382343292236,627.8933334350586,139.93525385856628,610.0546646118164,99.67863321304321,746.9696044921875,265.9297800064087,742.7776336669922,226.90462589263916,740.4293823242188,282.4485397338867,738.2826995849609,323.6059856414795,794.3179321289062,288.0335211753845,780.5790710449219,287.9163193702698,769.0681457519531,333.78365993499756,760.3843688964844,366.02505683898926,63,1787821797.6261008
794.6292114257812,436.63195610046387,730.8327484130859,421.6070795059204,684.5697021484375,361.32359504699707,712.6190948486328,301.54539585113525,751.9807434082031,262.337851524353,665.3117370605469,274.7829794883728,629.1936492919922,205.73083877563477,610.7408905029297,161.14981055259705,597.3712158203125,122.45353817939758,706.2062835693359,256.62654876708984,662.7593994140625,181.12875938415527,638.1263732910156,136.33575081825256,620.4304504394531,96.14916801452637,752.7169036865234,260.983464717865,748.6050415039062,231.93870306015015,743.3066558837891,284.47777032852173,738.6625671386719,321.17603302001953,796.4427185058594,281.01407289505005,784.6959686279297,289.74101543426514,773.1067657470703,334.5261597633362,764.5155334472656,362.62075424194336,64,1787821797.6960778
792.3920440673828,433.6328172683716,730.4930114746094,419.12498474121094,682.9895782470703,358.71811866760254,709.8155212402344,296.367723941803,746.0936737060547,252.79433727264404,663.4371185302734,275.5618715286255,627.8506088256836,205.82018852233887,610.7230377197266,161.323961019516,598.7381744384766,122.93306350708008,703.9989471435547,253.5144567489624,659.3254089355469,176.17335677146912,634.9429321289062,131.47931098937988,617.7536010742188,92.40810871124268,750.4977416992188,255.21873235702515,743.90869140625,229.7354507446289,737.4518585205078,278.82734298706055,732.8696441650391,313.8828706741333,794.3999481201172,273.4703493118286,782.0245361328125,292.63213634490967,768.2408905029297,337.4881982803345,758.0158233642578,365.53122997283936,65,1787821797.7376733
785.0965881347656,430.0913143157959,724.8983764648438,414.46927070617676,677.7367401123047,355.1985454559326,701.7987060546875,294.16337728500366,737.0712280273438,252.88787126541138,656.3509368896484,270.5010795593262,621.9446563720703,200.73845386505127,605.2732849121094,155.9406065940857,594.0595245361328,117.8926134109497,697.1928405761719,251.73061609268188,652.7065277099609,172.67847061157227,629.5437622070312,127.92617797851562,613.6624145507812,87.9252576828003,744.2218780517578,255.8450174331665,738.1591033935547,226.7685842514038,731.8509674072266,273.4605002403259,727.5480651855469,306.9640803337097,787.9657745361328,275.49925804138184,773.9596557617188,292.76270627975464,760.5918884277344,335.3651762008667,751.1319732666016,361.89226627349854,66,1787821797.7889693
772.2406005859375,425.5751609802246,711.9941711425781,409.8020553588867,665.694580078125,353.404598236084,690.8744812011719,297.3363447189331,725.1211547851562,256.9527053833008,643.5657501220703,263.42137813568115,612.137565612793,196.72586917877197,595.8837890625,152.4981951713562,584.5409774780273,114.37873721122742,683.0722808837891,244.2628526687622,641.7935180664062,169.05468821525574,619.5407867431641,125.26574850082397,603.5963439941406,85.46552181243896,728.8063049316406,248.1781268119812,727.2177124023438,214.47059154510498,725.0782012939453,261.6643166542053,722.2367095947266,297.7257800102234,773.09326171875,267.4213242530823,761.5203094482422,280.9395503997803,749.6326446533203,322.1893072128296,739.7970581054688,350.3677797317505,67,1787821797.8494027
727.034912109375,445.56538581848145,663.3298492431641,425.3380537033081,614.9346160888672,374.66992378234863,628.1886291503906,321.7613124847412,658.3705139160156,279.1095757484436,589.0261077880859,285.8409333229065,552.4800109863281,220.21753549575806,532.5230407714844,179.17567133903503,518.2569885253906,144.42640900611877,628.0433654785156,270.70990562438965,582.6559829711914,197.63644695281982,555.809211730957,158.05684804916382,535.3610229492188,124.12683963775635,675.1346588134766,274.1973352432251,657.9976654052734,250.0256323814392,655.9576416015625,297.7863121032715,656.1933898925781,333.2327127456665,721.2172698974609,291.7473292350769,695.2889251708984,302.1927523612976,684.8345947265625,346.60313844680786,680.1297760009766,377.722749710083,68,1787821797.9136243
721.4836120605469,469.72410678863525,663.3247375488281,455.1389408111572,611.7997741699219,409.0560579299927,621.220817565918,354.0328359603882,644.1321563720703,306.8777561187744,582.9985046386719,313.42835426330566,545.9944915771484,247.59329795837402,525.4047012329102,206.4585542678833,511.75132751464844,170.0655698776245,624.4625854492188,293.5974955558777,578.0378723144531,224.16036128997803,546.9003295898438,185.53472757339478,523.7456130981445,150.17511248588562,672.8794860839844,293.11396837234497,648.0157470703125,277.745726108551,647.2092437744141,328.40046644210815,651.2819671630859,363.60875129699707,718.0649566650391,307.5621485710144,691.4554595947266,332.3052477836609,684.0281677246094,376.9197177886963,685.6234741210938,405.1057434082031,69,1787821797.9774482
727.2505187988281,494.7050428390503,668.3903503417969,483.0831813812256,617.596321105957,439.2292356491089,625.9582138061523,383.7096118927002,646.6279602050781,335.7539892196655,593.6746215820312,349.6780228614807,551.5042114257812,286.2994194030762,526.7042541503906,246.83524131774902,508.73069763183594,211.54127597808838,630.8390045166016,327.38935947418213,579.4438171386719,256.59193754196167,545.4206848144531,217.27420806884766,519.2741394042969,183.52047443389893,675.7169342041016,323.580858707428,651.2479400634766,299.32257413864136,653.5814666748047,343.0454134941101,660.570068359375,377.0856285095215,719.7532653808594,334.2878293991089,692.4228668212891,352.0670986175537,684.2855072021484,395.3386402130127,685.4766082763672,427.03831672668457,70,1787821798.0475502
799.0104675292969,525.3513193130493,744.00634765625,522.5278329849243,696.5731811523438,486.11154556274414,713.1765747070312,441.03240966796875,741.4230346679688,401.8420743942261,665.0794982910156,384.8449373245239,624.000244140625,317.08186626434326,602.4706649780273,279.6001625061035,584.7657775878906,245.32826900482178,705.0403594970703,362.12971687316895,655.7999420166016,293.4140968322754,630.3739929199219,257.0602083206177,609.9851989746094,222.9680871963501,752.7821350097656,360.8749580383301,749.1053009033203,371.2206029891968,751.7467498779297,426.11443519592285,750.9536743164062,459.0715742111206,798.5611724853516,375.7489013671875,795.6925964355469,413.69044303894043,786.7744445800781,460.1550579071045,777.6325225830078,486.7938566207886,71,1787821798.1059396
830.2449035644531,520.103931427002,772.8755950927734,510.8878183364868,725.1790618896484,468.5847473144531,742.2212982177734,417.36910343170166,774.7186279296875,376.27092361450195,693.1513214111328,367.21338272094727,661.0113525390625,298.1672501564026,644.1686248779297,252.7734375,631.4759826660156,213.67170095443726,735.8163452148438,345.3018593788147,697.1364593505859,277.4814963340759,672.2837066650391,234.56254720687866,651.7877960205078,195.11770248413086,785.5234527587891,344.2306923866272,781.3906860351562,355.7138514518738,776.3655853271484,411.25924587249756,770.2517700195312,445.6349515914917,831.4901733398438,360.3428077697754,824.4698333740234,401.9158887863159,812.2157287597656,450.7441520690918,801.4311981201172,477.3766851425171,72,1787821798.1529284
846.1280059814453,500.41226863861084,786.6556549072266,488.5426998138428,747.781982421875,444.5757579803467,775.0593566894531,392.99335956573486,804.5193481445312,348.15836906433105,712.269287109375,341.6298294067383,687.1328735351562,269.1853380203247,675.9221649169922,222.40898609161377,666.3676452636719,181.44193410873413,758.8535308837891,318.62780570983887,726.4305114746094,246.47372245788574,708.7726593017578,198.57118606567383,692.7725982666016,153.54820489883423,810.6718444824219,319.15051460266113,811.9657897949219,338.3256697654724,803.5472869873047,398.91790866851807,792.445068359375,433.9179039001465,856.934814453125,338.0188035964966,854.6537780761719,379.7868490219116,841.1872100830078,426.9760465621948,827.0233154296875,450.1625633239746,73,1787821798.2119777
852.6663970947266,473.92882347106934,795.5930328369141,458.24463844299316,761.1006927490234,407.0684766769409,788.0757904052734,351.6951298713684,820.5618286132812,306.0889935493469,729.8136901855469,308.2718825340271,703.4024810791016,235.39757251739502,693.2398986816406,186.58681869506836,688.3934020996094,144.35537338256836,774.2812347412109,289.5426821708679,740.4131317138672,210.31211614608765,725.6863403320312,161.33416414260864,715.7102203369141,119.04126405715942,823.6540222167969,295.12543201446533,828.8925170898438,284.7832202911377,824.1938018798828,345.7926607131958,817.3183441162109,386.11960887908936,868.4947967529297,317.45808362960815,868.9071655273438,340.67858934402466,854.5914459228516,390.83420276641846,838.9994812011719,421.44782066345215,74,1787821798.2543373
852.4828338623047,456.31216049194336,791.2418365478516,438.7638187408447,755.9474945068359,387.4012756347656,781.8286895751953,329.23744440078735,809.3425750732422,281.10342264175415,726.93115234375,281.51676177978516,709.2063903808594,207.12970733642578,703.3998107910156,158.1050419807434,702.05810546875,115.44607400894165,774.285888671875,263.7479639053345,746.4507293701172,182.40810871124268,736.6107177734375,130.3044605255127,730.6922149658203,84.56331253051758,824.6229553222656,271.1947202682495,832.0613861083984,266.6867208480835,821.7164611816406,326.48524045944214,809.3425750732422,365.33806800842285,868.4030151367188,297.24109411239624,868.8197326660156,321.2663269042969,851.3905334472656,368.83360862731934,831.7137145996094,397.1582078933716,75,1787821798.2980573
840.7686614990234,440.11058807373047,782.0268249511719,421.87551498413086,747.4771881103516,368.68786811828613,770.0482940673828,311.1516737937927,789.7447204589844,260.660183429718,721.0890197753906,259.624764919281,702.803955078125,181.92913055419922,695.6636047363281,131.04050159454346,692.6905822753906,87.21876382827759,766.8293762207031,243.06575059890747,739.8168182373047,159.037184715271,728.4949493408203,106.7355465888977,720.8943939208984,60.536556243896484,815.0532531738281,251.63382053375244,825.6973266601562,244.68752145767212,816.1038208007812,305.4524087905884,804.0390014648438,345.09183168411255,857.6584625244141,278.22612047195435,861.5956878662109,303.636531829834,844.8755645751953,353.0461049079895,824.4689178466797,381.6287326812744,76,1787821798.344084
812.8507232666016,437.2458600997925,754.4458770751953,421.31757259368896,718.9366149902344,368.7768316268921,734.0139007568359,310.1138734817505,747.8490447998047,259.4402503967285,694.9290466308594,252.15758085250854,679.76806640625,174.10647869110107,671.5501403808594,122.39562392234802,668.1985473632812,77.41754293441772,741.5834808349609,236.1147952079773,717.0210266113281,150.9161639213562,705.0474548339844,96.190345287323,696.7263031005859,46.57701015472412,791.1220550537109,245.0463581085205,801.8404388427734,216.5887212753296,796.4653015136719,280.1369905471802,787.4290466308594,325.64343452453613,836.7440032958984,271.08805418014526,838.8376617431641,277.0447897911072,823.2844543457031,328.5278391838074,805.3960418701172,364.90286350250244,77,1787821798.4005373
766.6825103759766,484.35338973999023,697.1894836425781,467.9567241668701,648.4767913818359,421.2843132019043,654.1287231445312,360.7594299316406,657.125244140625,310.9880805015564,615.7236480712891,313.650484085083,569.4634628295898,243.1257462501526,543.4951782226562,199.78148460388184,526.602897644043,161.8272078037262,658.64013671875,293.77265453338623,608.9049530029297,217.08821296691895,576.5727233886719,174.27473902702332,553.4899520874023,137.89268732070923,710.2496337890625,293.4228730201721,685.9600067138672,296.7350149154663,679.5289611816406,359.8807382583618,679.5512390136719,399.6112060546875,760.047607421875,310.6929302215576,731.5637969970703,340.3998327255249,718.2541656494141,392.64759063720703,716.3671875,422.8809356689453,78,1787821798.4658408
746.7182159423828,508.73634338378906,679.9085235595703,494.80400562286377,628.1493759155273,444.7602081298828,638.358039855957,388.6848735809326,650.4704284667969,341.8999171257019,599.1019439697266,350.2552127838135,560.4977416992188,281.8126630783081,538.7723922729492,238.7596893310547,522.9416656494141,200.01005172729492,642.2113800048828,324.4397234916687,596.4949035644531,252.60385751724243,564.4570922851562,208.84499073028564,537.8127670288086,168.65687370300293,692.1420288085938,318.9264106750488,666.0948944091797,328.9940285682678,666.0537719726562,388.26014041900635,669.0367889404297,425.81085205078125,738.116455078125,330.67013025283813,711.5055847167969,366.716251373291,704.6269989013672,414.62050437927246,704.5726776123047,441.81110858917236,79,1787821798.506427
759.1696929931641,521.3493347167969,698.9169311523438,510.0864601135254,647.769775390625,464.54147815704346,655.6008911132812,411.5274667739868,669.4690704345703,365.9375524520874,612.7630615234375,371.85025691986084,573.5335540771484,304.5271110534668,549.4919967651367,263.7768030166626,530.1919174194336,228.50326538085938,652.2294616699219,347.9486417770386,602.4067687988281,274.7050881385803,569.1257858276367,233.63684177398682,543.552131652832,198.28777313232422,700.95947265625,343.9316153526306,679.9146270751953,342.85218715667725,680.2733612060547,394.8670434951782,684.5804595947266,430.2933168411255,747.2091674804688,356.4934730529785,726.4945220947266,391.92365169525146,718.0558013916016,437.77148723602295,717.4577331542969,464.8895215988159,80,1787821798.5516713
782.7871704101562,534.5860576629639,724.6255493164062,524.453444480896,671.2776947021484,484.09499645233154,678.4102630615234,431.987099647522,695.106201171875,384.5694637298584,634.86083984375,388.1847381591797,589.8391723632812,322.4275302886963,564.6868133544922,281.96507692337036,546.0806274414062,244.8859405517578,673.8973236083984,364.74266052246094,622.0730590820312,296.9049382209778,589.0367889404297,254.87577438354492,563.9925003051758,216.29644632339478,722.5919342041016,360.9119510650635,706.4554595947266,368.58933448791504,706.9243621826172,423.84854793548584,708.4761810302734,459.84954357147217,768.2659912109375,373.9437532424927,753.5989379882812,412.9162931442261,744.8573303222656,459.0526485443115,740.7695007324219,485.15852451324463,81,1787821798.5988429
807.5125122070312,544.7257089614868,739.888916015625,534.8202896118164,691.1267852783203,492.82844066619873,709.7305297851562,442.8389310836792,735.7173919677734,400.7408666610718,663.6241912841797,399.041805267334,620.6528472900391,337.4764823913574,595.3709030151367,297.5642681121826,577.3163986206055,260.82813262939453,706.1205291748047,374.91715908050537,653.1526947021484,311.23276233673096,622.8284454345703,267.500696182251,602.2805023193359,227.9400873184204,756.7533111572266,373.27088356018066,739.8331451416016,394.7423315048218,739.1106414794922,443.0735492706299,740.4882049560547,475.06680965423584,803.0817413330078,390.0571346282959,785.2248382568359,437.08261013031006,775.4026031494141,474.7170066833496,770.3265380859375,495.8588647842407,82,1787821798.6524374
828.7175750732422,448.9051866531372,792.5563049316406,425.2998161315918,782.5337982177734,384.42749977111816,809.1831207275391,350.6581664085388,837.3347473144531,331.0489010810852,814.9530792236328,355.01965284347534,829.90478515625,316.43118381500244,838.8385772705078,286.8511390686035,843.6869049072266,263.230619430542,839.0950012207031,356.9727945327759,852.7594757080078,310.62096118927,853.6026000976562,275.3144431114197,849.3221282958984,247.0562982559204,858.5617828369141,366.30555152893066,871.4498901367188,322.85204887390137,870.4576873779297,288.7613868713379,866.7916870117188,264.14267778396606,877.1475982666016,380.9884786605835,881.492919921875,344.1748380661011,878.8606262207031,316.2357687950134,873.1936645507812,295.938720703125,83,1787821799.006876
734.8988342285156,515.4791164398193,687.3349761962891,514.429407119751,637.2496032714844,470.70815563201904,655.1840972900391,415.21934509277344,685.8831787109375,372.7610921859741,610.958251953125,379.6541118621826,565.2417373657227,311.73152446746826,539.4031143188477,264.38523530960083,518.4217071533203,224.90354776382446,651.3859558105469,352.6997780799866,599.4902420043945,281.6717290878296,565.1753616333008,234.1869306564331,536.5010833740234,192.81334161758423,700.6710815429688,347.9912781715393,681.7849731445312,349.77359533309937,685.1206207275391,411.9770908355713,687.4931335449219,453.5113763809204,750.5860900878906,360.5879831314087,730.2009582519531,385.13375759124756,722.23388671875,435.89471340179443,716.9244384765625,469.14775371551514,84,1787821799.2205918
756.8158721923828,530.0318813323975,702.3877716064453,526.7292022705078,649.9652862548828,485.4073905944824,664.9224853515625,436.1914300918579,693.6261749267578,394.96785163879395,618.2577514648438,388.8046073913574,571.9849014282227,320.01264095306396,544.3842315673828,277.1864318847656,522.7505874633789,239.53999757766724,658.2627868652344,363.4605646133423,606.7267227172852,293.1456184387207,572.8976440429688,248.97113800048828,545.72509765625,209.02098655700684,706.8754577636719,359.17460918426514,692.7642822265625,353.37653160095215,696.9969177246094,401.33846282958984,701.2247467041016,434.83882427215576,754.8417663574219,371.04735374450684,742.5288391113281,399.4508743286133,736.7349243164062,445.95428466796875,734.5438385009766,474.962739944458,85,1787821799.2828681
806.1482238769531,556.4304828643799,747.2080230712891,546.0385322570801,697.4014282226562,501.7651319503784,725.5587768554688,456.93859577178955,760.7392883300781,420.9609889984131,670.6803894042969,405.455117225647,626.029052734375,341.48181438446045,602.2148895263672,300.7418489456177,583.4176254272461,263.3738708496094,709.0379333496094,383.8226079940796,658.2670593261719,315.2322793006897,630.3683471679688,274.97225761413574,607.8804016113281,237.49128341674805,755.9262847900391,383.2978820800781,746.0629272460938,376.90242290496826,750.5270385742188,422.98187255859375,753.0303192138672,452.17241764068604,802.1921539306641,398.69359016418457,798.3815765380859,428.3807945251465,791.2799072265625,471.9396114349365,784.3883514404297,497.4139451980591,86,1787821799.3434331
823.7571716308594,557.344536781311,762.2249603271484,547.96058177948,711.7559814453125,504.65346336364746,740.1148986816406,459.32005405426025,779.8455810546875,423.73688220977783,682.5087738037109,406.7464828491211,640.3031921386719,341.325044631958,615.7345581054688,301.48282527923584,596.8635559082031,264.86560821533203,722.0444488525391,381.78000926971436,673.8141632080078,318.58004093170166,645.6084442138672,277.47108936309814,624.4597244262695,238.0264163017273,770.0832366943359,379.43374156951904,763.1574249267578,387.595853805542,765.6478881835938,441.10180377960205,765.3537750244141,473.9877462387085,817.4771118164062,393.8940238952637,812.1628570556641,434.0030908584595,803.2954406738281,479.63467597961426,794.6591949462891,504.3706512451172,87,1787821799.3821368
834.9533843994141,556.0803365707397,771.2120056152344,549.1292953491211,722.7191162109375,507.2846031188965,756.03759765625,461.09533309936523,797.6564025878906,425.48362255096436,691.0721588134766,406.58387660980225,653.6714172363281,340.9526038169861,631.8009948730469,299.4672632217407,615.7651519775391,261.867413520813,732.5412750244141,383.52288722991943,686.7716217041016,319.00724172592163,658.7368774414062,276.70788288116455,637.9773330688477,237.2629737854004,782.0167541503906,383.55743408203125,773.5268402099609,382.9441738128662,772.5165557861328,428.78522872924805,770.8826446533203,459.1677474975586,830.8353424072266,400.4177141189575,824.0995025634766,436.8521547317505,813.3815002441406,477.97157764434814,804.6385192871094,501.1513137817383,88,1787821799.4248004
842.3184204101562,557.6087236404419,777.2569274902344,549.6522617340088,730.30029296875,507.47815132141113,766.5955352783203,462.3042154312134,810.823974609375,427.78882026672363,702.176513671875,405.1212787628174,665.9294128417969,339.46784019470215,644.9261474609375,296.3844394683838,629.5785522460938,257.611927986145,745.4795837402344,382.1664619445801,700.8204650878906,318.1729459762573,672.7558135986328,275.05364656448364,651.2042999267578,234.01623487472534,795.9098052978516,383.7535572052002,787.8085327148438,390.73798656463623,783.2495880126953,435.6433153152466,778.6697387695312,463.2777500152588,843.7572479248047,403.4610986709595,837.2445678710938,443.9945983886719,823.37158203125,484.3590974807739,810.8560180664062,506.15116596221924,89,1787821799.4824815
849.5166778564453,559.2497634887695,788.7308502197266,552.1786022186279,740.1337432861328,509.3743658065796,773.7486267089844,462.7041006088257,818.9649963378906,427.53793716430664,711.7421722412109,406.17480754852295,676.3671875,338.68188858032227,656.0771179199219,295.0015354156494,641.9694519042969,256.27050161361694,753.9722442626953,383.56541633605957,710.4159545898438,317.182137966156,683.0389404296875,273.0379557609558,663.3277893066406,230.97439527511597,803.3177185058594,384.3706798553467,802.7796173095703,388.99725437164307,800.274658203125,440.73878288269043,796.2184906005859,472.2767972946167,851.2684631347656,401.9922351837158,849.0158081054688,441.7788362503052,835.8893585205078,486.7036485671997,823.209228515625,509.87608909606934,90,1787821799.545252
883.0743408203125,559.877872467041,820.4110717773438,548.6939191818237,778.4140014648438,505.0647211074829,815.4093933105469,462.3043441772461,859.1099548339844,428.0461835861206,748.2611846923828,405.74071884155273,714.7556304931641,337.3816180229187,697.4850463867188,292.85722732543945,684.6804809570312,253.95159244537354,791.0401153564453,387.1430540084839,753.2939147949219,313.3980989456177,732.2916412353516,268.6539602279663,717.1820831298828,228.52174043655396,839.3182373046875,393.1678104400635,846.5536499023438,385.70852279663086,846.2812042236328,433.2668352127075,842.9793548583984,465.1336669921875,884.339599609375,415.3029441833496,886.0859680175781,438.632755279541,876.9089508056641,477.037353515625,866.4852905273438,501.5135192871094,91,1787821799.6015415
888.9972686767578,562.0935916900635,827.1361541748047,556.3446092605591,789.3620300292969,512.2142887115479,829.4860076904297,465.3691005706787,872.4979400634766,428.100643157959,755.8842468261719,408.1535482406616,724.6247100830078,339.1761875152588,709.1841125488281,293.6877679824829,697.8929901123047,254.28847789764404,798.8226318359375,386.65974140167236,761.0794830322266,312.74451971054077,740.9065246582031,267.1530818939209,725.2411651611328,225.31986951828003,847.1054077148438,390.6912088394165,858.3827209472656,382.6671552658081,858.193359375,432.9835510253906,852.1456146240234,465.20336151123047,892.79296875,411.2735366821289,899.0933990478516,434.3858528137207,887.0603942871094,477.53817558288574,870.2139282226562,503.07748317718506,92,1787821799.6584275
890.3639221191406,563.7200403213501,823.76220703125,552.9518508911133,788.7071228027344,506.14163875579834,833.9246368408203,462.6738452911377,879.3796539306641,429.1306972503662,758.6398315429688,405.30319690704346,729.8757934570312,335.7081127166748,716.3962554931641,289.7806692123413,707.3587799072266,250.1837968826294,802.5338745117188,384.9068212509155,767.2081756591797,311.2364101409912,747.3734283447266,264.8038959503174,732.412109375,221.6623020172119,850.9901428222656,391.1694574356079,861.2785339355469,377.4289083480835,859.6004486083984,428.01562786102295,852.1615600585938,459.86713886260986,896.8451690673828,414.79143619537354,901.3742828369141,433.9236116409302,888.9620208740234,475.0181007385254,871.6997528076172,498.7790822982788,93,1787821799.715217
894.6845245361328,559.4745111465454,832.7027130126953,550.5219841003418,797.6425933837891,505.3119134902954,840.9140014648438,458.72331619262695,887.474365234375,425.37878036499023,764.7564697265625,401.9236993789673,734.3627166748047,331.4966154098511,720.8995819091797,285.17765522003174,712.3281097412109,245.84213733673096,807.5498199462891,382.4939489364624,771.6159820556641,307.6976752281189,753.4999847412109,261.1466073989868,740.7609558105469,218.85508060455322,855.4039001464844,389.4805669784546,862.8270721435547,372.24164485931396,862.8889465332031,420.7019090652466,858.5250091552734,452.0995044708252,901.1433410644531,413.03388118743896,903.3008575439453,424.58746433258057,892.2622680664062,463.63901138305664,877.5928497314453,487.19507217407227,94,1787821799.7564743
899.7942352294922,556.8708372116089,837.7381134033203,549.6199893951416,803.9170837402344,505.57730197906494,846.5342712402344,456.46772861480713,889.9038696289062,419.0746021270752,765.6434631347656,404.0669775009155,737.0125579833984,333.8436555862427,724.0564727783203,286.999454498291,715.5697631835938,246.90424919128418,808.5026550292969,382.0227384567261,774.9110412597656,306.2834644317627,758.2940673828125,259.6967124938965,745.8518981933594,217.96926498413086,855.7016754150391,387.66812324523926,867.2763061523438,362.3673391342163,868.7757873535156,409.53070163726807,864.0931701660156,441.2648391723633,901.0394287109375,410.51663875579834,905.6383514404297,415.028715133667,896.7758941650391,453.7986946105957,883.0152130126953,479.04913902282715,95,1787821799.7880018
901.4619445800781,553.9995431900024,839.7203063964844,545.7576084136963,806.6714477539062,499.2721366882324,850.1164245605469,450.8900213241577,891.7733001708984,415.5668306350708,768.9987945556641,400.76996326446533,740.2863311767578,330.19739627838135,728.2770538330078,283.4043073654175,720.1264953613281,243.784818649292,811.1289215087891,380.4075336456299,777.1036529541016,302.73996591567993,760.7765197753906,254.86764192581177,749.4010925292969,213.1079649925232,857.9871368408203,386.26659393310547,866.0947418212891,361.66829109191895,868.1414031982422,408.14595222473145,866.25244140625,440.4076910018921,902.1002960205078,408.44361305236816,904.4087982177734,412.2582721710205,897.3635864257812,451.0548162460327,887.2062683105469,476.97718620300293,96,1787821799.8399794
901.7013549804688,552.852201461792,841.1667633056641,544.207592010498,808.6460876464844,497.06315517425537,851.0782623291016,448.8838577270508,892.7275848388672,413.63757133483887,772.7385711669922,397.6029396057129,744.7840881347656,327.5704836845398,733.7863159179688,280.7192015647888,726.5177917480469,240.99929094314575,814.0381622314453,377.2451448440552,781.5811920166016,299.92838859558105,766.217041015625,252.24939823150635,754.7688293457031,209.57781314849854,859.3498229980469,382.6745367050171,868.1050109863281,360.0488805770874,870.6569671630859,408.2106685638428,867.7181243896484,439.7382974624634,902.3370361328125,404.3766117095947,905.8670043945312,408.54090213775635,899.3717956542969,447.8207588195801,888.1145477294922,472.72607803344727,97,1787821799.884157
901.796875,543.5019779205322,846.6683197021484,534.415340423584,815.8510589599609,489.5495796203613,855.8631896972656,438.97101402282715,898.2284545898438,401.5454435348511,779.2954254150391,383.1162214279175,755.5339050292969,311.21132612228394,746.0850524902344,263.5842204093933,739.4900512695312,224.50514316558838,820.5979919433594,364.5573949813843,789.4683074951172,285.4515838623047,774.5458984375,237.1442699432373,763.8346862792969,196.29804611206055,866.3160705566406,370.2890396118164,871.0055541992188,347.92754888534546,872.2147369384766,395.0465154647827,871.3654327392578,428.3635425567627,909.4664001464844,391.03667736053467,907.0529937744141,396.7872905731201,897.6307678222656,436.79065704345703,887.9552459716797,464.0199279785156,98,1787821799.9250667
896.4376068115234,543.7076711654663,841.0422515869141,532.7700519561768,809.7936248779297,485.5405569076538,848.1586456298828,436.2301826477051,886.9927215576172,399.0139102935791,779.0853118896484,380.2708053588867,754.5458221435547,307.4736785888672,743.1412506103516,260.1550483703613,736.4591979980469,219.9267840385437,820.9962463378906,364.5682096481323,789.7038269042969,285.3481149673462,773.4370422363281,236.889545917511,762.8282165527344,194.7899580001831,866.1516571044922,372.89541721343994,874.9140930175781,344.63768005371094,873.7451934814453,391.37669563293457,870.4913330078125,424.22590255737305,907.744140625,396.75986766815186,907.20703125,402.001633644104,896.3997650146484,443.3833980560303,885.6951904296875,470.7575511932373,99,1787821799.9763691
893.7997436523438,543.172173500061,836.0936737060547,532.4765968322754,806.9325256347656,484.33480739593506,850.6934356689453,434.1904592514038,890.5760955810547,396.97277069091797,777.6717376708984,378.6810064315796,754.2111206054688,307.2419786453247,743.0936431884766,260.25643587112427,735.9896850585938,220.29274463653564,819.1378021240234,361.1521911621094,787.9592132568359,282.7792453765869,772.1196746826172,234.49315309524536,761.8023681640625,192.60717630386353,863.3345031738281,368.80906105041504,872.662353515625,340.8878016471863,872.6338958740234,389.3480443954468,869.6797180175781,423.3475971221924,904.6954345703125,392.02802181243896,906.2297058105469,394.5789957046509,897.8343963623047,436.56050205230713,888.6107635498047,465.08113861083984,100,1787821800.0547926
891.4328002929688,541.1932611465454,835.0730895996094,529.6156024932861,807.6716613769531,480.9284448623657,851.1177825927734,430.99897384643555,890.1737976074219,393.32483768463135,774.1868591308594,378.7968349456787,751.3631439208984,306.3488245010376,741.0606384277344,259.228720664978,734.0148162841797,219.2256760597229,815.0296783447266,360.2511405944824,785.0252532958984,281.38067722320557,770.3531646728516,233.15537452697754,760.4079437255859,191.37138605117798,858.4554290771484,366.8713903427124,868.1692504882812,338.13836574554443,870.4013824462891,385.82589626312256,868.9804840087891,419.37565326690674,899.3025970458984,388.76349449157715,901.5125274658203,388.9434814453125,895.6285095214844,429.45303440093994,888.4857940673828,457.5920248031616,101,1787821800.1323602
887.9707336425781,538.3086204528809,831.4203643798828,527.770586013794,801.3946533203125,480.50607204437256,842.2063446044922,433.6041069030762,884.0709686279297,398.1412696838379,769.0589904785156,377.5891971588135,745.2457427978516,305.2778720855713,734.4416809082031,257.3943257331848,726.7205047607422,217.28798389434814,809.815673828125,358.172664642334,780.2290344238281,279.61947441101074,765.8889770507812,230.6346559524536,755.86669921875,187.52544164657593,853.1282043457031,364.1069555282593,863.3199310302734,341.3416528701782,864.9005126953125,391.7443513870239,862.8707122802734,425.9955167770386,893.5354614257812,385.418758392334,897.0338439941406,391.65714740753174,889.9907684326172,434.2925548553467,881.0858917236328,462.551064491272,102,1787821800.1909063
883.8359069824219,538.0566215515137,826.8378448486328,529.057788848877,797.6877593994141,482.79178619384766,839.5654296875,435.6479072570801,879.0577697753906,398.5746717453003,764.3613433837891,378.3895254135132,742.6426696777344,305.7453489303589,732.5138854980469,257.4671530723572,725.5686187744141,216.53520584106445,804.8899841308594,359.19321298599243,776.6348266601562,280.0232219696045,762.6648712158203,230.29324293136597,752.7431488037109,185.92081546783447,848.5359954833984,365.7100582122803,864.55810546875,341.6719937324524,864.3724060058594,392.90658473968506,859.1503143310547,427.25396633148193,889.5587158203125,388.2886791229248,896.9436645507812,395.63072204589844,888.9266967773438,437.9807424545288,877.4868774414062,465.2612543106079,103,1787821800.2440891
874.5877075195312,537.910623550415,816.4385986328125,531.3880062103271,783.7548065185547,486.64661407470703,827.9357147216797,436.99596405029297,871.0336303710938,399.006142616272,752.3929595947266,377.4011421203613,730.8709716796875,303.99028301239014,722.2696685791016,254.1712760925293,717.1926116943359,212.3448657989502,793.7139129638672,356.57331705093384,766.5669250488281,277.67903566360474,754.1954803466797,226.69865369796753,746.0897064208984,180.480694770813,837.8872680664062,362.8502655029297,851.8202209472656,341.00247144699097,852.2964477539062,395.2345275878906,848.7200164794922,432.25476264953613,881.0918426513672,385.5323123931885,886.5177917480469,394.44522857666016,877.3916625976562,436.79739475250244,866.2397003173828,464.75807189941406,104,1787821800.282931
857.5785827636719,538.2770776748657,796.0305786132812,526.2152051925659,762.3381042480469,478.26550483703613,807.4758911132812,434.6919250488281,852.6534271240234,402.85234451293945,741.7189788818359,370.01030445098877,720.6721496582031,295.5038595199585,710.1295471191406,245.89648962020874,704.1099548339844,205.3749418258667,785.3363037109375,354.3304967880249,758.6272430419922,273.7968921661377,742.9245758056641,223.0474591255188,732.6284790039062,178.18126916885376,831.3680267333984,364.46654319763184,839.00634765625,342.79817819595337,832.2428894042969,392.9346513748169,824.8520660400391,428.06854248046875,874.1303253173828,390.6971311569214,868.6595153808594,406.92591190338135,851.695556640625,446.38318061828613,836.1561584472656,471.5142345428467,105,1787821800.3282113
835.3899383544922,536.2308311462402,772.7340698242188,518.839602470398,738.292236328125,469.06033515930176,782.6254272460938,423.8115978240967,825.1416778564453,391.04676246643066,717.2910308837891,366.49455070495605,694.6426391601562,294.6778678894043,685.3524017333984,245.95605611801147,680.7271575927734,204.74084615707397,765.5839538574219,349.6546769142151,736.0292816162109,270.0880193710327,720.8457183837891,218.35904359817505,711.5889739990234,171.74637079238892,815.6412506103516,359.23492670059204,820.1475524902344,350.3638958930969,813.5633850097656,399.5304822921753,806.9008636474609,433.6265516281128,860.6146240234375,385.77452659606934,854.6886444091797,409.48752880096436,835.76171875,447.8883934020996,818.9460754394531,472.59467124938965,106,1787821800.375439
771.8257904052734,564.8234367370605,706.693115234375,546.4514636993408,654.2169189453125,502.58837699890137,663.4152221679688,456.14152908325195,684.1066741943359,420.45501708984375,628.6345291137695,409.1887092590332,576.5450286865234,345.28355598449707,546.6295623779297,306.66502475738525,526.2529754638672,272.2821521759033,664.9208068847656,390.1463985443115,606.317024230957,321.85553312301636,569.2750549316406,282.5099515914917,542.4520492553711,246.77462339401245,709.0756988525391,390.17884254455566,686.1979675292969,388.69791984558105,677.7953338623047,435.75798511505127,675.3669738769531,465.81679344177246,753.6244201660156,405.5957508087158,726.8026733398438,439.633584022522,712.5138092041016,486.4897155761719,707.9275512695312,513.4757423400879,107,1787821800.4157734
732.7143096923828,575.0997734069824,667.2128295898438,563.6119365692139,609.2742156982422,522.3968553543091,629.3228912353516,479.4665336608887,667.6094818115234,443.7408399581909,589.1267395019531,425.28518199920654,547.3489379882812,362.16379165649414,523.2382965087891,321.7402410507202,506.9218063354492,285.07564544677734,630.7773208618164,401.78104877471924,581.746711730957,336.56938076019287,546.8870544433594,295.4904055595398,520.7806777954102,256.0649371147156,680.8131408691406,399.5357608795166,658.3290100097656,401.4795684814453,660.9587860107422,452.0644426345825,666.2643432617188,483.65142345428467,729.4625091552734,413.17030906677246,707.3014831542969,450.4640007019043,701.5372467041016,490.51182746887207,701.7821502685547,511.49545669555664,108,1787821800.4667292
747.6727294921875,572.2911787033081,682.2914886474609,562.051191329956,627.8093719482422,521.9702768325806,645.4183959960938,477.91913509368896,680.5680084228516,443.98125171661377,600.2048492431641,426.49277687072754,553.9845275878906,363.50146293640137,528.228874206543,325.28135776519775,508.78395080566406,290.1502990722656,640.8234405517578,401.7056894302368,587.005500793457,337.8925037384033,551.0854339599609,298.5334253311157,522.5276184082031,260.22937774658203,690.6610870361328,398.3059358596802,667.3805999755859,406.8424415588379,669.0060424804688,458.16627502441406,672.5959014892578,489.2556953430176,738.8515472412109,411.27696990966797,716.2511444091797,450.788311958313,708.2576751708984,492.8822135925293,706.14990234375,515.2096939086914,109,1787821800.5084486
773.9134979248047,564.6612167358398,711.5481567382812,550.0412464141846,661.8612670898438,506.1195373535156,683.4246063232422,465.1237964630127,717.5520324707031,430.5110263824463,629.6826553344727,418.99967193603516,587.5816345214844,353.7461829185486,561.6880035400391,313.58078956604004,539.4488906860352,278.335018157959,668.4769439697266,396.8373727798462,618.9436340332031,330.2902865409851,585.5387496948242,288.6661148071289,557.4203491210938,250.29722213745117,717.1550750732422,393.9498567581177,702.6802825927734,399.8989534378052,704.2269134521484,446.50136947631836,704.7657012939453,474.86390590667725,764.1839599609375,406.4598512649536,750.4259490966797,444.8852205276489,742.1003723144531,486.15235805511475,736.6501617431641,508.2713556289673,110,1787821800.5746844
805.6130981445312,553.3110952377319,744.1166687011719,538.0744314193726,703.2099151611328,495.9622049331665,729.1521453857422,452.89180755615234,763.6349487304688,416.7795753479004,675.4483795166016,401.6340637207031,628.4728240966797,340.79034090042114,599.6498870849609,302.7317476272583,579.9073791503906,267.31298446655273,715.5968475341797,380.58945178985596,660.9119415283203,315.0411128997803,627.0083236694336,274.0633535385132,603.7624740600586,236.6827154159546,763.7206268310547,380.94311714172363,739.3251037597656,389.0559196472168,732.1461486816406,424.5566511154175,730.7071685791016,446.1287784576416,807.2700500488281,397.94493198394775,782.9943084716797,440.720157623291,768.1864166259766,480.7054138183594,761.2918853759766,504.3212127685547,111,1787821800.6183145
841.2824249267578,541.6452026367188,777.0201873779297,529.2152881622314,736.2673950195312,487.2836494445801,770.538330078125,443.06938648223877,810.6911468505859,407.1696710586548,712.2850799560547,390.11266708374023,678.5849761962891,317.58721590042114,657.1865081787109,271.00297451019287,639.888801574707,229.93573665618896,755.3053283691406,368.61971855163574,712.5521850585938,297.5630235671997,687.3566436767578,250.9667444229126,668.4999084472656,207.6283621788025,805.7199096679688,369.4882822036743,800.33935546875,391.40347480773926,795.4374694824219,448.0908679962158,790.7630157470703,483.7336492538452,853.3392333984375,387.2678518295288,841.9682312011719,431.4886808395386,831.2367248535156,478.6804962158203,825.0675964355469,506.4652633666992,112,1787821800.659751
887.2412872314453,529.8747682571411,827.9798126220703,530.4608201980591,793.9032745361328,489.5582056045532,837.4646759033203,434.9625492095947,877.244873046875,386.45130157470703,750.3791809082031,375.9955358505249,727.2902679443359,303.8334059715271,712.47314453125,252.86813020706177,699.7224426269531,210.96344232559204,795.8950805664062,353.22574853897095,765.6954956054688,277.4304485321045,748.1520080566406,227.34753370285034,731.7887878417969,179.42077159881592,846.5049743652344,356.33273363113403,860.3941345214844,355.6627821922302,858.4822082519531,415.1455307006836,849.383544921875,451.1056709289551,895.1364898681641,377.24793434143066,901.0142517089844,399.4543504714966,890.1020812988281,446.4502143859863,875.6667327880859,473.3197259902954,113,1787821800.7305622
969.2998504638672,513.204517364502,942.8433990478516,493.5984706878662,937.0457458496094,444.0345525741577,982.3405456542969,380.012412071228,1028.4205627441406,329.803991317749,885.51025390625,324.2559814453125,888.8673400878906,235.209002494812,898.7190246582031,174.87035036087036,914.2915344238281,131.96826696395874,901.2411499023438,315.0555109977722,901.0581207275391,223.8577651977539,907.6091766357422,166.0537576675415,919.6079254150391,120.56523084640503,923.6142730712891,319.52497243881226,918.9665985107422,243.71046781539917,917.4706268310547,191.77753686904907,922.0166015625,148.50663900375366,947.8589630126953,332.2954201698303,941.0718536376953,271.06346368789673,940.8648681640625,236.27843141555786,945.4909515380859,204.17459964752197,114,1787821800.7894135
992.8006744384766,500.5565071105957,954.2231750488281,474.1235303878784,948.4126281738281,419.49294090270996,1005.7829284667969,366.3116455078125,1054.7213745117188,324.3612742424011,917.4892425537109,309.95306968688965,917.3380279541016,224.5331883430481,924.3539428710938,171.88413977622986,932.27783203125,130.31875133514404,962.3178100585938,300.12929677963257,953.9823913574219,209.6523141860962,956.0052490234375,156.48447275161743,957.7353668212891,113.84024620056152,1006.7170715332031,314.09186840057373,1028.6386108398438,284.3337893486023,1026.5282440185547,336.8138909339905,1014.7560119628906,371.3732957839966,1046.6022491455078,340.070264339447,1062.589111328125,315.28077363967896,1052.2843933105469,356.5031933784485,1033.1256866455078,387.97694206237793,115,1787821800.8465092
986.1579132080078,501.11517906188965,948.6557006835938,472.78727531433105,941.9489288330078,421.0490083694458,998.6636352539062,371.459641456604,1053.604965209961,335.0918698310852,916.9931030273438,310.31941652297974,918.9090728759766,226.34646892547607,925.5259704589844,172.932368516922,933.8577270507812,130.57394742965698,962.3290252685547,303.09938192367554,956.9292449951172,211.11493349075317,959.4795989990234,156.9974720478058,962.2570037841797,111.12265348434448,1005.4602813720703,320.67630529403687,1027.6774597167969,289.8044228553772,1019.8727416992188,339.76425647735596,1004.2872619628906,370.4561519622803,1041.7244720458984,351.43338918685913,1060.2223205566406,321.27930879592896,1047.4678802490234,355.8497643470764,1025.3108215332031,380.2075481414795,116,1787821800.917166
946.6264343261719,530.3567504882812,888.7676239013672,509.9366855621338,858.8333129882812,461.087908744812,899.6658325195312,403.3149290084839,946.3816833496094,356.48467540740967,831.0386657714844,344.1041564941406,816.5741729736328,251.30219221115112,813.8475799560547,193.23183059692383,816.4543151855469,147.71971106529236,882.8562927246094,325.7464098930359,861.6790771484375,234.64627504348755,857.2058868408203,178.3102297782898,857.8167724609375,129.10961151123047,936.2602996826172,333.5124349594116,961.9609069824219,295.8008551597595,968.1922149658203,343.02876234054565,967.5941467285156,380.01567363739014,988.7030029296875,356.5632748603821,1015.9156036376953,321.880145072937,1023.0757141113281,351.54224395751953,1021.1260223388672,379.8672294616699,117,1787821800.969547
903.4088134765625,543.8942241668701,839.6086120605469,526.1586427688599,811.8141937255859,474.0167570114136,862.1888732910156,421.56240463256836,905.3916931152344,382.05174922943115,783.5216522216797,353.35704803466797,771.9586944580078,269.49156045913696,768.4415435791016,216.6163158416748,767.0840454101562,172.82342791557312,828.9029693603516,339.0899062156677,809.5546722412109,249.59641456604004,800.5158996582031,196.00085735321045,794.2112731933594,149.43140029907227,874.5309448242188,349.1402077674866,882.5456237792969,319.18707847595215,879.9776458740234,365.0618648529053,875.5866241455078,400.1445150375366,920.9508514404297,373.9595031738281,917.8055572509766,364.52138900756836,910.7109069824219,400.8880662918091,905.7211303710938,430.29988288879395,118,1787821801.029244
871.2333679199219,552.4633026123047,811.666259765625,538.0669212341309,779.6080780029297,492.83080101013184,823.2171630859375,441.6470432281494,866.7848205566406,401.2017774581909,745.2853393554688,377.10017681121826,724.383544921875,298.5018825531006,720.1080322265625,247.64913082122803,720.5896759033203,205.95067262649536,791.0673522949219,358.29638957977295,762.7499389648438,273.6639618873596,753.6940002441406,221.30571842193604,750.2516937255859,175.51071166992188,839.4161987304688,365.25635719299316,848.0245971679688,345.31752347946167,848.8565063476562,393.7680673599243,847.6040649414062,429.5980453491211,887.6200866699219,388.29906463623047,889.0944671630859,392.0024013519287,880.1593017578125,431.46576404571533,871.7803955078125,462.4838590621948,119,1787821801.0645044
854.1834259033203,562.1108436584473,790.1580047607422,547.4290752410889,753.9916229248047,500.77940940856934,793.0323028564453,454.89020347595215,836.4994812011719,418.4654188156128,726.5815734863281,393.92874240875244,697.5667572021484,319.76454734802246,685.4813385009766,271.9025230407715,679.2646026611328,230.73190212249756,772.1188354492188,374.73798751831055,737.5198364257812,296.4189863204956,720.2499389648438,247.59312629699707,709.9504852294922,203.60195875167847,820.3174591064453,380.03562927246094,827.2969818115234,363.61711978912354,828.5633087158203,410.07306575775146,827.8594207763672,443.5155773162842,866.5119934082031,400.7197093963623,867.4240112304688,415.66450595855713,855.0402069091797,458.1667470932007,842.6387786865234,488.7270212173462,120,1787821801.124446
848.7376403808594,569.6468639373779,782.1926116943359,559.2773580551147,736.9349670410156,512.7621030807495,776.8955230712891,466.84603214263916,821.9471740722656,431.56464099884033,713.2552337646484,408.58330249786377,679.7338104248047,339.3931460380554,663.9658355712891,294.6127223968506,653.983154296875,255.7061219215393,759.0901184082031,387.4314880371094,719.9433135986328,311.2561082839966,697.6088714599609,265.19399642944336,682.945556640625,223.37445259094238,809.2341613769531,393.09918880462646,809.9488830566406,380.0615072250366,809.2862701416016,427.31284618377686,808.5238647460938,460.3911781311035,856.8824005126953,415.74368476867676,850.7436370849609,440.4457998275757,835.5547332763672,483.2537269592285,821.9614410400391,511.2908363342285,121,1787821801.194889
913.3528900146484,561.0223388671875,850.7167053222656,551.9693470001221,818.1466674804688,507.4178981781006,861.9142913818359,459.2994976043701,904.0300750732422,417.6718282699585,781.2617492675781,399.3572759628296,757.1293640136719,323.977632522583,743.4092712402344,276.2690734863281,732.3037719726562,235.86320400238037,824.2298889160156,379.16590690612793,794.1693115234375,300.7740354537964,776.8405914306641,252.30053186416626,762.794189453125,209.86607551574707,871.1433410644531,382.89186000823975,879.6835327148438,364.4267177581787,884.1803741455078,414.3942975997925,882.2013854980469,447.27375984191895,915.1123046875,399.9652576446533,916.4154052734375,399.6136951446533,911.1489105224609,438.4448289871216,904.2802429199219,464.69314098358154,122,1787821801.2362845
941.4265441894531,544.449291229248,887.9342651367188,537.0642471313477,860.2752685546875,491.9318103790283,902.2892761230469,436.18473529815674,941.9326782226562,392.70960330963135,819.5149230957031,382.1808385848999,798.4137725830078,302.87461280822754,790.1786041259766,252.01351404190063,784.9003601074219,211.32667779922485,859.957275390625,363.1774091720581,837.1717834472656,282.22379207611084,824.8676300048828,230.3408145904541,814.9235534667969,185.1843237876892,902.3565673828125,367.68497943878174,920.2465057373047,347.1722173690796,925.2730560302734,396.89582347869873,922.4835205078125,430.61187744140625,943.9337158203125,385.37331104278564,953.9875030517578,376.73964500427246,951.8510437011719,412.29440689086914,944.4144439697266,440.1821708679199,123,1787821801.2595484
950.6202697753906,529.6354293823242,902.2029113769531,517.5003004074097,886.6112518310547,472.56317138671875,940.9293365478516,426.48359298706055,984.5902252197266,389.5004367828369,852.1146392822266,361.2043333053589,835.5687713623047,284.1380739212036,830.6810760498047,232.52424001693726,828.0372619628906,189.61039781570435,893.0061340332031,344.54129219055176,871.4480590820312,263.13328742980957,866.610107421875,209.83970403671265,862.454833984375,162.468523979187,936.1363983154297,353.1480932235718,956.2055206298828,335.34170150756836,956.9641876220703,387.3161745071411,947.4489593505859,420.84056854248047,977.0664978027344,375.0453472137451,991.5354919433594,366.6484022140503,984.8253631591797,403.8863468170166,969.3186950683594,430.3736972808838,124,1787821801.308295
968.3145904541016,519.6558523178101,923.4614562988281,499.4977855682373,909.5219421386719,451.1644649505615,961.8866729736328,401.90134048461914,1008.4011840820312,367.22110748291016,879.7723388671875,342.52283334732056,869.473876953125,264.5485496520996,870.5651092529297,212.8402590751648,872.51708984375,170.6658911705017,923.1317138671875,330.63832998275757,902.5232696533203,244.08475399017334,898.2046508789062,191.42346382141113,895.1795959472656,147.37897396087646,967.7542877197266,344.2164444923401,983.5358428955078,318.64098072052,983.8861846923828,369.2456388473511,976.2535858154297,403.0819845199585,1008.9283752441406,371.88398838043213,1018.8629150390625,352.07093954086304,1011.1693572998047,389.386625289917,997.1176910400391,417.97905921936035,125,1787821801.377872
978.4134674072266,518.7894773483276,933.0381011962891,494.9148988723755,921.0951232910156,444.5592784881592,978.7763214111328,395.3844738006592,1029.6507263183594,359.80422019958496,895.7232666015625,337.04477548599243,889.0654754638672,257.5705575942993,890.8781433105469,205.62983751296997,895.7852172851562,161.4875864982605,940.9799194335938,326.32293462753296,924.00634765625,238.88453006744385,922.9685211181641,184.80744123458862,925.2314758300781,137.28007078170776,986.700439453125,341.5852403640747,1004.1246795654297,313.35076332092285,999.796142578125,365.9957456588745,989.4406127929688,398.82619857788086,1028.4823608398438,370.7559585571289,1038.5374450683594,344.82107877731323,1026.9222259521484,381.4232110977173,1009.3614959716797,407.0109272003174,126,1787821801.4248285
980.9909820556641,516.2335681915283,942.2024536132812,495.0270366668701,930.1935577392578,448.80412101745605,983.9108276367188,397.87957191467285,1037.5285339355469,358.494873046875,900.1753997802734,338.94094705581665,894.5069122314453,257.32383728027344,897.1066284179688,204.73307847976685,902.2782897949219,161.18237257003784,945.6621551513672,327.542245388031,932.2915649414062,236.68477535247803,932.4117279052734,184.36678647994995,933.1136322021484,138.55605125427246,990.1762390136719,342.2115468978882,1012.9573822021484,313.1480312347412,1007.7781677246094,368.0120801925659,993.5466766357422,400.6923723220825,1028.3504486083984,371.06147289276123,1046.2059783935547,343.1628942489624,1034.4412231445312,381.66186332702637,1012.4794006347656,407.8063201904297,127,1787821801.4820793
968.1891632080078,552.7258586883545,923.2447814941406,532.0549964904785,906.0984802246094,485.853796005249,962.5776672363281,435.3538513183594,1012.3988342285156,395.36932468414307,873.8313293457031,372.75135040283203,863.001708984375,295.15079498291016,863.6125946044922,245.43062210083008,867.9296875,201.93639278411865,917.8125762939453,358.6637020111084,898.2308197021484,275.66306591033936,896.2534332275391,224.34925317764282,897.5325775146484,179.86849665641785,962.2515869140625,371.70361518859863,983.9713287353516,344.8749804496765,983.5344696044922,401.11380100250244,973.9768981933594,436.03294372558594,1003.6614990234375,400.77202320098877,1017.2451782226562,381.6115665435791,1007.5234985351562,420.82945346832275,990.0113677978516,447.5789737701416,128,1787821801.5255575
970.5290222167969,559.1192150115967,925.0007629394531,537.4669218063354,909.2578125,490.7820653915405,961.1893463134766,441.547908782959,1007.3843383789062,401.7530679702759,872.0487213134766,380.8673286437988,861.2760162353516,303.4664583206177,860.3546905517578,253.29520225524902,862.8529357910156,211.88987731933594,916.3089752197266,368.7296676635742,897.8369140625,283.06270122528076,895.1152038574219,231.02694511413574,894.8739624023438,186.61649465560913,961.7561340332031,383.0014228820801,981.3442993164062,357.0706844329834,980.1866149902344,409.5813846588135,971.0155487060547,442.7479934692383,1003.1181335449219,411.9064521789551,1015.6121826171875,391.8481636047363,1003.9236450195312,431.75668716430664,984.4892120361328,459.49862480163574,129,1787821801.5819814
970.4753112792969,562.6567697525024,922.6929473876953,541.9610166549683,905.2337646484375,495.5541229248047,957.7484130859375,446.01269245147705,1006.4029693603516,404.6242332458496,870.8783721923828,383.62433910369873,860.8997344970703,305.7324743270874,860.5473327636719,255.80961227416992,864.2875671386719,214.4829511642456,914.453125,371.8264389038086,897.5173950195312,287.41695642471313,895.7768249511719,235.24985790252686,896.3113403320312,191.4599847793579,959.4136810302734,385.78662872314453,981.1128234863281,362.1641778945923,978.8214111328125,417.40124702453613,967.4521636962891,450.8341455459595,1000.2425384521484,413.59731674194336,1014.9884033203125,396.45203590393066,1003.0331420898438,437.962589263916,982.1366882324219,465.01891136169434,130,1787821801.6368306
968.6137390136719,562.9198837280273,921.3391876220703,543.6519241333008,905.1715087890625,498.28216552734375,957.978515625,450.5572986602783,1007.1916198730469,410.333046913147,870.30517578125,386.35143756866455,861.2374877929688,307.5373864173889,861.8387603759766,256.4170789718628,867.3589324951172,214.72971439361572,913.0329132080078,374.73652839660645,895.8084106445312,289.9781656265259,894.7187042236328,238.19161891937256,896.2516021728516,194.0905237197876,957.7355194091797,387.8354501724243,983.2101440429688,363.7813997268677,981.1581420898438,420.50432682037354,967.8524017333984,454.27642822265625,998.9044952392578,414.28035736083984,1016.7844390869141,399.8267698287964,1005.4649353027344,441.45606994628906,982.9628753662109,467.60657787323,131,1787821801.683555
969.5960235595703,563.1339025497437,923.2157135009766,545.1573944091797,905.7614135742188,501.0043716430664,957.8277587890625,451.6883325576782,1007.7591705322266,410.63336849212646,869.7929382324219,388.6208438873291,860.5541229248047,310.627806186676,860.7170867919922,259.8915910720825,865.1951599121094,218.2762598991394,913.2135009765625,376.21161460876465,895.6818389892578,291.7747950553894,894.7665405273438,239.93818759918213,895.9880065917969,195.8470058441162,958.4493255615234,389.2003297805786,982.5832366943359,364.4591188430786,980.4558563232422,420.5702018737793,967.3801422119141,454.3905830383301,999.6470642089844,416.0690689086914,1016.1316680908203,398.81083488464355,1004.5641326904297,440.2259874343872,982.3670959472656,467.04824924468994,132,1787821801.7254257
969.6034240722656,563.5354614257812,923.3095550537109,546.4740800857544,906.5598297119141,502.2074604034424,959.4034576416016,453.419451713562,1008.9530181884766,410.5282688140869,869.98779296875,389.62639331817627,859.9846649169922,312.1476745605469,860.504150390625,261.0334610939026,865.3103637695312,218.6317276954651,913.6968231201172,376.6771602630615,895.7503509521484,293.6457109451294,895.4905700683594,242.00297355651855,896.6421508789062,197.15688943862915,958.3344268798828,388.7116527557373,982.5756072998047,365.94175815582275,982.0607757568359,424.53274726867676,968.99658203125,458.4204626083374,998.5964965820312,413.7026309967041,1016.2111663818359,399.49906826019287,1006.005859375,442.88866996765137,983.5540771484375,470.2329969406128,133,1787821801.7670543
969.3818664550781,561.942572593689,923.1343078613281,545.7820701599121,906.3883209228516,502.30462074279785,959.5003509521484,454.5084285736084,1009.4094085693359,411.9083833694458,869.3907928466797,389.6184539794922,859.8448181152344,312.56848096847534,860.3911590576172,261.77063941955566,865.1012420654297,219.80419635772705,913.0801391601562,376.9972229003906,895.155029296875,293.47168922424316,895.0845336914062,241.92551136016846,896.0935974121094,196.7507815361023,957.8934478759766,389.1966390609741,982.1950531005859,365.58693408966064,981.9330596923828,425.20471572875977,968.4539031982422,458.9725685119629,998.2122039794922,414.0621328353882,1016.0308837890625,399.3107557296753,1005.9255218505859,442.8775978088379,983.1629943847656,469.696683883667,134,1787821801.808308
971.5793609619141,558.8150310516357,928.2901000976562,543.9282131195068,911.9778442382812,501.0684013366699,963.3559417724609,450.51867485046387,1013.8090515136719,407.7753782272339,874.9476623535156,387.68614768981934,864.3383026123047,309.7684907913208,864.7176361083984,259.64688777923584,870.0160217285156,218.0428433418274,919.0641021728516,375.32060623168945,899.8435211181641,291.09829902648926,898.8105773925781,239.444317817688,900.2538299560547,195.5871319770813,965.2794647216797,388.4469938278198,987.4887084960938,363.38172912597656,985.0581359863281,419.8990488052368,972.3389434814453,454.5127201080322,1006.7095184326172,415.4609155654907,1020.9340667724609,398.76633167266846,1010.1560211181641,440.6684446334839,989.3499755859375,467.94174671173096,135,1787821801.862117
969.6107482910156,558.7320756912231,925.4526519775391,542.613844871521,910.4006195068359,499.16725158691406,964.0533447265625,450.8787775039673,1012.4283599853516,406.7327070236206,872.6260375976562,388.2792806625366,864.8994445800781,313.0041575431824,865.7412719726562,262.9349756240845,870.4364776611328,220.51069021224976,917.2527313232422,375.1564121246338,900.1593780517578,292.0584011077881,900.4735565185547,240.82683563232422,900.8948516845703,195.18610954284668,963.0665588378906,387.9060459136963,984.9904632568359,365.0261163711548,984.5201873779297,424.5228338241577,971.0228729248047,457.75381565093994,1004.0755462646484,414.07037258148193,1019.7418975830078,400.94587326049805,1008.150634765625,445.2619743347168,984.5571136474609,472.2856378555298,136,1787821801.9064097
971.9342041015625,556.9274425506592,928.3479309082031,542.047963142395,912.7003479003906,499.70592498779297,965.4135894775391,451.4702367782593,1014.31396484375,408.60939502716064,874.7908782958984,387.71678924560547,865.9283447265625,311.44678115844727,866.6535949707031,261.51994943618774,871.6434478759766,219.025239944458,919.23095703125,374.37904357910156,901.3002777099609,291.7486381530762,900.9038543701172,240.28202533721924,901.7124176025391,194.64773654937744,964.7270202636719,386.5857124328613,988.8268280029297,362.8635263442993,988.7548828125,422.14390754699707,975.9352874755859,457.0023250579834,1005.3556823730469,412.1710252761841,1022.4858856201172,396.2738513946533,1012.740478515625,439.2101812362671,991.1959075927734,467.2801208496094,137,1787821801.9360514
969.4931030273438,556.3171863555908,926.3606262207031,541.9569396972656,911.7898559570312,498.7713575363159,966.2936401367188,450.58781147003174,1013.1193542480469,404.9898290634155,872.3285675048828,388.0994653701782,865.6605529785156,312.2775363922119,866.9644165039062,261.54224395751953,871.6770935058594,218.85980129241943,916.9010162353516,374.4622993469238,900.8049011230469,292.4093198776245,901.3453674316406,241.20496273040771,901.3752746582031,195.5068802833557,962.4156188964844,386.74673080444336,986.0791015625,364.8531675338745,985.7579040527344,426.11319065093994,971.873779296875,460.00107765197754,1002.9815673828125,412.08274841308594,1020.1371765136719,402.5508213043213,1008.5652923583984,447.76522636413574,984.8452758789062,474.42659854888916,138,1787821801.982754
971.1668395996094,556.0923528671265,927.1410369873047,542.9500007629395,911.6981506347656,501.09681129455566,966.2559509277344,453.727068901062,1015.6936645507812,411.4496612548828,875.1621246337891,388.55664253234863,866.7144775390625,312.19955921173096,867.4500274658203,261.8532085418701,872.7767181396484,219.52597618103027,919.4680786132812,374.94256496429443,900.4973602294922,292.34758615493774,900.6984710693359,240.9541654586792,902.4285125732422,195.8437442779541,965.2246856689453,386.70063972473145,990.0484466552734,362.90738582611084,989.0782165527344,422.47748851776123,975.1319122314453,457.99049377441406,1006.0335540771484,411.82727336883545,1023.5167694091797,399.08313274383545,1012.6038360595703,442.28485107421875,989.2938232421875,469.89975929260254,139,1787821802.0220423
971.3874816894531,556.675271987915,926.9118499755859,542.0173215866089,911.5316772460938,498.68269443511963,965.8491516113281,451.6269636154175,1013.4367370605469,408.79594802856445,874.1252136230469,387.71103858947754,867.3326873779297,312.6386260986328,868.0763244628906,262.281289100647,872.3911285400391,219.9166774749756,918.4963989257812,374.46380138397217,901.5754699707031,292.9384446144104,901.7539215087891,242.25877046585083,902.4248504638672,196.87251091003418,963.9678955078125,387.0383405685425,986.7046356201172,364.74085807800293,986.4382934570312,424.6985721588135,973.590087890625,458.55053901672363,1004.7267913818359,413.0472707748413,1020.5593872070312,401.3279914855957,1009.7361755371094,444.6831750869751,987.2833251953125,471.02474212646484,140,1787821802.0608838
971.9808197021484,556.8621253967285,929.2418670654297,541.9321346282959,914.6401214599609,498.7650489807129,967.9213714599609,450.0717544555664,1017.1636962890625,407.0244026184082,877.6665496826172,385.3233575820923,868.6231231689453,310.4350733757019,869.329833984375,261.0398769378662,874.2097473144531,219.56417083740234,922.5918579101562,372.734956741333,904.4349670410156,291.50487899780273,903.6023712158203,240.6750226020813,904.0428161621094,196.42438888549805,968.0459594726562,385.62870025634766,988.853759765625,360.6101703643799,988.9310455322266,419.1014242172241,977.6007080078125,454.44774627685547,1008.6086273193359,411.44871711730957,1022.7838897705078,395.6923484802246,1013.3909606933594,438.3815288543701,993.27392578125,467.1078157424927,141,1787821802.1081066
975.5377960205078,555.4632139205933,932.3538970947266,540.5475997924805,916.5586853027344,497.6276206970215,968.267822265625,449.03191566467285,1016.2352752685547,405.3705310821533,877.4375152587891,385.440731048584,870.6575775146484,309.559428691864,872.6203918457031,259.38231468200684,878.1429290771484,216.98800563812256,922.6001739501953,373.0776357650757,906.4429473876953,290.38753509521484,907.5211334228516,239.3573498725891,908.4951782226562,193.843674659729,968.7593841552734,386.2005043029785,990.8347320556641,363.02759170532227,989.4397735595703,421.4204406738281,975.9986877441406,454.3590831756592,1008.9952850341797,412.6215934753418,1025.0957489013672,396.89157485961914,1013.2535552978516,439.5459508895874,990.09521484375,465.65826416015625,142,1787821802.1540651
974.3851470947266,556.8863725662231,930.4512023925781,541.3117933273315,915.5094146728516,496.9349670410156,969.4007873535156,447.685489654541,1016.4248657226562,403.864803314209,878.2079315185547,385.3221130371094,871.1325836181641,308.3400535583496,872.8673553466797,258.6226272583008,878.6782073974609,217.15035438537598,922.9936218261719,372.5071620941162,906.4610290527344,290.41199684143066,907.1766662597656,239.14820194244385,909.1001892089844,194.7229242324829,969.1999053955078,384.97029304504395,991.9691467285156,363.4290647506714,989.8545837402344,421.5500020980835,976.5589141845703,455.54187297821045,1010.4911041259766,411.2652111053467,1026.3223266601562,397.35029697418213,1014.6194458007812,440.0459146499634,992.2889709472656,466.58180236816406,143,1787821802.2052014
973.6558532714844,550.9263324737549,931.1501312255859,536.518964767456,916.6050720214844,494.61801052093506,968.7875366210938,448.32261085510254,1016.5557861328125,407.50750064849854,879.7301483154297,383.69510650634766,872.2518157958984,305.7494902610779,874.3144989013672,254.9283242225647,880.8812713623047,212.2776174545288,923.5018920898438,371.820387840271,906.8159484863281,288.854341506958,907.5254821777344,237.3863983154297,909.8390197753906,191.77906036376953,968.3568572998047,384.52264308929443,991.2458038330078,360.6849718093872,990.6313323974609,418.3071041107178,978.4935760498047,452.23824977874756,1009.0489196777344,410.3328323364258,1025.2204132080078,395.0938940048218,1014.6002960205078,436.32721424102783,992.9765319824219,462.7245283126831,144,1787821802.2687113
964.9092102050781,508.01828384399414,917.8565979003906,488.0237674713135,902.1282958984375,437.41846561431885,958.4320068359375,384.9078941345215,1005.4339599609375,344.7051429748535,868.4426116943359,330.4826545715332,858.2497406005859,251.80672645568848,860.1962280273438,198.04195404052734,865.8768463134766,153.4822654724121,914.0452575683594,316.4014005661011,896.8837738037109,230.15923976898193,897.6394653320312,174.15754795074463,899.5267486572266,122.77719497680664,960.6254577636719,328.70776176452637,986.7708587646484,300.0682067871094,983.2049560546875,355.54274797439575,970.599365234375,391.1201047897339,1002.1278381347656,355.3723955154419,1019.9831390380859,334.63879108428955,1006.9155883789062,375.1760673522949,984.3956756591797,402.7549695968628,145,1787821802.3115618
958.2786560058594,480.04215717315674,914.62158203125,461.0720729827881,900.4384613037109,409.69983100891113,953.2929229736328,356.22546672821045,997.989501953125,314.90489959716797,865.4353332519531,305.90428590774536,856.0923004150391,222.2952175140381,857.2532653808594,167.5399911403656,860.958251953125,124.41497325897217,909.2268371582031,292.0565342903137,892.7515411376953,201.99207544326782,892.7751159667969,148.81914854049683,893.5411834716797,104.06269311904907,954.1324615478516,303.33226203918457,979.5474243164062,276.99631690979004,976.3953399658203,330.39270401000977,963.9021301269531,364.0504789352417,993.8334655761719,329.29179668426514,1011.3753509521484,311.24430656433105,999.3927001953125,352.60064363479614,978.5374450683594,380.6160593032837,146,1787821802.346091
950.3857421875,463.42782497406006,906.14013671875,439.44814682006836,895.5381011962891,384.12224292755127,951.2081909179688,328.6541819572449,998.8494110107422,288.6655783653259,860.4496002197266,282.8036642074585,851.9175720214844,200.62532901763916,853.2061767578125,145.09092092514038,857.2663879394531,101.4384412765503,906.0363006591797,269.22057151794434,889.200439453125,180.1296901702881,889.5091247558594,126.06468200683594,891.1056518554688,80.59207677841187,952.3000335693359,281.11833572387695,974.4369506835938,253.447744846344,973.7736511230469,310.50865173339844,962.9373168945312,346.3764810562134,991.8892669677734,307.9240107536316,1008.5800170898438,288.03894996643066,998.6395263671875,332.2188377380371,979.2689514160156,362.6594638824463,147,1787821802.3878262
943.9285278320312,458.55727672576904,898.0803680419922,432.37011909484863,887.7523803710938,375.2075242996216,941.8392181396484,320.4675221443176,989.8793792724609,282.5990867614746,855.8968353271484,270.79444885253906,847.8758239746094,187.13952541351318,848.6154174804688,130.83338141441345,852.1316528320312,86.13811254501343,901.5994262695312,258.2416892051697,886.3809204101562,168.03608179092407,885.4627990722656,110.9000837802887,886.4984130859375,63.05972099304199,947.5700378417969,270.3467345237732,969.4888305664062,239.8593521118164,966.7391204833984,296.0872292518616,955.1375579833984,332.8005123138428,987.9882049560547,296.3777017593384,1002.7741241455078,273.6905264854431,990.8496856689453,316.7119789123535,970.4079437255859,347.2587776184082,148,1787821802.4272337
937.923583984375,462.06135749816895,891.9439697265625,434.52635765075684,881.3514709472656,376.6933822631836,936.6407775878906,319.36206579208374,985.5473327636719,279.3807792663574,847.3405456542969,270.70801734924316,841.6667175292969,184.77888107299805,843.6172485351562,127.86911129951477,847.9905700683594,83.03142786026001,893.8493347167969,257.64782667160034,881.1399078369141,164.82866406440735,880.9362030029297,105.88544726371765,882.769775390625,56.81633234024048,939.5346832275391,270.6615400314331,962.5662231445312,239.2308783531189,957.4972534179688,292.11764574050903,944.5907592773438,327.3051166534424,979.6033477783203,298.17156314849854,995.3269958496094,274.63080167770386,981.8473052978516,314.96105432510376,960.4124450683594,344.2134189605713,149,1787821802.4681456
936.0023498535156,479.6374225616455,886.3906097412109,456.0266876220703,870.6390380859375,397.61847496032715,921.5399169921875,339.06012296676636,968.3396911621094,296.0924005508423,836.8206787109375,285.5863380432129,830.283203125,197.2422480583191,833.643798828125,139.8170006275177,839.4189453125,94.19347286224365,882.1370697021484,271.7416763305664,867.5633239746094,176.94907307624817,868.3953094482422,117.89957642555237,871.4231109619141,69.79326725006104,927.6042938232422,285.12216567993164,944.9240875244141,253.9552617073059,941.0039520263672,306.39877796173096,932.147216796875,342.6260018348694,968.6801147460938,314.07530307769775,980.5222320556641,294.4320273399353,967.4105072021484,335.46980381011963,950.5595397949219,365.3140354156494,150,1787821802.5170307
928.7563323974609,504.1707515716553,878.0169677734375,476.5950679779053,860.9542083740234,419.492769241333,913.9207458496094,363.06758880615234,960.7829284667969,322.8321576118469,830.3189849853516,308.39210987091064,821.0974884033203,217.5429654121399,823.2517242431641,162.79571056365967,827.432861328125,120.53319454193115,876.1515045166016,298.8150358200073,858.6850738525391,201.79423570632935,857.2000122070312,145.91089367866516,858.7924957275391,101.6618800163269,921.3733673095703,315.30967712402344,936.2397003173828,277.8834843635559,930.3995513916016,325.9308385848999,922.1209716796875,362.8149890899658,962.4142456054688,345.8379364013672,970.5891418457031,322.3358631134033,959.4119262695312,359.3309283256531,946.6758728027344,390.5823755264282,151,1787821802.5562987
926.3839721679688,536.2510442733765,871.5232086181641,506.9101667404175,851.0884857177734,448.26656341552734,903.7336730957031,396.33363246917725,954.4310760498047,360.8043622970581,823.7110137939453,344.62795972824097,811.5433502197266,253.88880729675293,813.8883209228516,198.71894359588623,817.2856903076172,156.24491930007935,869.4696807861328,336.76297187805176,851.3296508789062,238.550283908844,848.2041168212891,182.4536418914795,847.5495147705078,137.45293378829956,915.1143646240234,353.03494691848755,927.0584869384766,327.21235513687134,920.5606842041016,375.08113861083984,912.3970794677734,408.3302307128906,956.0819244384766,382.14715003967285,960.8369445800781,365.8748531341553,949.444580078125,401.1896753311157,937.3702239990234,428.53511810302734,152,1787821802.5984442
