P0_x,P0_y,P1_x,P1_y,P2_x,P2_y,P3_x,P3_y,P4_x,P4_y,P5_x,P5_y,P6_x,P6_y,P7_x,P7_y,P8_x,P8_y,P9_x,P9_y,P10_x,P10_y,P11_x,P11_y,P12_x,P12_y,P13_x,P13_y,P14_x,P14_y,P15_x,P15_y,P16_x,P16_y,P17_x,P17_y,P18_x,P18_y,P19_x,P19_y,P20_x,P20_y,frame_number,timestamp
384.9435806274414,483.33247661590576,367.5828170776367,491.6834592819214,356.0672378540039,499.9768924713135,347.05623626708984,505.6474256515503,338.9986801147461,504.9589776992798,375.08304595947266,497.31378078460693,384.40765380859375,500.0321674346924,392.9733657836914,499.73888397216797,402.6741409301758,503.3512830734253,395.98140716552734,498.1102466583252,405.355224609375,501.77762031555176,419.2597198486328,504.28597927093506,430.86280822753906,508.24951171875,410.55938720703125,495.82908153533936,423.4425735473633,500.5633306503296,436.5038299560547,503.4004211425781,447.52384185791016,509.1054582595825,420.24253845214844,493.63280296325684,434.442138671875,496.2886619567871,445.0885772705078,499.23372745513916,453.6399459838867,505.5520248413086,1,1787822261.4053664
391.4997863769531,490.69305896759033,372.50720977783203,492.56365299224854,360.3479766845703,496.8508529663086,348.05484771728516,499.48821544647217,339.6443176269531,505.6551504135132,387.0452117919922,503.1261920928955,400.9915542602539,504.34159755706787,412.60887145996094,506.4176273345947,424.4053649902344,509.18970108032227,402.6265335083008,500.6675720214844,419.49642181396484,502.9307556152344,430.54988861083984,504.782509803772,441.7816925048828,507.9172611236572,415.06397247314453,498.5195732116699,430.23632049560547,500.9571647644043,441.51004791259766,504.3120288848877,451.0567092895508,507.67895221710205,424.3655014038086,495.877103805542,437.51617431640625,499.1578960418701,447.1201705932617,501.9091558456421,454.62684631347656,504.9493217468262,2,1787822261.43745
376.59507751464844,490.65319061279297,375.0528335571289,492.41782665252686,378.5580062866211,494.40446376800537,383.4103012084961,494.4748020172119,387.97069549560547,495.2326440811157,400.0032043457031,503.896222114563,414.81224060058594,504.8474407196045,424.5806121826172,506.8728303909302,433.0217742919922,510.26970863342285,408.11973571777344,501.58892154693604,428.74561309814453,501.2939643859863,440.07728576660156,504.95142459869385,449.01538848876953,509.88441467285156,413.4339904785156,500.05173683166504,433.7728500366211,499.68592643737793,444.27013397216797,503.9658737182617,451.68087005615234,509.2590093612671,416.0613250732422,498.95447731018066,430.98865509033203,500.3901243209839,439.81414794921875,503.67555141448975,446.4260482788086,508.1390047073364,3,1787822261.4666584
371.8644714355469,498.7808847427368,382.9991912841797,493.6764907836914,396.1186218261719,492.5706911087036,404.1303253173828,494.2507839202881,410.6083679199219,496.1754083633423,415.55553436279297,493.53156566619873,438.2422637939453,494.39905643463135,449.6097183227539,500.810866355896,456.11473083496094,507.45068550109863,414.3408203125,495.64433097839355,439.1613006591797,495.3754663467407,449.8483657836914,503.67971420288086,454.5964050292969,511.6869878768921,410.2435302734375,499.68854427337646,431.4559555053711,499.56275939941406,440.7438659667969,507.0059108734131,445.4798889160156,513.6744403839111,403.3026123046875,505.3450012207031,417.6662063598633,506.62302017211914,426.0842514038086,510.3443384170532,432.43480682373047,513.831467628479,4,1787822261.5245855
377.52655029296875,499.24784660339355,396.9160461425781,504.1806221008301,414.0636444091797,504.0485715866089,426.42688751220703,506.8865633010864,436.12823486328125,508.93014907836914,420.5250930786133,492.5309944152832,443.11363220214844,494.4358777999878,452.4120330810547,502.8212356567383,456.5470886230469,510.595006942749,417.29618072509766,492.7840232849121,442.73681640625,496.2121868133545,451.63658142089844,506.11159801483154,454.46563720703125,514.389796257019,412.03968048095703,496.519718170166,435.46924591064453,500.0863265991211,443.5810089111328,508.9435386657715,446.8886947631836,516.0925483703613,405.7379913330078,503.59092235565186,418.8010025024414,507.297306060791,427.33409881591797,510.94661235809326,433.4844207763672,514.1816568374634,5,1787822261.579364
376.0197448730469,499.73167419433594,395.6321334838867,503.07512283325195,413.63948822021484,503.05121898651123,426.34796142578125,506.0552501678467,436.7072296142578,508.69269847869873,419.6072769165039,492.8971481323242,442.7930450439453,493.94973278045654,452.9530334472656,502.0425796508789,457.94822692871094,510.0539302825928,415.93326568603516,493.36827278137207,441.49295806884766,496.0207414627075,451.6053771972656,505.35229682922363,456.241455078125,513.7027215957642,410.24913787841797,497.38802433013916,433.5127639770508,500.60126781463623,442.6060104370117,508.9149570465088,447.57957458496094,516.1565780639648,403.77552032470703,504.60355281829834,417.32608795166016,506.9866418838501,426.32266998291016,510.2694511413574,433.34938049316406,513.7120771408081,6,1787822261.6403563
376.7617416381836,500.54625034332275,395.7020950317383,504.7434139251709,413.2791519165039,504.1680908203125,425.9171676635742,506.69567584991455,435.7974624633789,508.11694622039795,420.07816314697266,492.85539150238037,443.3795928955078,494.01298999786377,453.68980407714844,502.3947858810425,458.58577728271484,510.5111503601074,417.0196533203125,492.9205369949341,442.75020599365234,495.75329303741455,452.7107620239258,505.3487777709961,456.95446014404297,513.6939668655396,412.21405029296875,496.4460754394531,435.5305480957031,500.0661563873291,444.0692901611328,508.94516944885254,448.2539367675781,516.4740657806396,406.57527923583984,503.439302444458,420.22430419921875,507.0736312866211,428.72413635253906,510.765380859375,434.8888397216797,514.2176628112793,7,1787822261.6841044
375.53558349609375,501.3698387145996,394.3123245239258,504.2837905883789,412.1717834472656,503.22588443756104,424.9925231933594,505.6075143814087,435.2285385131836,507.2377824783325,419.7011947631836,492.34216690063477,442.1524429321289,494.07968044281006,452.65148162841797,502.0167875289917,458.12366485595703,509.6340036392212,416.6304397583008,493.03722381591797,441.56307220458984,495.92649936676025,451.8870162963867,505.1878881454468,456.74774169921875,513.4913635253906,411.6696548461914,497.13860034942627,434.3888854980469,500.6878709793091,443.6216354370117,509.09717559814453,448.68396759033203,516.422610282898,405.64029693603516,504.4742488861084,418.95851135253906,507.6543617248535,427.587890625,510.96811294555664,434.1118621826172,514.2629384994507,8,1787822261.7236938
377.57869720458984,499.73819732666016,396.16085052490234,501.6789150238037,413.4226608276367,501.4870834350586,425.8206558227539,504.1798496246338,435.80848693847656,506.3001251220703,421.0329055786133,492.7501630783081,443.72276306152344,493.9756107330322,453.63807678222656,502.0502185821533,458.3510208129883,509.8967742919922,417.9791259765625,493.0844736099243,442.8105926513672,495.9461975097656,452.59899139404297,505.46868324279785,456.7095184326172,513.7479114532471,412.8450393676758,496.64923667907715,435.4185485839844,500.09624004364014,443.9403533935547,508.806209564209,448.2141876220703,516.1573505401611,406.60789489746094,503.46179008483887,419.8653030395508,507.14856147766113,427.79205322265625,510.8531856536865,433.3785629272461,514.2092084884644,9,1787822261.778921
376.0580062866211,500.34141540527344,395.1335144042969,502.3342752456665,413.05721282958984,501.79821968078613,425.9171676635742,504.3817663192749,436.2076187133789,506.49916648864746,420.0289535522461,492.3223400115967,442.7832794189453,493.814377784729,453.3009338378906,501.8608331680298,458.8651657104492,509.7623634338379,416.7750930786133,493.1723213195801,441.78306579589844,495.9440517425537,452.0286178588867,505.2153539657593,456.82361602783203,513.610110282898,411.60213470458984,497.32468128204346,434.17774200439453,500.4663848876953,443.583984375,508.74157905578613,448.7624740600586,516.2590599060059,405.33416748046875,504.72320079803467,418.57967376708984,507.4494409561157,427.27001190185547,510.9002208709717,433.7477493286133,514.4834804534912,10,1787822261.834844
375.90442657470703,500.42012214660645,395.4542541503906,504.15032386779785,413.27003479003906,503.5631990432739,425.81172943115234,506.1322832107544,436.0856628417969,508.0450630187988,419.8919677734375,492.4844741821289,442.40623474121094,493.7272596359253,453.34144592285156,501.2989854812622,459.2239761352539,508.85551929473877,416.6648864746094,492.85067081451416,441.6218566894531,495.3066301345825,452.16800689697266,504.5713233947754,457.0996856689453,512.8429985046387,411.595458984375,496.48547172546387,434.25479888916016,499.457745552063,443.6602783203125,508.02703857421875,448.5702896118164,515.4246139526367,405.74146270751953,503.42355251312256,419.4641876220703,505.9480047225952,427.9265594482422,509.6088981628418,433.8347625732422,513.1704425811768,11,1787822261.8842032
377.59693145751953,500.6938362121582,397.13375091552734,506.74880504608154,414.3429183959961,505.79235076904297,426.47586822509766,506.9754409790039,436.2644958496094,507.16100692749023,421.28395080566406,493.50736141204834,443.2389450073242,494.2299699783325,453.7237548828125,501.96786403656006,458.82781982421875,509.60658073425293,418.0308151245117,493.3575439453125,442.54966735839844,495.62737941741943,452.40966796875,505.022234916687,456.7562484741211,513.2809495925903,413.2106018066406,496.701078414917,435.20782470703125,500.3804683685303,443.6641311645508,509.10906314849854,447.8437805175781,516.3134765625,407.54711151123047,503.4559965133667,420.6189727783203,507.396183013916,428.7648391723633,511.2104558944702,434.4997024536133,514.6508932113647,12,1787822261.9177258
377.8859329223633,501.7910099029541,396.7429733276367,508.53386878967285,413.6325454711914,507.558274269104,425.54149627685547,508.8680076599121,434.9991989135742,509.2219305038452,420.1993179321289,493.9849662780762,443.07762145996094,494.8559761047363,453.71631622314453,502.44229316711426,459.42405700683594,509.8199129104614,416.8454360961914,493.86205673217773,442.3399353027344,496.23815059661865,452.5802993774414,505.4194164276123,457.3938751220703,513.4932518005371,411.97277069091797,497.30348110198975,434.8904800415039,500.9102153778076,443.59275817871094,509.6461486816406,448.13926696777344,516.925835609436,406.39259338378906,504.1344881057739,419.49283599853516,507.8116464614868,428.03287506103516,511.3673973083496,434.52606201171875,514.6669006347656,13,1787822261.9530008
378.01544189453125,500.1776075363159,397.29820251464844,507.070369720459,414.6683120727539,506.54366970062256,427.0692443847656,507.9862689971924,436.86859130859375,508.50674629211426,420.6648254394531,493.4501552581787,443.46508026123047,494.0784788131714,454.5501708984375,502.0880699157715,459.95079040527344,509.9023103713989,417.049560546875,493.4568500518799,442.6176071166992,496.3054847717285,453.0059814453125,505.81801414489746,457.4993896484375,513.8466596603394,411.84783935546875,497.07972049713135,435.2507781982422,501.0363435745239,444.20398712158203,509.67601776123047,448.5289001464844,516.6107082366943,405.9116744995117,503.86523723602295,419.8208236694336,507.4847602844238,428.96636962890625,511.2296390533447,435.5985641479492,514.7089147567749,14,1787822261.994273
376.6118621826172,499.5564937591553,395.0712203979492,504.398889541626,412.4417495727539,504.0578842163086,424.9927520751953,506.12215518951416,435.0435256958008,507.4682807922363,419.54734802246094,492.91980743408203,442.48302459716797,494.393949508667,453.1296157836914,502.40800380706787,458.6306381225586,510.1954650878906,416.60255432128906,493.0291986465454,442.0356750488281,496.2664318084717,452.3355484008789,505.48906803131104,457.0944595336914,513.5786533355713,411.7185592651367,496.665244102478,434.8434066772461,501.0391330718994,443.9830017089844,509.28621768951416,448.8558578491211,516.3505983352661,405.80718994140625,503.611478805542,419.5224380493164,507.273530960083,428.46118927001953,510.8489799499512,435.16082763671875,514.2914342880249,15,1787822262.0566056
376.97837829589844,498.96052837371826,395.4014587402344,502.0400047302246,413.14075469970703,502.2415781021118,425.7801818847656,505.75342655181885,435.6626510620117,508.605751991272,419.8061752319336,492.33148097991943,442.8880310058594,493.6963176727295,453.3782958984375,501.5931272506714,458.8179397583008,509.47478771209717,416.42459869384766,492.98855781555176,441.8285369873047,495.910964012146,452.3880386352539,505.0365686416626,457.3234176635742,513.2848978042603,410.9408950805664,497.0841407775879,434.1196060180664,500.1180839538574,443.62632751464844,508.2489538192749,449.0093994140625,515.4225969314575,404.47898864746094,504.4604301452637,417.67223358154297,507.0166826248169,426.59252166748047,510.1872682571411,433.60206604003906,513.7716436386108,16,1787822262.099881
376.31839752197266,499.3539333343506,395.44445037841797,502.50597953796387,413.3333206176758,502.7611970901489,426.03118896484375,506.093487739563,436.0487747192383,508.101282119751,420.09822845458984,492.6151943206787,442.39551544189453,494.0179681777954,452.62706756591797,501.9497537612915,458.1413269042969,509.8336887359619,416.5967559814453,493.0203580856323,441.23592376708984,496.0450315475464,451.6547393798828,505.17552852630615,456.71947479248047,513.4682321548462,411.1293411254883,496.7329216003418,433.48358154296875,500.3598690032959,443.02364349365234,508.47816467285156,448.48228454589844,515.7105159759521,404.63966369628906,503.73159885406494,418.0381393432617,506.8678951263428,426.92020416259766,510.3382873535156,433.68438720703125,514.0199518203735,17,1787822262.1515439
377.31555938720703,500.2221965789795,397.8416061401367,505.9228992462158,414.7238540649414,505.21003246307373,426.6416549682617,507.3151159286499,436.2499237060547,508.9200210571289,420.5213928222656,492.83565044403076,442.8899383544922,493.8985776901245,452.7681350708008,502.04948902130127,457.77759552001953,510.071439743042,416.94190979003906,492.8350067138672,441.9198989868164,495.66115379333496,451.88743591308594,505.09501934051514,456.5578842163086,513.342490196228,411.58912658691406,496.3953924179077,434.4117736816406,499.5204448699951,443.3135223388672,508.0000877380371,448.0638885498047,515.143346786499,405.40538787841797,503.19897651672363,418.4396743774414,506.14768981933594,427.220458984375,509.57362174987793,433.8853073120117,513.0115699768066,18,1787822262.1957488
378.9448547363281,500.39196968078613,399.21077728271484,506.9730806350708,416.1480712890625,506.69812202453613,428.0899429321289,508.35911750793457,437.6713562011719,509.43092823028564,421.7874526977539,493.26042652130127,444.44541931152344,494.07800674438477,454.46475982666016,502.50048637390137,459.1970443725586,510.4472494125366,417.8821563720703,492.9593753814697,442.9434585571289,496.0632276535034,452.81158447265625,505.8565092086792,457.1125030517578,513.9381122589111,412.3108673095703,496.25205516815186,435.0480651855469,500.1385545730591,443.6354064941406,509.1159725189209,448.06591033935547,516.3767337799072,406.1115264892578,502.7983617782593,419.39048767089844,506.1477756500244,427.9108428955078,509.8083257675171,434.0868377685547,513.1872224807739,19,1787822262.2586029
377.46044158935547,499.5862340927124,397.28572845458984,505.71686267852783,414.6864318847656,505.20501136779785,426.97837829589844,506.6795825958252,436.95518493652344,507.15405464172363,420.47107696533203,493.4126901626587,442.6982116699219,494.2562770843506,453.2978820800781,501.9230604171753,459.1082763671875,509.3511915206909,417.1225357055664,493.0547761917114,441.72557830810547,495.94890117645264,451.3351821899414,505.6784963607788,455.887451171875,513.9485836029053,412.23827362060547,496.4249610900879,435.3168487548828,500.15610694885254,443.79276275634766,508.95392417907715,448.19786071777344,516.2097501754761,406.59976959228516,503.0773115158081,420.1077651977539,506.80365085601807,428.90262603759766,510.4592227935791,435.6083297729492,513.6714792251587,20,1787822262.3066728
377.8965759277344,499.9170255661011,396.6134262084961,503.48050117492676,413.86585235595703,503.2633066177368,426.3611602783203,505.5881595611572,436.1295700073242,506.89926624298096,420.6766891479492,492.94559955596924,443.1999969482422,493.8824415206909,453.02345275878906,501.9097566604614,457.5899124145508,509.6836996078491,417.381591796875,493.215708732605,442.1233367919922,495.9829330444336,452.06554412841797,505.2208471298218,456.2263870239258,513.4254455566406,412.0289993286133,496.8939399719238,434.65274810791016,500.3532600402832,443.57601165771484,508.67578983306885,448.23970794677734,515.8980560302734,405.6185531616211,503.8516330718994,418.60843658447266,507.0277976989746,427.31475830078125,510.38068771362305,433.84544372558594,513.8119840621948,21,1787822262.348298
377.2505187988281,500.5235481262207,397.19024658203125,506.0985517501831,414.41322326660156,505.50177097320557,426.52618408203125,507.07560539245605,436.5626907348633,507.75474071502686,420.41561126708984,492.9288625717163,443.0317687988281,494.0940570831299,453.4646224975586,502.3471927642822,458.8722229003906,510.1950788497925,416.93138122558594,493.08061122894287,442.29793548583984,495.6795644760132,452.852783203125,505.35435676574707,457.6948547363281,513.80859375,411.51233673095703,496.75832748413086,435.08094787597656,500.290904045105,443.97666931152344,509.0694522857666,448.53870391845703,516.4646244049072,405.1703643798828,503.63409519195557,418.52996826171875,506.4863348007202,427.2378921508789,510.0781774520874,433.6336135864258,513.6695909500122,22,1787822262.3984265
376.75682067871094,499.25750255584717,396.16302490234375,503.2072162628174,413.5145568847656,503.08610916137695,425.89550018310547,505.52103996276855,435.87520599365234,507.33824729919434,420.1244354248047,493.22004318237305,442.85533905029297,494.47093963623047,453.07605743408203,502.3563766479492,458.4541702270508,509.9005937576294,416.7472457885742,493.330078125,442.1192932128906,496.2125301361084,452.4528121948242,505.58682918548584,457.25345611572266,513.879919052124,411.4310836791992,496.7645072937012,434.64061737060547,500.47290802001953,443.6264419555664,509.0840435028076,448.41358184814453,516.5092134475708,405.17913818359375,503.35741996765137,418.3502960205078,506.7263174057007,427.18700408935547,510.27700424194336,433.93104553222656,513.7209606170654,23,1787822262.42481
377.4030303955078,499.78179931640625,396.68495178222656,503.75494480133057,414.1244125366211,503.80592823028564,426.6625213623047,506.73245429992676,436.5959167480469,508.01995754241943,420.8535385131836,492.765097618103,443.20411682128906,494.25601959228516,453.1805419921875,502.47589588165283,458.00071716308594,510.3106927871704,417.3734664916992,492.82530784606934,442.2476577758789,496.0870027542114,452.27081298828125,505.5631399154663,456.63482666015625,513.8046026229858,411.87023162841797,496.3164281845093,434.2190170288086,500.4663419723511,443.21826934814453,508.9038848876953,447.97698974609375,516.0595893859863,405.31665802001953,503.0489444732666,418.363037109375,506.78446769714355,427.060546875,510.54213523864746,433.55323791503906,514.3966197967529,24,1787822262.4609587
378.4596633911133,500.55182933807373,397.1598815917969,505.9373617172241,413.9325714111328,505.95680236816406,425.90404510498047,507.9076051712036,435.5100631713867,508.29890727996826,421.041259765625,493.3150577545166,443.5292434692383,494.28369998931885,453.4922790527344,502.6875114440918,458.17676544189453,510.69045066833496,417.78697967529297,493.1955814361572,442.39227294921875,496.4286518096924,452.13253021240234,506.21910095214844,456.2551498413086,514.5297861099243,412.4862289428711,496.6734838485718,434.78729248046875,500.94038486480713,443.5419464111328,509.69146728515625,448.1233215332031,517.0659112930298,406.10157012939453,503.554744720459,418.84143829345703,507.0526885986328,427.1505355834961,510.4441165924072,433.1458282470703,513.7466669082642,25,1787822262.5144565
377.6844787597656,499.95453357696533,396.6489028930664,504.7539281845093,414.01187896728516,504.64771270751953,426.29737854003906,506.563196182251,436.1213684082031,507.691912651062,420.77465057373047,493.59023094177246,443.19969177246094,494.6006727218628,453.6319351196289,502.6179027557373,459.0068817138672,510.335111618042,417.5204849243164,493.3718776702881,441.96826934814453,496.1554527282715,452.11414337158203,505.64347743988037,456.9533157348633,513.9372539520264,412.46707916259766,496.6020727157593,434.8573684692383,500.56899547576904,443.82362365722656,509.1900873184204,448.73767852783203,516.5218734741211,406.43619537353516,503.2389307022095,419.8196792602539,507.29365825653076,428.3003234863281,511.05475902557373,434.5886993408203,514.4343852996826,26,1787822262.558823
379.21443939208984,500.84670066833496,398.83350372314453,508.39756965637207,414.9267578125,507.8553771972656,426.35204315185547,508.8800239562988,435.79654693603516,509.5387315750122,421.10008239746094,494.06611919403076,443.8283920288086,494.59612369537354,454.1902542114258,502.6167869567871,459.3442916870117,510.15885829925537,417.4784469604492,493.606538772583,442.7579116821289,496.1213779449463,452.6312255859375,505.93337059020996,456.8233108520508,514.0863847732544,412.21519470214844,496.7612886428833,435.4053497314453,500.3867769241333,443.8983154296875,509.4661617279053,448.02696228027344,516.7183828353882,406.20567321777344,503.1945562362671,419.0438461303711,506.7564868927002,427.7971649169922,510.49381256103516,434.2273712158203,513.7437915802002,27,1787822262.5891848
379.6144485473633,499.05253887176514,398.1255340576172,503.7212562561035,415.05245208740234,503.5952568054199,427.2446060180664,505.4976511001587,436.89823150634766,506.74206733703613,421.51817321777344,493.0422019958496,443.7164306640625,494.5647954940796,453.56346130371094,502.66313552856445,458.3821105957031,510.3032684326172,418.0315399169922,492.9481315612793,442.61157989501953,496.1343812942505,452.1445846557617,505.8459949493408,456.336669921875,514.0676307678223,412.70862579345703,496.21922492980957,435.5656433105469,500.1345634460449,443.782958984375,509.12193775177,448.09112548828125,516.5335464477539,406.47891998291016,502.5930976867676,419.5805358886719,506.5847396850586,427.9698181152344,510.4327869415283,434.31861877441406,513.9608144760132,28,1787822262.6209934
377.32826232910156,499.7192716598511,395.73291778564453,503.3871603012085,413.5055160522461,503.4665107727051,425.8103561401367,506.70185565948486,436.0525131225586,508.9227247238159,419.63966369628906,493.10133934020996,442.5933074951172,494.0781784057617,453.1636428833008,502.00798988342285,458.90098571777344,509.9011516571045,416.1832809448242,493.611044883728,441.3595962524414,496.22034072875977,451.7601013183594,505.7247591018677,456.83921813964844,514.138355255127,410.72975158691406,497.5231647491455,433.77357482910156,500.3084993362427,443.0242156982422,508.29890727996826,448.2839584350586,515.1021480560303,404.42054748535156,504.5404243469238,417.9874801635742,506.91776275634766,426.8723678588867,510.1460266113281,433.67061614990234,513.3639049530029,29,1787822262.6589265
379.5685577392578,499.7991371154785,398.62457275390625,505.3176212310791,415.07301330566406,505.16600131988525,426.5624237060547,507.45888233184814,436.0609817504883,509.3987846374512,421.66709899902344,493.1434392929077,444.0364074707031,494.5768117904663,454.0943908691406,502.7742862701416,458.86444091796875,510.5143690109253,418.28067779541016,493.1878137588501,443.40484619140625,496.0886764526367,453.0661392211914,505.5501365661621,457.26207733154297,513.5770225524902,413.12835693359375,496.56919956207275,436.38675689697266,499.944748878479,444.28123474121094,509.0463638305664,447.98458099365234,516.484580039978,407.2061538696289,503.04027557373047,420.3218078613281,506.3756990432739,428.0333709716797,510.25198459625244,433.3750534057617,513.6973142623901,30,1787822262.7054152
379.42981719970703,500.02886295318604,397.95021057128906,505.7459592819214,414.75154876708984,505.34264087677,426.8571090698242,507.3938226699829,436.5721130371094,508.702654838562,421.7209243774414,493.9647960662842,443.78116607666016,494.91215229034424,453.76270294189453,502.7244186401367,458.8056945800781,510.3219795227051,418.370361328125,493.90445709228516,442.8200149536133,496.65082454681396,452.6121139526367,505.69536209106445,457.12215423583984,513.740701675415,413.2396697998047,497.0732831954956,435.43907165527344,500.69847106933594,443.89198303222656,508.95984649658203,448.3847427368164,516.0890293121338,407.18563079833984,503.2962656021118,419.7265625,506.898193359375,427.6742172241211,510.56028842926025,433.5424041748047,514.0809345245361,31,1787822262.7309175
378.2547378540039,500.33098697662354,396.50012969970703,504.8753356933594,413.80516052246094,504.29593563079834,425.8335494995117,506.8647623062134,435.81146240234375,508.35413932800293,420.88645935058594,492.94830322265625,442.8480529785156,494.7744369506836,452.9473876953125,502.6274299621582,457.93701171875,510.03706455230713,417.6710510253906,493.2393980026245,442.0657730102539,496.72807216644287,451.470947265625,506.05263233184814,455.71563720703125,514.1138505935669,412.8176498413086,496.9419193267822,435.57823181152344,501.01527214050293,444.2582702636719,509.54147815704346,448.8791275024414,516.7281675338745,406.99546813964844,503.8337802886963,420.3401184082031,507.4130058288574,428.90960693359375,511.0184097290039,435.3649139404297,514.2404508590698,32,1787822262.7816935
380.1705551147461,500.2239990234375,398.8385009765625,505.3848695755005,415.43006896972656,504.82521057128906,427.11639404296875,506.8792676925659,436.46976470947266,508.36122035980225,421.91883087158203,493.3417510986328,444.2122268676758,494.6485233306885,454.38392639160156,502.68051624298096,459.2383575439453,510.2255916595459,418.33751678466797,493.36084842681885,443.35968017578125,495.99228858947754,453.0015182495117,505.5521535873413,457.0596694946289,513.5681390762329,413.026123046875,496.79789543151855,436.01551055908203,500.1612138748169,444.2080307006836,509.1722345352173,448.1565475463867,516.3300848007202,406.9132995605469,503.3410692214966,420.0918960571289,506.8424892425537,428.2473373413086,510.63371658325195,434.1423797607422,513.8611650466919,33,1787822262.8249867
379.0040588378906,500.21708965301514,396.8775177001953,504.48562145233154,414.28443908691406,503.7819814682007,426.6935348510742,505.97594261169434,436.66114807128906,507.4783229827881,421.3709259033203,492.57524013519287,443.8724136352539,494.3291473388672,454.3102264404297,502.70171642303467,459.61517333984375,510.6752586364746,418.1858825683594,492.79003143310547,443.05267333984375,495.8130741119385,453.15074920654297,505.7328271865845,457.75238037109375,514.2905759811401,413.20568084716797,496.33857250213623,436.1048889160156,499.9878787994385,444.8606491088867,509.0693664550781,449.30477142333984,516.5807104110718,407.2597122192383,503.0593729019165,420.4586410522461,506.715931892395,428.6737823486328,510.7751655578613,434.4215774536133,514.3434047698975,34,1787822262.8714473
379.7392272949219,500.76923847198486,398.028564453125,507.39957332611084,414.74414825439453,506.77785873413086,426.3833236694336,508.211874961853,435.7771301269531,508.5948944091797,421.79988861083984,493.10919284820557,444.3070602416992,494.29670333862305,454.7325897216797,502.5167512893677,459.81788635253906,510.060453414917,418.0416488647461,493.0905246734619,443.1507110595703,496.3763380050659,452.62706756591797,506.4418315887451,456.70101165771484,514.4225406646729,412.68672943115234,496.72412395477295,435.6282424926758,500.5931568145752,444.02088165283203,509.7996997833252,448.35723876953125,516.8336534500122,406.6335678100586,503.60817432403564,419.8618698120117,507.2975206375122,428.04527282714844,511.10299587249756,433.934326171875,514.1466379165649,35,1787822262.9200752
379.60933685302734,499.83570098876953,398.33797454833984,505.54803371429443,415.2784729003906,505.0986671447754,427.32322692871094,507.0330333709717,437.1949768066406,508.1578016281128,421.2991714477539,493.31655979156494,444.2587661743164,494.5549249649048,454.7370910644531,503.1930112838745,459.7941207885742,510.89447021484375,417.4827194213867,493.44916820526123,443.1452178955078,496.1904287338257,453.08345794677734,506.8151092529297,457.0794677734375,515.220251083374,411.8622589111328,497.0904493331909,435.7143020629883,500.1779079437256,444.3742370605469,509.6882486343384,448.60008239746094,517.1230316162109,405.6533432006836,503.7371778488159,419.04857635498047,506.4323043823242,428.07884216308594,510.17868518829346,434.8446273803711,513.6501932144165,36,1787822262.9596753
380.78887939453125,499.7960901260376,398.6912155151367,506.2713289260864,415.0335693359375,506.2127494812012,426.14200592041016,508.65909576416016,435.64632415771484,510.2370500564575,422.5757598876953,493.4989929199219,444.8792266845703,494.9045133590698,454.6643829345703,504.00042057037354,458.5224914550781,511.83178424835205,418.9278030395508,493.09404373168945,444.3857955932617,496.2502098083496,453.3417510986328,506.86652183532715,456.31656646728516,514.7341060638428,413.60687255859375,496.1094045639038,437.28599548339844,499.71789836883545,445.2676010131836,509.7681999206543,448.58978271484375,517.1010160446167,407.6130676269531,502.45933055877686,421.6883087158203,506.6034507751465,429.77447509765625,511.1596870422363,434.96776580810547,514.5460510253906,37,1787822263.0092793
382.3748779296875,501.0189628601074,400.58868408203125,507.930908203125,416.7987823486328,507.398157119751,428.40991973876953,508.8232469558716,437.7956008911133,509.9949645996094,422.77587890625,493.49719047546387,444.8677062988281,495.0962162017822,454.95033264160156,503.081431388855,460.2505874633789,510.65637588500977,418.6812973022461,493.26991081237793,443.5978698730469,496.4023017883301,453.17737579345703,506.22570991516113,457.86460876464844,514.4051170349121,413.26171875,496.75931453704834,436.63318634033203,500.2253293991089,444.8366928100586,509.4051790237427,449.41062927246094,516.7019462585449,407.51129150390625,503.5159492492676,420.7503128051758,507.04959869384766,429.03026580810547,510.5161714553833,435.51883697509766,513.5547065734863,38,1787822263.0572886
380.1322555541992,499.72652435302734,397.7195739746094,506.30553245544434,414.58160400390625,506.1874723434448,426.6270065307617,508.12973499298096,436.60289764404297,508.80483627319336,421.37718200683594,494.0857744216919,442.7919387817383,494.36240673065186,453.45184326171875,502.20964908599854,459.0997314453125,509.89728927612305,418.4131622314453,494.01577949523926,442.1196746826172,496.1989688873291,451.69200897216797,505.89693546295166,455.7542037963867,513.9657068252563,413.47900390625,497.2836971282959,435.04817962646484,500.44917583465576,443.11031341552734,509.0919828414917,446.97731018066406,515.905179977417,407.60974884033203,503.5865879058838,420.1695251464844,507.19825744628906,428.26595306396484,510.9773826599121,434.0704345703125,514.1680097579956,39,1787822263.0794785
381.80301666259766,500.3942012786865,399.93507385253906,505.9293794631958,416.6598129272461,505.4698419570923,428.4132385253906,507.25687980651855,437.7947998046875,508.4220314025879,422.6554489135742,493.7161874771118,444.6064758300781,495.22955417633057,454.5694351196289,503.63722801208496,459.44366455078125,511.7164707183838,419.249267578125,493.67091178894043,443.2652282714844,496.79184436798096,452.7484893798828,506.23446464538574,457.05345153808594,514.4022846221924,413.7723159790039,497.16100215911865,435.6174087524414,500.38304328918457,443.70601654052734,508.68038177490234,448.17909240722656,515.7185411453247,407.23968505859375,503.64593982696533,419.2194366455078,507.0093870162964,427.1084213256836,510.54243564605713,433.1521987915039,514.1420459747314,40,1787822263.118624
380.9712219238281,500.92291831970215,398.96183013916016,508.07055473327637,415.1526641845703,507.7289056777954,426.49105072021484,509.4327735900879,436.04652404785156,510.51072120666504,421.5191650390625,494.1955089569092,443.7879943847656,494.5694303512573,454.06124114990234,502.54589080810547,459.25304412841797,510.3602170944214,418.08197021484375,494.0561628341675,442.5458526611328,496.1578559875488,452.22900390625,505.62828540802,456.8345642089844,513.7549495697021,412.90626525878906,497.47544288635254,435.44689178466797,499.8331689834595,443.69983673095703,508.42074394226074,448.20377349853516,515.6477737426758,406.9871520996094,504.11423206329346,419.51671600341797,506.47873878479004,427.37579345703125,509.78472232818604,433.2441711425781,512.9777956008911,41,1787822263.1703687
381.1275100708008,499.74120140075684,398.6472702026367,506.05117321014404,415.1401138305664,505.6245946884155,426.9223403930664,507.1513080596924,436.3960266113281,507.91975021362305,422.0833969116211,493.49997997283936,444.1331100463867,494.8475217819214,454.41184997558594,503.04070472717285,459.45926666259766,510.69714546203613,418.7810516357422,493.3900308609009,442.82440185546875,496.5220355987549,452.1171569824219,506.3143730163574,456.20391845703125,514.3020343780518,413.7429428100586,496.8415832519531,435.97633361816406,500.63032150268555,444.04335021972656,509.5780420303345,448.1209945678711,516.6400194168091,407.9697799682617,503.3809804916382,421.12022399902344,507.1763277053833,429.52667236328125,510.88168144226074,435.78208923339844,514.0485334396362,42,1787822263.1964087
380.5015563964844,500.8315944671631,398.7278366088867,507.58805751800537,415.5615234375,507.1339702606201,427.3767852783203,508.8609266281128,437.35363006591797,509.66065406799316,422.0158386230469,493.674259185791,443.9210510253906,494.69972133636475,454.65015411376953,502.8860807418823,460.3394317626953,510.6237602233887,418.53355407714844,493.6101007461548,442.7353286743164,496.48834705352783,452.5937271118164,506.4004182815552,457.06722259521484,514.6761703491211,413.1737518310547,497.0477485656738,435.48999786376953,500.5302429199219,443.8990020751953,509.3475008010864,448.24588775634766,516.4295196533203,406.9559097290039,503.5157346725464,419.64046478271484,506.4842748641968,428.09619903564453,510.0053930282593,434.3324279785156,513.283052444458,43,1787822263.24336
380.38818359375,499.81724739074707,398.94439697265625,505.341739654541,415.8525085449219,504.77521419525146,427.8190612792969,506.27909660339355,437.31956481933594,506.57761573791504,422.1200180053711,493.7889289855957,444.044189453125,494.7001075744629,454.19898986816406,502.73643493652344,458.80680084228516,510.2222013473511,418.6502456665039,493.5890293121338,442.4919128417969,496.72086238861084,451.4820098876953,506.6170120239258,454.81151580810547,514.4520664215088,413.4654235839844,496.8368625640869,435.7594680786133,500.5773639678955,443.8344955444336,509.5027685165405,447.6248550415039,516.4142847061157,407.4201202392578,503.161940574646,420.51403045654297,507.0952606201172,428.90674591064453,510.7655954360962,434.97379302978516,513.7522459030151,44,1787822263.2671716
379.6049499511719,500.62182426452637,398.36315155029297,506.7354154586792,415.35888671875,506.15923404693604,427.3263168334961,507.58917331695557,437.15492248535156,507.9162311553955,421.8540573120117,493.7034845352173,444.0799331665039,494.62706565856934,454.552001953125,502.7357053756714,459.5935821533203,510.5871105194092,418.4322738647461,493.4334182739258,442.7601623535156,496.38097286224365,452.1793746948242,506.22515201568604,456.1299133300781,514.5591831207275,413.2508087158203,496.7032241821289,435.3349304199219,500.4901170730591,443.7092971801758,509.32836055755615,447.79048919677734,516.6445255279541,407.1456527709961,503.281888961792,420.0564956665039,507.04972743988037,428.5641098022461,510.89635848999023,434.72240447998047,514.3273973464966,45,1787822263.3097272
378.05145263671875,500.46308040618896,396.7605972290039,506.7785453796387,413.79711151123047,506.6838312149048,425.8300018310547,508.41894149780273,435.77674865722656,508.6314582824707,420.5187225341797,493.1816339492798,442.7528381347656,494.1643524169922,453.12713623046875,502.19286918640137,458.2426452636719,509.89776134490967,417.54276275634766,492.9792022705078,441.6218566894531,496.0428857803345,451.3352966308594,505.5034875869751,455.73368072509766,513.6008834838867,412.9030227661133,496.32526874542236,435.054931640625,500.51487922668457,443.6226272583008,509.0077829360962,447.98954010009766,516.1779499053955,407.3133850097656,503.0042266845703,420.57762145996094,506.9587469100952,428.6545944213867,510.83438873291016,434.3259811401367,514.3199729919434,46,1787822263.3739982
378.0585479736328,499.68910217285156,395.45276641845703,503.39183807373047,412.4905014038086,502.8979253768921,424.5428466796875,505.00768661499023,434.04029846191406,506.760778427124,420.14469146728516,493.04786682128906,442.92919158935547,494.58393573760986,453.4013366699219,502.4555969238281,458.1352233886719,509.9158716201782,417.36209869384766,493.0742597579956,442.76214599609375,496.01606369018555,452.4308776855469,505.51026821136475,456.27696990966797,513.5003757476807,412.9388427734375,496.53984546661377,436.86363220214844,500.44548511505127,445.10887145996094,509.4621706008911,448.69274139404297,516.6911315917969,407.6832580566406,503.32411766052246,422.0730972290039,507.8526306152344,430.45997619628906,511.79513454437256,436.19686126708984,514.8529815673828,47,1787822263.410185
379.2509460449219,499.62151050567627,398.14598083496094,503.4605884552002,415.0554656982422,503.20863246917725,427.2196578979492,505.1462173461914,436.8772888183594,506.5791177749634,421.47010803222656,493.594651222229,444.26807403564453,494.66835021972656,454.00402069091797,502.55104064941406,458.5649108886719,510.092511177063,417.8550338745117,493.6014747619629,442.83287048339844,496.29608631134033,452.33997344970703,505.7036876678467,456.2472915649414,513.8630962371826,412.37171173095703,497.02109813690186,435.08358001708984,500.59028148651123,443.4400939941406,509.4018316268921,447.6631546020508,516.8612480163574,406.03172302246094,503.6110496520996,419.12036895751953,507.1200227737427,427.3394012451172,510.8081245422363,433.4256362915039,514.2919063568115,48,1787822263.4522896
379.56275939941406,500.3722286224365,398.66943359375,505.03575325012207,415.63953399658203,505.23775577545166,427.7772903442383,507.55823135375977,437.4815368652344,508.8874053955078,422.03365325927734,494.1790294647217,444.0171432495117,494.7505760192871,454.0687561035156,502.666654586792,459.2727279663086,510.35558223724365,418.54305267333984,493.97217750549316,442.5641632080078,496.49263858795166,452.20340728759766,505.8296012878418,456.58458709716797,513.9706420898438,413.31127166748047,497.08422660827637,434.9333190917969,500.49140453338623,443.42857360839844,508.93452644348145,448.0864715576172,516.2276887893677,407.1949768066406,503.4984827041626,419.86732482910156,506.90149784088135,427.7853775024414,510.40132999420166,433.5448455810547,513.7591123580933,49,1787822263.478734
379.9209976196289,500.2345132827759,398.1509017944336,505.6542491912842,414.7744369506836,505.1252317428589,426.7967224121094,506.69803619384766,436.2626647949219,507.549991607666,421.9190216064453,493.29514503479004,443.87046813964844,494.77563858032227,454.0331268310547,502.6416349411011,459.0985107421875,510.2034902572632,418.68404388427734,492.92130947113037,442.76622772216797,496.4995050430298,452.2364044189453,505.74256896972656,456.4897155761719,513.7249946594238,413.7359619140625,496.02872371673584,435.77308654785156,500.58135509490967,444.3508529663086,509.1197919845581,448.90098571777344,516.4497327804565,407.93140411376953,502.4407911300659,420.8787155151367,506.8874216079712,429.2592239379883,511.013388633728,435.43895721435547,514.8350858688354,50,1787822263.5490167
379.54280853271484,499.73484992980957,398.31478118896484,506.39432430267334,415.433349609375,506.2956190109253,427.305908203125,508.0536460876465,436.99588775634766,508.2929849624634,421.96434020996094,493.3267307281494,443.77845764160156,494.1561985015869,454.08153533935547,502.1061372756958,458.9488983154297,509.7337818145752,418.51531982421875,493.3314514160156,442.65419006347656,496.110520362854,452.42576599121094,505.82149028778076,456.6252136230469,513.9996528625488,413.4481430053711,496.80394649505615,435.8673095703125,500.4026985168457,444.644775390625,509.18296337127686,449.0644073486328,516.2770843505859,407.5093078613281,503.5539722442627,420.9931182861328,507.40296363830566,429.69173431396484,511.08458518981934,435.8177185058594,514.2344856262207,51,1787822263.618959
380.37349700927734,499.54649448394775,398.9332962036133,505.01429557800293,415.64178466796875,504.78830337524414,427.6816177368164,506.40376567840576,437.1877670288086,507.28245735168457,422.2919464111328,493.37453842163086,444.4667053222656,495.0770330429077,454.7028350830078,502.99439907073975,459.862060546875,510.56376457214355,418.75377655029297,492.91603088378906,443.1559753417969,496.4843559265137,452.5954818725586,506.00688457489014,456.7926788330078,514.1286134719849,413.3530807495117,496.1042547225952,435.9795379638672,500.29446601867676,444.30747985839844,509.184250831604,448.71009826660156,516.5873193740845,406.9403076171875,502.5645589828491,419.9687194824219,506.8995237350464,428.5093307495117,510.84112644195557,435.0731658935547,514.5069980621338,52,1787822263.6820235
380.73986053466797,500.1356792449951,399.12670135498047,506.24871253967285,415.69854736328125,506.08481884002686,427.42835998535156,507.891640663147,436.99249267578125,508.57592582702637,422.7173614501953,493.4754753112793,444.5740509033203,494.5095634460449,454.4001007080078,502.3414421081543,459.32979583740234,509.88038063049316,419.1339874267578,493.28038215637207,443.1214904785156,496.45169734954834,452.2533416748047,505.9543991088867,456.15352630615234,514.0864706039429,413.76575469970703,496.63524627685547,435.91102600097656,500.5189561843872,444.305419921875,508.97804260253906,448.73905181884766,515.9618711471558,407.41344451904297,503.3784055709839,420.6192398071289,507.374210357666,429.08958435058594,510.8561897277832,435.3743362426758,513.8633108139038,53,1787822263.7403097
380.6932067871094,500.4952669143677,398.39447021484375,505.71956634521484,415.1693344116211,505.4068851470947,427.00279235839844,507.129807472229,436.5703582763672,508.13690185546875,421.99657440185547,493.53358268737793,444.15340423583984,494.8330593109131,454.38770294189453,503.0294179916382,459.4643783569336,510.6473636627197,418.60660552978516,493.41487884521484,443.0318069458008,496.5380001068115,452.3833465576172,506.32896423339844,456.45042419433594,514.3082571029663,413.44093322753906,496.8542432785034,436.11255645751953,500.4410648345947,444.5218276977539,509.3035125732422,448.95240783691406,516.4589595794678,407.36194610595703,503.5039758682251,420.9259796142578,507.27447509765625,429.1979217529297,511.122350692749,435.19813537597656,514.4869565963745,54,1787822263.783687
380.9201431274414,499.95667934417725,399.64149475097656,507.37871646881104,416.0884475708008,507.1537113189697,427.43419647216797,508.73072147369385,436.70204162597656,509.2479372024536,422.64549255371094,493.1404781341553,444.11964416503906,494.1186046600342,453.98609161376953,502.18420028686523,459.0098190307617,509.84862327575684,419.02305603027344,492.96568393707275,442.46742248535156,496.2465190887451,451.84532165527344,505.89839458465576,456.114501953125,514.0395641326904,413.72570037841797,496.3237237930298,435.53333282470703,500.2795743942261,443.9985656738281,508.88474464416504,448.64551544189453,515.9262084960938,407.5229263305664,502.9981327056885,420.40477752685547,507.0650911331177,428.71334075927734,510.5635070800781,434.92008209228516,513.611569404602,55,1787822263.8302078
381.6794967651367,500.58942317962646,399.90478515625,506.60207748413086,416.00841522216797,506.2631320953369,427.36724853515625,507.58599758148193,436.6246032714844,508.32881927490234,422.3723602294922,493.8197422027588,444.0437316894531,494.8992347717285,453.9788818359375,503.065767288208,459.35291290283203,510.77057361602783,418.82389068603516,493.56602668762207,442.6658248901367,496.3866376876831,451.9625473022461,505.9820365905762,456.4667510986328,514.0002965927124,413.61438751220703,496.8115425109863,435.59471130371094,500.4651403427124,443.56689453125,508.972806930542,447.9472351074219,515.8510637283325,407.62451171875,503.1230163574219,420.60447692871094,507.1134567260742,428.42037200927734,511.0082817077637,434.32228088378906,514.4261026382446,56,1787822263.8693662
380.7278823852539,499.6767854690552,398.2162094116211,505.46263217926025,414.93358612060547,505.0953197479248,426.66988372802734,506.7566156387329,436.2251281738281,507.31425762176514,422.24315643310547,492.7657413482666,443.51470947265625,494.5285749435425,453.5715103149414,502.5818109512329,458.7938690185547,510.03878116607666,418.96167755126953,492.8762912750244,441.9778060913086,496.84947967529297,450.4759216308594,506.7406940460205,454.08199310302734,514.7138071060181,413.80279541015625,496.4579200744629,435.23555755615234,500.75992584228516,442.8466033935547,509.4043207168579,446.80625915527344,516.319785118103,407.54241943359375,502.98229694366455,420.10154724121094,506.8541193008423,427.81097412109375,510.82653522491455,433.5934066772461,514.4181203842163,57,1787822263.9301026
381.38675689697266,500.2993583679199,399.4340133666992,505.9679174423218,416.00929260253906,505.49636363983154,427.720947265625,506.87291622161865,437.1556091308594,507.29138374328613,422.32059478759766,493.64872455596924,444.37644958496094,494.5494318008423,454.35302734375,502.4740505218506,459.13597106933594,509.95715618133545,418.7948989868164,493.51366996765137,442.9622268676758,496.3146686553955,452.1019744873047,506.01070404052734,455.8811950683594,514.0551424026489,413.6854553222656,496.821026802063,435.95577239990234,500.5193853378296,443.9764404296875,509.15850162506104,447.95196533203125,515.9332036972046,407.76912689208984,503.28510761260986,420.88645935058594,507.57312297821045,428.9167022705078,511.43022537231445,434.6843719482422,514.5593976974487,58,1787822263.9892604
379.9079895019531,500.3224468231201,398.6214828491211,508.0154514312744,415.42991638183594,507.5355291366577,427.0936965942383,508.6370801925659,436.6872024536133,508.86448860168457,421.8898391723633,494.24280166625977,443.2894515991211,494.2757177352905,453.2794189453125,502.1366500854492,458.3892822265625,509.9415349960327,418.38016510009766,493.78425121307373,441.96502685546875,496.0745573043823,451.5039825439453,505.607213973999,455.94093322753906,513.9045524597168,413.1370544433594,496.85595989227295,434.62791442871094,500.03817558288574,443.1217956542969,508.6185836791992,447.8061294555664,515.8821773529053,407.0646667480469,503.2039546966553,419.7421646118164,506.35724544525146,428.04378509521484,510.08315563201904,434.23633575439453,513.6340141296387,59,1787822264.0314546
379.1431427001953,499.75892543792725,397.68497467041016,504.5195245742798,414.87770080566406,504.36408519744873,427.0106506347656,506.0892391204834,436.91566467285156,506.8965196609497,421.03260040283203,493.5313940048218,442.9374313354492,494.796838760376,453.2148742675781,502.3166799545288,458.66405487060547,509.7318506240845,417.7173614501953,493.4479236602783,441.31824493408203,496.7733907699585,450.62740325927734,505.5682897567749,454.8842239379883,513.4505939483643,412.5025177001953,496.87806129455566,434.1970443725586,500.8272171020508,442.8299331665039,508.7139415740967,447.6668167114258,515.7178544998169,406.1787796020508,503.50749492645264,419.22393798828125,507.20585346221924,428.12255859375,510.63380241394043,435.14278411865234,514.1671943664551,60,1787822264.073022
378.4914016723633,500.09860038757324,395.9452438354492,502.305006980896,413.4666061401367,502.0480728149414,426.1138916015625,504.6212339401245,436.1873245239258,506.422176361084,420.1531219482422,492.58957386016846,442.98572540283203,493.8447618484497,453.3602523803711,501.7947006225586,458.4330368041992,509.4365072250366,417.07080841064453,493.30033779144287,442.15938568115234,496.3246250152588,452.15091705322266,505.44010162353516,456.48326873779297,513.4099531173706,411.9596481323242,497.3197031021118,434.97459411621094,500.9415006637573,443.91834259033203,509.04627799987793,448.6333465576172,515.9803676605225,405.7631301879883,504.48562145233154,419.4984817504883,507.8420305252075,428.06385040283203,511.32418155670166,434.36676025390625,514.6839380264282,61,1787822264.1157625
378.0950927734375,499.57833766937256,396.0592269897461,502.2597312927246,413.57776641845703,502.01189517974854,426.04320526123047,504.60089206695557,435.8527374267578,506.48470401763916,420.5800247192383,492.9175329208374,443.01998138427734,494.33738708496094,453.62926483154297,502.0948076248169,459.31480407714844,509.56804275512695,417.24117279052734,493.3130407333374,441.8382263183594,496.1845922470093,451.9118881225586,505.4953336715698,456.4864730834961,513.5232067108154,411.95289611816406,496.80283069610596,434.23851013183594,500.45050621032715,443.33953857421875,508.9098930358887,448.2380676269531,515.9785652160645,405.60821533203125,503.3844995498657,419.381103515625,507.2548198699951,428.2306671142578,511.0192680358887,434.7622299194336,514.3995380401611,62,1787822264.1788492
377.9042434692383,500.7656764984131,396.4997863769531,504.993953704834,413.9370346069336,504.3604803085327,426.5207290649414,506.29364490509033,436.3338851928711,507.12727546691895,420.5331039428711,493.4213590621948,443.63834381103516,494.2908239364624,454.3003463745117,502.46100425720215,459.75582122802734,510.4398250579834,417.26993560791016,493.66297245025635,442.5727844238281,496.33625507354736,452.76317596435547,505.7564306259155,457.17716217041016,513.9632606506348,412.04219818115234,497.32678413391113,434.9324417114258,500.81756114959717,443.8783264160156,509.2083692550659,448.485107421875,516.2692737579346,405.73768615722656,504.10178661346436,419.1871643066406,507.6032495498657,428.1437683105469,510.967812538147,434.6705627441406,514.1190433502197,63,1787822264.2201254
378.9082717895508,500.3396987915039,398.95225524902344,506.70576095581055,415.68714141845703,506.51538848876953,427.2248840332031,508.0275535583496,436.84791564941406,508.4991931915283,421.9164276123047,494.00286197662354,443.91334533691406,495.0260925292969,454.2842483520508,502.6983690261841,459.7795104980469,509.9307632446289,418.09749603271484,493.5184335708618,442.44937896728516,496.95226192474365,451.94496154785156,506.4611864089966,456.15928649902344,514.2686462402344,412.43919372558594,496.69721603393555,435.11165618896484,500.7014751434326,443.95233154296875,509.30561542510986,448.77368927001953,516.3219308853149,405.88661193847656,503.22644233703613,419.5311737060547,506.6676092147827,428.11431884765625,510.2374792098999,434.3991470336914,513.4946250915527,64,1787822264.272297
378.74046325683594,500.75657844543457,398.7044143676758,506.99681282043457,415.7582092285156,506.7128849029541,427.6766586303711,507.77400970458984,437.3055648803711,508.260498046875,422.244873046875,494.3875980377197,443.8887023925781,494.81778144836426,453.9627456665039,502.6975107192993,458.98719787597656,510.44660568237305,418.78543853759766,493.7922763824463,442.5229263305664,496.20999813079834,452.14019775390625,505.4685115814209,456.39598846435547,513.5641479492188,413.4778594970703,496.56683921813965,434.9276351928711,500.46711444854736,443.43128204345703,509.0088129043579,447.81017303466797,516.3312435150146,407.23987579345703,502.8159999847412,420.65486907958984,506.70069694519043,429.04380798339844,510.6626844406128,434.9842834472656,514.2443132400513,65,1787822264.3177383
379.6138000488281,500.1849031448364,398.7765121459961,504.7206687927246,415.7074737548828,504.5732116699219,428.0427551269531,506.3706350326538,437.80479431152344,507.4479389190674,421.53839111328125,493.1136989593506,443.8045883178711,494.1920328140259,454.13063049316406,502.1287536621094,459.49474334716797,509.8944568634033,418.0356979370117,493.0398416519165,442.5770950317383,495.93894481658936,452.5677490234375,505.4369258880615,457.14576721191406,513.5956478118896,412.9436492919922,496.24463081359863,435.4913330078125,500.2879858016968,444.20825958251953,508.99885654449463,448.6537170410156,516.2668704986572,407.0868682861328,502.7080249786377,420.80013275146484,506.59868717193604,429.27024841308594,510.4487085342407,435.29285430908203,513.964204788208,66,1787822264.376194
379.53250885009766,499.88908767700195,398.0748748779297,505.4938745498657,414.7043991088867,505.41130542755127,426.3263702392578,507.7116107940674,435.87390899658203,508.8789939880371,422.2605514526367,493.5696315765381,443.64673614501953,494.47089672088623,453.9713668823242,502.383713722229,459.03629302978516,509.95737075805664,419.1056442260742,493.4768486022949,442.9685974121094,496.46740436553955,452.4232482910156,505.95770359039307,456.3753890991211,513.9823150634766,413.90369415283203,496.7146396636963,436.12937927246094,500.49612522125244,444.5785140991211,508.9788579940796,448.7647247314453,515.9679222106934,407.420654296875,503.02847385406494,420.1662063598633,506.84969902038574,428.2246398925781,510.6881332397461,433.9130401611328,514.1494703292847,67,1787822264.4170017
380.38612365722656,500.5931568145752,399.1839599609375,508.17166328430176,416.0660171508789,507.76611328125,427.64060974121094,508.59206199645996,436.9462203979492,508.60742568969727,422.87872314453125,494.4294834136963,444.39258575439453,495.12797355651855,454.50347900390625,503.0045700073242,459.4919967651367,510.5102062225342,419.36397552490234,493.6636161804199,443.2362365722656,496.50062084198,452.69054412841797,506.0057258605957,456.71817779541016,514.0148878097534,413.94248962402344,496.59812450408936,436.11717224121094,500.5820417404175,444.32544708251953,509.5252990722656,448.5905075073242,516.7247343063354,407.4727249145508,502.993540763855,420.0376892089844,507.2793674468994,428.2912826538086,511.12586975097656,434.46022033691406,514.4279479980469,68,1787822264.447523
380.7823181152344,500.21318435668945,399.395751953125,507.54273891448975,416.00101470947266,507.47458934783936,427.7170181274414,508.9946508407593,437.2080993652344,509.4504976272583,422.12310791015625,494.1904878616333,443.97056579589844,494.6705389022827,454.0211486816406,502.4613046646118,459.32315826416016,509.92265224456787,418.5448455810547,493.8254928588867,442.1449279785156,496.57649517059326,451.29234313964844,505.8479690551758,455.46512603759766,513.6422109603882,413.3230972290039,497.1302318572998,434.89532470703125,500.7288980484009,443.45916748046875,508.95289421081543,448.11195373535156,515.8332538604736,407.3747253417969,503.73619079589844,420.29659271240234,507.237868309021,428.9964294433594,510.7603597640991,435.77465057373047,514.0960836410522,69,1787822264.5119603
380.3437042236328,500.0026845932007,398.9437484741211,507.1056032180786,415.6028747558594,507.07727909088135,427.54825592041016,508.58970165252686,437.1411895751953,509.10348415374756,421.79908752441406,494.2751169204712,443.40187072753906,494.72160816192627,453.7965774536133,502.31839656829834,459.3453598022461,509.84742164611816,418.44078063964844,493.851842880249,441.8259811401367,496.75403594970703,451.6324996948242,505.6263542175293,456.38824462890625,513.3475971221924,413.3052062988281,497.06311225891113,434.6635437011719,500.81902027130127,443.6198425292969,508.6445474624634,448.5674285888672,515.3311443328857,407.2590637207031,503.59504222869873,420.2151870727539,507.11392879486084,428.8949203491211,510.4837703704834,435.44647216796875,513.7721586227417,70,1787822264.5574484
379.7505569458008,499.70356464385986,398.0363464355469,505.221791267395,414.86454010009766,504.99927520751953,426.75994873046875,506.55620098114014,436.4285659790039,507.1637964248657,421.22241973876953,493.44659328460693,442.39498138427734,494.61723804473877,452.3535919189453,502.5544738769531,457.33638763427734,509.8969888687134,418.15006256103516,493.47002506256104,441.9949722290039,496.47444248199463,451.47472381591797,505.0998258590698,455.71372985839844,512.3141956329346,413.19156646728516,496.6843843460083,435.01415252685547,500.6655550003052,443.6034393310547,508.18535327911377,448.16192626953125,514.3492412567139,407.27954864501953,503.18163871765137,420.34046173095703,507.350435256958,429.1807174682617,510.9206485748291,435.95062255859375,514.1587829589844,71,1787822264.6006432
379.2928695678711,500.3848886489868,397.4625015258789,500.4411506652832,414.9504852294922,500.834641456604,427.5383758544922,503.8055419921875,437.73738861083984,506.31003856658936,419.7896957397461,493.08417320251465,443.1167984008789,493.4870195388794,452.9697799682617,501.848087310791,457.50038146972656,509.97642517089844,415.6619644165039,494.1212224960327,441.86779022216797,496.3560390472412,451.96468353271484,505.99881649017334,455.7135009765625,514.3757200241089,409.3630599975586,498.6978006362915,433.48243713378906,500.8177328109741,442.6687240600586,509.0993642807007,447.1086120605469,516.0080909729004,402.21439361572266,506.5272331237793,416.1416244506836,508.37310791015625,425.3963851928711,511.1486577987671,432.1915054321289,513.5840177536011,72,1787822264.6633606
378.6532974243164,501.9683790206909,396.0963821411133,505.4706144332886,413.1669616699219,504.86310482025146,425.5820846557617,507.00518131256104,435.6515884399414,507.88477420806885,420.05653381347656,493.56667041778564,443.29376220703125,494.45858001708984,453.47251892089844,502.35706329345703,458.07384490966797,509.9045419692993,417.2931671142578,493.98698329925537,443.11145782470703,496.28913402557373,452.8364562988281,505.4317331314087,456.75060272216797,513.4891319274902,412.7800750732422,497.8503084182739,436.12037658691406,500.8888006210327,444.2433166503906,509.36187744140625,447.8187561035156,516.4915752410889,407.1782684326172,504.9756717681885,420.6072998046875,508.106689453125,428.8494873046875,511.52021884918213,434.69356536865234,514.4894456863403,73,1787822264.7081385
379.04212951660156,500.1585531234741,396.2023162841797,501.7043209075928,413.18450927734375,501.8379592895508,425.5722427368164,505.0174283981323,435.59295654296875,507.7281332015991,420.75496673583984,492.4736166000366,444.5152282714844,493.59100341796875,455.14286041259766,501.7490816116333,460.3131866455078,509.33295249938965,417.4427032470703,493.3470296859741,443.2320022583008,496.0685920715332,453.08387756347656,505.74222564697266,457.0708465576172,513.719072341919,412.2142791748047,497.38712310791016,435.6545639038086,500.48784255981445,444.2400360107422,509.1045141220093,448.2600784301758,516.0889434814453,406.1081314086914,504.2594575881958,419.9995422363281,507.25451946258545,428.93898010253906,510.8699655532837,435.4254150390625,514.0425252914429,74,1787822264.733804
376.9683837890625,500.0213956832886,394.7230529785156,499.42967891693115,412.42469787597656,498.7254810333252,425.67108154296875,501.70393466949463,436.4895248413086,505.10858058929443,419.35752868652344,491.16830348968506,443.4837341308594,492.70222663879395,454.71973419189453,500.54075717926025,461.2154769897461,508.2365083694458,416.3227081298828,492.68776416778564,442.09877014160156,495.313925743103,452.6953887939453,504.8034954071045,457.642822265625,513.3876800537109,411.2457275390625,497.25618839263916,434.9713897705078,499.86981868743896,444.4632339477539,507.8225898742676,449.3898391723633,514.8898029327393,405.1231002807617,504.9549436569214,419.1521453857422,507.15409755706787,428.4198760986328,510.27618885040283,435.50106048583984,513.3742046356201,75,1787822264.7887173
376.1132049560547,499.798321723938,394.02748107910156,501.3766622543335,411.5363311767578,501.0836362838745,424.21085357666016,504.23628330230713,434.6488571166992,506.8826150894165,419.42665100097656,492.15368270874023,443.11336517333984,493.35299491882324,453.4720230102539,501.4434814453125,458.4996795654297,508.8652181625366,416.8310546875,493.18965911865234,442.5787353515625,495.8416986465454,452.2770309448242,505.37238121032715,455.9690856933594,513.3455801010132,412.2473907470703,497.2323274612427,435.8668518066406,500.21777629852295,444.3734359741211,508.74775886535645,448.1497573852539,515.7877206802368,406.6170120239258,504.4076871871948,420.5674743652344,507.49072551727295,428.9448547363281,511.1106777191162,434.67018127441406,514.1566371917725,76,1787822264.8529556
374.1619873046875,499.70935821533203,391.7472457885742,499.82072353363037,409.5451354980469,499.8023557662964,422.2657012939453,503.111515045166,432.7461624145508,506.2112045288086,417.7400588989258,492.6276397705078,442.31693267822266,493.182578086853,453.2395935058594,501.1706256866455,458.5597229003906,508.9102363586426,415.3104019165039,493.8595247268677,441.92333221435547,495.97636699676514,452.0701599121094,505.3830671310425,455.8493423461914,513.5985231399536,410.71083068847656,498.070764541626,434.8503112792969,500.596718788147,443.7599182128906,509.00718212127686,447.7402114868164,516.3448905944824,404.8468780517578,505.26577949523926,419.05738830566406,507.63084411621094,427.8401184082031,511.30027770996094,433.9324951171875,514.8536682128906,77,1787822264.9043524
374.68013763427734,499.25166606903076,393.64933013916016,500.6558561325073,411.40262603759766,500.6235408782959,424.07039642333984,504.0900707244873,434.5286178588867,507.3612070083618,418.77796173095703,491.79877281188965,442.8527069091797,493.16004753112793,453.1608200073242,501.6102075576782,457.9957580566406,509.7435235977173,415.5061340332031,492.8361225128174,442.02991485595703,496.11472606658936,451.81514739990234,505.96946239471436,455.51822662353516,514.1816997528076,410.13622283935547,496.99779510498047,434.6026611328125,500.071177482605,443.59195709228516,508.83633613586426,447.6568603515625,515.9739303588867,403.83975982666016,504.27520751953125,418.6665344238281,506.7916774749756,427.7139663696289,510.6352186203003,434.12193298339844,514.1231203079224,78,1787822264.940851
376.8841552734375,499.9175834655762,395.791015625,499.5251226425171,413.5575485229492,499.50735569000244,426.71295166015625,502.9062509536743,436.98116302490234,505.15960693359375,420.2400588989258,491.65213108062744,443.4275817871094,493.6194133758545,452.80452728271484,501.51158809661865,457.76756286621094,509.18227672576904,417.22782135009766,492.8494691848755,442.8890609741211,495.95160484313965,452.1812057495117,505.2270698547363,456.35032653808594,513.499903678894,412.3122787475586,496.86278343200684,435.86620330810547,499.9997663497925,444.1050720214844,508.54485511779785,447.74864196777344,516.0452556610107,406.32503509521484,504.08599376678467,420.5844497680664,507.25439071655273,429.00333404541016,510.88181018829346,434.7685241699219,514.0056610107422,79,1787822264.9833515
379.43714141845703,498.72543811798096,398.07193756103516,498.9227628707886,414.89429473876953,499.56138610839844,427.2049331665039,502.8229522705078,436.85619354248047,504.96387004852295,422.025146484375,492.0743751525879,444.2880630493164,494.0757751464844,453.0556869506836,502.29753971099854,457.15442657470703,510.0389528274536,418.7277603149414,493.03932666778564,443.2088851928711,496.12974643707275,452.16026306152344,505.63592433929443,455.5309295654297,513.8830089569092,413.3692169189453,496.772403717041,435.63636779785156,500.2557563781738,443.8147735595703,508.7015390396118,447.6654815673828,516.0000658035278,406.92028045654297,503.89922618865967,420.1097106933594,507.09993839263916,428.05530548095703,510.4604244232178,433.5045623779297,513.403172492981,80,1787822265.0452557
379.75658416748047,499.2099952697754,397.3075866699219,498.6583185195923,414.4184112548828,498.9610433578491,426.9091796875,502.42032051086426,436.79725646972656,504.92790699005127,420.37330627441406,492.22075939178467,443.4642028808594,493.61894130706787,452.5477600097656,502.09944248199463,457.0149230957031,510.067663192749,417.22782135009766,493.3797311782837,442.4121856689453,496.1464834213257,451.49932861328125,505.7559585571289,455.08636474609375,513.8684177398682,412.2217559814453,497.3951053619385,435.1353454589844,500.0758123397827,443.4208679199219,508.32143783569336,447.36778259277344,515.2991724014282,406.217041015625,504.4873809814453,419.46483612060547,507.4095296859741,427.9206085205078,510.6076669692993,433.98189544677734,513.3060550689697,81,1787822265.085822
381.1341094970703,500.092978477478,398.22303771972656,500.68456649780273,414.7152328491211,500.96763610839844,426.82945251464844,504.29121494293213,436.3423156738281,506.59881591796875,420.5882263183594,492.58081912994385,444.08409118652344,493.37574005126953,452.9029083251953,502.0837354660034,456.7605972290039,510.15512466430664,417.43114471435547,493.5510063171387,443.29612731933594,495.8134174346924,452.23636627197266,505.5493211746216,455.4142761230469,513.6677885055542,412.2819519042969,497.73619651794434,435.86151123046875,499.88256454467773,444.0074157714844,508.37881565093994,447.75638580322266,515.6566572189331,406.18091583251953,505.1019287109375,419.5491027832031,507.32704639434814,427.81238555908203,510.7459831237793,433.7166976928711,514.0239858627319,82,1787822265.1326387
379.70836639404297,500.074782371521,396.59839630126953,500.0489044189453,413.58917236328125,500.4221820831299,425.6285095214844,503.88214588165283,435.49522399902344,506.50126934051514,420.2890396118164,492.96928882598877,443.2835006713867,493.4290409088135,452.49244689941406,501.836199760437,456.79927825927734,509.6871328353882,417.25669860839844,494.0713119506836,442.43927001953125,495.8585214614868,451.2031555175781,505.7204246520996,453.9206314086914,513.9027500152588,412.13001251220703,498.244571685791,435.3948211669922,499.51744079589844,443.5207748413086,507.8160238265991,446.88167572021484,514.87229347229,405.9366989135742,505.21891593933105,419.50157165527344,507.16448307037354,427.8523254394531,510.7958936691284,433.4593963623047,514.1716146469116,83,1787822265.186028
378.7112808227539,498.7409734725952,395.07415771484375,496.5530204772949,412.6945114135742,496.9481420516968,425.3573989868164,500.58659076690674,435.27732849121094,503.5000705718994,419.5185852050781,492.0366954803467,442.8438949584961,493.4684371948242,452.00809478759766,501.9729709625244,456.01402282714844,510.10714530944824,417.0728302001953,493.5998868942261,442.53795623779297,495.757155418396,451.8661117553711,505.1380205154419,455.15811920166016,513.4378051757812,412.45609283447266,498.03184032440186,435.86414337158203,500.02036571502686,444.20459747314453,508.28418731689453,447.8273010253906,515.6403923034668,406.43131256103516,505.2563810348511,420.3207015991211,507.81842708587646,428.4890365600586,511.5718460083008,433.8609313964844,515.0671720504761,84,1787822265.2302413
378.38024139404297,497.65954971313477,395.3441619873047,496.4668893814087,412.29164123535156,497.319917678833,424.2258071899414,501.449875831604,433.9203643798828,504.53930854797363,419.4985580444336,491.8938732147217,442.86155700683594,493.6850309371948,451.9286346435547,502.2871971130371,455.8281707763672,510.26859283447266,416.7368698120117,493.44637870788574,442.80189514160156,495.8008003234863,451.64073944091797,505.4011344909668,454.51019287109375,513.522047996521,411.9485092163086,497.8215980529785,436.10530853271484,500.31562328338623,443.90785217285156,508.95817279815674,446.7471694946289,516.0861539840698,405.806884765625,504.99897480010986,419.7364807128906,507.88970947265625,427.7482604980469,511.8565893173218,432.89737701416016,514.9799251556396,85,1787822265.2755597
377.6919937133789,498.10303688049316,394.7357940673828,496.8453598022461,412.36839294433594,498.09166431427,424.95235443115234,502.2065591812134,435.0336456298828,505.17921924591064,418.6547088623047,493.1152868270874,442.4578857421875,493.5826349258423,452.5092315673828,502.13905334472656,457.18387603759766,510.2684211730957,416.2727355957031,494.34489727020264,441.9392395019531,496.2251043319702,451.6548156738281,505.7406806945801,454.85363006591797,513.8041734695435,411.48353576660156,498.26637268066406,434.76226806640625,500.7279968261719,443.4947967529297,508.6773347854614,447.208251953125,515.5756759643555,405.10448455810547,505.1158332824707,418.1366729736328,508.4248638153076,426.95262908935547,512.2890472412109,432.9891586303711,515.7232189178467,86,1787822265.325738
377.054443359375,498.1140661239624,393.31783294677734,495.2513551712036,411.33312225341797,496.0533571243286,424.2127990722656,500.56509017944336,434.58709716796875,503.17009449005127,419.8008728027344,491.4267826080322,441.58912658691406,493.3238124847412,451.6470718383789,501.2004089355469,456.56436920166016,509.09159660339355,417.9901885986328,493.3218812942505,441.6631317138672,495.37593841552734,451.43394470214844,504.0217924118042,454.80152130126953,511.7512321472168,413.4116744995117,497.0052194595337,434.5138931274414,500.0525951385498,443.0720520019531,507.76225090026855,446.5225601196289,514.4991874694824,406.97181701660156,503.5671043395996,419.2713928222656,507.6247501373291,427.5668716430664,511.7515754699707,433.14308166503906,515.0348138809204,87,1787822265.3703785
379.41234588623047,499.0364456176758,396.59984588623047,496.423544883728,413.9099884033203,497.7297592163086,425.9572219848633,501.8454694747925,435.51342010498047,504.62947368621826,421.10950469970703,492.69115447998047,443.09268951416016,493.8835144042969,452.26993560791016,502.24316596984863,456.15020751953125,510.1129388809204,418.6764907836914,494.0123462677002,441.91429138183594,496.183819770813,450.6367492675781,505.73347091674805,453.01273345947266,513.7500143051147,413.9866256713867,497.9392719268799,435.36766052246094,500.15387535095215,443.41033935546875,508.5081624984741,446.0736846923828,515.7460927963257,407.7829360961914,504.7496795654297,420.465087890625,507.7490758895874,427.9252624511719,512.2950553894043,431.87255859375,516.1413860321045,88,1787822265.4148235
379.82032775878906,502.43083477020264,396.2106704711914,501.40764713287354,414.0558624267578,501.7962884902954,426.9068908691406,504.5796489715576,436.80126190185547,505.83359241485596,420.76229095458984,494.9395751953125,442.9631042480469,494.9749803543091,452.9391098022461,502.6463556289673,457.57137298583984,510.4810667037964,418.83167266845703,495.29813289642334,442.67017364501953,496.40260219573975,451.93286895751953,505.0236940383911,455.2520751953125,513.0206251144409,414.63436126708984,498.2973575592041,436.0935974121094,500.0464153289795,444.3389892578125,508.0943727493286,447.69630432128906,515.674295425415,408.67942810058594,504.1893768310547,421.3742446899414,507.47313022613525,429.17102813720703,512.2410678863525,433.7575912475586,516.551399230957,89,1787822265.4559503
380.11402130126953,498.0361318588257,397.17281341552734,496.52478218078613,415.5476379394531,498.3203601837158,428.45619201660156,502.30912685394287,438.1121826171875,504.90739345550537,421.57543182373047,493.6856746673584,443.8935089111328,494.6844005584717,453.63563537597656,502.9844856262207,457.9043960571289,510.880651473999,419.0441131591797,494.89030838012695,443.2478713989258,496.5844774246216,452.52716064453125,505.99825859069824,455.33538818359375,513.7511301040649,414.07798767089844,498.0911064147949,436.23321533203125,500.6728506088257,443.96533966064453,509.3754816055298,446.4579772949219,516.4122676849365,407.62672424316406,503.8147258758545,420.0920867919922,508.16659927368164,428.34449768066406,512.8861713409424,433.45645904541016,516.4262580871582,90,1787822265.5060713
380.31272888183594,498.87993335723877,397.55733489990234,498.9407014846802,414.5338821411133,499.8930358886719,426.64012908935547,502.5509548187256,436.27288818359375,504.17216777801514,421.4768981933594,493.6164093017578,443.6483383178711,494.3585443496704,452.98683166503906,502.48387813568115,457.2064208984375,510.008225440979,418.5874557495117,494.0770196914673,442.3769760131836,495.9504461288452,451.06868743896484,505.09570598602295,453.5377502441406,512.5879955291748,413.29017639160156,496.9527769088745,434.75067138671875,500.2498769760132,442.3679733276367,508.2291269302368,445.1359176635742,514.6975421905518,406.46690368652344,502.74742126464844,418.9019012451172,507.09633350372314,427.3908996582031,511.58828258514404,433.2826614379883,515.1458787918091,91,1787822265.5526044
380.09716033935547,499.70914363861084,397.32669830322266,498.8607931137085,414.8821258544922,500.1512575149536,427.55611419677734,503.316650390625,437.24002838134766,504.62260723114014,421.1262512207031,494.1216516494751,442.92545318603516,494.4326591491699,452.8102111816406,502.20415592193604,457.6301574707031,510.2222013473511,418.3845901489258,494.73469734191895,442.05848693847656,496.22995376586914,451.4989471435547,505.1407241821289,455.0185012817383,513.0617809295654,413.25199127197266,497.5536346435547,434.52110290527344,500.21206855773926,443.01429748535156,508.3129405975342,446.52427673339844,515.6393194198608,406.46480560302734,503.1915521621704,419.2262649536133,507.02303409576416,427.8934097290039,511.85195446014404,433.5617446899414,516.1916828155518,92,1787822265.598885
380.9127426147461,498.5066556930542,398.0227279663086,497.22232818603516,415.8670425415039,498.64831924438477,428.5487747192383,501.8315649032593,438.39752197265625,503.7582063674927,421.63700103759766,493.7248992919922,443.2600784301758,494.5337247848511,453.0860137939453,502.6448106765747,457.63671875,510.470552444458,419.24598693847656,494.5288324356079,442.38433837890625,496.18287563323975,451.3730239868164,505.40233612060547,454.28794860839844,513.1262397766113,414.37599182128906,497.43836402893066,435.0054168701172,500.0576162338257,442.6081085205078,508.67669105529785,445.10650634765625,516.0835361480713,407.8754425048828,503.0378723144531,419.913330078125,506.85922622680664,427.8333282470703,512.1242952346802,432.58983612060547,516.5873193740845,93,1787822265.6451688
641.3718414306641,572.9309177398682,574.7317886352539,564.2449808120728,518.5012435913086,532.8999137878418,478.3846664428711,504.4503879547119,439.8275375366211,480.3232955932617,546.8063354492188,440.1274108886719,504.9717712402344,384.52860832214355,477.5018310546875,352.5354766845703,453.3999252319336,325.2784824371338,581.9326400756836,427.9402685165405,548.1616592407227,361.7626190185547,522.5572204589844,319.8124837875366,499.73819732666016,284.86297845840454,620.4603576660156,433.881254196167,607.1767807006836,370.3971004486084,590.8727645874023,329.04529094696045,572.3613739013672,293.3765459060669,660.5725860595703,453.0517101287842,672.696533203125,404.8176956176758,673.6260223388672,372.92412757873535,668.2029724121094,343.84344577789307,94,1787822265.789043
660.7696533203125,559.9536180496216,593.5425186157227,546.9348192214966,537.7765655517578,514.2125558853149,498.00270080566406,485.4628801345825,462.76233673095703,457.1470785140991,561.8828582763672,425.1257514953613,524.9345779418945,369.75972175598145,499.6146774291992,337.9351615905762,477.3033142089844,310.1044535636902,598.0159759521484,414.56870555877686,568.0826950073242,348.8634467124939,544.9543380737305,307.4198627471924,523.5050582885742,272.71825790405273,637.1591949462891,421.6310691833496,625.663948059082,357.61334896087646,610.4521942138672,317.54080295562744,591.3444137573242,281.9964265823364,678.4596252441406,443.1199836730957,694.39697265625,396.4465856552124,697.2982025146484,363.2018709182739,692.4922943115234,332.37123012542725,95,1787822265.8397725
719.6347808837891,517.7927684783936,654.6293640136719,491.3015127182007,603.9139938354492,442.12576389312744,570.6986999511719,407.4760866165161,539.8985290527344,378.91270637512207,636.5091705322266,374.32904720306396,616.8822860717773,309.7276782989502,596.6606140136719,277.57357120513916,571.3018417358398,252.47094869613647,669.5737457275391,372.96494007110596,652.8903961181641,302.84815549850464,635.6032180786133,261.5258502960205,615.7254028320312,226.067476272583,703.3556365966797,388.7842655181885,697.5140380859375,326.4553499221802,686.5193176269531,289.148268699646,671.4619445800781,254.3299126625061,738.0085754394531,418.12703132629395,753.1098937988281,377.0083808898926,756.4199066162109,348.00277948379517,753.3900451660156,319.62103843688965,96,1787822265.8782194
736.7250061035156,508.1645393371582,676.9971466064453,479.7600746154785,633.1364822387695,434.1370725631714,601.8512344360352,400.90845108032227,570.7273101806641,367.3156499862671,661.2499237060547,363.63553047180176,639.6807098388672,303.2839822769165,620.2180480957031,271.553750038147,597.6750564575195,244.40391540527344,691.6670227050781,366.7256498336792,675.7327270507812,300.51748752593994,656.9704437255859,260.95739364624023,633.8199234008789,224.81003522872925,722.9724884033203,385.4586696624756,722.1421051025391,324.36453580856323,707.0038604736328,288.0002188682556,682.6824188232422,253.8680362701416,756.1732482910156,417.21031665802,774.6966552734375,374.98887062072754,773.345947265625,346.19662284851074,760.7309722900391,319.0483331680298,97,1787822265.915679
748.6710357666016,510.47947883605957,690.1175689697266,478.8034915924072,650.1334381103516,431.92251205444336,622.2972869873047,398.3059787750244,594.174919128418,365.04379749298096,684.8994445800781,367.7981472015381,664.1080474853516,310.3497362136841,643.6148834228516,277.7967309951782,621.4451599121094,250.22469520568848,711.2512969970703,372.61908531188965,697.2144317626953,309.4291162490845,678.1012725830078,269.2989993095398,655.6175994873047,231.98846340179443,738.2630157470703,391.53968811035156,734.5342254638672,333.42211961746216,718.2012939453125,297.8499126434326,695.2236938476562,264.00837421417236,766.9975280761719,422.27338314056396,782.4446868896484,383.85204792022705,779.7379302978516,355.50081968307495,769.3289947509766,327.6500701904297,98,1787822265.9626195
752.0724487304688,510.56376457214355,696.0193634033203,477.5758123397827,658.6074066162109,428.4892416000366,632.4020004272461,394.4505500793457,605.7357025146484,360.69196701049805,693.3389282226562,372.07101345062256,673.6151885986328,315.2264642715454,654.237060546875,282.997362613678,633.6041641235352,254.59150314331055,718.2479858398438,377.2707223892212,705.5489349365234,316.57331943511963,686.9602966308594,278.05559635162354,665.5402374267578,241.54890775680542,743.8291931152344,396.6129684448242,741.7523193359375,340.6319832801819,723.9928436279297,306.53275966644287,699.9771881103516,273.16715240478516,770.3302764892578,427.66496658325195,786.4892578125,390.96960067749023,782.1189117431641,365.29399394989014,769.3743896484375,339.97857570648193,99,1787822266.008172
757.9888916015625,502.55730628967285,705.5425262451172,469.6963405609131,669.1158294677734,420.412015914917,642.7485656738281,385.2825450897217,615.8559417724609,353.16577434539795,703.2516479492188,364.6132707595825,684.3239593505859,313.23214530944824,667.24365234375,282.2386837005615,651.099853515625,254.59757566452026,726.5761566162109,369.3375635147095,711.7661285400391,312.5990152359009,693.1736755371094,277.26887226104736,673.0790710449219,244.1489338874817,751.2852478027344,388.2931423187256,745.9030914306641,337.030291557312,726.7251586914062,307.23397493362427,702.6718139648438,278.7081027030945,776.8433380126953,419.0142631530762,787.3779296875,386.15673065185547,779.8534393310547,364.42654609680176,764.8439788818359,343.6909890174866,100,1787822266.0327086
757.4440765380859,498.31624031066895,710.2897644042969,463.7632942199707,677.7210235595703,413.0234956741333,653.4383392333984,376.70677185058594,628.5890960693359,343.40083837509155,711.1045837402344,363.15479278564453,694.451904296875,308.9856290817261,677.6124572753906,274.4030499458313,662.0902252197266,244.72914934158325,731.727294921875,368.16447257995605,718.2083129882812,310.1647710800171,697.2734069824219,273.83440017700195,676.1081695556641,242.0667028427124,754.0436553955078,386.93684577941895,748.0884552001953,332.606406211853,726.1367034912109,303.1806421279907,701.2422943115234,278.4529495239258,777.3541259765625,417.80340671539307,786.7568969726562,383.38143825531006,773.4703826904297,364.9705410003662,754.2405700683594,350.85066318511963,101,1787822266.0834668
754.7584533691406,494.40905570983887,707.4019622802734,459.2297172546387,675.6946563720703,407.4834680557251,653.3638000488281,372.79443740844727,632.3144149780273,342.49680519104004,715.6052398681641,358.42442750930786,704.1218566894531,303.6815071105957,685.2705383300781,271.1286735534668,665.0734710693359,245.87455987930298,733.7165069580078,365.25725841522217,720.8878326416016,305.3328037261963,695.458984375,273.5415458679199,669.4917297363281,249.71503257751465,752.0771789550781,385.4407739639282,745.0021362304688,332.04848527908325,719.7002410888672,306.8526291847229,691.2860107421875,287.58321046829224,768.3219909667969,417.4582815170288,772.0205688476562,385.44944286346436,755.0707244873047,369.0817451477051,732.9766845703125,356.58071994781494,102,1787822266.1161518
757.1228790283203,488.9614248275757,705.0682830810547,452.52973079681396,674.1732025146484,398.6732053756714,651.3978576660156,364.6952819824219,630.0904846191406,336.48674726486206,718.4687042236328,353.6533570289612,702.1983337402344,302.0184087753296,681.474609375,272.06886291503906,659.9608612060547,248.81999015808105,735.0796508789062,360.8422565460205,716.9525909423828,300.2133250236511,688.5639953613281,270.38512229919434,661.6629028320312,250.03427982330322,748.9250183105469,380.9844446182251,733.2546997070312,336.42218112945557,705.5697631835938,312.3874855041504,678.4973907470703,293.3116149902344,755.9217834472656,411.9559335708618,745.2001190185547,388.4803819656372,726.9136047363281,374.506459236145,707.7789306640625,362.225546836853,103,1787822266.1564074
754.5493316650391,488.7115287780762,697.7873229980469,448.61374855041504,671.2794494628906,394.5957326889038,651.8546295166016,358.5034775733948,632.6122283935547,328.29195499420166,716.13037109375,354.7098684310913,694.1154479980469,304.4224190711975,671.6991424560547,273.25504302978516,650.1634216308594,247.98367738723755,733.2012939453125,360.786337852478,707.7667236328125,301.67946338653564,678.8965606689453,272.0626187324524,652.8173828125,250.89593410491943,745.0311279296875,380.6906461715698,720.8938598632812,338.77389907836914,691.180419921875,316.2428069114685,663.41552734375,298.8274812698364,746.8873596191406,412.32324600219727,729.3120574951172,390.71335315704346,708.4387969970703,378.7212610244751,687.3910522460938,369.2393732070923,104,1787822266.2008448
766.6191101074219,495.75634002685547,702.5389862060547,457.1130895614624,677.1246337890625,407.1020793914795,662.8855133056641,368.4272003173828,648.0643463134766,338.15454483032227,723.4442138671875,363.1041955947876,695.4634094238281,311.76044940948486,669.8197937011719,279.4249176979065,646.3402557373047,253.6626434326172,740.4778289794922,367.7445888519287,707.0687103271484,307.4027395248413,673.3168792724609,275.1877784729004,643.99169921875,254.13509845733643,748.41796875,386.8097734451294,710.2104187011719,340.4821014404297,674.832763671875,319.19405221939087,645.4403686523438,305.86572647094727,743.0390930175781,418.26401710510254,711.4268493652344,394.6524238586426,685.966796875,379.3117332458496,664.0493774414062,366.78375720977783,105,1787822266.2519815
780.3663635253906,497.3161840438843,713.3523559570312,462.75014877319336,687.2810363769531,415.45610904693604,675.6428527832031,381.9236469268799,662.2532653808594,356.3945531845093,734.736328125,360.1263427734375,703.3270263671875,307.86060333251953,676.0701751708984,276.85194969177246,650.2774047851562,252.60199069976807,749.7337341308594,368.98934841156006,708.4250640869141,306.9572138786316,673.7161254882812,275.96518993377686,644.2824554443359,255.14202117919922,755.2604675292969,394.16361808776855,711.1151885986328,345.2625274658203,675.9648895263672,322.5610828399658,646.6776275634766,306.7521858215332,749.5712280273438,431.10064029693604,720.1542663574219,405.1524782180786,692.6438903808594,394.36429023742676,667.3104858398438,386.50018215179443,106,1787822266.2950788
791.2985229492188,494.13504123687744,727.5242614746094,456.1754322052002,698.3892822265625,413.0031108856201,679.6163940429688,385.75783252716064,657.1170043945312,365.05512714385986,744.3313598632812,356.01694107055664,713.6200714111328,297.82281160354614,684.1481018066406,266.1835813522339,655.8686065673828,243.39051246643066,756.8504333496094,370.53996562957764,708.5475921630859,308.1707739830017,671.81884765625,277.8867030143738,642.3969268798828,255.9963583946228,760.6357574462891,399.2831611633301,709.2813110351562,347.5926375389099,671.6651916503906,324.39159393310547,642.0030975341797,308.4098553657532,755.1374816894531,436.5520477294922,723.2203674316406,406.7653226852417,693.5845947265625,394.25713062286377,666.8275451660156,384.96209621429443,107,1787822266.3494449
809.2514038085938,486.87028884887695,783.8572692871094,430.89125633239746,755.2329254150391,382.29971408843994,733.3628845214844,347.4863576889038,707.4784088134766,323.28343391418457,764.3547821044922,349.07864570617676,727.694091796875,286.62785053253174,692.6296234130859,256.5528202056885,662.0430755615234,236.6969633102417,769.2753601074219,370.9593343734741,715.6057739257812,309.74982261657715,671.7299652099609,277.5932478904724,636.2751770019531,255.76010942459106,767.0313262939453,403.8599109649658,708.1623840332031,352.3133683204651,661.1907958984375,327.8086853027344,625.2983856201172,310.2565670013428,759.6798706054688,441.0797882080078,712.84423828125,412.80574321746826,678.5275268554688,398.6013650894165,647.5006866455078,384.548864364624,108,1787822266.4022624
809.25048828125,486.1568212509155,789.7921752929688,426.4310646057129,761.7524719238281,376.3342237472534,735.7297515869141,342.53708124160767,707.4832916259766,320.9351706504822,770.6961059570312,345.5298042297363,733.7649536132812,281.7964839935303,698.8771820068359,252.48931646347046,668.6948394775391,232.5990629196167,771.6865539550781,371.6152095794678,717.5797271728516,307.17904329299927,671.6337585449219,274.79381561279297,635.2085113525391,253.65423202514648,765.1175689697266,405.9702730178833,707.0320892333984,352.51275300979614,659.4813537597656,328.34383964538574,625.3669738769531,312.0723581314087,754.3234252929688,442.2018098831177,704.9752807617188,409.74347591400146,668.3561706542969,395.2128553390503,636.4234924316406,381.93695068359375,109,1787822266.4471307
809.8200225830078,481.9392728805542,792.4935150146484,422.70764350891113,767.896728515625,371.8044662475586,744.7315979003906,337.37224102020264,717.2502899169922,316.0566830635071,773.6217498779297,340.5747127532959,736.6192626953125,274.672794342041,701.4801025390625,245.04833221435547,671.0397338867188,224.4662618637085,774.5468139648438,366.604585647583,718.0253601074219,300.7238459587097,671.5180206298828,268.44976902008057,634.8176574707031,246.87854290008545,766.9598388671875,400.75695991516113,707.8141021728516,345.95582485198975,661.3133239746094,320.19522428512573,628.1813049316406,302.2362470626831,754.1631317138672,437.0236873626709,701.3267517089844,404.81722354888916,664.3830108642578,389.3347406387329,632.6633453369141,374.5324659347534,110,1787822266.4891493
809.6743011474609,480.8317995071411,790.5220031738281,420.0867176055908,765.9397888183594,366.5486240386963,742.7071380615234,328.56725692749023,715.1749420166016,303.06509256362915,775.4884338378906,337.3884630203247,737.9707336425781,270.1209354400635,703.4931945800781,238.16518306732178,673.1421661376953,215.7178831100464,777.3418426513672,361.424617767334,720.36865234375,295.0868082046509,674.6848297119141,260.5544400215149,637.5042724609375,237.5971555709839,771.4175415039062,395.50867080688477,713.0176544189453,337.538366317749,668.0255126953125,308.9357399940491,633.8896179199219,288.65227460861206,760.6221008300781,433.1917333602905,713.0572509765625,401.05140209198,677.513427734375,384.9122714996338,645.0832366943359,370.3010559082031,111,1787822266.5393333
810.9010314941406,483.3254384994507,779.9684143066406,425.84415435791016,751.9708251953125,371.5368461608887,728.8540649414062,332.2783398628235,702.3147583007812,303.50096225738525,769.7525024414062,336.90982818603516,733.3327484130859,267.24706649780273,697.6386260986328,232.47312784194946,666.6713714599609,208.06721448898315,773.6497497558594,358.8512635231018,717.1682739257812,289.1740393638611,669.1420745849609,254.90450620651245,631.7129898071289,232.08892822265625,769.7462463378906,392.6527404785156,711.9513702392578,332.6633548736572,664.6114349365234,305.9886145591736,629.7089385986328,288.09330224990845,760.76904296875,431.3266324996948,715.7168579101562,395.59767723083496,678.0065155029297,379.6567726135254,644.6981048583984,366.6395616531372,112,1787822266.582734
807.6060485839844,485.3405714035034,773.46923828125,428.35285663604736,741.9770050048828,376.19380474090576,715.7270812988281,339.89516973495483,687.4410247802734,313.7532877922058,759.4676208496094,335.5366015434265,722.6271057128906,264.3566107749939,685.8252716064453,228.90851497650146,655.0938415527344,204.18395519256592,764.9211120605469,357.1853971481323,709.2710113525391,287.3271346092224,658.9485931396484,254.37130451202393,620.3838729858398,232.88732528686523,762.5563049316406,391.4120578765869,704.5146179199219,335.98000288009644,655.7426452636719,310.1730537414551,621.4118194580078,291.75513982772827,754.4710540771484,430.47523498535156,706.4057159423828,398.0238103866577,667.0013427734375,382.51304626464844,633.466796875,369.0820026397705,113,1787822266.6318576
763.5283660888672,478.227481842041,695.0894927978516,441.4420795440674,655.8250427246094,384.0522050857544,631.4639282226562,343.3266592025757,605.6905364990234,309.66819763183594,686.4192962646484,323.6326789855957,654.5916748046875,270.24704217910767,624.6327972412109,240.1076602935791,595.9866714477539,217.05349445343018,706.063232421875,325.61339378356934,669.2477416992188,265.8571672439575,631.6444778442383,235.57846069335938,596.8765640258789,216.5081262588501,721.5771484375,341.62508726119995,683.8756561279297,293.3070659637451,646.2266540527344,272.9281783103943,612.1015167236328,261.8172883987427,729.4745635986328,370.9979581832886,695.4475402832031,346.08487129211426,665.6713104248047,335.38575410842896,639.1540908813477,329.7291898727417,114,1787822266.6654074
719.4178009033203,482.0996046066284,660.6891632080078,457.5031042098999,617.3328399658203,406.35226249694824,589.3412017822266,369.9501371383667,554.7698593139648,339.7707152366638,639.7152709960938,332.1462035179138,611.0863494873047,273.21223497390747,585.6237030029297,240.76911449432373,560.3524017333984,213.9839744567871,668.9121246337891,335.3605842590332,645.8686065673828,272.8497076034546,613.4926223754883,244.35894012451172,579.407844543457,222.21367835998535,701.3267517089844,354.4199752807617,686.3667297363281,291.7933988571167,655.7299041748047,266.77173614501953,622.4033355712891,247.27653980255127,735.6116485595703,387.00267791748047,732.9567718505859,339.9958920478821,713.2038116455078,320.9421443939209,689.0878295898438,308.821005821228,115,1787822266.7234397
700.0753784179688,496.5086030960083,637.9396438598633,479.20191764831543,586.2227630615234,442.24627017974854,550.0053787231445,411.2107515335083,512.7219390869141,382.6238965988159,614.2162322998047,354.13233518600464,576.6007995605469,293.86361360549927,550.9643173217773,260.74788093566895,527.2084808349609,232.14956760406494,649.9349212646484,346.5338945388794,616.9804763793945,280.16003608703613,591.6539764404297,242.51516819000244,565.7767486572266,209.71115112304688,688.7674713134766,356.40418767929077,670.5937194824219,294.68520641326904,649.0627288818359,259.6763277053833,622.0381164550781,227.80099868774414,730.9319305419922,379.2183494567871,734.1010284423828,333.028564453125,724.7245025634766,304.3280267715454,706.9878387451172,277.77096033096313,116,1787822266.7702143
687.0267486572266,510.04122734069824,620.9312438964844,501.7508840560913,564.0732574462891,467.462854385376,524.8721313476562,435.8459186553955,484.6568298339844,411.0782289505005,589.1812896728516,370.4994535446167,548.9677429199219,312.3919486999512,522.6415634155273,278.66276264190674,499.5368957519531,249.23667669296265,627.22412109375,357.0735168457031,593.612174987793,291.04557752609253,568.6667251586914,251.38392448425293,545.2702331542969,217.60504245758057,669.0851593017578,362.19584941864014,650.8119201660156,299.1644525527954,631.9003677368164,262.42218017578125,609.6482086181641,230.34326076507568,713.623046875,380.39371490478516,715.8266448974609,331.166467666626,709.9750518798828,299.9352550506592,697.7519989013672,271.22626304626465,117,1787822266.832764
677.4741363525391,523.2885932922363,609.5775604248047,511.7437219619751,553.2419586181641,477.8273820877075,512.686767578125,446.7820358276367,470.67626953125,419.93428230285645,578.0894470214844,382.431378364563,533.8038635253906,324.8742198944092,505.79296112060547,291.68480157852173,481.13162994384766,261.0667419433594,616.047477722168,368.7152910232544,580.1308441162109,303.6003112792969,553.6747360229492,262.53594875335693,528.5790252685547,225.53099155426025,657.8865051269531,373.93632888793945,637.7464294433594,310.9126138687134,619.372673034668,271.8115425109863,597.7996826171875,236.07593536376953,702.6649475097656,392.80062675476074,703.4957122802734,343.5747957229614,697.7250671386719,311.5900754928589,685.6375885009766,281.2905550003052,118,1787822266.8903315
670.4653930664062,529.2624521255493,599.9766159057617,519.9065637588501,541.9561004638672,482.18217372894287,502.1986770629883,450.01596450805664,462.0754623413086,423.00697803497314,566.4768981933594,386.0451936721802,526.1025238037109,328.15529108047485,500.8536148071289,293.78252506256104,478.92406463623047,262.60167360305786,607.5553131103516,371.7826223373413,574.7638702392578,305.9782934188843,550.6152725219727,263.9694929122925,527.1653747558594,225.95203399658203,651.4933013916016,376.70097827911377,632.5832748413086,313.33024978637695,613.8026428222656,274.26488399505615,591.541633605957,238.1738519668579,697.1940612792969,396.01022243499756,700.2816009521484,347.5386929512024,695.2676391601562,315.0520992279053,683.6418151855469,283.5886287689209,119,1787822266.930071
660.6051635742188,541.0048198699951,591.1319351196289,532.3440742492676,533.8129043579102,492.535457611084,492.1687698364258,458.2094478607178,451.1649703979492,427.5006866455078,561.5671157836914,389.8549175262451,519.5528411865234,329.7680068016052,493.04859161376953,293.2120084762573,470.6517791748047,259.68310832977295,604.2362976074219,376.1172866821289,572.9965209960938,306.9696378707886,549.3312454223633,262.9249978065491,526.3557815551758,223.52083683013916,649.0300750732422,383.0415916442871,633.0133438110352,316.42481088638306,616.5493011474609,275.169153213501,596.7925262451172,236.67258739471436,694.3698883056641,405.89856147766113,700.1871490478516,355.1239585876465,698.4097290039062,320.6939435005188,690.6926727294922,287.05365657806396,120,1787822266.96742
662.0576477050781,544.5761489868164,592.644157409668,532.6072311401367,533.6859893798828,492.09081172943115,492.5883102416992,456.23804569244385,452.4945831298828,424.39807891845703,564.8112487792969,389.2393398284912,525.7966995239258,326.9441342353821,501.36192321777344,290.86531162261963,480.3538513183594,257.52845764160156,608.5566711425781,376.60094261169434,578.7262725830078,304.5654344558716,557.3162078857422,260.0337266921997,535.9535598754883,220.1203966140747,654.2427062988281,384.14563179016113,640.4738616943359,315.06922245025635,625.7487869262695,273.48888874053955,606.8450927734375,234.22461032867432,701.2893676757812,406.44847869873047,708.6992645263672,353.52553367614746,707.7139282226562,319.1871213912964,699.47509765625,285.78975677490234,121,1787822267.017901
666.2016296386719,544.9192142486572,595.7103729248047,532.0400619506836,535.7137680053711,490.8976364135742,494.80274200439453,455.8012104034424,455.4217529296875,423.0044889450073,566.3919067382812,386.92023754119873,528.7625885009766,324.2528486251831,505.1531982421875,287.88020610809326,484.6044921875,254.6509838104248,610.8644104003906,374.81008529663086,582.3051071166992,301.89592838287354,562.5339126586914,257.2113347053528,542.8945541381836,217.62023448944092,657.2512054443359,382.7515697479248,642.9530334472656,313.99582386016846,629.0275573730469,272.4405527114868,611.2189865112305,233.5453462600708,704.8394775390625,405.43717861175537,712.1817779541016,350.7942295074463,712.6300048828125,316.240918636322,706.0646057128906,282.98656940460205,122,1787822267.068474
669.5828247070312,543.7419605255127,598.4707260131836,531.4947366714478,538.5712432861328,491.08564853668213,498.3811950683594,455.71932792663574,459.1899108886719,422.1459674835205,568.9823913574219,385.47746658325195,531.4234924316406,321.9675850868225,507.75562286376953,284.95189905166626,487.5422668457031,250.86984157562256,613.5781478881836,373.71415615081787,584.6515274047852,300.3997278213501,564.8430633544922,255.35408735275269,545.3309631347656,214.58431720733643,659.9524688720703,382.13157176971436,645.5345916748047,313.1871700286865,631.9787216186523,270.78884840011597,614.6364212036133,230.3170394897461,707.6847839355469,405.08291244506836,715.509033203125,349.7695827484131,716.370849609375,314.5753526687622,710.1321411132812,280.06911993026733,123,1787822267.1182632
673.538818359375,544.8895168304443,602.5747299194336,533.1053924560547,542.1403503417969,491.918249130249,501.2586975097656,455.6223392486572,460.9202575683594,422.75845527648926,571.4353561401367,384.8742914199829,533.6604309082031,321.72022104263306,509.9378967285156,284.35773611068726,489.5292282104492,250.11873722076416,616.009407043457,372.4512004852295,586.8508911132812,299.06055450439453,566.8660354614258,253.65204334259033,547.3543548583984,212.78884649276733,662.6149749755859,380.54091453552246,647.8455352783203,311.63496494293213,633.8585662841797,269.0449619293213,616.5599822998047,228.40657711029053,710.4508972167969,403.5117816925049,717.8453826904297,347.69202947616577,718.9081573486328,311.6093873977661,713.5688781738281,276.0197353363037,124,1787822267.1515782
678.1282043457031,543.9525032043457,605.9793090820312,532.9581928253174,544.6118545532227,490.85206031799316,504.3689727783203,453.0755281448364,463.68560791015625,420.055947303772,573.6971282958984,384.6768808364868,534.9928283691406,321.3625645637512,510.9674835205078,283.8651752471924,490.2249526977539,249.43445205688477,618.3536911010742,371.5910482406616,588.0049514770508,297.93694496154785,567.5645446777344,252.53371238708496,547.6354598999023,211.4941120147705,664.9746704101562,379.47154998779297,649.5944976806641,309.86831188201904,635.5446243286133,266.7006468772888,618.3113479614258,225.53178548812866,712.7215576171875,402.4470520019531,719.0333557128906,347.6071000099182,720.1592254638672,311.5398645401001,715.3584289550781,275.6789445877075,125,1787822267.2035265
680.9067535400391,544.0685033798218,610.1925659179688,533.0982255935669,548.5980606079102,490.08636474609375,507.81288146972656,451.20875358581543,465.7818603515625,419.7926616668701,577.2587585449219,384.6741771697998,539.3877792358398,321.1401128768921,515.5434799194336,284.11580085754395,494.84466552734375,250.0145387649536,621.5072631835938,371.92304134368896,591.9273376464844,298.2912540435791,571.4195251464844,253.2662558555603,551.0817337036133,212.6866865158081,667.4588775634766,379.67544078826904,653.1283569335938,310.23210525512695,639.1224670410156,267.53565073013306,621.7297744750977,227.17033624649048,714.3981170654297,402.2493839263916,721.3895416259766,346.6170001029968,722.4795532226562,309.99958992004395,717.3274230957031,274.2871570587158,126,1787822267.263617
684.4163513183594,542.3192310333252,613.4856414794922,530.420994758606,551.8704223632812,487.92720794677734,511.50611877441406,449.6745300292969,470.9156036376953,418.2076692581177,582.6113510131836,383.40049266815186,544.9767684936523,319.7517156600952,521.7263793945312,282.74160861968994,502.1819305419922,248.3942699432373,626.5637969970703,371.1461019515991,597.2978210449219,297.7570867538452,577.283821105957,252.86931037902832,557.4692535400391,212.12531089782715,672.0026397705078,379.0016269683838,658.7416839599609,309.65128898620605,645.4383850097656,266.84248208999634,628.5214996337891,226.03578329086304,718.6899566650391,401.53510093688965,727.076416015625,346.4613676071167,728.5919952392578,309.95924949645996,723.4505462646484,274.3441700935364,127,1787822267.3060567
693.9468383789062,537.9277038574219,622.6059341430664,524.3053436279297,564.0267944335938,479.9970531463623,527.1521377563477,439.68323707580566,487.0310974121094,409.17283058166504,595.0558090209961,378.7269687652588,559.0836334228516,313.15021991729736,535.8888244628906,275.509729385376,515.4080963134766,240.54998874664307,638.4748077392578,366.8903160095215,608.9685821533203,291.92639350891113,589.2342376708984,245.30904293060303,570.3091049194336,203.39637279510498,684.267578125,374.0669631958008,670.1615142822266,303.10948848724365,656.7570495605469,259.78155612945557,639.9395751953125,219.21842336654663,732.1856689453125,395.0252294540405,741.0287475585938,338.87702465057373,741.3201141357422,302.1151399612427,735.1854705810547,266.4044237136841,128,1787822267.3507223
696.7933654785156,537.0341205596924,626.3822174072266,525.2465629577637,566.69677734375,481.08890533447266,528.0809020996094,440.28332233428955,488.16123962402344,407.1417760848999,596.8239593505859,377.01417446136475,560.4610061645508,313.28654050827026,537.6019668579102,275.02751111984253,518.7225341796875,240.1653814315796,640.8110809326172,364.3874931335449,612.9082489013672,290.66277265548706,593.8882064819336,244.85411882400513,576.1774826049805,203.84097576141357,686.3876342773438,371.6239643096924,671.5169525146484,302.74423599243164,657.6110076904297,259.3012261390686,641.8998718261719,218.42073440551758,732.9093933105469,393.8969421386719,741.1369323730469,339.4345808029175,743.2410430908203,302.69606351852417,740.25390625,266.46302461624146,129,1787822267.4194746
697.491455078125,535.5069351196289,627.650146484375,524.7733783721924,567.5862121582031,481.58337593078613,529.2758941650391,440.5502128601074,489.76978302001953,406.8099117279053,597.7568054199219,376.6689205169678,562.1500778198242,313.24437618255615,540.2217102050781,274.95680809020996,522.4185180664062,239.7832202911377,641.8389892578125,363.85873317718506,614.3973922729492,289.713077545166,595.414924621582,244.00952339172363,577.5530242919922,202.9143476486206,687.1828460693359,371.0367965698242,672.5504302978516,301.9452381134033,658.575439453125,258.6560583114624,642.7438354492188,217.72095680236816,733.37158203125,393.1244230270386,741.259765625,338.8405680656433,743.4233856201172,302.3664951324463,740.44921875,266.335244178772,130,1787822267.4613817
698.1856536865234,535.558648109436,627.871208190918,524.5179462432861,567.7936553955078,481.2695789337158,529.6207046508789,440.3531885147095,490.7065200805664,406.36582374572754,598.8106536865234,376.51498317718506,563.2034683227539,313.16118478775024,541.3209915161133,274.81767654418945,523.6395263671875,239.56536054611206,642.8046417236328,363.8495063781738,615.4400634765625,289.46949005126953,596.4298248291016,243.61663341522217,578.5982131958008,202.56941556930542,687.9031372070312,371.1645555496216,673.1758880615234,302.0011782646179,659.2063903808594,258.75343322753906,643.3974456787109,218.03136348724365,733.8137054443359,393.3159112930298,741.5475463867188,338.75441551208496,743.7001800537109,302.12990283966064,740.6911468505859,266.0619378089905,131,1787822267.521725
697.7681732177734,535.2411603927612,627.609977722168,523.4361362457275,567.8940200805664,480.1983690261841,530.3855133056641,439.39935207366943,492.42259979248047,405.05115509033203,599.2567443847656,375.43506145477295,563.7634658813477,312.2659492492676,542.0163726806641,273.9603567123413,524.8472595214844,238.5633945465088,643.2902526855469,362.7568817138672,616.23046875,288.5901117324829,597.5210952758789,242.72549629211426,580.1065063476562,201.61416292190552,688.3329772949219,369.78654384613037,673.8069152832031,300.50081491470337,659.9736785888672,257.42352962493896,644.4315338134766,216.97912216186523,733.997802734375,391.68830394744873,741.6416168212891,337.1326017379761,743.78662109375,300.5376148223877,740.9547424316406,264.5625829696655,132,1787822267.5642545
698.935546875,535.0809574127197,627.8816986083984,522.562894821167,568.329963684082,477.66563415527344,531.2358856201172,436.26880645751953,492.9511260986328,403.1239986419678,600.2423095703125,373.7701177597046,565.163459777832,310.5359888076782,543.5674285888672,272.4038600921631,526.2893295288086,236.95981979370117,644.2191314697266,361.3932466506958,617.2620010375977,287.0492362976074,598.4623718261719,241.02731466293335,581.0053253173828,199.73620891571045,689.3679046630859,368.9674186706543,674.9241638183594,298.9800024032593,660.9510803222656,255.80390453338623,645.2410125732422,215.3221607208252,735.2323150634766,391.4926528930664,743.1259918212891,336.6177463531494,745.1155090332031,300.0784206390381,742.1549987792969,264.12675619125366,133,1787822267.6131213
702.0124816894531,531.1525726318359,632.9530715942383,509.46736335754395,574.5808410644531,461.1967420578003,537.1832275390625,423.1317329406738,500.38440704345703,393.8277196884155,612.1059799194336,367.6206922531128,578.6943817138672,303.3674955368042,556.7403030395508,266.7159032821655,537.393913269043,232.726628780365,654.2324829101562,358.83414030075073,627.4440765380859,285.8663606643677,608.8252639770508,240.23754358291626,590.3386306762695,198.92791986465454,697.6981353759766,368.6567544937134,687.728271484375,301.5504813194275,675.1615142822266,259.6617794036865,658.4976196289062,219.99600648880005,742.5334930419922,391.90635681152344,754.2064666748047,337.9443883895874,755.9359741210938,301.64706230163574,750.4296875,266.48622035980225,134,1787822267.6623087
703.0598449707031,526.5063428878784,633.3755874633789,507.0897674560547,575.5097579956055,459.59853172302246,537.6980590820312,420.1755952835083,500.3601837158203,390.1890993118286,615.0463104248047,365.7171392440796,581.5095138549805,301.38474225997925,559.998779296875,263.9793634414673,541.4714050292969,230.2873420715332,657.2863006591797,356.460063457489,632.8270721435547,283.0313301086426,614.8743057250977,238.14981937408447,597.0510482788086,198.211190700531,700.5020141601562,366.19916439056396,689.6705627441406,297.49772787094116,676.5065765380859,255.6067943572998,660.3125,216.39963626861572,744.5176696777344,389.9892854690552,755.6704711914062,336.56485319137573,758.2270050048828,301.1584496498108,754.4925689697266,266.7290782928467,135,1787822267.7204995
703.0583190917969,522.8881072998047,634.3107604980469,504.69045639038086,576.7161178588867,458.51367473602295,539.5215606689453,418.57927322387695,504.1384506225586,386.8395137786865,616.1995697021484,362.90481090545654,582.5887298583984,298.7599754333496,561.201057434082,261.33586406707764,543.2355880737305,228.1111478805542,658.4321594238281,353.2353186607361,633.8723754882812,279.7106695175171,616.3346862792969,235.00845909118652,599.5107650756836,196.00789546966553,701.9298553466797,362.74821281433105,690.4303741455078,293.3883047103882,677.1311950683594,251.2879228591919,661.4959716796875,212.27701663970947,746.436767578125,386.49245738983154,757.4180603027344,332.733736038208,759.7367095947266,297.2268033027649,756.1125946044922,262.59909868240356,136,1787822267.773089
705.3582763671875,519.5334148406982,635.9583282470703,502.1560478210449,578.8274383544922,457.5425434112549,541.5580749511719,417.6789951324463,506.2533950805664,383.6877679824829,617.0917129516602,361.51289463043213,582.6735305786133,297.1126699447632,560.9928512573242,259.05935525894165,543.2506561279297,224.8565125465393,659.7404479980469,351.4386034011841,634.7302627563477,277.9470634460449,617.212028503418,232.63129234313965,601.0010147094727,192.528555393219,703.3539581298828,360.5948495864868,690.8170318603516,291.61343336105347,677.9004669189453,249.0245246887207,663.1257629394531,209.19007301330566,747.9977416992188,383.638072013855,757.2425842285156,329.79012966156006,759.4605255126953,294.3461751937866,756.1765289306641,259.6671438217163,137,1787822267.8146746
706.424560546875,516.2662696838379,637.25341796875,498.66222381591797,580.2271270751953,455.00826358795166,542.4613189697266,416.82618141174316,507.3056411743164,383.041934967041,616.7181777954102,359.4487738609314,581.7389297485352,296.08205795288086,560.1316070556641,258.2230854034424,542.9058456420898,223.99245500564575,659.8001098632812,349.1444993019104,634.3081665039062,276.8975257873535,616.7716217041016,231.92988395690918,600.6708526611328,191.75798892974854,703.6734008789062,358.0749249458313,690.2964019775391,290.202419757843,677.2069549560547,248.27573776245117,662.3200225830078,208.74229431152344,748.2724761962891,381.13293170928955,756.9806671142578,328.63802433013916,758.5566711425781,293.5470485687256,754.7502136230469,258.795747756958,138,1787822267.8544252
708.0131530761719,512.6160192489624,638.75244140625,496.15395069122314,582.159423828125,453.6745834350586,544.3516540527344,415.2955627441406,508.31554412841797,381.4429521560669,617.4997711181641,358.66913080215454,582.3045349121094,295.85636615753174,560.4994583129883,258.1272554397583,542.9774856567383,223.76558303833008,660.5376434326172,348.1068277359009,634.9185180664062,276.1955165863037,616.8447113037109,231.65410995483398,599.8669052124023,191.5363311767578,704.2941284179688,356.6200518608093,690.5635833740234,289.3070340156555,677.0769500732422,247.57256984710693,661.580810546875,208.07873725891113,748.9682006835938,379.04016494750977,757.2187805175781,327.0576024055481,758.9603424072266,292.60261058807373,755.1177215576172,258.6432695388794,139,1787822267.90652
708.7541961669922,506.9454860687256,640.6732177734375,490.6564521789551,584.2280197143555,449.2041349411011,545.6697082519531,412.7705955505371,509.19464111328125,379.98992443084717,618.4867095947266,355.1813578605652,583.4281921386719,292.2811532020569,561.4894866943359,254.8750877380371,543.7049865722656,221.14742517471313,660.9645843505859,344.9893069267273,635.449104309082,273.2856845855713,617.2031402587891,228.95915508270264,599.7143173217773,189.4975733757019,704.5791625976562,353.7727689743042,691.04248046875,285.50153732299805,677.6708221435547,243.71536016464233,661.8647766113281,204.1602873802185,749.1107940673828,376.4491081237793,757.4072265625,324.26319122314453,759.1976928710938,289.7272825241089,755.2198791503906,255.72717189788818,140,1787822267.962037
706.8400573730469,489.53953742980957,642.65380859375,472.54300117492676,589.3453598022461,432.6865339279175,552.3255920410156,396.59777641296387,517.3384475708008,363.0896472930908,621.4912414550781,336.6529583930969,586.8963623046875,274.36833143234253,566.7527389526367,237.73375511169434,550.7135772705078,204.30278778076172,662.8992462158203,325.8570671081543,635.745964050293,253.7259006500244,617.3197174072266,209.69231128692627,600.1936340332031,170.77253580093384,706.6498565673828,333.72031688690186,694.5628356933594,266.71358585357666,682.1553802490234,225.46842098236084,667.7716827392578,186.04445457458496,751.3581848144531,355.14097452163696,759.11376953125,303.06305408477783,760.7480621337891,268.9075255393982,757.1927642822266,234.94170427322388,141,1787822268.0042236
705.7612609863281,488.4188461303711,642.9254913330078,472.1117877960205,589.5064163208008,430.7972717285156,553.3931732177734,393.1406021118164,518.8855743408203,357.43128061294556,620.6443405151367,334.1761636734009,586.556510925293,273.05696725845337,565.8267211914062,236.3949680328369,549.7492599487305,202.54870891571045,662.7635192871094,323.08319091796875,638.0829620361328,252.15052127838135,621.0569000244141,208.22585105895996,605.4825592041016,169.06214475631714,706.3077545166016,330.8634853363037,693.4839630126953,263.7301540374756,681.7997741699219,221.25246047973633,668.8284301757812,181.635160446167,750.872802734375,352.73202896118164,759.2353820800781,301.3190174102783,761.6522979736328,266.88835859298706,759.0784454345703,233.51032733917236,142,1787822268.0424778
706.5586853027344,485.87714195251465,643.7068176269531,469.88585472106934,590.2022933959961,428.24767112731934,554.542236328125,389.8964595794678,520.0209045410156,354.39399003982544,621.3341903686523,332.91316509246826,586.4723587036133,271.7921018600464,565.3724670410156,235.2465534210205,548.7276077270508,201.37830018997192,663.2358551025391,321.68230533599854,638.2778167724609,251.23350620269775,620.9197616577148,207.7672576904297,604.7006225585938,168.40197801589966,706.6500854492188,329.4480085372925,694.241943359375,263.22182178497314,682.4052429199219,221.34005069732666,668.7790679931641,181.76832675933838,751.2889099121094,351.2109589576721,759.9348449707031,300.04342317581177,761.9325256347656,265.6178283691406,758.5560607910156,231.8550181388855,143,1787822268.0891662
707.6387023925781,481.81262969970703,644.2567443847656,466.72921657562256,590.0107574462891,425.98362922668457,554.2963790893555,387.3519229888916,519.1044235229492,352.6992416381836,621.1756134033203,330.87944984436035,585.5979919433594,269.720664024353,564.4621276855469,232.84393787384033,547.8271484375,198.79498958587646,663.1144714355469,319.706289768219,638.4178924560547,249.749493598938,621.1223602294922,206.51305675506592,605.0587463378906,167.71989226341248,706.5381622314453,327.4549126625061,693.9128875732422,262.5925540924072,681.6276550292969,221.8361520767212,667.6959228515625,183.52304935455322,751.375732421875,349.2693829536438,759.7982025146484,299.62905406951904,761.3201904296875,266.42974376678467,757.4921417236328,233.90450477600098,144,1787822268.143339
710.1487731933594,477.4654769897461,645.8200836181641,462.2531461715698,591.5634536743164,421.35263442993164,555.5348968505859,383.7276363372803,519.5128631591797,351.37264251708984,622.3934936523438,328.5807752609253,586.3101196289062,269.23954010009766,565.2053070068359,234.0169858932495,548.0293273925781,201.52414798736572,663.7870025634766,319.00009632110596,639.0315628051758,252.63121604919434,622.0106506347656,212.18685150146484,605.7905197143555,175.40011882781982,706.6090393066406,327.66414642333984,694.5411682128906,268.79412174224854,682.491455078125,232.5304412841797,668.1659698486328,197.59473323822021,750.7369995117188,349.60910081863403,758.7856292724609,303.3189797401428,760.1173400878906,273.0220127105713,756.2234497070312,242.80394554138184,145,1787822268.1914473
713.2579040527344,469.93237495422363,649.2279815673828,454.61597442626953,594.6702194213867,414.8464107513428,558.6146926879883,381.75468921661377,521.8446731567383,351.77690505981445,624.2757797241211,328.2555413246155,589.4134140014648,274.1994380950928,567.6917266845703,243.86919021606445,549.1240692138672,213.8700556755066,665.1572418212891,321.3348197937012,641.2035369873047,266.69687032699585,624.1929244995117,234.82675552368164,606.4627838134766,201.87227725982666,707.0417785644531,331.0275077819824,698.2392120361328,285.73439598083496,685.3355407714844,258.562695980072,667.3470306396484,229.37238693237305,750.5718994140625,352.072548866272,755.9171295166016,313.2731080055237,754.1470336914062,289.2049169540405,745.9000396728516,263.69322538375854,146,1787822268.2356386
721.5558624267578,441.06146335601807,661.3916015625,429.2702579498291,605.1373291015625,403.3573293685913,559.7837448120117,384.0211772918701,520.135498046875,365.54826736450195,635.5205917358398,337.7868890762329,610.7739639282227,306.9938850402832,583.6129760742188,310.9851408004761,557.7909469604492,321.9046711921692,676.7264556884766,330.02710819244385,661.3964080810547,292.5140118598938,631.5391159057617,311.5960621833801,605.2973175048828,339.2045331001282,718.3480834960938,335.3455424308777,707.1007537841797,305.26079177856445,683.9196014404297,329.45257902145386,663.0123138427734,357.24775314331055,760.3118896484375,352.53150701522827,758.0774688720703,336.85622692108154,744.3601989746094,354.303674697876,729.7731781005859,373.52288246154785,147,1787822268.288102
708.9821624755859,433.5362148284912,651.9406127929688,424.3715572357178,599.033317565918,401.0579252243042,557.9986953735352,383.3402395248413,518.072624206543,367.23140716552734,634.2549133300781,326.9087290763855,611.40380859375,308.7064218521118,587.3577880859375,314.1922903060913,563.7124252319336,325.2892541885376,675.3577423095703,317.08418369293213,661.4569854736328,293.7154483795166,638.0341339111328,317.74083137512207,618.1459045410156,345.9721541404724,716.2626647949219,322.02343940734863,704.9569702148438,306.3205862045288,683.8522338867188,337.4606680870056,665.5779266357422,368.17567348480225,756.3324737548828,339.9879741668701,749.166259765625,335.0517439842224,737.6280975341797,355.90102672576904,726.7992401123047,375.5249261856079,148,1787822268.3572593
707.6493072509766,422.07043647766113,655.2813720703125,419.6796226501465,601.4230346679688,401.22636795043945,557.9126739501953,387.1734809875488,523.0405807495117,372.8592824935913,628.6038208007812,326.32729053497314,599.9031066894531,309.14973735809326,578.4700775146484,317.61547565460205,558.6800384521484,332.1787762641907,672.6384735107422,314.8970675468445,655.2550506591797,292.5205993652344,626.3731384277344,318.12610387802124,601.6745758056641,350.0966191291809,715.0199890136719,318.45247507095337,704.8519134521484,304.7843670845032,680.0592803955078,340.9704780578613,658.3141326904297,375.5637216567993,755.1451110839844,335.3718066215515,749.0583801269531,336.61489248275757,737.2293090820312,365.299015045166,726.5550994873047,391.5971088409424,149,1787822268.4003134
712.4465179443359,424.3664503097534,658.4642028808594,418.46344470977783,606.9956588745117,399.7481918334961,562.1616363525391,384.82712745666504,520.0849151611328,370.8816146850586,630.969352722168,322.90258169174194,604.0327453613281,307.8706884384155,581.201057434082,318.7886095046997,560.7375717163086,333.31270694732666,672.3321533203125,311.0191512107849,655.7088470458984,289.5645260810852,627.2192764282227,317.81458139419556,604.9348068237305,349.87191438674927,713.4846496582031,314.03831005096436,703.1210327148438,302.8306245803833,679.0016174316406,341.5647053718567,660.1186370849609,375.9300470352173,752.8987884521484,330.042986869812,746.8345642089844,336.35064125061035,735.7247924804688,366.2794589996338,727.67333984375,390.20193099975586,150,1787822268.4630423
711.9468688964844,421.5845489501953,659.664306640625,418.14664363861084,606.5557479858398,401.58767223358154,561.9268035888672,388.80868434906006,522.3944091796875,372.6268529891968,630.9477996826172,318.7458872795105,599.8712539672852,304.75754499435425,580.567626953125,323.0991554260254,563.8711929321289,345.9998345375061,672.1751403808594,305.9552264213562,654.0896606445312,289.0954399108887,628.1196212768555,324.8960208892822,608.9148712158203,364.69189167022705,713.2432556152344,308.99601459503174,703.6962890625,299.8354768753052,682.1980285644531,341.2159538269043,664.5606994628906,379.1725158691406,750.9590148925781,325.67551374435425,749.8886108398438,340.34730434417725,742.3548889160156,375.27777671813965,735.3082275390625,402.4047803878784,151,1787822268.5017338
719.3595886230469,423.5612726211548,665.0955200195312,418.0469512939453,609.4355392456055,401.4444637298584,564.024658203125,388.33446979522705,525.7751083374023,370.32886505126953,634.2833709716797,313.6885714530945,600.4271697998047,305.8111596107483,581.1952972412109,327.45654344558716,565.0241088867188,352.76118993759155,673.5267639160156,298.8516855239868,650.6337738037109,294.026198387146,625.3853225708008,331.142520904541,607.4271774291992,369.613037109375,713.2241058349609,301.2097764015198,699.8611450195312,307.8591227531433,679.4841003417969,351.11300468444824,663.9922332763672,387.61181831359863,750.0785064697266,317.7704429626465,749.7917938232422,343.16203594207764,743.5865783691406,380.01760482788086,738.8562774658203,405.6821823120117,152,1787822268.543329
735.2783203125,414.563684463501,677.4928283691406,410.7459783554077,616.6493606567383,391.70074939727783,569.793586730957,380.80355644226074,543.7812042236328,369.32215690612793,646.9645690917969,299.67478036880493,611.7173767089844,287.5854206085205,589.6697235107422,322.31951236724854,573.6742782592773,358.9975833892822,689.9972534179688,288.50157737731934,666.4236450195312,274.934663772583,637.1847152709961,327.01674699783325,618.2270431518555,375.08517265319824,731.5462493896484,294.2576837539673,715.9801483154297,286.1684846878052,690.6057739257812,338.92401695251465,673.624267578125,384.97286796569824,768.3197021484375,312.9445266723633,761.7919921875,325.03697633743286,750.6524658203125,368.4224796295166,741.2924194335938,400.0488567352295,153,1787822268.5905678
724.85595703125,419.4556474685669,751.3409423828125,421.7098617553711,772.3310089111328,414.6320056915283,763.4062957763672,411.6172456741333,742.4556732177734,404.2825412750244,741.0930633544922,294.21998262405396,719.4721984863281,307.69293308258057,688.9761352539062,343.7534523010254,659.7419738769531,378.70396614074707,707.9328155517578,280.320839881897,679.9015045166016,296.1824369430542,652.1652984619141,343.33065032958984,632.4139785766602,385.63015937805176,678.2530975341797,282.86125659942627,653.3489990234375,297.53652334213257,630.0740051269531,344.53657150268555,615.1345062255859,389.1014528274536,650.9177398681641,298.8994073867798,613.8335418701172,309.5998978614807,593.6202239990234,341.1319041252136,580.1969909667969,368.8458824157715,154,1787822268.6395211
702.9048919677734,364.62666034698486,732.2714233398438,384.81871604919434,760.8632659912109,394.01405811309814,779.8381805419922,402.94392585754395,798.5105133056641,398.47742557525635,747.2819519042969,298.85936737060547,748.1268310546875,333.8084864616394,734.5536804199219,372.6061248779297,715.9705352783203,407.1132802963257,707.7794647216797,276.63087129592896,686.6218566894531,320.13213872909546,662.8385162353516,363.7218761444092,640.6485748291016,402.5085926055908,669.8502349853516,274.34144496917725,638.1086730957031,305.2352786064148,612.9018402099609,347.2712230682373,590.809326171875,385.3034019470215,634.9554824829102,284.5910453796387,600.2863311767578,303.61483812332153,580.086784362793,334.50358629226685,563.6094284057617,363.24384212493896,155,1787822268.6813817
703.7340545654297,378.5947036743164,737.5485229492188,389.3437957763672,766.6575622558594,387.85699367523193,783.6325073242188,390.3667688369751,796.373291015625,388.50497245788574,742.32177734375,311.0292148590088,719.4844818115234,355.38681507110596,693.7007904052734,390.6691074371338,665.001220703125,420.01311779022217,702.7001190185547,287.6904773712158,649.7286987304688,343.94779443740845,612.5689315795898,384.5420837402344,580.2584075927734,421.08282566070557,664.7874450683594,279.91284370422363,610.4425048828125,323.47399950027466,571.7394638061523,359.5761251449585,538.4970092773438,394.25721645355225,629.5077514648438,283.6296558380127,589.0542602539062,302.14277744293213,563.1552124023438,328.4783148765564,538.0056381225586,355.96301794052124,156,1787822268.731261
747.0337677001953,409.83428478240967,684.3677520751953,392.1416187286377,626.4658737182617,376.1013650894165,585.2894973754883,368.22120666503906,553.5769271850586,362.87725925445557,638.0841827392578,275.8012533187866,570.5754852294922,303.39513301849365,527.7675247192383,323.2757091522217,492.16617584228516,341.6304087638855,672.0337677001953,274.1170835494995,594.8647689819336,322.07380056381226,548.3685302734375,358.00336360931396,510.9893035888672,388.29176902770996,703.9339447021484,291.54661417007446,636.8106842041016,340.4130721092224,590.9407806396484,377.66395568847656,553.852653503418,410.0806188583374,732.9860687255859,321.6069459915161,691.1330413818359,354.4085168838501,656.4627838134766,388.91326904296875,622.394905090332,419.8530864715576,157,1787822268.797399
755.7123565673828,372.2263240814209,709.9623107910156,348.4622097015381,659.2068481445312,338.71673583984375,612.2692108154297,358.6377167701721,575.020751953125,379.6431255340576,647.7338409423828,282.8818345069885,563.245849609375,311.1499571800232,518.5117721557617,335.969660282135,484.90997314453125,356.27769470214844,669.5581817626953,287.1183729171753,576.4667510986328,323.139967918396,516.6716766357422,354.20421838760376,469.3836212158203,379.64351177215576,689.0749359130859,310.72816371917725,602.2976303100586,346.66714668273926,545.4740142822266,377.40461826324463,504.74212646484375,405.42537689208984,704.9738311767578,346.15503787994385,651.1798095703125,382.896409034729,617.2384643554688,407.72679805755615,588.9603042602539,430.2375268936157,158,1787822268.8360379
722.0494842529297,380.23261070251465,684.7293090820312,338.967661857605,617.40966796875,309.8033595085144,562.2764587402344,290.4496765136719,520.6752014160156,270.92549085617065,596.7052459716797,284.81905460357666,520.7064056396484,304.3239498138428,468.6748504638672,319.5243501663208,429.1138458251953,330.6531357765198,614.1049957275391,312.75012016296387,517.7514266967773,345.5990481376648,457.3724365234375,368.318452835083,415.5005645751953,386.07622146606445,628.5227203369141,351.53273820877075,538.526611328125,384.9908494949341,486.68190002441406,409.0087652206421,452.53753662109375,424.737753868103,639.8758316040039,397.26656913757324,575.0583267211914,424.0001678466797,537.5442886352539,438.93852710723877,508.84246826171875,448.841028213501,159,1787822268.8986244
718.5979461669922,389.29182529449463,682.7721405029297,343.1523370742798,614.3010711669922,311.9161891937256,555.7579040527344,291.3841152191162,512.2412872314453,275.9485602378845,587.4521255493164,286.7169213294983,501.71958923339844,300.92522621154785,454.21905517578125,313.95599842071533,417.5579833984375,325.56843996047974,600.3013229370117,315.07248401641846,495.9756088256836,350.06505489349365,442.58460998535156,370.57464122772217,402.7039337158203,385.5623960494995,614.5416259765625,356.53231143951416,512.1932983398438,393.68403911590576,460.1226043701172,413.9617109298706,420.4717254638672,426.99299812316895,628.4951019287109,406.8585777282715,551.3157272338867,439.0128564834595,510.7999801635742,457.31685161590576,475.65868377685547,469.4526672363281,160,1787822268.9545453
717.7616119384766,398.50635051727295,674.140625,347.1262764930725,609.5237350463867,313.0138564109802,551.7501449584961,293.6046624183655,510.5939483642578,275.19365787506104,582.9959869384766,294.73743438720703,492.4366760253906,306.9381809234619,443.33648681640625,320.4464077949524,408.22086334228516,330.6553030014038,594.4585800170898,327.371141910553,486.4040756225586,357.96924591064453,432.95135498046875,376.5158414840698,396.7033386230469,388.91382694244385,606.6629028320312,369.983868598938,503.0390167236328,403.5577869415283,454.00333404541016,421.0213279724121,418.6444091796875,431.28496170043945,620.7125091552734,418.1148862838745,542.7493286132812,447.94281005859375,504.1379165649414,465.3852367401123,472.2349166870117,476.99392318725586,161,1787822268.993894
718.7080383300781,405.7293891906738,674.5735931396484,350.8648896217346,612.7748870849609,312.1427822113037,554.3687438964844,292.8234100341797,510.82813262939453,275.4750323295593,581.8461227416992,304.0284562110901,490.3184127807617,314.25758600234985,442.7263641357422,326.42449378967285,408.28094482421875,336.578586101532,591.3422393798828,338.2066226005554,485.0498962402344,365.4668998718262,432.8644561767578,383.61223697662354,397.701416015625,396.0887145996094,602.2552490234375,381.03508472442627,501.46095275878906,411.22225284576416,454.74693298339844,427.87872791290283,421.5928649902344,437.3869228363037,615.1480484008789,427.95653343200684,539.2382431030273,456.8746519088745,501.9041061401367,473.12098503112793,470.65879821777344,483.1866502761841,162,1787822269.0485427
720.8733367919922,407.8140878677368,678.0201721191406,350.4083561897278,616.274299621582,312.87429571151733,557.0700836181641,295.35189628601074,512.5329971313477,280.65648078918457,582.805290222168,312.1036434173584,491.2044143676758,319.8730802536011,443.79188537597656,331.18058681488037,408.94752502441406,341.8836736679077,590.0999069213867,348.28953981399536,485.0830078125,372.5600337982178,433.9724349975586,389.6017599105835,400.10753631591797,402.432804107666,600.609130859375,390.5321216583252,503.10169219970703,418.4430170059204,457.6634979248047,434.267578125,425.1686096191406,444.4837474822998,614.5257949829102,435.3153133392334,541.9532775878906,461.6297149658203,504.97947692871094,476.2681818008423,473.1629943847656,485.4500484466553,163,1787822269.0897052
727.2934722900391,411.7741012573242,683.4237670898438,353.665566444397,621.2864303588867,314.5617914199829,563.5004425048828,294.4699430465698,520.7348251342773,277.0768690109253,588.2504653930664,317.0555377006531,497.1501922607422,323.5995054244995,449.3938446044922,334.41803455352783,413.44764709472656,345.91078519821167,594.7816467285156,355.00892400741577,491.14891052246094,376.80418968200684,440.18672943115234,394.6269750595093,405.82130432128906,409.30646896362305,605.5461883544922,398.076810836792,508.7171173095703,423.9980220794678,462.9622268676758,441.49731159210205,430.24208068847656,454.34908390045166,620.6160354614258,442.71039962768555,548.9710235595703,467.16038703918457,512.958984375,482.14629650115967,482.5498580932617,492.029013633728,164,1787822269.134379
779.9178314208984,409.60803508758545,721.5038299560547,369.6253538131714,644.6592712402344,348.01966667175293,581.4397048950195,335.6345772743225,534.17724609375,318.9444351196289,625.1688003540039,346.11323833465576,536.6505432128906,396.66077613830566,497.1131134033203,433.38412284851074,467.308349609375,463.29195499420166,655.1631927490234,376.6532564163208,563.4264755249023,452.8887605667114,520.6399917602539,495.799298286438,489.2618942260742,526.3927459716797,685.1704406738281,415.83067417144775,603.9802932739258,492.6449775695801,560.2721786499023,530.8024263381958,526.3686370849609,554.7681140899658,710.5479431152344,458.5542297363281,646.0124969482422,519.5971441268921,612.03369140625,545.6733226776123,582.7462768554688,561.9811534881592,165,1787822269.1899457
805.7052612304688,408.2077932357788,741.0178375244141,374.4722557067871,664.8558044433594,355.31684160232544,603.1525802612305,349.21653270721436,554.4880294799805,345.04801511764526,648.5964202880859,362.9029655456543,565.9346771240234,409.73888397216797,523.0318069458008,444.70935344696045,489.9908447265625,471.92986965179443,677.8128051757812,393.8850975036621,586.2284088134766,472.043251991272,543.4956359863281,513.9531326293945,513.7934494018555,543.165864944458,711.3644409179688,428.6656665802002,632.0356750488281,505.0662660598755,593.0620956420898,543.053126335144,562.403450012207,568.1976985931396,744.2010498046875,463.5609483718872,691.8397521972656,522.8863048553467,660.9764099121094,555.6143188476562,632.9125213623047,580.3019714355469,166,1787822269.2547996
821.4802551269531,407.47737407684326,750.6251525878906,377.8041172027588,675.5850982666016,369.3150758743286,614.9294281005859,367.1074676513672,563.9700317382812,365.39501667022705,660.6205749511719,376.8459892272949,584.6286773681641,430.32310009002686,543.9784622192383,470.0309944152832,512.8417587280273,502.2906303405762,699.0549468994141,399.9868869781494,621.151237487793,490.760178565979,582.2005844116211,535.2482843399048,553.3028411865234,566.562066078186,740.2769470214844,428.9770174026489,671.6266632080078,519.4499015808105,632.5557708740234,562.4125385284424,599.3769073486328,591.9750308990479,778.0434417724609,458.87454986572266,726.78955078125,528.9390420913696,696.5537261962891,563.9792919158936,667.7666473388672,589.6601343154907,167,1787822269.3144436
836.6536712646484,408.88946056365967,765.4756927490234,382.4293613433838,687.1704864501953,381.60916328430176,625.5608749389648,381.98535919189453,574.9839782714844,376.76741123199463,669.9964141845703,384.7373914718628,598.6381912231445,448.1594467163086,560.79833984375,494.16104793548584,532.7902984619141,530.7619571685791,710.3368377685547,407.369441986084,636.4324951171875,506.77996158599854,598.9277648925781,557.1702575683594,572.9514312744141,593.5204982757568,756.4524841308594,435.27355670928955,694.8002624511719,534.6660947799683,660.4464721679688,579.2769813537598,632.0679473876953,609.2619323730469,799.1428375244141,463.8594675064087,753.2427978515625,538.8134765625,725.4673004150391,575.7124328613281,700.216064453125,602.2555732727051,168,1787822269.3564878
852.3126220703125,406.2442874908447,779.5034027099609,384.94630336761475,705.7881164550781,392.1700716018677,648.3831024169922,408.8822078704834,601.4500045776367,423.0134582519531,690.3348541259766,390.9309768676758,626.5057754516602,453.2525110244751,590.5525970458984,493.7934350967407,560.1542663574219,525.0733995437622,731.7890930175781,410.1344347000122,666.2819671630859,508.0929136276245,630.0277328491211,560.3112316131592,604.4508361816406,598.3866691589355,777.51953125,433.5741090774536,722.1509552001953,530.6980562210083,688.7822723388672,580.3264331817627,662.5306701660156,615.5051279067993,819.7457122802734,458.95849227905273,780.3170013427734,532.7896213531494,754.7084808349609,570.9185743331909,732.4331665039062,598.9219951629639,169,1787822269.4036007
884.5333862304688,381.1077833175659,808.2292175292969,378.15327644348145,740.3802490234375,401.7295503616333,683.0696105957031,424.17333126068115,633.8151168823242,424.03355598449707,742.1784210205078,394.8361873626709,690.3093719482422,467.4457311630249,664.7817230224609,517.3164939880371,647.5472259521484,557.6177787780762,792.38037109375,400.8467388153076,754.2304992675781,506.10464572906494,729.5811462402344,565.3595781326294,711.8621063232422,611.105146408081,843.944091796875,417.78666973114014,813.0455780029297,524.379243850708,786.8016815185547,580.8961772918701,765.2544403076172,623.7381362915039,889.3757629394531,443.04243564605713,865.9963226318359,524.613561630249,847.2423553466797,565.0667238235474,832.1218109130859,597.084059715271,170,1787822269.4693737
883.6663055419922,365.09735584259033,812.9922485351562,374.83154296875,748.4719085693359,402.6816701889038,696.1885833740234,426.50981426239014,649.7412109375,429.15666103363037,757.3995971679688,393.1947612762451,711.0746765136719,467.6758003234863,687.7767944335938,517.1972751617432,668.1996154785156,558.7158966064453,805.7089233398438,398.2204484939575,770.1971435546875,505.52820682525635,750.0643157958984,564.0835762023926,735.5448913574219,609.8891830444336,856.2371063232422,412.5011730194092,828.4371948242188,520.243878364563,806.5612030029297,579.9073219299316,787.5224304199219,625.2151966094971,900.7428741455078,433.15555572509766,882.6468658447266,513.2444286346436,865.4090118408203,557.6337432861328,849.6619415283203,594.5007705688477,171,1787822269.5118308
884.3514251708984,364.2833375930786,817.7362823486328,376.8025588989258,750.1582336425781,403.48225593566895,695.6410980224609,425.6225395202637,650.677490234375,426.71967029571533,764.4734191894531,390.06932258605957,722.9524993896484,462.17740058898926,703.7737274169922,514.9229764938354,690.3160095214844,557.6258897781372,814.0621948242188,394.7389841079712,786.5303802490234,504.86194610595703,769.7101593017578,566.409330368042,757.7201843261719,611.1155319213867,865.3543090820312,407.4090528488159,844.5919799804688,519.497709274292,829.0597534179688,579.9371910095215,813.8224029541016,623.7976169586182,909.4340515136719,424.8335838317871,897.0838928222656,504.32215690612793,885.8634948730469,548.3992624282837,873.04931640625,584.0673637390137,172,1787822269.5467474
889.710693359375,361.8046760559082,822.8428649902344,379.3626308441162,759.2253112792969,408.885555267334,708.681640625,431.6764783859253,663.7582397460938,430.99807262420654,774.691162109375,386.9210958480835,738.0605316162109,467.31616973876953,721.2589263916016,519.555516242981,706.9675445556641,561.4998149871826,826.5398406982422,387.38166332244873,804.5263671875,502.3468494415283,791.9618988037109,563.2988262176514,781.3897705078125,606.9178104400635,878.7470245361328,399.05322074890137,862.6258850097656,513.6188220977783,848.3160400390625,576.6361856460571,833.8114166259766,621.5441751480103,923.6012268066406,418.3675289154053,912.6054382324219,498.7943172454834,899.2316436767578,544.3530750274658,885.2947235107422,580.4392147064209,173,1787822269.582803
891.3800048828125,360.9311771392822,824.4510650634766,378.72997283935547,762.1640014648438,406.8411111831665,712.1985626220703,433.03805351257324,666.2073516845703,433.2240915298462,780.8538055419922,382.1074104309082,746.2263488769531,463.0005168914795,732.3292541503906,516.8477296829224,721.6677093505859,561.0722494125366,833.4553527832031,378.87601375579834,814.0750885009766,490.98647117614746,804.7217559814453,553.9833641052246,798.7561798095703,599.6652030944824,886.5619659423828,389.34083461761475,872.7739715576172,501.4310359954834,858.8016510009766,563.2077598571777,845.5742645263672,608.5428857803345,932.9779052734375,409.62498664855957,926.9387054443359,491.94631576538086,913.34716796875,537.4819850921631,899.4132232666016,574.6655130386353,174,1787822269.6265879
902.8669738769531,366.3285970687866,834.2295074462891,378.13735485076904,771.4852142333984,402.60673999786377,720.5909729003906,430.4635190963745,671.6867065429688,430.9179925918579,789.8728942871094,372.1392488479614,753.1079864501953,447.8012752532959,739.97802734375,499.15523529052734,728.7667083740234,543.1737613677979,837.2710418701172,370.7787895202637,821.8958282470703,472.94498920440674,813.160400390625,535.3359603881836,805.1211547851562,584.2264080047607,887.2805786132812,382.26757049560547,881.0074615478516,482.4705219268799,868.4636688232422,541.4376640319824,854.0132141113281,587.7691125869751,932.2076416015625,403.60949993133545,933.6447143554688,477.6720714569092,924.2343902587891,522.1021127700806,911.844482421875,561.2562704086304,175,1787822269.6638432
919.8277282714844,391.110577583313,840.6427001953125,404.39626693725586,776.06689453125,421.10655784606934,724.0457153320312,437.7359104156494,674.9645233154297,434.9499750137329,791.328125,372.01406478881836,758.5732269287109,413.8678550720215,743.2999420166016,459.6686553955078,731.8746948242188,504.5620107650757,839.0203094482422,365.80352783203125,816.9337463378906,459.0334224700928,804.9092864990234,516.2858390808105,797.4507904052734,562.3034906387329,890.238037109375,375.43484687805176,883.0852508544922,472.94670581817627,866.7445373535156,526.6500663757324,851.8177032470703,567.070140838623,935.6484222412109,395.909628868103,937.5296020507812,471.06478214263916,926.9554901123047,508.94740104675293,916.4454650878906,538.0170106887817,176,1787822269.7265835
936.9967651367188,480.94505310058594,844.3570709228516,481.3418912887573,777.1744537353516,461.94793224334717,728.7924957275391,444.3106269836426,682.3469543457031,429.77670192718506,773.9473724365234,373.9185619354248,757.8874969482422,395.87727069854736,745.2447509765625,431.8877935409546,732.6496887207031,467.32089042663574,818.0258178710938,361.672625541687,808.3070373535156,412.95191287994385,798.7075042724609,470.80278396606445,795.4334259033203,524.0850162506104,866.4778900146484,367.29899883270264,862.4932098388672,415.3332853317261,855.7066345214844,473.77334117889404,853.4244537353516,526.442141532898,916.2010192871094,384.172625541687,918.6281585693359,419.7772550582886,919.4992065429688,462.04959869384766,919.1778564453125,499.640736579895,177,1787822269.7648783
872.2136688232422,464.8773765563965,815.7215881347656,459.7513961791992,768.7913513183594,448.9260005950928,729.2707824707031,446.9806909561157,692.4020385742188,442.76408672332764,775.4848480224609,374.10794734954834,760.5249786376953,335.58361530303955,747.6068878173828,340.175986289978,738.7539672851562,359.5877981185913,816.1396789550781,364.70064640045166,807.8003692626953,312.90538787841797,800.9889221191406,332.8167772293091,797.4916076660156,367.2279739379883,857.5851440429688,369.8876094818115,852.8716278076172,323.9679765701294,846.4109802246094,342.9847741127014,841.2712860107422,373.11244010925293,898.6298370361328,386.78179264068604,902.7333831787109,361.48766040802,898.2005310058594,378.15293312072754,891.9991302490234,402.1823501586914,178,1787822269.8133729
858.5821533203125,448.8376808166504,813.7114715576172,456.03389739990234,769.9178314208984,451.3930320739746,736.9963836669922,445.9941101074219,703.8500213623047,440.8365869522095,769.0927886962891,370.0456237792969,748.4065246582031,338.12323808670044,739.5047760009766,330.724139213562,735.5220794677734,336.2803030014038,805.6803131103516,354.7317337989807,792.9676055908203,313.92977714538574,791.6694641113281,310.3886818885803,792.7930450439453,325.28114318847656,844.5491027832031,352.0372724533081,840.3852844238281,310.9206819534302,842.5372314453125,305.95739364624023,841.580810546875,320.26262283325195,884.4093322753906,359.4389247894287,891.2020874023438,320.3534746170044,893.9857482910156,318.10481786727905,891.2491607666016,332.41403818130493,179,1787822269.864931
859.3653106689453,452.5684404373169,814.3488311767578,461.26330375671387,772.1728515625,456.0749673843384,744.9079132080078,446.5160894393921,714.8594665527344,432.44702339172363,760.1283264160156,363.26547145843506,735.4339599609375,328.5854744911194,727.1014404296875,313.3315372467041,725.4792022705078,308.8227868080139,797.5614166259766,343.3317017555237,782.2596740722656,299.5654535293579,780.3414916992188,284.7594666481018,783.4656524658203,287.1580481529236,836.28173828125,339.53071117401123,831.9936370849609,297.00379371643066,835.2653503417969,283.18320751190186,838.1616973876953,285.2720046043396,875.5532836914062,348.7483048439026,884.0609741210938,313.3009386062622,891.6150665283203,302.6269268989563,896.1331939697266,303.9341068267822,180,1787822269.9231215
855.7556915283203,452.4718379974365,812.1574401855469,463.70570182800293,769.7550964355469,459.5011568069458,744.8255157470703,446.48119926452637,719.3827819824219,422.6623249053955,754.3128204345703,358.28418016433716,729.4087219238281,324.10077810287476,722.9986572265625,303.4642267227173,722.9179382324219,285.50625801086426,791.0886383056641,336.10241889953613,774.1889953613281,294.5685410499573,770.9828186035156,273.3390712738037,773.9458465576172,260.71359157562256,829.9106597900391,331.55139684677124,822.6924896240234,290.56647062301636,825.33935546875,271.76558017730713,829.3498229980469,261.52713775634766,869.7530364990234,340.5827808380127,876.1373138427734,306.91144466400146,885.6519317626953,293.076868057251,893.7329864501953,285.68899154663086,181,1787822269.9624643
852.2145843505859,453.24967861175537,806.5242767333984,465.7554244995117,763.5166931152344,460.6068277359009,740.4422760009766,443.5237741470337,714.0415191650391,419.82665061950684,748.5382843017578,359.94725704193115,723.6658477783203,324.98828887939453,717.0606994628906,302.01184272766113,715.9713745117188,278.4454393386841,784.5585632324219,336.6111373901367,766.202392578125,295.7477903366089,761.6238403320312,271.44978761672974,761.2406921386719,248.98042917251587,822.9915618896484,331.1060643196106,814.2545318603516,290.720751285553,815.7358551025391,268.3186197280884,817.9865264892578,248.91202211380005,862.9244232177734,338.39600801467896,866.0433197021484,304.6763277053833,873.9791870117188,288.57300996780396,880.3093719482422,274.61597442626953,182,1787822270.0271003
840.3781890869141,459.0369415283203,795.5353546142578,471.56071186065674,751.8840026855469,465.8718967437744,727.5941467285156,447.94727325439453,702.5862121582031,423.8612937927246,739.2988586425781,366.9831418991089,713.4298706054688,331.1310839653015,703.1352996826172,307.33527660369873,697.0401000976562,282.2221612930298,773.6941528320312,343.45598459243774,755.0757598876953,302.12473154067993,748.5481262207031,276.4170455932617,745.3523254394531,250.6386137008667,811.4479064941406,337.39893436431885,801.7076110839844,296.6080069541931,800.0942230224609,272.7806568145752,799.0060424804688,249.72704887390137,851.444091796875,343.82233142852783,854.2885589599609,309.4949269294739,861.1239624023438,290.3872346878052,865.8982086181641,271.6199254989624,183,1787822270.0702708
815.1907348632812,487.9226589202881,767.6697540283203,494.8983335494995,723.6558532714844,488.94421577453613,691.2668609619141,477.73472785949707,660.8620452880859,469.3137502670288,694.1336059570312,402.33062267303467,653.3576202392578,367.36817836761475,628.2747268676758,349.0065908432007,605.9346008300781,332.8434705734253,721.2948608398438,380.72978496551514,683.7859344482422,342.6649260520935,660.5519866943359,320.1884651184082,638.3865356445312,300.3033185005188,756.6647338867188,372.1487331390381,730.8360290527344,334.59224939346313,713.7871551513672,315.3399109840393,694.322509765625,298.20510149002075,797.7214050292969,373.7982702255249,789.6417999267578,339.8167848587036,780.1091766357422,320.7614278793335,765.7412719726562,305.0522017478943,184,1787822270.1418865
796.7372131347656,498.3370113372803,748.4098052978516,510.60736656188965,702.265625,510.1282596588135,673.3548736572266,497.98999786376953,645.435791015625,476.06188774108887,669.8635864257812,415.55232524871826,630.3513336181641,382.5577640533447,606.6548538208008,364.14995670318604,585.1955795288086,346.7260694503784,699.9858856201172,389.74205017089844,663.4428405761719,349.9716067314148,641.3762664794922,328.5897660255432,619.7701263427734,309.40710067749023,738.1660461425781,378.5979223251343,712.0561981201172,341.2126064300537,694.2630004882812,320.96235752105713,673.9170837402344,302.9555082321167,782.5426483154297,378.20765018463135,771.9440460205078,343.4100651741028,763.1689453125,324.9940824508667,749.1640472412109,308.6456537246704,185,1787822270.1826425
791.4206695556641,502.28500843048096,743.277587890625,513.185248374939,697.5823974609375,512.8049755096436,669.9066925048828,500.0887727737427,644.9065399169922,476.86612129211426,660.1029968261719,420.7596731185913,618.9363098144531,387.4558210372925,594.6363830566406,367.55134105682373,572.6888275146484,348.18729400634766,690.8267211914062,394.47569847106934,653.1655120849609,354.3759870529175,630.2203369140625,331.04018926620483,607.9277038574219,309.92109775543213,730.1689147949219,382.6170301437378,700.0344848632812,344.523868560791,681.1298370361328,322.4183249473572,660.7570648193359,301.8484425544739,775.7791137695312,382.01497077941895,763.6956787109375,347.1777534484863,753.5724639892578,326.662073135376,739.3489074707031,307.0732355117798,186,1787822270.235329
789.2745208740234,503.7582063674927,741.0543060302734,516.315107345581,694.9246978759766,514.6946239471436,667.0716094970703,500.73460578918457,639.8215103149414,479.002103805542,657.09716796875,422.63018131256104,612.7462005615234,390.73923110961914,586.6015625,370.8102035522461,563.1360244750977,350.61192512512207,687.0892333984375,394.83691692352295,646.2034606933594,354.5237445831299,621.4048385620117,329.95625495910645,597.9464340209961,307.6493310928345,726.1851501464844,382.4030542373657,695.0148010253906,344.2550039291382,674.7444152832031,321.14755868911743,653.2938385009766,299.9467349052429,771.5949249267578,381.78125381469727,760.1877593994141,345.7193183898926,750.2268981933594,324.3061065673828,735.9844207763672,304.6567153930664,187,1787822270.276672
789.7715759277344,505.33637523651123,740.8642578125,518.2449245452881,691.7421722412109,514.3149518966675,659.6495056152344,495.90744495391846,636.0064697265625,469.67711448669434,653.6802673339844,424.58373069763184,608.8188171386719,392.0311117172241,581.3137435913086,372.1164608001709,557.2823333740234,351.92060708999634,683.2763671875,395.87478160858154,640.4314422607422,355.0974154472351,614.2579650878906,329.14485454559326,589.7530746459961,305.3274178504944,722.640380859375,382.61037826538086,689.7591400146484,343.83893966674805,668.8636016845703,319.6868062019348,646.8557739257812,297.4436545372009,768.3817291259766,381.58843517303467,755.9233856201172,345.43845891952515,746.2639617919922,323.004355430603,732.8653717041016,301.9929599761963,188,1787822270.3373492
791.3970184326172,506.6644763946533,742.1546936035156,519.9542427062988,693.3461761474609,515.7250213623047,661.2856292724609,497.07860469818115,634.6906280517578,470.57365894317627,652.0643615722656,425.203857421875,604.4047927856445,393.533878326416,574.7789764404297,374.29720401763916,548.8597106933594,355.1954126358032,680.9307098388672,395.5672073364258,635.3781127929688,354.3744206428528,607.1965789794922,328.0061602592468,581.3814544677734,304.6496772766113,719.9998474121094,381.902232170105,685.1549530029297,342.55635023117065,662.7637481689453,317.48969078063965,639.8514938354492,294.7149896621704,765.5673980712891,380.99427223205566,752.5044250488281,344.4878625869751,742.5931549072266,321.4755392074585,729.2190551757812,300.27106761932373,189,1787822270.3818722
803.2431030273438,504.1399812698364,753.9957427978516,516.4609336853027,709.3598175048828,511.58862590789795,683.6427307128906,492.9456424713135,657.4896240234375,467.5743055343628,662.1220397949219,417.1968412399292,610.0163269042969,383.3590793609619,577.7484893798828,361.7647647857666,550.5713272094727,341.0469102859497,690.2952575683594,388.8412141799927,642.8031921386719,344.78432178497314,613.1351470947266,315.59476375579834,587.1535873413086,290.1965618133545,728.3683776855469,376.51764392852783,694.5695495605469,331.90903186798096,671.2725067138672,303.8145446777344,647.8739929199219,278.29630851745605,773.1240844726562,376.8132019042969,765.3447723388672,335.92968463897705,756.6448211669922,310.5022144317627,744.0009307861328,286.9788122177124,190,1787822270.429957
806.7484283447266,506.0304880142212,757.3313903808594,514.0625667572021,714.3471527099609,505.9080934524536,692.4817657470703,483.5093307495117,669.1771697998047,455.5181407928467,671.865234375,403.62520694732666,623.0245208740234,365.3990077972412,591.7672729492188,342.9070973396301,565.0228500366211,322.39375591278076,701.3264465332031,378.2553720474243,657.8049468994141,330.27955770492554,630.8317184448242,298.70386362075806,608.1653213500977,271.5923738479614,739.0345001220703,369.003381729126,713.5364532470703,322.1156859397888,694.9777221679688,290.5223321914673,676.2825775146484,263.1265711784363,782.6021575927734,372.4095296859741,780.5276489257812,331.70857429504395,775.277099609375,305.9846019744873,766.5095520019531,282.2866630554199,191,1787822270.4791968
807.9761505126953,505.12935161590576,760.7756042480469,507.4132204055786,722.8183746337891,495.38065910339355,706.1338043212891,470.6226682662964,685.8657836914062,443.4517192840576,686.8681335449219,389.74518299102783,645.9899139404297,342.5327467918396,620.9984588623047,312.9410934448242,600.7466506958008,285.8648157119751,719.615478515625,367.2607183456421,687.3700714111328,310.8861780166626,668.9794921875,275.46072006225586,654.2690277099609,245.34912586212158,758.0542755126953,362.63903617858887,745.1898193359375,308.62393856048584,737.47314453125,274.6582889556885,728.1342315673828,245.51278352737427,799.915771484375,372.1343994140625,806.4666748046875,331.70621395111084,808.8529968261719,307.2105860710144,807.2791290283203,283.93564224243164,192,1787822270.538648
808.5877990722656,502.93251514434814,765.5867004394531,502.67154693603516,728.587646484375,494.71474170684814,715.0335693359375,478.824520111084,713.9433288574219,447.8259086608887,705.9996032714844,376.66050910949707,673.9342498779297,321.01428508758545,656.6244506835938,287.0332074165344,644.3107604980469,255.22913932800293,743.2925415039062,358.26478242874146,726.3547515869141,298.3453059196472,718.1703948974609,263.3373284339905,712.6509094238281,229.84741687774658,782.3877716064453,358.4880065917969,784.8392486572266,304.07190799713135,789.5478057861328,271.0479927062988,792.7553558349609,241.28620147705078,821.4891052246094,373.84509086608887,834.7108459472656,337.20937728881836,847.3487854003906,316.419939994812,857.686767578125,295.3429698944092,193,1787822270.5866888
812.9956817626953,496.09095096588135,771.8212890625,497.8525400161743,735.0144195556641,491.3879871368408,723.0804443359375,476.44593715667725,725.5017852783203,446.04475021362305,722.7424621582031,369.4229221343994,704.3386077880859,309.4699287414551,696.1212158203125,272.6579189300537,691.3116455078125,238.09596061706543,763.2081604003906,355.20002603530884,761.8869018554688,297.5395917892456,768.4537506103516,262.83652782440186,776.314697265625,229.82259035110474,801.1884307861328,358.8482165336609,810.8342742919922,306.89775466918945,824.2357635498047,276.50405645370483,836.0528564453125,248.8639783859253,836.2615966796875,375.7767105102539,854.0410614013672,338.66540908813477,873.3744049072266,321.38503074645996,890.4306793212891,303.6982011795044,194,1787822270.6333334
814.5140075683594,483.97929668426514,770.9867858886719,486.4666271209717,733.7633514404297,478.745813369751,720.5181884765625,461.64052963256836,723.4214019775391,429.7762727737427,727.6357269287109,356.818642616272,712.3920440673828,294.07246112823486,709.7715759277344,255.49349784851074,712.2982788085938,219.42010402679443,767.9631805419922,343.481605052948,768.6959838867188,283.91836881637573,776.6390228271484,247.64737129211426,786.0875701904297,213.83389949798584,804.7691345214844,347.7876877784729,819.4257354736328,295.70034742355347,835.9395599365234,265.69026947021484,850.6085968017578,238.25685024261475,837.6548767089844,365.0462007522583,859.195556640625,328.12771797180176,880.8868408203125,311.60237073898315,899.8036193847656,294.61334466934204,195,1787822270.6874628
812.9695129394531,480.4156494140625,769.5159912109375,481.8150329589844,730.9539031982422,474.43127632141113,716.4339447021484,458.6332368850708,713.1916809082031,426.75061225891113,724.2971038818359,354.72089767456055,709.4786071777344,293.46548795700073,705.3804016113281,255.44260025024414,705.6391906738281,220.124773979187,764.515380859375,341.49112701416016,762.9597473144531,284.3332099914551,768.1874084472656,247.19500064849854,775.6181335449219,212.96143054962158,801.5396118164062,345.6882691383362,814.4480895996094,296.02118253707886,829.0232086181641,264.95867013931274,841.4253234863281,235.46387672424316,834.7869110107422,361.9597291946411,856.0884094238281,327.3937153816223,877.0616912841797,310.25566577911377,895.1839447021484,291.5757751464844,196,1787822270.729595
808.8642120361328,477.72528648376465,763.8748168945312,479.80329036712646,725.0310516357422,471.8969535827637,708.8232421875,456.30091667175293,703.5443115234375,424.90546703338623,719.0299224853516,352.4998140335083,702.0427703857422,292.791953086853,696.0198211669922,255.83501815795898,694.0493774414062,221.2217116355896,759.0797424316406,338.89060735702515,756.4430999755859,282.0128846168518,760.2442169189453,244.9628448486328,766.2313079833984,211.13441705703735,796.4929962158203,343.2582092285156,807.7494812011719,294.88948345184326,821.2876892089844,264.0009069442749,832.7010345458984,234.55793380737305,830.1785278320312,359.9114227294922,850.8746337890625,325.25938510894775,870.7560729980469,307.6668405532837,887.8974914550781,288.5545349121094,197,1787822270.7816932
803.3522796630859,475.27061462402344,758.5520935058594,476.08214378356934,720.5435180664062,467.8502082824707,704.5343780517578,452.9666519165039,695.82763671875,422.1911573410034,711.0247802734375,350.3454852104187,691.5689849853516,291.1366868019104,683.4456634521484,254.4886350631714,678.9945220947266,220.52371501922607,750.8775329589844,335.66054105758667,744.6027374267578,277.48194694519043,746.6168212890625,240.87384939193726,750.6250762939453,208.2740020751953,789.0754699707031,339.2523407936096,797.5509643554688,290.3892946243286,808.8600921630859,259.19812202453613,817.8958129882812,229.92127418518066,824.2440795898438,355.86236000061035,844.4605255126953,320.94783067703247,862.4470520019531,302.0250391960144,877.376708984375,282.0554780960083,198,1787822270.8295958
796.2413024902344,472.09578037261963,751.2847900390625,472.42631435394287,711.522216796875,464.0937852859497,693.3422088623047,448.24055671691895,683.1304931640625,416.9764709472656,702.2000122070312,348.10800790786743,677.9853820800781,289.66724395751953,666.7998504638672,253.27503204345703,660.0502777099609,219.08884048461914,741.5419769287109,333.0790972709656,729.5703887939453,275.66991090774536,728.8460540771484,238.71533632278442,730.8804321289062,206.0479187965393,780.5740356445312,335.95223665237427,784.7365570068359,286.55755519866943,793.5151672363281,254.2908811569214,800.3592681884766,224.19735431671143,817.6789093017578,351.53308153152466,834.6072387695312,315.46921491622925,849.7452545166016,295.3082084655762,861.4402008056641,274.10167694091797,199,1787822270.8917637
789.3754577636719,469.47275161743164,741.4712524414062,470.07352352142334,698.1303405761719,459.35713291168213,678.5927581787109,438.12193393707275,670.4286956787109,404.54960346221924,691.6733551025391,346.3823175430298,664.3890380859375,288.6092948913574,651.2610626220703,252.43876218795776,642.6123046875,218.35183382034302,731.2592315673828,329.25358057022095,715.8382415771484,270.532021522522,712.0060729980469,233.18597316741943,710.7555389404297,200.20578861236572,771.0562133789062,330.42240142822266,771.6614532470703,280.80174922943115,777.4646759033203,247.79042959213257,781.6686248779297,217.773334980011,809.1088104248047,344.90909814834595,823.2476806640625,309.17145252227783,836.4353942871094,287.69354581832886,846.4649963378906,265.9887886047363,200,1787822270.9423032
751.3626098632812,452.0028591156006,697.3256683349609,451.2593078613281,649.0723419189453,440.9264087677002,622.9917526245117,420.1091194152832,605.7341766357422,390.84935188293457,634.9467086791992,328.7382102012634,598.4171676635742,273.7356948852539,578.0259704589844,238.19646835327148,561.8207550048828,205.16336917877197,671.8130493164062,310.60461044311523,642.8467559814453,250.06000757217407,625.3661346435547,209.0031337738037,610.65185546875,173.94841074943542,713.8854217529297,310.06291151046753,701.9523620605469,259.8992729187012,693.3999633789062,225.87985038757324,683.5464477539062,195.3565263748169,759.3927764892578,323.22412490844727,763.8936614990234,283.05823802948,765.8277130126953,258.5551643371582,764.6156311035156,234.61121320724487,201,1787822270.98779
735.8592224121094,446.2525463104248,682.3270416259766,446.37142181396484,635.9272003173828,435.7466125488281,609.1556167602539,418.41997146606445,585.1327896118164,392.5110340118408,618.2418441772461,326.5792679786682,579.0659713745117,271.8698000907898,557.9804992675781,237.5934863090515,541.2267303466797,206.3690972328186,654.8924255371094,307.6956367492676,621.5631866455078,247.3544955253601,603.5890960693359,209.43672895431519,589.2193603515625,176.73073053359985,696.6879272460938,307.0087766647339,678.6927032470703,257.40670680999756,667.662353515625,224.57256317138672,656.0134887695312,194.98507261276245,741.4800262451172,319.542932510376,743.9165496826172,279.5493507385254,743.7542724609375,253.79074573516846,739.8038482666016,228.32602500915527,202,1787822271.0327826
720.0452423095703,441.5390682220459,666.2891387939453,441.19797706604004,617.6698684692383,428.5824966430664,588.7389373779297,409.2300796508789,559.7434997558594,385.68307399749756,601.7101287841797,323.5259699821472,561.5447998046875,269.87584590911865,539.1706848144531,235.8731174468994,521.309700012207,204.53384399414062,637.9346466064453,304.4161105155945,602.8341293334961,245.2221393585205,582.3094177246094,207.2298288345337,565.3794860839844,173.65877509117126,679.8582458496094,303.4201955795288,658.9316558837891,253.24936866760254,645.2690887451172,220.52860736846924,631.7021560668945,190.7955265045166,725.5637359619141,315.4251194000244,725.2679443359375,275.3025984764099,723.1755065917969,248.77286911010742,717.8352355957031,222.39306449890137,203,1787822271.0963635
705.0981140136719,438.50778579711914,650.7302856445312,439.443941116333,602.0429611206055,425.8330821990967,571.4887237548828,405.40185928344727,538.9350891113281,382.5469923019409,586.9427490234375,318.04561614990234,545.6538391113281,265.3364968299866,521.7135238647461,231.7842721939087,503.0030059814453,201.0041856765747,622.0471954345703,298.8496470451355,584.9641036987305,239.76693391799927,562.3759460449219,201.73786640167236,543.9414215087891,168.68646383285522,662.9537963867188,297.4772787094116,639.8350524902344,244.83633041381836,624.4129943847656,212.19592809677124,609.2499160766602,182.80743598937988,708.4567260742188,309.21329498291016,708.0360412597656,268.87561798095703,705.1049041748047,242.20012664794922,698.975830078125,215.78843593597412,204,1787822271.1405382
694.8933410644531,434.1015815734863,641.5121459960938,435.4149627685547,590.8380126953125,420.84601879119873,559.2106628417969,399.03815746307373,525.6961441040039,376.42104148864746,573.1506729125977,314.42418336868286,529.7607803344727,261.04931831359863,504.68883514404297,227.7113914489746,484.7509002685547,197.15579509735107,608.127555847168,295.1931309700012,568.9438247680664,235.02450942993164,545.5021667480469,196.60969734191895,525.7310485839844,162.9359793663025,649.3374633789062,293.6153483390808,624.2908477783203,239.20547246932983,608.7259674072266,205.8697772026062,592.9973220825195,175.5604612827301,695.1047515869141,304.941565990448,692.1400451660156,263.6016654968262,688.4271240234375,236.11095428466797,681.6458892822266,208.6616563796997,205,1787822271.1818645
682.7737426757812,429.4337224960327,629.8336029052734,430.17444133758545,579.4544982910156,415.54794788360596,547.9266357421875,394.86077785491943,512.5262451171875,370.3503656387329,560.4111480712891,309.26844120025635,515.9887313842773,256.9626832008362,490.4370880126953,224.6226668357849,469.71099853515625,194.61638689041138,594.9981689453125,290.36860942840576,554.033203125,229.51254844665527,529.5148086547852,191.42638206481934,508.2306671142578,158.01369667053223,635.8651733398438,289.2686462402344,610.172233581543,233.83687019348145,592.7445602416992,199.57083463668823,574.6511840820312,168.47504138946533,681.5728759765625,301.1532139778137,677.9424285888672,258.03045988082886,673.5672760009766,229.78282928466797,665.062255859375,202.2506618499756,206,1787822271.231626
673.7753295898438,423.9517593383789,618.7565994262695,425.40143966674805,567.0580673217773,410.35810947418213,536.3982009887695,389.4371795654297,501.2879180908203,364.414701461792,547.8585433959961,302.77427673339844,502.5855255126953,250.43281316757202,476.43421173095703,218.0390453338623,455.02368927001953,188.24944496154785,582.5666809082031,284.3159580230713,540.9324645996094,223.3452272415161,515.39306640625,184.98706340789795,493.24729919433594,151.68983101844788,623.4883117675781,283.59206199645996,596.3005447387695,227.2267484664917,577.7343368530273,192.61571645736694,558.6500549316406,161.15933775901794,669.176025390625,295.8022713661194,664.5273590087891,252.37398147583008,659.2261505126953,224.2104434967041,649.84375,196.65634632110596,207,1787822271.2807875
646.575927734375,399.9001979827881,588.3279418945312,400.7893180847168,535.7736968994141,385.8655071258545,502.0224380493164,366.23491287231445,466.7472839355469,343.48681926727295,518.3427429199219,278.8542938232422,468.14186096191406,229.63391304016113,438.0307388305664,197.83342838287354,413.58558654785156,168.3603286743164,551.3537216186523,259.82256174087524,505.694580078125,197.75012969970703,476.74888610839844,157.04225420951843,451.7936706542969,121.17793321609497,591.8557357788086,259.5918273925781,562.6072692871094,202.78178215026855,540.006217956543,165.29711723327637,517.4425888061523,129.68945145606995,637.8926086425781,273.26390504837036,634.3951416015625,230.3641176223755,627.6777648925781,201.07018947601318,617.4769592285156,170.56334495544434,208,1787822271.3308105
639.7399139404297,399.469199180603,584.7560882568359,399.8187017440796,531.5864181518555,383.29590797424316,498.21937561035156,364.3404150009155,460.9161376953125,345.53519010543823,509.8744201660156,277.11302518844604,461.1054229736328,226.62623405456543,432.0172882080078,195.6442952156067,406.7811965942383,167.37545371055603,545.0885772705078,256.9588851928711,500.80848693847656,194.90331888198853,473.3533477783203,156.60866975784302,448.1627655029297,124.04351949691772,587.1773147583008,256.0621690750122,557.5784683227539,199.23210382461548,536.4237213134766,163.23185920715332,514.31884765625,131.37016654014587,633.0991363525391,269.61217403411865,627.5730133056641,227.04500198364258,620.6935501098633,198.29528331756592,610.5114364624023,170.17498254776,209,1787822271.3617945
638.0070495605469,398.4668254852295,582.1711349487305,397.51221656799316,529.3008422851562,382.88400650024414,495.53104400634766,366.33065700531006,458.6432647705078,347.5340795516968,506.41021728515625,276.98747634887695,455.50750732421875,229.12375688552856,424.9479293823242,200.55730819702148,398.64707946777344,174.36240434646606,540.9926223754883,258.19840908050537,494.49466705322266,198.65407705307007,465.9841537475586,161.1552929878235,439.98485565185547,128.193519115448,583.140754699707,257.83854246139526,550.0054550170898,202.91906833648682,527.7432250976562,167.66288995742798,505.0697708129883,135.22428631782532,629.8248291015625,271.5525698661804,622.0667266845703,231.43532752990723,614.0420532226562,203.69160890579224,603.4154510498047,175.3445327281952,210,1787822271.4156864
638.7831115722656,401.1881732940674,582.1541976928711,400.36720275878906,529.6872711181641,386.4730167388916,494.3812942504883,371.71528816223145,456.1231994628906,353.5986614227295,506.09249114990234,282.7753186225891,455.3980255126953,237.7488398551941,425.0648498535156,212.60795831680298,398.35044860839844,188.81682872772217,539.4559860229492,264.28436279296875,491.6653060913086,208.64620685577393,463.1037139892578,174.1310691833496,436.86805725097656,143.01061034202576,581.0834121704102,263.4410548210144,548.0260467529297,209.826078414917,525.6278228759766,176.3955295085907,501.73065185546875,145.54074883460999,628.2180404663086,275.88558197021484,619.6106338500977,236.4678168296814,610.8388137817383,210.54551124572754,598.7908172607422,184.26612854003906,211,1787822271.4708056
638.6788177490234,405.2323007583618,582.7250289916992,405.42280197143555,531.8148803710938,392.65827655792236,496.9132995605469,379.7659921646118,457.44117736816406,365.13001441955566,508.39344024658203,292.0303773880005,457.7831268310547,248.4942626953125,427.0872497558594,226.7463755607605,398.00872802734375,205.82332134246826,540.8969879150391,273.27765941619873,492.70355224609375,220.21652698516846,462.8925323486328,189.30391788482666,434.02774810791016,160.77573895454407,581.8628692626953,272.020583152771,548.7797927856445,219.66944217681885,525.9152984619141,189.073805809021,500.45352935791016,160.60967803001404,628.7990951538086,283.53374004364014,618.1001281738281,245.30627489089966,609.0185928344727,220.67233085632324,596.5739440917969,195.66603183746338,212,1787822271.5149863
634.8789215087891,411.08526706695557,580.687141418457,412.0774269104004,531.1912536621094,400.75841903686523,498.08067321777344,389.18603897094727,459.2082977294922,378.34051609039307,507.8535842895508,301.827392578125,457.23541259765625,260.453245639801,426.4541244506836,241.46713256835938,396.0841369628906,224.05577659606934,540.0209808349609,283.83320331573486,493.01551818847656,232.9981541633606,463.6578369140625,205.7417392730713,434.19612884521484,180.98220348358154,580.6182861328125,283.5467863082886,551.8061065673828,234.81218576431274,529.5035552978516,207.20545291900635,502.96810150146484,180.7298183441162,627.3254013061523,295.8193302154541,618.9333724975586,259.2978358268738,609.6591186523438,236.86667203903198,595.5970764160156,214.07289505004883,213,1787822271.5550907
634.8323059082031,415.5071783065796,581.3571166992188,418.0039930343628,532.2748184204102,410.5338478088379,498.3384323120117,402.7186632156372,460.2104187011719,393.3920431137085,509.17152404785156,316.1450457572937,458.9031219482422,279.6484637260437,429.3255615234375,263.86686086654663,400.34149169921875,249.57358360290527,539.8722076416016,297.7819347381592,493.55396270751953,255.87110996246338,465.1048278808594,234.99927520751953,437.1045684814453,216.66592597961426,579.2549133300781,294.7229290008545,552.4452972412109,254.5516562461853,529.7316741943359,234.79697227478027,502.73975372314453,217.24558353424072,624.9893951416016,302.84075260162354,618.8155364990234,273.32083225250244,606.6846084594727,257.3851418495178,589.1356658935547,243.33077430725098,214,1787822271.620657
650.8325958251953,436.6172790527344,595.3059005737305,448.9427375793457,542.7148056030273,451.26840591430664,502.9076385498047,458.3035612106323,462.5245666503906,469.0654420852661,523.5000228881836,355.2412247657776,479.3831253051758,338.19960594177246,452.0149612426758,351.0602402687073,426.64398193359375,370.2435493469238,555.701904296875,340.10470390319824,520.6610870361328,324.48609352111816,497.79781341552734,351.932430267334,480.3630065917969,380.47263622283936,593.5303497314453,336.9691801071167,567.7197265625,326.23034477233887,545.185432434082,349.05630826950073,524.8823547363281,373.4498405456543,635.7271575927734,343.17126274108887,618.7215042114258,338.4334087371826,603.1901168823242,354.4363260269165,586.9973754882812,371.62877082824707,215,1787822271.670143
651.8321990966797,440.9796667098999,599.4504547119141,455.74353218078613,547.3931884765625,458.4587001800537,506.8183898925781,465.1377010345459,466.0809326171875,475.1866292953491,523.6970138549805,362.8076505661011,479.24842834472656,352.5177526473999,450.6053161621094,361.91368103027344,423.12381744384766,376.98885440826416,553.9373016357422,345.0576066970825,514.4983291625977,339.24105405807495,490.3471374511719,364.22913551330566,468.8681411743164,390.57782649993896,591.7437744140625,341.2147307395935,564.5504379272461,337.5725483894348,541.1387252807617,361.24870777130127,519.1119766235352,388.140664100647,633.8625717163086,348.50377321243286,616.6105270385742,349.030601978302,602.7558898925781,365.9514570236206,588.3834075927734,386.430401802063,216,1787822271.7326882
645.3996276855469,440.93061447143555,593.7803649902344,458.1567049026489,541.5682983398438,461.7641258239746,501.6069030761719,468.52423667907715,462.47901916503906,482.05162525177,520.8529663085938,363.0251884460449,472.72560119628906,357.61043071746826,442.76649475097656,367.5791931152344,414.96429443359375,383.5192394256592,552.0927047729492,345.82632780075073,510.45555114746094,345.5852723121643,484.5575714111328,369.41983222961426,461.9764709472656,394.68873023986816,590.33935546875,343.06182861328125,560.6819534301758,342.472128868103,536.2053298950195,363.85122299194336,513.2939529418945,388.4885358810425,631.3605499267578,352.0133686065674,613.7604141235352,355.33222675323486,599.3315505981445,370.61047554016113,583.9345169067383,388.53904724121094,217,1787822271.7743313
641.2561798095703,442.69782543182373,590.5207061767578,459.2431926727295,538.4041976928711,462.3597478866577,499.2292022705078,469.57823753356934,460.00938415527344,482.76612281799316,516.0040664672852,371.50689125061035,468.41625213623047,363.998122215271,437.6075744628906,369.9082946777344,407.13104248046875,381.176233291626,546.5473937988281,353.7920808792114,501.69178009033203,348.15736055374146,473.84151458740234,365.8177328109741,447.5276184082031,385.4502582550049,584.9712371826172,348.8522672653198,553.6463165283203,344.2881989479065,528.0748748779297,361.8132162094116,501.7619323730469,382.474422454834,626.527099609375,355.09634256362915,607.3931503295898,355.50240755081177,592.2585678100586,370.31328678131104,575.7122802734375,388.0860757827759,218,1787822271.8316891
