P0_x,P0_y,P1_x,P1_y,P2_x,P2_y,P3_x,P3_y,P4_x,P4_y,P5_x,P5_y,P6_x,P6_y,P7_x,P7_y,P8_x,P8_y,P9_x,P9_y,P10_x,P10_y,P11_x,P11_y,P12_x,P12_y,P13_x,P13_y,P14_x,P14_y,P15_x,P15_y,P16_x,P16_y,P17_x,P17_y,P18_x,P18_y,P19_x,P19_y,P20_x,P20_y,frame_number,timestamp
994.2987060546875,401.79731369018555,903.1086730957031,360.852427482605,850.8776092529297,318.2792043685913,811.0157775878906,294.03486728668213,782.8108215332031,274.2762565612793,949.6194458007812,214.13939237594604,856.7204284667969,204.2505383491516,806.8749237060547,219.59384679794312,774.1749572753906,239.01859760284424,967.479248046875,229.72697496414185,858.4793853759766,218.12161445617676,806.0507202148438,239.68028783798218,773.3902740478516,259.01708364486694,971.1972808837891,258.37717294692993,868.9488220214844,249.12840127944946,814.0504455566406,266.66818141937256,777.8995513916016,282.89473056793213,959.6527099609375,296.86161518096924,878.7660217285156,292.25960969924927,836.7687225341797,301.2680983543396,806.2080383300781,309.45889949798584,1,1787822113.469884
989.9024963378906,398.2575273513794,900.3314208984375,358.319091796875,851.0610961914062,317.4122929573059,811.939697265625,293.2374143600464,784.1287231445312,272.4697780609131,949.2882537841797,216.040198802948,860.3079986572266,202.61539936065674,811.143798828125,211.22314453125,776.7790222167969,225.03836631774902,964.5219421386719,230.8311653137207,857.1925354003906,218.3250117301941,802.0376586914062,234.9001407623291,765.2180480957031,251.22981548309326,966.2344360351562,257.43752002716064,864.3421173095703,251.35276794433594,808.7110900878906,264.97150182724,770.0205993652344,278.2377290725708,953.4627532958984,292.8517770767212,873.4669494628906,290.69133281707764,831.533203125,299.4162154197693,800.2693176269531,307.1274161338806,2,1787822113.534072
988.5020446777344,396.3653039932251,899.8398590087891,356.15585803985596,852.8301239013672,314.00052309036255,817.1234893798828,286.53504610061646,790.4814147949219,263.3198618888855,948.372802734375,215.6784224510193,859.7727203369141,201.74481868743896,809.8898315429688,210.4992699623108,774.2669677734375,225.00006437301636,964.8920440673828,229.3875789642334,857.9308319091797,216.33343935012817,802.2954559326172,231.2039065361023,763.6146545410156,246.73224449157715,967.2799682617188,255.73363065719604,864.0426635742188,248.98006439208984,808.740234375,261.65719270706177,769.3592071533203,273.92574548721313,954.9900054931641,291.5206503868103,874.4969177246094,291.5294051170349,832.7018737792969,299.6346116065979,801.1372375488281,306.37521743774414,3,1787822113.5998087
984.1983795166016,398.512487411499,898.2431030273438,358.3861041069031,849.7629547119141,316.70058488845825,810.1622009277344,292.3496460914612,777.6651763916016,270.59276819229126,945.0621032714844,215.92520713806152,858.1903839111328,199.3823504447937,807.5607299804688,208.27649116516113,769.7818756103516,223.01602363586426,964.0320587158203,230.10156154632568,856.9597625732422,217.75108337402344,801.1412811279297,235.8887815475464,762.8699493408203,253.58200550079346,968.0300903320312,257.19449043273926,865.9852600097656,249.12415266036987,809.7756195068359,264.5054841041565,769.7777557373047,278.64797830581665,957.0220184326172,293.1839847564697,876.8685150146484,290.861599445343,834.3875885009766,299.1695165634155,802.4388122558594,306.0880923271179,4,1787822113.6567912
975.4552459716797,402.2507572174072,888.7888336181641,359.8198413848877,845.2104187011719,316.5337944030762,809.3605804443359,289.6728229522705,779.6658325195312,265.8857488632202,942.01171875,219.6729612350464,857.4855041503906,200.30324935913086,808.0323791503906,200.93080043792725,766.8463134765625,205.31099796295166,958.7497711181641,234.6753716468811,852.1617126464844,222.31167554855347,793.3322906494141,235.06832599639893,749.8244476318359,246.61993503570557,959.9362945556641,261.882541179657,858.7412261962891,252.89600372314453,800.5489349365234,266.4875078201294,757.3488616943359,278.7444305419922,944.7303771972656,297.14133739471436,867.4303436279297,292.5683856010437,823.9486694335938,301.2164497375488,789.4520568847656,309.7788333892822,5,1787822113.7009997
973.212890625,404.01947021484375,888.4757232666016,362.27949142456055,847.5426483154297,318.5282635688782,814.0074157714844,290.1286268234253,784.1374969482422,266.6130566596985,939.5285034179688,220.54843425750732,857.2161102294922,199.13277626037598,808.8894653320312,196.12674951553345,768.436279296875,196.8289089202881,956.2312316894531,235.10634899139404,850.1083374023438,222.79346466064453,790.3202056884766,235.87592840194702,745.8827209472656,248.77690315246582,957.0219421386719,263.0932688713074,856.9609832763672,255.3601598739624,799.2139434814453,269.4034767150879,755.8481597900391,281.92402839660645,941.3372039794922,299.7773265838623,864.7137451171875,298.11474323272705,821.4295959472656,306.01558685302734,786.578369140625,312.9527449607849,6,1787822113.7408473
971.3957977294922,408.6562156677246,883.7435913085938,365.4928207397461,846.3294982910156,319.63528633117676,819.7121429443359,285.721971988678,796.4682006835938,258.6824941635132,934.1946411132812,222.10875034332275,856.9287109375,200.2768349647522,810.3322601318359,194.76335048675537,770.9739685058594,193.2488465309143,951.2659454345703,236.11588954925537,850.3190612792969,223.1521511077881,790.1304626464844,232.97858476638794,745.8782958984375,242.87936925888062,952.9739379882812,263.8697361946106,855.05615234375,258.84769678115845,797.7474212646484,271.63902282714844,756.0980224609375,283.20329189300537,938.2001495361328,301.6124939918518,861.5562438964844,301.7286443710327,818.4398651123047,310.6750988960266,784.9192047119141,319.2082142829895,7,1787822113.782077
971.3903045654297,414.1365051269531,886.1007690429688,369.9928379058838,842.9604339599609,326.6635751724243,808.1607818603516,298.61844062805176,775.4998779296875,276.85405254364014,931.8411254882812,226.2997341156006,854.4092559814453,202.93134212493896,808.1978607177734,194.23407554626465,769.8225402832031,189.88705158233643,948.2646942138672,239.24574851989746,842.9749298095703,227.30461835861206,782.4728393554688,242.3665952682495,740.3579711914062,258.0438709259033,949.4076538085938,267.10965156555176,848.4487152099609,261.18802070617676,788.7459564208984,274.7190570831299,746.4170074462891,287.88578510284424,935.2952575683594,304.95240211486816,856.6694641113281,308.3456325531006,812.1306610107422,318.0132579803467,777.9188537597656,326.74354791641235,8,1787822113.8270817
968.1428527832031,416.96741580963135,883.9891052246094,371.3104248046875,842.8952789306641,327.51930713653564,812.2029876708984,296.6437554359436,782.7261352539062,271.88565731048584,929.3904113769531,227.4267554283142,852.611083984375,203.04378032684326,804.7545623779297,195.2082109451294,765.8151245117188,191.55474185943604,945.9862518310547,241.4363408088684,840.2590942382812,231.0811471939087,780.4081726074219,244.95503425598145,738.1536865234375,258.27728748321533,947.2089385986328,270.1637005805969,845.5876922607422,267.04304695129395,785.9227752685547,280.45690298080444,742.3214721679688,292.68187522888184,933.5938262939453,308.7892270088196,854.1352844238281,311.4126420021057,809.9118041992188,322.02590703964233,775.0548553466797,331.7209982872009,9,1787822113.8524861
968.5697174072266,416.3753128051758,883.4230041503906,371.5686893463135,843.4791564941406,327.2272253036499,814.0566253662109,295.4728102684021,785.2059936523438,269.73012685775757,931.8701171875,226.14850044250488,853.0960845947266,200.62936305999756,804.3972778320312,192.92919158935547,765.4956817626953,189.06766891479492,948.1089782714844,240.92921018600464,841.4134979248047,228.65342617034912,779.8340606689453,240.49537897109985,735.8042907714844,251.85650825500488,948.2434844970703,270.1032543182373,845.0118255615234,266.13242626190186,784.1143798828125,278.8447880744934,739.6630859375,290.31219720840454,932.4221038818359,308.9074158668518,852.1996307373047,311.9933080673218,807.8455352783203,322.9772758483887,773.1552886962891,332.67011404037476,10,1787822113.8908474
969.9402618408203,413.6476993560791,884.974365234375,367.20269680023193,848.582763671875,321.284716129303,822.2696685791016,287.2460460662842,794.8954010009766,260.57548999786377,935.0152587890625,223.57023239135742,855.8371734619141,195.8055067062378,805.1291656494141,188.47290515899658,765.4957580566406,185.78636169433594,950.7772827148438,238.65036249160767,844.2546081542969,226.6917872428894,784.5243835449219,237.41905689239502,742.962646484375,248.06684732437134,950.6044006347656,267.53597259521484,847.3143005371094,264.23134088516235,789.7789001464844,275.8981776237488,748.5826110839844,287.1233940124512,934.8167419433594,305.25195121765137,853.9362335205078,308.2465410232544,810.6103515625,319.1080069541931,777.5670623779297,329.31198835372925,11,1787822113.9457014
972.4420928955078,411.9108724594116,887.6957702636719,363.19127082824707,854.5069885253906,316.34608268737793,829.7843933105469,281.2574028968811,803.9567565917969,252.97670602798462,942.9856109619141,221.38129234313965,862.7576446533203,192.5260877609253,812.7999114990234,184.6131420135498,773.814697265625,180.8643364906311,956.3961791992188,237.0111894607544,847.4008941650391,221.42167568206787,787.0549774169922,230.46303749084473,745.9529113769531,239.34563398361206,953.8575744628906,265.66484212875366,847.1006011962891,260.6730580329895,791.5906524658203,272.57301092147827,754.2204284667969,283.73913288116455,935.4998016357422,302.7040672302246,852.4944305419922,305.1220679283142,811.0826110839844,315.9430432319641,781.3899230957031,325.9755349159241,12,1787822114.0195937
981.375732421875,425.1917552947998,907.5072479248047,376.13256454467773,876.3228607177734,320.2733087539673,853.7136840820312,279.52993154525757,829.5442199707031,249.78725910186768,958.2340240478516,229.28415298461914,879.5161437988281,195.36131143569946,825.7720947265625,183.02265644073486,782.4507141113281,178.6155080795288,966.8331909179688,247.45455265045166,854.6720886230469,230.74207305908203,790.3575897216797,240.12214422225952,745.8967590332031,250.81475973129272,959.2002868652344,278.6627197265625,852.3184204101562,269.61652994155884,794.7350311279297,277.5011086463928,755.0497436523438,285.39135217666626,938.0027770996094,318.7651777267456,858.3120727539062,313.1021547317505,815.0006866455078,317.37534284591675,783.0951690673828,321.3857173919678,13,1787822114.0959222
980.7648468017578,431.8648338317871,903.8717651367188,374.9334669113159,875.7426452636719,315.1837635040283,855.7209777832031,271.20643615722656,833.6170196533203,241.0163927078247,958.0384063720703,225.6697154045105,875.7929992675781,196.69376850128174,820.3324127197266,189.2716670036316,776.0326385498047,188.3512830734253,970.0405883789062,246.86697721481323,856.6642761230469,233.89832496643066,791.2831115722656,245.17737865447998,744.8255157470703,256.56760454177856,964.1985321044922,281.20317935943604,854.1297912597656,274.8403787612915,792.9598236083984,282.7320599555969,749.2160034179688,289.5018267631531,943.6688232421875,324.61286544799805,860.3896331787109,320.72731018066406,814.5594024658203,325.1638126373291,778.8175964355469,328.87826442718506,14,1787822114.1646764
984.4261169433594,441.3666772842407,913.9645385742188,379.6156597137451,885.4110717773438,317.52872228622437,862.6366424560547,273.62274169921875,840.2766418457031,243.3751916885376,962.8614807128906,229.39802885055542,873.9360046386719,201.09259128570557,814.9170684814453,197.12262153625488,769.7032928466797,200.6331181526184,973.9095306396484,253.8893222808838,855.4676055908203,239.38633918762207,788.6973571777344,248.99864673614502,742.1639251708984,259.26449060440063,968.0142211914062,290.37195682525635,852.0901489257812,284.0885925292969,789.8501586914062,290.8501410484314,746.7410278320312,296.97596311569214,947.9410552978516,335.0765919685364,861.2496185302734,330.13564109802246,816.1058044433594,333.9839458465576,781.7530059814453,337.6203775405884,15,1787822114.2368264
979.5409393310547,438.1801700592041,894.5870208740234,377.0032739639282,865.6195068359375,316.50843143463135,844.8874664306641,274.039363861084,825.2434539794922,243.3958125114441,955.7581329345703,220.12301445007324,860.7775115966797,199.72947120666504,803.7065887451172,208.4162449836731,765.1307678222656,222.07512617111206,968.5738372802734,243.38319540023804,855.0087738037109,230.50524473190308,790.4537963867188,242.46813297271729,746.0693359375,253.58702659606934,964.630126953125,278.8041687011719,855.0656890869141,270.16900062561035,791.9260406494141,279.3332290649414,747.0297241210938,288.4039235115051,944.1722106933594,322.6226878166199,859.5197296142578,316.1011219024658,813.0192565917969,322.8063654899597,775.7512664794922,328.60978603363037,16,1787822114.3074305
977.0151519775391,433.8514709472656,894.4461822509766,374.8515844345093,865.5885314941406,314.4761538505554,844.9717712402344,271.8201470375061,826.9481658935547,239.1805386543274,953.6864471435547,220.4939317703247,858.81103515625,199.3337917327881,802.9102325439453,206.266508102417,765.0676727294922,217.9125952720642,964.7405242919922,242.45847702026367,851.1418151855469,229.20076847076416,788.2612609863281,240.78552961349487,745.5953979492188,250.6318759918213,959.8025512695312,276.0505485534668,850.4653930664062,266.91962242126465,789.0521240234375,275.781147480011,745.7868957519531,284.4388675689697,938.5309600830078,317.94124603271484,855.1499176025391,312.7126121520996,809.6906280517578,319.1817355155945,773.7014007568359,324.92071866989136,17,1787822114.3628726
975.8624267578125,430.6555652618408,892.5331115722656,375.7331943511963,864.1613006591797,317.8407382965088,842.9312896728516,275.54099321365356,822.0998382568359,246.28210544586182,948.5984039306641,221.1311388015747,853.6209106445312,199.93078708648682,797.2049713134766,208.28455924987793,758.1831359863281,221.7575740814209,960.1083374023438,240.124933719635,845.0418853759766,229.7008180618286,783.2443237304688,243.796706199646,741.5953826904297,255.803325176239,956.4886474609375,271.84409379959106,846.231689453125,266.5716004371643,786.9869232177734,278.80232334136963,745.0226593017578,289.8905539512634,936.6577911376953,312.8617215156555,852.4326324462891,310.6690049171448,808.2846069335938,319.4351291656494,773.06884765625,327.16317415237427,18,1787822114.4142115
983.5286712646484,444.1262626647949,895.2706146240234,387.2833442687988,860.6967163085938,325.18507719039917,836.3925170898438,281.20182752609253,814.2208862304688,255.63992500305176,947.1040344238281,226.41629219055176,840.4658508300781,216.70427083969116,778.7086486816406,234.6175217628479,740.45166015625,253.23297500610352,957.2503662109375,252.09726333618164,841.5394592285156,241.6025733947754,776.2816619873047,256.8707799911499,731.9280242919922,271.02617025375366,952.6398468017578,290.7694172859192,841.6691589355469,286.1559748649597,780.0564575195312,300.34284353256226,738.3283233642578,312.04630851745605,932.4596405029297,338.9044690132141,845.2116394042969,336.7593240737915,797.8639984130859,343.42628717422485,763.3193969726562,348.95148754119873,19,1787822114.4756289
985.0884246826172,448.4507989883423,896.0365295410156,395.75002670288086,859.9298858642578,333.0380916595459,836.9031524658203,287.3462104797363,817.5376129150391,258.29981803894043,955.4189300537109,227.46849060058594,846.0389709472656,216.8908452987671,781.4080810546875,233.58047246932983,740.9169006347656,253.26571941375732,969.3196868896484,252.30345010757446,848.4933471679688,242.8212833404541,778.8840484619141,259.0859627723694,731.1211395263672,274.87419605255127,965.2647399902344,290.30917167663574,849.0435028076172,282.637882232666,781.4838409423828,294.96625900268555,734.7044372558594,306.37412309646606,945.1138305664062,339.2294669151306,852.2860717773438,336.75164222717285,802.2465515136719,344.9290108680725,764.6250915527344,350.89787006378174,20,1787822114.5185738
993.79150390625,449.2580795288086,905.5079650878906,394.45587158203125,865.9650421142578,330.81149339675903,841.5320587158203,285.2362561225891,821.0770416259766,259.79687690734863,965.9624481201172,227.1756148338318,854.7385406494141,214.86665725708008,788.5219573974609,231.37179136276245,747.8813934326172,250.90578317642212,980.1938629150391,254.30066585540771,855.9426879882812,243.74349117279053,783.9241790771484,258.38594913482666,735.8158874511719,272.1278715133667,975.2589416503906,294.81614112854004,856.177978515625,286.47552251815796,786.0887145996094,298.3682656288147,738.8326263427734,309.3910503387451,953.1626892089844,345.40985584259033,860.3816986083984,339.8041248321533,808.0004119873047,345.1026678085327,768.4845733642578,348.3890390396118,21,1787822114.566905
999.8306274414062,451.1450672149658,930.9108734130859,386.29247188568115,892.8299713134766,320.91442108154297,859.0071105957031,277.2496032714844,828.1418609619141,256.8777537345886,976.1668395996094,228.08477640151978,864.9232482910156,213.1799340248108,797.9969024658203,226.97964191436768,754.8421478271484,244.75899696350098,988.9481353759766,257.93302059173584,864.4912719726562,245.9176254272461,790.7420349121094,258.3611869812012,739.1999816894531,270.9576988220215,982.8350067138672,300.00967025756836,862.8882598876953,291.39055252075195,793.0099487304688,301.2255263328552,744.609375,311.3365960121155,959.7181701660156,350.9491968154907,865.9579467773438,343.48482370376587,813.5334014892578,347.3611521720886,773.2579040527344,350.7163381576538,22,1787822114.6158986
1005.3558349609375,458.701171875,923.7892913818359,404.00715351104736,887.9507446289062,339.1878819465637,859.7438812255859,293.06508779525757,834.8770141601562,265.9540057182312,981.3279724121094,236.1967420578003,870.6135559082031,220.07042169570923,802.9203033447266,229.84919786453247,757.9000091552734,243.35060119628906,995.3843688964844,260.26832342147827,868.8943481445312,246.62409782409668,794.6542358398438,260.2230906486511,743.0422210693359,272.21009731292725,990.8518981933594,297.316153049469,867.2296905517578,287.7100682258606,795.7379913330078,300.78240394592285,745.7582092285156,312.4159598350525,969.3027496337891,345.9773254394531,874.2311096191406,338.8123941421509,821.4066314697266,344.5425796508789,781.1165618896484,349.15735244750977,23,1787822114.678664
1009.5347595214844,459.0117931365967,932.1882629394531,399.05553817749023,897.5079345703125,333.0662441253662,868.6016082763672,287.3112988471985,839.6494293212891,259.5139789581299,980.4938507080078,233.40181589126587,871.2043762207031,216.18420124053955,804.1024780273438,229.21686172485352,758.0931091308594,246.48245573043823,994.4783020019531,258.3015561103821,868.6012268066406,244.4709062576294,794.9718475341797,259.7048020362854,744.1526031494141,274.4248938560486,990.333251953125,296.1005973815918,868.8777923583984,285.6809449195862,798.3341979980469,299.5850658416748,749.5578002929688,313.5784935951233,968.7857055664062,344.34139251708984,875.5113983154297,337.13144302368164,824.2159271240234,344.2592525482178,784.4536590576172,350.51682472229004,24,1787822114.727035
993.2353973388672,429.26570892333984,905.1793670654297,372.198429107666,875.7003021240234,317.42724895477295,846.5268707275391,278.2551956176758,816.1611175537109,248.18658113479614,964.0145874023438,216.15664958953857,871.8729400634766,191.25587940216064,814.9211120605469,203.9758801460266,774.8494720458984,220.80605506896973,977.35595703125,230.47393798828125,865.7251739501953,211.87039375305176,805.5410003662109,230.7753324508667,765.8573913574219,250.77105045318604,974.1733551025391,259.99186277389526,868.5549926757812,244.69797134399414,810.9730529785156,262.4695158004761,771.6309356689453,280.12364387512207,954.4908142089844,299.08308506011963,875.2690124511719,287.2401452064514,828.7250518798828,293.47782611846924,793.3651733398438,301.9665026664734,25,1787822114.7960515
983.6962890625,423.8388919830322,899.4143676757812,363.4964847564697,870.2871704101562,306.69306993484497,845.0238800048828,265.83871364593506,822.6887512207031,235.1425266265869,965.4644012451172,217.03956842422485,870.9571075439453,194.21976327896118,817.2796630859375,200.6545329093933,780.8676147460938,211.5120506286621,973.6563110351562,232.27857112884521,864.8604583740234,213.83424282073975,804.8230743408203,227.28569269180298,763.7062072753906,241.18505001068115,967.1006774902344,259.58167791366577,863.3943939208984,246.20318412780762,806.9469451904297,261.29316329956055,767.9827117919922,276.3273525238037,945.2978515625,294.91209983825684,867.9844665527344,285.4389238357544,826.8861389160156,294.0643072128296,795.1548767089844,303.1061625480652,26,1787822114.8443038
983.3140563964844,418.87701988220215,899.5314025878906,364.93809700012207,868.2550048828125,312.90931463241577,838.6532592773438,277.13062047958374,811.3333892822266,249.89806652069092,959.0105438232422,220.31619787216187,866.2651062011719,196.91409587860107,811.8695068359375,204.82794284820557,774.6646118164062,217.9904866218567,966.0718536376953,235.29674291610718,856.7745971679688,219.55708980560303,798.7532043457031,235.90015411376953,760.4051208496094,251.74881219863892,958.6923980712891,262.57309198379517,857.3346710205078,251.92532300949097,804.4602203369141,268.4503483772278,768.3332824707031,284.2096996307373,936.5171051025391,297.5642251968384,863.6819458007812,290.15974044799805,824.2692565917969,297.8406000137329,792.9911804199219,306.22509956359863,27,1787822114.8970015
980.0425720214844,416.4663362503052,897.9412841796875,365.03100872039795,865.6778717041016,311.45562171936035,837.3956298828125,273.18599224090576,811.9913482666016,244.32276248931885,953.5480499267578,220.16644477844238,859.4926452636719,200.09719133377075,805.7883453369141,208.73167276382446,769.8001098632812,222.09615468978882,960.8612060546875,235.95160961151123,850.7159423828125,221.4710283279419,792.2318267822266,237.97835111618042,753.4640502929688,255.6442165374756,954.088134765625,263.9149260520935,851.0840606689453,252.92314767837524,797.1675109863281,269.8408055305481,761.1534118652344,287.02170610427856,932.7461242675781,299.7846221923828,857.6478576660156,291.3449764251709,818.4974670410156,300.04226446151733,788.6751556396484,310.1012992858887,28,1787822114.938593
985.7350921630859,430.79169273376465,892.8775787353516,385.4210329055786,856.8563079833984,330.58653116226196,826.5225219726562,291.83985471725464,797.47802734375,264.06721115112305,949.8576354980469,222.6028347015381,849.5044708251953,207.23972082138062,789.9919128417969,222.62961387634277,750.2305603027344,242.29885339736938,961.9984436035156,238.67038249969482,847.3549652099609,225.09037971496582,785.9622192382812,247.79025793075562,746.7739105224609,270.2981114387512,957.5626373291016,269.78649616241455,847.4247741699219,259.71922159194946,788.5741424560547,282.2723722457886,750.5142974853516,303.1133723258972,936.7628479003906,313.1988000869751,850.8067321777344,311.0007619857788,804.2569732666016,321.14914655685425,770.3590393066406,331.76002979278564,29,1787822114.9891608
986.0420989990234,436.27644538879395,897.1540069580078,390.49160957336426,858.4505462646484,335.73755264282227,826.8233489990234,297.9305076599121,797.6626586914062,269.574773311615,953.5078430175781,224.88739013671875,848.4920501708984,209.11046504974365,788.3889770507812,223.21388483047485,750.2006530761719,243.18325281143188,966.9237518310547,241.7539143562317,848.7252807617188,226.448392868042,785.0061798095703,249.1741919517517,743.9366912841797,272.2307825088501,963.6176300048828,273.44035148620605,850.8589172363281,261.6374945640564,789.3907165527344,282.6090431213379,749.6392822265625,302.9324412345886,942.8781127929688,317.37401247024536,854.9783325195312,312.19887256622314,806.3124847412109,320.7190489768982,771.3840484619141,329.87332105636597,30,1787822115.0275147
993.1349182128906,441.1547613143921,900.3303527832031,394.6841812133789,862.0492553710938,339.7012996673584,830.4273986816406,302.1446228027344,801.6981506347656,273.6077857017517,962.4718475341797,228.79054069519043,856.3322448730469,212.221999168396,793.3892822265625,223.91452074050903,751.6552734375,241.56618118286133,975.4299163818359,246.86463832855225,854.6094512939453,230.23058652877808,787.5646209716797,248.98671627044678,743.489990234375,268.5582160949707,970.8115386962891,279.95893478393555,854.6739196777344,266.959490776062,791.2444305419922,284.0806746482849,749.3878936767578,301.29751682281494,947.9938507080078,324.8836398124695,858.4577178955078,314.1856598854065,808.4133911132812,320.59255599975586,772.0418548583984,328.8036346435547,31,1787822115.051649
999.9635314941406,442.32879638671875,902.7476501464844,395.26079177856445,862.6927947998047,339.6205544471741,828.6428833007812,301.359121799469,797.0970153808594,273.58478307724,964.1893768310547,226.12412452697754,859.3429565429688,210.21450519561768,798.8021850585938,221.06530666351318,756.4397430419922,237.2502064704895,978.1676483154297,244.79077577590942,857.3849487304688,228.784339427948,790.8948516845703,247.96236991882324,745.4825592041016,266.95255994796753,974.8163604736328,278.72466802597046,860.0951385498047,265.48884630203247,797.3876190185547,284.01188135147095,754.6697998046875,301.53046131134033,953.0280303955078,324.13777112960815,866.0735321044922,312.85916805267334,817.2190093994141,320.3506851196289,780.9522247314453,328.9820337295532,32,1787822115.1128721
1000.7135009765625,444.1446304321289,905.1564025878906,395.2783441543579,867.3677062988281,339.7296452522278,834.5684051513672,301.1772680282593,802.8666687011719,273.5779809951782,967.9413604736328,226.6603946685791,862.8529357910156,208.46654176712036,801.5143585205078,219.65113878250122,759.7868347167969,237.6595973968506,981.9720458984375,243.49619150161743,860.8792114257812,225.1578426361084,794.6250152587891,241.48635864257812,749.3787384033203,260.6834864616394,978.5397338867188,275.8540391921997,862.6507568359375,261.48619651794434,800.0161743164062,277.14317321777344,756.6978454589844,293.93478870391846,957.1550750732422,319.99534606933594,867.9659271240234,309.56912755966187,819.3592071533203,317.13276386260986,782.5328826904297,326.4471101760864,33,1787822115.1559138
999.6219635009766,442.06782817840576,906.1727142333984,389.9414348602295,870.3460693359375,331.60433292388916,841.4044952392578,290.0969338417053,813.6260986328125,260.7735228538513,971.5147399902344,223.87551069259644,867.5741577148438,203.14373016357422,806.3531494140625,215.41893482208252,764.8373413085938,233.8488006591797,985.1313018798828,240.44115543365479,866.6701507568359,219.92764234542847,800.8189392089844,235.6010127067566,755.1866912841797,254.13666486740112,981.1257934570312,271.6980743408203,869.0994262695312,255.92196464538574,807.5124359130859,272.1561527252197,764.5293426513672,289.828519821167,959.5720672607422,313.8318872451782,872.9573822021484,303.7274694442749,824.5360565185547,312.35424757003784,787.591552734375,322.55415201187134,34,1787822115.2031648
1002.2357177734375,438.9305877685547,909.7478485107422,385.2682113647461,874.6038818359375,328.94752979278564,843.6470031738281,289.1452646255493,814.0689849853516,261.18576765060425,974.9429321289062,223.47448825836182,871.5746307373047,200.88224172592163,812.7420043945312,213.15021514892578,774.1114807128906,231.08535289764404,987.4519348144531,239.81072902679443,869.6762847900391,218.43506813049316,805.7664489746094,236.92568063735962,762.572021484375,257.07610845565796,982.5906372070312,270.18850564956665,871.0376739501953,252.35981941223145,809.9181365966797,270.58470010757446,768.2032775878906,288.70754957199097,960.6683349609375,310.31810760498047,875.0261688232422,297.5488615036011,826.8455505371094,306.38757705688477,790.5303955078125,316.5068006515503,35,1787822115.2539861
996.6847229003906,434.91426944732666,907.0504760742188,376.75689697265625,875.1454162597656,320.6899094581604,846.3571166992188,280.84277629852295,818.8608551025391,250.83911418914795,975.6169891357422,221.03586673736572,875.3292846679688,198.4777593612671,816.9792175292969,209.53022003173828,776.9331359863281,226.40813827514648,988.2344055175781,236.95348978042603,871.7793273925781,216.31447076797485,808.2799530029297,233.04690599441528,764.3959045410156,251.9480037689209,983.5888671875,266.35798931121826,872.8169250488281,250.24816989898682,813.3982086181641,268.2773995399475,772.4554443359375,286.18303298950195,961.7478179931641,305.14575719833374,876.6194152832031,292.6362347602844,829.5042419433594,301.5888261795044,793.4031677246094,311.7848038673401,36,1787822115.3085573
993.6785888671875,422.82772064208984,905.1390838623047,364.7569942474365,874.4589233398438,314.21565771102905,843.5851287841797,280.24290561676025,815.0779724121094,252.47573375701904,967.6287078857422,218.7694001197815,874.2975616455078,193.13559293746948,820.3225708007812,202.485773563385,783.9807891845703,215.49002408981323,977.4757385253906,232.64657020568848,865.7696533203125,214.38536167144775,807.6493072509766,230.62442064285278,769.1270446777344,246.35207891464233,972.5662231445312,260.0614285469055,866.3594818115234,245.86419582366943,812.0700836181641,261.93451166152954,774.8823547363281,277.43053436279297,952.6711273193359,295.3761863708496,871.4481353759766,283.94956827163696,826.3066864013672,290.1279616355896,791.37451171875,297.7442765235901,37,1787822115.3530633
987.7897644042969,418.4118175506592,903.0037689208984,361.7231798171997,872.7289581298828,310.20421028137207,843.7855529785156,274.04146671295166,816.8229675292969,245.5308723449707,967.073974609375,218.71865272521973,872.9925537109375,192.89170503616333,818.6943054199219,202.34026908874512,782.1221160888672,217.41396188735962,975.4836273193359,233.5710096359253,864.8307037353516,214.45522785186768,807.7702331542969,230.25657176971436,770.2658843994141,246.98493003845215,969.1658020019531,260.76558351516724,865.0421905517578,245.84921836853027,812.7722930908203,262.24101305007935,777.5510406494141,278.63499641418457,948.0733489990234,295.7522749900818,869.2547607421875,282.5370740890503,827.3069000244141,290.12006521224976,795.1681518554688,299.18827056884766,38,1787822115.3966906
984.1107940673828,415.39358139038086,900.5410766601562,357.58935928344727,869.8587036132812,305.9378671646118,840.9471130371094,269.1734504699707,815.2754974365234,240.54269313812256,963.3052062988281,219.1445016860962,870.9674072265625,196.45445108413696,818.8200378417969,204.9021863937378,783.3782196044922,217.3601245880127,971.0821533203125,233.49328994750977,861.6085815429688,216.37088298797607,805.3382873535156,232.38912105560303,768.2889556884766,248.7860655784607,965.1378631591797,259.3655776977539,861.1945343017578,246.32433414459229,810.0014495849609,263.3358907699585,776.0871887207031,279.73281383514404,945.21240234375,292.14818000793457,866.9265747070312,281.62126064300537,826.9864654541016,289.80480909347534,797.2213745117188,298.79321336746216,39,1787822115.4341276
980.4257202148438,411.5826988220215,896.3226318359375,356.55909061431885,866.3104248046875,304.3792676925659,839.8217010498047,266.57893896102905,815.987548828125,237.27623462677002,958.7933349609375,218.9185094833374,868.521728515625,197.09667921066284,816.8477630615234,205.8625888824463,781.4218139648438,219.30867433547974,966.5693664550781,233.97207498550415,859.9658203125,217.27547407150269,803.7588500976562,232.81887531280518,766.9056701660156,249.09988403320312,960.5228424072266,260.04063606262207,859.4422149658203,247.38685369491577,807.5459289550781,263.6133599281311,773.3131408691406,279.8589849472046,940.3496551513672,292.69715309143066,864.3784332275391,282.56359577178955,825.7906341552734,291.30030155181885,797.4380493164062,300.9355044364929,40,1787822115.4757612
979.4200134277344,409.23213958740234,896.4242553710938,357.9613494873047,867.0810699462891,307.8770184516907,839.8685455322266,271.2995409965515,814.2158508300781,244.26156520843506,955.6826019287109,220.87042808532715,868.0999755859375,198.83758306503296,817.5287628173828,206.38707876205444,782.2881317138672,218.87070178985596,963.1346130371094,235.3101110458374,857.1919250488281,220.07855415344238,800.8488464355469,235.94090223312378,764.0046691894531,252.29113340377808,956.8134307861328,260.5770993232727,856.9097900390625,250.10212898254395,805.5448150634766,267.4715781211853,771.8526458740234,284.47837114334106,936.2609100341797,292.277934551239,861.3050079345703,284.8756814002991,823.5520172119141,294.4419193267822,795.7285308837891,304.51653242111206,41,1787822115.533015
977.9552459716797,407.5914001464844,895.6443023681641,358.1942296028137,864.50439453125,308.9314270019531,835.9010314941406,272.74965047836304,809.3040466308594,245.6665062904358,951.0790252685547,221.27915382385254,862.0967864990234,199.92254734039307,810.9408569335938,206.53494358062744,775.2059936523438,217.87474393844604,959.1954040527344,235.88603496551514,852.66357421875,220.36424160003662,796.1726379394531,236.5398931503296,759.2800903320312,253.66985321044922,953.3020782470703,262.04270124435425,852.3183441162109,250.98957538604736,799.9781799316406,267.9954671859741,765.7948303222656,284.95616912841797,932.6847076416016,295.2752709388733,857.03857421875,288.0375552177429,819.5922088623047,297.95758724212646,792.6630401611328,308.7378144264221,42,1787822115.5749295
973.0001831054688,409.44143772125244,892.5148010253906,363.24787616729736,861.6506958007812,312.99761295318604,834.5067596435547,277.41023540496826,809.178466796875,250.3586769104004,946.5447235107422,219.74334239959717,857.0423126220703,202.94754266738892,804.6201324462891,210.00372648239136,767.1525573730469,221.96768760681152,955.5426025390625,234.0081238746643,849.2025756835938,222.23238945007324,791.8482208251953,238.7802243232727,752.596435546875,255.81611394882202,950.4676818847656,260.2929997444153,848.8187408447266,252.78459548950195,795.8930969238281,271.413996219635,759.5409393310547,289.40752029418945,930.3633117675781,295.6764006614685,853.5132598876953,292.78379917144775,814.9028778076172,304.37482595443726,785.3274536132812,316.4812445640564,43,1787822115.6292043
972.2197723388672,414.6017074584961,887.8648376464844,369.0886974334717,854.7837829589844,316.6036605834961,828.4797668457031,278.84126901626587,802.7267456054688,251.00772857666016,942.3369598388672,218.17742586135864,847.7819061279297,204.7288942337036,792.0074462890625,217.11623668670654,753.9980316162109,234.20143604278564,953.564453125,235.5603289604187,844.0159606933594,224.46600437164307,784.1688537597656,244.57748651504517,745.3269958496094,264.3874669075012,949.6814727783203,265.5141878128052,845.7598114013672,256.9495940208435,788.8612365722656,278.0925679206848,751.5328979492188,297.8778076171875,930.4044342041016,305.7592749595642,850.5856323242188,303.3076071739197,808.6270904541016,314.93940353393555,777.9219818115234,326.8570375442505,44,1787822115.6693404
967.1794891357422,436.3923168182373,893.1855010986328,379.6290922164917,856.3027191162109,317.60976791381836,826.9045257568359,278.7797498703003,798.1010437011719,264.21127796173096,925.5050659179688,231.23892545700073,825.294189453125,219.59790229797363,764.5121002197266,237.4018907546997,723.6667633056641,257.0620536804199,938.2901763916016,257.74706840515137,824.5747375488281,247.87113189697266,760.5519104003906,265.1593208312988,716.5184783935547,282.9214882850647,935.9730529785156,296.53056621551514,827.02880859375,296.0471034049988,768.6905670166016,313.8164806365967,730.7535552978516,330.6783056259155,918.5027313232422,344.11025047302246,831.8784332275391,343.5874128341675,786.5530395507812,353.9434003829956,755.1824188232422,364.55936908721924,45,1787822115.7198365
969.0371704101562,452.28107929229736,893.4561157226562,396.37826442718506,854.8899841308594,331.87203884124756,825.8494567871094,288.4051465988159,801.5707397460938,267.28249311447144,923.0764007568359,236.76506996154785,820.5524444580078,225.70130109786987,757.4794769287109,242.6324987411499,716.1517333984375,260.427668094635,936.9746398925781,262.3789858818054,821.83837890625,255.28319120407104,756.3128662109375,274.9853253364563,712.4591827392578,292.2072744369507,935.1123809814453,301.2974524497986,825.5886077880859,301.48529291152954,766.2347412109375,319.5960831642151,727.5799560546875,333.9746332168579,917.9234313964844,350.65149307250977,831.058349609375,351.3182258605957,784.6504974365234,360.69432735443115,751.5473175048828,369.11895275115967,46,1787822115.773701
970.7318115234375,461.93926334381104,884.7480010986328,407.8570032119751,844.881591796875,344.63802337646484,817.4459838867188,299.0057945251465,797.8376770019531,273.60570430755615,920.7954406738281,242.7669095993042,816.2033843994141,232.21389770507812,754.588623046875,248.45654010772705,715.5694580078125,266.55821084976196,935.3823852539062,266.9877505302429,818.0792999267578,259.69207763671875,750.9049987792969,278.15159797668457,705.8998870849609,295.1739478111267,933.7627410888672,304.6911334991455,820.8056640625,305.62254667282104,759.2151641845703,323.66413593292236,718.8153839111328,339.055917263031,916.8764495849609,353.3908224105835,827.5283813476562,355.37572145462036,781.348876953125,365.6802749633789,747.2881317138672,373.8522148132324,47,1787822115.817499
967.8285217285156,467.4011421203613,878.0837249755859,412.6037406921387,838.6562347412109,349.4106602668762,810.9171295166016,304.3425750732422,787.7949523925781,279.43362951278687,916.5518951416016,246.14582777023315,810.7877349853516,234.2423129081726,750.9774780273438,249.09911155700684,713.6266326904297,265.52995920181274,932.0437622070312,270.6740713119507,811.8026733398438,263.884756565094,744.7316741943359,283.051393032074,701.1325073242188,300.5418848991394,930.70556640625,308.8826322555542,815.0768280029297,312.7612781524658,754.9040222167969,332.44834899902344,716.9026184082031,348.7113332748413,913.9401245117188,357.2288703918457,822.9045104980469,359.27271366119385,777.178955078125,369.9332284927368,743.90380859375,377.89097785949707,48,1787822115.880175
968.5957336425781,471.5510559082031,878.3419799804688,419.17210578918457,837.6445007324219,356.23162508010864,809.7389221191406,309.3636703491211,787.02880859375,281.43301248550415,914.1686248779297,248.9807939529419,807.9514312744141,236.62941455841064,747.9364776611328,250.81016778945923,711.33056640625,267.15861797332764,928.7449645996094,272.7972650527954,807.1038818359375,267.3474669456482,741.8746948242188,288.27009201049805,701.2997436523438,307.56352186203003,927.0029449462891,310.6103825569153,811.0614776611328,313.95569801330566,751.9395446777344,334.55448389053345,715.3617858886719,352.1366214752197,910.9457397460938,359.30176734924316,820.7173919677734,361.973032951355,776.0955047607422,373.3780860900879,743.6078643798828,381.45376682281494,49,1787822115.9198456
966.26708984375,475.33430099487305,871.7610168457031,425.50761222839355,831.1713409423828,363.4603500366211,803.4422302246094,316.95269107818604,780.2182006835938,288.98791551589966,909.4477081298828,251.73683881759644,803.7094116210938,238.4487247467041,743.5578155517578,253.749418258667,705.5174255371094,271.82156324386597,924.5526885986328,273.888795375824,801.9141387939453,270.12372493743896,736.7337799072266,293.5129952430725,695.9352111816406,314.67907905578613,923.0506896972656,310.60662746429443,805.7051849365234,315.42816638946533,745.3723907470703,337.03580617904663,707.1026611328125,355.65319061279297,906.7413330078125,359.2325448989868,815.4277038574219,364.15570735931396,770.2102661132812,376.9595003128052,736.7638397216797,386.543869972229,50,1787822115.9707432
962.8896331787109,476.85286045074463,870.0660705566406,422.82840728759766,831.5331268310547,358.7181830406189,805.2946472167969,310.273540019989,783.3130645751953,281.9981646537781,904.7861480712891,251.7403793334961,799.8335266113281,239.19583797454834,740.3952789306641,255.59128046035767,703.4518432617188,274.72585916519165,920.2591705322266,275.7818555831909,799.3578338623047,272.14810609817505,733.5455322265625,293.36628913879395,691.0121917724609,313.47822189331055,920.0197601318359,313.3631229400635,805.9963226318359,319.0185499191284,745.2467346191406,337.5576138496399,705.5165100097656,354.67774629592896,904.4989013671875,361.58443450927734,815.7082366943359,365.57650566101074,769.9213409423828,377.63477325439453,734.6474456787109,387.71271228790283,51,1787822116.011206
959.1958618164062,473.64485263824463,862.021484375,421.66733264923096,825.1565551757812,361.59542083740234,797.5174713134766,316.0540437698364,777.3211669921875,288.1084728240967,899.0746307373047,253.71497869491577,794.0470886230469,241.20670080184937,735.6710052490234,256.87923431396484,699.0167236328125,274.72407817840576,914.5099639892578,274.93708848953247,792.9640960693359,271.34507417678833,730.1170349121094,290.6527519226074,689.376220703125,308.78873348236084,914.7391510009766,310.2398943901062,798.0471038818359,316.0086393356323,738.9054107666016,332.89900302886963,699.2881774902344,349.1641330718994,899.3777465820312,357.06066370010376,809.2821502685547,360.2333736419678,763.6459350585938,371.42269134521484,727.6676940917969,382.21723079681396,52,1787822116.0535572
955.4407501220703,470.1377248764038,860.3398132324219,418.5283327102661,824.8150634765625,357.559597492218,799.2501831054688,310.1585912704468,782.2900390625,279.2634916305542,899.6277618408203,249.70863819122314,797.3214721679688,236.84051513671875,739.2642974853516,253.3612060546875,703.1228637695312,272.44359970092773,914.2704010009766,269.52338218688965,797.1879577636719,262.7609324455261,732.24853515625,280.0957489013672,688.6924743652344,296.89684867858887,913.604736328125,303.996205329895,800.9263610839844,307.7703094482422,740.6888580322266,321.0747528076172,699.0702819824219,334.7686958312988,896.3944244384766,350.5751895904541,808.6563873291016,353.0000567436218,763.3944702148438,363.7887382507324,727.4092102050781,375.0141906738281,53,1787822116.0982285
957.8623962402344,465.1230239868164,891.3723754882812,400.9895610809326,854.4056701660156,335.66815853118896,820.6781005859375,291.84459686279297,792.0856475830078,269.5782279968262,903.4311676025391,247.03220129013062,803.4204864501953,233.03551197052002,746.068115234375,248.14357995986938,710.5331420898438,264.75396394729614,914.9581146240234,269.3436098098755,799.9269104003906,262.14471101760864,737.1318054199219,276.22281074523926,693.4098815917969,288.46379041671753,912.1588897705078,304.9222755432129,803.2241821289062,307.456533908844,744.4200897216797,318.0795621871948,702.5106811523438,327.2579097747803,894.1510009765625,351.08126878738403,809.3843841552734,350.4462933540344,765.3486633300781,358.33381175994873,729.1232299804688,366.4062738418579,54,1787822116.155419
957.4540710449219,461.0758066177368,890.1406860351562,399.0874671936035,853.7027740478516,334.492084980011,822.1094512939453,290.07051944732666,794.1299438476562,265.9176993370056,906.8394470214844,243.82054567337036,808.8420104980469,227.84324884414673,750.9516143798828,240.29054403305054,713.6390686035156,256.138858795166,918.0064392089844,265.066237449646,803.2577514648438,254.55337285995483,741.4485168457031,267.27453231811523,698.4541320800781,278.38698863983154,914.9315643310547,299.62671518325806,806.3777923583984,297.8942656517029,747.4734497070312,307.41286754608154,705.1231384277344,314.49578762054443,897.6771545410156,345.20461320877075,814.5014953613281,342.97144889831543,770.9272766113281,350.50907850265503,735.4207611083984,356.9130563735962,55,1787822116.1995244
957.6689147949219,456.7703676223755,912.4964904785156,389.54442501068115,876.3733673095703,324.80928897857666,836.3768768310547,285.7018446922302,799.8762512207031,266.7653203010559,910.1136779785156,242.54177570343018,813.6594390869141,223.7621283531189,756.2398529052734,232.92290210723877,718.4963226318359,246.45687818527222,920.5206298828125,263.13337326049805,804.6836853027344,253.50505828857422,743.55224609375,265.4682469367981,700.7557678222656,275.39690494537354,917.5045776367188,296.8745756149292,807.5833129882812,293.44613313674927,748.1462860107422,301.9608163833618,704.8054504394531,308.5042905807495,900.3195190429688,341.03609561920166,815.2292633056641,337.47978687286377,770.8634185791016,343.2144570350647,734.2120361328125,348.28168630599976,56,1787822116.2566087
959.2717742919922,450.43739318847656,920.9986114501953,381.0484743118286,885.2391052246094,316.8248677253723,842.0797729492188,279.1962432861328,802.5859069824219,261.70493602752686,914.3206024169922,241.7721962928772,816.085205078125,221.95614337921143,759.7572326660156,227.40785121917725,721.8438720703125,237.0930290222168,922.1413421630859,263.1127738952637,804.9088287353516,251.11486673355103,745.11962890625,259.3006467819214,701.8415832519531,266.72611713409424,917.0587921142578,296.7749047279358,804.1170501708984,291.6358780860901,744.6967315673828,298.4181332588196,701.0263061523438,303.8634252548218,898.3885192871094,339.6442437171936,812.5950622558594,332.4523615837097,768.0902862548828,336.2973403930664,730.5844879150391,340.235059261322,57,1787822116.297308
961.3925933837891,442.1817684173584,944.4607543945312,367.42010593414307,910.4458618164062,302.9148244857788,861.6220092773438,266.897349357605,816.5220642089844,251.4022922515869,924.9418640136719,239.0456771850586,827.3113250732422,213.7777876853943,771.2913513183594,214.04624462127686,733.2663726806641,217.70578622817993,927.4330139160156,265.06752490997314,810.3479766845703,245.80325603485107,750.4732513427734,250.9621524810791,707.7646636962891,255.45060396194458,917.2658538818359,302.3825240135193,806.1055755615234,289.28821563720703,748.1938934326172,292.67603874206543,706.9026184082031,294.8549795150757,896.2355804443359,346.81333780288696,812.9158782958984,332.6283359527588,770.8808898925781,332.3278212547302,736.4045715332031,331.61306619644165,58,1787822116.345963
964.0991973876953,422.33930110931396,959.0080261230469,351.2620282173157,929.3968963623047,282.3454785346985,883.5581970214844,240.44840812683105,840.2349090576172,219.9400019645691,954.8677825927734,230.29051780700684,868.5477447509766,180.02551317214966,810.2970886230469,165.16506671905518,768.6054229736328,160.42507767677307,948.0030059814453,261.6812038421631,837.0763397216797,214.01942253112793,775.3379821777344,201.94476127624512,731.7057800292969,196.40413284301758,928.4496307373047,300.3939986228943,822.2981262207031,257.7390217781067,763.3442687988281,245.1392912864685,721.0298156738281,238.54011297225952,900.6491088867188,341.6764998435974,818.2621765136719,307.8054141998291,775.2481079101562,295.2572250366211,741.9365692138672,284.35917377471924,59,1787822116.3707647
968.3682250976562,418.46052646636963,968.001708984375,345.03790855407715,941.5398406982422,274.99704122543335,892.1822357177734,233.09548616409302,845.8558654785156,210.95112562179565,965.3903961181641,230.94866752624512,879.0723419189453,175.06327629089355,822.24365234375,156.0101294517517,780.0051879882812,145.4583191871643,954.61181640625,263.7087392807007,847.4090576171875,208.4998869895935,785.8797454833984,190.00245094299316,741.0894775390625,176.27463698387146,931.99462890625,302.59471893310547,829.1686248779297,252.55014896392822,770.6629180908203,234.872567653656,728.3673858642578,220.52517414093018,901.7304992675781,342.4080991744995,820.96923828125,307.02577114105225,776.8968963623047,293.8190245628357,742.8236389160156,281.58132791519165,60,1787822116.4240599
976.3148498535156,420.8777332305908,976.7554473876953,347.29012727737427,950.2915954589844,275.1941514015198,902.0367431640625,232.69781112670898,857.177734375,209.7103786468506,976.0704040527344,231.51811122894287,894.5249176025391,172.32967615127563,838.1559753417969,147.7679479122162,795.8599853515625,131.0118019580841,964.5901489257812,266.17559909820557,860.1051330566406,202.91662216186523,798.6167144775391,178.3091676235199,753.4828186035156,159.78121876716614,941.2203216552734,306.70907735824585,839.5602416992188,249.28229570388794,779.9176788330078,227.68888235092163,736.8739318847656,209.70080852508545,910.2320098876953,347.6428699493408,827.9825592041016,308.2525706291199,782.1870422363281,292.47382164001465,747.2010040283203,277.42122173309326,61,1787822116.4643404
985.2402496337891,422.4859857559204,986.9498443603516,347.95535802841187,961.9660186767578,272.9452586174011,912.8263854980469,225.969500541687,869.7903442382812,198.78222227096558,992.0735931396484,231.93623542785645,912.6154327392578,164.83357787132263,856.881103515625,134.67602133750916,815.5192565917969,114.11175012588501,979.8052215576172,269.3846797943115,876.2381744384766,198.49466800689697,814.5208740234375,167.4227786064148,769.4990539550781,144.14079666137695,954.2774200439453,311.5346932411194,852.4541473388672,246.24438285827637,792.8038024902344,218.7785840034485,750.1319122314453,197.16257572174072,920.1155090332031,352.3557686805725,836.6213989257812,307.62150049209595,789.9886322021484,287.63028860092163,754.6351623535156,269.363157749176,62,1787822116.5076349
991.1260986328125,425.0143003463745,996.5099334716797,348.1512236595154,976.3642883300781,271.0008931159973,929.3690490722656,220.4547929763794,887.5290679931641,189.05831336975098,1010.2056121826172,234.20997619628906,936.3600158691406,160.74971079826355,881.7908477783203,126.18507027626038,840.0115966796875,101.4685571193695,995.4059600830078,273.09271574020386,895.6221008300781,194.9097776412964,833.0841064453125,157.857506275177,786.4830017089844,130.38957238197327,966.6695404052734,316.3609528541565,865.3215789794922,246.29804849624634,804.7601318359375,213.5867714881897,761.1955261230469,187.47392177581787,928.7744140625,357.27837324142456,844.2630004882812,310.94364166259766,797.3879241943359,287.3970651626587,762.4591064453125,264.7355103492737,63,1787822116.5519001
998.5783386230469,427.8165006637573,1003.5780334472656,350.45807361602783,986.7046356201172,272.69866704940796,944.4435882568359,219.14186239242554,905.357666015625,183.48991870880127,1024.7711181640625,235.1973295211792,952.6182556152344,155.3558313846588,898.1606292724609,118.02040457725525,856.1556243896484,92.93407917022705,1008.8953399658203,277.170832157135,908.9344024658203,191.76174402236938,846.4330291748047,150.6911265850067,799.6735382080078,121.63449883460999,978.0417633056641,322.2700309753418,876.6654968261719,245.2087926864624,815.3984069824219,208.18686246871948,771.630859375,180.27103185653687,937.5420379638672,363.2298517227173,852.7977752685547,311.32434368133545,805.2873229980469,285.5146050453186,770.5137634277344,262.76904344558716,64,1787822116.5771596
1004.5339202880859,429.23691272735596,1014.5478057861328,349.70003843307495,998.6478424072266,269.6244692802429,955.2206420898438,213.9841890335083,914.2705535888672,176.73333764076233,1036.66748046875,235.88180780410767,968.4640502929688,152.4052083492279,913.4329986572266,113.3448314666748,870.3681182861328,87.35246658325195,1020.3972625732422,277.0645308494568,923.5840606689453,188.46277713775635,860.2417755126953,146.01208806037903,813.5069274902344,116.43946766853333,988.0313873291016,321.88804149627686,887.0199584960938,243.57079982757568,825.4865264892578,206.1359167098999,782.1157836914062,177.92276859283447,945.7639312744141,362.9101753234863,860.44189453125,310.73655366897583,812.3017120361328,284.0870690345764,777.3799896240234,260.6450128555298,65,1787822116.6084485
1013.0431365966797,434.1702890396118,1022.7526092529297,354.97583627700806,1008.3831024169922,274.16669368743896,966.5802764892578,216.82316780090332,926.1672210693359,178.6376953125,1045.6282043457031,238.0164384841919,979.0985107421875,153.01578640937805,925.5356597900391,110.93353629112244,882.1138000488281,82.34204649925232,1028.345947265625,279.2538571357727,934.1998291015625,189.27743911743164,871.3191986083984,144.66362357139587,823.1581878662109,113.43407392501831,995.7586669921875,324.300742149353,898.1060791015625,246.16812229156494,836.9913482666016,206.1457872390747,792.5185394287109,176.46343231201172,952.8435516357422,365.4094362258911,868.1295013427734,311.1521029472351,818.9645385742188,283.9336895942688,782.7179718017578,261.20919942855835,66,1787822116.6382916
1017.5711822509766,435.3862953186035,1030.163803100586,354.65051651000977,1017.0294952392578,274.41970109939575,976.658935546875,217.02989101409912,936.4110565185547,178.097562789917,1052.2187042236328,239.59866285324097,989.8796081542969,151.29960179328918,937.1652221679688,107.60276913642883,894.8207855224609,77.89978265762329,1033.4708404541016,280.9845471382141,942.6587677001953,187.03011274337769,879.7750854492188,140.56113123893738,832.4332427978516,108.39334487915039,999.1120910644531,325.56339740753174,901.8241882324219,244.82457160949707,840.3761291503906,204.70855236053467,797.1273803710938,174.71442818641663,954.8281097412109,365.75421810150146,871.0337829589844,309.39122200012207,823.2620239257812,282.122962474823,788.8501739501953,258.89132022857666,67,1787822116.6882024
1023.5697174072266,438.9807987213135,1034.3477630615234,358.68537425994873,1022.5874328613281,276.5900158882141,984.7557830810547,217.35808610916138,946.4492034912109,175.5367612838745,1055.9957122802734,241.14745616912842,995.99365234375,151.52546525001526,944.1976165771484,106.5178370475769,901.9064331054688,75.64230680465698,1037.8147888183594,280.34592390060425,949.3618774414062,184.64569330215454,886.1447906494141,137.99317359924316,837.8899383544922,106.34794592857361,1004.4117736816406,323.859486579895,908.1965637207031,242.48141527175903,846.2480163574219,202.18742609024048,802.0538330078125,172.31499910354614,961.1750030517578,364.12879943847656,877.9454040527344,307.43698596954346,829.4818878173828,279.21984672546387,794.0934753417969,255.2138614654541,68,1787822116.730809
1019.3820190429688,436.8629264831543,1034.454116821289,355.3401446342468,1025.4137420654297,275.3684735298157,987.9374694824219,218.27874898910522,949.6983337402344,177.8668177127838,1059.5088958740234,241.25425100326538,1001.0922241210938,149.38432216644287,949.0360260009766,104.44734334945679,906.3449859619141,73.79750490188599,1040.5840301513672,280.4742622375488,952.8221893310547,181.29634380340576,889.9713897705078,134.81303930282593,842.2747802734375,103.9969789981842,1005.7443237304688,322.90144443511963,909.483642578125,239.02284622192383,847.7877044677734,198.25728178024292,804.4377136230469,168.44030141830444,961.0224151611328,361.3484001159668,878.3655548095703,303.31702709198,831.2258148193359,275.5961608886719,797.2755432128906,252.48528242111206,69,1787822116.779098
1024.5038604736328,438.66519927978516,1035.116195678711,357.3666286468506,1023.6572265625,275.82301139831543,985.8352661132812,218.06554555892944,946.2377166748047,178.66304755210876,1060.462646484375,242.77223110198975,1003.5930633544922,150.95088243484497,953.6653900146484,104.50817584991455,912.0484924316406,72.03662395477295,1043.570785522461,280.7836604118347,955.3572082519531,182.95427083969116,893.7232971191406,134.6516990661621,846.9527435302734,100.54054498672485,1010.2378082275391,322.80795335769653,913.1690979003906,240.77486515045166,852.0607757568359,199.7122836112976,808.6582183837891,168.40871572494507,965.9565734863281,361.41809463500977,882.9934692382812,305.52197456359863,835.2315521240234,278.3775043487549,800.3851318359375,255.00291109085083,70,1787822116.8466744
1019.1147613525391,440.780668258667,1027.9364776611328,357.8815698623657,1015.5951690673828,275.67458868026733,977.6140594482422,217.3364782333374,938.1173706054688,177.52969622612,1058.516616821289,240.04165649414062,999.0809631347656,152.6528835296631,949.1270446777344,107.85359859466553,908.6166381835938,75.79566478729248,1042.3654174804688,280.44806241989136,950.3834533691406,186.74966096878052,889.9021148681641,139.85111832618713,844.4023895263672,105.81023812294006,1009.8004150390625,324.4378137588501,911.380615234375,244.71509456634521,850.0474548339844,203.7666893005371,806.1647033691406,172.62667179107666,966.2258148193359,364.7450637817383,881.5464782714844,307.90446281433105,833.3351135253906,279.4823169708252,797.8672790527344,255.27555227279663,71,1787822116.8932426
1014.1997528076172,439.3494415283203,1024.2755126953125,355.7759714126587,1012.1752166748047,273.30581188201904,974.2865753173828,215.3991937637329,935.0802612304688,176.37605667114258,1054.0424346923828,240.08809089660645,994.1671752929688,152.3732578754425,945.0844573974609,108.6527681350708,905.6963348388672,76.77849054336548,1037.0333862304688,280.2245593070984,945.3519439697266,187.00337648391724,885.1142120361328,140.85323452949524,840.3928375244141,106.82358741760254,1004.0277099609375,323.45829248428345,906.6581726074219,244.29855823516846,845.6258392333984,204.53238487243652,802.2261047363281,173.7216567993164,960.2751922607422,362.8481197357178,876.2676239013672,306.8109154701233,828.7723541259766,279.4536280632019,794.1191101074219,256.44752740859985,72,1787822116.939585
1013.7149810791016,438.82145404815674,1025.197982788086,355.89454650878906,1013.0741119384766,273.1666588783264,972.6573181152344,215.25562047958374,931.3100433349609,177.2294282913208,1049.4102478027344,241.97861909866333,991.2021636962891,155.10252356529236,942.2634887695312,110.66061615943909,902.2319030761719,77.92660474777222,1031.7919158935547,282.0709705352783,944.0903472900391,190.23672580718994,883.7781524658203,143.31790566444397,838.1052398681641,108.50801467895508,999.2262268066406,325.2148175239563,904.0282440185547,247.9194974899292,842.9728698730469,208.21977853775024,799.1180419921875,177.295024394989,956.4962005615234,364.5125913619995,874.8819732666016,310.4675602912903,828.6549377441406,283.3833646774292,794.6712493896484,260.57793617248535,73,1787822116.9953249
1006.2306976318359,435.12601375579834,1018.4489440917969,351.34854555130005,1005.9142303466797,269.6316361427307,964.7167205810547,212.70196437835693,923.9340209960938,174.53152298927307,1044.0779876708984,240.67723274230957,984.2584991455078,155.16348481178284,934.1277313232422,113.21353197097778,893.5002136230469,82.54345893859863,1026.6201782226562,281.98445320129395,935.5359649658203,191.86032056808472,875.1935577392578,146.35223507881165,830.4840850830078,112.51097559928894,993.8599395751953,325.58210849761963,895.4154205322266,251.5231418609619,835.3743743896484,212.6096749305725,793.0754089355469,181.36372089385986,951.0736083984375,364.5732307434082,866.8738555908203,312.6074481010437,820.2714538574219,286.1723470687866,786.4032745361328,263.07442903518677,74,1787822117.0576162
1005.5813598632812,437.20221519470215,1012.6113891601562,354.2462110519409,994.5059967041016,271.893789768219,949.1178894042969,217.03036308288574,904.5420837402344,181.569242477417,1035.4962921142578,242.6100754737854,974.4936370849609,158.20858597755432,924.2631530761719,115.7580578327179,882.9775238037109,84.68492388725281,1019.0826416015625,283.853223323822,930.3678131103516,195.6556248664856,868.0926513671875,151.64919018745422,820.8257293701172,119.80847239494324,987.0596313476562,327.82795429229736,889.1277313232422,253.78233432769775,825.7147979736328,217.77792692184448,780.2964019775391,190.2927303314209,944.7757720947266,366.9931411743164,860.6068420410156,315.05746364593506,813.3983612060547,288.87659311294556,778.9903259277344,267.38551139831543,75,1787822117.0997655
1001.63330078125,438.8170337677002,1008.8486480712891,356.1750841140747,990.0466918945312,275.26734352111816,942.2307586669922,220.94804048538208,896.6996765136719,185.35126447677612,1028.2835388183594,246.33087873458862,963.9393615722656,159.7588813304901,912.6875305175781,118.46744298934937,871.9831848144531,89.18718338012695,1011.6391754150391,286.07561588287354,919.27490234375,197.7636480331421,858.1675720214844,155.0183665752411,813.2645416259766,123.57991576194763,979.8018646240234,328.48097562789917,879.2059326171875,255.1944637298584,816.5602874755859,220.55472135543823,772.3931884765625,193.55189323425293,937.6800537109375,367.02223777770996,852.7891540527344,317.290735244751,805.7154846191406,293.31228017807007,771.3170623779297,272.8084444999695,76,1787822117.1484942
978.0333709716797,437.47901916503906,982.5299072265625,356.9982862472534,959.6011352539062,280.8734607696533,911.2852478027344,229.98955249786377,865.73486328125,198.46642971038818,998.9939880371094,245.92655181884766,930.8216857910156,167.88077116012573,877.3059844970703,130.36500334739685,834.7933959960938,103.74461531639099,984.2642211914062,288.11617612838745,887.8239440917969,206.31433725357056,822.8185272216797,167.21755743026733,774.615478515625,140.4866623878479,954.1329193115234,332.9646420478821,854.2619323730469,264.04199838638306,792.1383666992188,232.71315336227417,748.7625885009766,208.82619380950928,914.3446350097656,373.9311361312866,830.4742431640625,324.78070735931396,783.3930969238281,300.97700357437134,748.4729766845703,280.7352089881897,77,1787822117.2174764
977.8958892822266,435.0682497024536,977.2914123535156,354.3923807144165,949.7893524169922,277.13748693466187,894.6082305908203,228.8266110420227,845.6597900390625,198.0239725112915,990.8687591552734,244.8558783531189,922.5450134277344,168.82376074790955,869.4739532470703,133.1286334991455,828.5869598388672,107.11463928222656,975.8834075927734,286.8048119544983,878.6789703369141,208.09770584106445,815.9723663330078,170.31577706336975,769.7750854492188,142.5246798992157,947.3119354248047,330.89848279953003,846.0582733154297,267.6220393180847,785.615234375,236.67977571487427,742.4492645263672,211.3794207572937,909.8075866699219,370.76565742492676,824.0924072265625,325.7738757133484,778.4226226806641,304.34006452560425,744.9626159667969,285.2649664878845,78,1787822117.2583628
973.3136749267578,432.427453994751,975.4399108886719,352.3107719421387,953.9773559570312,277.3785424232483,906.7521667480469,228.7698769569397,861.9635009765625,198.8677954673767,988.7779235839844,244.91141080856323,917.6898193359375,169.28657054901123,862.6273345947266,135.8162820339203,819.6515655517578,112.86382555961609,974.3155670166016,286.85397148132324,876.2261199951172,210.60597896575928,813.3771514892578,174.08909797668457,766.8568420410156,146.927729845047,945.5081176757812,331.2153911590576,845.1600646972656,269.1027903556824,785.1332092285156,237.5148868560791,742.147216796875,211.39330387115479,907.821044921875,371.8112897872925,823.2254791259766,327.35552072525024,777.7897644042969,305.2997159957886,744.3093872070312,285.32305240631104,79,1787822117.306753
969.9386596679688,432.5119972229004,971.4290618896484,352.77241230010986,947.7653503417969,277.5703525543213,898.6388397216797,229.98805046081543,852.3564910888672,201.11469268798828,982.6381683349609,244.5507287979126,911.7536163330078,170.00407218933105,856.3742065429688,137.79303789138794,813.6961364746094,116.27390027046204,968.4218597412109,285.68920612335205,869.5119476318359,210.0887417793274,807.1272277832031,174.51887369155884,761.2520599365234,148.37895512580872,940.4836273193359,329.67264890670776,840.1853179931641,266.7409873008728,781.5663146972656,236.28167152404785,739.4055938720703,211.45546674728394,904.6748352050781,370.2854347229004,819.9478912353516,326.50330781936646,774.8326873779297,305.34295320510864,741.3574981689453,286.3563895225525,80,1787822117.3362746
969.2609405517578,431.4612150192261,970.4843902587891,352.9740071296692,948.5144805908203,279.6868300437927,901.8775177001953,232.05236434936523,857.2671508789062,203.87670278549194,979.5914459228516,244.22757625579834,907.6329803466797,170.57618737220764,852.6202392578125,138.90669107437134,810.0331878662109,117.38798260688782,965.7560729980469,284.85692739486694,865.5119323730469,210.01383304595947,802.8038787841797,175.4317045211792,756.8586730957031,150.47387838363647,938.1912231445312,328.36265802383423,837.3954010009766,266.21941566467285,778.4474182128906,236.1114263534546,736.3910675048828,211.88974857330322,902.5595855712891,368.9069080352783,817.9949188232422,325.9724235534668,773.2590484619141,305.1263165473938,740.2227783203125,286.09638690948486,81,1787822117.3861694
965.7000732421875,430.9467887878418,964.6907043457031,352.4332094192505,942.6654052734375,279.2760443687439,897.1308135986328,232.3501968383789,853.2035064697266,205.17568588256836,974.2334747314453,244.25744533538818,903.5490417480469,171.77074670791626,848.6518859863281,140.99148631095886,805.2958679199219,120.84106922149658,961.1773681640625,283.95450353622437,862.9460144042969,210.29741764068604,800.5100250244141,176.6597592830658,754.290771484375,152.49479413032532,934.2623901367188,326.94398403167725,835.1769256591797,265.312442779541,776.7691802978516,235.88277339935303,735.1010131835938,212.55330562591553,899.2390441894531,367.27312088012695,815.2766418457031,323.49238872528076,770.6480407714844,302.32709884643555,737.5788116455078,283.88813495635986,82,1787822117.4303176
964.1682434082031,430.22310733795166,961.6577911376953,352.8688859939575,937.9560852050781,280.9426188468933,891.3193511962891,235.15106678009033,847.3513031005859,208.27314376831055,969.1173553466797,243.92796277999878,898.4730529785156,172.29294061660767,844.1154479980469,142.36059308052063,801.1636352539062,122.9015851020813,956.4274597167969,283.5475158691406,859.3159484863281,209.7771978378296,798.299560546875,177.35630750656128,752.8076934814453,153.92305970191956,930.4585266113281,326.36943340301514,831.8384552001953,265.0604224205017,773.9048004150391,235.88616371154785,732.2966003417969,212.54742622375488,896.5875244140625,366.49219036102295,813.5665130615234,322.7234745025635,769.3231201171875,302.4337649345398,736.2983703613281,284.7353267669678,83,1787822117.501778
941.1529541015625,430.44394969940186,937.84423828125,354.5418334007263,912.5386810302734,286.4789342880249,865.1707458496094,244.74039316177368,820.2207946777344,221.09976768493652,943.4720611572266,247.72367477416992,874.4586944580078,180.6185817718506,822.3874664306641,153.76163363456726,781.7174530029297,135.35571455955505,929.9868774414062,283.4328246116638,835.9320068359375,215.06484031677246,774.7031402587891,187.59970664978027,729.5773315429688,167.78184056282043,904.0760803222656,322.88949251174927,807.2010040283203,268.07947397232056,750.9265899658203,245.3778576850891,712.0439147949219,227.48838186264038,871.0773468017578,360.9346103668213,792.8402709960938,324.2255115509033,751.3278961181641,307.58641719818115,720.5156707763672,292.48337030410767,84,1787822117.556587
931.9888305664062,434.15642738342285,926.6680145263672,357.9635167121887,897.0903015136719,290.46162843704224,846.4378356933594,250.87151527404785,802.0484924316406,226.8718385696411,931.1467742919922,255.06400108337402,862.8803253173828,189.49047088623047,811.0576629638672,164.27189111709595,768.9437103271484,147.97585129737854,915.8960723876953,288.4846258163452,826.3609313964844,225.45125484466553,766.6748046875,199.02587413787842,720.4888916015625,179.6366786956787,890.6719207763672,325.52037477493286,799.3101501464844,275.9854459762573,746.3742065429688,254.77041721343994,707.02880859375,236.7950677871704,860.330810546875,362.35630989074707,785.2098083496094,330.14943838119507,745.1224517822266,316.79686546325684,713.9443206787109,304.6992015838623,85,1787822117.5962863
921.9387817382812,445.4985237121582,917.3049926757812,370.6834316253662,889.1316986083984,303.349814414978,842.2413635253906,265.0990891456604,798.4502410888672,244.87199306488037,917.3651123046875,267.9352355003357,851.0993957519531,205.47384023666382,799.8358154296875,182.8020715713501,759.7369384765625,168.87714743614197,904.3004608154297,302.5780248641968,812.2488403320312,240.92528343200684,752.1943664550781,219.48977708816528,708.6036682128906,205.8663010597229,879.2990875244141,341.65289640426636,784.310302734375,292.3011088371277,730.3043365478516,273.88506174087524,692.6191711425781,259.70295667648315,848.0652618408203,380.1629590988159,771.4057922363281,345.41794538497925,732.5682067871094,331.7951560020447,704.0689086914062,319.9480104446411,86,1787822117.6395996
917.921142578125,468.4838533401489,910.9275054931641,395.96550464630127,882.7610015869141,327.57503271102905,837.7184295654297,289.59126234054565,794.6360778808594,272.15840578079224,907.5611114501953,290.0998520851135,840.8815002441406,228.78981113433838,791.1637878417969,207.2481107711792,752.9822540283203,193.14617156982422,895.1737976074219,325.55442810058594,801.4567565917969,267.1322464942932,741.3838195800781,247.30692386627197,698.2311248779297,234.38734531402588,870.9562683105469,365.0276184082031,775.7492828369141,318.2555150985718,723.636474609375,301.9173216819763,687.9781341552734,289.34876918792725,840.3925323486328,403.2521438598633,766.0413360595703,366.3046073913574,728.9863586425781,354.7911500930786,702.0613098144531,345.48590183258057,87,1787822117.6984417
911.8257904052734,491.29014015197754,901.4604949951172,420.698561668396,875.3294372558594,354.73669052124023,833.9591979980469,316.22055530548096,794.8078155517578,297.6773929595947,899.1533660888672,314.04571294784546,831.82861328125,253.99386405944824,783.7222290039062,233.46009492874146,747.5314331054688,220.29682159423828,889.9269866943359,346.8335723876953,798.9216613769531,289.9751400947571,739.1937255859375,270.9807229042053,695.096435546875,260.0369453430176,868.4271240234375,385.1686906814575,777.9839324951172,337.7790141105652,726.3082885742188,320.848867893219,690.6414031982422,309.71250772476196,839.8223114013672,424.06904697418213,768.2288360595703,387.84141540527344,729.9490356445312,373.40941429138184,701.2830352783203,362.2106122970581,88,1787822117.757945
891.3446044921875,543.0861711502075,885.31005859375,483.1042957305908,859.5368957519531,427.95567512512207,816.3173675537109,394.00496006011963,777.8722381591797,382.35533237457275,878.3409118652344,394.29601192474365,813.3700561523438,344.56358671188354,767.7445983886719,333.57951164245605,733.0279541015625,325.09851694107056,872.806396484375,433.2201862335205,787.9362487792969,388.5526514053345,732.8644561767578,374.42431926727295,694.0453338623047,364.08326625823975,856.0801696777344,472.0251417160034,770.3266906738281,434.0283250808716,719.5903015136719,420.9722328186035,685.1767730712891,409.34929847717285,833.1036376953125,507.2619867324829,761.8061828613281,479.4712543487549,725.2927398681641,464.2630434036255,699.503173828125,448.9906311035156,89,1787822117.8106756
897.8514862060547,568.4432601928711,890.0121307373047,505.5912494659424,863.6264038085938,451.53310775756836,822.7503204345703,422.68232345581055,785.9780883789062,411.7936706542969,879.6094512939453,420.35815715789795,815.0603485107422,373.1394338607788,770.7200622558594,357.1013903617859,736.0353088378906,346.7046546936035,873.0261993408203,454.9259090423584,786.4971160888672,411.6049289703369,730.9355163574219,399.0626621246338,691.1130523681641,392.8256893157959,855.7196044921875,491.7938804626465,771.5341949462891,452.49363899230957,720.8039093017578,439.6576166152954,686.2257385253906,431.03081703186035,832.25830078125,527.0074224472046,763.6646270751953,496.5887260437012,727.7156829833984,482.60098457336426,701.4985656738281,469.8898458480835,90,1787822117.866047
892.5091552734375,578.9167928695679,884.8878479003906,517.9176950454712,860.3220367431641,465.45390129089355,821.7784118652344,436.4855718612671,784.7372436523438,422.728328704834,875.8538818359375,433.1493330001831,812.8208923339844,387.55276679992676,767.4557495117188,372.19860076904297,733.5012817382812,360.97816944122314,869.1374206542969,465.96588134765625,783.5034942626953,423.0431127548218,730.9941101074219,411.3006591796875,694.7932434082031,404.2734432220459,851.9342803955078,501.28962993621826,767.9850006103516,464.18914318084717,719.7051239013672,451.9637632369995,687.2811889648438,443.34468841552734,829.5696258544922,535.2686262130737,761.5141296386719,506.5808343887329,727.2444152832031,494.51866149902344,703.0352783203125,484.1578245162964,91,1787822117.8954504
893.8408660888672,579.9696779251099,884.9443054199219,521.6000890731812,858.7723541259766,470.80780506134033,819.9369812011719,442.9193115234375,783.6537933349609,429.9931240081787,873.3418273925781,438.63378524780273,809.9076843261719,394.3499565124512,763.6211395263672,380.649619102478,728.32763671875,372.11216926574707,867.3926544189453,471.6290330886841,781.3663482666016,431.18617057800293,728.4197235107422,420.292067527771,691.3964080810547,413.2512903213501,851.2155151367188,507.0254373550415,766.9256591796875,472.77178287506104,718.7371826171875,460.6890535354614,685.6069183349609,451.0710382461548,829.9199676513672,541.0930109024048,761.4958190917969,514.0981006622314,727.4677276611328,501.81225299835205,703.3322143554688,490.0348234176636,92,1787822117.9478805
890.3852844238281,583.2215881347656,881.8618774414062,525.7749366760254,856.5302276611328,475.0913143157959,818.3377838134766,446.53488636016846,782.2892761230469,434.0684938430786,869.9368286132812,443.9718961715698,806.3754272460938,402.72175312042236,761.3697052001953,390.0050354003906,726.8486022949219,381.8068313598633,864.1099548339844,476.7093086242676,778.5042572021484,438.8091802597046,726.62353515625,427.29447841644287,689.3624877929688,419.09618854522705,848.5996246337891,511.4813804626465,765.8414459228516,479.05463218688965,718.6610412597656,466.6084957122803,685.2921295166016,456.22053623199463,828.1233978271484,545.0703620910645,761.4016723632812,518.5194969177246,728.2463836669922,505.8805847167969,703.9205169677734,493.74897480010986,93,1787822117.9997437
888.2782745361328,582.3219966888428,878.399658203125,526.3372993469238,851.0475158691406,477.6361083984375,811.1695098876953,451.0706090927124,775.4620361328125,439.56079959869385,865.770263671875,445.8999967575073,802.8325653076172,408.26838970184326,758.6598968505859,396.86222076416016,723.9313507080078,389.23895359039307,861.4360046386719,478.2355499267578,777.7240753173828,442.94179916381836,726.5314483642578,432.54311084747314,689.0066528320312,425.21377086639404,847.5263977050781,513.0180072784424,765.8157348632812,483.1378126144409,718.9437103271484,471.19927883148193,685.0824737548828,461.1765718460083,828.4387969970703,546.5833425521851,761.3095855712891,522.2888803482056,726.7304992675781,509.7702169418335,700.7196044921875,497.41355895996094,94,1787822118.0500593
881.6157531738281,577.2831344604492,871.5182495117188,522.7798318862915,845.1560211181641,476.0910701751709,804.5735931396484,451.57546520233154,768.3372497558594,441.58756256103516,858.6875152587891,445.4404592514038,793.0732727050781,408.84521484375,748.201904296875,399.1624402999878,714.5500946044922,393.9707565307617,854.3000030517578,478.8295841217041,770.1170349121094,443.1501531600952,719.949951171875,432.11889266967773,684.3157196044922,425.5985498428345,840.4415130615234,513.6262893676758,757.7715301513672,484.15623664855957,712.0243072509766,472.21263885498047,680.3797149658203,462.9461431503296,821.2096405029297,546.5667772293091,752.8639221191406,520.4738187789917,719.2173004150391,507.8325891494751,694.8979949951172,495.0734281539917,95,1787822118.11925
881.7659759521484,575.1548767089844,871.0344696044922,521.33225440979,842.6431274414062,474.4471549987793,800.6294250488281,450.6384086608887,763.8640594482422,442.28528022766113,855.1361083984375,445.01641273498535,788.0189514160156,409.0779447555542,743.3226776123047,398.7877893447876,710.0435638427734,393.60254287719727,851.1407470703125,478.12740325927734,767.5643920898438,444.4946479797363,717.4949645996094,434.0545463562012,682.139892578125,428.1360912322998,837.6675415039062,512.6100969314575,756.5853881835938,484.29983139038086,710.9305572509766,473.0301332473755,679.5979309082031,464.4853448867798,818.8642883300781,545.1534461975098,752.0817565917969,519.8426628112793,718.7220001220703,507.56896018981934,694.4970703125,495.15209197998047,96,1787822118.1751828
879.3075561523438,575.7859468460083,868.4066772460938,522.3373317718506,841.2191009521484,475.1149606704712,799.6327209472656,451.9915723800659,763.0862426757812,443.80881786346436,853.4785461425781,444.1454029083252,786.6500854492188,409.03563022613525,742.2117614746094,399.47014331817627,708.9276123046875,394.59702014923096,849.0996551513672,477.4806261062622,766.0131072998047,444.58996295928955,715.9969329833984,434.3421220779419,680.3329467773438,428.7902498245239,834.7097015380859,512.0597076416016,752.7046203613281,482.80320167541504,707.0176696777344,471.7537450790405,675.8249664306641,463.83307456970215,814.6038055419922,544.7867774963379,747.7867126464844,517.9427146911621,715.6504058837891,505.8188724517822,692.8115844726562,493.47328662872314,97,1787822118.2361298
877.5178527832031,574.2378616333008,866.7570495605469,520.5875873565674,839.8771667480469,473.99250984191895,798.0815887451172,450.87718963623047,761.2726593017578,443.0396890640259,850.8322143554688,443.5804224014282,781.75537109375,408.09093475341797,737.1102905273438,400.1881170272827,704.5573425292969,397.6520347595215,845.7906341552734,477.29750633239746,760.7247924804688,443.47776889801025,710.9805297851562,433.5460424423218,676.3985443115234,429.3037748336792,831.1553955078125,511.9837474822998,748.3823394775391,481.48282527923584,702.940673828125,469.9982500076294,672.5641632080078,462.27919578552246,811.2491607666016,544.7483253479004,743.2957458496094,516.2213373184204,710.7730102539062,503.23442459106445,687.8028869628906,490.30622005462646,98,1787822118.2895489
874.0238189697266,574.0077066421509,861.7398071289062,519.7724962234497,832.9804229736328,472.8546953201294,791.0630035400391,450.3045701980591,754.525146484375,443.0508041381836,843.5845947265625,442.5826835632324,773.1452178955078,408.79693508148193,729.6898651123047,401.83263301849365,698.1745910644531,399.8403739929199,837.9549407958984,476.58249378204346,751.4195251464844,443.59681606292725,702.3492431640625,434.74329471588135,668.5078430175781,431.32787704467773,823.4992980957031,511.9402742385864,740.6838989257812,482.1662950515747,696.1188507080078,470.72227478027344,666.1960601806641,462.8491544723511,804.3407440185547,545.4676723480225,737.7366638183594,516.5421295166016,706.1772155761719,502.9444885253906,683.6199951171875,489.40521240234375,99,1787822118.3354552
874.1473388671875,573.9867210388184,861.6020965576172,519.802622795105,832.3221588134766,473.0415916442871,788.7305450439453,451.60237312316895,751.6037750244141,445.21493911743164,841.9476318359375,443.54729175567627,771.3961791992188,410.09593963623047,728.7818145751953,403.2440757751465,696.6351318359375,401.2743902206421,835.6716156005859,477.1112537384033,750.3646850585938,444.6047258377075,701.8986511230469,435.7183313369751,667.6217651367188,432.5526809692383,821.1841583251953,512.1320199966431,739.4280242919922,482.73324966430664,695.91552734375,471.58392906188965,666.2850189208984,464.05606269836426,802.1881866455078,545.4539823532104,737.3423004150391,517.2174882888794,706.7478942871094,503.8646364212036,684.3621826171875,490.8458375930786,100,1787822118.4021342
867.0361328125,572.2256469726562,855.6948089599609,518.0772542953491,827.7541351318359,471.75275802612305,785.3266143798828,450.62368869781494,748.7181091308594,443.9677333831787,837.3854064941406,442.00817584991455,766.9826507568359,408.79234313964844,724.0863800048828,402.9359006881714,692.6359558105469,402.5632667541504,831.2876129150391,475.1422119140625,746.68701171875,442.15254306793213,698.3695983886719,434.0954875946045,664.9059295654297,432.4206733703613,816.5868377685547,509.96535301208496,735.4345703125,478.9190196990967,691.7694091796875,467.577223777771,662.2818756103516,460.7678461074829,797.1173858642578,543.1373262405396,731.9167327880859,514.8898029327393,701.1334991455078,500.7205295562744,678.6640930175781,487.0150423049927,101,1787822118.4433036
869.2354583740234,569.2501544952393,857.0792388916016,514.9604845046997,826.6639709472656,468.3943748474121,782.5079345703125,447.79436588287354,745.3021240234375,442.2718906402588,836.8937683105469,439.9115467071533,765.3258514404297,407.4180221557617,721.6900634765625,401.19555473327637,690.0804901123047,399.91101264953613,830.4848480224609,473.0274724960327,744.4621276855469,441.00417137145996,696.6668701171875,432.9965543746948,663.7180328369141,430.27902603149414,815.4425811767578,507.7547836303711,733.7210845947266,478.0827283859253,690.3795623779297,466.9736623764038,660.9624481201172,459.5615816116333,795.8106994628906,540.6369495391846,730.6941986083984,512.0425415039062,700.2143859863281,498.4435272216797,678.035888671875,485.41069507598877,102,1787822118.4971094
864.7000885009766,563.6924028396606,854.3491363525391,508.91624450683594,824.6687316894531,462.30966567993164,780.5335998535156,442.00109481811523,743.5397338867188,437.20097064971924,832.8120422363281,434.6092700958252,761.7874908447266,400.86716651916504,718.9077758789062,395.2312231063843,688.3920288085938,395.32915592193604,825.5208587646484,468.07212352752686,740.1911163330078,433.4711980819702,692.2560882568359,424.9734878540039,659.8419189453125,422.99757957458496,810.4209136962891,502.86513805389404,728.8130187988281,471.87910079956055,686.0240173339844,460.5209541320801,658.2930755615234,453.9757204055786,791.4757537841797,535.2582406997681,726.5392303466797,505.8691692352295,696.4897155761719,491.11616134643555,675.0672912597656,477.8993082046509,103,1787822118.5529428
866.1405944824219,545.3994798660278,859.066162109375,491.8216896057129,831.1680603027344,441.59138202667236,788.3439636230469,416.8192720413208,753.9714050292969,405.61463356018066,839.8878479003906,413.58521461486816,769.0003204345703,376.99121475219727,726.1283111572266,365.79601764678955,695.3163146972656,360.32190799713135,830.8052062988281,444.37002182006836,749.6738433837891,406.701979637146,703.8750457763672,395.901517868042,673.3833312988281,391.9168710708618,813.9259338378906,476.09965324401855,736.6464996337891,440.7562065124512,694.9223327636719,430.2018213272095,667.9950714111328,425.0239562988281,792.7658081054688,506.70631885528564,732.8997039794922,473.40147972106934,705.2202606201172,460.3858995437622,685.2422332763672,450.0530433654785,104,1787822118.597451
866.3134765625,547.4277877807617,861.5215301513672,491.0518741607666,835.7418060302734,440.6216239929199,792.8974151611328,417.19465255737305,756.1460876464844,409.48761463165283,842.1077728271484,412.73330211639404,771.6117858886719,373.6825704574585,728.1831359863281,363.7311887741089,696.6139984130859,360.47494411468506,831.1547088623047,443.16667556762695,749.7486877441406,402.0386266708374,704.6494293212891,392.3549509048462,674.1011810302734,389.3912601470947,813.2399749755859,475.30975341796875,736.5566253662109,438.0255460739136,696.3838195800781,426.2971258163452,669.9879455566406,419.62868213653564,792.1586608886719,506.52517318725586,732.0442962646484,471.72370433807373,703.7802886962891,456.71663761138916,683.4181213378906,444.0074300765991,105,1787822118.647702
868.0464935302734,549.8158121109009,862.2304534912109,492.2374963760376,836.2480163574219,441.7608976364136,794.2325592041016,417.9097080230713,757.6831817626953,409.88054752349854,841.6329956054688,411.5990924835205,770.9580993652344,374.2684078216553,727.6739501953125,364.28269386291504,695.9667205810547,360.44867992401123,830.7819366455078,441.34504795074463,750.0799560546875,401.77748680114746,705.5093383789062,392.6818799972534,674.9820709228516,390.0951147079468,813.2767486572266,473.6331367492676,737.2747039794922,437.36666679382324,696.7800140380859,425.96388816833496,669.8161315917969,419.65983867645264,792.6063537597656,505.6521463394165,733.5652160644531,471.8643808364868,705.2469635009766,457.5288963317871,684.7969818115234,445.7807779312134,106,1787822118.707472
867.7538299560547,550.1857852935791,861.1030578613281,492.0843315124512,835.8320617675781,442.01667308807373,795.5168151855469,417.215895652771,759.4174957275391,408.4458875656128,840.2021026611328,410.8537817001343,770.2955627441406,373.2707977294922,727.6226043701172,364.0130567550659,696.5553283691406,360.8162498474121,829.7734832763672,440.3626298904419,748.8103485107422,401.8089008331299,704.3133544921875,393.71442317962646,673.5501098632812,391.27979278564453,812.6409912109375,472.4541234970093,736.119384765625,437.5333499908447,695.7967376708984,427.15478897094727,668.7675476074219,420.8424139022827,792.6673126220703,504.27417755126953,732.1737670898438,471.78704738616943,703.9115905761719,458.0040121078491,683.5054016113281,445.8692264556885,107,1787822118.7358139
866.1302185058594,549.9698352813721,858.9775085449219,491.228084564209,834.119873046875,441.6184186935425,793.5508728027344,417.62904167175293,757.2885131835938,409.62202548980713,839.3345642089844,411.3406991958618,770.2799224853516,373.7965965270996,727.7704620361328,364.9697256088257,696.5509033203125,362.3091459274292,828.922119140625,441.43813133239746,748.1304931640625,403.61340522766113,703.4674072265625,395.0986576080322,672.1938323974609,392.0070791244507,811.8196868896484,473.61876010894775,735.1072692871094,439.50518131256104,694.7756958007812,428.7563467025757,667.3925018310547,421.77964210510254,791.7610931396484,505.0667381286621,731.2374877929688,473.21436882019043,703.1917572021484,459.491286277771,682.8976440429688,447.2367238998413,108,1787822118.797992
865.2067565917969,551.4047527313232,858.2281494140625,492.8156089782715,833.3640289306641,443.56643199920654,793.3150482177734,419.54731464385986,757.2134399414062,411.3658046722412,838.8447570800781,412.54353046417236,770.6710052490234,375.74366569519043,728.9868927001953,365.88266372680664,698.0567932128906,361.4583921432495,828.5619354248047,442.23227977752686,747.4946594238281,405.7585287094116,702.3191070556641,397.2056293487549,670.4586791992188,393.6752414703369,811.1861419677734,474.3030881881714,733.7546539306641,440.62840461730957,693.2798767089844,430.088095664978,665.9239196777344,423.2261896133423,790.7309722900391,505.82226276397705,729.7616577148438,473.85359287261963,702.3574829101562,460.7646703720093,683.0861663818359,449.29344177246094,109,1787822118.8610911
863.0736541748047,549.3427562713623,855.4621124267578,492.0426607131958,830.1645660400391,442.31600761413574,788.9083862304688,417.55260944366455,751.9174194335938,409.203085899353,837.147216796875,410.37840843200684,768.6250305175781,374.49203968048096,726.8268585205078,365.80678939819336,696.3941192626953,362.2845983505249,827.6265716552734,440.3207015991211,745.8251190185547,403.6924123764038,701.0162353515625,396.15034103393555,669.6417999267578,393.3193016052246,810.704345703125,472.3669195175171,732.7606201171875,439.0328550338745,691.9188690185547,429.68889713287354,664.0818786621094,423.81515979766846,790.4618072509766,503.6955499649048,728.8101959228516,472.83310890197754,700.7730865478516,460.68536281585693,680.4715728759766,449.6204137802124,110,1787822118.9065723
862.5431823730469,546.0461711883545,855.49072265625,489.14175510406494,829.5957183837891,439.6136713027954,786.1434936523438,416.40058994293213,749.1629028320312,409.673867225647,836.9026184082031,406.87917709350586,767.9921722412109,371.9835090637207,725.7592010498047,364.19793605804443,694.4941711425781,361.8366479873657,826.6563415527344,436.361289024353,744.9493408203125,399.58301067352295,699.2874145507812,392.59952545166016,666.9694519042969,390.3431224822998,809.4438171386719,468.3031368255615,731.6590881347656,434.8945713043213,689.9773406982422,426.29940032958984,661.2007904052734,421.5117645263672,788.8153076171875,499.8711061477661,727.7412414550781,468.64062309265137,698.3930969238281,456.16015434265137,676.3810729980469,445.1747703552246,111,1787822118.9743311
861.1274719238281,538.2962608337402,851.9815826416016,481.88987731933594,823.7391662597656,432.866735458374,780.3791046142578,410.1570510864258,743.2480621337891,404.7923755645752,833.4841918945312,399.74892139434814,762.2959136962891,367.26818561553955,719.4197845458984,363.1647062301636,689.7524261474609,363.6469888687134,824.6898651123047,427.59600162506104,740.7687377929688,393.61644744873047,694.630126953125,390.00954151153564,663.0777740478516,389.6790933609009,808.0380249023438,458.65838527679443,728.6978912353516,424.8350429534912,687.5315093994141,418.72188091278076,659.9703216552734,416.6936159133911,786.9081878662109,490.18627166748047,724.7115325927734,458.8921022415161,693.9384460449219,448.20111751556396,670.9320831298828,440.2854251861572,112,1787822119.0342808
860.3971862792969,527.4862289428711,849.0735626220703,471.6678714752197,818.6112213134766,423.4031295776367,773.8531494140625,403.1499195098877,736.1791229248047,401.3908624649048,827.579345703125,388.7745666503906,752.7336883544922,359.8285102844238,708.8634490966797,359.7411561012268,679.6546173095703,363.2550001144409,819.7772216796875,415.52786350250244,734.2800903320312,386.03249073028564,689.2071533203125,383.3344030380249,657.6566314697266,382.64166355133057,804.0718841552734,446.314001083374,723.5536193847656,416.49466037750244,682.1171569824219,409.70489501953125,653.1068420410156,405.89972019195557,783.6531829833984,478.302583694458,718.5977935791016,449.5655679702759,686.40380859375,440.07973194122314,661.3716125488281,432.6737451553345,113,1787822119.0730958
855.8576202392578,514.2879152297974,843.0399322509766,459.0136384963989,811.5771484375,411.3514280319214,767.21435546875,391.8926668167114,729.3073272705078,391.50535583496094,817.1872711181641,374.9454402923584,738.8619995117188,349.3615436553955,693.9990997314453,352.3131322860718,664.7492218017578,358.0492401123047,809.1830444335938,401.8728446960449,725.1939392089844,375.2314281463623,679.5595550537109,374.10640239715576,648.0472564697266,375.3779411315918,793.9450073242188,434.12917613983154,715.7139587402344,407.3484992980957,675.5210876464844,402.5790596008301,648.1996154785156,400.925874710083,774.7341918945312,467.84286975860596,713.3870697021484,441.1964750289917,682.2931671142578,432.3768138885498,657.7188110351562,425.4683446884155,114,1787822119.1128635
844.0054321289062,470.8674144744873,805.8719635009766,413.51873874664307,761.2732696533203,366.6940212249756,718.2574462890625,342.74022102355957,681.0643768310547,338.8674330711365,767.1504211425781,313.7106943130493,684.1630554199219,317.0457100868225,640.56640625,330.3960084915161,615.7956695556641,342.53774642944336,765.1215362548828,332.08949089050293,678.2498931884766,329.4029903411865,636.5999984741211,342.47912406921387,609.1724014282227,358.16734313964844,759.2700958251953,360.8383512496948,675.6510162353516,355.3333640098572,633.8369750976562,365.2869987487793,605.966796875,375.7428503036499,749.9256134033203,398.1920385360718,682.462158203125,386.952166557312,648.1230926513672,390.0727128982544,621.3042449951172,394.4546699523926,115,1787822119.1686234
829.1410064697266,446.04925632476807,800.1453399658203,392.6702070236206,758.8429260253906,348.996741771698,713.6743927001953,325.32461643218994,675.7373809814453,317.9433274269104,758.9883422851562,297.74425506591797,677.3384857177734,294.3808937072754,636.3253402709961,309.7730827331543,616.1029434204102,324.1631555557251,759.7728729248047,317.15608835220337,670.7622528076172,314.47596073150635,631.5977478027344,333.05620193481445,610.1296234130859,351.36000394821167,754.7925567626953,346.592001914978,670.3268432617188,341.3102388381958,631.0514068603516,356.56110763549805,607.9013061523438,370.95298290252686,744.8546600341797,383.59283924102783,675.8341217041016,374.1727924346924,642.6799011230469,379.8833656311035,618.2143783569336,386.9304943084717,116,1787822119.22297
822.0451354980469,429.12155628204346,798.5848999023438,377.71875858306885,761.2008666992188,334.20369386672974,717.3652648925781,312.0992660522461,678.8120269775391,309.26382780075073,754.2366027832031,286.89924716949463,672.2337341308594,283.1377387046814,627.9868316650391,295.19497632980347,602.8067779541016,306.7481732368469,753.6757659912109,304.79586839675903,662.4883270263672,304.09027576446533,617.2375106811523,317.1036458015442,586.9879913330078,330.07899284362793,747.6701354980469,332.4440574645996,660.9503173828125,329.81926918029785,616.519660949707,339.2696142196655,585.8403778076172,348.96867513656616,737.0692443847656,367.3751735687256,669.6867370605469,361.5046977996826,634.8329544067383,364.25780296325684,607.0255279541016,367.96324253082275,117,1787822119.295754
813.6851501464844,414.39056396484375,795.3349304199219,359.2370295524597,758.6936950683594,315.2712035179138,716.3596343994141,294.4770669937134,680.4409027099609,293.22436809539795,750.4681396484375,273.69338035583496,671.4864349365234,273.3055329322815,632.3886108398438,286.6707229614258,610.7784271240234,297.8268241882324,748.3300018310547,290.94178676605225,662.9183197021484,292.0778203010559,620.8871078491211,303.48546981811523,591.603889465332,314.5126962661743,741.2381744384766,316.99013471603394,661.0657501220703,316.7105197906494,620.6007385253906,323.8103485107422,591.6352462768555,331.4627766609192,730.477294921875,349.81663942337036,668.8634490966797,346.8863368034363,636.5327072143555,347.72194147109985,609.5175552368164,349.02068853378296,118,1787822119.3427868
808.5279083251953,381.10065937042236,789.7488403320312,322.40036487579346,752.4335479736328,281.4848327636719,712.5444793701172,264.656138420105,678.2067108154297,267.87835121154785,746.8033599853516,238.65267992019653,665.7843780517578,238.45044136047363,631.2419128417969,259.91347789764404,617.210807800293,278.24015378952026,740.5561828613281,254.2241907119751,656.5453338623047,254.1655683517456,618.5916519165039,273.2424259185791,598.3967971801758,293.59453439712524,731.0469818115234,280.399911403656,654.10888671875,277.6822543144226,617.783203125,293.30976963043213,596.5623092651367,308.70500564575195,719.3631744384766,314.90500688552856,659.1178131103516,307.97969341278076,627.5349426269531,313.52081537246704,603.4136962890625,319.6501564979553,119,1787822119.3696475
808.0877685546875,377.7217197418213,790.2975463867188,320.7203793525696,755.2340698242188,279.0441083908081,715.5823516845703,259.5726013183594,679.9961853027344,263.0716824531555,750.4544067382812,236.58177852630615,670.8145904541016,235.25760412216187,631.3114547729492,253.6223030090332,611.8404006958008,272.2391939163208,742.9206848144531,252.52641677856445,658.0390167236328,248.17211866378784,620.4530334472656,265.69363832473755,600.1445770263672,285.62084197998047,732.4557495117188,279.26636695861816,654.2652130126953,272.0396375656128,619.1978454589844,286.167368888855,598.6508178710938,301.2989544868469,720.1314544677734,314.73783016204834,658.6858367919922,308.2559823989868,629.7165679931641,311.75214529037476,608.1980895996094,316.4451313018799,120,1787822119.4237707
807.9270935058594,376.2532424926758,792.412109375,317.01828718185425,759.5075225830078,275.1555061340332,719.9435424804688,256.3968873023987,684.9603271484375,258.6675810813904,755.0118255615234,235.7256817817688,673.1412506103516,233.83101224899292,632.395133972168,250.2492642402649,610.8843231201172,267.31605291366577,747.3444366455078,252.6567506790161,660.3892517089844,248.33478927612305,622.1842956542969,265.1935029029846,601.5023040771484,284.41768884658813,736.2320709228516,279.63350772857666,656.2973022460938,272.2620463371277,620.9169387817383,286.50307416915894,600.6056976318359,301.88326835632324,723.0241394042969,314.908504486084,661.4655303955078,309.26620960235596,632.7544784545898,313.32947731018066,611.6744613647461,318.59999656677246,121,1787822119.5041878
809.8916625976562,375.8457612991333,795.0862121582031,317.39652156829834,761.2825012207031,274.4917345046997,720.7981872558594,254.35694932937622,685.1594543457031,255.78564405441284,758.4040832519531,232.6900863647461,675.7881164550781,232.88756132125854,634.0939331054688,249.70582723617554,611.7675399780273,266.28981828689575,750.71044921875,250.4496145248413,662.4752807617188,247.40698099136353,624.4564819335938,265.1648139953613,604.4188690185547,284.801824092865,738.790283203125,278.51914644241333,657.8176879882812,272.40079164505005,622.0001602172852,286.8590569496155,601.8692779541016,302.4877953529358,724.4034576416016,315.0917100906372,662.6818084716797,309.7460889816284,634.3230438232422,314.68064546585083,614.2034912109375,320.7739591598511,122,1787822119.5615017
809.4590759277344,372.148175239563,793.7129974365234,314.3735432624817,759.5534515380859,271.2443733215332,717.0004272460938,251.94650173187256,679.8783111572266,254.60532188415527,759.5029449462891,229.25657987594604,676.2388610839844,230.2651333808899,635.1880645751953,249.6461534500122,614.4998931884766,268.21800470352173,751.0134124755859,247.8690505027771,661.2510681152344,245.51083087921143,623.3984375,265.3050398826599,604.3474960327148,287.06397771835327,738.4001922607422,276.3905668258667,656.0885620117188,271.9196891784668,619.7666931152344,287.5619888305664,599.769401550293,304.2986512184143,723.3897399902344,313.03419828414917,661.05712890625,308.2296109199524,631.4474487304688,314.2548179626465,610.3423690795898,321.6449046134949,123,1787822119.6005843
813.7546539306641,369.83739852905273,796.6246795654297,311.28713607788086,759.0438842773438,267.54944801330566,713.4090423583984,250.5178928375244,675.2753448486328,254.96742010116577,759.3000793457031,225.08930683135986,675.1313781738281,231.43028497695923,634.2848205566406,251.95229530334473,613.5317993164062,270.4014730453491,749.4709777832031,245.89524507522583,661.397705078125,247.84008264541626,622.8369903564453,267.1972846984863,602.1467590332031,287.46115922927856,736.4075469970703,275.7584238052368,655.7530975341797,273.85545015335083,619.1496276855469,289.22738313674927,598.5698318481445,304.9013113975525,721.5631103515625,313.171591758728,658.6501312255859,308.6956286430359,629.8525238037109,315.1012372970581,609.4169235229492,322.08643913269043,124,1787822119.6255083
815.5730438232422,370.2314043045044,799.8086547851562,310.49399614334106,763.9402008056641,266.01166248321533,718.033447265625,248.14072608947754,679.8825836181641,251.0326623916626,761.6007232666016,223.74086380004883,675.1345825195312,230.03534317016602,633.5400390625,252.27126359939575,613.3667755126953,272.43520975112915,751.4161682128906,245.23128032684326,660.4367828369141,246.5416145324707,621.8109512329102,267.58877992630005,602.7492904663086,289.1596841812134,738.1487274169922,276.2734079360962,654.7211456298828,272.90324449539185,618.1258392333984,289.66198682785034,598.617057800293,306.4451050758362,723.9536285400391,315.0577425956726,658.878173828125,309.44714069366455,629.9775695800781,316.247034072876,610.4962158203125,323.36424350738525,125,1787822119.6828005
834.7835540771484,370.1639413833618,819.8951721191406,310.94776153564453,782.4440765380859,261.69238328933716,736.1038208007812,236.20199918746948,698.4319305419922,233.6374855041504,776.2358093261719,218.4235668182373,688.5969543457031,219.0785837173462,643.3371734619141,237.3672580718994,618.6154556274414,255.2287745475769,769.6092987060547,238.26942443847656,673.8430786132812,233.10904741287231,631.5549468994141,251.23106002807617,608.3364105224609,271.14094734191895,757.9951477050781,269.38167572021484,670.5902099609375,261.4482593536377,630.8696365356445,275.65780878067017,606.8626022338867,290.81568002700806,744.0631103515625,309.3504309654236,677.1852111816406,299.8625349998474,645.1409912109375,304.19198513031006,620.3189849853516,308.88001441955566,126,1787822119.7172656
837.7982330322266,375.9746789932251,823.6077880859375,313.9892792701721,785.4242706298828,263.15500259399414,738.9000701904297,235.94302654266357,699.8304748535156,233.00540685653687,779.9161529541016,217.4827766418457,691.231689453125,215.06031274795532,645.6327819824219,233.76691818237305,621.472282409668,252.65722274780273,773.7998962402344,238.47468852996826,677.2195434570312,231.23433351516724,633.403205871582,249.52444553375244,610.0244140625,269.6667408943176,762.6486206054688,271.4207339286804,673.7757110595703,258.95698070526123,631.829948425293,273.1364893913269,608.1884384155273,289.2046594619751,749.2750549316406,313.2250428199768,680.2382659912109,299.62332487106323,647.3915100097656,303.0567240715027,624.6968841552734,308.85186195373535,127,1787822119.7658937
840.1567077636719,376.24826431274414,826.954345703125,311.64979219436646,790.860595703125,260.34563541412354,743.1437683105469,234.16997909545898,702.5070190429688,232.79924154281616,783.8452911376953,216.84986114501953,694.0276336669922,211.49497032165527,648.5286712646484,230.678129196167,625.5017471313477,250.3140664100647,774.7266387939453,239.21542882919312,679.6952819824219,230.0608992576599,636.4235687255859,247.95192003250122,613.8296127319336,268.14225912094116,761.7869567871094,272.1731686592102,675.0101470947266,258.88301610946655,634.0270233154297,272.14016675949097,611.4605712890625,288.14754724502563,747.0899963378906,313.01198959350586,679.4298553466797,299.17792797088623,647.9230499267578,302.24101066589355,626.1472320556641,307.80065059661865,128,1787822119.8036444
843.0296325683594,377.60430335998535,829.2097473144531,311.422963142395,793.2203674316406,260.7506060600281,747.2309112548828,235.5914855003357,707.8972625732422,235.48885345458984,784.3094635009766,216.97742700576782,695.4241943359375,211.5137243270874,651.0636138916016,230.23062944412231,628.3364486694336,248.7398886680603,774.4538116455078,239.09608125686646,680.5261993408203,230.56987524032593,638.0559921264648,247.90979862213135,615.6059646606445,267.1686387062073,761.1257934570312,271.9771099090576,674.9146270751953,258.9624309539795,635.0997924804688,271.796178817749,612.9779815673828,286.93366527557373,746.3969421386719,313.03194522857666,678.1423950195312,298.1455993652344,647.4406433105469,300.94975233078003,626.0859298706055,306.30281925201416,129,1787822119.8565416
842.630615234375,376.7412757873535,829.9195861816406,310.77157258987427,795.0557708740234,261.18733406066895,749.3659210205078,236.44112348556519,710.4490661621094,237.05286026000977,785.5474853515625,215.27368783950806,697.7341461181641,209.01450634002686,653.1338500976562,227.7884030342102,629.6743392944336,247.0748805999756,776.4083862304688,236.9231915473938,683.4351348876953,227.5548791885376,640.3173828125,244.74447011947632,617.4883270263672,264.794282913208,763.2395935058594,269.9501323699951,678.2205200195312,256.5606737136841,637.9211807250977,269.50666666030884,615.487060546875,285.17038106918335,748.2396697998047,311.27177238464355,680.92041015625,297.33619451522827,650.4726409912109,300.3612542152405,629.5043563842773,305.8304715156555,130,1787822119.9156706
842.2097015380859,377.05575942993164,830.1209259033203,310.96640825271606,795.4954528808594,259.8287630081177,749.8096466064453,233.63411664962769,711.0816192626953,231.85317277908325,786.5259552001953,215.36672830581665,697.4662780761719,208.92762422561646,653.2257080078125,227.40473985671997,630.3534317016602,246.14670753479004,776.207275390625,237.79868602752686,683.2147216796875,227.65270471572876,640.2257537841797,244.71322774887085,617.1276092529297,264.1581058502197,762.5673675537109,270.6093978881836,677.9331970214844,256.05910062789917,638.0716705322266,268.8275742530823,615.8810424804688,284.1958165168762,747.3348999023438,311.2935519218445,680.9439086914062,296.3431763648987,650.6782531738281,299.0735363960266,629.6361541748047,304.0472960472107,131,1787822119.9588926
842.8228759765625,377.3888683319092,829.6269226074219,310.76863288879395,793.6548614501953,259.4350790977478,748.0252838134766,233.86255502700806,709.45068359375,233.16884994506836,785.7290649414062,216.01895570755005,697.5257110595703,209.89283323287964,653.8429260253906,227.5940179824829,630.6385803222656,245.85426092147827,775.6095886230469,238.24208736419678,683.3061981201172,229.19424533843994,641.1214447021484,245.39345741271973,617.9151153564453,264.3877673149109,762.1492767333984,270.71449756622314,677.7410125732422,257.7193021774292,638.8625335693359,269.7056221961975,616.8345642089844,284.4564199447632,747.0361328125,310.9895181655884,680.2904510498047,296.585111618042,650.4795837402344,299.06023263931274,629.6076202392578,304.14655923843384,132,1787822120.024286
847.137451171875,376.1725187301636,833.5300445556641,309.7885322570801,796.9664764404297,258.711097240448,750.4874420166016,233.0721616744995,710.9510040283203,231.1985206604004,792.164306640625,214.1057252883911,700.7917785644531,207.8720998764038,655.0413513183594,226.22164964675903,631.2111282348633,245.40410041809082,783.6199951171875,236.10803604125977,686.96044921875,227.00195789337158,644.1900634765625,244.51925039291382,621.3419723510742,264.4534492492676,770.3205108642578,268.874888420105,683.1598663330078,255.70328950881958,642.5868225097656,267.88957357406616,619.2859649658203,282.7040362358093,754.7016906738281,309.15623903274536,686.3850402832031,294.82109785079956,654.4828033447266,295.85707426071167,631.3849639892578,299.14878845214844,133,1787822120.080828
849.9588775634766,374.60336208343506,836.9002532958984,307.18608140945435,800.9523010253906,253.218834400177,753.3547210693359,226.48770332336426,714.041748046875,222.17677116394043,798.6830902099609,211.30367517471313,707.2798156738281,205.0588059425354,660.7510375976562,221.93045854568481,636.3119888305664,239.4392967224121,789.3975067138672,234.00469064712524,694.3723297119141,224.06933784484863,651.0086822509766,240.29193878173828,627.1537017822266,258.9962697029114,775.2348327636719,266.8489193916321,690.1719665527344,252.6164746284485,648.9256286621094,263.6069440841675,624.6114730834961,277.2013449668884,758.2234954833984,307.20221757888794,691.8177795410156,291.04707956314087,660.3738403320312,291.5383315086365,637.1314239501953,294.5928955078125,134,1787822120.1223779
852.7062225341797,372.6014471054077,841.1224365234375,306.7720341682434,805.7078552246094,252.33484268188477,759.2070007324219,224.0394902229309,720.2301788330078,219.04794216156006,803.4461212158203,207.73670196533203,713.8776397705078,199.50502395629883,668.6103820800781,216.06781482696533,645.8694458007812,233.21331024169922,793.7217712402344,231.03222370147705,699.9420166015625,218.9128875732422,656.3520812988281,233.56871366500854,632.0215606689453,250.49583435058594,778.9712524414062,264.72235679626465,694.6646118164062,248.6759877204895,652.7000427246094,257.64658212661743,627.6442718505859,269.1442036628723,761.6112518310547,306.1334538459778,695.7711791992188,288.5675382614136,663.7605285644531,286.71831607818604,639.6781539916992,286.4965510368347,135,1787822120.1779974
852.1559143066406,372.3118543624878,845.2060699462891,305.67267179489136,813.4307861328125,252.57716417312622,768.4767150878906,226.67635917663574,730.1036071777344,222.29013204574585,811.4876556396484,207.9384684562683,726.1240386962891,191.00424528121948,682.82958984375,202.14448928833008,660.3763580322266,215.67398071289062,801.6608428955078,231.12889051437378,709.7621154785156,211.46492958068848,663.9676666259766,217.90077209472656,634.6913909912109,226.60902500152588,786.2950134277344,264.77226734161377,700.2628326416016,246.38450145721436,657.8697204589844,251.05148077011108,630.1583480834961,257.12589025497437,767.6158142089844,305.91907024383545,700.8554840087891,286.8970584869385,669.1139221191406,283.270046710968,644.0718841552734,279.7829818725586,136,1787822120.2294772
853.4662628173828,374.51332569122314,848.2231903076172,309.28595066070557,818.0289459228516,252.57102727890015,771.6034698486328,223.28235626220703,731.1566925048828,215.8246350288391,819.4579315185547,210.46405792236328,733.7935638427734,182.76919841766357,684.805908203125,183.8986873626709,655.4901885986328,190.80657720565796,809.5374298095703,235.57485580444336,714.3050384521484,205.5095672607422,666.2417602539062,206.3984513282776,634.9928665161133,211.75134658813477,792.6444244384766,269.8940634727478,704.1574096679688,246.2783718109131,660.0470733642578,246.57114028930664,630.8356094360352,249.308602809906,771.7074584960938,309.57719564437866,705.1840972900391,286.4933753013611,672.6956939697266,279.36151027679443,647.2296142578125,272.87835359573364,137,1787822120.2793317
854.5110321044922,371.8794822692871,851.9692993164062,307.7350115776062,827.0527648925781,250.24280548095703,782.2492980957031,219.32669878005981,742.2616577148438,207.60478019714355,832.1897888183594,211.5990400314331,750.6337738037109,170.96058011054993,700.9412384033203,167.30833411216736,668.3545684814453,171.7855739593506,822.4081420898438,238.33388328552246,727.0326995849609,200.45997619628906,676.3790893554688,198.5098171234131,643.3599090576172,201.65160655975342,803.7857818603516,271.5976095199585,714.4540405273438,237.54276037216187,668.7516784667969,231.8045711517334,638.6462783813477,230.4843020439148,779.9840545654297,308.5706162452698,712.0888519287109,280.227735042572,679.6685791015625,268.7471079826355,655.5160522460938,258.56767416000366,138,1787822120.350482
857.2911071777344,375.06255626678467,854.1750335693359,307.46209144592285,828.2360076904297,251.09946012496948,783.5398864746094,220.82613945007324,743.6792755126953,209.00068759918213,833.8407135009766,210.9359335899353,753.7647247314453,171.95985317230225,706.6254425048828,166.2967872619629,675.7671356201172,168.7164294719696,821.7230987548828,238.35924625396729,727.7674865722656,200.1560926437378,679.5952606201172,196.20290279388428,648.4298706054688,197.6136589050293,802.6707458496094,271.68543577194214,714.2622375488281,237.34165906906128,670.8670043945312,230.9201717376709,642.57080078125,228.7043023109436,779.7721099853516,308.9720034599304,711.5950012207031,278.51187229156494,678.5517883300781,267.79550313949585,653.4307861328125,258.9171767234802,139,1787822120.3963413
856.0935974121094,376.4389371871948,854.1905212402344,309.2208480834961,828.8677215576172,251.6780662536621,783.7882232666016,221.09931707382202,743.5123443603516,209.60437774658203,834.0739440917969,210.03273725509644,754.8211669921875,170.38531064987183,707.7900695800781,164.46404457092285,675.0084686279297,166.81994676589966,821.6498565673828,237.44489192962646,729.0900421142578,198.7074851989746,680.0738525390625,193.36937427520752,646.3173675537109,193.21818351745605,801.8030548095703,270.6283450126648,714.9816131591797,236.25255346298218,670.4645538330078,228.82864952087402,639.5658874511719,225.38323402404785,777.8640747070312,307.29806900024414,711.2910461425781,277.4998211860657,679.1663360595703,267.2272825241089,653.9987945556641,257.88349628448486,140,1787822120.439988
854.7904205322266,378.2829236984253,850.8876800537109,311.2632966041565,824.2789459228516,253.15021276474,780.0490570068359,221.33468627929688,739.8243713378906,208.8175892829895,832.2555541992188,211.00337505340576,755.3091430664062,169.4479537010193,708.0791473388672,162.02327728271484,674.8358154296875,163.1364369392395,820.6832122802734,238.0649757385254,729.0937805175781,197.52199172973633,680.2455139160156,190.5497932434082,645.6871795654297,188.99606466293335,801.6567230224609,270.9873104095459,714.2407989501953,235.61779260635376,668.9667510986328,226.23242139816284,636.1947631835938,220.84249019622803,778.3310699462891,307.66645431518555,710.8489227294922,278.09037923812866,677.1970367431641,267.32332706451416,650.1299285888672,257.6287078857422,141,1787822120.4647467
851.9641876220703,379.4732666015625,848.9176940917969,311.189546585083,821.6953277587891,251.65396928787231,776.0327911376953,219.00436162948608,735.1206207275391,205.57956218719482,832.6767730712891,211.53134107589722,755.4153442382812,169.18742537498474,707.0719909667969,160.45199632644653,672.1518707275391,159.59500908851624,820.2743530273438,239.28583145141602,727.4665832519531,197.5486421585083,677.1689605712891,188.0499529838562,640.3622436523438,183.85459184646606,800.6800842285156,272.33777046203613,711.6844940185547,236.28244400024414,665.2987670898438,225.35988807678223,630.6401062011719,218.17405700683594,777.2509765625,308.52038383483887,708.9630889892578,278.6111569404602,674.6173095703125,267.1717929840088,646.2302398681641,256.7903995513916,142,1787822120.5252821
850.8575439453125,382.52660751342773,847.2691345214844,314.4243335723877,818.3641052246094,254.13089275360107,772.1131896972656,221.11311435699463,730.6757354736328,206.63244724273682,832.0571136474609,212.3760223388672,754.3264770507812,169.78859424591064,704.9855804443359,159.9843156337738,668.7873077392578,157.36374378204346,820.1832580566406,240.8242392539978,726.2007141113281,199.28855895996094,674.1555786132812,188.22781562805176,635.6718826293945,182.30564832687378,800.1053619384766,274.0725374221802,709.6377563476562,238.04948329925537,661.8885803222656,225.83094835281372,626.0800170898438,217.49721765518188,775.7524871826172,310.168719291687,705.6803131103516,279.97363328933716,670.8515930175781,268.73597145080566,642.7766418457031,259.07527685165405,143,1787822120.5800395
845.7572174072266,386.57026290893555,843.0319976806641,316.5072512626648,811.8597412109375,255.1567840576172,766.3669586181641,221.10689163208008,724.0255737304688,207.05031394958496,822.6187896728516,216.66717052459717,744.7200775146484,171.31977081298828,695.1869201660156,158.33946704864502,658.2931518554688,153.6910378932953,810.7060241699219,246.52828931808472,714.1666412353516,203.38903427124023,660.0910186767578,190.69066286087036,621.6218566894531,184.14918422698975,790.4904937744141,282.0411014556885,697.8592681884766,243.23041677474976,649.0985107421875,229.8063039779663,613.9220428466797,220.99265098571777,766.5103149414062,320.8136987686157,694.4499206542969,287.9655432701111,657.1189880371094,274.3596410751343,627.2350311279297,262.6687717437744,144,1787822120.6250834
844.8548889160156,384.4696855545044,840.4738616943359,315.20577907562256,811.4046478271484,255.45972347259521,766.7496490478516,221.08691453933716,725.3117370605469,205.95356941223145,819.1481781005859,216.27571821212769,741.3414001464844,169.51667189598083,691.7945861816406,159.02013659477234,655.3636932373047,157.06527829170227,808.4797668457031,246.1809754371643,712.8414916992188,202.5744366645813,659.5550537109375,190.72649717330933,620.938720703125,185.8879852294922,789.8194122314453,281.1337208747864,697.3699951171875,243.74707460403442,648.06640625,230.74951887130737,611.6249847412109,222.5214672088623,767.4453735351562,318.2041025161743,695.8556365966797,288.8970637321472,658.9541625976562,277.0534372329712,629.0731811523438,266.80057525634766,145,1787822120.6702952
843.4352111816406,385.3432273864746,840.4244232177734,315.3660249710083,812.20947265625,255.83596229553223,767.6168823242188,222.1576738357544,726.3181304931641,207.02960729599,817.7422332763672,216.21484279632568,738.8709259033203,169.23476099967957,689.7434234619141,158.98295044898987,653.9642333984375,157.22383975982666,806.4749908447266,246.51376247406006,710.6977081298828,202.070631980896,657.786865234375,190.8401584625244,619.8875427246094,186.57450199127197,787.4726867675781,281.6535758972168,695.5276489257812,243.10903072357178,646.2767028808594,230.1298427581787,610.2627563476562,222.30144023895264,764.9570465087891,318.9611291885376,693.2594299316406,289.1045379638672,656.3417816162109,277.30093002319336,626.5837478637695,267.29912281036377,146,1787822120.7261245
843.0026245117188,384.6086883544922,839.0093994140625,315.0066304206848,810.6629943847656,255.84048986434937,765.9166717529297,222.49054670333862,724.2815399169922,207.8558349609375,816.1540985107422,216.04022026062012,737.7589416503906,169.01809215545654,688.7958526611328,159.4569718837738,653.2855224609375,158.47192525863647,805.2387237548828,246.8557333946228,709.9260711669922,202.2355341911316,656.9889831542969,191.0923719406128,619.1252136230469,187.10776805877686,786.4421081542969,282.1118474006653,694.9814605712891,243.5356092453003,645.601806640625,230.35634994506836,609.6871948242188,222.3620581626892,764.3211364746094,319.16311025619507,692.3727416992188,289.2071056365967,655.206298828125,277.29039430618286,625.3767395019531,267.22779750823975,147,1787822120.787175
842.8125,385.9950256347656,838.7301635742188,315.829381942749,809.9173736572266,255.99013566970825,764.6946716308594,222.77767181396484,722.8844451904297,208.23679447174072,815.6748962402344,216.57397985458374,737.1234893798828,169.65623259544373,687.9238128662109,160.19475102424622,652.2159576416016,159.35676455497742,804.2694854736328,247.21811056137085,708.5085296630859,202.78088092803955,655.6608581542969,191.57596349716187,617.8608703613281,187.37927198410034,785.0360107421875,282.6136565208435,693.0898284912109,244.5954465866089,644.1286468505859,231.60495042800903,608.4645080566406,223.64874601364136,762.4867248535156,320.1006817817688,690.7164764404297,290.3804540634155,653.7528991699219,278.8630485534668,623.9553070068359,269.25108432769775,148,1787822120.8289208
842.4571990966797,385.192551612854,838.3596801757812,315.23805141448975,809.3919372558594,256.6067433357239,764.1929626464844,224.07832860946655,722.5508117675781,209.50432062149048,814.8955535888672,217.45007514953613,737.1652221679688,170.35626769065857,688.1742095947266,160.33552408218384,652.4398040771484,158.81999015808105,803.6724090576172,248.51829528808594,708.8772583007812,203.3060359954834,655.7865905761719,191.76215171813965,617.6576995849609,187.5084686279297,784.9556732177734,284.340398311615,693.5714721679688,245.65738677978516,643.5968017578125,232.11673736572266,607.1824645996094,223.79427194595337,763.1816864013672,321.92265272140503,691.7461395263672,292.12071418762207,654.1999816894531,279.980263710022,623.8805389404297,269.72697257995605,149,1787822120.877656
840.615234375,385.76959133148193,836.5888977050781,315.5050492286682,805.9845733642578,255.96086740493774,759.2812347412109,223.43352556228638,716.4702606201172,209.17007446289062,812.6666259765625,218.5446310043335,737.0223236083984,168.76997709274292,687.0905303955078,158.1183671951294,650.1170349121094,157.16707348823547,801.2701416015625,248.8825821876526,706.5380096435547,203.24265003204346,652.2579193115234,191.06404781341553,613.5039520263672,186.58935070037842,781.8356323242188,283.95471811294556,689.6074676513672,246.26491785049438,640.0666046142578,233.28216791152954,604.0897369384766,225.9074878692627,759.4184112548828,320.7828426361084,688.0122375488281,292.3199486732483,650.9442138671875,280.94459295272827,621.0753631591797,271.62692070007324,150,1787822120.927915
839.7419738769531,386.42958641052246,836.1415100097656,315.813353061676,805.9581756591797,257.1288514137268,760.4232025146484,225.0206422805786,717.8525543212891,210.156569480896,811.080322265625,219.0779185295105,736.2903594970703,168.18115711212158,686.1370849609375,157.38092064857483,649.0512847900391,156.86724543571472,800.7715606689453,249.58712339401245,706.0910797119141,203.46415758132935,650.5870819091797,191.14022254943848,610.8056259155273,186.8209433555603,782.5159454345703,285.2012801170349,689.8499298095703,248.08727502822876,638.4991073608398,235.15325546264648,601.1146545410156,227.65839099884033,761.4182281494141,322.5477361679077,689.9208831787109,295.48598527908325,651.9319152832031,283.80058765411377,621.1604690551758,273.82970094680786,151,1787822120.9955614
839.4953918457031,387.7728796005249,836.5023040771484,317.3740768432617,806.0066223144531,258.90095472335815,761.5364837646484,226.1098551750183,719.0028381347656,211.15053176879883,810.3311157226562,220.33849239349365,735.6224060058594,169.04226422309875,685.3415679931641,157.63813376426697,648.0680847167969,156.3166093826294,799.8522186279297,250.13888597488403,704.4356536865234,203.94731998443604,649.0853881835938,191.5398073196411,609.6870422363281,186.6925835609436,781.424560546875,285.596444606781,688.3680725097656,248.47063779830933,637.0465469360352,235.7750129699707,599.9113464355469,228.36681604385376,760.1892852783203,323.1210422515869,688.8341522216797,296.78943157196045,650.6227111816406,285.8344316482544,619.8229598999023,276.8209218978882,152,1787822121.0424204
839.8182678222656,388.5669422149658,836.5343475341797,317.7926731109619,805.1624298095703,258.8284492492676,760.1226806640625,225.45756340026855,717.7095031738281,209.5625352859497,808.9332580566406,220.71882963180542,734.041748046875,168.97814869880676,683.6124420166016,158.17966103553772,646.3156127929688,157.8494167327881,798.8435363769531,250.4711365699768,703.3999633789062,204.02377367019653,647.6880645751953,191.22789859771729,607.7811050415039,186.82602882385254,780.9053802490234,285.7995629310608,687.0932006835938,249.15807723999023,635.2927398681641,235.96472024917603,597.4239730834961,228.39586973190308,760.3678131103516,323.1140685081482,688.6481475830078,297.0337700843811,650.00244140625,285.77619552612305,618.5098648071289,276.55898809432983,153,1787822121.0952532
839.1350555419922,388.7580442428589,835.8296966552734,318.51478815078735,803.1977844238281,260.1441693305969,757.8619384765625,227.20383167266846,715.2339172363281,211.56075954437256,808.0197906494141,220.81820011138916,733.3866882324219,168.90058994293213,682.9753112792969,157.604820728302,645.4237365722656,156.49158596992493,798.6376190185547,250.3494930267334,702.7034759521484,203.51494789123535,646.7134857177734,190.18876791000366,606.1844253540039,185.24682998657227,781.3238525390625,285.6015729904175,686.5017700195312,248.87792587280273,633.9754104614258,235.35030126571655,595.2402877807617,227.42555379867554,761.0842132568359,322.76201248168945,687.9882049560547,297.1773862838745,648.2878112792969,285.3890132904053,615.8504104614258,275.6057095527649,154,1787822121.1359723
839.3920135498047,387.8639030456543,835.6797027587891,317.9574680328369,802.0822906494141,260.1872134208679,755.9221649169922,227.48640775680542,712.6572418212891,212.5477695465088,806.8738555908203,220.18549919128418,732.9069519042969,168.51951241493225,682.5109100341797,156.09764456748962,644.2572021484375,153.42406153678894,797.7158355712891,249.92053270339966,701.3334655761719,203.1969451904297,645.2321624755859,189.70547676086426,604.5367813110352,184.17062044143677,780.3423309326172,285.45735597610474,685.8309173583984,248.10102939605713,632.8728485107422,234.9908423423767,593.8312911987305,227.59891033172607,759.6768188476562,322.8888702392578,687.0320892333984,298.1337332725525,647.2866058349609,287.4119782447815,614.8378753662109,278.68567943573,155,1787822121.2056386
840.7765197753906,387.0052099227905,836.1968231201172,316.86020851135254,803.4611511230469,259.14557218551636,757.9149627685547,226.40249490737915,715.0984954833984,210.91994762420654,807.1377563476562,220.6971788406372,734.4622039794922,169.14578676223755,684.4727325439453,155.4118037223816,646.0455322265625,150.76241970062256,797.7169799804688,250.776264667511,703.1363677978516,203.47503662109375,646.7592620849609,189.00097846984863,605.200309753418,181.98534965515137,780.6381988525391,286.31006240844727,687.0675659179688,249.46002960205078,633.687629699707,235.84786176681519,594.0254974365234,227.3925518989563,760.4998016357422,323.626070022583,688.7438201904297,298.98869276046753,648.61083984375,287.6917862892151,615.4802322387695,277.9429864883423,156,1787822121.2521067
838.702392578125,386.241660118103,834.9818420410156,315.69879055023193,802.6682281494141,258.29580545425415,756.5617370605469,226.55465126037598,713.5115814208984,212.042076587677,806.1801910400391,220.36619424819946,734.5648956298828,167.35134601593018,684.6017456054688,154.45630431175232,646.5550994873047,151.6691029071808,797.4443817138672,250.63646793365479,703.1797790527344,203.33000421524048,646.2382507324219,189.5820951461792,604.611701965332,183.83347749710083,780.2484893798828,286.50352478027344,686.6245269775391,249.7798991203308,633.3031463623047,236.5293574333191,593.9231872558594,228.86053562164307,759.7206878662109,324.1340374946594,687.3297882080078,298.943030834198,647.7568817138672,287.5658082962036,615.2943801879883,277.85674810409546,157,1787822121.3033412
840.1691436767578,384.94797706604004,836.8860626220703,314.51048612594604,804.7926330566406,256.5950059890747,758.6200714111328,223.81656646728516,716.0379028320312,208.46381664276123,807.1957397460938,220.4056978225708,733.6892700195312,168.51017832756042,683.5744476318359,155.03735661506653,645.572509765625,150.79172015190125,797.1882629394531,250.12609720230103,701.6640472412109,203.59472751617432,645.0393676757812,190.1087522506714,603.9158248901367,183.82830619812012,779.9570465087891,285.7072949409485,686.4521026611328,249.93787050247192,633.2658767700195,237.80284881591797,593.9188385009766,230.52138090133667,759.9843597412109,323.2742929458618,689.4545745849609,298.98141860961914,649.869384765625,288.7119483947754,616.8788528442383,280.37630796432495,158,1787822121.350315
838.7257385253906,385.52905082702637,836.3671112060547,315.0772261619568,804.1431427001953,257.56579399108887,758.5344696044922,225.0952935218811,716.1386108398438,209.8267650604248,806.2688446044922,220.59497594833374,734.0864562988281,168.01174879074097,683.9532470703125,154.933522939682,646.014404296875,151.91359162330627,796.9146728515625,250.49081325531006,702.3538970947266,203.69613647460938,645.9652709960938,190.98212242126465,605.5990600585938,186.21952772140503,779.7563171386719,286.0865807533264,686.7386627197266,250.3433346748352,633.4473419189453,238.87714862823486,594.4026565551758,232.66618251800537,759.8423004150391,323.59012842178345,688.7229156494141,298.83376836776733,649.0448760986328,288.4469246864319,616.3744354248047,279.8941111564636,159,1787822121.4057202
840.5135345458984,385.6496858596802,838.3598327636719,315.2147054672241,807.2219085693359,257.39808082580566,762.1152496337891,224.22552824020386,720.1103210449219,207.91992902755737,808.0792236328125,220.13243436813354,735.1662445068359,168.91263842582703,685.3252410888672,155.48664808273315,647.5827789306641,151.61342024803162,798.013916015625,249.38085079193115,702.9268646240234,203.6269998550415,646.8772888183594,190.8180570602417,606.5070724487305,185.5307149887085,780.8232116699219,284.66970920562744,687.6280212402344,250.60887336730957,634.8266220092773,240.12158632278442,595.9521865844727,234.25400733947754,761.1825561523438,322.2115159034729,691.3057708740234,299.2249631881714,652.0951843261719,289.7942090034485,619.3967056274414,281.8221044540405,160,1787822121.443959
846.9058227539062,382.06779956817627,843.5289001464844,312.229642868042,811.7240905761719,255.13824462890625,765.8705902099609,222.12233304977417,724.0446472167969,205.07077932357788,814.1307067871094,218.52542638778687,741.32080078125,167.86337971687317,691.4934539794922,153.08287382125854,653.9588928222656,147.70150423049927,804.2192840576172,246.21174573898315,707.9794311523438,204.38151597976685,651.7049407958984,195.7185173034668,613.1457901000977,193.76136302947998,787.0686340332031,280.4143524169922,693.3807373046875,249.4775390625,642.5241851806641,241.32963180541992,606.8281173706055,237.33962059020996,767.7513885498047,317.1869659423828,697.6123809814453,295.4744625091553,659.6086120605469,286.8480706214905,628.7396621704102,279.50467586517334,161,1787822121.474842
846.3034820556641,382.619047164917,844.6553802490234,312.6632595062256,812.781982421875,254.2704963684082,767.2428894042969,220.1766586303711,725.6411743164062,202.90752410888672,815.8309936523438,217.81240940093994,744.1210174560547,167.51564741134644,694.3165588378906,153.72557401657104,656.0017395019531,149.61904764175415,806.4645385742188,244.96217966079712,710.1042175292969,204.92312908172607,653.8051605224609,197.49619960784912,614.627799987793,196.80378198623657,789.5938873291016,278.8377070426941,695.9378051757812,249.75919246673584,644.8443603515625,242.44480848312378,608.0720520019531,239.05636310577393,769.9435424804688,315.42211532592773,700.3989410400391,295.3691267967224,662.1464538574219,287.7774238586426,630.4025268554688,281.3036012649536,162,1787822121.509254
848.2601165771484,382.77942180633545,846.4942932128906,312.9737091064453,814.8724365234375,254.33559894561768,769.3172454833984,220.10159969329834,727.1938323974609,204.24652576446533,817.8646087646484,216.6763973236084,745.65673828125,168.68711829185486,696.2883758544922,155.68195581436157,657.8279876708984,151.3367772102356,807.818603515625,243.53745460510254,711.9496154785156,208.86009693145752,657.1640014648438,202.7212929725647,618.565673828125,200.8587884902954,790.977783203125,277.05508947372437,698.9391326904297,251.45301818847656,649.8002624511719,244.51285600662231,614.0433502197266,240.40594339370728,771.671142578125,313.3720278739929,703.2752227783203,295.5448651313782,665.5888366699219,288.68804454803467,634.2519378662109,282.6871705055237,163,1787822121.5463517
851.7118835449219,381.5540599822998,850.0608825683594,312.51636028289795,818.5454559326172,254.93677854537964,773.726806640625,221.7967128753662,732.4723815917969,206.15063667297363,819.3994140625,216.57267093658447,745.8625793457031,170.13558626174927,697.1163177490234,158.10579299926758,659.6139526367188,154.4970417022705,809.2508697509766,244.11114692687988,714.4149017333984,212.4244737625122,660.0328063964844,207.42303371429443,621.9689559936523,205.42811393737793,792.7921295166016,278.26860666275024,702.6871490478516,254.40085172653198,653.7220764160156,247.60746002197266,618.4585189819336,243.0934739112854,773.995361328125,314.95195627212524,707.9755401611328,297.1061897277832,671.3526916503906,290.4832148551941,641.0785675048828,284.8483443260193,164,1787822121.596565
855.8062744140625,380.1683235168457,853.0106353759766,311.1379408836365,821.1502838134766,253.8249707221985,776.5921020507812,220.66898345947266,735.9735870361328,204.74475145339966,821.7441558837891,215.30808448791504,747.0606231689453,171.78186178207397,698.5475921630859,161.2613046169281,661.8816375732422,158.74632596969604,813.1662750244141,242.70897388458252,717.0770263671875,213.20373058319092,663.1803131103516,210.05340099334717,625.6552124023438,210.04376649856567,797.8756713867188,276.85697078704834,706.6275024414062,255.20643711090088,658.8417053222656,251.1182999610901,624.7218322753906,248.85359287261963,779.9224090576172,313.61589431762695,713.5195159912109,298.1701683998108,677.5492858886719,292.9984402656555,647.7181243896484,288.1670951843262,165,1787822121.6396904
861.5212249755859,378.5492992401123,859.0155792236328,308.1713318824768,827.6904296875,251.40321493148804,783.34228515625,218.34080457687378,743.372802734375,202.46395111083984,828.126220703125,214.19074058532715,751.6069793701172,173.24628353118896,702.6596069335938,164.76508498191833,666.0900115966797,163.90480399131775,819.0167999267578,242.12144136428833,720.6822967529297,215.57572603225708,668.3609771728516,214.60079669952393,633.4150695800781,216.008141040802,802.7048492431641,276.39925718307495,709.9968719482422,256.77342653274536,663.7075042724609,253.3669352531433,631.6924285888672,251.30908012390137,783.8579559326172,313.0819630622864,717.4990844726562,298.03288221359253,682.9387664794922,292.81866788864136,654.7775268554688,287.60507583618164,166,1787822121.694475
868.8372039794922,375.0403690338135,865.7135772705078,305.211546421051,834.7758483886719,248.36146116256714,790.0963592529297,215.63984155654907,750.1919555664062,200.2241349220276,835.2831268310547,211.24805688858032,758.9888763427734,171.78504824638367,710.2214050292969,164.11345839500427,674.8202514648438,163.91420245170593,827.1365356445312,239.4341254234314,728.0331420898438,215.19274950027466,676.5789794921875,215.39434432983398,643.1645202636719,217.73059129714966,811.1685943603516,274.6121120452881,717.1834564208984,257.0597791671753,671.5715789794922,254.2239546775818,640.7675933837891,252.3204231262207,791.9022369384766,312.3103666305542,724.4600677490234,297.6199507713318,690.7405090332031,292.60419845581055,663.8184356689453,287.17461347579956,167,1787822121.7418609
875.6120300292969,370.4146957397461,871.2481689453125,302.0637059211731,838.5264587402344,244.72432136535645,791.6133880615234,212.0313262939453,751.24755859375,194.02788877487183,846.5541076660156,209.30392742156982,772.0679473876953,169.20252084732056,722.9779815673828,160.5097496509552,686.4910125732422,159.05459761619568,839.3174743652344,236.46247386932373,740.7398223876953,217.09323406219482,689.732666015625,217.26972341537476,655.0768280029297,217.66186237335205,822.8939819335938,270.5111002922058,731.0157775878906,255.71545600891113,686.1695098876953,252.7095365524292,654.1066741943359,250.22872924804688,802.294921875,307.0475721359253,737.3677825927734,294.14119005203247,704.7014617919922,290.1128339767456,677.0442199707031,285.8844494819641,168,1787822121.790512
883.5157012939453,368.5837125778198,878.3560943603516,300.97187519073486,847.1316528320312,243.1450366973877,800.0527954101562,210.4681134223938,759.4810485839844,194.00293350219727,856.6983795166016,207.73470640182495,781.6221618652344,169.28863048553467,732.8691101074219,160.89795112609863,695.9812927246094,158.5697615146637,850.7693481445312,234.58398342132568,752.1058654785156,216.96240663528442,700.3798675537109,219.08774614334106,664.2756652832031,220.2197027206421,835.335693359375,267.9169750213623,744.6674346923828,256.03554010391235,699.9051666259766,255.50884008407593,667.2993469238281,254.3787932395935,814.9752044677734,303.6475610733032,750.0707244873047,291.68505907058716,718.3354949951172,289.01782751083374,691.2164306640625,285.7604670524597,169,1787822121.8398368
