P0_x,P0_y,P1_x,P1_y,P2_x,P2_y,P3_x,P3_y,P4_x,P4_y,P5_x,P5_y,P6_x,P6_y,P7_x,P7_y,P8_x,P8_y,P9_x,P9_y,P10_x,P10_y,P11_x,P11_y,P12_x,P12_y,P13_x,P13_y,P14_x,P14_y,P15_x,P15_y,P16_x,P16_y,P17_x,P17_y,P18_x,P18_y,P19_x,P19_y,P20_x,P20_y,frame_number,timestamp
906.1217498779297,397.81095027923584,849.5985412597656,367.11944103240967,805.52001953125,318.1871509552002,777.9023742675781,274.1366744041443,753.5746002197266,234.378182888031,874.3770599365234,230.51631689071655,867.6812744140625,163.9249849319458,864.0007781982422,122.22097992897034,863.7528991699219,84.36666369438171,917.1996307373047,228.37889671325684,920.0743865966797,151.22829794883728,921.0839080810547,101.51700854301453,922.2588348388672,56.05402708053589,955.5928802490234,244.18811559677124,966.8566131591797,173.14792156219482,971.0596466064453,127.78790473937988,973.1275177001953,84.39667224884033,990.8786010742188,273.4195804595947,1014.2699432373047,225.36327838897705,1026.6075897216797,192.20611095428467,1035.3130340576172,158.26156497001648,1,1787822196.6797564
906.5259552001953,398.27035903930664,850.7007598876953,367.3739719390869,806.273193359375,318.3052968978882,777.5534057617188,274.74281072616577,753.3145904541016,234.68895435333252,874.1796875,230.2755832672119,867.3326873779297,163.18467378616333,863.6302185058594,121.20142936706543,863.3680725097656,83.22761535644531,917.2090148925781,228.1677746772766,919.8914337158203,150.53730726242065,921.0865020751953,100.58143258094788,922.3729705810547,55.0080943107605,955.8547973632812,244.1135287284851,967.0499420166016,173.32975387573242,971.4889526367188,127.80412673950195,973.6692810058594,84.00792360305786,991.4060974121094,273.5344862937927,1014.4391632080078,225.1811671257019,1026.3673400878906,191.8306016921997,1034.4498443603516,157.3444426059723,2,1787822196.747048
906.3877105712891,399.916934967041,850.2436065673828,367.8970241546631,805.6366729736328,318.652868270874,776.3848876953125,275.70542335510254,751.3744354248047,236.07876777648926,873.9463043212891,229.90020275115967,867.2210693359375,161.75379037857056,863.9439392089844,119.48198318481445,864.0392303466797,81.16678833961487,917.3567962646484,228.2151961326599,920.0534820556641,149.7614300251007,921.8580627441406,99.33781027793884,923.8545989990234,53.38533639907837,956.4540100097656,244.54654455184937,967.5616455078125,173.1373643875122,972.5630187988281,127.20114469528198,975.5582427978516,83.18069815635681,992.3475646972656,274.14281129837036,1015.1455688476562,225.32259464263916,1027.3033905029297,191.36151552200317,1035.9835052490234,156.2842833995819,3,1787822196.8073592
906.0540771484375,401.06380462646484,849.51171875,368.32737922668457,804.9429321289062,319.3157172203064,775.8708190917969,276.38940811157227,751.0272216796875,236.27789497375488,873.7336730957031,230.42263269424438,866.8350982666016,162.0350682735443,863.3930969238281,119.50920224189758,863.5674285888672,80.79545259475708,917.1582794189453,228.5671877861023,920.0285339355469,149.81858253479004,921.8276214599609,99.13012146949768,923.9318084716797,52.59936332702637,956.3632202148438,244.66645002365112,967.6694488525391,173.02915334701538,972.8707122802734,126.8684434890747,976.0948944091797,82.52826690673828,992.4840545654297,274.05324697494507,1014.8993682861328,224.84490394592285,1027.26806640625,190.90566873550415,1036.3481140136719,156.02275729179382,4,1787822196.8472536
904.8865509033203,401.92824840545654,848.6328887939453,369.30108547210693,804.2981719970703,320.0768208503723,774.7711181640625,277.070689201355,749.7931671142578,236.9846248626709,872.9531097412109,230.86751461029053,866.1729431152344,162.540020942688,862.6705932617188,119.6074891090393,862.9375457763672,80.61904907226562,916.4664459228516,228.86761665344238,919.4631195068359,150.08319854736328,921.0321044921875,99.18727397918701,922.9242706298828,52.59702444076538,955.7945251464844,244.80506658554077,967.0048522949219,172.30541825294495,971.9427490234375,125.66294074058533,975.0263214111328,80.84066390991211,991.876220703125,274.26363945007324,1014.317626953125,224.67373609542847,1026.9650268554688,190.42739868164062,1036.4604949951172,155.1462435722351,5,1787822196.8952646
905.1744079589844,402.8466796875,847.8593444824219,370.38873195648193,803.0204010009766,321.3408064842224,773.4549713134766,277.7222728729248,748.2024383544922,236.91596031188965,871.1937713623047,232.64011144638062,864.4736480712891,163.77864360809326,860.8597564697266,120.51185488700867,860.9975433349609,81.16081237792969,914.7427368164062,230.22749662399292,917.6762390136719,151.31661772727966,919.1791534423828,100.18960475921631,921.3011932373047,53.40531349182129,954.2320251464844,245.68397283554077,965.2967071533203,172.81691551208496,970.2176666259766,125.88539242744446,973.4386444091797,80.89652895927429,991.0421752929688,274.6384835243225,1013.4373474121094,224.9897861480713,1025.8143615722656,190.6456446647644,1035.2019500732422,155.28926968574524,6,1787822196.9187822
903.9189147949219,403.54637145996094,847.2457122802734,371.1531400680542,801.9585418701172,322.1265649795532,772.0459747314453,279.1506886482239,746.9882202148438,239.14586305618286,869.8934173583984,232.38948583602905,862.7297210693359,163.79990816116333,858.7603759765625,120.84001779556274,858.3851623535156,81.72384023666382,913.3718109130859,230.2958607673645,915.9928131103516,151.21923208236694,917.1637725830078,100.20496845245361,918.8362884521484,53.61553430557251,952.6493835449219,246.23404026031494,963.8266754150391,173.95020246505737,968.6940002441406,126.72500967979431,971.8026733398438,81.59826993942261,988.9748382568359,275.6987929344177,1011.9738006591797,225.58422803878784,1024.4453430175781,191.06338262557983,1033.5049438476562,155.6713879108429,7,1787822196.952438
902.9035949707031,403.68112564086914,846.4177703857422,372.2105312347412,800.5237579345703,323.943772315979,770.5203247070312,280.69242238998413,745.1557922363281,240.16252756118774,868.5053253173828,232.5434446334839,860.9535980224609,163.97294282913208,857.1743774414062,121.0538113117218,857.1204376220703,82.02724099159241,912.1803283691406,229.84713792800903,914.7203826904297,150.40639400482178,916.2374114990234,99.41182851791382,918.2859802246094,53.230412006378174,951.6475677490234,245.48851490020752,962.5139617919922,173.3820676803589,967.5693511962891,126.43827080726624,970.9456634521484,81.76836490631104,988.0244445800781,274.68682765960693,1010.4372406005859,224.59105968475342,1022.96142578125,190.55569410324097,1032.4087524414062,155.89166164398193,8,1787822197.0007617
901.6255187988281,405.3904438018799,845.0283050537109,373.21157455444336,799.3758392333984,324.57430601119995,769.6794891357422,280.8886528015137,743.9363098144531,240.240740776062,866.5826416015625,233.6179804801941,858.8202667236328,164.64866638183594,854.7657012939453,121.249258518219,854.4629669189453,81.96976661682129,910.0547027587891,230.69636821746826,912.4068450927734,151.1318027973175,913.8064575195312,99.99425411224365,915.8424377441406,53.905577659606934,949.5611572265625,246.19640350341797,960.5633544921875,173.5300612449646,965.6958770751953,126.52727723121643,969.1664123535156,81.9231927394867,986.2751770019531,275.4865765571594,1009.2120361328125,225.51318168640137,1021.8829345703125,191.37595653533936,1031.3508605957031,156.60619139671326,9,1787822197.041157
900.3460693359375,406.7814588546753,843.3992767333984,374.42251682281494,797.7531433105469,325.81981658935547,768.7371826171875,282.49922275543213,742.6683807373047,242.40770816802979,865.1876068115234,234.85033750534058,856.8286895751953,165.99145531654358,852.5101470947266,122.6319694519043,852.1441650390625,83.24573636054993,908.4620666503906,231.6714906692505,910.4106903076172,151.7965292930603,911.5341949462891,100.60708522796631,913.5282135009766,54.460387229919434,947.7740478515625,247.02529191970825,958.7752532958984,173.52202534675598,963.6436462402344,126.3533091545105,967.0212554931641,81.7493748664856,984.4077301025391,276.38580322265625,1007.269287109375,226.1551308631897,1020.0705718994141,191.56508445739746,1029.7944641113281,156.45467877388,10,1787822197.093837
899.1122436523438,407.19202995300293,841.1503601074219,375.1567554473877,795.5457305908203,327.0559072494507,766.6555023193359,283.99784803390503,740.9114074707031,244.13646697998047,863.1521606445312,235.5712080001831,854.7828674316406,166.43654108047485,850.2532958984375,122.96199917793274,849.6642303466797,83.41637849807739,906.6364288330078,232.15055465698242,908.8905334472656,152.39768743515015,909.6689605712891,101.10845446586609,911.2691497802734,55.07989168167114,945.872802734375,247.10084438323975,957.000732421875,173.54246377944946,961.8830108642578,126.45840883255005,965.3848266601562,82.0185399055481,982.4029541015625,275.9508991241455,1005.0297546386719,226.1424708366394,1017.9976654052734,191.6207242012024,1028.1878662109375,156.58602118492126,11,1787822197.1349242
897.8208160400391,407.48836040496826,840.0460815429688,376.08595848083496,794.2377471923828,328.05810928344727,765.4855346679688,285.2632713317871,738.8946533203125,246.271870136261,861.0806274414062,236.91808462142944,852.8024291992188,167.7096676826477,848.4239196777344,124.06134009361267,847.8078460693359,84.33726668357849,904.6321105957031,233.6139464378357,906.5625,153.60593676567078,907.5619506835938,102.22434997558594,909.4598388671875,55.78810214996338,944.0625762939453,248.67088079452515,955.1523590087891,175.66710591316223,960.1789093017578,128.28086256980896,963.546142578125,83.24474930763245,981.0720825195312,277.5059151649475,1004.5196533203125,227.43838548660278,1017.6157379150391,192.8738522529602,1027.3759460449219,157.62370347976685,12,1787822197.183201
893.9228820800781,410.5914831161499,835.8023071289062,379.66896057128906,789.7631072998047,332.9229712486267,758.6707305908203,290.34303188323975,730.5958557128906,250.80437421798706,853.7625122070312,239.82137203216553,843.9566040039062,170.15363216400146,838.9519500732422,125.63870429992676,838.2609558105469,84.76248264312744,898.2982635498047,235.86599349975586,899.7470855712891,156.22852563858032,900.0602722167969,104.45024013519287,901.6593933105469,57.10474491119385,938.0348968505859,250.7119345664978,947.4166870117188,178.46481084823608,951.6031646728516,130.1267910003662,954.8883819580078,84.53426957130432,974.6678161621094,279.3080163002014,997.4107360839844,228.9048671722412,1011.3629913330078,194.36936616897583,1022.3589324951172,159.65068101882935,13,1787822197.2536302
891.5304565429688,412.5079536437988,832.3941040039062,381.42595767974854,785.5460357666016,334.6567726135254,754.3619537353516,292.32818841934204,726.9065093994141,253.22786808013916,851.3179016113281,241.36452198028564,841.6255187988281,171.3332462310791,836.3632202148438,126.79996132850647,835.1268005371094,86.25667691230774,895.2061462402344,237.06024169921875,896.6835021972656,156.85213923454285,896.7965698242188,104.6283495426178,897.6978302001953,57.5884222984314,934.8966979980469,251.30717039108276,945.0380706787109,177.0362663269043,948.9810180664062,128.8645327091217,951.4348602294922,83.47783327102661,972.0515441894531,279.47957038879395,995.4221343994141,228.6763858795166,1008.8039398193359,193.80101680755615,1018.9665985107422,158.6013901233673,14,1787822197.3020556
888.4204864501953,413.7823247909546,829.9052429199219,382.62574195861816,783.1618499755859,335.9219169616699,751.4390563964844,293.99800300598145,723.4526062011719,255.2286672592163,848.3753967285156,241.9269061088562,838.4800720214844,171.94425344467163,832.9225921630859,127.47300267219543,831.5901947021484,86.78567290306091,892.3924255371094,237.80147552490234,893.5421752929688,157.20642685890198,893.6393737792969,104.77849960327148,894.7675323486328,57.290332317352295,932.3971557617188,252.3641538619995,942.0919036865234,177.80906438827515,946.2490081787109,129.41410660743713,949.0298461914062,83.57606649398804,969.9693298339844,280.85835456848145,993.4140014648438,229.85990524291992,1006.8881225585938,194.93565559387207,1017.0292663574219,159.53961610794067,15,1787822197.3581686
887.2259521484375,415.01957416534424,827.5032806396484,383.83376598358154,779.7359466552734,337.8764748573303,747.5719451904297,296.0999321937561,719.4393920898438,256.9945693016052,845.8173370361328,243.38770151138306,835.0517272949219,172.850239276886,828.8980865478516,127.89635181427002,827.0549011230469,86.7526924610138,889.9697875976562,239.07934427261353,890.8069610595703,158.24779987335205,890.4904937744141,105.43855905532837,891.3582611083984,57.43532180786133,929.837646484375,253.4821629524231,939.3141174316406,179.11434531211853,943.0458068847656,130.22095799446106,945.5204772949219,83.95275592803955,967.154541015625,281.75597190856934,990.6681823730469,230.8175826072693,1004.0947723388672,195.67731857299805,1014.2723846435547,160.09526252746582,16,1787822197.4172642
880.9443664550781,420.22709369659424,819.9481201171875,392.63784885406494,773.0045318603516,347.03900814056396,742.1875762939453,304.5444059371948,711.383056640625,265.44384956359863,836.7352294921875,247.58997201919556,826.0031890869141,176.51795625686646,819.6248626708984,130.54736137390137,817.6052856445312,87.87146329879761,882.8366851806641,243.22503089904785,883.9678955078125,161.35756373405457,883.4627532958984,107.18012809753418,883.9048767089844,56.72796964645386,923.7429046630859,258.3698558807373,932.6914215087891,182.0798921585083,936.1798095703125,131.79257154464722,938.8675689697266,83.71384620666504,961.1395263671875,287.21527576446533,983.782958984375,234.13869380950928,997.8188323974609,197.60217905044556,1009.3204498291016,160.52268862724304,17,1787822197.4722059
878.9628601074219,423.0534553527832,819.0480804443359,393.4199810028076,771.1647796630859,346.20211601257324,737.7108001708984,304.222047328949,706.8042755126953,266.1138439178467,835.6884765625,247.04453945159912,825.0835418701172,174.82099771499634,819.3681335449219,128.5445237159729,817.6235961914062,86.54148459434509,881.3136291503906,242.9373264312744,883.050537109375,159.6591031551361,884.0114593505859,105.03966093063354,885.4830169677734,56.21184825897217,922.4198150634766,257.8638195991516,931.7145538330078,181.54608964920044,935.2304077148438,131.7117726802826,937.7082824707031,84.6491003036499,960.4585266113281,286.4098834991455,982.7939605712891,233.83702039718628,996.0014343261719,197.32874393463135,1006.6693115234375,160.11257886886597,18,1787822197.5101404
877.0140075683594,425.0241708755493,817.4820709228516,395.79251289367676,769.5586395263672,348.56218099594116,736.3018798828125,306.1219310760498,704.5204925537109,267.85592794418335,833.6968994140625,248.28700304031372,823.8423156738281,175.44259428977966,818.7369537353516,129.13986682891846,817.6865386962891,86.70570015907288,879.3093872070312,243.35716724395752,881.6686248779297,159.6252429485321,883.2384490966797,104.99582290649414,885.3422546386719,55.56852579116821,920.3188323974609,257.92799949645996,930.3719329833984,181.02327346801758,934.6193695068359,131.7713499069214,937.4217987060547,84.99380707740784,958.0218505859375,286.5827250480652,981.4046478271484,234.3147325515747,995.6440734863281,198.1176996231079,1007.2087097167969,161.27373933792114,19,1787822197.545648
870.8393096923828,427.08359241485596,811.2864685058594,398.4056282043457,763.8189697265625,350.59306383132935,732.9258728027344,307.9524636268616,702.1535491943359,270.2357769012451,828.9614105224609,249.6437931060791,819.4526672363281,177.03476428985596,814.5335388183594,130.26939868927002,813.7834930419922,87.36582398414612,874.4122314453125,245.4914116859436,878.7169647216797,161.59432768821716,881.08154296875,106.53924107551575,884.0448760986328,56.517770290374756,914.8733520507812,260.702862739563,925.7083129882812,184.28913116455078,930.172119140625,134.32637929916382,933.6458587646484,87.14211702346802,952.0405578613281,289.72511529922485,976.8836212158203,236.41114711761475,991.9637298583984,200.1266098022461,1004.4701385498047,163.58044981956482,20,1787822197.6026518
863.8951873779297,427.065954208374,803.9717864990234,399.30161476135254,755.9552001953125,353.06679010391235,725.6260681152344,310.3133225440979,696.3892364501953,271.30632162094116,820.6941986083984,251.57202243804932,811.0190582275391,179.38990473747253,806.0479736328125,132.8927493095398,805.5628204345703,89.97986197471619,866.3736724853516,246.90731763839722,873.1263732910156,163.32071542739868,876.0997009277344,108.92977595329285,879.5062255859375,58.95216464996338,906.4980316162109,261.975839138031,918.6839294433594,185.3739881515503,923.6014556884766,135.33102750778198,927.6242828369141,88.03886532783508,943.1334686279297,291.2350058555603,968.6191558837891,237.38532543182373,984.2924499511719,201.00231885910034,997.0207214355469,164.83541250228882,21,1787822197.6558359
850.4303741455078,426.0478734970093,790.8500671386719,399.2954349517822,744.0427398681641,353.8108563423157,716.2696838378906,311.0505437850952,687.5910186767578,272.33163356781006,810.0521087646484,251.11772060394287,802.1311950683594,179.1687512397766,797.6826477050781,133.2293665409088,797.4419403076172,90.99170923233032,856.2667083740234,248.38523626327515,864.1001892089844,164.67964053153992,867.3965454101562,111.43333911895752,870.6222534179688,62.664406299591064,896.2269592285156,264.7258758544922,909.2125701904297,187.95839309692383,914.1735076904297,138.06746006011963,917.9758453369141,91.27495050430298,931.9296264648438,294.8286509513855,957.1772766113281,240.02702236175537,972.7399444580078,202.9804801940918,985.1576232910156,166.3692820072174,22,1787822197.6975617
838.6388397216797,425.0938653945923,778.5197448730469,399.3347454071045,731.3861083984375,353.48289728164673,704.5760345458984,310.34295558929443,675.9375762939453,271.24018907546997,797.9875946044922,251.59103393554688,790.6721496582031,178.82373332977295,787.2708892822266,132.61786580085754,787.8914642333984,89.89594101905823,844.0233612060547,249.29967641830444,853.2231903076172,166.11644625663757,857.6425933837891,113.89368653297424,862.0169830322266,65.9184193611145,883.8986968994141,265.6359815597534,897.51953125,189.24602508544922,902.4015808105469,139.94805335998535,906.0824584960938,93.5854160785675,920.0871276855469,295.4676389694214,945.4885864257812,241.10859632492065,960.8692932128906,204.00761604309082,973.0304718017578,167.17893362045288,23,1787822197.7487464
791.8339538574219,439.1671371459961,734.55322265625,415.6018924713135,687.5034332275391,372.13534355163574,654.3701934814453,332.146053314209,620.3484344482422,296.6405153274536,742.8522491455078,264.2045187950134,725.4509735107422,193.13031435012817,717.2381591796875,146.52687907218933,713.9578247070312,105.11681199073792,788.2096099853516,258.7379193305969,790.3994750976562,177.14295387268066,791.5802764892578,124.43682789802551,792.9240417480469,78.71137619018555,829.0744018554688,274.1360092163086,840.4703521728516,199.30038213729858,844.4757080078125,151.42672777175903,845.3944396972656,107.51791477203369,867.3623657226562,305.2771210670471,896.1268615722656,255.05571842193604,912.8013610839844,219.91230010986328,924.442138671875,184.14143800735474,24,1787822197.8019705
786.9484710693359,445.31707763671875,728.3237457275391,422.94934272766113,682.0636749267578,381.30043029785156,648.0974578857422,342.502920627594,611.4756011962891,308.2522702217102,735.076904296875,275.6078338623047,712.9044342041016,203.53050470352173,703.7100219726562,156.0210084915161,700.528564453125,114.2442512512207,782.0597839355469,269.3206715583801,780.4864501953125,186.8080472946167,780.3234100341797,134.19686079025269,780.4518890380859,88.50465774536133,824.2987823486328,283.61188888549805,836.1487579345703,207.08604097366333,841.9569396972656,157.5505542755127,845.2362823486328,111.87031388282776,862.7639770507812,312.9574656486511,895.3585052490234,264.16104555130005,916.3003540039062,230.13357639312744,932.3930358886719,195.61633586883545,25,1787822197.8573086
788.0718994140625,449.2982482910156,727.3648834228516,430.0256538391113,680.6475830078125,393.4539270401001,645.662841796875,358.48899364471436,608.6378479003906,325.4575037956238,730.7076263427734,282.4582815170288,705.3691101074219,211.91511154174805,694.9431610107422,164.90808963775635,690.4861450195312,122.8999650478363,779.6318817138672,274.3160605430603,775.9562683105469,192.10674047470093,775.0637054443359,139.47337746620178,774.5586395263672,93.25191020965576,823.4783172607422,288.88006925582886,838.2881164550781,213.07032823562622,845.9429931640625,162.53527879714966,850.721435546875,114.55980777740479,862.2763061523438,319.56947565078735,899.1983795166016,274.3427109718323,922.6653289794922,242.2437071800232,940.8258056640625,208.01908493041992,26,1787822197.9149601
789.6514129638672,452.9045104980469,730.8033752441406,435.99775314331055,682.9203796386719,402.9825496673584,646.6567230224609,371.2712001800537,608.5927200317383,343.6100506782532,732.0856475830078,288.3827877044678,704.6174621582031,217.4202275276184,692.9846954345703,170.67888379096985,687.2586059570312,128.73130202293396,781.6037750244141,278.4589147567749,776.2229919433594,196.6695213317871,773.6822509765625,143.48474979400635,771.8457794189453,96.61773920059204,825.70068359375,292.7774906158447,842.0257568359375,218.3270502090454,849.7053527832031,167.3619782924652,854.7963714599609,120.04621267318726,864.2121124267578,324.8214340209961,906.9144439697266,284.2721629142761,933.4236907958984,253.9420223236084,954.5001983642578,221.94470643997192,27,1787822197.9578586
791.4316558837891,457.7053642272949,732.5734710693359,439.3349361419678,683.3708190917969,404.4066095352173,646.2654876708984,373.04789543151855,607.6100158691406,347.1992540359497,731.8650054931641,289.87645626068115,703.5895538330078,219.9885392189026,691.6996765136719,173.06066393852234,685.9815979003906,130.9092879295349,781.5004730224609,279.5131301879883,774.4486236572266,197.15821981430054,771.4632415771484,143.44937682151794,769.4248199462891,95.63768148422241,826.2557983398438,294.21908140182495,842.6844787597656,218.87741804122925,851.3329315185547,168.0846619606018,857.0799255371094,119.90675926208496,865.772705078125,327.5712561607361,911.56005859375,289.5857262611389,940.452880859375,260.56819438934326,963.4282684326172,229.18619871139526,28,1787822197.9914281
793.8240814208984,459.0666389465332,735.2570343017578,439.7338342666626,686.5773773193359,405.1058292388916,649.6199035644531,373.8777494430542,611.2291717529297,346.9267201423645,734.1515350341797,290.1806402206421,705.8383941650391,219.17083024978638,694.0755462646484,172.19755053520203,688.2087707519531,129.81671690940857,784.4760131835938,280.29324531555176,776.5763092041016,197.51617670059204,772.9813385009766,143.43349814414978,769.9497222900391,95.44863939285278,830.2652740478516,295.1808786392212,846.0322570800781,219.25194025039673,853.4679412841797,167.25138545036316,857.7104187011719,118.60852718353271,870.7646942138672,329.0536165237427,918.7045288085938,290.93326807022095,948.6676788330078,261.43978357315063,972.4165344238281,230.43975591659546,29,1787822198.024359
796.3487243652344,458.7492799758911,739.0898895263672,438.61988067626953,691.7841339111328,403.02499294281006,656.2081146240234,370.3254747390747,618.2108688354492,341.3971209526062,740.6147766113281,290.8841300010681,712.7589416503906,219.40810918807983,700.4861450195312,171.52559280395508,694.0888977050781,127.32099652290344,790.6040954589844,280.3343367576599,784.6369934082031,196.6880178451538,781.6145324707031,141.978657245636,778.4169769287109,93.12973022460938,835.9976196289062,294.9491786956787,853.3710479736328,218.71594905853271,860.9549713134766,165.92540860176086,864.8018646240234,116.83953523635864,876.1509704589844,328.98096084594727,926.5592193603516,291.5248990058899,958.0682373046875,263.1208634376526,983.0556488037109,234.0777325630188,30,1787822198.049475
800.2850341796875,459.34181213378906,742.3522186279297,438.25334072113037,695.8355712890625,399.70441818237305,661.6288757324219,365.11383533477783,623.2246398925781,335.2355933189392,746.6532135009766,288.7567949295044,717.9119110107422,216.97545289993286,706.0572052001953,168.26003551483154,700.2032470703125,123.5331916809082,796.8102264404297,278.72174978256226,792.1010589599609,194.6381664276123,789.8174285888672,139.2645514011383,787.3556518554688,89.75233554840088,841.8159484863281,294.6117568016052,860.6037902832031,217.9529571533203,869.4590759277344,164.8258638381958,874.8652648925781,115.40792226791382,880.8600616455078,330.1204490661621,932.4236297607422,294.2454528808594,964.9594116210938,266.17770195007324,991.2008666992188,237.27078437805176,31,1787822198.1088386
809.2118072509766,452.51020431518555,752.1923065185547,426.1655044555664,705.3257751464844,383.34062576293945,672.7250671386719,344.7611474990845,636.2941360473633,313.8219738006592,760.3512573242188,275.74378967285156,738.9457702636719,203.6685848236084,729.8606109619141,153.4882950782776,726.3645172119141,108.77926111221313,811.7001342773438,270.01338958740234,815.2214813232422,186.03707313537598,817.7274322509766,128.74420881271362,819.7896575927734,78.25372695922852,856.1143493652344,288.606333732605,874.5310974121094,212.38054990768433,881.8472290039062,158.4296429157257,886.7372894287109,107.9942536354065,893.9157104492188,326.4955401420593,946.8136596679688,289.65977668762207,981.7316436767578,260.2995014190674,1010.6909942626953,230.08508205413818,32,1787822198.153874
810.5441284179688,453.43138217926025,752.2381591796875,427.6179313659668,706.4022827148438,384.00023460388184,675.3254699707031,343.91157388687134,640.0400543212891,309.38705921173096,763.3732604980469,273.45157384872437,740.6761169433594,201.23328924179077,732.4819183349609,151.61097407341003,730.6568145751953,106.82714939117432,814.3137359619141,267.8749394416809,816.2940979003906,184.06097173690796,818.1280517578125,127.98112034797668,820.1115417480469,77.86581516265869,858.5160827636719,286.63089752197266,877.5960540771484,211.16714000701904,885.7582855224609,157.65913009643555,891.3777923583984,107.85018682479858,896.1066436767578,324.0670680999756,948.6749267578125,286.55131101608276,983.1536102294922,257.31016874313354,1011.4671325683594,226.8823742866516,33,1787822198.2038064
812.0706939697266,453.6827802658081,753.1283569335938,428.062105178833,707.4028778076172,383.96873474121094,677.1884155273438,343.2507848739624,643.2572174072266,307.26189136505127,765.1039886474609,272.9593777656555,744.0708160400391,199.80289936065674,736.5184783935547,149.70147728919983,734.7381591796875,104.83486890792847,816.3388824462891,267.165892124176,819.2341613769531,182.68568515777588,821.7160797119141,126.55049443244934,824.0362548828125,76.74351453781128,860.7197570800781,285.65749168395996,879.515380859375,209.21206712722778,888.1056976318359,155.49684047698975,893.9667510986328,105.95845699310303,898.40087890625,322.72066354751587,949.6607208251953,284.5537304878235,983.4101104736328,254.88386392593384,1011.0804748535156,224.38392877578735,34,1787822198.246478
812.7743530273438,451.9108486175537,754.3885040283203,425.6162738800049,709.1825103759766,381.45252227783203,679.0367126464844,341.34424924850464,645.1509094238281,305.27388095855713,766.6020202636719,271.31145000457764,746.3526916503906,198.22131872177124,739.4664001464844,148.00699710845947,738.3673095703125,102.92432069778442,818.1523895263672,266.1416959762573,822.1056365966797,182.12804317474365,825.3493499755859,126.43152236938477,828.0910491943359,76.73426628112793,862.4082946777344,284.8391604423523,881.8434906005859,208.59565258026123,890.8026123046875,155.02195000648499,896.8405151367188,105.0678563117981,899.6897888183594,321.6529941558838,950.4714202880859,282.8051233291626,984.1799926757812,252.66690015792847,1011.7233276367188,221.3602638244629,35,1787822198.2956028
814.1788482666016,449.9004793167114,755.5823516845703,424.1157817840576,710.2555084228516,380.7149362564087,680.0168609619141,341.0115051269531,646.0430908203125,305.1989507675171,767.9264831542969,271.1112070083618,747.9257202148438,197.88454055786133,741.2854766845703,147.45043873786926,740.6791687011719,102.13772535324097,819.6098327636719,265.57109355926514,824.1376495361328,180.88186740875244,828.0068206787109,124.75069999694824,831.5000915527344,75.05151271820068,863.8665771484375,284.05001163482666,883.8602447509766,207.99616813659668,893.2972717285156,154.35336112976074,899.7785949707031,104.61522817611694,900.9056091308594,320.26386737823486,950.6491088867188,279.8118853569031,984.0860748291016,249.37673091888428,1011.2584686279297,217.71737337112427,36,1787822198.356332
814.6510314941406,446.63084506988525,756.22802734375,421.27856254577637,711.9101715087891,379.09943103790283,681.4652252197266,339.93572473526,647.3074340820312,304.04532194137573,769.0234375,269.77171182632446,749.4297790527344,195.98497867584229,742.9240417480469,145.190087556839,742.1828460693359,99.5484709739685,820.5377960205078,264.31363105773926,825.0802612304688,179.7039806842804,828.5092163085938,123.80571484565735,831.0700225830078,73.83960485458374,864.3681335449219,283.0427026748657,886.6342926025391,206.40812873840332,897.3968505859375,152.5396728515625,904.2922973632812,101.88913822174072,901.0446166992188,319.5208740234375,951.0109710693359,278.6893916130066,983.6907196044922,247.17592477798462,1009.7686004638672,213.766930103302,37,1787822198.3952434
816.259765625,445.4303312301636,757.6156616210938,420.55840015411377,712.4831390380859,378.08165073394775,682.5594329833984,338.1242036819458,648.865966796875,301.24314308166504,769.6440124511719,268.15680742263794,751.2860107421875,194.95612621307373,745.3654479980469,144.54804182052612,744.8486328125,99.14940118789673,821.5858459472656,263.21463346481323,827.5791931152344,178.25112462043762,832.3105621337891,122.16021180152893,836.1418151855469,71.77505493164062,865.7194519042969,282.5450348854065,887.6472473144531,205.1553440093994,899.1505432128906,151.37731075286865,907.0478820800781,100.34064531326294,902.7175903320312,319.28056955337524,951.0261535644531,277.19029426574707,982.9475402832031,245.61777591705322,1008.5751342773438,211.87030792236328,38,1787822198.4405875
817.4350738525391,438.4633684158325,764.7305297851562,419.1832208633423,716.7335510253906,383.39075088500977,676.7452239990234,353.4652376174927,636.4147186279297,329.5112657546997,777.4751281738281,310.9585976600647,757.1210479736328,251.55189514160156,749.6885681152344,213.73536586761475,749.871826171875,177.78823971748352,831.0430145263672,308.6654806137085,842.1161651611328,244.57042694091797,851.4280700683594,200.77194929122925,863.37158203125,159.6937358379364,873.3526611328125,325.9512448310852,903.7036895751953,272.8999185562134,920.7229614257812,236.4693832397461,934.7789001464844,199.31336402893066,905.7666015625,359.31944847106934,955.9230041503906,348.264262676239,988.6183929443359,340.3583335876465,1015.3971862792969,329.09269094467163,39,1787822198.4926598
820.8460998535156,439.0514373779297,764.6853637695312,429.3339014053345,717.9352569580078,391.5772819519043,681.1496734619141,364.28496837615967,645.4106140136719,342.49324321746826,780.5051422119141,334.45446968078613,771.5269470214844,284.9762964248657,767.958984375,271.0644721984863,768.3505249023438,263.9026951789856,835.3795623779297,334.4418740272522,857.5225067138672,291.59785509109497,865.142822265625,282.77624130249023,874.3384552001953,278.51974725723267,877.8024291992188,350.6799244880676,915.6329345703125,324.56297636032104,934.3868255615234,312.6174259185791,952.3239135742188,297.738676071167,908.8031005859375,380.9597682952881,947.5440216064453,387.8287982940674,974.7919464111328,393.71240615844727,1001.3639831542969,394.59654808044434,40,1787822198.534862
840.1341247558594,445.6347370147705,777.4838256835938,438.2027006149292,721.2770843505859,406.38041496276855,680.8250427246094,375.9651517868042,648.5491180419922,352.6682996749878,795.5249786376953,320.5796813964844,792.0753479003906,322.761390209198,792.8579711914062,339.1314697265625,801.5419769287109,342.86115646362305,849.7087860107422,324.2157053947449,855.1628112792969,332.62237071990967,853.0023193359375,340.40961742401123,863.4550476074219,343.660089969635,892.1562957763672,344.57403659820557,904.2204284667969,359.2463421821594,913.2255554199219,359.6568703651428,933.8474273681641,353.893404006958,922.6069641113281,376.2616539001465,945.8829498291016,399.83380794525146,966.6941833496094,411.951642036438,994.1001892089844,416.48963928222656,41,1787822198.5857263
837.3120880126953,437.21277236938477,781.77978515625,431.27363204956055,725.0691986083984,405.6627416610718,683.3740234375,381.0317373275757,652.6778411865234,355.87624311447144,793.4735870361328,332.2820734977722,788.2607269287109,327.27848768234253,784.5749664306641,336.75288677215576,789.0190887451172,353.56969356536865,846.0064697265625,334.40685510635376,857.6520538330078,330.2839779853821,860.0860595703125,336.9983196258545,871.3913726806641,358.7944436073303,886.0476684570312,352.21904039382935,903.7918853759766,356.1128568649292,913.1183624267578,356.1229205131531,930.8749389648438,362.7362823486328,914.01611328125,385.11380195617676,943.3637237548828,406.55134677886963,967.6807403564453,414.6668529510498,995.77392578125,423.01259994506836,42,1787822198.632259
840.6495666503906,440.5698251724243,781.6474914550781,434.93722915649414,725.8566284179688,408.24427127838135,686.6690063476562,381.5605401992798,656.3542938232422,353.6523699760437,794.6233367919922,341.40291452407837,791.3818359375,317.1103620529175,788.4264373779297,325.900239944458,796.3267517089844,343.17596197128296,848.7015533447266,343.96496057510376,861.0624694824219,324.53866481781006,861.8210601806641,334.4401788711548,872.529296875,358.3888292312622,889.1246795654297,361.86119556427,907.3323059082031,356.579647064209,920.0987243652344,355.7216191291809,940.7067108154297,362.0738410949707,917.3269653320312,394.2188501358032,946.9066619873047,409.5811700820923,973.8711547851562,416.99071884155273,1003.5444641113281,425.8215808868408,43,1787822198.6587102
840.9957122802734,442.0165014266968,778.0433654785156,437.8498935699463,724.208984375,409.1654920578003,687.7094268798828,380.7643747329712,657.7530670166016,350.32346963882446,790.0326538085938,355.95128059387207,790.6094360351562,323.02903175354004,789.1941070556641,324.22430992126465,796.8208312988281,334.8356866836548,845.2822875976562,358.842294216156,862.8015899658203,328.23161602020264,867.3641204833984,331.29411935806274,879.1133880615234,346.5991687774658,885.7399749755859,374.73408222198486,913.1346893310547,362.2835683822632,934.7095489501953,361.3626480102539,959.7455596923828,365.06529808044434,915.0530242919922,404.3898296356201,950.1557922363281,412.7981901168823,980.5309295654297,420.85099697113037,1010.4129791259766,428.3271074295044,44,1787822198.7074926
838.0722808837891,438.4822940826416,775.7559204101562,433.8216018676758,722.9965209960938,405.3022527694702,687.2848510742188,378.85786056518555,655.2438354492188,349.3310308456421,789.6598052978516,350.900981426239,790.6206512451172,320.464346408844,789.9350738525391,322.43916034698486,797.2555541992188,336.4845585823059,845.0563812255859,352.4228882789612,867.7390289306641,330.6339740753174,875.9904479980469,336.02208137512207,889.6055603027344,353.0418562889099,885.6508636474609,368.1567907333374,917.5353240966797,364.0024137496948,942.1748352050781,369.64548110961914,968.7501525878906,379.5027494430542,915.3836822509766,397.8017234802246,949.7646331787109,408.79616260528564,981.0457611083984,417.72997856140137,1011.70166015625,427.304048538208,45,1787822198.7575014
839.4333648681641,442.04495429992676,776.5116119384766,435.99268913269043,723.4181976318359,407.62388706207275,688.3946990966797,379.74796772003174,657.8413391113281,348.5337710380554,791.3691711425781,356.63668155670166,793.4623718261719,324.7578763961792,789.7735595703125,326.23703956604004,793.0511474609375,336.71518564224243,845.0630187988281,360.7575845718384,864.1335296630859,333.86614322662354,870.5540466308594,335.86544036865234,883.1611633300781,347.68447637557983,885.4452514648438,376.61317348480225,915.9051513671875,365.86897373199463,939.5282745361328,367.3847436904907,965.7144165039062,371.8090581893921,915.7997131347656,405.61956882476807,952.1111297607422,410.4808044433594,983.7342834472656,417.6535892486572,1014.9201965332031,424.05874729156494,46,1787822198.7957158
843.9199066162109,442.1763610839844,778.5955810546875,436.77477836608887,724.6274566650391,406.56314849853516,686.8869781494141,378.6803197860718,654.6536254882812,349.1699481010437,791.8088531494141,356.7653203010559,792.5962829589844,323.23204278945923,787.9324340820312,324.7390365600586,788.8494873046875,339.84463691711426,844.6568298339844,360.7490873336792,864.9137878417969,324.162232875824,866.9635772705078,324.4576406478882,873.7522888183594,341.58069133758545,885.0481414794922,377.2630834579468,912.9258728027344,356.74427032470703,929.7202301025391,356.4972925186157,949.4134521484375,364.4839668273926,914.1259002685547,408.0105972290039,952.9743957519531,410.9986209869385,983.6805725097656,416.9365167617798,1013.2986450195312,425.1042079925537,47,1787822198.844016
846.1664581298828,448.225793838501,784.3923950195312,441.57378673553467,725.8081817626953,410.45037746429443,683.8930511474609,382.21036434173584,648.1144714355469,351.3453269004822,792.9302215576172,358.4700679779053,785.8000946044922,326.89072608947754,775.7553863525391,329.462513923645,773.2946014404297,346.3194680213928,848.5863494873047,357.0810914039612,863.4687042236328,331.2444233894348,859.3444061279297,343.22739601135254,862.0546722412109,372.7902317047119,892.1812438964844,370.69489002227783,917.5998687744141,368.32746505737305,929.5111846923828,377.64777660369873,945.1753234863281,391.99347496032715,924.1426086425781,400.58984756469727,957.04345703125,418.31122398376465,984.1755676269531,429.8866081237793,1013.3204650878906,441.32856845855713,48,1787822198.888166
848.1223297119141,444.90384578704834,787.0685577392578,438.7819719314575,727.8115844726562,407.47299671173096,683.9435577392578,381.9615411758423,648.3912658691406,353.50879669189453,796.1528778076172,353.3691930770874,789.0299987792969,326.170392036438,776.0697937011719,332.5897979736328,771.6792297363281,351.7440104484558,853.8404083251953,353.7939476966858,871.2039947509766,332.1162486076355,865.4308319091797,347.51094818115234,867.6565551757812,378.5398578643799,897.1893310546875,368.5580062866211,922.3265075683594,371.4768934249878,932.0078277587891,383.36405754089355,946.5473175048828,399.0662670135498,926.5003204345703,398.98502826690674,957.3871612548828,417.69418716430664,981.7962646484375,430.9603500366211,1008.4809875488281,443.07899951934814,49,1787822198.93242
845.5565643310547,449.48312759399414,785.9915161132812,441.19428634643555,726.3119506835938,404.91708755493164,681.7849731445312,378.27940464019775,646.8182373046875,350.3268814086914,798.0155944824219,348.7285852432251,791.2564849853516,320.5266809463501,776.7842864990234,329.45189237594604,771.1247253417969,351.11300468444824,855.4106903076172,347.9350805282593,873.0170440673828,330.8434867858887,864.4068145751953,350.2277684211731,864.0098571777344,383.5112142562866,898.7241363525391,363.1806707382202,921.5343475341797,369.572696685791,928.1859588623047,382.42283821105957,941.4024353027344,396.5110445022583,928.2862854003906,393.8391351699829,957.7500915527344,417.2678232192993,981.0941314697266,431.3077926635742,1008.7436676025391,442.44415283203125,50,1787822198.9905796
844.111328125,445.79197883605957,785.0031280517578,440.8195924758911,725.7785034179688,407.58903980255127,684.4451904296875,380.7905960083008,654.5063781738281,352.4215793609619,797.1980285644531,347.2623610496521,791.2352752685547,323.5072374343872,777.4449920654297,331.3439869880676,772.1089935302734,351.8870258331299,854.8612976074219,348.5662794113159,878.4598541259766,327.867329120636,872.9537963867188,348.38672161102295,874.5613861083984,385.8364534378052,897.4839782714844,365.01083850860596,924.3638610839844,373.701753616333,932.2655487060547,394.12035942077637,945.6708526611328,415.0474262237549,926.1175537109375,396.25269412994385,959.5392608642578,418.9381742477417,984.1439819335938,433.61226081848145,1011.2138366699219,445.5737113952637,51,1787822199.0328128
846.4902496337891,446.71178340911865,786.4850616455078,443.1671476364136,725.6639862060547,408.4474754333496,683.1167602539062,380.1956605911255,653.2620239257812,351.6403913497925,793.5693359375,349.5961618423462,791.6368865966797,326.6257667541504,780.6435394287109,331.0867738723755,777.0794677734375,347.5373840332031,852.3623657226562,349.47121381759644,878.1622314453125,329.1998291015625,872.0710754394531,350.8288836479187,872.7101898193359,389.2385673522949,896.2799072265625,364.455041885376,922.1657562255859,375.9660530090332,927.5834655761719,399.3872308731079,939.4856262207031,420.49145221710205,926.5335083007812,393.50422382354736,959.2866516113281,419.6546459197998,983.1672668457031,435.9112358093262,1010.2555847167969,446.90181255340576,52,1787822199.0823617
847.8558349609375,443.9226293563843,785.5805969238281,438.89805793762207,721.9415283203125,402.7686595916748,677.8099060058594,380.35792350769043,644.8194885253906,354.9624037742615,794.4004821777344,353.8214135169983,792.1736907958984,320.7287263870239,778.7296295166016,328.7958025932312,772.4193572998047,352.15919494628906,851.3771820068359,357.30313539505005,877.0886993408203,325.8670449256897,874.4431304931641,350.36166429519653,878.2695007324219,392.01085567474365,893.5228729248047,373.2349634170532,922.2671508789062,369.26568031311035,931.9172668457031,392.764835357666,944.9797058105469,416.3669013977051,922.7303314208984,403.07061195373535,958.6357879638672,418.5145139694214,985.5291748046875,435.4369354248047,1012.9358673095703,448.674259185791,53,1787822199.1284003
846.4832305908203,446.09285831451416,783.4797668457031,442.8404760360718,722.1477508544922,405.5812883377075,680.0471496582031,378.7599277496338,645.1377868652344,353.6538505554199,789.4686126708984,363.96735191345215,790.4564666748047,319.91981506347656,777.4134063720703,331.0853147506714,768.5037994384766,361.5327215194702,848.8362121582031,364.64794635772705,874.4843292236328,324.35011625289917,868.8147735595703,354.13606882095337,869.2249298095703,399.24848556518555,891.5552520751953,377.241153717041,926.1785888671875,362.46437072753906,936.4768981933594,387.6912546157837,947.2004699707031,415.40109157562256,922.1434020996094,404.5975399017334,959.3656158447266,419.4807958602905,988.9596557617188,436.6722106933594,1017.1298217773438,450.44074058532715,54,1787822199.1822894
847.1004486083984,442.95063972473145,785.3773498535156,440.5998659133911,722.9404449462891,409.3146228790283,680.0801849365234,384.76550102233887,644.5649719238281,354.94502305984497,789.3185424804688,366.9482946395874,789.5953369140625,324.2196321487427,778.8561248779297,334.7148585319519,770.6974792480469,363.30795764923096,848.3059692382812,367.5606966018677,869.1741943359375,325.7479763031006,864.0886688232422,355.99576234817505,863.3561706542969,402.3943519592285,891.69189453125,379.3685531616211,922.2783660888672,364.77441787719727,936.3603973388672,393.89745712280273,949.2170715332031,425.9068536758423,923.2749176025391,406.8340730667114,957.3634338378906,418.85998249053955,988.3098602294922,435.5380868911743,1017.9387664794922,450.7097339630127,55,1787822199.2324073
847.7565765380859,444.181923866272,786.7813110351562,442.76644706726074,723.1915283203125,412.827844619751,679.9821472167969,386.47610664367676,646.4251708984375,355.86862564086914,789.6108245849609,367.20964908599854,788.6890411376953,327.65687227249146,777.7610778808594,336.41276121139526,771.2987518310547,361.0218572616577,847.2505187988281,364.91376399993896,864.6951293945312,329.94887351989746,860.0093841552734,356.99395179748535,862.3325347900391,399.2585277557373,891.1690521240234,374.99101638793945,919.5825958251953,368.9784049987793,933.9856719970703,394.46707248687744,949.7412109375,423.1670951843262,924.1056060791016,401.5516662597656,957.8761291503906,417.536301612854,986.9973754882812,433.94172191619873,1016.6078186035156,448.74639987945557,56,1787822199.2812428
847.7227020263672,442.6893711090088,785.8995819091797,443.349666595459,722.0335388183594,414.5936393737793,677.9495239257812,392.83101081848145,644.2713928222656,362.16692447662354,786.7678833007812,368.5488224029541,786.5404510498047,332.1851062774658,776.4254760742188,341.2942314147949,770.5229949951172,366.03848934173584,845.390625,366.534161567688,864.7523498535156,328.66334438323975,860.5032348632812,356.5269684791565,862.7696990966797,401.0670232772827,889.3955993652344,375.8264493942261,917.4007415771484,366.38558864593506,931.5541076660156,393.9758634567261,946.5383911132812,425.5214738845825,921.7686462402344,401.2763214111328,956.4022827148438,414.6850061416626,986.4268493652344,432.0837450027466,1015.7115173339844,447.64605045318604,57,1787822199.334636
849.5296478271484,449.39558029174805,786.7192077636719,442.7344751358032,723.7283325195312,409.63223934173584,680.5392456054688,385.4383707046509,647.6423645019531,354.2116641998291,787.3907470703125,366.3332748413086,788.7409210205078,334.89248514175415,776.7498016357422,343.36270809173584,768.9105987548828,364.52855587005615,844.5025634765625,362.5323486328125,863.6252593994141,331.6169285774231,853.9627838134766,354.5903706550598,852.0180511474609,395.38455963134766,888.3993530273438,370.1963424682617,914.326171875,364.20154094696045,922.0333099365234,388.1854248046875,933.2835388183594,415.8834171295166,920.1616668701172,394.6021270751953,955.5992889404297,416.11584663391113,981.5312194824219,433.2245635986328,1009.1941833496094,446.555871963501,58,1787822199.3767002
847.0587158203125,449.7747802734375,789.4877624511719,440.58445930480957,731.2415313720703,404.6987771987915,687.6308441162109,379.7895097732544,651.8752288818359,350.6033205986023,797.0013427734375,360.3122091293335,794.5806884765625,327.4821424484253,780.6216430664062,339.01349544525146,771.0400390625,363.98370265960693,851.2399291992188,360.0481939315796,867.5456237792969,332.7892255783081,861.2309265136719,359.01532888412476,861.9779968261719,397.84124851226807,892.3396301269531,370.7641553878784,917.9606628417969,370.1649284362793,930.0921630859375,395.71191787719727,943.7510681152344,421.74458026885986,922.0696258544922,397.61027812957764,955.9431457519531,418.42143058776855,982.7550506591797,436.2285089492798,1010.943603515625,449.89387035369873,59,1787822199.4208817
848.0836486816406,449.60736751556396,792.2145843505859,443.9800500869751,730.9297180175781,409.0421533584595,684.2086029052734,381.04482650756836,645.67626953125,353.4432864189148,795.9302520751953,350.06114959716797,792.6636505126953,323.5810089111328,778.2540893554688,337.31810331344604,772.5180053710938,364.13618087768555,853.9240264892578,348.9801549911499,872.9653930664062,333.2107400894165,868.8444519042969,364.3472385406494,873.9443969726562,405.7805013656616,898.3971405029297,362.16456413269043,919.5261383056641,372.10920810699463,925.9278106689453,402.6528310775757,937.0733642578125,429.9093961715698,929.4164276123047,390.0745153427124,955.9281158447266,421.1318349838257,978.980712890625,439.36137199401855,1005.2082824707031,450.4942560195923,60,1787822199.467033
847.5491333007812,453.075270652771,789.5443725585938,441.5535306930542,729.9161529541016,405.9107494354248,682.7473449707031,380.71030139923096,647.1611022949219,353.4225797653198,794.8641204833984,346.3298749923706,790.4411315917969,329.967885017395,776.1873626708984,345.77824115753174,770.6655883789062,372.5450563430786,852.4233245849609,347.35660314559937,869.3687438964844,341.1476540565491,862.4655151367188,374.35651302337646,864.1655731201172,420.3215503692627,895.8290863037109,361.8445014953613,915.0553894042969,372.3827934265137,917.0468139648438,404.76821422576904,924.1776275634766,435.1274299621582,925.2206420898438,390.20317554473877,957.5631713867188,423.22747707366943,981.6192626953125,442.2485017776489,1007.9517364501953,452.8411674499512,61,1787822199.4968586
852.5276947021484,453.77174377441406,795.6549072265625,445.86124420166016,734.0988922119141,409.64962005615234,684.1084289550781,384.25553798675537,644.1583251953125,356.9231629371643,796.6028594970703,349.3783450126648,790.0021362304688,321.1658191680908,776.9813537597656,340.80615520477295,772.7365875244141,371.0049104690552,852.9515075683594,348.45105171203613,862.3062896728516,339.8965001106262,859.9396514892578,384.98926162719727,867.2297668457031,435.64541816711426,897.2061920166016,361.29956245422363,914.7781372070312,365.7183837890625,926.3735198974609,400.7100534439087,941.9284820556641,431.5532684326172,929.21630859375,388.0919551849365,956.8556213378906,419.4051790237427,981.4234924316406,441.91916942596436,1008.76708984375,454.5750331878662,62,1787822199.5569134
848.8515472412109,452.19125747680664,795.2361297607422,447.70883560180664,735.576171875,414.66745376586914,686.4920806884766,389.3239688873291,645.443115234375,359.0104150772095,792.6610565185547,352.7789354324341,781.0111236572266,330.447313785553,767.0806121826172,357.55987644195557,756.6703796386719,389.2141056060791,846.5375518798828,348.7181568145752,846.2697601318359,336.3214588165283,829.5587921142578,382.9114294052124,818.6338806152344,434.5377731323242,890.826416015625,355.8361601829529,902.8451538085938,360.443058013916,905.484619140625,405.8148765563965,908.1106567382812,447.23316192626953,922.9867553710938,378.37077140808105,949.0235900878906,407.84485816955566,967.2566223144531,446.08723640441895,984.942626953125,475.28529167175293,63,1787822199.5963995
846.5978240966797,452.09495544433594,791.5015411376953,445.76451301574707,731.7699432373047,414.681658744812,684.8731231689453,389.9027681350708,647.1551513671875,357.04148054122925,798.4653472900391,342.8707265853882,783.0843353271484,343.5984420776367,768.7007904052734,364.8436403274536,756.6806030273438,390.21223068237305,850.8401489257812,334.1590189933777,842.9866027832031,364.1161823272705,830.7778167724609,405.5055856704712,827.5257873535156,451.46435737609863,893.6086273193359,343.69467973709106,901.3602447509766,386.22698307037354,905.5301666259766,424.4766139984131,913.7715148925781,459.33855056762695,923.8538360595703,370.1046323776245,947.3269653320312,412.94092655181885,970.4235076904297,449.74122047424316,996.3156127929688,479.40550804138184,64,1787822199.6302624
850.4022216796875,446.4666938781738,794.7496795654297,443.67127418518066,733.6460113525391,415.10252952575684,685.4413604736328,392.41979598999023,644.1822052001953,362.0483064651489,800.9102630615234,357.8288698196411,787.5931549072266,341.22260570526123,765.7491302490234,361.1993980407715,751.1882019042969,387.1411657333374,854.7078704833984,354.7799277305603,861.8295288085938,350.0449275970459,843.7957763671875,382.55866527557373,836.2186431884766,423.7401866912842,895.2774810791016,365.33493518829346,920.4610443115234,384.1712522506714,932.1162414550781,418.309850692749,946.9113922119141,451.65945053100586,922.7654266357422,393.7157106399536,955.4071807861328,434.64016914367676,980.9498596191406,471.5203285217285,1008.4957122802734,500.3559637069702,65,1787822199.666331
867.4934387207031,469.61347103118896,799.8545074462891,454.06386852264404,734.0093231201172,419.7444677352905,681.3919067382812,391.53831481933594,636.9203186035156,357.7785086631775,797.6633453369141,352.59446382522583,787.8994750976562,352.88474321365356,760.8863830566406,366.7653465270996,742.496337890625,384.1304397583008,853.8878631591797,350.95784425735474,844.4587707519531,390.6312561035156,827.1862030029297,416.85742378234863,820.8781433105469,443.4039545059204,899.3138885498047,368.7676477432251,897.4652099609375,425.88844299316406,890.3411865234375,454.31118965148926,887.9526519775391,474.52736377716064,934.4883728027344,400.01641273498535,936.4330291748047,461.28458976745605,931.7884826660156,487.2313356399536,931.2541961669922,500.8754539489746,66,1787822199.714401
893.8230133056641,485.9996223449707,831.572265625,461.4379692077637,764.3733978271484,425.41894912719727,708.2907867431641,398.92147064208984,670.8594512939453,360.98713874816895,801.6620635986328,349.5128846168518,755.2891540527344,343.3831787109375,718.9163208007812,346.0997414588928,685.1487731933594,348.33080291748047,839.0667724609375,346.0243606567383,790.1119995117188,354.6589493751526,755.2867126464844,377.6737403869629,727.5244903564453,402.6277256011963,875.6322479248047,358.32488536834717,821.3544464111328,363.8080930709839,772.8054809570312,380.49817085266113,730.2711486816406,402.8350496292114,906.45263671875,384.612979888916,875.9931945800781,396.7169952392578,852.9039001464844,422.910418510437,829.5710754394531,449.68032360076904,67,1787822199.7577727
847.5064086914062,374.5752954483032,894.635009765625,422.98577785491943,925.2114868164062,459.3301820755005,946.0821533203125,484.74374771118164,966.2649536132812,490.383939743042,921.4240264892578,402.63038635253906,922.56591796875,456.13067150115967,912.3381805419922,512.5757217407227,899.9583435058594,550.8081007003784,879.5751190185547,375.5695581436157,857.8620910644531,426.95072650909424,832.6621246337891,467.30732917785645,812.6553344726562,494.9243402481079,830.0968933105469,360.0336027145386,789.9956512451172,388.1794595718384,751.6757965087891,411.2194633483887,719.7003936767578,435.6668758392334,777.1157073974609,357.7478241920471,730.7558441162109,367.7464771270752,695.8989715576172,374.8573350906372,664.6817779541016,385.6950044631958,68,1787822199.8085756
946.9416809082031,400.0375270843506,870.1746368408203,363.9480400085449,786.0574340820312,354.37538623809814,725.6977081298828,356.0611867904663,685.8039855957031,357.1861696243286,823.7905120849609,335.59189796447754,737.8472137451172,359.74233627319336,685.8373260498047,386.98795795440674,642.7320861816406,410.5448341369629,860.1047515869141,368.1204414367676,780.1062774658203,415.54726123809814,726.5554809570312,450.6866455078125,685.8885192871094,475.1198959350586,899.9251556396484,411.1942720413208,843.1141662597656,476.5820646286011,807.4122619628906,521.7995166778564,773.5957336425781,553.5282468795776,935.43701171875,457.05438137054443,906.6963195800781,520.622992515564,895.7781982421875,566.3620376586914,885.2409362792969,603.9241647720337,69,1787822199.8513362
941.0614776611328,385.3361463546753,870.6007385253906,347.4598789215088,789.3240356445312,320.3224468231201,725.831298828125,293.1811308860779,690.5245208740234,251.37823820114136,812.5249481201172,322.6582860946655,735.2768707275391,340.372838973999,679.9911499023438,356.0773229598999,632.6050186157227,368.35282802581787,849.7866058349609,359.98326301574707,764.2692565917969,416.58504009246826,703.7380218505859,443.9224147796631,658.2770538330078,463.5309076309204,890.7365417480469,404.3926191329956,819.7191619873047,474.66851234436035,776.1569213867188,515.3187417984009,743.3912658691406,545.8199214935303,925.17578125,448.75880241394043,881.7431640625,523.3422374725342,849.6556854248047,566.8890810012817,822.7313232421875,601.8370628356934,70,1787822199.904556
961.5083312988281,386.3071060180664,893.7767028808594,339.2798709869385,810.0230407714844,300.20686626434326,747.6815795898438,262.54281520843506,708.1170654296875,219.40512657165527,831.6148376464844,312.4596691131592,739.6575927734375,331.02385997772217,678.3669281005859,338.60185146331787,627.0696640014648,344.47335720062256,866.3518524169922,358.9807391166687,760.6283569335938,414.0589141845703,694.1751861572266,435.09047985076904,645.1527404785156,450.28324127197266,902.1178436279297,409.7226619720459,811.6622161865234,480.383677482605,757.288818359375,515.9821271896362,716.9257354736328,543.5671234130859,930.6874847412109,457.7317142486572,869.6180725097656,525.0891494750977,831.6237640380859,565.642261505127,799.1927337646484,599.734468460083,71,1787822199.9441438
1003.8355255126953,392.6553153991699,946.0189056396484,329.45929527282715,867.0448303222656,266.61908626556396,815.6990051269531,214.63796138763428,791.1152648925781,159.94430780410767,884.5829772949219,281.33819103240967,791.9065093994141,287.50229358673096,732.3282623291016,288.46505641937256,681.7527008056641,285.4068660736084,915.6593322753906,332.46403455734253,798.5247039794922,380.75767993927,735.0466918945312,394.3829584121704,688.6897277832031,398.0217933654785,942.3342132568359,389.3224239349365,836.915283203125,445.63679695129395,781.8678283691406,468.8266181945801,743.6992645263672,482.7289152145386,962.3931884765625,440.73161602020264,877.7552032470703,495.1447105407715,836.1952209472656,527.6332998275757,801.2626647949219,553.7840223312378,72,1787822199.9887993
1025.6700134277344,383.4019947052002,968.4344482421875,317.8190875053406,891.8639373779297,254.43554878234863,833.6480712890625,203.20303916931152,809.7023010253906,145.46497106552124,900.5340576171875,267.4797749519348,811.5848541259766,272.47222423553467,749.8924255371094,275.0686025619507,696.2078857421875,277.15282917022705,924.3891906738281,318.0527186393738,807.3699188232422,362.38622188568115,740.7749176025391,378.2709074020386,689.5809936523438,389.9777412414551,948.6888122558594,375.5365991592407,841.6008758544922,429.84060287475586,783.9225006103516,458.66623878479004,739.0067291259766,480.4317855834961,967.0326995849609,428.94440174102783,886.7581939697266,483.6717653274536,840.1154327392578,514.1195583343506,798.9876556396484,539.2264080047607,73,1787822200.0369518
1027.9451751708984,399.4289016723633,977.7863311767578,326.4647912979126,903.6442565917969,252.23841190338135,846.0798645019531,197.94384956359863,824.5170593261719,138.00529718399048,908.4688568115234,261.04326725006104,815.6283569335938,266.05796813964844,755.6013488769531,267.08330154418945,704.0626525878906,267.59830713272095,931.3686370849609,311.0400938987732,813.6646270751953,354.42705631256104,745.1631927490234,370.6207323074341,692.8791046142578,382.91550636291504,954.1116333007812,369.55501556396484,846.3963317871094,423.4647560119629,787.8053283691406,449.7590732574463,742.5126647949219,468.2200527191162,971.2729644775391,425.08832931518555,886.6639709472656,479.22221660614014,839.9850463867188,508.3385181427002,799.9432373046875,530.8949518203735,74,1787822200.0785735
1038.0717468261719,388.82524967193604,979.7953033447266,312.8048586845398,910.2813720703125,245.30539512634277,853.7921905517578,190.929594039917,837.8656005859375,128.72869491577148,911.4032745361328,256.0510540008545,817.8860473632812,256.2647294998169,755.6394195556641,257.6085376739502,701.0547637939453,257.56519317626953,935.7395172119141,304.3852758407593,812.1469879150391,343.1174898147583,744.5030212402344,356.72330617904663,693.7591552734375,367.53949642181396,959.0629577636719,362.1303606033325,847.8129577636719,415.2087879180908,786.7529296875,438.6418104171753,739.3821716308594,454.6478605270386,975.5682373046875,417.1701908111572,886.3700103759766,467.4726390838623,838.0210113525391,490.95475673675537,797.4268341064453,510.2223300933838,75,1787822200.1257758
1038.591537475586,388.98918628692627,985.3630065917969,313.38752031326294,915.0580596923828,243.32236289978027,859.117431640625,187.94260025024414,842.2083282470703,126.09616041183472,915.5794525146484,249.83309268951416,819.7038269042969,248.71480464935303,758.6405181884766,248.2689356803894,705.4443359375,247.29778289794922,939.3318176269531,298.8594102859497,820.4570007324219,334.4847893714905,752.7169036865234,346.45023107528687,701.0513305664062,355.95943450927734,962.6601409912109,357.4755263328552,852.6409912109375,404.0319585800171,791.6871643066406,428.76235485076904,744.5172119140625,447.349591255188,980.201416015625,413.58354091644287,890.6658172607422,463.13501358032227,841.365966796875,488.7446165084839,799.7018432617188,510.07015228271484,76,1787822200.1563137
1038.5668182373047,383.1800365447998,984.0520477294922,306.26144886016846,915.7818603515625,237.03423500061035,861.5797424316406,180.51743030548096,845.9313201904297,117.61840581893921,916.4759063720703,246.61523580551147,823.5872650146484,243.69864463806152,761.56982421875,241.66005849838257,707.6739501953125,239.3064522743225,940.9063720703125,295.54428577423096,819.1420745849609,331.0197401046753,751.3772583007812,340.0610375404358,701.1559295654297,346.8908643722534,964.488525390625,354.00129318237305,848.2478332519531,402.9992866516113,786.7029571533203,426.039719581604,740.2104949951172,442.410249710083,981.6789245605469,409.0585470199585,888.8400268554688,460.04515171051025,839.7203063964844,484.1352939605713,799.5767974853516,503.2107353210449,77,1787822200.2063599
1038.6805725097656,379.31658267974854,986.3130187988281,303.3880090713501,917.7928924560547,233.42346668243408,862.4656677246094,177.29339361190796,846.4051818847656,114.65557336807251,915.7968902587891,243.5877513885498,822.1598815917969,239.30977821350098,760.3665161132812,237.6819133758545,707.1946716308594,235.86101531982422,939.8224639892578,292.572226524353,816.3853454589844,328.1302285194397,751.0356140136719,337.4866533279419,702.9523468017578,343.6177325248718,963.8420104980469,350.5904030799866,848.8264465332031,400.3309392929077,788.0574035644531,423.801212310791,741.6672515869141,439.7591543197632,981.8126678466797,405.0258779525757,889.7312164306641,455.5065965652466,840.7304382324219,479.68531608581543,800.0240325927734,498.7125635147095,78,1787822200.2554414
1044.0689849853516,375.08461475372314,993.1127166748047,299.4303345680237,921.2493133544922,230.56139945983887,863.2232666015625,176.2339961528778,846.4031982421875,114.421706199646,919.8777770996094,240.18709659576416,823.4494018554688,236.04243993759155,761.5148162841797,234.34013843536377,708.8954925537109,232.12993383407593,942.1937561035156,290.05200147628784,816.0704803466797,324.1526412963867,748.8372802734375,333.6387777328491,699.9660491943359,339.3934893608093,964.70703125,348.7208819389343,847.1494293212891,396.01288318634033,787.0380401611328,420.3679847717285,742.4631500244141,436.7251682281494,981.6478729248047,403.56297969818115,888.1130981445312,453.6375904083252,839.1960906982422,478.50733280181885,799.2816162109375,497.8620672225952,79,1787822200.3046567
1038.0205535888672,378.899188041687,987.8898620605469,302.7656292915344,917.2367858886719,229.68523979187012,863.5547637939453,172.91303515434265,846.1228942871094,112.40238904953003,919.1623687744141,238.8760542869568,822.9640960693359,233.9915156364441,761.8405151367188,232.55653381347656,708.8850402832031,230.80344200134277,940.9522247314453,290.10427236557007,817.1160125732422,323.7654161453247,750.1517486572266,335.09843587875366,700.9577941894531,342.28282928466797,961.9462585449219,349.05890464782715,845.6809997558594,393.08704376220703,786.5151214599609,415.30689239501953,742.3977661132812,430.49463272094727,977.0607757568359,403.3947944641113,883.8442230224609,450.4325008392334,835.4068756103516,476.18217945098877,795.9621429443359,496.79978370666504,80,1787822200.3477764
1033.30322265625,373.9074468612671,984.2145538330078,296.44222497940063,912.5923919677734,224.34230089187622,856.3481903076172,167.26454973220825,835.6490325927734,106.36870622634888,912.8269958496094,232.03511238098145,813.4202575683594,228.20337295532227,750.7875061035156,226.5106201171875,697.0652770996094,224.25003290176392,934.1670227050781,282.0655417442322,807.0346832275391,316.2993264198303,739.3806457519531,326.03703260421753,689.6675872802734,332.51673460006714,954.6816253662109,340.77422618865967,836.8101501464844,386.0636901855469,778.5980224609375,407.1017789840698,735.0563049316406,421.85465812683105,969.1185760498047,395.4827928543091,874.6550750732422,444.0280294418335,824.8845672607422,468.9113759994507,784.2872619628906,489.29277420043945,81,1787822200.4004455
1031.9287872314453,370.5938243865967,980.2625274658203,294.39988374710083,909.4074249267578,222.01706171035767,852.8896331787109,166.03959560394287,832.7126312255859,106.0269284248352,907.3525238037109,229.63030815124512,809.6651458740234,226.86076641082764,746.9906616210938,225.99891901016235,693.7457275390625,224.00183200836182,931.4714050292969,278.9141607284546,805.7579040527344,312.99872875213623,738.3567810058594,322.0629858970642,687.9588317871094,327.88904428482056,954.2727661132812,337.28782653808594,835.9561920166016,385.7480049133301,775.7737731933594,409.1295289993286,730.2822875976562,425.0022840499878,970.2928924560547,392.44099617004395,874.4032287597656,442.83180713653564,824.5145416259766,467.87625789642334,783.5915374755859,487.5633716583252,82,1787822200.4412963
1034.2487335205078,371.5322971343994,983.9686584472656,295.07007122039795,911.2329864501953,222.47902393341064,852.7208709716797,166.18581891059875,831.260986328125,105.37249088287354,906.678466796875,228.5622525215149,808.2328033447266,225.9186029434204,745.2284240722656,225.24084091186523,691.7388916015625,224.19235467910767,930.5439758300781,277.37568855285645,803.2354736328125,312.0686888694763,736.2027740478516,321.2284541130066,686.533203125,327.2571802139282,953.7301635742188,335.6457567214966,833.9415740966797,385.1119565963745,773.8681030273438,409.59391593933105,728.9698028564453,426.2135696411133,970.3378295898438,390.965051651001,873.1100463867188,442.1128463745117,823.2843780517578,467.7730894088745,782.7459716796875,487.5267219543457,83,1787822200.4827392
1032.4556732177734,369.54278469085693,981.3967132568359,293.35989475250244,908.5826873779297,220.80416679382324,849.8201751708984,164.52263474464417,827.0189666748047,104.63033437728882,905.4093170166016,228.02151918411255,807.2500610351562,225.3248906135559,745.0775146484375,223.94793033599854,691.5115356445312,221.82252645492554,928.9707183837891,277.1412205696106,800.0767517089844,313.59166860580444,731.2507629394531,323.4853506088257,679.9812316894531,329.76592540740967,952.0745849609375,335.2837657928467,832.5028228759766,383.85136127471924,773.6830902099609,407.4357032775879,729.7370910644531,423.768253326416,968.9179992675781,390.05091190338135,872.6624298095703,440.94035625457764,823.6284637451172,467.32762813568115,784.0789031982422,488.4936046600342,84,1787822200.5244188
1030.2591705322266,365.2188491821289,977.9707336425781,288.3230710029602,905.5770111083984,217.64237880706787,848.3702087402344,162.14120864868164,827.1871948242188,102.08436012268066,903.7845611572266,225.53303003311157,805.9151458740234,223.09112548828125,743.1050109863281,221.58769369125366,689.1223907470703,219.86105918884277,927.8959655761719,275.2592968940735,799.1785430908203,312.05527782440186,730.1599884033203,322.9258418083191,679.2971038818359,330.57507276535034,950.9793090820312,333.7036657333374,831.5458679199219,382.77349948883057,772.2855377197266,406.24857902526855,728.2966613769531,422.45216846466064,967.6353454589844,388.34073543548584,871.8276214599609,439.95471954345703,822.7333831787109,466.86899185180664,783.2431030273438,488.54493141174316,85,1787822200.5799427
1029.3871307373047,361.4824676513672,977.3041534423828,284.9727988243103,904.1288757324219,214.6590757369995,845.8982849121094,160.19128561019897,825.5563354492188,99.52894449234009,901.6568756103516,222.59011030197144,805.1596832275391,221.74615859985352,742.200927734375,220.91810703277588,688.4458923339844,219.775550365448,926.3658905029297,272.22524642944336,798.6595153808594,311.14922761917114,730.3169250488281,321.8184757232666,679.6406555175781,328.9717125892639,950.3717041015625,330.5815100669861,831.4143371582031,383.11115741729736,772.1550750732422,408.36233139038086,727.8946685791016,425.8000373840332,967.6322174072266,385.1801919937134,871.9203948974609,438.2225704193115,822.7923583984375,465.48583030700684,782.659912109375,487.1750736236572,86,1787822200.6248503
1018.2455444335938,341.22745513916016,959.5380401611328,269.2395830154419,886.8309783935547,204.40850973129272,829.9385070800781,152.06830143928528,807.4681091308594,92.78012037277222,891.8784332275391,215.91525077819824,795.6764984130859,218.64112615585327,732.7131652832031,221.6361665725708,679.0138244628906,224.37262058258057,919.5069122314453,265.0381922721863,799.1513824462891,306.2411069869995,733.1022644042969,319.42105293273926,683.0406188964844,329.66614723205566,944.2708587646484,322.6840567588806,832.9093170166016,380.52507877349854,774.4558715820312,408.1651782989502,728.729248046875,427.74534702301025,960.9418487548828,376.92246437072754,872.4858093261719,432.87025451660156,826.9190216064453,461.749963760376,788.5751342773438,485.9696674346924,87,1787822200.677162
1014.718017578125,337.6817035675049,958.2347106933594,266.2882089614868,884.7955322265625,202.89806127548218,825.8845520019531,153.0905556678772,802.4459838867188,95.42797565460205,885.240478515625,212.71473169326782,791.7104339599609,219.64152574539185,728.7786865234375,225.21358966827393,674.5785522460938,229.78160619735718,914.2184448242188,261.3194704055786,794.4168090820312,308.60218048095703,727.8123474121094,327.19160556793213,678.4761810302734,341.4753985404968,941.627197265625,317.6818871498108,830.4049682617188,379.17062759399414,771.6303253173828,409.1619300842285,727.0754241943359,431.2812280654907,961.2885284423828,369.75804805755615,874.1178131103516,431.33598804473877,828.0599975585938,462.41437911987305,790.0900268554688,487.60645866394043,88,1787822200.7226412
1010.1758575439453,328.89942169189453,947.8944396972656,259.5059108734131,872.8535461425781,201.8031406402588,815.2854156494141,154.43764686584473,788.5689544677734,99.3252682685852,876.4035797119141,210.65056800842285,784.4093322753906,225.7156777381897,722.1139526367188,235.3106689453125,668.5316467285156,242.2538137435913,908.7452697753906,257.66048669815063,786.98974609375,312.7903962135315,722.9749298095703,337.220299243927,676.59912109375,357.8779649734497,940.1682281494141,312.0035433769226,830.263671875,380.0686740875244,770.1998901367188,413.0558109283447,724.2158508300781,438.03155422210693,963.4603881835938,363.34362030029297,882.0409393310547,428.4519052505493,836.5428161621094,459.9584197998047,798.8821411132812,485.40661811828613,89,1787822200.7828183
1001.2779235839844,320.2837800979614,934.2922973632812,260.4417872428894,857.0698547363281,210.1505184173584,800.9574890136719,164.0885031223297,773.0054473876953,110.94897508621216,866.1096954345703,213.76705884933472,773.5252380371094,236.7158031463623,712.5318145751953,254.2171311378479,659.6852874755859,267.7616858482361,902.3876953125,259.2710566520691,785.5473327636719,325.2513599395752,720.0328826904297,357.1732521057129,672.4079132080078,385.87464809417725,935.7745361328125,313.11623096466064,832.3964691162109,387.0782518386841,773.0223846435547,422.52997398376465,728.8074493408203,451.7958354949951,960.7923126220703,364.3133783340454,887.0177459716797,435.6621551513672,844.65087890625,471.95591926574707,811.1772155761719,504.00527000427246,90,1787822200.824547
999.1391754150391,301.65605306625366,924.6714782714844,253.3743381500244,840.3452301025391,214.04534339904785,782.0005798339844,173.69924426078796,749.0673065185547,124.84914779663086,850.7583618164062,214.50629711151123,764.1233825683594,250.02400159835815,707.5020599365234,273.5635185241699,657.2044372558594,291.31508588790894,889.3227386474609,256.6778540611267,782.6895904541016,336.5117883682251,721.5787506103516,374.08374309539795,675.7419586181641,406.6649007797241,927.7943420410156,307.99201011657715,835.3160095214844,392.84650325775146,778.2383728027344,435.99183082580566,734.5542144775391,470.1446771621704,959.93408203125,356.5757417678833,896.8807983398438,436.4638137817383,857.6634979248047,477.44904041290283,826.3831329345703,512.6015567779541,91,1787822200.870888
984.5274353027344,292.5172519683838,907.1133422851562,252.9090929031372,821.7656707763672,222.47653484344482,760.838623046875,188.0278515815735,721.3933563232422,146.57474040985107,834.7130584716797,222.6099157333374,746.5888977050781,273.9025926589966,691.4471435546875,311.1088228225708,643.9258575439453,343.1791377067566,880.4351806640625,260.4353713989258,785.2424621582031,350.4776430130005,726.3798522949219,400.72661876678467,683.4952545166016,444.10746574401855,923.7894439697266,307.33506202697754,841.3540649414062,399.54357147216797,786.0130310058594,452.9182004928589,744.2163848876953,496.0752010345459,958.0972290039062,353.73202085494995,903.8710021972656,434.5086336135864,868.0296325683594,480.3064298629761,839.383544921875,518.7410259246826,92,1787822200.8977747
973.095703125,278.1992983818054,895.899658203125,246.3726568222046,807.8885650634766,227.92341470718384,741.3502502441406,204.9022936820984,697.4433135986328,167.24277019500732,824.9050140380859,227.66594409942627,737.039794921875,292.20388412475586,686.0818481445312,338.6958360671997,647.2964477539062,380.29852867126465,872.4733734130859,262.33158588409424,783.2801055908203,356.9257164001465,724.4924163818359,417.03522205352783,683.4145355224609,468.92489433288574,918.5610198974609,306.65257930755615,846.7365264892578,400.8301305770874,796.4616394042969,461.884503364563,758.0781555175781,511.3785982131958,955.4290008544922,352.18801259994507,909.0594482421875,434.57751274108887,877.6820373535156,485.1648759841919,852.7757263183594,527.9214334487915,93,1787822200.9474542
957.5234222412109,268.67207050323486,877.8567504882812,245.08126974105835,789.8925018310547,236.73095226287842,722.0653533935547,223.29647541046143,673.9279174804688,192.46025562286377,807.8369140625,231.25463247299194,731.7816162109375,308.80497694015503,688.1468963623047,364.66824531555176,656.2850952148438,411.302547454834,858.8242340087891,261.0358214378357,780.0404357910156,371.013708114624,733.4210968017578,439.660062789917,703.0291748046875,494.0331172943115,908.8339233398438,301.1766457557678,842.3410034179688,408.1110191345215,801.0626983642578,475.52029609680176,771.7661285400391,527.5090599060059,951.1274719238281,343.5755467414856,913.75,430.92430114746094,890.322265625,484.20464515686035,873.1912994384766,528.3093881607056,94,1787822200.990174
952.9665374755859,251.3952112197876,870.0765228271484,236.83839082717896,781.2226104736328,237.87134170532227,710.3498077392578,235.2993392944336,657.5337219238281,211.86163902282715,803.4244537353516,235.20273685455322,729.4384765625,323.1427574157715,687.6742553710938,379.043984413147,657.423095703125,424.79620456695557,855.6414031982422,257.8907060623169,783.6683654785156,376.69273853302,745.0453186035156,447.1977996826172,722.7100372314453,502.47795581817627,908.4519958496094,291.30699634552,851.4870452880859,408.1213188171387,817.9308319091797,477.7700471878052,795.4865264892578,531.2025260925293,952.7755737304688,329.4452404975891,923.1592559814453,423.9075565338135,906.5838623046875,479.42490577697754,896.7872619628906,525.3995990753174,95,1787822201.0437522
924.4445037841797,230.99947929382324,839.55810546875,245.80166816711426,753.8231658935547,266.6475820541382,683.3300018310547,275.55856704711914,623.5692596435547,259.8556709289551,770.5081176757812,240.44918060302734,733.1476593017578,328.34529876708984,710.2871704101562,389.0155792236328,692.8372955322266,440.0908899307251,829.5606994628906,241.95533752441406,797.4104309082031,362.05204010009766,775.7599639892578,434.99640941619873,764.8104858398438,491.38373851776123,889.0699005126953,261.18956565856934,867.5145721435547,382.9038333892822,848.4526062011719,458.7435293197632,837.8603363037109,516.9615840911865,940.3972625732422,290.81892013549805,936.3728332519531,388.92816066741943,931.4982604980469,445.15597343444824,930.9108734130859,490.4289150238037,96,1787822201.085828
912.3932647705078,218.3937406539917,830.9795379638672,239.16133403778076,747.2786712646484,265.18131494522095,676.1250305175781,278.9439010620117,616.0453033447266,262.3060941696167,770.3598022460938,235.7044816017151,729.6139526367188,319.8877143859863,710.5233764648438,382.14603424072266,695.1907348632812,435.0252914428711,827.3738098144531,238.45258712768555,796.7863464355469,352.5484800338745,777.4951171875,427.5414991378784,768.0883026123047,485.3788948059082,883.4519958496094,255.31537771224976,869.2823791503906,368.65525245666504,853.5994720458984,441.6354560852051,844.2353820800781,497.0826816558838,931.3721466064453,279.5733618736267,932.5911712646484,377.18759536743164,933.3122253417969,434.9333667755127,937.2112274169922,481.66367053985596,97,1787822201.1316755
904.7634887695312,213.41564655303955,826.1298370361328,235.6070852279663,739.6022033691406,262.90233850479126,667.7873229980469,277.9012942314148,608.216552734375,263.2353401184082,766.4624786376953,231.33954048156738,726.414794921875,318.1290864944458,710.7245635986328,381.4172029495239,698.2330322265625,432.91282653808594,824.8348999023438,233.97499322891235,794.8477935791016,351.2860608100891,779.0614318847656,424.36949729919434,771.11083984375,479.5388889312744,883.4534454345703,250.92129707336426,870.2123260498047,369.12208557128906,858.1721496582031,440.60720443725586,850.419921875,494.5360851287842,932.6249694824219,275.5395555496216,933.5745239257812,371.7344284057617,933.5724639892578,426.20657444000244,936.2828826904297,470.55134296417236,98,1787822201.1905837
901.2225341796875,205.62016010284424,822.9217529296875,231.14981174468994,739.1904449462891,262.3186254501343,666.5617370605469,282.087299823761,606.1012268066406,269.1791367530823,762.6361846923828,229.3419599533081,724.2621612548828,316.658034324646,710.3390502929688,379.6841526031494,698.6972045898438,430.21941661834717,820.3894805908203,231.48236274719238,793.7638854980469,350.4829001426697,778.9903259277344,422.29578495025635,770.6369018554688,475.3105688095093,878.1744384765625,247.73547649383545,869.9001312255859,367.47791290283203,860.4476165771484,438.8481903076172,854.2133331298828,491.91515922546387,926.6921997070312,271.9576907157898,929.6038055419922,368.1514263153076,930.1786041259766,421.35847091674805,933.167724609375,464.4815254211426,99,1787822201.216117
890.7447052001953,206.9846534729004,813.5269927978516,235.21917343139648,729.3952941894531,265.85630893707275,659.420166015625,283.4347987174988,600.6280517578125,272.0675325393677,756.6107177734375,228.7516164779663,722.5727081298828,316.0655665397644,709.2449188232422,379.0147590637207,697.1059417724609,430.32915115356445,817.9690551757812,229.42997932434082,795.8029937744141,345.9988260269165,781.1238098144531,420.84962368011475,772.8574371337891,478.0116605758667,879.3216705322266,243.5067915916443,874.9847412109375,360.69072246551514,865.8359527587891,433.9020252227783,858.6529541015625,489.9562454223633,931.4488983154297,266.13431453704834,942.2900390625,359.20692443847656,942.5469970703125,412.7145481109619,943.2078552246094,456.0015392303467,100,1787822201.2691114
897.0470428466797,199.2381763458252,816.7758178710938,231.55184268951416,733.5050201416016,266.40326499938965,662.3052978515625,287.6717448234558,599.9876022338867,277.69386291503906,750.8346557617188,232.37736225128174,718.45458984375,315.720055103302,705.8209991455078,378.06405544281006,694.0381622314453,429.6946048736572,810.3173065185547,232.18947887420654,790.1205444335938,343.63749504089355,776.2406921386719,417.6083993911743,768.3185577392578,473.81561279296875,871.7434692382812,244.94632244110107,868.6314392089844,358.2856607437134,861.1542510986328,430.43678283691406,854.9079895019531,485.13062953948975,925.6218719482422,266.4680027961731,935.6477355957031,361.1235237121582,936.1927032470703,416.7466163635254,936.99951171875,461.4097309112549,101,1787822201.293453
882.0585632324219,204.1879677772522,804.3741607666016,228.5567808151245,722.1800994873047,261.2207007408142,653.7114715576172,283.32972049713135,595.408935546875,276.41550064086914,750.9088897705078,230.9551477432251,719.0743255615234,315.0657033920288,707.1352386474609,377.92651176452637,697.0631408691406,429.81459617614746,812.4908447265625,232.00258255004883,792.6493072509766,344.18940782546997,777.9835510253906,418.3157730102539,770.5049896240234,474.6478271484375,873.4016418457031,245.17802238464355,874.1126251220703,358.6979055404663,865.4424285888672,432.2028350830078,859.06982421875,488.19512844085693,924.7689819335938,266.0346007347107,937.618408203125,356.0839533805847,938.2086181640625,408.41816425323486,939.0513610839844,450.986967086792,102,1787822201.351615
882.0521545410156,195.3864598274231,804.7559356689453,224.22160148620605,721.9846343994141,258.7234354019165,652.9218292236328,283.45649242401123,593.2659912109375,278.6718821525574,746.3490295410156,232.42229461669922,713.5203552246094,315.73065519332886,703.11767578125,379.37644958496094,695.6479644775391,432.34402656555176,804.7757720947266,230.5404567718506,787.301025390625,340.90089082717896,774.2371368408203,416.10859394073486,767.5633239746094,473.48705291748047,864.1806793212891,241.21393203735352,866.1422729492188,354.83794927597046,859.6927642822266,429.108681678772,855.2609252929688,485.39151191711426,915.1336669921875,260.76427459716797,928.8361358642578,354.02092695236206,930.8233642578125,409.6575593948364,932.6484680175781,455.24322509765625,103,1787822201.4005444
860.4440307617188,199.00415897369385,788.1066131591797,229.14673805236816,708.4453582763672,265.09769439697266,643.1431579589844,291.60264015197754,586.1427688598633,290.2761912345886,735.6607055664062,232.99823999404907,704.9369049072266,315.75453758239746,695.6064605712891,380.0542974472046,689.0554809570312,434.3535804748535,793.8915252685547,229.03193950653076,781.148681640625,341.8486762046814,770.0956726074219,416.9972848892212,763.8565063476562,474.15082454681396,853.1050109863281,237.18186378479004,863.1143188476562,350.97331523895264,859.7412872314453,425.7245063781738,857.3227691650391,482.04729080200195,904.0057373046875,255.16955137252808,920.6358337402344,342.49354362487793,922.6811218261719,394.33399200439453,924.9845123291016,436.586594581604,104,1787822201.4422212
856.1330413818359,200.7486891746521,782.7402496337891,228.76575708389282,707.2312927246094,262.9381513595581,643.4648895263672,290.6154155731201,585.4658508300781,293.6224937438965,737.8965759277344,235.7376766204834,704.921875,313.9720058441162,697.4799346923828,378.8739538192749,693.4129333496094,433.5971975326538,798.0313110351562,231.12743139266968,784.2703247070312,341.707398891449,776.1741638183594,417.80070304870605,772.3963165283203,476.73930644989014,858.6844635009766,237.94721603393555,873.8725280761719,350.788779258728,870.7078552246094,425.166220664978,867.5465393066406,481.71555519104004,911.6774749755859,253.55657815933228,933.2786560058594,335.7908535003662,936.5663146972656,380.3226041793823,938.9447021484375,416.7055034637451,105,1787822201.4818375
857.2093200683594,193.4480595588684,781.4278411865234,220.87313175201416,706.7015838623047,260.6822419166565,644.3796539306641,293.2099914550781,588.2301330566406,298.32043647766113,734.0386962890625,236.88825845718384,707.366943359375,321.95640563964844,699.8816680908203,385.21212100982666,694.0377044677734,439.34154510498047,794.2094421386719,232.35547542572021,783.3100891113281,344.812388420105,775.8473968505859,419.738245010376,773.2282257080078,477.504358291626,854.3182373046875,237.8464937210083,868.900146484375,348.5721802711487,868.3388519287109,425.0065755844116,867.1892547607422,484.3296146392822,905.7313537597656,250.95650911331177,927.679443359375,332.93713331222534,932.1798706054688,383.3720827102661,935.0141906738281,425.7390546798706,106,1787822201.5219243
851.7057037353516,194.88295555114746,776.7111968994141,223.68013858795166,702.7691650390625,264.7893691062927,641.2281036376953,296.114501953125,587.3487091064453,298.67594718933105,732.0014190673828,236.603364944458,707.2978973388672,321.250319480896,699.6112060546875,384.6567964553833,693.8569641113281,438.97719383239746,793.2980346679688,232.38491535186768,784.3112945556641,346.41905307769775,775.5280303955078,423.19151401519775,771.3486480712891,481.4391803741455,854.1647338867188,237.58597612380981,867.6091766357422,349.09321546554565,867.5065612792969,421.90632820129395,866.8944549560547,477.82000064849854,906.3592529296875,250.0213623046875,931.7266082763672,329.5804023742676,938.2299041748047,377.1669101715088,942.3379516601562,416.8660497665405,107,1787822201.5686975
850.9451293945312,190.48619270324707,776.8556213378906,220.63074588775635,702.2904205322266,265.0198245048523,641.2900543212891,299.71593618392944,587.5925445556641,305.31615257263184,730.4690551757812,239.1675353050232,708.5045623779297,324.3350100517273,703.1914520263672,387.932653427124,698.7100982666016,441.5494108200073,791.8360137939453,236.03872776031494,785.3034973144531,350.4203939437866,778.0924987792969,427.51072883605957,774.1734313964844,486.0700464248657,851.7879486083984,240.77419996261597,864.8799896240234,350.29720544815063,865.3281402587891,422.59151458740234,865.2417755126953,478.41957092285156,902.0230102539062,251.892192363739,926.0647583007812,334.64799642562866,934.8550415039062,386.28371715545654,941.5319061279297,430.1392078399658,108,1787822201.6147153
845.1354217529297,197.13073253631592,771.917724609375,227.0584774017334,699.8111724853516,266.9557571411133,640.0731658935547,300.6802225112915,589.5205688476562,305.3799247741699,725.9084320068359,238.56208562850952,705.9138488769531,325.97798109054565,701.0939025878906,390.4160785675049,698.3950805664062,443.3317708969116,788.072509765625,234.08560752868652,785.3439331054688,351.17018938064575,779.9048614501953,428.635196685791,778.0168151855469,486.48744106292725,848.6009979248047,238.20539474487305,866.7612457275391,348.87651443481445,869.7297668457031,422.67670154571533,872.9875946044922,479.02326107025146,899.9147033691406,249.4601583480835,926.8112182617188,327.19812870025635,938.3915710449219,375.950345993042,949.0846252441406,416.75339698791504,109,1787822201.6639214
850.13671875,191.84626579284668,774.7038269042969,222.56277322769165,701.7473602294922,266.6282057762146,642.0970916748047,304.98669147491455,588.2113647460938,315.8508825302124,728.5039520263672,245.82014322280884,709.0959930419922,332.52997398376465,708.0300903320312,396.9198989868164,707.5489044189453,451.00297451019287,789.5829010009766,237.5050163269043,789.2149353027344,355.1277565956116,787.5065612792969,432.4242353439331,788.5790252685547,490.94982147216797,850.7395172119141,238.63057851791382,870.7760620117188,347.39269495010376,872.3920440673828,420.6212282180786,873.6943054199219,478.0985641479492,903.1526184082031,248.04581880569458,933.2619476318359,326.6522240638733,942.7663421630859,375.4173803329468,950.4001617431641,417.0022201538086,110,1787822201.7054644
845.4079437255859,191.04636669158936,769.6556854248047,226.10740900039673,699.6803283691406,272.0811367034912,642.8093719482422,310.6570529937744,590.5229949951172,318.0516457557678,724.3140411376953,250.45008659362793,710.2416229248047,339.8393154144287,710.5457305908203,403.983850479126,710.7337951660156,458.15112590789795,785.9281921386719,240.0155210494995,790.7016754150391,355.1351594924927,789.9076843261719,433.6631155014038,790.8000183105469,493.90917778015137,847.9269409179688,238.27086210250854,873.6003112792969,345.0642800331116,879.2981719970703,418.65484714508057,882.8444671630859,476.2233352661133,901.5575408935547,244.29576873779297,934.2713165283203,320.51730394363403,945.2355194091797,369.06097412109375,953.0023956298828,410.224084854126,111,1787822201.7525797
844.9369049072266,190.44662475585938,771.9216918945312,230.88772773742676,701.5493774414062,282.0970630645752,643.8364410400391,321.4779210090637,590.4965972900391,327.82885551452637,726.6795349121094,251.7799687385559,716.9010925292969,341.63562297821045,718.9125061035156,407.5130796432495,720.9007263183594,462.7280902862549,788.8395690917969,239.86896514892578,798.8308715820312,358.478307723999,800.5182647705078,439.6351718902588,803.0435180664062,501.8239688873291,850.3684234619141,238.10754776000977,876.5623474121094,351.39191150665283,881.4971923828125,427.0668125152588,884.4185638427734,485.89284896850586,901.8284606933594,244.79841470718384,931.9598388671875,327.82670974731445,943.2679748535156,381.1773920059204,952.2417449951172,426.42934799194336,112,1787822201.793622
844.3131256103516,185.01791954040527,775.2163696289062,229.57082748413086,708.7609100341797,281.04952096939087,653.2124328613281,323.7765955924988,603.1774139404297,342.51914262771606,729.501953125,256.14538192749023,723.3515930175781,350.5557703971863,727.2319793701172,417.5905466079712,730.5502319335938,471.65812969207764,789.6795654296875,242.2427201271057,803.8640594482422,368.3590078353882,809.7403717041016,450.5641222000122,815.8802032470703,511.2989044189453,849.4875335693359,239.19854164123535,877.0631408691406,359.86947298049927,884.593505859375,435.8066511154175,889.5090484619141,492.40649700164795,899.0771484375,245.60775518417358,929.2082214355469,335.43991327285767,941.4491271972656,392.9746913909912,950.5120086669922,439.8137855529785,113,1787822201.8365269
841.9878387451172,212.37722396850586,763.1417846679688,261.5065383911133,715.8454132080078,326.06947660446167,697.3758697509766,391.60388946533203,688.4308624267578,444.05935764312744,758.5466003417969,292.2700810432434,786.8762969970703,402.99495220184326,809.7013092041016,470.56580543518066,829.1879272460938,523.3447265625,815.1573944091797,264.2643213272095,857.2927093505859,383.96427154541016,881.3541412353516,464.5109224319458,899.6403503417969,523.6259078979492,868.4169006347656,251.7284059524536,909.5512390136719,359.7364568710327,925.4298400878906,439.18713569641113,935.0199890136719,496.5451669692993,912.1450805664062,251.82655334472656,944.1671752929688,335.4361152648926,952.8072357177734,395.7528591156006,957.7012634277344,442.0778274536133,114,1787822201.8910332
827.5416564941406,213.95140171051025,761.3892364501953,269.3357563018799,720.8094787597656,342.29377269744873,712.2611236572266,414.23327922821045,712.0252227783203,471.0416078567505,758.8117980957031,308.39537143707275,800.11962890625,413.2628345489502,830.1712036132812,477.4096441268921,853.1382751464844,525.7432222366333,814.4953155517578,278.8137173652649,867.3108673095703,395.8993721008301,894.5442199707031,472.91486263275146,913.6953735351562,526.6617822647095,867.0409393310547,263.6299467086792,919.7987365722656,373.33431243896484,939.2971801757812,445.26193141937256,948.6805725097656,498.3879089355469,910.8740997314453,260.73444843292236,946.1662292480469,345.6582283973694,956.6011047363281,401.21718406677246,960.4078674316406,444.4605302810669,115,1787822201.936659
810.9080505371094,217.49616622924805,755.5077362060547,281.69893741607666,726.4830780029297,360.4006576538086,729.9269104003906,430.8853769302368,737.9423522949219,485.6272029876709,764.1255950927734,327.33208894729614,817.8105163574219,418.5065746307373,851.8818664550781,478.7846088409424,874.1056060791016,525.3850507736206,817.3442077636719,292.16495990753174,882.6715850830078,400.79399585723877,915.5172729492188,473.122615814209,932.8144836425781,520.6025218963623,866.8473815917969,268.48564624786377,933.7017059326172,371.0107898712158,954.4091033935547,438.8944959640503,958.8778686523438,486.1189270019531,907.7195739746094,256.19417667388916,954.7464752197266,332.1075367927551,963.3341217041016,377.95217514038086,959.6205902099609,411.99846267700195,116,1787822201.9674234
796.9364929199219,217.07130432128906,748.2764434814453,287.5420331954956,736.0189056396484,367.91414737701416,749.942626953125,437.60828018188477,763.2859039306641,496.15116119384766,778.7265777587891,341.29493951797485,834.1567993164062,431.6987943649292,868.0535125732422,486.90032958984375,893.5711669921875,530.0845813751221,830.7783508300781,305.0004458427429,899.3055725097656,403.14438343048096,928.2237243652344,467.87381172180176,941.7359924316406,512.4269342422485,876.1801910400391,276.19086027145386,944.90478515625,366.2745666503906,961.3519287109375,429.7542142868042,962.1734619140625,475.2360248565674,910.438232421875,254.6014165878296,958.8320922851562,320.8199644088745,960.6769561767578,355.34969329833984,948.7583160400391,377.3764228820801,117,1787822202.0192797
801.1373138427734,223.67348670959473,755.5136108398438,294.62624073028564,751.0604095458984,377.15600967407227,773.4680938720703,444.77033615112305,793.9747619628906,500.9490966796875,788.4418487548828,339.33815002441406,849.5232391357422,426.4212369918823,884.6565246582031,481.5881395339966,911.2016296386719,524.4961452484131,844.6750640869141,302.7620029449463,913.4001159667969,400.5273199081421,944.1949462890625,464.9754810333252,961.0573577880859,507.92863368988037,891.1811828613281,275.80410718917847,956.1310577392578,364.7815418243408,972.2328948974609,428.0369567871094,975.3170776367188,470.1116752624512,924.6638488769531,257.0691776275635,969.8881530761719,322.90133714675903,966.63818359375,360.68861961364746,953.3992767333984,385.06097316741943,118,1787822202.061057
804.2601776123047,228.3768367767334,755.8573150634766,298.91123056411743,752.6990509033203,384.9622678756714,784.4734954833984,451.48298263549805,813.3920288085938,506.326904296875,795.1221466064453,336.90094470977783,856.2625122070312,420.1103210449219,894.8638916015625,475.51793575286865,923.7390899658203,518.6051559448242,850.9206390380859,299.3616271018982,920.0283050537109,393.2349729537964,954.2940521240234,460.54043769836426,973.6419677734375,508.29272747039795,895.7811737060547,274.1752338409424,960.7134246826172,361.98968410491943,979.7598266601562,427.00522899627686,985.4857635498047,472.94198513031006,927.6567077636719,258.1593346595764,971.9828796386719,330.60996294021606,976.2256622314453,378.5454797744751,971.5317535400391,414.62934494018555,119,1787822202.1022623
797.8499603271484,237.38953113555908,754.5262908935547,312.14258909225464,756.5033721923828,395.73680877685547,793.7784576416016,457.673864364624,827.3428344726562,511.92795753479004,795.6986999511719,336.42005681991577,862.7069091796875,417.23087310791016,904.5183563232422,473.9569330215454,934.6331787109375,518.0361843109131,850.3448486328125,294.7623682022095,925.0557708740234,386.83784008026123,963.0501556396484,457.2168159484863,981.7636108398438,505.64313411712646,894.0702819824219,270.0134325027466,963.3242797851562,357.79415130615234,987.5772094726562,426.4206790924072,994.9443817138672,474.99080657958984,924.4374084472656,257.6017355918884,973.333740234375,332.55091667175293,981.8019866943359,385.76311111450195,978.8229370117188,426.5133762359619,120,1787822202.1460655
788.2237243652344,245.55454015731812,755.1603698730469,321.8210506439209,760.4587554931641,399.9250030517578,798.5920715332031,458.38398456573486,837.4863433837891,508.4747314453125,798.8359069824219,341.50769233703613,866.2565612792969,418.3051300048828,910.6935119628906,474.1522407531738,945.2201843261719,516.5235900878906,851.5353393554688,297.981641292572,928.4791564941406,386.3465452194214,969.5463562011719,457.9771900177002,990.8992004394531,505.5819368362427,894.1049194335938,273.08943271636963,964.8599243164062,356.0726237297058,990.8349609375,423.15967082977295,999.9954223632812,470.2457857131958,923.2461547851562,260.47738552093506,974.3947601318359,330.2436590194702,984.2399597167969,382.4498748779297,982.2734832763672,422.46045112609863,121,1787822202.192992
777.0535278320312,255.92891693115234,752.0249176025391,333.62212657928467,763.7161254882812,409.4296360015869,804.3653106689453,464.7758388519287,844.8014068603516,512.1454954147339,796.9496154785156,342.83570766448975,869.417724609375,418.43104362487793,915.3732299804688,475.74753284454346,951.1085510253906,519.3604230880737,846.9629669189453,295.70152759552,931.9774627685547,386.1747980117798,975.9468078613281,458.98033618927,998.9707946777344,508.1381893157959,888.2802581787109,269.3561840057373,968.9493560791016,357.33384132385254,994.7122192382812,425.59481620788574,1003.427734375,473.9814805984497,918.0287170410156,256.6993975639343,973.0134582519531,329.8181962966919,984.5833587646484,386.93877696990967,985.2115631103516,432.2766923904419,122,1787822202.2457628
775.6909942626953,265.62514543533325,753.9304351806641,337.19570875167847,765.4821014404297,410.94467639923096,804.2950439453125,468.2091522216797,842.8456878662109,511.86933517456055,797.2068786621094,346.1855936050415,873.3871459960938,431.2797260284424,917.3114013671875,485.7198143005371,950.0418090820312,524.7046279907227,845.5775451660156,296.95087909698486,935.5379486083984,392.7831172943115,977.8946685791016,460.21501064300537,1000.6100463867188,505.32517433166504,886.0993957519531,266.60335779190063,971.3301849365234,361.88342571258545,995.6709289550781,427.42764472961426,1005.9947967529297,472.2829341888428,915.85205078125,251.58693552017212,966.7442321777344,330.859751701355,973.7068176269531,384.1702651977539,973.9656066894531,424.1296434402466,123,1787822202.2897482
772.0565795898438,269.6448755264282,747.4929809570312,335.47173500061035,760.126953125,405.34928798675537,801.5824890136719,464.0712547302246,839.2857360839844,510.66959381103516,788.4246063232422,339.0259623527527,865.8911895751953,425.78269958496094,912.5022888183594,481.36648178100586,947.8472137451172,521.661114692688,839.8805999755859,292.09155321121216,932.9208374023438,391.37665271759033,977.7217102050781,461.16867542266846,1001.7735290527344,509.2022752761841,882.9254150390625,266.74182415008545,969.3142700195312,361.03657722473145,998.6555480957031,429.6870946884155,1012.5614166259766,478.80598068237305,915.4090118408203,256.8440008163452,970.0689697265625,335.16817331314087,980.4190826416016,389.2397689819336,982.1250915527344,430.75019359588623,124,1787822202.3325999
772.9061126708984,275.4628658294678,750.3020477294922,341.94613695144653,762.6471710205078,410.0511360168457,803.1841278076172,465.935754776001,839.8970031738281,513.3193588256836,789.2117309570312,336.05119943618774,867.6565551757812,425.1972484588623,914.4625091552734,482.5324058532715,949.4329071044922,523.8643026351929,841.1454010009766,290.43630838394165,934.1176605224609,391.7013931274414,979.1349792480469,461.47225856781006,1001.8386077880859,509.0614700317383,884.8661804199219,266.58209323883057,966.4027404785156,362.6294231414795,998.2139587402344,428.8164710998535,1015.1445007324219,476.17621421813965,918.2598876953125,257.21757888793945,970.1306915283203,335.7932782173157,981.8618774414062,387.50096797943115,984.8388671875,427.59029388427734,125,1787822202.3798366
773.5365295410156,275.54837465286255,751.9552612304688,342.5027275085449,763.8009643554688,412.2361707687378,804.8381042480469,467.5455951690674,840.0433349609375,514.8113536834717,785.6578826904297,338.3660101890564,865.3651428222656,423.669376373291,911.4498901367188,480.8766460418701,945.2073669433594,522.1006965637207,837.3747253417969,290.3725576400757,929.2660522460938,389.8965883255005,976.329345703125,460.94555854797363,1000.9103393554688,511.7123508453369,880.9026336669922,264.88511323928833,963.1373596191406,361.88990592956543,999.4784545898438,429.364972114563,1019.9640655517578,479.4609546661377,915.4667663574219,255.0355052947998,967.3824310302734,339.2369556427002,982.8382873535156,394.4611072540283,990.3232574462891,437.76363372802734,126,1787822202.4247699
776.7723083496094,274.6287202835083,752.7940368652344,342.4526882171631,762.5196838378906,412.74158477783203,803.0055236816406,468.31798553466797,839.73876953125,515.9289121627808,785.9538269042969,336.8789505958557,866.2484741210938,425.4534101486206,913.3642578125,483.60026836395264,947.5118255615234,525.203218460083,838.3384704589844,290.0199866294861,931.5736389160156,393.0529260635376,978.1386566162109,465.0655174255371,1001.5711212158203,515.4883432388306,882.1480560302734,265.82716941833496,966.71630859375,364.4035863876343,1001.4669799804688,433.6657762527466,1020.3371429443359,484.19790744781494,916.9458770751953,257.0671606063843,969.6932220458984,339.7270917892456,984.1310119628906,395.4252862930298,989.9009704589844,438.48233699798584,127,1787822202.465815
774.5234680175781,274.6048378944397,752.8456115722656,342.37968921661377,763.9521026611328,413.06447982788086,803.6917114257812,468.9028787612915,839.2142486572266,516.2852382659912,786.4818572998047,338.35352182388306,866.1396789550781,426.5777063369751,912.5843811035156,485.39880752563477,946.9552612304688,527.3864507675171,837.2270965576172,291.19696140289307,929.4828796386719,394.0545701980591,976.2545776367188,466.2352180480957,1000.8592987060547,516.5981769561768,880.9391784667969,266.6835880279541,965.3110504150391,365.47754287719727,1000.7974243164062,435.2845001220703,1020.7906341552734,485.97558975219727,916.6970825195312,257.8164839744568,969.1482543945312,342.9635524749756,982.9693603515625,399.2499017715454,988.5303497314453,442.51702308654785,128,1787822202.520007
774.5909881591797,275.9931492805481,753.65966796875,344.92892503738403,763.7491607666016,413.20764541625977,803.0898284912109,467.8149747848511,838.9061737060547,516.721601486206,788.0897521972656,339.4461250305176,866.7758178710938,426.78966522216797,913.8468170166016,485.4562282562256,948.3589935302734,527.409839630127,839.2329406738281,292.467041015625,932.0765686035156,392.3685121536255,978.1391906738281,465.8256769180298,1001.3066101074219,516.6974830627441,883.2695007324219,268.55660676956177,967.5149536132812,364.55177307128906,1001.7826843261719,434.7699451446533,1020.6635284423828,485.7066822052002,918.8163757324219,259.54957723617554,969.4814300537109,341.32418632507324,982.0130157470703,395.6476306915283,986.8100738525391,437.80375957489014,129,1787822202.5646834
777.2525787353516,280.10624170303345,755.8207702636719,347.7597498893738,765.3750610351562,417.3469591140747,803.8482666015625,475.03655433654785,840.2274322509766,524.4650316238403,788.5032653808594,344.33132886886597,866.9199371337891,431.75750255584717,913.2927703857422,491.8097162246704,946.8930816650391,534.3701076507568,838.9426422119141,297.11397886276245,931.6542053222656,397.58362770080566,977.6536560058594,470.7977628707886,999.6205139160156,520.8004474639893,881.9948577880859,272.2038745880127,968.0295562744141,368.84819984436035,1003.1011199951172,438.67103576660156,1021.7003631591797,488.8237953186035,917.1795654296875,262.3934268951416,970.5272674560547,345.4927682876587,984.2584228515625,400.7793188095093,989.2776489257812,443.2686424255371,130,1787822202.6191041
